2025-12-16 21:27:17,313 [INFO] Activator:176 - 


2025-12-16 21:27:17,314 [INFO] Activator:177 - !SESSION log4j initialized
2025-12-16 21:27:20,551 [INFO] LogOutputStream:77 - [STDOUT_REDIRECT] 
2025-12-16 21:27:26,698 [INFO] ApplicationProperties:184 - Using Application install path: C:\ST\STM32CubeIDE_1.19.0\STM32CubeIDE\plugins\com.st.stm32cube.common.mx_6.15.0.202507011659
2025-12-16 21:27:26,712 [INFO] DbMcusXml:78 - Set database path to: C:\ST\STM32CubeIDE_1.19.0\STM32CubeIDE\plugins\com.st.stm32cube.common.mx_6.15.0.202507011659\\db\/mcu/
2025-12-16 21:27:26,712 [INFO] ApiDb:274 - Set plugin database path to: C:\ST\STM32CubeIDE_1.19.0\STM32CubeIDE\plugins\com.st.stm32cube.common.mx_6.15.0.202507011659\\db\/plugins/boardmanager/
2025-12-16 21:27:26,713 [WARN] ApiDb:259 - Overriding images path with different value:  => C:\ST\STM32CubeIDE_1.19.0\STM32CubeIDE\plugins\com.st.stm32cube.common.mx_6.15.0.202507011659\\db\/plugins/mcufinder/images/
2025-12-16 21:27:26,720 [INFO] ApiDb:250 - Set database path to: C:\Users\megha\.stmcufinder\plugins\mcufinder//mcu/
2025-12-16 21:27:26,721 [INFO] DbMcusAds:125 - Set database path to: C:\Users\megha\.stmcufinder\plugins\mcufinder//mcu/
2025-12-16 21:27:26,723 [INFO] CrossReferenceDbSqlite:203 - Set database path to: C:\Users\megha\.stmcufinder\plugins\mcufinder//mcu/cs/
2025-12-16 21:27:26,820 [INFO] RulesReader:64 - Compatibility file has been processed (317 Rules)
2025-12-16 21:27:26,881 [INFO] DbMcusXml:78 - Set database path to: C:\ST\STM32CubeIDE_1.19.0\STM32CubeIDE\plugins\com.st.stm32cube.common.mx_6.15.0.202507011659\\db\/mcu/
2025-12-16 21:27:26,882 [INFO] ApiDb:274 - Set plugin database path to: C:\ST\STM32CubeIDE_1.19.0\STM32CubeIDE\plugins\com.st.stm32cube.common.mx_6.15.0.202507011659\\db\/plugins/boardmanager/
2025-12-16 21:27:26,882 [INFO] ApiDb:261 - Set plugin images path to: C:\ST\STM32CubeIDE_1.19.0\STM32CubeIDE\plugins\com.st.stm32cube.common.mx_6.15.0.202507011659\\db\/plugins/mcufinder/images/
2025-12-16 21:27:26,882 [WARN] DbFile:41 - Overriding database path with different value: C:\Users\megha\.stmcufinder\plugins\mcufinder/ => C:\Users\megha\.stmcufinder\plugins\mcufinder
2025-12-16 21:27:26,882 [INFO] ApiDb:250 - Set database path to: C:\Users\megha\.stmcufinder\plugins\mcufinder//mcu/
2025-12-16 21:27:26,882 [WARN] DbFile:41 - Overriding database path with different value: C:\Users\megha\.stmcufinder\plugins\mcufinder/ => C:\Users\megha\.stmcufinder\plugins\mcufinder
2025-12-16 21:27:26,882 [INFO] DbMcusAds:125 - Set database path to: C:\Users\megha\.stmcufinder\plugins\mcufinder//mcu/
2025-12-16 21:27:26,882 [WARN] DbFile:41 - Overriding database path with different value: C:\Users\megha\.stmcufinder\plugins\mcufinder/ => C:\Users\megha\.stmcufinder\plugins\mcufinder
2025-12-16 21:27:26,882 [WARN] DbFile:41 - Overriding database path with different value: C:\Users\megha\.stmcufinder\plugins\mcufinder/ => C:\Users\megha\.stmcufinder\plugins\mcufinder
2025-12-16 21:27:26,882 [INFO] CrossReferenceDbSqlite:203 - Set database path to: C:\Users\megha\.stmcufinder\plugins\mcufinder//mcu/cs/
2025-12-16 21:27:26,938 [INFO] MainPanel:274 - HeapMemory: 268435456
2025-12-16 21:27:27,005 [INFO] DbMcusXml:78 - Set database path to: C:\ST\STM32CubeIDE_1.19.0\STM32CubeIDE\plugins\com.st.stm32cube.common.mx_6.15.0.202507011659\\db\/mcu/
2025-12-16 21:27:27,005 [INFO] ApiDb:274 - Set plugin database path to: C:\ST\STM32CubeIDE_1.19.0\STM32CubeIDE\plugins\com.st.stm32cube.common.mx_6.15.0.202507011659\\db\/plugins/boardmanager/
2025-12-16 21:27:27,005 [INFO] ApiDb:261 - Set plugin images path to: C:\ST\STM32CubeIDE_1.19.0\STM32CubeIDE\plugins\com.st.stm32cube.common.mx_6.15.0.202507011659\\db\/plugins/mcufinder/images/
2025-12-16 21:27:27,005 [WARN] DbFile:41 - Overriding database path with different value: C:\Users\megha\.stmcufinder\plugins\mcufinder/ => C:\Users\megha\.stmcufinder\plugins\mcufinder
2025-12-16 21:27:27,006 [INFO] ApiDb:250 - Set database path to: C:\Users\megha\.stmcufinder\plugins\mcufinder//mcu/
2025-12-16 21:27:27,006 [WARN] DbFile:41 - Overriding database path with different value: C:\Users\megha\.stmcufinder\plugins\mcufinder/ => C:\Users\megha\.stmcufinder\plugins\mcufinder
2025-12-16 21:27:27,006 [INFO] DbMcusAds:125 - Set database path to: C:\Users\megha\.stmcufinder\plugins\mcufinder//mcu/
2025-12-16 21:27:27,006 [WARN] DbFile:41 - Overriding database path with different value: C:\Users\megha\.stmcufinder\plugins\mcufinder/ => C:\Users\megha\.stmcufinder\plugins\mcufinder
2025-12-16 21:27:27,006 [WARN] DbFile:41 - Overriding database path with different value: C:\Users\megha\.stmcufinder\plugins\mcufinder/ => C:\Users\megha\.stmcufinder\plugins\mcufinder
2025-12-16 21:27:27,006 [INFO] CrossReferenceDbSqlite:203 - Set database path to: C:\Users\megha\.stmcufinder\plugins\mcufinder//mcu/cs/
2025-12-16 21:27:27,020 [INFO] ApplicationProperties:184 - Using Application install path: C:\ST\STM32CubeIDE_1.19.0\STM32CubeIDE\plugins\com.st.stm32cube.common.mx_6.15.0.202507011659
2025-12-16 21:27:27,021 [INFO] PluginManage:196 - Search for loadable plugins [exclusion list=, ]
2025-12-16 21:27:27,022 [INFO] PluginManage:310 - Check plugin analytics
2025-12-16 21:27:27,180 [INFO] AnalyticsPlugin:253 - Accepted Software Licenses: 
2025-12-16 21:27:27,180 [INFO] AnalyticsPlugin:255 - Accepted CMSIS Pack Licenses: 
2025-12-16 21:27:27,180 [INFO] AnalyticsPlugin:257 - Accepted Firmware Licenses: FW.F4.1.28.0
2025-12-16 21:27:27,183 [INFO] PluginManage:359 - Loaded plugin analytics (category:tool,tabindex:-1)
2025-12-16 21:27:27,183 [INFO] PluginManage:310 - Check plugin cadmodel
2025-12-16 21:27:27,187 [INFO] CADModel:105 - Init CAD model plugin
2025-12-16 21:27:27,187 [INFO] PluginManage:359 - Loaded plugin cadmodel (category:power,tabindex:5)
2025-12-16 21:27:27,187 [INFO] PluginManage:310 - Check plugin clock
2025-12-16 21:27:27,195 [INFO] PluginManage:359 - Loaded plugin clock (category:base,tabindex:2)
2025-12-16 21:27:27,195 [INFO] PluginManage:310 - Check plugin ddr
2025-12-16 21:27:27,197 [INFO] PluginManage:359 - Loaded plugin ddr (category:tool,tabindex:6)
2025-12-16 21:27:27,198 [INFO] PluginManage:310 - Check plugin filemanager
2025-12-16 21:27:27,392 [INFO] PluginManage:359 - Loaded plugin filemanager (category:base,tabindex:10)
2025-12-16 21:27:27,393 [INFO] PluginManage:310 - Check plugin ipmanager
2025-12-16 21:27:27,402 [INFO] PluginManage:359 - Loaded plugin ipmanager (category:base,tabindex:5)
2025-12-16 21:27:27,403 [INFO] PluginManage:310 - Check plugin lpbam
2025-12-16 21:27:27,411 [INFO] PluginManage:359 - Loaded plugin lpbam (category:base,tabindex:0)
2025-12-16 21:27:27,411 [INFO] PluginManage:310 - Check plugin memorymap
2025-12-16 21:27:27,423 [INFO] PluginManage:359 - Loaded plugin memorymap (category:base,tabindex:4)
2025-12-16 21:27:27,423 [INFO] PluginManage:310 - Check plugin pinoutandconfiguration
2025-12-16 21:27:27,432 [INFO] PluginManage:359 - Loaded plugin pinoutandconfiguration (category:base,tabindex:1)
2025-12-16 21:27:27,433 [INFO] PluginManage:310 - Check plugin pinoutconfig
2025-12-16 21:27:27,513 [WARN] SupportedApi:132 - Cannot load RTOS API schema: s4s-elt-must-match.1: The content of 'definitions' must match (annotation?, (simpleType | complexType)?, (unique | key | keyref)*)). A problem was found starting at: attribute.
2025-12-16 21:27:27,628 [INFO] PluginManage:359 - Loaded plugin pinoutconfig (category:base,tabindex:0)
2025-12-16 21:27:27,628 [INFO] PluginManage:310 - Check plugin power
2025-12-16 21:27:27,634 [INFO] PluginManage:359 - Loaded plugin power (category:power,tabindex:4)
2025-12-16 21:27:27,634 [INFO] PluginManage:310 - Check plugin projectmanager
2025-12-16 21:27:27,647 [INFO] PluginManage:359 - Loaded plugin projectmanager (category:projectmanager,tabindex:4)
2025-12-16 21:27:27,647 [INFO] PluginManage:310 - Check plugin rif
2025-12-16 21:27:27,654 [INFO] PluginManage:359 - Loaded plugin rif (category:base,tabindex:3)
2025-12-16 21:27:27,654 [INFO] PluginManage:310 - Check plugin thirdparty
2025-12-16 21:27:27,754 [INFO] PluginManage:359 - Loaded plugin thirdparty (category:base,tabindex:-1)
2025-12-16 21:27:27,754 [INFO] PluginManage:310 - Check plugin tools
2025-12-16 21:27:27,754 [WARN] IntegrityCheckThread:84 - waiting for thirdparty lock release [integrity check]
2025-12-16 21:27:27,754 [INFO] IntegrityCheckThread:86 - entering critical section [integrity check]
2025-12-16 21:27:27,754 [INFO] ThirdPartyUpdaterWithRetryManager:70 - Updater plugin not ready yet. [1/15]
2025-12-16 21:27:27,757 [INFO] PluginManage:359 - Loaded plugin tools (category:base,tabindex:7)
2025-12-16 21:27:27,757 [INFO] PluginManage:310 - Check plugin tutovideos
2025-12-16 21:27:27,945 [INFO] PluginManage:359 - Loaded plugin tutovideos (category:base,tabindex:-1)
2025-12-16 21:27:27,945 [INFO] PluginManage:310 - Check plugin updater
2025-12-16 21:27:27,966 [INFO] PluginManage:359 - Loaded plugin updater (category:base,tabindex:12)
2025-12-16 21:27:27,966 [INFO] PluginManage:310 - Check plugin userauth
2025-12-16 21:27:27,970 [INFO] UserAuth:118 - Init User Auth plugin
2025-12-16 21:27:27,971 [INFO] PluginManage:359 - Loaded plugin userauth (category:base,tabindex:14)
2025-12-16 21:27:27,971 [INFO] PluginManage:283 - PluginManage : Loaded plugins [18]
2025-12-16 21:27:28,139 [INFO] PinOutPanel:1589 - setPackage(No Configuration,No Configuration)
2025-12-16 21:27:28,202 [INFO] CADModel:165 - CPN selected for project level
2025-12-16 21:27:28,202 [INFO] CADModel:114 - Register for checkConnection events
2025-12-16 21:27:28,212 [INFO] IPUIPlugin:80 - create IPUIPlugin
2025-12-16 21:27:28,212 [INFO] PluginManager:220 - loadIPPluginJar : add adc
2025-12-16 21:27:28,214 [INFO] IPUIPlugin:80 - create IPUIPlugin
2025-12-16 21:27:28,214 [INFO] PluginManager:220 - loadIPPluginJar : add aes
2025-12-16 21:27:28,216 [INFO] IPUIPlugin:80 - create IPUIPlugin
2025-12-16 21:27:28,216 [INFO] PluginManager:220 - loadIPPluginJar : add can
2025-12-16 21:27:28,217 [INFO] IPUIPlugin:80 - create IPUIPlugin
2025-12-16 21:27:28,217 [INFO] PluginManager:220 - loadIPPluginJar : add comp
2025-12-16 21:27:28,218 [INFO] IPUIPlugin:80 - create IPUIPlugin
2025-12-16 21:27:28,218 [INFO] PluginManager:220 - loadIPPluginJar : add cryp
2025-12-16 21:27:28,220 [INFO] IPUIPlugin:80 - create IPUIPlugin
2025-12-16 21:27:28,220 [INFO] PluginManager:220 - loadIPPluginJar : add ddr_ctrl_phy
2025-12-16 21:27:28,222 [INFO] IPUIPlugin:80 - create IPUIPlugin
2025-12-16 21:27:28,222 [INFO] PluginManager:220 - loadIPPluginJar : add dfsdm
2025-12-16 21:27:28,225 [INFO] IPUIPlugin:80 - create IPUIPlugin
2025-12-16 21:27:28,226 [INFO] PluginManager:220 - loadIPPluginJar : add dma
2025-12-16 21:27:28,227 [INFO] IPUIPlugin:80 - create IPUIPlugin
2025-12-16 21:27:28,227 [INFO] PluginManager:220 - loadIPPluginJar : add dma3
2025-12-16 21:27:28,229 [INFO] IPUIPlugin:80 - create IPUIPlugin
2025-12-16 21:27:28,229 [INFO] PluginManager:220 - loadIPPluginJar : add extmemmanager
2025-12-16 21:27:28,230 [INFO] IPUIPlugin:80 - create IPUIPlugin
2025-12-16 21:27:28,230 [INFO] PluginManager:220 - loadIPPluginJar : add fatfs
2025-12-16 21:27:28,232 [INFO] IPUIPlugin:80 - create IPUIPlugin
2025-12-16 21:27:28,233 [INFO] PluginManager:220 - loadIPPluginJar : add fmc
2025-12-16 21:27:28,235 [INFO] IPUIPlugin:80 - create IPUIPlugin
2025-12-16 21:27:28,236 [INFO] PluginManager:220 - loadIPPluginJar : add freertos
2025-12-16 21:27:28,236 [INFO] IPUIPlugin:80 - create IPUIPlugin
2025-12-16 21:27:28,236 [INFO] PluginManager:220 - loadIPPluginJar : add genericplugin
2025-12-16 21:27:28,239 [INFO] IPUIPlugin:80 - create IPUIPlugin
2025-12-16 21:27:28,239 [INFO] PluginManager:220 - loadIPPluginJar : add gfxmmu
2025-12-16 21:27:28,242 [INFO] IPUIPlugin:80 - create IPUIPlugin
2025-12-16 21:27:28,242 [INFO] PluginManager:220 - loadIPPluginJar : add gic
2025-12-16 21:27:28,244 [INFO] IPUIPlugin:80 - create IPUIPlugin
2025-12-16 21:27:28,244 [INFO] PluginManager:220 - loadIPPluginJar : add gpio
2025-12-16 21:27:28,245 [INFO] IPUIPlugin:80 - create IPUIPlugin
2025-12-16 21:27:28,245 [INFO] PluginManager:220 - loadIPPluginJar : add gtzc
2025-12-16 21:27:28,247 [INFO] IPUIPlugin:80 - create IPUIPlugin
2025-12-16 21:27:28,247 [INFO] PluginManager:220 - loadIPPluginJar : add hash
2025-12-16 21:27:28,250 [INFO] IPUIPlugin:80 - create IPUIPlugin
2025-12-16 21:27:28,250 [INFO] PluginManager:220 - loadIPPluginJar : add i2c
2025-12-16 21:27:28,252 [INFO] IPUIPlugin:80 - create IPUIPlugin
2025-12-16 21:27:28,252 [INFO] PluginManager:220 - loadIPPluginJar : add i2s
2025-12-16 21:27:28,254 [INFO] IPUIPlugin:80 - create IPUIPlugin
2025-12-16 21:27:28,254 [INFO] PluginManager:220 - loadIPPluginJar : add i3c
2025-12-16 21:27:28,256 [INFO] IPUIPlugin:80 - create IPUIPlugin
2025-12-16 21:27:28,256 [INFO] PluginManager:220 - loadIPPluginJar : add ipddr
2025-12-16 21:27:28,260 [INFO] IPUIPlugin:80 - create IPUIPlugin
2025-12-16 21:27:28,260 [INFO] PluginManager:220 - loadIPPluginJar : add linkedlist
2025-12-16 21:27:28,263 [INFO] IPUIPlugin:80 - create IPUIPlugin
2025-12-16 21:27:28,263 [INFO] PluginManager:220 - loadIPPluginJar : add lorawan
2025-12-16 21:27:28,264 [INFO] IPUIPlugin:80 - create IPUIPlugin
2025-12-16 21:27:28,264 [INFO] PluginManager:220 - loadIPPluginJar : add ltdc
2025-12-16 21:27:28,268 [INFO] IPUIPlugin:80 - create IPUIPlugin
2025-12-16 21:27:28,268 [INFO] PluginManager:220 - loadIPPluginJar : add mdma
2025-12-16 21:27:28,270 [INFO] IPUIPlugin:80 - create IPUIPlugin
2025-12-16 21:27:28,270 [INFO] PluginManager:220 - loadIPPluginJar : add nvic
2025-12-16 21:27:28,272 [INFO] IPUIPlugin:80 - create IPUIPlugin
2025-12-16 21:27:28,272 [INFO] PluginManager:220 - loadIPPluginJar : add opamp
2025-12-16 21:27:28,274 [INFO] IPUIPlugin:80 - create IPUIPlugin
2025-12-16 21:27:28,274 [INFO] PluginManager:220 - loadIPPluginJar : add openamp
2025-12-16 21:27:28,276 [INFO] IPUIPlugin:80 - create IPUIPlugin
2025-12-16 21:27:28,276 [INFO] PluginManager:220 - loadIPPluginJar : add pdm2pcm
2025-12-16 21:27:28,280 [INFO] IPUIPlugin:80 - create IPUIPlugin
2025-12-16 21:27:28,282 [INFO] PluginManager:220 - loadIPPluginJar : add plateformsettings
2025-12-16 21:27:28,283 [INFO] IPUIPlugin:80 - create IPUIPlugin
2025-12-16 21:27:28,283 [INFO] PluginManager:220 - loadIPPluginJar : add quadspi
2025-12-16 21:27:28,284 [INFO] IPUIPlugin:80 - create IPUIPlugin
2025-12-16 21:27:28,284 [INFO] PluginManager:220 - loadIPPluginJar : add radio
2025-12-16 21:27:28,286 [INFO] IPUIPlugin:80 - create IPUIPlugin
2025-12-16 21:27:28,286 [INFO] PluginManager:220 - loadIPPluginJar : add resmgrutility
2025-12-16 21:27:28,288 [INFO] IPUIPlugin:80 - create IPUIPlugin
2025-12-16 21:27:28,288 [INFO] PluginManager:220 - loadIPPluginJar : add sai
2025-12-16 21:27:28,290 [INFO] IPUIPlugin:80 - create IPUIPlugin
2025-12-16 21:27:28,290 [INFO] PluginManager:220 - loadIPPluginJar : add spi
2025-12-16 21:27:28,293 [INFO] IPUIPlugin:80 - create IPUIPlugin
2025-12-16 21:27:28,294 [INFO] PluginManager:220 - loadIPPluginJar : add stm32_wpan
2025-12-16 21:27:28,295 [INFO] IPUIPlugin:80 - create IPUIPlugin
2025-12-16 21:27:28,295 [INFO] PluginManager:220 - loadIPPluginJar : add tim
2025-12-16 21:27:28,297 [INFO] IPUIPlugin:80 - create IPUIPlugin
2025-12-16 21:27:28,297 [INFO] PluginManager:220 - loadIPPluginJar : add touchsensing
2025-12-16 21:27:28,298 [INFO] IPUIPlugin:80 - create IPUIPlugin
2025-12-16 21:27:28,300 [INFO] PluginManager:220 - loadIPPluginJar : add tracer_emb
2025-12-16 21:27:28,301 [INFO] IPUIPlugin:80 - create IPUIPlugin
2025-12-16 21:27:28,301 [INFO] PluginManager:220 - loadIPPluginJar : add ts
2025-12-16 21:27:28,302 [INFO] IPUIPlugin:80 - create IPUIPlugin
2025-12-16 21:27:28,302 [INFO] PluginManager:220 - loadIPPluginJar : add tsc
2025-12-16 21:27:28,303 [INFO] IPUIPlugin:80 - create IPUIPlugin
2025-12-16 21:27:28,303 [INFO] PluginManager:220 - loadIPPluginJar : add ucpd
2025-12-16 21:27:28,305 [INFO] IPUIPlugin:80 - create IPUIPlugin
2025-12-16 21:27:28,305 [INFO] PluginManager:220 - loadIPPluginJar : add usart
2025-12-16 21:27:28,307 [INFO] IPUIPlugin:80 - create IPUIPlugin
2025-12-16 21:27:28,307 [INFO] PluginManager:220 - loadIPPluginJar : add usbx
2025-12-16 21:27:28,427 [FATAL] Updater:351 - Updater called before beeing initialized
2025-12-16 21:27:28,448 [INFO] RulesReader:64 - Compatibility file has been processed (317 Rules)
2025-12-16 21:27:28,457 [INFO] RulesReader:64 - Compatibility file has been processed (317 Rules)
2025-12-16 21:27:28,464 [INFO] CADModel:165 - CPN selected for project level
2025-12-16 21:27:28,464 [INFO] CADModel:114 - Register for checkConnection events
2025-12-16 21:27:28,465 [FATAL] Updater:351 - Updater called before beeing initialized
2025-12-16 21:27:28,465 [ERROR] CADModel:125 - Updater not yet initialized, retry later 
2025-12-16 21:27:28,589 [FATAL] Updater:351 - Updater called before beeing initialized
2025-12-16 21:27:28,591 [INFO] CADModel:165 - CPN selected for project level
2025-12-16 21:27:28,591 [INFO] CADModel:114 - Register for checkConnection events
2025-12-16 21:27:28,591 [FATAL] Updater:351 - Updater called before beeing initialized
2025-12-16 21:27:28,591 [ERROR] CADModel:125 - Updater not yet initialized, retry later 
2025-12-16 21:27:28,594 [FATAL] Updater:351 - Updater called before beeing initialized
2025-12-16 21:27:28,684 [FATAL] Updater:351 - Updater called before beeing initialized
2025-12-16 21:27:28,687 [INFO] DbMcusAds:53 - JSON generation date=Mon Dec 08 19:58:09 IST 2025 (1765204089911)
2025-12-16 21:27:28,687 [FATAL] Updater:351 - Updater called before beeing initialized
2025-12-16 21:27:28,854 [WARN] DetailPanel:346 - Failed to get advertising image, set to default
2025-12-16 21:27:28,927 [FATAL] Updater:351 - Updater called before beeing initialized
2025-12-16 21:27:28,929 [FATAL] Updater:351 - Updater called before beeing initialized
2025-12-16 21:27:28,929 [FATAL] Updater:351 - Updater called before beeing initialized
2025-12-16 21:27:28,929 [WARN] DetailPanel:346 - Failed to get advertising image, set to default
2025-12-16 21:27:28,930 [FATAL] Updater:351 - Updater called before beeing initialized
2025-12-16 21:27:28,968 [ERROR] Updater:1198 - MainUpdater not yet initialized. External WinMGr cannot be set.
2025-12-16 21:27:28,970 [INFO] Updater:1134 - Updater Version found : 6.15.0
2025-12-16 21:27:28,982 [INFO] ApplicationProperties:184 - Using Application install path: C:\ST\STM32CubeIDE_1.19.0\STM32CubeIDE\plugins\com.st.stm32cube.common.mx_6.15.0.202507011659
2025-12-16 21:27:30,579 [ERROR] LogOutputStream:75 - [STDERR_REDIRECT] Dec 16, 2025 9:27:30 PM java.util.prefs.WindowsPreferences <init>
2025-12-16 21:27:30,580 [ERROR] LogOutputStream:75 - [STDERR_REDIRECT] WARNING: Could not open/create prefs root node Software\JavaSoft\Prefs at root 0xffffffff80000002. Windows RegCreateKeyEx(...) returned error code 5.
2025-12-16 21:27:30,581 [ERROR] LogOutputStream:75 - [STDERR_REDIRECT] 
2025-12-16 21:27:30,600 [INFO] MainUpdater:525 - Copy updater definitions from MX database
2025-12-16 21:27:30,760 [INFO] ThirdPartyUpdaterWithRetryManager:70 - Updater plugin not ready yet. [2/15]
2025-12-16 21:27:32,278 [INFO] MainUpdater:2872 - connection check result : 10
2025-12-16 21:27:32,278 [INFO] MainUpdater:3604 - Updater definition file requires update
2025-12-16 21:27:32,279 [INFO] MainUpdater:289 - Updater Check For Update Now.
2025-12-16 21:27:32,279 [INFO] MicroXplorer:498 - Change Database Version : DB.6.0.150
2025-12-16 21:27:32,283 [INFO] McuFinderGlobals:63 - Set McuFinder mode to 2 (CubeIDE integrated)
2025-12-16 21:27:32,287 [INFO] UserAuth:487 - Internet connection configuration mode: 1
2025-12-16 21:27:32,298 [INFO] JxBrowserEngine:152 - Initiate JxBrowser Engine with user profile folder
2025-12-16 21:27:32,985 [INFO] WebApp:169 - Instantiating new browser for Auth
2025-12-16 21:27:33,731 [INFO] WebApp:463 - Apply proxy settings
2025-12-16 21:27:33,731 [INFO] WebApp:548 - Chromium requires no authentication
2025-12-16 21:27:33,737 [INFO] WebApp:491 - Direct internet connection detected
2025-12-16 21:27:33,764 [WARN] MainUpdater:1193 - Updater busy. Cannot search thirdparties
2025-12-16 21:27:33,764 [INFO] ThirdPartyUpdaterWithRetryManager:96 - Updater plugin is busy. [1/15]
2025-12-16 21:27:33,765 [INFO] WebApp:900 - Register for checkConnection events
2025-12-16 21:27:33,765 [INFO] WebApp:463 - Apply proxy settings
2025-12-16 21:27:33,765 [INFO] WebApp:548 - Chromium requires no authentication
2025-12-16 21:27:33,765 [INFO] WebApp:491 - Direct internet connection detected
2025-12-16 21:27:33,805 [INFO] ServerAccessManage:452 - Complete download http(s) 200
2025-12-16 21:27:33,806 [INFO] ServerAccessManage:509 - Download File updaters.zip
2025-12-16 21:27:33,893 [INFO] WebApp:225 - Starting web application
2025-12-16 21:27:33,894 [INFO] WebApp:593 - Web application path used C:\ST\STM32CubeIDE_1.19.0\STM32CubeIDE\plugins\com.st.stm32cube.common.mx_6.15.0.202507011659\db\plugins\mcufinder\reactClient1\index.html
2025-12-16 21:27:33,982 [INFO] UserAuth:487 - Internet connection configuration mode: 1
2025-12-16 21:27:34,082 [ERROR] LogOutputStream:75 - [STDERR_REDIRECT] [Fatal Error] :1:1: Premature end of file.
2025-12-16 21:27:34,082 [ERROR] LogOutputStream:75 - [STDERR_REDIRECT] 
2025-12-16 21:27:34,261 [INFO] FileExtend:248 - Unzip File : updaters.zip
2025-12-16 21:27:34,261 [INFO] FileExtend:263 - Standard Zip Deflate
2025-12-16 21:27:34,511 [INFO] McuFinderGlobals:63 - Set McuFinder mode to 2 (CubeIDE integrated)
2025-12-16 21:27:34,576 [INFO] WebApp:191 - Connection restablished
2025-12-16 21:27:34,901 [INFO] ServerAccessManage:452 - Complete download http(s) 200
2025-12-16 21:27:34,902 [INFO] ServerAccessManage:509 - Download File PacksControlFlags.xml
2025-12-16 21:27:35,075 [ERROR] LogOutputStream:75 - [STDERR_REDIRECT] [Fatal Error] :1:1: Premature end of file.
2025-12-16 21:27:35,076 [ERROR] LogOutputStream:75 - [STDERR_REDIRECT] 
2025-12-16 21:27:35,196 [INFO] ServerAccessManage:452 - Complete download http(s) 200
2025-12-16 21:27:35,196 [INFO] ServerAccessManage:509 - Download File cubemx.pidx
2025-12-16 21:27:35,285 [INFO] LoadServerUpdatesThread:375 - End of LoadServerUpdate Thread
2025-12-16 21:27:35,445 [INFO] CheckServerUpdateThread:120 - End of CheckServer Thread
2025-12-16 21:27:35,523 [INFO] MainUpdater:2872 - connection check result : 10
2025-12-16 21:27:36,038 [INFO] ApiDb:581 - Connected to CubeFinder SQLite database (C:\Users\megha\.stmcufinder\plugins\mcufinder\mcu\cube-finder-db.db)
2025-12-16 21:27:36,074 [ERROR] LogOutputStream:75 - [STDERR_REDIRECT] [Fatal Error] :1:1: Premature end of file.
2025-12-16 21:27:36,074 [ERROR] LogOutputStream:75 - [STDERR_REDIRECT] 
2025-12-16 21:27:36,180 [INFO] ApiDb:668 - CubeFinder database Data Model version=2.1
2025-12-16 21:27:36,180 [INFO] ApiDb:669 - CubeFinder database Configuration version=3.0.39
2025-12-16 21:27:36,181 [INFO] ApiDb:670 - CubeFinder database generation date=2025-11-05 (1762334721)
2025-12-16 21:27:36,181 [INFO] ApiDb:671 - CubeFinder database FW Pack versions=[FP-ATR-ASTRA1_V2.0.0, FP-SNS-FLIGHT1_V5.1.0, FP-SNS-MOTENV1_V5.1.0, FP-SNS-MOTENVWB1_V1.4.0, FP-SNS-SMARTAG2_V1.2.0, FP-SNS-STBOX1_V2.1.0, STM32Cube_FW_C0_V1.4.0, STM32Cube_FW_F4_V1.28.3, STM32Cube_FW_F7_V1.17.4, STM32Cube_FW_G0_V1.6.2, STM32Cube_FW_G4_V1.6.1, STM32Cube_FW_H5_V1.5.1, STM32Cube_FW_H7RS_V1.3.0, STM32Cube_FW_H7_V1.12.1, STM32Cube_FW_L0_V1.12.2, STM32Cube_FW_L4_V1.18.1, STM32Cube_FW_L5_V1.6.0, STM32Cube_FW_N6_V1.3.0, STM32Cube_FW_U0_V1.3.0, STM32Cube_FW_U3_V1.2.1, STM32Cube_FW_U5_V1.8.0, STM32Cube_FW_WB0_V1.4.0, STM32Cube_FW_WBA_V1.8.0, STM32Cube_FW_WB_V1.24.0, STM32Cube_FW_WL3_V1.3.0, STM32Cube_FW_WL_V1.4.0, X-CUBE-ALGOBUILD_V1.4.0, X-CUBE-ALS_V1.0.2, X-CUBE-AZRTOS-F4_V1.1.0, X-CUBE-AZRTOS-F7_V1.1.0, X-CUBE-AZRTOS-G0_V1.1.0, X-CUBE-AZRTOS-G4_V2.0.0, X-CUBE-AZRTOS-H7RS_V1.1.0, X-CUBE-AZRTOS-H7_V3.4.0, X-CUBE-AZRTOS-L4_V2.0.0, X-CUBE-AZRTOS-L5_V2.0.0, X-CUBE-AZRTOS-WB_V2.0.0, X-CUBE-AZRTOS-WL_V2.0.0, X-CUBE-BLE1_V7.1.0, X-CUBE-BLE2_V3.3.0, X-CUBE-BLEMGR_V4.1.0, X-CUBE-EEPRMA1_V5.2.0, X-CUBE-FREERTOS_V1.3.1, X-CUBE-GNSS1_V6.0.0, X-CUBE-MEMS1_V11.3.0, X-CUBE-NFC4_V3.0.0, X-CUBE-NFC7_V2.0.0, X-CUBE-SFXS2LP1_V4.0.0, X-CUBE-ST67W61_V1.1.0, X-CUBE-SUBG2_V5.0.0, X-CUBE-TOF1_V3.4.3]
2025-12-16 21:27:37,053 [WARN] PackLoader:240 - Cannot read IP mode file for STMicroelectronics.FP-SNS-MOTENVWB1.1.4.0
2025-12-16 21:27:37,063 [WARN] PackLoader:240 - Cannot read IP mode file for STMicroelectronics.FP-ATR-ASTRA1.2.0.2
2025-12-16 21:27:37,072 [WARN] PackLoader:240 - Cannot read IP mode file for STMicroelectronics.X-CUBE-SMBUS.2.1.0
2025-12-16 21:27:37,074 [ERROR] LogOutputStream:75 - [STDERR_REDIRECT] [Fatal Error] :1:1: Premature end of file.
2025-12-16 21:27:37,075 [ERROR] LogOutputStream:75 - [STDERR_REDIRECT] 
2025-12-16 21:27:37,100 [WARN] PackLoader:240 - Cannot read IP mode file for STMicroelectronics.X-CUBE-AZRTOS-F7.1.1.0
2025-12-16 21:27:37,109 [WARN] PackLoader:240 - Cannot read IP mode file for STMicroelectronics.FP-SNS-MOTENV1.5.1.0
2025-12-16 21:27:37,124 [WARN] PackLoader:240 - Cannot read IP mode file for WES.I-CUBE-Cesium.1.4.0
2025-12-16 21:27:37,154 [WARN] PackLoader:240 - Cannot read IP mode file for STMicroelectronics.X-CUBE-AZRTOS-H7.3.4.0
2025-12-16 21:27:37,167 [WARN] PackLoader:240 - Cannot read IP mode file for STMicroelectronics.X-CUBE-DISPLAY.3.0.0
2025-12-16 21:27:37,179 [WARN] PackLoader:240 - Cannot read IP mode file for STMicroelectronics.X-CUBE-NFC10.1.0.0
2025-12-16 21:27:37,186 [WARN] PackLoader:240 - Cannot read IP mode file for STMicroelectronics.X-CUBE-ST60.1.1.0
2025-12-16 21:27:37,194 [WARN] PackLoader:240 - Cannot read IP mode file for emotas.I-CUBE-CANOPEN.1.3.0
2025-12-16 21:27:37,201 [WARN] PackLoader:240 - Cannot read IP mode file for STMicroelectronics.X-CUBE-GNSS1.7.1.0
2025-12-16 21:27:37,210 [WARN] PackLoader:240 - Cannot read IP mode file for STMicroelectronics.FP-SNS-STBOX1.2.1.0
2025-12-16 21:27:37,216 [WARN] PackLoader:240 - Cannot read IP mode file for STMicroelectronics.FP-SNS-SMARTAG2.1.2.0
2025-12-16 21:27:37,221 [WARN] PackLoader:240 - Cannot read IP mode file for STMicroelectronics.FP-SNS-FLIGHT1.5.1.0
2025-12-16 21:27:37,232 [INFO] LogOutputStream:77 - [STDOUT_REDIRECT] 1 : Invalid condition id : UX_CORESTACK_Condition cause : null
2025-12-16 21:27:37,233 [INFO] LogOutputStream:77 - [STDOUT_REDIRECT] 1 : Invalid condition id : UX_CORESTACK_Condition cause : null
2025-12-16 21:27:37,233 [INFO] LogOutputStream:77 - [STDOUT_REDIRECT] 1 : Invalid condition id : UX_CORESTACK_Condition cause : null
2025-12-16 21:27:37,234 [INFO] LogOutputStream:77 - [STDOUT_REDIRECT] 1 : Invalid condition id : UX_CORESTACK_Condition cause : null
2025-12-16 21:27:37,234 [INFO] LogOutputStream:77 - [STDOUT_REDIRECT] 1 : Invalid condition id : UX_CORESTACK_Condition cause : null
2025-12-16 21:27:37,237 [WARN] PackLoader:240 - Cannot read IP mode file for STMicroelectronics.X-CUBE-AZRTOS-WL.2.0.0
2025-12-16 21:27:37,259 [WARN] PackLoader:240 - Cannot read IP mode file for STMicroelectronics.X-CUBE-AZRTOS-H7RS.1.2.0
2025-12-16 21:27:37,268 [WARN] PackLoader:240 - Cannot read IP mode file for STMicroelectronics.X-CUBE-BLE2.3.3.0
2025-12-16 21:27:37,301 [WARN] PackLoader:240 - Cannot read IP mode file for Infineon.AIROC-Wi-Fi-Bluetooth-STM32.1.8.0
2025-12-16 21:27:37,312 [WARN] PackLoader:240 - Cannot read IP mode file for STMicroelectronics.X-CUBE-NFC9.1.0.0
2025-12-16 21:27:37,319 [WARN] PackLoader:240 - Cannot read IP mode file for STMicroelectronics.X-CUBE-BLE1.7.1.0
2025-12-16 21:27:37,323 [WARN] PackLoader:240 - Cannot read IP mode file for wolfSSL.I-CUBE-wolfMQTT.1.19.2
2025-12-16 21:27:37,331 [WARN] PackLoader:240 - Cannot read IP mode file for STMicroelectronics.X-CUBE-FREERTOS.1.4.0
2025-12-16 21:27:37,338 [WARN] PackLoader:240 - Cannot read IP mode file for STMicroelectronics.X-CUBE-EEPRMA1.5.2.0
2025-12-16 21:27:37,342 [WARN] PackLoader:240 - Cannot read IP mode file for wolfSSL.I-CUBE-wolfSSL.5.8.4
2025-12-16 21:27:37,347 [WARN] PackLoader:240 - Cannot read IP mode file for Cesanta.I-CUBE-Mongoose.7.20.0
2025-12-16 21:27:37,357 [WARN] PackLoader:240 - Cannot read IP mode file for STMicroelectronics.X-CUBE-ST67W61.1.1.0
2025-12-16 21:27:37,394 [WARN] PackLoader:240 - Cannot read IP mode file for STMicroelectronics.X-CUBE-MEMS1.12.0.0
2025-12-16 21:27:37,466 [WARN] PackLoader:240 - Cannot read IP mode file for STMicroelectronics.X-CUBE-AZRTOS-G0.1.1.0
2025-12-16 21:27:37,472 [WARN] PackLoader:240 - Cannot read IP mode file for STMicroelectronics.X-CUBE-NFC4.3.0.0
2025-12-16 21:27:37,480 [WARN] PackLoader:240 - Cannot read IP mode file for EmbeddedOffice.I-CUBE-FS-RTOS.1.0.1
2025-12-16 21:27:37,485 [WARN] PackLoader:240 - Cannot read IP mode file for STMicroelectronics.X-CUBE-WB05N.2.0.0
2025-12-16 21:27:37,491 [WARN] PackLoader:240 - Cannot read IP mode file for wolfSSL.I-CUBE-wolfTPM.3.8.0
2025-12-16 21:27:37,497 [WARN] PackLoader:240 - Cannot read IP mode file for STMicroelectronics.X-CUBE-TCPP.4.2.0
2025-12-16 21:27:37,503 [WARN] PackLoader:240 - Cannot read IP mode file for RealThread.X-CUBE-RT-Thread_Nano.4.1.1
2025-12-16 21:27:37,506 [WARN] PackLoader:240 - Cannot read IP mode file for STMicroelectronics.FP-ATR-SIGFOX1.3.2.0
2025-12-16 21:27:37,512 [WARN] PackLoader:240 - Cannot read IP mode file for ITTIA_DB.I-CUBE-ITTIADB.8.9.0
2025-12-16 21:27:37,516 [WARN] PackLoader:240 - Cannot read IP mode file for STMicroelectronics.X-CUBE-AI.10.2.0
2025-12-16 21:27:37,546 [WARN] PackLoader:240 - Cannot read IP mode file for SEGGER.I-CUBE-embOS.1.3.1
2025-12-16 21:27:37,575 [WARN] PackLoader:240 - Cannot read IP mode file for STMicroelectronics.X-CUBE-ALGOBUILD.1.4.0
2025-12-16 21:27:37,579 [WARN] PackLoader:240 - Cannot read IP mode file for STMicroelectronics.X-CUBE-PM33A1.1.0.0
2025-12-16 21:27:37,590 [WARN] PackLoader:240 - Cannot read IP mode file for STMicroelectronics.X-CUBE-AZRTOS-F4.1.1.0
2025-12-16 21:27:37,596 [WARN] PackLoader:240 - Cannot read IP mode file for STMicroelectronics.X-CUBE-ISPU.2.1.0
2025-12-16 21:27:37,607 [WARN] PackLoader:240 - Cannot read IP mode file for STMicroelectronics.X-CUBE-IPS.3.2.0
2025-12-16 21:27:37,620 [WARN] PackLoader:240 - Cannot read IP mode file for STMicroelectronics.X-CUBE-NFC12.1.0.0
2025-12-16 21:27:37,630 [WARN] PackLoader:240 - Cannot read IP mode file for STMicroelectronics.X-CUBE-AZRTOS-L5.2.0.0
2025-12-16 21:27:37,638 [WARN] PackLoader:240 - Cannot read IP mode file for STMicroelectronics.X-CUBE-NFC6.3.1.0
2025-12-16 21:27:37,646 [WARN] PackLoader:240 - Cannot read IP mode file for STMicroelectronics.X-CUBE-TOUCHGFX.4.26.0
2025-12-16 21:27:37,652 [WARN] PackLoader:240 - Cannot read IP mode file for STMicroelectronics.FP-SNS-STAIOTCFT.1.0.0
2025-12-16 21:27:37,657 [WARN] PackLoader:240 - Cannot read IP mode file for STMicroelectronics.X-CUBE-DPower.1.3.0
2025-12-16 21:27:37,671 [WARN] ConditionMgr:438 - getConditionDescription Invalid condition id : LAN8742 Phy interface Condition cause : null
2025-12-16 21:27:37,672 [WARN] PackLoader:240 - Cannot read IP mode file for STMicroelectronics.X-CUBE-AZRTOS-L4.2.0.0
2025-12-16 21:27:37,673 [WARN] ConditionMgr:1044 - genDependencies : Invalid condition id : LAN8742 Phy interface Condition cause : null
2025-12-16 21:27:37,673 [WARN] ConditionMgr:1044 - genDependencies : Invalid condition id : LAN8742 Phy interface Condition cause : null
2025-12-16 21:27:37,673 [WARN] ConditionMgr:1044 - genDependencies : Invalid condition id : LAN8742 Phy interface Condition cause : null
2025-12-16 21:27:37,681 [WARN] PackLoader:240 - Cannot read IP mode file for STMicroelectronics.X-CUBE-SFXS2LP1.4.0.0
2025-12-16 21:27:37,693 [WARN] PackLoader:240 - Cannot read IP mode file for STMicroelectronics.X-CUBE-BLEMGR.4.1.0
2025-12-16 21:27:37,705 [WARN] ConditionMgr:438 - getConditionDescription Invalid condition id : UX DEVICE CLASS RTOS Condition cause : null
2025-12-16 21:27:37,705 [WARN] ConditionMgr:438 - getConditionDescription Invalid condition id : UX DEVICE CLASS RTOS Condition cause : null
2025-12-16 21:27:37,708 [WARN] PackLoader:240 - Cannot read IP mode file for STMicroelectronics.X-CUBE-AZRTOS-WB.2.0.0
2025-12-16 21:27:37,709 [WARN] ConditionMgr:1044 - genDependencies : Invalid condition id : UX DEVICE CLASS RTOS Condition cause : null
2025-12-16 21:27:37,709 [WARN] ConditionMgr:1044 - genDependencies : Invalid condition id : UX DEVICE CLASS RTOS Condition cause : null
2025-12-16 21:27:37,711 [WARN] ConditionMgr:1044 - genDependencies : Invalid condition id : UX DEVICE CLASS RTOS Condition cause : null
2025-12-16 21:27:37,711 [WARN] ConditionMgr:1044 - genDependencies : Invalid condition id : UX DEVICE CLASS RTOS Condition cause : null
2025-12-16 21:27:37,711 [WARN] ConditionMgr:1044 - genDependencies : Invalid condition id : UX DEVICE CLASS RTOS Condition cause : null
2025-12-16 21:27:37,716 [WARN] ConditionMgr:438 - getConditionDescription Invalid condition id : Cortex-A Device cause : null
2025-12-16 21:27:37,721 [WARN] ConditionMgr:1044 - genDependencies : Invalid condition id : Cortex-A Device cause : null
2025-12-16 21:27:37,722 [WARN] ConditionMgr:1044 - genDependencies : Invalid condition id : Cortex-A Device cause : null
2025-12-16 21:27:37,722 [WARN] ConditionMgr:1044 - genDependencies : Invalid condition id : Cortex-A Device cause : null
2025-12-16 21:27:37,729 [WARN] PackLoader:240 - Cannot read IP mode file for STMicroelectronics.X-CUBE-SUBG2.5.0.0
2025-12-16 21:27:37,742 [WARN] PackLoader:240 - Cannot read IP mode file for STMicroelectronics.X-CUBE-AZRTOS-G4.2.0.0
2025-12-16 21:27:37,747 [WARN] PackLoader:240 - Cannot read IP mode file for wolfSSL.I-CUBE-wolfSSH.1.4.20
2025-12-16 21:27:37,752 [WARN] PackLoader:240 - Cannot read IP mode file for STMicroelectronics.X-CUBE-NFC7.2.0.0
2025-12-16 21:27:37,756 [WARN] PackLoader:240 - Cannot read IP mode file for STMicroelectronics.X-CUBE-ALS.1.0.2
2025-12-16 21:27:37,764 [WARN] PackLoader:240 - Cannot read IP mode file for STMicroelectronics.X-CUBE-STSE01.1.0.0
2025-12-16 21:27:37,772 [WARN] PackLoader:240 - Cannot read IP mode file for STMicroelectronics.X-CUBE-TOF1.3.4.3
2025-12-16 21:27:37,778 [INFO] ThirdParty:978 - Integrity check success = true
2025-12-16 21:27:37,778 [INFO] IntegrityCheckThread:100 - exiting critical section [integrity check]
2025-12-16 21:27:37,778 [INFO] IntegrityCheckThread:103 - End integrity checks thread
2025-12-16 21:27:38,053 [ERROR] LogOutputStream:75 - [STDERR_REDIRECT] [Fatal Error] :1:1: Premature end of file.
2025-12-16 21:27:38,053 [ERROR] LogOutputStream:75 - [STDERR_REDIRECT] 
2025-12-16 21:27:39,052 [ERROR] LogOutputStream:75 - [STDERR_REDIRECT] [Fatal Error] :1:1: Premature end of file.
2025-12-16 21:27:39,052 [ERROR] LogOutputStream:75 - [STDERR_REDIRECT] 
2025-12-16 21:27:39,411 [INFO] ApiDb:240 - Found 880 in-development CPN: [B-G473E-ZEST1S, B-WB1M-WPAN1, B-WBA5M-WPAN, B-WL5M-SUBG1, NUCLEO-C031C6, NUCLEO-C051C8, NUCLEO-C071RB, NUCLEO-C092RC, NUCLEO-H503RB, NUCLEO-H533RE, NUCLEO-H563ZI, NUCLEO-H7S3L8, NUCLEO-N657X0-Q, NUCLEO-U031R8, NUCLEO-U083RC, NUCLEO-U385RG-Q, NUCLEO-U545RE-Q, NUCLEO-U5A5ZJ-Q, NUCLEO-WB05KZ, NUCLEO-WB07CC, NUCLEO-WB09KE, NUCLEO-WBA52CG, NUCLEO-WBA55CG, NUCLEO-WL33CC1, NUCLEO-WL33CC2, STEVAL-PROTEUS1, STEVAL-SMARTAG2, STEVAL-STWINBX1, STM320518-EVAL, STM32C0116-DK, STM32C011D6Y3TR, STM32C011D6Y6TR, STM32C011F4P3, STM32C011F4P6, STM32C011F4U3, STM32C011F4U6TR, STM32C011F6P3, STM32C011F6P6, STM32C011F6U3, STM32C011F6U6TR, STM32C011J4M3, STM32C011J4M6, STM32C011J6M3, STM32C011J6M6, STM32C0316-DK, STM32C031C4T3, STM32C031C4T6, STM32C031C4U3, STM32C031C4U6, STM32C031C6T3, STM32C031C6T6, STM32C031C6U3, STM32C031C6U6, STM32C031F4P3, STM32C031F4P6, STM32C031F6P3, STM32C031F6P6, STM32C031G4U3, STM32C031G4U6, STM32C031G6U3, STM32C031G6U6, STM32C031K4T3, STM32C031K4T6, STM32C031K4U3, STM32C031K4U6, STM32C031K6T3, STM32C031K6T6, STM32C031K6U3, STM32C031K6U6, STM32C051C6T6, STM32C051C6U6, STM32C051C8T6, STM32C051C8U6, STM32C051D8Y6TR, STM32C051F6P6, STM32C051F8P6, STM32C051G6U6, STM32C051G8U6, STM32C051K6T6, STM32C051K6U6, STM32C051K8T6, STM32C071C8T6, STM32C071C8T6N, STM32C071C8U6, STM32C071C8U6N, STM32C071CBT6, STM32C071CBT6N, STM32C071CBU6, STM32C071CBU6N, STM32C071F8P6, STM32C071F8P6N, STM32C071FBP6, STM32C071FBP6N, STM32C071FBY6TR, STM32C071G8U6, STM32C071G8U6N, STM32C071GBU6, STM32C071GBU6N, STM32C071K8T6, STM32C071K8T6N, STM32C071K8U6, STM32C071K8U6N, STM32C071KBT6, STM32C071KBT6N, STM32C071KBU6, STM32C071KBU6N, STM32C071R8T6, STM32C071R8T6N, STM32C071RBI6N, STM32C071RBT6, STM32C071RBT6N, STM32C091CBT6, STM32C091CBU6, STM32C091CCT6, STM32C091CCU6, STM32C091ECY6TR, STM32C091FBP6, STM32C091FCP6, STM32C091GBU6, STM32C091GCU6, STM32C091KBT6, STM32C091KBU6, STM32C091KCT6, STM32C091KCU6, STM32C091RBT6, STM32C091RCI6, STM32C091RCT6, STM32C092CBT6, STM32C092CBU6, STM32C092CCT6, STM32C092CCU6, STM32C092ECY6TR, STM32C092FBP6, STM32C092FCP6, STM32C092GBU6, STM32C092GCU6, STM32C092KBT6, STM32C092KBU6, STM32C092KCT6, STM32C092KCU6, STM32C092RBT6, STM32C092RCI6, STM32C092RCT6, STM32G071K8TXN, STM32G071K8UXN, STM32G081GBU6N, STM32G081KBT6N, STM32G081KBUXN, STM32G0B1CCT6N, STM32G0B1KCT6, STM32G0B1NEY6TR, STM32G0B1RCT6N, STM32G0C1CCT6, STM32G0C1CCT6N, STM32G0C1CCU6N, STM32G0C1CET6N, STM32G0C1CEU6N, STM32G0C1KCT6, STM32G0C1NEY6TR, STM32G0C1RCI6N, STM32G0C1RCT6N, STM32G0C1REI6N, STM32G0C1RET6N, STM32G0C1VCI6, STM32G0C1VEI6, STM32G411C6T3, STM32G411C6T6, STM32G411C6U3, STM32G411C6U6, STM32G411C8T3, STM32G411C8T6, STM32G411C8U3, STM32G411C8U6, STM32G411CBT3, STM32G411CBT6, STM32G411CBU3, STM32G411CBU6, STM32G411K6T3, STM32G411K6T6, STM32G411K6U3, STM32G411K6U6, STM32G411K8T3, STM32G411K8T6, STM32G411K8U3, STM32G411K8U6, STM32G411KBT3, STM32G411KBT6, STM32G411KBU3, STM32G411KBU6, STM32G411M6T3, STM32G411M6T6, STM32G411M8T3, STM32G411M8T6, STM32G411MBT3, STM32G411MBT6, STM32G411R6T3, STM32G411R6T6, STM32G411R8T3, STM32G411R8T6, STM32G411RBT3, STM32G411RBT6, STM32G414CBT3, STM32G414CBT6, STM32G414CBU3, STM32G414CBU6, STM32G414CCT3, STM32G414CCT6, STM32G414CCU3, STM32G414CCU6, STM32G414MBT3, STM32G414MBT6, STM32G414MCT3, STM32G414MCT6, STM32G414RBT3, STM32G414RBT6, STM32G414RCT3, STM32G414RCT6, STM32G414VBT3, STM32G414VBT6, STM32G414VCT3, STM32G414VCT6, STM32G431CBT3Z, STM32G431RBT3Z, STM32G471CCT6, STM32G471CCU6, STM32G471CET3, STM32G471CET6, STM32G471CEU3, STM32G471CEU6, STM32G471MCT6, STM32G471MET3, STM32G471MET6, STM32G471MEY6TR, STM32G471QCT6, STM32G471QET3, STM32G471RCT6, STM32G471RET3, STM32G471RET6, STM32G471VCH6, STM32G471VCI6, STM32G471VCT6, STM32G471VEH3, STM32G471VEH6, STM32G471VEI3, STM32G471VEI6, STM32G471VET3, STM32G471VET6, STM32G473QET3Z, STM32G473RET3Z, STM32G474CCT6, STM32G491RET3Z, STM32H503CBT6, STM32H503CBU6, STM32H503EBY6TR, STM32H503KBU6, STM32H503RBT6, STM32H523CCT6, STM32H523CCU6, STM32H523CET6, STM32H523CEU6, STM32H523HEY6TR, STM32H523RCT6, STM32H523RET6, STM32H523VCI6, STM32H523VCT6, STM32H523VEI6, STM32H523VET6, STM32H523ZCJ6, STM32H523ZCT6, STM32H523ZEJ6, STM32H523ZET6, STM32H533CET6, STM32H533CEU6, STM32H533HEY6TR, STM32H533RET6, STM32H533VEI6, STM32H533VET6, STM32H533ZEJ6, STM32H533ZET6, STM32H562AGI6, STM32H562AII6, STM32H562IGK6, STM32H562IGT6, STM32H562IIK6, STM32H562IIT6, STM32H562RGT6, STM32H562RGV6, STM32H562RIT6, STM32H562RIV6, STM32H562VGT6, STM32H562VIT6, STM32H562ZGT6, STM32H562ZIT6, STM32H563AGI6, STM32H563AII3Q, STM32H563AII6, STM32H563IGK6, STM32H563IGT6, STM32H563IIK3Q, STM32H563IIK6, STM32H563IIT3Q, STM32H563IIT6, STM32H563MIY3QTR, STM32H563RGT6, STM32H563RGV6, STM32H563RIT6, STM32H563RIV6, STM32H563VGT6, STM32H563VIT3Q, STM32H563VIT6, STM32H563ZGT6, STM32H563ZIT3Q, STM32H563ZIT6, STM32H573AII3Q, STM32H573AII6, STM32H573I-DK, STM32H573IIK3Q, STM32H573IIK6, STM32H573IIT3Q, STM32H573IIT6, STM32H573MIY3QTR, STM32H573RIT6, STM32H573RIV6, STM32H573VIT3Q, STM32H573VIT6, STM32H573ZIT3Q, STM32H573ZIT6, STM32H7R3A8I6, STM32H7R3I8K6, STM32H7R3I8T6, STM32H7R3L8H6, STM32H7R3L8H6H, STM32H7R3R8V6, STM32H7R3V8H6, STM32H7R3V8T6, STM32H7R3V8Y6TR, STM32H7R3Z8J6, STM32H7R3Z8T6, STM32H7R7A8I6, STM32H7R7I8K6, STM32H7R7I8T6, STM32H7R7L8H6, STM32H7R7L8H6H, STM32H7R7Z8J6, STM32H7S3A8I6, STM32H7S3I8K6, STM32H7S3I8T6, STM32H7S3L8H6, STM32H7S3L8H6H, STM32H7S3R8V6, STM32H7S3V8H6, STM32H7S3V8T6, STM32H7S3V8Y6TR, STM32H7S3Z8J6, STM32H7S3Z8T6, STM32H7S78-DK, STM32H7S7A8I6, STM32H7S7I8K6, STM32H7S7I8T6, STM32H7S7L8H6, STM32H7S7L8H6H, STM32H7S7Z8J6, STM32L4R5QGI6STR, STM32MP131AAE3, STM32MP131AAF3, STM32MP131AAG3, STM32MP131CAE3, STM32MP131CAF3, STM32MP131CAG3, STM32MP131DAE7, STM32MP131DAF7, STM32MP131DAG7, STM32MP131FAE7, STM32MP131FAF7, STM32MP131FAG7, STM32MP133AAE3, STM32MP133AAF3, STM32MP133AAG3, STM32MP133CAE3, STM32MP133CAF3, STM32MP133CAG3, STM32MP133DAE7, STM32MP133DAF7, STM32MP133DAG7, STM32MP133FAE7, STM32MP133FAF7, STM32MP133FAG7, STM32MP135AAE3, STM32MP135AAF3, STM32MP135AAG3, STM32MP135CAE3, STM32MP135CAF3, STM32MP135CAG3, STM32MP135DAE7, STM32MP135DAF7, STM32MP135DAG7, STM32MP135F-DK, STM32MP135FAE7, STM32MP135FAF7, STM32MP135FAF7T, STM32MP135FAF7U, STM32MP135FAG7, STM32MP211AAL3, STM32MP211AAM3, STM32MP211AAN3, STM32MP211AAO3, STM32MP211CAL3, STM32MP211CAM3, STM32MP211CAN3, STM32MP211CAO3, STM32MP211DAL3, STM32MP211DAM3, STM32MP211DAN3, STM32MP211DAO3, STM32MP211FAL3, STM32MP211FAM3, STM32MP211FAN3, STM32MP211FAO3, STM32MP213AAL3, STM32MP213AAM3, STM32MP213AAN3, STM32MP213AAO3, STM32MP213CAL3, STM32MP213CAM3, STM32MP213CAN3, STM32MP213CAO3, STM32MP213DAL3, STM32MP213DAM3, STM32MP213DAN3, STM32MP213DAO3, STM32MP213FAL3, STM32MP213FAM3, STM32MP213FAN3, STM32MP213FAO3, STM32MP215AAL3, STM32MP215AAM3, STM32MP215AAN3, STM32MP215AAO3, STM32MP215CAL3, STM32MP215CAM3, STM32MP215CAN3, STM32MP215CAO3, STM32MP215DAL3, STM32MP215DAM3, STM32MP215DAN3, STM32MP215DAO3, STM32MP215F-DK, STM32MP215FAL3, STM32MP215FAM3, STM32MP215FAN3, STM32MP215FAO3, STM32MP231AAJ3, STM32MP231AAK3, STM32MP231AAL3, STM32MP231CAJ3, STM32MP231CAK3, STM32MP231CAL3, STM32MP231DAJ3, STM32MP231DAK3, STM32MP231DAL3, STM32MP231FAJ3, STM32MP231FAK3, STM32MP231FAL3, STM32MP233AAJ3, STM32MP233AAK3, STM32MP233AAL3, STM32MP233CAJ3, STM32MP233CAK3, STM32MP233CAL3, STM32MP233DAJ3, STM32MP233DAK3, STM32MP233DAL3, STM32MP233FAJ3, STM32MP233FAK3, STM32MP233FAL3, STM32MP235AAJ3, STM32MP235AAK3, STM32MP235AAL3, STM32MP235CAJ3, STM32MP235CAK3, STM32MP235CAL3, STM32MP235DAJ3, STM32MP235DAK3, STM32MP235DAL3, STM32MP235FAJ3, STM32MP235FAK3, STM32MP235FAL3, STM32MP251AAI3, STM32MP251AAK3, STM32MP251AAL3, STM32MP251CAI3, STM32MP251CAK3, STM32MP251CAL3, STM32MP251DAI3, STM32MP251DAK3, STM32MP251DAL3, STM32MP251FAI3, STM32MP251FAK3, STM32MP251FAL3, STM32MP253AAI3, STM32MP253AAK3, STM32MP253AAL3, STM32MP253CAI3, STM32MP253CAK3, STM32MP253CAL3, STM32MP253DAI3, STM32MP253DAK3, STM32MP253DAL3, STM32MP253FAI3, STM32MP253FAK3, STM32MP253FAL3, STM32MP255AAI3, STM32MP255AAK3, STM32MP255AAL3, STM32MP255CAI3, STM32MP255CAK3, STM32MP255CAL3, STM32MP255DAI3, STM32MP255DAK3, STM32MP255DAL3, STM32MP255FAI3, STM32MP255FAK3, STM32MP255FAL3, STM32MP257AAI3, STM32MP257AAK3, STM32MP257AAL3, STM32MP257CAI3, STM32MP257CAK3, STM32MP257CAL3, STM32MP257DAI3, STM32MP257DAK3, STM32MP257DAL3, STM32MP257F-DK, STM32MP257F-EV1, STM32MP257FAI3, STM32MP257FAK3, STM32MP257FAL3, STM32N645A0H3Q, STM32N645B0H3Q, STM32N645I0H3Q, STM32N645L0H3Q, STM32N645X0H3Q, STM32N645Z0H3Q, STM32N647A0H3Q, STM32N647B0H3Q, STM32N647I0H3Q, STM32N647L0H3Q, STM32N647X0H3Q, STM32N647Z0H3Q, STM32N655A0H3Q, STM32N655B0H3Q, STM32N655I0H3Q, STM32N655L0H3Q, STM32N655X0H3Q, STM32N655Z0H3Q, STM32N6570-DK, STM32N657A0H3Q, STM32N657B0H3Q, STM32N657I0H3Q, STM32N657L0H3Q, STM32N657X0H3Q, STM32N657Z0H3Q, STM32U031C6T6, STM32U031C6U6, STM32U031C8T6, STM32U031C8U6, STM32U031F4P6, STM32U031F6P6, STM32U031F8P6, STM32U031G6Y6TR, STM32U031G8Y6TR, STM32U031K4U6, STM32U031K6U6, STM32U031K8U6, STM32U031R6I6, STM32U031R6T6, STM32U031R8I6, STM32U031R8T6, STM32U073C8T6, STM32U073C8U6, STM32U073CBT6, STM32U073CBU6, STM32U073CCT6, STM32U073CCU6, STM32U073H8Y6TR, STM32U073HBY6TR, STM32U073HCY6TR, STM32U073K8U6, STM32U073KBU6, STM32U073KCU6, STM32U073M8I6, STM32U073M8T6, STM32U073MBI6, STM32U073MBT6, STM32U073MCI6, STM32U073MCT6, STM32U073R8I6, STM32U073R8T6, STM32U073RBI6, STM32U073RBT6, STM32U073RCI6, STM32U073RCT6, STM32U083C-DK, STM32U083CCT6, STM32U083CCU6, STM32U083HCY6TR, STM32U083KCU6, STM32U083MCI6, STM32U083MCT6, STM32U083RCI6, STM32U083RCT6, STM32U375CET6, STM32U375CET6Q, STM32U375CEU6, STM32U375CEU6Q, STM32U375CEY6QTR, STM32U375CGT6, STM32U375CGT6Q, STM32U375CGU6, STM32U375CGU6Q, STM32U375CGY6QTR, STM32U375KEU6, STM32U375KGU6, STM32U375REI6, STM32U375REI6Q, STM32U375RET6, STM32U375RET6Q, STM32U375REY6GTR, STM32U375REY6QTR, STM32U375RGI6, STM32U375RGI6Q, STM32U375RGT6, STM32U375RGT6Q, STM32U375RGY6GTR, STM32U375RGY6QTR, STM32U375VEI6, STM32U375VEI6Q, STM32U375VET6, STM32U375VET6Q, STM32U375VGI6, STM32U375VGI6Q, STM32U375VGT6, STM32U375VGT6Q, STM32U385CGT6, STM32U385CGT6Q, STM32U385CGU6, STM32U385CGU6Q, STM32U385CGY6QTR, STM32U385KGU6, STM32U385RGI6, STM32U385RGI6Q, STM32U385RGT6, STM32U385RGT6Q, STM32U385RGY6GTR, STM32U385RGY6QTR, STM32U385VGI6, STM32U385VGI6Q, STM32U385VGT6, STM32U385VGT6Q, STM32U535CBT6, STM32U535CBT6Q, STM32U535CBU6, STM32U535CBU6Q, STM32U535CCT6, STM32U535CCT6Q, STM32U535CCU6, STM32U535CCU6Q, STM32U535CET6, STM32U535CET6Q, STM32U535CEU6, STM32U535CEU6Q, STM32U535JEY6QTR, STM32U535NCY6QTR, STM32U535NEY6QTR, STM32U535RBI6, STM32U535RBI6Q, STM32U535RBT6, STM32U535RBT6Q, STM32U535RCI6, STM32U535RCI6Q, STM32U535RCT6, STM32U535RCT6Q, STM32U535REI6, STM32U535REI6Q, STM32U535RET6, STM32U535RET6Q, STM32U535VCI6, STM32U535VCI6Q, STM32U535VCT6, STM32U535VCT6Q, STM32U535VEI6, STM32U535VEI6Q, STM32U535VET6, STM32U535VET6Q, STM32U545CET6, STM32U545CET6Q, STM32U545CEU6, STM32U545CEU6Q, STM32U545JEY6QTR, STM32U545NEY6QTR, STM32U545REI6, STM32U545REI6Q, STM32U545RET6, STM32U545RET6Q, STM32U545VEI6, STM32U545VEI6Q, STM32U545VET6, STM32U545VET6Q, STM32U595AIH6, STM32U595AIH6Q, STM32U595AJH6, STM32U595AJH6Q, STM32U595QII6, STM32U595QII6Q, STM32U595QJI6, STM32U595QJI6Q, STM32U595RIT6, STM32U595RIT6Q, STM32U595RJT6, STM32U595RJT6Q, STM32U595VIT6, STM32U595VIT6Q, STM32U595VJT6, STM32U595VJT6Q, STM32U595ZIT6, STM32U595ZIT6Q, STM32U595ZIY6QTR, STM32U595ZJT6, STM32U595ZJT6Q, STM32U595ZJY6QTR, STM32U599BJY6QTR, STM32U599NIH6Q, STM32U599NJH6Q, STM32U599VIT6Q, STM32U599VJT6, STM32U599VJT6Q, STM32U599ZIT6Q, STM32U599ZIY6QTR, STM32U599ZJT6Q, STM32U599ZJY6QTR, STM32U5A5AJH6, STM32U5A5AJH6Q, STM32U5A5QII3Q , STM32U5A5QJI6, STM32U5A5QJI6Q, STM32U5A5RJT6, STM32U5A5RJT6Q, STM32U5A5VJT6, STM32U5A5VJT6Q, STM32U5A5ZJT6, STM32U5A5ZJT6Q, STM32U5A5ZJY6QTR, STM32U5A9BJY6QTR, STM32U5A9J-DK, STM32U5A9NJH6Q, STM32U5A9VJT6Q, STM32U5A9ZJT6Q, STM32U5A9ZJY6QTR, STM32U5F7VIT6, STM32U5F7VIT6Q, STM32U5F7VJT6, STM32U5F7VJT6Q, STM32U5F9BJY6QTR, STM32U5F9NJH6Q, STM32U5F9VIT6Q, STM32U5F9VJT6Q, STM32U5F9ZIJ6QTR, STM32U5F9ZIT6Q, STM32U5F9ZJJ6QTR, STM32U5F9ZJT6Q, STM32U5G7VJT6, STM32U5G7VJT6Q, STM32U5G9BJY6QTR, STM32U5G9J-DK1, STM32U5G9J-DK2, STM32U5G9NJH6Q, STM32U5G9VJT6Q, STM32U5G9ZJJ6QTR, STM32U5G9ZJT6Q, STM32WB05KZV6TR, STM32WB05KZV7TR, STM32WB05TZF6TR, STM32WB05TZF7TR, STM32WB06CCF6TR, STM32WB06CCF7TR, STM32WB06CCV6TR, STM32WB06CCV7TR, STM32WB06KCV6TR, STM32WB06KCV7TR, STM32WB07CCF6TR, STM32WB07CCF7TR, STM32WB07CCV6TR, STM32WB07CCV7TR, STM32WB07KCV6TR, STM32WB07KCV7TR, STM32WB09KEV6TR, STM32WB09KEV7TR, STM32WB09TEF6TR, STM32WB09TEF7TR, STM32WB1MMCH6, STM32WBA50KGU6, STM32WBA50KGU6TR, STM32WBA52CEU6, STM32WBA52CEU6TR, STM32WBA52CEU7, STM32WBA52CEU7TR, STM32WBA52CGU6, STM32WBA52CGU6TR, STM32WBA52CGU6U, STM32WBA52CGU7, STM32WBA52CGU7TR, STM32WBA52KEU6, STM32WBA52KEU6TR, STM32WBA52KGU6, STM32WBA52KGU6TR, STM32WBA54CEU6, STM32WBA54CEU6TR, STM32WBA54CEU7, STM32WBA54CEU7TR, STM32WBA54CGU6, STM32WBA54CGU6TR, STM32WBA54CGU7, STM32WBA54CGU7TR, STM32WBA54KEU6, STM32WBA54KEU6TR, STM32WBA54KEU7, STM32WBA54KEU7TR, STM32WBA54KGU6, STM32WBA54KGU6TR, STM32WBA54KGU7, STM32WBA54KGU7TR, STM32WBA55CEU6, STM32WBA55CEU6TR, STM32WBA55CEU7, STM32WBA55CEU7TR, STM32WBA55CGU6, STM32WBA55CGU6TR, STM32WBA55CGU6U, STM32WBA55CGU7, STM32WBA55CGU7TR, STM32WBA55G-DK1, STM32WBA55HEF6, STM32WBA55HEF7, STM32WBA55HGF6, STM32WBA55HGF7, STM32WBA55UEI6, STM32WBA55UEI6TR, STM32WBA55UEI7, STM32WBA55UEI7TR, STM32WBA55UGI6, STM32WBA55UGI6TR, STM32WBA55UGI7, STM32WBA55UGI7TR, STM32WBA5MMGH6TR, STM32WBA62MGF6, STM32WBA62MIF6, STM32WBA65MGF7, STM32WBA65MIF6, STM32WBA65MIF7, STM32WL30K8V6, STM32WL30KBV6, STM32WL31C8V6, STM32WL31CBV6, STM32WL31K8V6, STM32WL31KBV6, STM32WL33C8V6, STM32WL33C8V6X, STM32WL33CBV6, STM32WL33CBV6X, STM32WL33CCV6, STM32WL33CCV6A, STM32WL33CCV6X, STM32WL33K8V7, STM32WL33K8V7X, STM32WL33KBV7 , STM32WL33KBV7X, STM32WL33KCV7, STM32WL33KCV7X, STM32WL5MOCH6, STM32WL5MOCH6TR]
2025-12-16 21:27:39,417 [INFO] DbMcus:218 - Found 4876 MCUs, 4876 are supported
2025-12-16 21:27:39,418 [INFO] ApiDb:423 - Load user favorites file C:\Users\megha/.stm32cubeide/favorites.mcus.txt: 0 item(s)
2025-12-16 21:27:39,418 [INFO] ApiDb:427 - User favorites MCUs=[]
2025-12-16 21:27:39,418 [INFO] DbMcus:224 - Set 0 / 0 favorites MCUs
2025-12-16 21:27:39,838 [INFO] ApiDb:668 - CubeFinder database Data Model version=2.1
2025-12-16 21:27:39,838 [INFO] ApiDb:669 - CubeFinder database Configuration version=3.0.39
2025-12-16 21:27:39,838 [INFO] ApiDb:670 - CubeFinder database generation date=2025-11-05 (1762334721)
2025-12-16 21:27:39,838 [INFO] ApiDb:671 - CubeFinder database FW Pack versions=[FP-ATR-ASTRA1_V2.0.0, FP-SNS-FLIGHT1_V5.1.0, FP-SNS-MOTENV1_V5.1.0, FP-SNS-MOTENVWB1_V1.4.0, FP-SNS-SMARTAG2_V1.2.0, FP-SNS-STBOX1_V2.1.0, STM32Cube_FW_C0_V1.4.0, STM32Cube_FW_F4_V1.28.3, STM32Cube_FW_F7_V1.17.4, STM32Cube_FW_G0_V1.6.2, STM32Cube_FW_G4_V1.6.1, STM32Cube_FW_H5_V1.5.1, STM32Cube_FW_H7RS_V1.3.0, STM32Cube_FW_H7_V1.12.1, STM32Cube_FW_L0_V1.12.2, STM32Cube_FW_L4_V1.18.1, STM32Cube_FW_L5_V1.6.0, STM32Cube_FW_N6_V1.3.0, STM32Cube_FW_U0_V1.3.0, STM32Cube_FW_U3_V1.2.1, STM32Cube_FW_U5_V1.8.0, STM32Cube_FW_WB0_V1.4.0, STM32Cube_FW_WBA_V1.8.0, STM32Cube_FW_WB_V1.24.0, STM32Cube_FW_WL3_V1.3.0, STM32Cube_FW_WL_V1.4.0, X-CUBE-ALGOBUILD_V1.4.0, X-CUBE-ALS_V1.0.2, X-CUBE-AZRTOS-F4_V1.1.0, X-CUBE-AZRTOS-F7_V1.1.0, X-CUBE-AZRTOS-G0_V1.1.0, X-CUBE-AZRTOS-G4_V2.0.0, X-CUBE-AZRTOS-H7RS_V1.1.0, X-CUBE-AZRTOS-H7_V3.4.0, X-CUBE-AZRTOS-L4_V2.0.0, X-CUBE-AZRTOS-L5_V2.0.0, X-CUBE-AZRTOS-WB_V2.0.0, X-CUBE-AZRTOS-WL_V2.0.0, X-CUBE-BLE1_V7.1.0, X-CUBE-BLE2_V3.3.0, X-CUBE-BLEMGR_V4.1.0, X-CUBE-EEPRMA1_V5.2.0, X-CUBE-FREERTOS_V1.3.1, X-CUBE-GNSS1_V6.0.0, X-CUBE-MEMS1_V11.3.0, X-CUBE-NFC4_V3.0.0, X-CUBE-NFC7_V2.0.0, X-CUBE-SFXS2LP1_V4.0.0, X-CUBE-ST67W61_V1.1.0, X-CUBE-SUBG2_V5.0.0, X-CUBE-TOF1_V3.4.3]
2025-12-16 21:27:39,914 [INFO] DbBoardsSqlite:226 - include board P-NUCLEO-WB55-NUCLEO as a kit item of type 'Nucleo-64'
2025-12-16 21:27:39,915 [INFO] DbBoardsSqlite:226 - include board P-NUCLEO-WB55-USBDONGLE as a kit item of type 'Nucleo USB Dongle'
2025-12-16 21:27:39,915 [INFO] DbBoardsSqlite:226 - include board STEVAL-IDP005V1 as a kit item of type 'Evaluation Board'
2025-12-16 21:27:39,915 [INFO] DbBoardsSqlite:226 - include board STEVAL-IDP005V2 as a kit item of type 'Evaluation Board'
2025-12-16 21:27:40,001 [INFO] ApiDb:240 - Found 880 in-development CPN: [B-G473E-ZEST1S, B-WB1M-WPAN1, B-WBA5M-WPAN, B-WL5M-SUBG1, NUCLEO-C031C6, NUCLEO-C051C8, NUCLEO-C071RB, NUCLEO-C092RC, NUCLEO-H503RB, NUCLEO-H533RE, NUCLEO-H563ZI, NUCLEO-H7S3L8, NUCLEO-N657X0-Q, NUCLEO-U031R8, NUCLEO-U083RC, NUCLEO-U385RG-Q, NUCLEO-U545RE-Q, NUCLEO-U5A5ZJ-Q, NUCLEO-WB05KZ, NUCLEO-WB07CC, NUCLEO-WB09KE, NUCLEO-WBA52CG, NUCLEO-WBA55CG, NUCLEO-WL33CC1, NUCLEO-WL33CC2, STEVAL-PROTEUS1, STEVAL-SMARTAG2, STEVAL-STWINBX1, STM320518-EVAL, STM32C0116-DK, STM32C011D6Y3TR, STM32C011D6Y6TR, STM32C011F4P3, STM32C011F4P6, STM32C011F4U3, STM32C011F4U6TR, STM32C011F6P3, STM32C011F6P6, STM32C011F6U3, STM32C011F6U6TR, STM32C011J4M3, STM32C011J4M6, STM32C011J6M3, STM32C011J6M6, STM32C0316-DK, STM32C031C4T3, STM32C031C4T6, STM32C031C4U3, STM32C031C4U6, STM32C031C6T3, STM32C031C6T6, STM32C031C6U3, STM32C031C6U6, STM32C031F4P3, STM32C031F4P6, STM32C031F6P3, STM32C031F6P6, STM32C031G4U3, STM32C031G4U6, STM32C031G6U3, STM32C031G6U6, STM32C031K4T3, STM32C031K4T6, STM32C031K4U3, STM32C031K4U6, STM32C031K6T3, STM32C031K6T6, STM32C031K6U3, STM32C031K6U6, STM32C051C6T6, STM32C051C6U6, STM32C051C8T6, STM32C051C8U6, STM32C051D8Y6TR, STM32C051F6P6, STM32C051F8P6, STM32C051G6U6, STM32C051G8U6, STM32C051K6T6, STM32C051K6U6, STM32C051K8T6, STM32C071C8T6, STM32C071C8T6N, STM32C071C8U6, STM32C071C8U6N, STM32C071CBT6, STM32C071CBT6N, STM32C071CBU6, STM32C071CBU6N, STM32C071F8P6, STM32C071F8P6N, STM32C071FBP6, STM32C071FBP6N, STM32C071FBY6TR, STM32C071G8U6, STM32C071G8U6N, STM32C071GBU6, STM32C071GBU6N, STM32C071K8T6, STM32C071K8T6N, STM32C071K8U6, STM32C071K8U6N, STM32C071KBT6, STM32C071KBT6N, STM32C071KBU6, STM32C071KBU6N, STM32C071R8T6, STM32C071R8T6N, STM32C071RBI6N, STM32C071RBT6, STM32C071RBT6N, STM32C091CBT6, STM32C091CBU6, STM32C091CCT6, STM32C091CCU6, STM32C091ECY6TR, STM32C091FBP6, STM32C091FCP6, STM32C091GBU6, STM32C091GCU6, STM32C091KBT6, STM32C091KBU6, STM32C091KCT6, STM32C091KCU6, STM32C091RBT6, STM32C091RCI6, STM32C091RCT6, STM32C092CBT6, STM32C092CBU6, STM32C092CCT6, STM32C092CCU6, STM32C092ECY6TR, STM32C092FBP6, STM32C092FCP6, STM32C092GBU6, STM32C092GCU6, STM32C092KBT6, STM32C092KBU6, STM32C092KCT6, STM32C092KCU6, STM32C092RBT6, STM32C092RCI6, STM32C092RCT6, STM32G071K8TXN, STM32G071K8UXN, STM32G081GBU6N, STM32G081KBT6N, STM32G081KBUXN, STM32G0B1CCT6N, STM32G0B1KCT6, STM32G0B1NEY6TR, STM32G0B1RCT6N, STM32G0C1CCT6, STM32G0C1CCT6N, STM32G0C1CCU6N, STM32G0C1CET6N, STM32G0C1CEU6N, STM32G0C1KCT6, STM32G0C1NEY6TR, STM32G0C1RCI6N, STM32G0C1RCT6N, STM32G0C1REI6N, STM32G0C1RET6N, STM32G0C1VCI6, STM32G0C1VEI6, STM32G411C6T3, STM32G411C6T6, STM32G411C6U3, STM32G411C6U6, STM32G411C8T3, STM32G411C8T6, STM32G411C8U3, STM32G411C8U6, STM32G411CBT3, STM32G411CBT6, STM32G411CBU3, STM32G411CBU6, STM32G411K6T3, STM32G411K6T6, STM32G411K6U3, STM32G411K6U6, STM32G411K8T3, STM32G411K8T6, STM32G411K8U3, STM32G411K8U6, STM32G411KBT3, STM32G411KBT6, STM32G411KBU3, STM32G411KBU6, STM32G411M6T3, STM32G411M6T6, STM32G411M8T3, STM32G411M8T6, STM32G411MBT3, STM32G411MBT6, STM32G411R6T3, STM32G411R6T6, STM32G411R8T3, STM32G411R8T6, STM32G411RBT3, STM32G411RBT6, STM32G414CBT3, STM32G414CBT6, STM32G414CBU3, STM32G414CBU6, STM32G414CCT3, STM32G414CCT6, STM32G414CCU3, STM32G414CCU6, STM32G414MBT3, STM32G414MBT6, STM32G414MCT3, STM32G414MCT6, STM32G414RBT3, STM32G414RBT6, STM32G414RCT3, STM32G414RCT6, STM32G414VBT3, STM32G414VBT6, STM32G414VCT3, STM32G414VCT6, STM32G431CBT3Z, STM32G431RBT3Z, STM32G471CCT6, STM32G471CCU6, STM32G471CET3, STM32G471CET6, STM32G471CEU3, STM32G471CEU6, STM32G471MCT6, STM32G471MET3, STM32G471MET6, STM32G471MEY6TR, STM32G471QCT6, STM32G471QET3, STM32G471RCT6, STM32G471RET3, STM32G471RET6, STM32G471VCH6, STM32G471VCI6, STM32G471VCT6, STM32G471VEH3, STM32G471VEH6, STM32G471VEI3, STM32G471VEI6, STM32G471VET3, STM32G471VET6, STM32G473QET3Z, STM32G473RET3Z, STM32G474CCT6, STM32G491RET3Z, STM32H503CBT6, STM32H503CBU6, STM32H503EBY6TR, STM32H503KBU6, STM32H503RBT6, STM32H523CCT6, STM32H523CCU6, STM32H523CET6, STM32H523CEU6, STM32H523HEY6TR, STM32H523RCT6, STM32H523RET6, STM32H523VCI6, STM32H523VCT6, STM32H523VEI6, STM32H523VET6, STM32H523ZCJ6, STM32H523ZCT6, STM32H523ZEJ6, STM32H523ZET6, STM32H533CET6, STM32H533CEU6, STM32H533HEY6TR, STM32H533RET6, STM32H533VEI6, STM32H533VET6, STM32H533ZEJ6, STM32H533ZET6, STM32H562AGI6, STM32H562AII6, STM32H562IGK6, STM32H562IGT6, STM32H562IIK6, STM32H562IIT6, STM32H562RGT6, STM32H562RGV6, STM32H562RIT6, STM32H562RIV6, STM32H562VGT6, STM32H562VIT6, STM32H562ZGT6, STM32H562ZIT6, STM32H563AGI6, STM32H563AII3Q, STM32H563AII6, STM32H563IGK6, STM32H563IGT6, STM32H563IIK3Q, STM32H563IIK6, STM32H563IIT3Q, STM32H563IIT6, STM32H563MIY3QTR, STM32H563RGT6, STM32H563RGV6, STM32H563RIT6, STM32H563RIV6, STM32H563VGT6, STM32H563VIT3Q, STM32H563VIT6, STM32H563ZGT6, STM32H563ZIT3Q, STM32H563ZIT6, STM32H573AII3Q, STM32H573AII6, STM32H573I-DK, STM32H573IIK3Q, STM32H573IIK6, STM32H573IIT3Q, STM32H573IIT6, STM32H573MIY3QTR, STM32H573RIT6, STM32H573RIV6, STM32H573VIT3Q, STM32H573VIT6, STM32H573ZIT3Q, STM32H573ZIT6, STM32H7R3A8I6, STM32H7R3I8K6, STM32H7R3I8T6, STM32H7R3L8H6, STM32H7R3L8H6H, STM32H7R3R8V6, STM32H7R3V8H6, STM32H7R3V8T6, STM32H7R3V8Y6TR, STM32H7R3Z8J6, STM32H7R3Z8T6, STM32H7R7A8I6, STM32H7R7I8K6, STM32H7R7I8T6, STM32H7R7L8H6, STM32H7R7L8H6H, STM32H7R7Z8J6, STM32H7S3A8I6, STM32H7S3I8K6, STM32H7S3I8T6, STM32H7S3L8H6, STM32H7S3L8H6H, STM32H7S3R8V6, STM32H7S3V8H6, STM32H7S3V8T6, STM32H7S3V8Y6TR, STM32H7S3Z8J6, STM32H7S3Z8T6, STM32H7S78-DK, STM32H7S7A8I6, STM32H7S7I8K6, STM32H7S7I8T6, STM32H7S7L8H6, STM32H7S7L8H6H, STM32H7S7Z8J6, STM32L4R5QGI6STR, STM32MP131AAE3, STM32MP131AAF3, STM32MP131AAG3, STM32MP131CAE3, STM32MP131CAF3, STM32MP131CAG3, STM32MP131DAE7, STM32MP131DAF7, STM32MP131DAG7, STM32MP131FAE7, STM32MP131FAF7, STM32MP131FAG7, STM32MP133AAE3, STM32MP133AAF3, STM32MP133AAG3, STM32MP133CAE3, STM32MP133CAF3, STM32MP133CAG3, STM32MP133DAE7, STM32MP133DAF7, STM32MP133DAG7, STM32MP133FAE7, STM32MP133FAF7, STM32MP133FAG7, STM32MP135AAE3, STM32MP135AAF3, STM32MP135AAG3, STM32MP135CAE3, STM32MP135CAF3, STM32MP135CAG3, STM32MP135DAE7, STM32MP135DAF7, STM32MP135DAG7, STM32MP135F-DK, STM32MP135FAE7, STM32MP135FAF7, STM32MP135FAF7T, STM32MP135FAF7U, STM32MP135FAG7, STM32MP211AAL3, STM32MP211AAM3, STM32MP211AAN3, STM32MP211AAO3, STM32MP211CAL3, STM32MP211CAM3, STM32MP211CAN3, STM32MP211CAO3, STM32MP211DAL3, STM32MP211DAM3, STM32MP211DAN3, STM32MP211DAO3, STM32MP211FAL3, STM32MP211FAM3, STM32MP211FAN3, STM32MP211FAO3, STM32MP213AAL3, STM32MP213AAM3, STM32MP213AAN3, STM32MP213AAO3, STM32MP213CAL3, STM32MP213CAM3, STM32MP213CAN3, STM32MP213CAO3, STM32MP213DAL3, STM32MP213DAM3, STM32MP213DAN3, STM32MP213DAO3, STM32MP213FAL3, STM32MP213FAM3, STM32MP213FAN3, STM32MP213FAO3, STM32MP215AAL3, STM32MP215AAM3, STM32MP215AAN3, STM32MP215AAO3, STM32MP215CAL3, STM32MP215CAM3, STM32MP215CAN3, STM32MP215CAO3, STM32MP215DAL3, STM32MP215DAM3, STM32MP215DAN3, STM32MP215DAO3, STM32MP215F-DK, STM32MP215FAL3, STM32MP215FAM3, STM32MP215FAN3, STM32MP215FAO3, STM32MP231AAJ3, STM32MP231AAK3, STM32MP231AAL3, STM32MP231CAJ3, STM32MP231CAK3, STM32MP231CAL3, STM32MP231DAJ3, STM32MP231DAK3, STM32MP231DAL3, STM32MP231FAJ3, STM32MP231FAK3, STM32MP231FAL3, STM32MP233AAJ3, STM32MP233AAK3, STM32MP233AAL3, STM32MP233CAJ3, STM32MP233CAK3, STM32MP233CAL3, STM32MP233DAJ3, STM32MP233DAK3, STM32MP233DAL3, STM32MP233FAJ3, STM32MP233FAK3, STM32MP233FAL3, STM32MP235AAJ3, STM32MP235AAK3, STM32MP235AAL3, STM32MP235CAJ3, STM32MP235CAK3, STM32MP235CAL3, STM32MP235DAJ3, STM32MP235DAK3, STM32MP235DAL3, STM32MP235FAJ3, STM32MP235FAK3, STM32MP235FAL3, STM32MP251AAI3, STM32MP251AAK3, STM32MP251AAL3, STM32MP251CAI3, STM32MP251CAK3, STM32MP251CAL3, STM32MP251DAI3, STM32MP251DAK3, STM32MP251DAL3, STM32MP251FAI3, STM32MP251FAK3, STM32MP251FAL3, STM32MP253AAI3, STM32MP253AAK3, STM32MP253AAL3, STM32MP253CAI3, STM32MP253CAK3, STM32MP253CAL3, STM32MP253DAI3, STM32MP253DAK3, STM32MP253DAL3, STM32MP253FAI3, STM32MP253FAK3, STM32MP253FAL3, STM32MP255AAI3, STM32MP255AAK3, STM32MP255AAL3, STM32MP255CAI3, STM32MP255CAK3, STM32MP255CAL3, STM32MP255DAI3, STM32MP255DAK3, STM32MP255DAL3, STM32MP255FAI3, STM32MP255FAK3, STM32MP255FAL3, STM32MP257AAI3, STM32MP257AAK3, STM32MP257AAL3, STM32MP257CAI3, STM32MP257CAK3, STM32MP257CAL3, STM32MP257DAI3, STM32MP257DAK3, STM32MP257DAL3, STM32MP257F-DK, STM32MP257F-EV1, STM32MP257FAI3, STM32MP257FAK3, STM32MP257FAL3, STM32N645A0H3Q, STM32N645B0H3Q, STM32N645I0H3Q, STM32N645L0H3Q, STM32N645X0H3Q, STM32N645Z0H3Q, STM32N647A0H3Q, STM32N647B0H3Q, STM32N647I0H3Q, STM32N647L0H3Q, STM32N647X0H3Q, STM32N647Z0H3Q, STM32N655A0H3Q, STM32N655B0H3Q, STM32N655I0H3Q, STM32N655L0H3Q, STM32N655X0H3Q, STM32N655Z0H3Q, STM32N6570-DK, STM32N657A0H3Q, STM32N657B0H3Q, STM32N657I0H3Q, STM32N657L0H3Q, STM32N657X0H3Q, STM32N657Z0H3Q, STM32U031C6T6, STM32U031C6U6, STM32U031C8T6, STM32U031C8U6, STM32U031F4P6, STM32U031F6P6, STM32U031F8P6, STM32U031G6Y6TR, STM32U031G8Y6TR, STM32U031K4U6, STM32U031K6U6, STM32U031K8U6, STM32U031R6I6, STM32U031R6T6, STM32U031R8I6, STM32U031R8T6, STM32U073C8T6, STM32U073C8U6, STM32U073CBT6, STM32U073CBU6, STM32U073CCT6, STM32U073CCU6, STM32U073H8Y6TR, STM32U073HBY6TR, STM32U073HCY6TR, STM32U073K8U6, STM32U073KBU6, STM32U073KCU6, STM32U073M8I6, STM32U073M8T6, STM32U073MBI6, STM32U073MBT6, STM32U073MCI6, STM32U073MCT6, STM32U073R8I6, STM32U073R8T6, STM32U073RBI6, STM32U073RBT6, STM32U073RCI6, STM32U073RCT6, STM32U083C-DK, STM32U083CCT6, STM32U083CCU6, STM32U083HCY6TR, STM32U083KCU6, STM32U083MCI6, STM32U083MCT6, STM32U083RCI6, STM32U083RCT6, STM32U375CET6, STM32U375CET6Q, STM32U375CEU6, STM32U375CEU6Q, STM32U375CEY6QTR, STM32U375CGT6, STM32U375CGT6Q, STM32U375CGU6, STM32U375CGU6Q, STM32U375CGY6QTR, STM32U375KEU6, STM32U375KGU6, STM32U375REI6, STM32U375REI6Q, STM32U375RET6, STM32U375RET6Q, STM32U375REY6GTR, STM32U375REY6QTR, STM32U375RGI6, STM32U375RGI6Q, STM32U375RGT6, STM32U375RGT6Q, STM32U375RGY6GTR, STM32U375RGY6QTR, STM32U375VEI6, STM32U375VEI6Q, STM32U375VET6, STM32U375VET6Q, STM32U375VGI6, STM32U375VGI6Q, STM32U375VGT6, STM32U375VGT6Q, STM32U385CGT6, STM32U385CGT6Q, STM32U385CGU6, STM32U385CGU6Q, STM32U385CGY6QTR, STM32U385KGU6, STM32U385RGI6, STM32U385RGI6Q, STM32U385RGT6, STM32U385RGT6Q, STM32U385RGY6GTR, STM32U385RGY6QTR, STM32U385VGI6, STM32U385VGI6Q, STM32U385VGT6, STM32U385VGT6Q, STM32U535CBT6, STM32U535CBT6Q, STM32U535CBU6, STM32U535CBU6Q, STM32U535CCT6, STM32U535CCT6Q, STM32U535CCU6, STM32U535CCU6Q, STM32U535CET6, STM32U535CET6Q, STM32U535CEU6, STM32U535CEU6Q, STM32U535JEY6QTR, STM32U535NCY6QTR, STM32U535NEY6QTR, STM32U535RBI6, STM32U535RBI6Q, STM32U535RBT6, STM32U535RBT6Q, STM32U535RCI6, STM32U535RCI6Q, STM32U535RCT6, STM32U535RCT6Q, STM32U535REI6, STM32U535REI6Q, STM32U535RET6, STM32U535RET6Q, STM32U535VCI6, STM32U535VCI6Q, STM32U535VCT6, STM32U535VCT6Q, STM32U535VEI6, STM32U535VEI6Q, STM32U535VET6, STM32U535VET6Q, STM32U545CET6, STM32U545CET6Q, STM32U545CEU6, STM32U545CEU6Q, STM32U545JEY6QTR, STM32U545NEY6QTR, STM32U545REI6, STM32U545REI6Q, STM32U545RET6, STM32U545RET6Q, STM32U545VEI6, STM32U545VEI6Q, STM32U545VET6, STM32U545VET6Q, STM32U595AIH6, STM32U595AIH6Q, STM32U595AJH6, STM32U595AJH6Q, STM32U595QII6, STM32U595QII6Q, STM32U595QJI6, STM32U595QJI6Q, STM32U595RIT6, STM32U595RIT6Q, STM32U595RJT6, STM32U595RJT6Q, STM32U595VIT6, STM32U595VIT6Q, STM32U595VJT6, STM32U595VJT6Q, STM32U595ZIT6, STM32U595ZIT6Q, STM32U595ZIY6QTR, STM32U595ZJT6, STM32U595ZJT6Q, STM32U595ZJY6QTR, STM32U599BJY6QTR, STM32U599NIH6Q, STM32U599NJH6Q, STM32U599VIT6Q, STM32U599VJT6, STM32U599VJT6Q, STM32U599ZIT6Q, STM32U599ZIY6QTR, STM32U599ZJT6Q, STM32U599ZJY6QTR, STM32U5A5AJH6, STM32U5A5AJH6Q, STM32U5A5QII3Q , STM32U5A5QJI6, STM32U5A5QJI6Q, STM32U5A5RJT6, STM32U5A5RJT6Q, STM32U5A5VJT6, STM32U5A5VJT6Q, STM32U5A5ZJT6, STM32U5A5ZJT6Q, STM32U5A5ZJY6QTR, STM32U5A9BJY6QTR, STM32U5A9J-DK, STM32U5A9NJH6Q, STM32U5A9VJT6Q, STM32U5A9ZJT6Q, STM32U5A9ZJY6QTR, STM32U5F7VIT6, STM32U5F7VIT6Q, STM32U5F7VJT6, STM32U5F7VJT6Q, STM32U5F9BJY6QTR, STM32U5F9NJH6Q, STM32U5F9VIT6Q, STM32U5F9VJT6Q, STM32U5F9ZIJ6QTR, STM32U5F9ZIT6Q, STM32U5F9ZJJ6QTR, STM32U5F9ZJT6Q, STM32U5G7VJT6, STM32U5G7VJT6Q, STM32U5G9BJY6QTR, STM32U5G9J-DK1, STM32U5G9J-DK2, STM32U5G9NJH6Q, STM32U5G9VJT6Q, STM32U5G9ZJJ6QTR, STM32U5G9ZJT6Q, STM32WB05KZV6TR, STM32WB05KZV7TR, STM32WB05TZF6TR, STM32WB05TZF7TR, STM32WB06CCF6TR, STM32WB06CCF7TR, STM32WB06CCV6TR, STM32WB06CCV7TR, STM32WB06KCV6TR, STM32WB06KCV7TR, STM32WB07CCF6TR, STM32WB07CCF7TR, STM32WB07CCV6TR, STM32WB07CCV7TR, STM32WB07KCV6TR, STM32WB07KCV7TR, STM32WB09KEV6TR, STM32WB09KEV7TR, STM32WB09TEF6TR, STM32WB09TEF7TR, STM32WB1MMCH6, STM32WBA50KGU6, STM32WBA50KGU6TR, STM32WBA52CEU6, STM32WBA52CEU6TR, STM32WBA52CEU7, STM32WBA52CEU7TR, STM32WBA52CGU6, STM32WBA52CGU6TR, STM32WBA52CGU6U, STM32WBA52CGU7, STM32WBA52CGU7TR, STM32WBA52KEU6, STM32WBA52KEU6TR, STM32WBA52KGU6, STM32WBA52KGU6TR, STM32WBA54CEU6, STM32WBA54CEU6TR, STM32WBA54CEU7, STM32WBA54CEU7TR, STM32WBA54CGU6, STM32WBA54CGU6TR, STM32WBA54CGU7, STM32WBA54CGU7TR, STM32WBA54KEU6, STM32WBA54KEU6TR, STM32WBA54KEU7, STM32WBA54KEU7TR, STM32WBA54KGU6, STM32WBA54KGU6TR, STM32WBA54KGU7, STM32WBA54KGU7TR, STM32WBA55CEU6, STM32WBA55CEU6TR, STM32WBA55CEU7, STM32WBA55CEU7TR, STM32WBA55CGU6, STM32WBA55CGU6TR, STM32WBA55CGU6U, STM32WBA55CGU7, STM32WBA55CGU7TR, STM32WBA55G-DK1, STM32WBA55HEF6, STM32WBA55HEF7, STM32WBA55HGF6, STM32WBA55HGF7, STM32WBA55UEI6, STM32WBA55UEI6TR, STM32WBA55UEI7, STM32WBA55UEI7TR, STM32WBA55UGI6, STM32WBA55UGI6TR, STM32WBA55UGI7, STM32WBA55UGI7TR, STM32WBA5MMGH6TR, STM32WBA62MGF6, STM32WBA62MIF6, STM32WBA65MGF7, STM32WBA65MIF6, STM32WBA65MIF7, STM32WL30K8V6, STM32WL30KBV6, STM32WL31C8V6, STM32WL31CBV6, STM32WL31K8V6, STM32WL31KBV6, STM32WL33C8V6, STM32WL33C8V6X, STM32WL33CBV6, STM32WL33CBV6X, STM32WL33CCV6, STM32WL33CCV6A, STM32WL33CCV6X, STM32WL33K8V7, STM32WL33K8V7X, STM32WL33KBV7 , STM32WL33KBV7X, STM32WL33KCV7, STM32WL33KCV7X, STM32WL5MOCH6, STM32WL5MOCH6TR]
2025-12-16 21:27:40,065 [ERROR] LogOutputStream:75 - [STDERR_REDIRECT] [Fatal Error] :1:1: Premature end of file.
2025-12-16 21:27:40,065 [ERROR] LogOutputStream:75 - [STDERR_REDIRECT] 
2025-12-16 21:27:40,234 [INFO] BoardInfo:889 - No configuration file found for board P-NUCLEO-WB55
2025-12-16 21:27:40,235 [INFO] DbBoards:161 - Kit is not supported: P-NUCLEO-WB55
2025-12-16 21:27:40,242 [INFO] BoardInfo:889 - No configuration file found for board STEVAL-BFA001V1B
2025-12-16 21:27:40,244 [INFO] DbBoards:161 - Kit is not supported: STEVAL-BFA001V1B
2025-12-16 21:27:40,244 [INFO] BoardInfo:889 - No configuration file found for board STEVAL-BFA001V2B
2025-12-16 21:27:40,245 [INFO] DbBoards:161 - Kit is not supported: STEVAL-BFA001V2B
2025-12-16 21:27:40,442 [INFO] DbBoards:168 - Found 212 boards, 209 are supported
2025-12-16 21:27:40,442 [INFO] DbBoards:169 - Found 212 boards, 43 of them is supported for  Bsp
2025-12-16 21:27:40,445 [INFO] ApiDb:423 - Load user favorites file C:\Users\megha/.stm32cubeide/favorites.boards.txt: 0 item(s)
2025-12-16 21:27:40,445 [INFO] ApiDb:427 - User favorites Boards=[]
2025-12-16 21:27:40,445 [INFO] DbBoards:198 - Set 0 / 0 favorites Boards
2025-12-16 21:27:40,445 [INFO] McuFinderGlobals:76 - Set McuFinderConnectedMode to true
2025-12-16 21:27:40,450 [INFO] MultiScanPanel:200 - Auto-refresh data requested => check proxy status ongoing
2025-12-16 21:27:40,452 [INFO] FinderPluginLoader:96 - Searching for filters in installed packs
2025-12-16 21:27:41,055 [ERROR] LogOutputStream:75 - [STDERR_REDIRECT] [Fatal Error] :1:1: Premature end of file.
2025-12-16 21:27:41,056 [ERROR] LogOutputStream:75 - [STDERR_REDIRECT] 
2025-12-16 21:27:41,572 [INFO] LoadUrlFilesThread:185 - End of LoadServerUrlFiles without Thread
2025-12-16 21:27:41,589 [INFO] DetailPanel:341 - Set advertising image to C:/Users/megha/STM32Cube/Repository/\en.prom-st67w-expansion-board.png
2025-12-16 21:27:42,062 [ERROR] LogOutputStream:75 - [STDERR_REDIRECT] [Fatal Error] :1:1: Premature end of file.
2025-12-16 21:27:42,062 [ERROR] LogOutputStream:75 - [STDERR_REDIRECT] 
2025-12-16 21:27:43,071 [ERROR] LogOutputStream:75 - [STDERR_REDIRECT] [Fatal Error] :1:1: Premature end of file.
2025-12-16 21:27:43,071 [ERROR] LogOutputStream:75 - [STDERR_REDIRECT] 
2025-12-16 21:27:44,053 [ERROR] LogOutputStream:75 - [STDERR_REDIRECT] [Fatal Error] :1:1: Premature end of file.
2025-12-16 21:27:44,053 [ERROR] LogOutputStream:75 - [STDERR_REDIRECT] 
2025-12-16 21:27:45,049 [ERROR] LogOutputStream:75 - [STDERR_REDIRECT] [Fatal Error] :1:1: Premature end of file.
2025-12-16 21:27:45,049 [ERROR] LogOutputStream:75 - [STDERR_REDIRECT] 
2025-12-16 21:27:46,050 [ERROR] LogOutputStream:75 - [STDERR_REDIRECT] [Fatal Error] :1:1: Premature end of file.
2025-12-16 21:27:46,050 [ERROR] LogOutputStream:75 - [STDERR_REDIRECT] 
2025-12-16 21:27:46,194 [INFO] MultiScanPanel:200 - Auto-refresh data requested => check proxy status ongoing
2025-12-16 21:27:46,300 [INFO] LoadUrlFilesThread:185 - End of LoadServerUrlFiles without Thread
2025-12-16 21:27:46,300 [INFO] DetailPanel:341 - Set advertising image to C:/Users/megha/STM32Cube/Repository/\en.prom-st67w-expansion-board.png
2025-12-16 21:27:46,310 [INFO] DbBoards:642 - Loading board mini-images...
2025-12-16 21:27:47,049 [ERROR] LogOutputStream:75 - [STDERR_REDIRECT] [Fatal Error] :1:1: Premature end of file.
2025-12-16 21:27:47,049 [ERROR] LogOutputStream:75 - [STDERR_REDIRECT] 
2025-12-16 21:27:48,052 [ERROR] LogOutputStream:75 - [STDERR_REDIRECT] [Fatal Error] :1:1: Premature end of file.
2025-12-16 21:27:48,052 [ERROR] LogOutputStream:75 - [STDERR_REDIRECT] 
2025-12-16 21:27:48,100 [ERROR] DbBoards:659 - Image file not found for board STM32MP215F-DK: C:\Users\megha\.stmcufinder\plugins\mcufinder//mcu//boards_images/STM32MP215F-DK.jpg
2025-12-16 21:27:48,194 [INFO] DbBoards:665 - Loaded 211 board mini-images
2025-12-16 21:27:49,051 [ERROR] LogOutputStream:75 - [STDERR_REDIRECT] [Fatal Error] :1:1: Premature end of file.
2025-12-16 21:27:49,051 [ERROR] LogOutputStream:75 - [STDERR_REDIRECT] 
2025-12-16 21:27:50,048 [ERROR] LogOutputStream:75 - [STDERR_REDIRECT] [Fatal Error] :1:1: Premature end of file.
2025-12-16 21:27:50,049 [ERROR] LogOutputStream:75 - [STDERR_REDIRECT] 
2025-12-16 21:27:51,048 [ERROR] LogOutputStream:75 - [STDERR_REDIRECT] [Fatal Error] :1:1: Premature end of file.
2025-12-16 21:27:51,048 [ERROR] LogOutputStream:75 - [STDERR_REDIRECT] 
2025-12-16 21:27:52,048 [ERROR] LogOutputStream:75 - [STDERR_REDIRECT] [Fatal Error] :1:1: Premature end of file.
2025-12-16 21:27:52,049 [ERROR] LogOutputStream:75 - [STDERR_REDIRECT] 
2025-12-16 21:27:53,048 [ERROR] LogOutputStream:75 - [STDERR_REDIRECT] [Fatal Error] :1:1: Premature end of file.
2025-12-16 21:27:53,048 [ERROR] LogOutputStream:75 - [STDERR_REDIRECT] 
2025-12-16 21:27:54,050 [ERROR] LogOutputStream:75 - [STDERR_REDIRECT] [Fatal Error] :1:1: Premature end of file.
2025-12-16 21:27:54,050 [ERROR] LogOutputStream:75 - [STDERR_REDIRECT] 
2025-12-16 21:27:55,048 [ERROR] LogOutputStream:75 - [STDERR_REDIRECT] [Fatal Error] :1:1: Premature end of file.
2025-12-16 21:27:55,048 [ERROR] LogOutputStream:75 - [STDERR_REDIRECT] 
2025-12-16 21:27:56,051 [ERROR] LogOutputStream:75 - [STDERR_REDIRECT] [Fatal Error] :1:1: Premature end of file.
2025-12-16 21:27:56,052 [ERROR] LogOutputStream:75 - [STDERR_REDIRECT] 
2025-12-16 21:27:57,051 [ERROR] LogOutputStream:75 - [STDERR_REDIRECT] [Fatal Error] :1:1: Premature end of file.
2025-12-16 21:27:57,051 [ERROR] LogOutputStream:75 - [STDERR_REDIRECT] 
2025-12-16 21:27:58,060 [ERROR] LogOutputStream:75 - [STDERR_REDIRECT] [Fatal Error] :1:1: Premature end of file.
2025-12-16 21:27:58,060 [ERROR] LogOutputStream:75 - [STDERR_REDIRECT] 
2025-12-16 21:27:59,058 [ERROR] LogOutputStream:75 - [STDERR_REDIRECT] [Fatal Error] :1:1: Premature end of file.
2025-12-16 21:27:59,058 [ERROR] LogOutputStream:75 - [STDERR_REDIRECT] 
2025-12-16 21:28:00,048 [ERROR] LogOutputStream:75 - [STDERR_REDIRECT] [Fatal Error] :1:1: Premature end of file.
2025-12-16 21:28:00,048 [ERROR] LogOutputStream:75 - [STDERR_REDIRECT] 
2025-12-16 21:28:01,048 [ERROR] LogOutputStream:75 - [STDERR_REDIRECT] [Fatal Error] :1:1: Premature end of file.
2025-12-16 21:28:01,048 [ERROR] LogOutputStream:75 - [STDERR_REDIRECT] 
2025-12-16 21:28:02,050 [ERROR] LogOutputStream:75 - [STDERR_REDIRECT] [Fatal Error] :1:1: Premature end of file.
2025-12-16 21:28:02,052 [ERROR] LogOutputStream:75 - [STDERR_REDIRECT] 
2025-12-16 21:28:03,067 [ERROR] LogOutputStream:75 - [STDERR_REDIRECT] [Fatal Error] :1:1: Premature end of file.
2025-12-16 21:28:03,067 [ERROR] LogOutputStream:75 - [STDERR_REDIRECT] 
2025-12-16 21:28:04,059 [ERROR] LogOutputStream:75 - [STDERR_REDIRECT] [Fatal Error] :1:1: Premature end of file.
2025-12-16 21:28:04,059 [ERROR] LogOutputStream:75 - [STDERR_REDIRECT] 
2025-12-16 21:28:05,055 [ERROR] LogOutputStream:75 - [STDERR_REDIRECT] [Fatal Error] :1:1: Premature end of file.
2025-12-16 21:28:05,055 [ERROR] LogOutputStream:75 - [STDERR_REDIRECT] 
2025-12-16 21:28:06,052 [ERROR] LogOutputStream:75 - [STDERR_REDIRECT] [Fatal Error] :1:1: Premature end of file.
2025-12-16 21:28:06,052 [ERROR] LogOutputStream:75 - [STDERR_REDIRECT] 
2025-12-16 21:28:07,053 [ERROR] LogOutputStream:75 - [STDERR_REDIRECT] [Fatal Error] :1:1: Premature end of file.
2025-12-16 21:28:07,053 [ERROR] LogOutputStream:75 - [STDERR_REDIRECT] 
2025-12-16 21:28:08,061 [ERROR] LogOutputStream:75 - [STDERR_REDIRECT] [Fatal Error] :1:1: Premature end of file.
2025-12-16 21:28:08,061 [ERROR] LogOutputStream:75 - [STDERR_REDIRECT] 
2025-12-16 21:28:09,050 [ERROR] LogOutputStream:75 - [STDERR_REDIRECT] [Fatal Error] :1:1: Premature end of file.
2025-12-16 21:28:09,050 [ERROR] LogOutputStream:75 - [STDERR_REDIRECT] 
2025-12-16 21:28:10,052 [ERROR] LogOutputStream:75 - [STDERR_REDIRECT] [Fatal Error] :1:1: Premature end of file.
2025-12-16 21:28:10,052 [ERROR] LogOutputStream:75 - [STDERR_REDIRECT] 
2025-12-16 21:28:11,052 [ERROR] LogOutputStream:75 - [STDERR_REDIRECT] [Fatal Error] :1:1: Premature end of file.
2025-12-16 21:28:11,052 [ERROR] LogOutputStream:75 - [STDERR_REDIRECT] 
2025-12-16 21:28:12,051 [ERROR] LogOutputStream:75 - [STDERR_REDIRECT] [Fatal Error] :1:1: Premature end of file.
2025-12-16 21:28:12,052 [ERROR] LogOutputStream:75 - [STDERR_REDIRECT] 
2025-12-16 21:28:13,051 [ERROR] LogOutputStream:75 - [STDERR_REDIRECT] [Fatal Error] :1:1: Premature end of file.
2025-12-16 21:28:13,051 [ERROR] LogOutputStream:75 - [STDERR_REDIRECT] 
2025-12-16 21:28:14,052 [ERROR] LogOutputStream:75 - [STDERR_REDIRECT] [Fatal Error] :1:1: Premature end of file.
2025-12-16 21:28:14,052 [ERROR] LogOutputStream:75 - [STDERR_REDIRECT] 
2025-12-16 21:28:15,050 [ERROR] LogOutputStream:75 - [STDERR_REDIRECT] [Fatal Error] :1:1: Premature end of file.
2025-12-16 21:28:15,050 [ERROR] LogOutputStream:75 - [STDERR_REDIRECT] 
2025-12-16 21:28:16,051 [ERROR] LogOutputStream:75 - [STDERR_REDIRECT] [Fatal Error] :1:1: Premature end of file.
2025-12-16 21:28:16,052 [ERROR] LogOutputStream:75 - [STDERR_REDIRECT] 
2025-12-16 21:28:17,050 [ERROR] LogOutputStream:75 - [STDERR_REDIRECT] [Fatal Error] :1:1: Premature end of file.
2025-12-16 21:28:17,050 [ERROR] LogOutputStream:75 - [STDERR_REDIRECT] 
2025-12-16 21:28:18,050 [ERROR] LogOutputStream:75 - [STDERR_REDIRECT] [Fatal Error] :1:1: Premature end of file.
2025-12-16 21:28:18,050 [ERROR] LogOutputStream:75 - [STDERR_REDIRECT] 
2025-12-16 21:28:19,066 [ERROR] LogOutputStream:75 - [STDERR_REDIRECT] [Fatal Error] :1:1: Premature end of file.
2025-12-16 21:28:19,066 [ERROR] LogOutputStream:75 - [STDERR_REDIRECT] 
2025-12-16 21:28:20,050 [ERROR] LogOutputStream:75 - [STDERR_REDIRECT] [Fatal Error] :1:1: Premature end of file.
2025-12-16 21:28:20,050 [ERROR] LogOutputStream:75 - [STDERR_REDIRECT] 
2025-12-16 21:28:21,049 [ERROR] LogOutputStream:75 - [STDERR_REDIRECT] [Fatal Error] :1:1: Premature end of file.
2025-12-16 21:28:21,049 [ERROR] LogOutputStream:75 - [STDERR_REDIRECT] 
2025-12-16 21:28:22,057 [ERROR] LogOutputStream:75 - [STDERR_REDIRECT] [Fatal Error] :1:1: Premature end of file.
2025-12-16 21:28:22,057 [ERROR] LogOutputStream:75 - [STDERR_REDIRECT] 
2025-12-16 21:28:23,049 [ERROR] LogOutputStream:75 - [STDERR_REDIRECT] [Fatal Error] :1:1: Premature end of file.
2025-12-16 21:28:23,049 [ERROR] LogOutputStream:75 - [STDERR_REDIRECT] 
2025-12-16 21:28:24,073 [ERROR] LogOutputStream:75 - [STDERR_REDIRECT] [Fatal Error] :1:1: Premature end of file.
2025-12-16 21:28:24,074 [ERROR] LogOutputStream:75 - [STDERR_REDIRECT] 
2025-12-16 21:28:25,051 [ERROR] LogOutputStream:75 - [STDERR_REDIRECT] [Fatal Error] :1:1: Premature end of file.
2025-12-16 21:28:25,052 [ERROR] LogOutputStream:75 - [STDERR_REDIRECT] 
2025-12-16 21:28:26,079 [ERROR] LogOutputStream:75 - [STDERR_REDIRECT] [Fatal Error] :1:1: Premature end of file.
2025-12-16 21:28:26,079 [ERROR] LogOutputStream:75 - [STDERR_REDIRECT] 
2025-12-16 21:28:27,056 [ERROR] LogOutputStream:75 - [STDERR_REDIRECT] [Fatal Error] :1:1: Premature end of file.
2025-12-16 21:28:27,056 [ERROR] LogOutputStream:75 - [STDERR_REDIRECT] 
2025-12-16 21:28:28,050 [ERROR] LogOutputStream:75 - [STDERR_REDIRECT] [Fatal Error] :1:1: Premature end of file.
2025-12-16 21:28:28,050 [ERROR] LogOutputStream:75 - [STDERR_REDIRECT] 
2025-12-16 21:28:29,058 [ERROR] LogOutputStream:75 - [STDERR_REDIRECT] [Fatal Error] :1:1: Premature end of file.
2025-12-16 21:28:29,058 [ERROR] LogOutputStream:75 - [STDERR_REDIRECT] 
2025-12-16 21:28:30,071 [ERROR] LogOutputStream:75 - [STDERR_REDIRECT] [Fatal Error] :1:1: Premature end of file.
2025-12-16 21:28:30,072 [ERROR] LogOutputStream:75 - [STDERR_REDIRECT] 
2025-12-16 21:28:30,749 [INFO] McuFinderGlobals:76 - Set McuFinderConnectedMode to true
2025-12-16 21:28:30,753 [INFO] ApiDb:448 - Save user favorites file C:\Users\megha/.stm32cubeide/favorites.mcus.txt: 0 item(s)
2025-12-16 21:28:30,753 [INFO] ApiDb:452 - User favorites MCUs=[]
2025-12-16 21:28:30,754 [INFO] ApiDb:448 - Save user favorites file C:\Users\megha/.stm32cubeide/favorites.boards.txt: 0 item(s)
2025-12-16 21:28:30,754 [INFO] ApiDb:452 - User favorites Boards=[]
2025-12-16 21:28:31,100 [ERROR] LogOutputStream:75 - [STDERR_REDIRECT] [Fatal Error] :1:1: Premature end of file.
2025-12-16 21:28:31,101 [ERROR] LogOutputStream:75 - [STDERR_REDIRECT] 
2025-12-16 21:28:32,049 [ERROR] LogOutputStream:75 - [STDERR_REDIRECT] [Fatal Error] :1:1: Premature end of file.
2025-12-16 21:28:32,050 [ERROR] LogOutputStream:75 - [STDERR_REDIRECT] 
2025-12-16 21:28:33,048 [ERROR] LogOutputStream:75 - [STDERR_REDIRECT] [Fatal Error] :1:1: Premature end of file.
2025-12-16 21:28:33,048 [ERROR] LogOutputStream:75 - [STDERR_REDIRECT] 
2025-12-16 21:28:34,052 [ERROR] LogOutputStream:75 - [STDERR_REDIRECT] [Fatal Error] :1:1: Premature end of file.
2025-12-16 21:28:34,052 [ERROR] LogOutputStream:75 - [STDERR_REDIRECT] 
2025-12-16 21:28:35,049 [ERROR] LogOutputStream:75 - [STDERR_REDIRECT] [Fatal Error] :1:1: Premature end of file.
2025-12-16 21:28:35,049 [ERROR] LogOutputStream:75 - [STDERR_REDIRECT] 
2025-12-16 21:28:36,048 [ERROR] LogOutputStream:75 - [STDERR_REDIRECT] [Fatal Error] :1:1: Premature end of file.
2025-12-16 21:28:36,049 [ERROR] LogOutputStream:75 - [STDERR_REDIRECT] 
2025-12-16 21:28:37,048 [ERROR] LogOutputStream:75 - [STDERR_REDIRECT] [Fatal Error] :1:1: Premature end of file.
2025-12-16 21:28:37,048 [ERROR] LogOutputStream:75 - [STDERR_REDIRECT] 
2025-12-16 21:28:38,049 [ERROR] LogOutputStream:75 - [STDERR_REDIRECT] [Fatal Error] :1:1: Premature end of file.
2025-12-16 21:28:38,050 [ERROR] LogOutputStream:75 - [STDERR_REDIRECT] 
2025-12-16 21:28:39,054 [ERROR] LogOutputStream:75 - [STDERR_REDIRECT] [Fatal Error] :1:1: Premature end of file.
2025-12-16 21:28:39,054 [ERROR] LogOutputStream:75 - [STDERR_REDIRECT] 
2025-12-16 21:28:40,050 [ERROR] LogOutputStream:75 - [STDERR_REDIRECT] [Fatal Error] :1:1: Premature end of file.
2025-12-16 21:28:40,050 [ERROR] LogOutputStream:75 - [STDERR_REDIRECT] 
2025-12-16 21:28:41,047 [ERROR] LogOutputStream:75 - [STDERR_REDIRECT] [Fatal Error] :1:1: Premature end of file.
2025-12-16 21:28:41,048 [ERROR] LogOutputStream:75 - [STDERR_REDIRECT] 
2025-12-16 21:28:42,048 [ERROR] LogOutputStream:75 - [STDERR_REDIRECT] [Fatal Error] :1:1: Premature end of file.
2025-12-16 21:28:42,048 [ERROR] LogOutputStream:75 - [STDERR_REDIRECT] 
2025-12-16 21:28:43,048 [ERROR] LogOutputStream:75 - [STDERR_REDIRECT] [Fatal Error] :1:1: Premature end of file.
2025-12-16 21:28:43,048 [ERROR] LogOutputStream:75 - [STDERR_REDIRECT] 
2025-12-16 21:28:44,048 [ERROR] LogOutputStream:75 - [STDERR_REDIRECT] [Fatal Error] :1:1: Premature end of file.
2025-12-16 21:28:44,048 [ERROR] LogOutputStream:75 - [STDERR_REDIRECT] 
2025-12-16 21:28:45,045 [ERROR] LogOutputStream:75 - [STDERR_REDIRECT] [Fatal Error] :1:1: Premature end of file.
2025-12-16 21:28:45,046 [ERROR] LogOutputStream:75 - [STDERR_REDIRECT] 
2025-12-16 21:28:46,048 [ERROR] LogOutputStream:75 - [STDERR_REDIRECT] [Fatal Error] :1:1: Premature end of file.
2025-12-16 21:28:46,049 [ERROR] LogOutputStream:75 - [STDERR_REDIRECT] 
2025-12-16 21:28:47,045 [ERROR] LogOutputStream:75 - [STDERR_REDIRECT] [Fatal Error] :1:1: Premature end of file.
2025-12-16 21:28:47,045 [ERROR] LogOutputStream:75 - [STDERR_REDIRECT] 
2025-12-16 21:28:48,051 [ERROR] LogOutputStream:75 - [STDERR_REDIRECT] [Fatal Error] :1:1: Premature end of file.
2025-12-16 21:28:48,052 [ERROR] LogOutputStream:75 - [STDERR_REDIRECT] 
2025-12-16 21:28:49,048 [ERROR] LogOutputStream:75 - [STDERR_REDIRECT] [Fatal Error] :1:1: Premature end of file.
2025-12-16 21:28:49,048 [ERROR] LogOutputStream:75 - [STDERR_REDIRECT] 
2025-12-16 21:28:50,048 [ERROR] LogOutputStream:75 - [STDERR_REDIRECT] [Fatal Error] :1:1: Premature end of file.
2025-12-16 21:28:50,048 [ERROR] LogOutputStream:75 - [STDERR_REDIRECT] 
2025-12-16 21:28:51,048 [ERROR] LogOutputStream:75 - [STDERR_REDIRECT] [Fatal Error] :1:1: Premature end of file.
2025-12-16 21:28:51,048 [ERROR] LogOutputStream:75 - [STDERR_REDIRECT] 
2025-12-16 21:28:52,048 [ERROR] LogOutputStream:75 - [STDERR_REDIRECT] [Fatal Error] :1:1: Premature end of file.
2025-12-16 21:28:52,048 [ERROR] LogOutputStream:75 - [STDERR_REDIRECT] 
2025-12-16 21:28:53,049 [ERROR] LogOutputStream:75 - [STDERR_REDIRECT] [Fatal Error] :1:1: Premature end of file.
2025-12-16 21:28:53,049 [ERROR] LogOutputStream:75 - [STDERR_REDIRECT] 
2025-12-16 21:28:54,057 [ERROR] LogOutputStream:75 - [STDERR_REDIRECT] [Fatal Error] :1:1: Premature end of file.
2025-12-16 21:28:54,057 [ERROR] LogOutputStream:75 - [STDERR_REDIRECT] 
2025-12-16 21:28:55,051 [ERROR] LogOutputStream:75 - [STDERR_REDIRECT] [Fatal Error] :1:1: Premature end of file.
2025-12-16 21:28:55,051 [ERROR] LogOutputStream:75 - [STDERR_REDIRECT] 
2025-12-16 21:28:56,049 [ERROR] LogOutputStream:75 - [STDERR_REDIRECT] [Fatal Error] :1:1: Premature end of file.
2025-12-16 21:28:56,049 [ERROR] LogOutputStream:75 - [STDERR_REDIRECT] 
2025-12-16 21:28:57,065 [ERROR] LogOutputStream:75 - [STDERR_REDIRECT] [Fatal Error] :1:1: Premature end of file.
2025-12-16 21:28:57,065 [ERROR] LogOutputStream:75 - [STDERR_REDIRECT] 
2025-12-16 21:28:58,050 [ERROR] LogOutputStream:75 - [STDERR_REDIRECT] [Fatal Error] :1:1: Premature end of file.
2025-12-16 21:28:58,050 [ERROR] LogOutputStream:75 - [STDERR_REDIRECT] 
2025-12-16 21:28:59,059 [ERROR] LogOutputStream:75 - [STDERR_REDIRECT] [Fatal Error] :1:1: Premature end of file.
2025-12-16 21:28:59,059 [ERROR] LogOutputStream:75 - [STDERR_REDIRECT] 
2025-12-16 21:29:00,053 [ERROR] LogOutputStream:75 - [STDERR_REDIRECT] [Fatal Error] :1:1: Premature end of file.
2025-12-16 21:29:00,053 [ERROR] LogOutputStream:75 - [STDERR_REDIRECT] 
2025-12-16 21:29:01,050 [ERROR] LogOutputStream:75 - [STDERR_REDIRECT] [Fatal Error] :1:1: Premature end of file.
2025-12-16 21:29:01,050 [ERROR] LogOutputStream:75 - [STDERR_REDIRECT] 
2025-12-16 21:29:02,050 [ERROR] LogOutputStream:75 - [STDERR_REDIRECT] [Fatal Error] :1:1: Premature end of file.
2025-12-16 21:29:02,050 [ERROR] LogOutputStream:75 - [STDERR_REDIRECT] 
2025-12-16 21:29:03,050 [ERROR] LogOutputStream:75 - [STDERR_REDIRECT] [Fatal Error] :1:1: Premature end of file.
2025-12-16 21:29:03,051 [ERROR] LogOutputStream:75 - [STDERR_REDIRECT] 
2025-12-16 21:29:04,048 [ERROR] LogOutputStream:75 - [STDERR_REDIRECT] [Fatal Error] :1:1: Premature end of file.
2025-12-16 21:29:04,048 [ERROR] LogOutputStream:75 - [STDERR_REDIRECT] 
2025-12-16 21:29:05,049 [ERROR] LogOutputStream:75 - [STDERR_REDIRECT] [Fatal Error] :1:1: Premature end of file.
2025-12-16 21:29:05,049 [ERROR] LogOutputStream:75 - [STDERR_REDIRECT] 
2025-12-16 21:29:06,051 [ERROR] LogOutputStream:75 - [STDERR_REDIRECT] [Fatal Error] :1:1: Premature end of file.
2025-12-16 21:29:06,051 [ERROR] LogOutputStream:75 - [STDERR_REDIRECT] 
2025-12-16 21:29:07,047 [ERROR] LogOutputStream:75 - [STDERR_REDIRECT] [Fatal Error] :1:1: Premature end of file.
2025-12-16 21:29:07,048 [ERROR] LogOutputStream:75 - [STDERR_REDIRECT] 
2025-12-16 21:29:08,048 [ERROR] LogOutputStream:75 - [STDERR_REDIRECT] [Fatal Error] :1:1: Premature end of file.
2025-12-16 21:29:08,048 [ERROR] LogOutputStream:75 - [STDERR_REDIRECT] 
2025-12-16 21:29:09,052 [ERROR] LogOutputStream:75 - [STDERR_REDIRECT] [Fatal Error] :1:1: Premature end of file.
2025-12-16 21:29:09,053 [ERROR] LogOutputStream:75 - [STDERR_REDIRECT] 
2025-12-16 21:29:10,052 [ERROR] LogOutputStream:75 - [STDERR_REDIRECT] [Fatal Error] :1:1: Premature end of file.
2025-12-16 21:29:10,052 [ERROR] LogOutputStream:75 - [STDERR_REDIRECT] 
2025-12-16 21:29:11,046 [ERROR] LogOutputStream:75 - [STDERR_REDIRECT] [Fatal Error] :1:1: Premature end of file.
2025-12-16 21:29:11,046 [ERROR] LogOutputStream:75 - [STDERR_REDIRECT] 
2025-12-16 21:29:12,051 [ERROR] LogOutputStream:75 - [STDERR_REDIRECT] [Fatal Error] :1:1: Premature end of file.
2025-12-16 21:29:12,052 [ERROR] LogOutputStream:75 - [STDERR_REDIRECT] 
2025-12-16 21:29:13,052 [ERROR] LogOutputStream:75 - [STDERR_REDIRECT] [Fatal Error] :1:1: Premature end of file.
2025-12-16 21:29:13,052 [ERROR] LogOutputStream:75 - [STDERR_REDIRECT] 
2025-12-16 21:29:14,049 [ERROR] LogOutputStream:75 - [STDERR_REDIRECT] [Fatal Error] :1:1: Premature end of file.
2025-12-16 21:29:14,049 [ERROR] LogOutputStream:75 - [STDERR_REDIRECT] 
2025-12-16 21:29:15,061 [ERROR] LogOutputStream:75 - [STDERR_REDIRECT] [Fatal Error] :1:1: Premature end of file.
2025-12-16 21:29:15,061 [ERROR] LogOutputStream:75 - [STDERR_REDIRECT] 
2025-12-16 21:29:16,047 [ERROR] LogOutputStream:75 - [STDERR_REDIRECT] [Fatal Error] :1:1: Premature end of file.
2025-12-16 21:29:16,047 [ERROR] LogOutputStream:75 - [STDERR_REDIRECT] 
2025-12-16 21:29:17,048 [ERROR] LogOutputStream:75 - [STDERR_REDIRECT] [Fatal Error] :1:1: Premature end of file.
2025-12-16 21:29:17,048 [ERROR] LogOutputStream:75 - [STDERR_REDIRECT] 
2025-12-16 21:29:18,051 [ERROR] LogOutputStream:75 - [STDERR_REDIRECT] [Fatal Error] :1:1: Premature end of file.
2025-12-16 21:29:18,051 [ERROR] LogOutputStream:75 - [STDERR_REDIRECT] 
2025-12-16 21:29:19,051 [ERROR] LogOutputStream:75 - [STDERR_REDIRECT] [Fatal Error] :1:1: Premature end of file.
2025-12-16 21:29:19,051 [ERROR] LogOutputStream:75 - [STDERR_REDIRECT] 
2025-12-16 21:29:20,050 [ERROR] LogOutputStream:75 - [STDERR_REDIRECT] [Fatal Error] :1:1: Premature end of file.
2025-12-16 21:29:20,050 [ERROR] LogOutputStream:75 - [STDERR_REDIRECT] 
2025-12-16 21:29:21,049 [ERROR] LogOutputStream:75 - [STDERR_REDIRECT] [Fatal Error] :1:1: Premature end of file.
2025-12-16 21:29:21,049 [ERROR] LogOutputStream:75 - [STDERR_REDIRECT] 
2025-12-16 21:29:22,051 [ERROR] LogOutputStream:75 - [STDERR_REDIRECT] [Fatal Error] :1:1: Premature end of file.
2025-12-16 21:29:22,051 [ERROR] LogOutputStream:75 - [STDERR_REDIRECT] 
2025-12-16 21:29:23,048 [ERROR] LogOutputStream:75 - [STDERR_REDIRECT] [Fatal Error] :1:1: Premature end of file.
2025-12-16 21:29:23,048 [ERROR] LogOutputStream:75 - [STDERR_REDIRECT] 
2025-12-16 21:29:24,049 [ERROR] LogOutputStream:75 - [STDERR_REDIRECT] [Fatal Error] :1:1: Premature end of file.
2025-12-16 21:29:24,049 [ERROR] LogOutputStream:75 - [STDERR_REDIRECT] 
2025-12-16 21:29:25,049 [ERROR] LogOutputStream:75 - [STDERR_REDIRECT] [Fatal Error] :1:1: Premature end of file.
2025-12-16 21:29:25,049 [ERROR] LogOutputStream:75 - [STDERR_REDIRECT] 
2025-12-16 21:29:26,057 [ERROR] LogOutputStream:75 - [STDERR_REDIRECT] [Fatal Error] :1:1: Premature end of file.
2025-12-16 21:29:26,057 [ERROR] LogOutputStream:75 - [STDERR_REDIRECT] 
2025-12-16 21:29:27,051 [ERROR] LogOutputStream:75 - [STDERR_REDIRECT] [Fatal Error] :1:1: Premature end of file.
2025-12-16 21:29:27,052 [ERROR] LogOutputStream:75 - [STDERR_REDIRECT] 
2025-12-16 21:29:28,049 [ERROR] LogOutputStream:75 - [STDERR_REDIRECT] [Fatal Error] :1:1: Premature end of file.
2025-12-16 21:29:28,049 [ERROR] LogOutputStream:75 - [STDERR_REDIRECT] 
2025-12-16 21:29:29,048 [ERROR] LogOutputStream:75 - [STDERR_REDIRECT] [Fatal Error] :1:1: Premature end of file.
2025-12-16 21:29:29,048 [ERROR] LogOutputStream:75 - [STDERR_REDIRECT] 
2025-12-16 21:29:30,048 [ERROR] LogOutputStream:75 - [STDERR_REDIRECT] [Fatal Error] :1:1: Premature end of file.
2025-12-16 21:29:30,048 [ERROR] LogOutputStream:75 - [STDERR_REDIRECT] 
2025-12-16 21:29:31,055 [ERROR] LogOutputStream:75 - [STDERR_REDIRECT] [Fatal Error] :1:1: Premature end of file.
2025-12-16 21:29:31,055 [ERROR] LogOutputStream:75 - [STDERR_REDIRECT] 
2025-12-16 21:29:32,049 [ERROR] LogOutputStream:75 - [STDERR_REDIRECT] [Fatal Error] :1:1: Premature end of file.
2025-12-16 21:29:32,049 [ERROR] LogOutputStream:75 - [STDERR_REDIRECT] 
2025-12-16 21:29:33,048 [ERROR] LogOutputStream:75 - [STDERR_REDIRECT] [Fatal Error] :1:1: Premature end of file.
2025-12-16 21:29:33,048 [ERROR] LogOutputStream:75 - [STDERR_REDIRECT] 
2025-12-16 21:29:34,074 [ERROR] LogOutputStream:75 - [STDERR_REDIRECT] [Fatal Error] :1:1: Premature end of file.
2025-12-16 21:29:34,074 [ERROR] LogOutputStream:75 - [STDERR_REDIRECT] 
2025-12-16 21:29:35,049 [ERROR] LogOutputStream:75 - [STDERR_REDIRECT] [Fatal Error] :1:1: Premature end of file.
2025-12-16 21:29:35,049 [ERROR] LogOutputStream:75 - [STDERR_REDIRECT] 
2025-12-16 21:29:36,052 [ERROR] LogOutputStream:75 - [STDERR_REDIRECT] [Fatal Error] :1:1: Premature end of file.
2025-12-16 21:29:36,052 [ERROR] LogOutputStream:75 - [STDERR_REDIRECT] 
2025-12-16 21:29:37,071 [ERROR] LogOutputStream:75 - [STDERR_REDIRECT] [Fatal Error] :1:1: Premature end of file.
2025-12-16 21:29:37,072 [ERROR] LogOutputStream:75 - [STDERR_REDIRECT] 
2025-12-16 21:29:38,051 [ERROR] LogOutputStream:75 - [STDERR_REDIRECT] [Fatal Error] :1:1: Premature end of file.
2025-12-16 21:29:38,051 [ERROR] LogOutputStream:75 - [STDERR_REDIRECT] 
2025-12-16 21:29:39,053 [ERROR] LogOutputStream:75 - [STDERR_REDIRECT] [Fatal Error] :1:1: Premature end of file.
2025-12-16 21:29:39,053 [ERROR] LogOutputStream:75 - [STDERR_REDIRECT] 
2025-12-16 21:29:40,049 [ERROR] LogOutputStream:75 - [STDERR_REDIRECT] [Fatal Error] :1:1: Premature end of file.
2025-12-16 21:29:40,049 [ERROR] LogOutputStream:75 - [STDERR_REDIRECT] 
2025-12-16 21:29:41,051 [ERROR] LogOutputStream:75 - [STDERR_REDIRECT] [Fatal Error] :1:1: Premature end of file.
2025-12-16 21:29:41,051 [ERROR] LogOutputStream:75 - [STDERR_REDIRECT] 
2025-12-16 21:29:42,049 [ERROR] LogOutputStream:75 - [STDERR_REDIRECT] [Fatal Error] :1:1: Premature end of file.
2025-12-16 21:29:42,049 [ERROR] LogOutputStream:75 - [STDERR_REDIRECT] 
2025-12-16 21:29:43,062 [ERROR] LogOutputStream:75 - [STDERR_REDIRECT] [Fatal Error] :1:1: Premature end of file.
2025-12-16 21:29:43,062 [ERROR] LogOutputStream:75 - [STDERR_REDIRECT] 
2025-12-16 21:29:44,052 [ERROR] LogOutputStream:75 - [STDERR_REDIRECT] [Fatal Error] :1:1: Premature end of file.
2025-12-16 21:29:44,053 [ERROR] LogOutputStream:75 - [STDERR_REDIRECT] 
2025-12-16 21:29:45,050 [ERROR] LogOutputStream:75 - [STDERR_REDIRECT] [Fatal Error] :1:1: Premature end of file.
2025-12-16 21:29:45,051 [ERROR] LogOutputStream:75 - [STDERR_REDIRECT] 
2025-12-16 21:29:46,050 [ERROR] LogOutputStream:75 - [STDERR_REDIRECT] [Fatal Error] :1:1: Premature end of file.
2025-12-16 21:29:46,050 [ERROR] LogOutputStream:75 - [STDERR_REDIRECT] 
2025-12-16 21:29:47,048 [ERROR] LogOutputStream:75 - [STDERR_REDIRECT] [Fatal Error] :1:1: Premature end of file.
2025-12-16 21:29:47,048 [ERROR] LogOutputStream:75 - [STDERR_REDIRECT] 
2025-12-16 21:29:48,047 [ERROR] LogOutputStream:75 - [STDERR_REDIRECT] [Fatal Error] :1:1: Premature end of file.
2025-12-16 21:29:48,047 [ERROR] LogOutputStream:75 - [STDERR_REDIRECT] 
2025-12-16 21:29:48,240 [INFO] WebApp:194 - Connection lost
2025-12-16 21:29:49,067 [ERROR] LogOutputStream:75 - [STDERR_REDIRECT] [Fatal Error] :1:1: Premature end of file.
2025-12-16 21:29:49,068 [ERROR] LogOutputStream:75 - [STDERR_REDIRECT] 
2025-12-16 21:29:50,065 [ERROR] LogOutputStream:75 - [STDERR_REDIRECT] [Fatal Error] :1:1: Premature end of file.
2025-12-16 21:29:50,065 [ERROR] LogOutputStream:75 - [STDERR_REDIRECT] 
2025-12-16 21:29:51,053 [ERROR] LogOutputStream:75 - [STDERR_REDIRECT] [Fatal Error] :1:1: Premature end of file.
2025-12-16 21:29:51,053 [ERROR] LogOutputStream:75 - [STDERR_REDIRECT] 
2025-12-16 21:29:52,074 [ERROR] LogOutputStream:75 - [STDERR_REDIRECT] [Fatal Error] :1:1: Premature end of file.
2025-12-16 21:29:52,074 [ERROR] LogOutputStream:75 - [STDERR_REDIRECT] 
2025-12-16 21:29:52,333 [ERROR] ConfigurationRetriever:142 - IOException on connection: sw-center.st.com
2025-12-16 21:29:52,333 [ERROR] ConfigurationRetriever:142 - IOException on connection: sw-center.st.com
2025-12-16 21:29:52,333 [ERROR] ConfigurationRetriever:142 - IOException on connection: sw-center.st.com
2025-12-16 21:29:53,050 [ERROR] LogOutputStream:75 - [STDERR_REDIRECT] [Fatal Error] :1:1: Premature end of file.
2025-12-16 21:29:53,050 [ERROR] LogOutputStream:75 - [STDERR_REDIRECT] 
2025-12-16 21:29:53,888 [INFO] WebApp:191 - Connection restablished
2025-12-16 21:29:54,055 [ERROR] LogOutputStream:75 - [STDERR_REDIRECT] [Fatal Error] :1:1: Premature end of file.
2025-12-16 21:29:54,056 [ERROR] LogOutputStream:75 - [STDERR_REDIRECT] 
2025-12-16 21:29:55,049 [ERROR] LogOutputStream:75 - [STDERR_REDIRECT] [Fatal Error] :1:1: Premature end of file.
2025-12-16 21:29:55,049 [ERROR] LogOutputStream:75 - [STDERR_REDIRECT] 
2025-12-16 21:29:56,050 [ERROR] LogOutputStream:75 - [STDERR_REDIRECT] [Fatal Error] :1:1: Premature end of file.
2025-12-16 21:29:56,050 [ERROR] LogOutputStream:75 - [STDERR_REDIRECT] 
2025-12-16 21:29:57,048 [ERROR] LogOutputStream:75 - [STDERR_REDIRECT] [Fatal Error] :1:1: Premature end of file.
2025-12-16 21:29:57,048 [ERROR] LogOutputStream:75 - [STDERR_REDIRECT] 
2025-12-16 21:29:58,050 [ERROR] LogOutputStream:75 - [STDERR_REDIRECT] [Fatal Error] :1:1: Premature end of file.
2025-12-16 21:29:58,050 [ERROR] LogOutputStream:75 - [STDERR_REDIRECT] 
2025-12-16 21:29:59,063 [ERROR] LogOutputStream:75 - [STDERR_REDIRECT] [Fatal Error] :1:1: Premature end of file.
2025-12-16 21:29:59,064 [ERROR] LogOutputStream:75 - [STDERR_REDIRECT] 
2025-12-16 21:30:00,048 [ERROR] LogOutputStream:75 - [STDERR_REDIRECT] [Fatal Error] :1:1: Premature end of file.
2025-12-16 21:30:00,049 [ERROR] LogOutputStream:75 - [STDERR_REDIRECT] 
2025-12-16 21:30:01,052 [ERROR] LogOutputStream:75 - [STDERR_REDIRECT] [Fatal Error] :1:1: Premature end of file.
2025-12-16 21:30:01,052 [ERROR] LogOutputStream:75 - [STDERR_REDIRECT] 
2025-12-16 21:30:02,050 [ERROR] LogOutputStream:75 - [STDERR_REDIRECT] [Fatal Error] :1:1: Premature end of file.
2025-12-16 21:30:02,050 [ERROR] LogOutputStream:75 - [STDERR_REDIRECT] 
2025-12-16 21:30:03,057 [ERROR] LogOutputStream:75 - [STDERR_REDIRECT] [Fatal Error] :1:1: Premature end of file.
2025-12-16 21:30:03,057 [ERROR] LogOutputStream:75 - [STDERR_REDIRECT] 
2025-12-16 21:30:04,048 [ERROR] LogOutputStream:75 - [STDERR_REDIRECT] [Fatal Error] :1:1: Premature end of file.
2025-12-16 21:30:04,048 [ERROR] LogOutputStream:75 - [STDERR_REDIRECT] 
2025-12-16 21:30:05,061 [ERROR] LogOutputStream:75 - [STDERR_REDIRECT] [Fatal Error] :1:1: Premature end of file.
2025-12-16 21:30:05,061 [ERROR] LogOutputStream:75 - [STDERR_REDIRECT] 
2025-12-16 21:30:06,050 [ERROR] LogOutputStream:75 - [STDERR_REDIRECT] [Fatal Error] :1:1: Premature end of file.
2025-12-16 21:30:06,050 [ERROR] LogOutputStream:75 - [STDERR_REDIRECT] 
2025-12-16 21:30:07,053 [ERROR] LogOutputStream:75 - [STDERR_REDIRECT] [Fatal Error] :1:1: Premature end of file.
2025-12-16 21:30:07,053 [ERROR] LogOutputStream:75 - [STDERR_REDIRECT] 
2025-12-16 21:30:08,051 [ERROR] LogOutputStream:75 - [STDERR_REDIRECT] [Fatal Error] :1:1: Premature end of file.
2025-12-16 21:30:08,051 [ERROR] LogOutputStream:75 - [STDERR_REDIRECT] 
2025-12-16 21:30:09,054 [ERROR] LogOutputStream:75 - [STDERR_REDIRECT] [Fatal Error] :1:1: Premature end of file.
2025-12-16 21:30:09,054 [ERROR] LogOutputStream:75 - [STDERR_REDIRECT] 
2025-12-16 21:30:10,050 [ERROR] LogOutputStream:75 - [STDERR_REDIRECT] [Fatal Error] :1:1: Premature end of file.
2025-12-16 21:30:10,051 [ERROR] LogOutputStream:75 - [STDERR_REDIRECT] 
2025-12-16 21:30:11,054 [ERROR] LogOutputStream:75 - [STDERR_REDIRECT] [Fatal Error] :1:1: Premature end of file.
2025-12-16 21:30:11,055 [ERROR] LogOutputStream:75 - [STDERR_REDIRECT] 
2025-12-16 21:30:12,053 [ERROR] LogOutputStream:75 - [STDERR_REDIRECT] [Fatal Error] :1:1: Premature end of file.
2025-12-16 21:30:12,053 [ERROR] LogOutputStream:75 - [STDERR_REDIRECT] 
2025-12-16 21:30:13,052 [ERROR] LogOutputStream:75 - [STDERR_REDIRECT] [Fatal Error] :1:1: Premature end of file.
2025-12-16 21:30:13,052 [ERROR] LogOutputStream:75 - [STDERR_REDIRECT] 
2025-12-16 21:30:14,053 [ERROR] LogOutputStream:75 - [STDERR_REDIRECT] [Fatal Error] :1:1: Premature end of file.
2025-12-16 21:30:14,053 [ERROR] LogOutputStream:75 - [STDERR_REDIRECT] 
2025-12-16 21:30:15,054 [ERROR] LogOutputStream:75 - [STDERR_REDIRECT] [Fatal Error] :1:1: Premature end of file.
2025-12-16 21:30:15,054 [ERROR] LogOutputStream:75 - [STDERR_REDIRECT] 
2025-12-16 21:30:16,049 [ERROR] LogOutputStream:75 - [STDERR_REDIRECT] [Fatal Error] :1:1: Premature end of file.
2025-12-16 21:30:16,049 [ERROR] LogOutputStream:75 - [STDERR_REDIRECT] 
2025-12-16 21:30:17,059 [ERROR] LogOutputStream:75 - [STDERR_REDIRECT] [Fatal Error] :1:1: Premature end of file.
2025-12-16 21:30:17,059 [ERROR] LogOutputStream:75 - [STDERR_REDIRECT] 
2025-12-16 21:30:18,060 [ERROR] LogOutputStream:75 - [STDERR_REDIRECT] [Fatal Error] :1:1: Premature end of file.
2025-12-16 21:30:18,060 [ERROR] LogOutputStream:75 - [STDERR_REDIRECT] 
2025-12-16 21:30:19,058 [ERROR] LogOutputStream:75 - [STDERR_REDIRECT] [Fatal Error] :1:1: Premature end of file.
2025-12-16 21:30:19,058 [ERROR] LogOutputStream:75 - [STDERR_REDIRECT] 
2025-12-16 21:30:20,049 [ERROR] LogOutputStream:75 - [STDERR_REDIRECT] [Fatal Error] :1:1: Premature end of file.
2025-12-16 21:30:20,049 [ERROR] LogOutputStream:75 - [STDERR_REDIRECT] 
2025-12-16 21:30:21,061 [ERROR] LogOutputStream:75 - [STDERR_REDIRECT] [Fatal Error] :1:1: Premature end of file.
2025-12-16 21:30:21,061 [ERROR] LogOutputStream:75 - [STDERR_REDIRECT] 
2025-12-16 21:30:22,051 [ERROR] LogOutputStream:75 - [STDERR_REDIRECT] [Fatal Error] :1:1: Premature end of file.
2025-12-16 21:30:22,051 [ERROR] LogOutputStream:75 - [STDERR_REDIRECT] 
2025-12-16 21:30:23,049 [ERROR] LogOutputStream:75 - [STDERR_REDIRECT] [Fatal Error] :1:1: Premature end of file.
2025-12-16 21:30:23,049 [ERROR] LogOutputStream:75 - [STDERR_REDIRECT] 
2025-12-16 21:30:24,049 [ERROR] LogOutputStream:75 - [STDERR_REDIRECT] [Fatal Error] :1:1: Premature end of file.
2025-12-16 21:30:24,049 [ERROR] LogOutputStream:75 - [STDERR_REDIRECT] 
2025-12-16 21:30:25,059 [ERROR] LogOutputStream:75 - [STDERR_REDIRECT] [Fatal Error] :1:1: Premature end of file.
2025-12-16 21:30:25,060 [ERROR] LogOutputStream:75 - [STDERR_REDIRECT] 
2025-12-16 21:30:26,058 [ERROR] LogOutputStream:75 - [STDERR_REDIRECT] [Fatal Error] :1:1: Premature end of file.
2025-12-16 21:30:26,058 [ERROR] LogOutputStream:75 - [STDERR_REDIRECT] 
2025-12-16 21:30:27,049 [ERROR] LogOutputStream:75 - [STDERR_REDIRECT] [Fatal Error] :1:1: Premature end of file.
2025-12-16 21:30:27,049 [ERROR] LogOutputStream:75 - [STDERR_REDIRECT] 
2025-12-16 21:30:28,051 [ERROR] LogOutputStream:75 - [STDERR_REDIRECT] [Fatal Error] :1:1: Premature end of file.
2025-12-16 21:30:28,051 [ERROR] LogOutputStream:75 - [STDERR_REDIRECT] 
2025-12-16 21:30:29,051 [ERROR] LogOutputStream:75 - [STDERR_REDIRECT] [Fatal Error] :1:1: Premature end of file.
2025-12-16 21:30:29,051 [ERROR] LogOutputStream:75 - [STDERR_REDIRECT] 
2025-12-16 21:30:30,063 [ERROR] LogOutputStream:75 - [STDERR_REDIRECT] [Fatal Error] :1:1: Premature end of file.
2025-12-16 21:30:30,064 [ERROR] LogOutputStream:75 - [STDERR_REDIRECT] 
2025-12-16 21:30:31,062 [ERROR] LogOutputStream:75 - [STDERR_REDIRECT] [Fatal Error] :1:1: Premature end of file.
2025-12-16 21:30:31,062 [ERROR] LogOutputStream:75 - [STDERR_REDIRECT] 
2025-12-16 21:30:32,050 [ERROR] LogOutputStream:75 - [STDERR_REDIRECT] [Fatal Error] :1:1: Premature end of file.
2025-12-16 21:30:32,051 [ERROR] LogOutputStream:75 - [STDERR_REDIRECT] 
2025-12-16 21:30:33,049 [ERROR] LogOutputStream:75 - [STDERR_REDIRECT] [Fatal Error] :1:1: Premature end of file.
2025-12-16 21:30:33,049 [ERROR] LogOutputStream:75 - [STDERR_REDIRECT] 
2025-12-16 21:30:34,048 [ERROR] LogOutputStream:75 - [STDERR_REDIRECT] [Fatal Error] :1:1: Premature end of file.
2025-12-16 21:30:34,048 [ERROR] LogOutputStream:75 - [STDERR_REDIRECT] 
2025-12-16 21:30:35,057 [ERROR] LogOutputStream:75 - [STDERR_REDIRECT] [Fatal Error] :1:1: Premature end of file.
2025-12-16 21:30:35,057 [ERROR] LogOutputStream:75 - [STDERR_REDIRECT] 
2025-12-16 21:30:36,048 [ERROR] LogOutputStream:75 - [STDERR_REDIRECT] [Fatal Error] :1:1: Premature end of file.
2025-12-16 21:30:36,048 [ERROR] LogOutputStream:75 - [STDERR_REDIRECT] 
2025-12-16 21:30:37,052 [ERROR] LogOutputStream:75 - [STDERR_REDIRECT] [Fatal Error] :1:1: Premature end of file.
2025-12-16 21:30:37,052 [ERROR] LogOutputStream:75 - [STDERR_REDIRECT] 
2025-12-16 21:30:38,056 [ERROR] LogOutputStream:75 - [STDERR_REDIRECT] [Fatal Error] :1:1: Premature end of file.
2025-12-16 21:30:38,057 [ERROR] LogOutputStream:75 - [STDERR_REDIRECT] 
2025-12-16 21:30:39,051 [ERROR] LogOutputStream:75 - [STDERR_REDIRECT] [Fatal Error] :1:1: Premature end of file.
2025-12-16 21:30:39,051 [ERROR] LogOutputStream:75 - [STDERR_REDIRECT] 
2025-12-16 21:30:40,050 [ERROR] LogOutputStream:75 - [STDERR_REDIRECT] [Fatal Error] :1:1: Premature end of file.
2025-12-16 21:30:40,050 [ERROR] LogOutputStream:75 - [STDERR_REDIRECT] 
2025-12-16 21:30:41,050 [ERROR] LogOutputStream:75 - [STDERR_REDIRECT] [Fatal Error] :1:1: Premature end of file.
2025-12-16 21:30:41,050 [ERROR] LogOutputStream:75 - [STDERR_REDIRECT] 
2025-12-16 21:30:42,051 [ERROR] LogOutputStream:75 - [STDERR_REDIRECT] [Fatal Error] :1:1: Premature end of file.
2025-12-16 21:30:42,051 [ERROR] LogOutputStream:75 - [STDERR_REDIRECT] 
2025-12-16 21:30:43,048 [ERROR] LogOutputStream:75 - [STDERR_REDIRECT] [Fatal Error] :1:1: Premature end of file.
2025-12-16 21:30:43,048 [ERROR] LogOutputStream:75 - [STDERR_REDIRECT] 
2025-12-16 21:30:44,052 [ERROR] LogOutputStream:75 - [STDERR_REDIRECT] [Fatal Error] :1:1: Premature end of file.
2025-12-16 21:30:44,052 [ERROR] LogOutputStream:75 - [STDERR_REDIRECT] 
2025-12-16 21:30:45,049 [ERROR] LogOutputStream:75 - [STDERR_REDIRECT] [Fatal Error] :1:1: Premature end of file.
2025-12-16 21:30:45,049 [ERROR] LogOutputStream:75 - [STDERR_REDIRECT] 
2025-12-16 21:30:46,050 [ERROR] LogOutputStream:75 - [STDERR_REDIRECT] [Fatal Error] :1:1: Premature end of file.
2025-12-16 21:30:46,050 [ERROR] LogOutputStream:75 - [STDERR_REDIRECT] 
2025-12-16 21:30:47,049 [ERROR] LogOutputStream:75 - [STDERR_REDIRECT] [Fatal Error] :1:1: Premature end of file.
2025-12-16 21:30:47,049 [ERROR] LogOutputStream:75 - [STDERR_REDIRECT] 
2025-12-16 21:30:48,063 [ERROR] LogOutputStream:75 - [STDERR_REDIRECT] [Fatal Error] :1:1: Premature end of file.
2025-12-16 21:30:48,063 [ERROR] LogOutputStream:75 - [STDERR_REDIRECT] 
2025-12-16 21:30:49,058 [ERROR] LogOutputStream:75 - [STDERR_REDIRECT] [Fatal Error] :1:1: Premature end of file.
2025-12-16 21:30:49,058 [ERROR] LogOutputStream:75 - [STDERR_REDIRECT] 
2025-12-16 21:30:50,074 [ERROR] LogOutputStream:75 - [STDERR_REDIRECT] [Fatal Error] :1:1: Premature end of file.
2025-12-16 21:30:50,074 [ERROR] LogOutputStream:75 - [STDERR_REDIRECT] 
2025-12-16 21:30:51,050 [ERROR] LogOutputStream:75 - [STDERR_REDIRECT] [Fatal Error] :1:1: Premature end of file.
2025-12-16 21:30:51,050 [ERROR] LogOutputStream:75 - [STDERR_REDIRECT] 
2025-12-16 21:30:52,047 [ERROR] LogOutputStream:75 - [STDERR_REDIRECT] [Fatal Error] :1:1: Premature end of file.
2025-12-16 21:30:52,047 [ERROR] LogOutputStream:75 - [STDERR_REDIRECT] 
2025-12-16 21:30:53,047 [ERROR] LogOutputStream:75 - [STDERR_REDIRECT] [Fatal Error] :1:1: Premature end of file.
2025-12-16 21:30:53,047 [ERROR] LogOutputStream:75 - [STDERR_REDIRECT] 
2025-12-16 21:30:54,048 [ERROR] LogOutputStream:75 - [STDERR_REDIRECT] [Fatal Error] :1:1: Premature end of file.
2025-12-16 21:30:54,049 [ERROR] LogOutputStream:75 - [STDERR_REDIRECT] 
2025-12-16 21:30:55,051 [ERROR] LogOutputStream:75 - [STDERR_REDIRECT] [Fatal Error] :1:1: Premature end of file.
2025-12-16 21:30:55,051 [ERROR] LogOutputStream:75 - [STDERR_REDIRECT] 
2025-12-16 21:30:56,049 [ERROR] LogOutputStream:75 - [STDERR_REDIRECT] [Fatal Error] :1:1: Premature end of file.
2025-12-16 21:30:56,049 [ERROR] LogOutputStream:75 - [STDERR_REDIRECT] 
2025-12-16 21:30:57,048 [ERROR] LogOutputStream:75 - [STDERR_REDIRECT] [Fatal Error] :1:1: Premature end of file.
2025-12-16 21:30:57,049 [ERROR] LogOutputStream:75 - [STDERR_REDIRECT] 
2025-12-16 21:30:58,049 [ERROR] LogOutputStream:75 - [STDERR_REDIRECT] [Fatal Error] :1:1: Premature end of file.
2025-12-16 21:30:58,049 [ERROR] LogOutputStream:75 - [STDERR_REDIRECT] 
2025-12-16 21:30:59,056 [ERROR] LogOutputStream:75 - [STDERR_REDIRECT] [Fatal Error] :1:1: Premature end of file.
2025-12-16 21:30:59,056 [ERROR] LogOutputStream:75 - [STDERR_REDIRECT] 
2025-12-16 21:31:00,048 [ERROR] LogOutputStream:75 - [STDERR_REDIRECT] [Fatal Error] :1:1: Premature end of file.
2025-12-16 21:31:00,048 [ERROR] LogOutputStream:75 - [STDERR_REDIRECT] 
2025-12-16 21:31:01,047 [ERROR] LogOutputStream:75 - [STDERR_REDIRECT] [Fatal Error] :1:1: Premature end of file.
2025-12-16 21:31:01,049 [ERROR] LogOutputStream:75 - [STDERR_REDIRECT] 
2025-12-16 21:31:02,048 [ERROR] LogOutputStream:75 - [STDERR_REDIRECT] [Fatal Error] :1:1: Premature end of file.
2025-12-16 21:31:02,048 [ERROR] LogOutputStream:75 - [STDERR_REDIRECT] 
2025-12-16 21:31:03,047 [ERROR] LogOutputStream:75 - [STDERR_REDIRECT] [Fatal Error] :1:1: Premature end of file.
2025-12-16 21:31:03,047 [ERROR] LogOutputStream:75 - [STDERR_REDIRECT] 
2025-12-16 21:31:04,048 [ERROR] LogOutputStream:75 - [STDERR_REDIRECT] [Fatal Error] :1:1: Premature end of file.
2025-12-16 21:31:04,048 [ERROR] LogOutputStream:75 - [STDERR_REDIRECT] 
2025-12-16 21:31:05,047 [ERROR] LogOutputStream:75 - [STDERR_REDIRECT] [Fatal Error] :1:1: Premature end of file.
2025-12-16 21:31:05,047 [ERROR] LogOutputStream:75 - [STDERR_REDIRECT] 
2025-12-16 21:31:06,047 [ERROR] LogOutputStream:75 - [STDERR_REDIRECT] [Fatal Error] :1:1: Premature end of file.
2025-12-16 21:31:06,048 [ERROR] LogOutputStream:75 - [STDERR_REDIRECT] 
2025-12-16 21:31:07,048 [ERROR] LogOutputStream:75 - [STDERR_REDIRECT] [Fatal Error] :1:1: Premature end of file.
2025-12-16 21:31:07,048 [ERROR] LogOutputStream:75 - [STDERR_REDIRECT] 
2025-12-16 21:31:08,048 [ERROR] LogOutputStream:75 - [STDERR_REDIRECT] [Fatal Error] :1:1: Premature end of file.
2025-12-16 21:31:08,048 [ERROR] LogOutputStream:75 - [STDERR_REDIRECT] 
2025-12-16 21:31:09,048 [ERROR] LogOutputStream:75 - [STDERR_REDIRECT] [Fatal Error] :1:1: Premature end of file.
2025-12-16 21:31:09,048 [ERROR] LogOutputStream:75 - [STDERR_REDIRECT] 
2025-12-16 21:31:10,049 [ERROR] LogOutputStream:75 - [STDERR_REDIRECT] [Fatal Error] :1:1: Premature end of file.
2025-12-16 21:31:10,049 [ERROR] LogOutputStream:75 - [STDERR_REDIRECT] 
2025-12-16 21:31:11,048 [ERROR] LogOutputStream:75 - [STDERR_REDIRECT] [Fatal Error] :1:1: Premature end of file.
2025-12-16 21:31:11,048 [ERROR] LogOutputStream:75 - [STDERR_REDIRECT] 
2025-12-16 21:31:12,047 [ERROR] LogOutputStream:75 - [STDERR_REDIRECT] [Fatal Error] :1:1: Premature end of file.
2025-12-16 21:31:12,047 [ERROR] LogOutputStream:75 - [STDERR_REDIRECT] 
2025-12-16 21:31:13,049 [ERROR] LogOutputStream:75 - [STDERR_REDIRECT] [Fatal Error] :1:1: Premature end of file.
2025-12-16 21:31:13,049 [ERROR] LogOutputStream:75 - [STDERR_REDIRECT] 
2025-12-16 21:31:14,061 [ERROR] LogOutputStream:75 - [STDERR_REDIRECT] [Fatal Error] :1:1: Premature end of file.
2025-12-16 21:31:14,061 [ERROR] LogOutputStream:75 - [STDERR_REDIRECT] 
2025-12-16 21:31:15,050 [ERROR] LogOutputStream:75 - [STDERR_REDIRECT] [Fatal Error] :1:1: Premature end of file.
2025-12-16 21:31:15,050 [ERROR] LogOutputStream:75 - [STDERR_REDIRECT] 
2025-12-16 21:31:16,055 [ERROR] LogOutputStream:75 - [STDERR_REDIRECT] [Fatal Error] :1:1: Premature end of file.
2025-12-16 21:31:16,055 [ERROR] LogOutputStream:75 - [STDERR_REDIRECT] 
2025-12-16 21:31:17,048 [ERROR] LogOutputStream:75 - [STDERR_REDIRECT] [Fatal Error] :1:1: Premature end of file.
2025-12-16 21:31:17,048 [ERROR] LogOutputStream:75 - [STDERR_REDIRECT] 
2025-12-16 21:31:18,048 [ERROR] LogOutputStream:75 - [STDERR_REDIRECT] [Fatal Error] :1:1: Premature end of file.
2025-12-16 21:31:18,048 [ERROR] LogOutputStream:75 - [STDERR_REDIRECT] 
2025-12-16 21:31:19,048 [ERROR] LogOutputStream:75 - [STDERR_REDIRECT] [Fatal Error] :1:1: Premature end of file.
2025-12-16 21:31:19,048 [ERROR] LogOutputStream:75 - [STDERR_REDIRECT] 
2025-12-16 21:31:20,049 [ERROR] LogOutputStream:75 - [STDERR_REDIRECT] [Fatal Error] :1:1: Premature end of file.
2025-12-16 21:31:20,050 [ERROR] LogOutputStream:75 - [STDERR_REDIRECT] 
2025-12-16 21:31:21,051 [ERROR] LogOutputStream:75 - [STDERR_REDIRECT] [Fatal Error] :1:1: Premature end of file.
2025-12-16 21:31:21,051 [ERROR] LogOutputStream:75 - [STDERR_REDIRECT] 
2025-12-16 21:31:22,048 [ERROR] LogOutputStream:75 - [STDERR_REDIRECT] [Fatal Error] :1:1: Premature end of file.
2025-12-16 21:31:22,048 [ERROR] LogOutputStream:75 - [STDERR_REDIRECT] 
2025-12-16 21:31:23,047 [ERROR] LogOutputStream:75 - [STDERR_REDIRECT] [Fatal Error] :1:1: Premature end of file.
2025-12-16 21:31:23,048 [ERROR] LogOutputStream:75 - [STDERR_REDIRECT] 
2025-12-16 21:31:24,050 [ERROR] LogOutputStream:75 - [STDERR_REDIRECT] [Fatal Error] :1:1: Premature end of file.
2025-12-16 21:31:24,050 [ERROR] LogOutputStream:75 - [STDERR_REDIRECT] 
2025-12-16 21:31:25,050 [ERROR] LogOutputStream:75 - [STDERR_REDIRECT] [Fatal Error] :1:1: Premature end of file.
2025-12-16 21:31:25,050 [ERROR] LogOutputStream:75 - [STDERR_REDIRECT] 
2025-12-16 21:31:26,060 [ERROR] LogOutputStream:75 - [STDERR_REDIRECT] [Fatal Error] :1:1: Premature end of file.
2025-12-16 21:31:26,060 [ERROR] LogOutputStream:75 - [STDERR_REDIRECT] 
2025-12-16 21:31:27,054 [ERROR] LogOutputStream:75 - [STDERR_REDIRECT] [Fatal Error] :1:1: Premature end of file.
2025-12-16 21:31:27,055 [ERROR] LogOutputStream:75 - [STDERR_REDIRECT] 
2025-12-16 21:31:28,049 [ERROR] LogOutputStream:75 - [STDERR_REDIRECT] [Fatal Error] :1:1: Premature end of file.
2025-12-16 21:31:28,049 [ERROR] LogOutputStream:75 - [STDERR_REDIRECT] 
2025-12-16 21:31:29,060 [ERROR] LogOutputStream:75 - [STDERR_REDIRECT] [Fatal Error] :1:1: Premature end of file.
2025-12-16 21:31:29,061 [ERROR] LogOutputStream:75 - [STDERR_REDIRECT] 
2025-12-16 21:31:30,047 [ERROR] LogOutputStream:75 - [STDERR_REDIRECT] [Fatal Error] :1:1: Premature end of file.
2025-12-16 21:31:30,048 [ERROR] LogOutputStream:75 - [STDERR_REDIRECT] 
2025-12-16 21:31:31,049 [ERROR] LogOutputStream:75 - [STDERR_REDIRECT] [Fatal Error] :1:1: Premature end of file.
2025-12-16 21:31:31,049 [ERROR] LogOutputStream:75 - [STDERR_REDIRECT] 
2025-12-16 21:31:32,058 [ERROR] LogOutputStream:75 - [STDERR_REDIRECT] [Fatal Error] :1:1: Premature end of file.
2025-12-16 21:31:32,058 [ERROR] LogOutputStream:75 - [STDERR_REDIRECT] 
2025-12-16 21:31:33,047 [ERROR] LogOutputStream:75 - [STDERR_REDIRECT] [Fatal Error] :1:1: Premature end of file.
2025-12-16 21:31:33,047 [ERROR] LogOutputStream:75 - [STDERR_REDIRECT] 
2025-12-16 21:31:34,047 [ERROR] LogOutputStream:75 - [STDERR_REDIRECT] [Fatal Error] :1:1: Premature end of file.
2025-12-16 21:31:34,047 [ERROR] LogOutputStream:75 - [STDERR_REDIRECT] 
2025-12-16 21:31:35,047 [ERROR] LogOutputStream:75 - [STDERR_REDIRECT] [Fatal Error] :1:1: Premature end of file.
2025-12-16 21:31:35,047 [ERROR] LogOutputStream:75 - [STDERR_REDIRECT] 
2025-12-16 21:31:36,047 [ERROR] LogOutputStream:75 - [STDERR_REDIRECT] [Fatal Error] :1:1: Premature end of file.
2025-12-16 21:31:36,048 [ERROR] LogOutputStream:75 - [STDERR_REDIRECT] 
2025-12-16 21:31:37,051 [ERROR] LogOutputStream:75 - [STDERR_REDIRECT] [Fatal Error] :1:1: Premature end of file.
2025-12-16 21:31:37,051 [ERROR] LogOutputStream:75 - [STDERR_REDIRECT] 
2025-12-16 21:31:38,048 [ERROR] LogOutputStream:75 - [STDERR_REDIRECT] [Fatal Error] :1:1: Premature end of file.
2025-12-16 21:31:38,048 [ERROR] LogOutputStream:75 - [STDERR_REDIRECT] 
2025-12-16 21:31:39,046 [ERROR] LogOutputStream:75 - [STDERR_REDIRECT] [Fatal Error] :1:1: Premature end of file.
2025-12-16 21:31:39,046 [ERROR] LogOutputStream:75 - [STDERR_REDIRECT] 
2025-12-16 21:31:40,046 [ERROR] LogOutputStream:75 - [STDERR_REDIRECT] [Fatal Error] :1:1: Premature end of file.
2025-12-16 21:31:40,046 [ERROR] LogOutputStream:75 - [STDERR_REDIRECT] 
2025-12-16 21:31:41,048 [ERROR] LogOutputStream:75 - [STDERR_REDIRECT] [Fatal Error] :1:1: Premature end of file.
2025-12-16 21:31:41,048 [ERROR] LogOutputStream:75 - [STDERR_REDIRECT] 
2025-12-16 21:31:42,050 [ERROR] LogOutputStream:75 - [STDERR_REDIRECT] [Fatal Error] :1:1: Premature end of file.
2025-12-16 21:31:42,050 [ERROR] LogOutputStream:75 - [STDERR_REDIRECT] 
2025-12-16 21:31:43,049 [ERROR] LogOutputStream:75 - [STDERR_REDIRECT] [Fatal Error] :1:1: Premature end of file.
2025-12-16 21:31:43,049 [ERROR] LogOutputStream:75 - [STDERR_REDIRECT] 
2025-12-16 21:31:44,049 [ERROR] LogOutputStream:75 - [STDERR_REDIRECT] [Fatal Error] :1:1: Premature end of file.
2025-12-16 21:31:44,049 [ERROR] LogOutputStream:75 - [STDERR_REDIRECT] 
2025-12-16 21:31:45,062 [ERROR] LogOutputStream:75 - [STDERR_REDIRECT] [Fatal Error] :1:1: Premature end of file.
2025-12-16 21:31:45,063 [ERROR] LogOutputStream:75 - [STDERR_REDIRECT] 
2025-12-16 21:31:46,047 [ERROR] LogOutputStream:75 - [STDERR_REDIRECT] [Fatal Error] :1:1: Premature end of file.
2025-12-16 21:31:46,047 [ERROR] LogOutputStream:75 - [STDERR_REDIRECT] 
2025-12-16 21:31:47,049 [ERROR] LogOutputStream:75 - [STDERR_REDIRECT] [Fatal Error] :1:1: Premature end of file.
2025-12-16 21:31:47,049 [ERROR] LogOutputStream:75 - [STDERR_REDIRECT] 
2025-12-16 21:31:48,050 [ERROR] LogOutputStream:75 - [STDERR_REDIRECT] [Fatal Error] :1:1: Premature end of file.
2025-12-16 21:31:48,050 [ERROR] LogOutputStream:75 - [STDERR_REDIRECT] 
2025-12-16 21:31:49,049 [ERROR] LogOutputStream:75 - [STDERR_REDIRECT] [Fatal Error] :1:1: Premature end of file.
2025-12-16 21:31:49,050 [ERROR] LogOutputStream:75 - [STDERR_REDIRECT] 
2025-12-16 21:31:50,059 [ERROR] LogOutputStream:75 - [STDERR_REDIRECT] [Fatal Error] :1:1: Premature end of file.
2025-12-16 21:31:50,059 [ERROR] LogOutputStream:75 - [STDERR_REDIRECT] 
2025-12-16 21:31:51,057 [ERROR] LogOutputStream:75 - [STDERR_REDIRECT] [Fatal Error] :1:1: Premature end of file.
2025-12-16 21:31:51,057 [ERROR] LogOutputStream:75 - [STDERR_REDIRECT] 
2025-12-16 21:31:52,047 [ERROR] LogOutputStream:75 - [STDERR_REDIRECT] [Fatal Error] :1:1: Premature end of file.
2025-12-16 21:31:52,047 [ERROR] LogOutputStream:75 - [STDERR_REDIRECT] 
2025-12-16 21:31:53,049 [ERROR] LogOutputStream:75 - [STDERR_REDIRECT] [Fatal Error] :1:1: Premature end of file.
2025-12-16 21:31:53,049 [ERROR] LogOutputStream:75 - [STDERR_REDIRECT] 
2025-12-16 21:31:54,047 [ERROR] LogOutputStream:75 - [STDERR_REDIRECT] [Fatal Error] :1:1: Premature end of file.
2025-12-16 21:31:54,048 [ERROR] LogOutputStream:75 - [STDERR_REDIRECT] 
2025-12-16 21:31:55,047 [ERROR] LogOutputStream:75 - [STDERR_REDIRECT] [Fatal Error] :1:1: Premature end of file.
2025-12-16 21:31:55,048 [ERROR] LogOutputStream:75 - [STDERR_REDIRECT] 
2025-12-16 21:31:56,046 [ERROR] LogOutputStream:75 - [STDERR_REDIRECT] [Fatal Error] :1:1: Premature end of file.
2025-12-16 21:31:56,048 [ERROR] LogOutputStream:75 - [STDERR_REDIRECT] 
2025-12-16 21:31:57,048 [ERROR] LogOutputStream:75 - [STDERR_REDIRECT] [Fatal Error] :1:1: Premature end of file.
2025-12-16 21:31:57,048 [ERROR] LogOutputStream:75 - [STDERR_REDIRECT] 
2025-12-16 21:31:58,047 [ERROR] LogOutputStream:75 - [STDERR_REDIRECT] [Fatal Error] :1:1: Premature end of file.
2025-12-16 21:31:58,047 [ERROR] LogOutputStream:75 - [STDERR_REDIRECT] 
2025-12-16 21:31:59,046 [ERROR] LogOutputStream:75 - [STDERR_REDIRECT] [Fatal Error] :1:1: Premature end of file.
2025-12-16 21:31:59,046 [ERROR] LogOutputStream:75 - [STDERR_REDIRECT] 
2025-12-16 21:32:00,047 [ERROR] LogOutputStream:75 - [STDERR_REDIRECT] [Fatal Error] :1:1: Premature end of file.
2025-12-16 21:32:00,047 [ERROR] LogOutputStream:75 - [STDERR_REDIRECT] 
2025-12-16 21:32:01,048 [ERROR] LogOutputStream:75 - [STDERR_REDIRECT] [Fatal Error] :1:1: Premature end of file.
2025-12-16 21:32:01,048 [ERROR] LogOutputStream:75 - [STDERR_REDIRECT] 
2025-12-16 21:32:02,047 [ERROR] LogOutputStream:75 - [STDERR_REDIRECT] [Fatal Error] :1:1: Premature end of file.
2025-12-16 21:32:02,048 [ERROR] LogOutputStream:75 - [STDERR_REDIRECT] 
2025-12-16 21:32:03,047 [ERROR] LogOutputStream:75 - [STDERR_REDIRECT] [Fatal Error] :1:1: Premature end of file.
2025-12-16 21:32:03,048 [ERROR] LogOutputStream:75 - [STDERR_REDIRECT] 
2025-12-16 21:32:04,046 [ERROR] LogOutputStream:75 - [STDERR_REDIRECT] [Fatal Error] :1:1: Premature end of file.
2025-12-16 21:32:04,048 [ERROR] LogOutputStream:75 - [STDERR_REDIRECT] 
2025-12-16 21:32:05,047 [ERROR] LogOutputStream:75 - [STDERR_REDIRECT] [Fatal Error] :1:1: Premature end of file.
2025-12-16 21:32:05,047 [ERROR] LogOutputStream:75 - [STDERR_REDIRECT] 
2025-12-16 21:32:06,047 [ERROR] LogOutputStream:75 - [STDERR_REDIRECT] [Fatal Error] :1:1: Premature end of file.
2025-12-16 21:32:06,047 [ERROR] LogOutputStream:75 - [STDERR_REDIRECT] 
2025-12-16 21:32:07,049 [ERROR] LogOutputStream:75 - [STDERR_REDIRECT] [Fatal Error] :1:1: Premature end of file.
2025-12-16 21:32:07,049 [ERROR] LogOutputStream:75 - [STDERR_REDIRECT] 
2025-12-16 21:32:08,047 [ERROR] LogOutputStream:75 - [STDERR_REDIRECT] [Fatal Error] :1:1: Premature end of file.
2025-12-16 21:32:08,047 [ERROR] LogOutputStream:75 - [STDERR_REDIRECT] 
2025-12-16 21:32:09,045 [ERROR] LogOutputStream:75 - [STDERR_REDIRECT] [Fatal Error] :1:1: Premature end of file.
2025-12-16 21:32:09,047 [ERROR] LogOutputStream:75 - [STDERR_REDIRECT] 
2025-12-16 21:32:10,047 [ERROR] LogOutputStream:75 - [STDERR_REDIRECT] [Fatal Error] :1:1: Premature end of file.
2025-12-16 21:32:10,047 [ERROR] LogOutputStream:75 - [STDERR_REDIRECT] 
2025-12-16 21:32:11,048 [ERROR] LogOutputStream:75 - [STDERR_REDIRECT] [Fatal Error] :1:1: Premature end of file.
2025-12-16 21:32:11,048 [ERROR] LogOutputStream:75 - [STDERR_REDIRECT] 
2025-12-16 21:32:12,046 [ERROR] LogOutputStream:75 - [STDERR_REDIRECT] [Fatal Error] :1:1: Premature end of file.
2025-12-16 21:32:12,047 [ERROR] LogOutputStream:75 - [STDERR_REDIRECT] 
2025-12-16 21:32:13,046 [ERROR] LogOutputStream:75 - [STDERR_REDIRECT] [Fatal Error] :1:1: Premature end of file.
2025-12-16 21:32:13,046 [ERROR] LogOutputStream:75 - [STDERR_REDIRECT] 
2025-12-16 21:32:14,047 [ERROR] LogOutputStream:75 - [STDERR_REDIRECT] [Fatal Error] :1:1: Premature end of file.
2025-12-16 21:32:14,047 [ERROR] LogOutputStream:75 - [STDERR_REDIRECT] 
2025-12-16 21:32:15,057 [ERROR] LogOutputStream:75 - [STDERR_REDIRECT] [Fatal Error] :1:1: Premature end of file.
2025-12-16 21:32:15,057 [ERROR] LogOutputStream:75 - [STDERR_REDIRECT] 
2025-12-16 21:32:16,046 [ERROR] LogOutputStream:75 - [STDERR_REDIRECT] [Fatal Error] :1:1: Premature end of file.
2025-12-16 21:32:16,046 [ERROR] LogOutputStream:75 - [STDERR_REDIRECT] 
2025-12-16 21:32:17,045 [ERROR] LogOutputStream:75 - [STDERR_REDIRECT] [Fatal Error] :1:1: Premature end of file.
2025-12-16 21:32:17,046 [ERROR] LogOutputStream:75 - [STDERR_REDIRECT] 
2025-12-16 21:32:18,047 [ERROR] LogOutputStream:75 - [STDERR_REDIRECT] [Fatal Error] :1:1: Premature end of file.
2025-12-16 21:32:18,047 [ERROR] LogOutputStream:75 - [STDERR_REDIRECT] 
2025-12-16 21:32:19,046 [ERROR] LogOutputStream:75 - [STDERR_REDIRECT] [Fatal Error] :1:1: Premature end of file.
2025-12-16 21:32:19,046 [ERROR] LogOutputStream:75 - [STDERR_REDIRECT] 
2025-12-16 21:32:20,047 [ERROR] LogOutputStream:75 - [STDERR_REDIRECT] [Fatal Error] :1:1: Premature end of file.
2025-12-16 21:32:20,047 [ERROR] LogOutputStream:75 - [STDERR_REDIRECT] 
2025-12-16 21:32:21,047 [ERROR] LogOutputStream:75 - [STDERR_REDIRECT] [Fatal Error] :1:1: Premature end of file.
2025-12-16 21:32:21,047 [ERROR] LogOutputStream:75 - [STDERR_REDIRECT] 
2025-12-16 21:32:22,047 [ERROR] LogOutputStream:75 - [STDERR_REDIRECT] [Fatal Error] :1:1: Premature end of file.
2025-12-16 21:32:22,047 [ERROR] LogOutputStream:75 - [STDERR_REDIRECT] 
2025-12-16 21:32:23,047 [ERROR] LogOutputStream:75 - [STDERR_REDIRECT] [Fatal Error] :1:1: Premature end of file.
2025-12-16 21:32:23,047 [ERROR] LogOutputStream:75 - [STDERR_REDIRECT] 
2025-12-16 21:32:24,048 [ERROR] LogOutputStream:75 - [STDERR_REDIRECT] [Fatal Error] :1:1: Premature end of file.
2025-12-16 21:32:24,048 [ERROR] LogOutputStream:75 - [STDERR_REDIRECT] 
2025-12-16 21:32:25,047 [ERROR] LogOutputStream:75 - [STDERR_REDIRECT] [Fatal Error] :1:1: Premature end of file.
2025-12-16 21:32:25,048 [ERROR] LogOutputStream:75 - [STDERR_REDIRECT] 
2025-12-16 21:32:26,048 [ERROR] LogOutputStream:75 - [STDERR_REDIRECT] [Fatal Error] :1:1: Premature end of file.
2025-12-16 21:32:26,048 [ERROR] LogOutputStream:75 - [STDERR_REDIRECT] 
2025-12-16 21:32:27,048 [ERROR] LogOutputStream:75 - [STDERR_REDIRECT] [Fatal Error] :1:1: Premature end of file.
2025-12-16 21:32:27,048 [ERROR] LogOutputStream:75 - [STDERR_REDIRECT] 
2025-12-16 21:32:28,049 [ERROR] LogOutputStream:75 - [STDERR_REDIRECT] [Fatal Error] :1:1: Premature end of file.
2025-12-16 21:32:28,049 [ERROR] LogOutputStream:75 - [STDERR_REDIRECT] 
2025-12-16 21:32:29,058 [ERROR] LogOutputStream:75 - [STDERR_REDIRECT] [Fatal Error] :1:1: Premature end of file.
2025-12-16 21:32:29,058 [ERROR] LogOutputStream:75 - [STDERR_REDIRECT] 
2025-12-16 21:32:30,048 [ERROR] LogOutputStream:75 - [STDERR_REDIRECT] [Fatal Error] :1:1: Premature end of file.
2025-12-16 21:32:30,048 [ERROR] LogOutputStream:75 - [STDERR_REDIRECT] 
2025-12-16 21:32:31,048 [ERROR] LogOutputStream:75 - [STDERR_REDIRECT] [Fatal Error] :1:1: Premature end of file.
2025-12-16 21:32:31,048 [ERROR] LogOutputStream:75 - [STDERR_REDIRECT] 
2025-12-16 21:32:32,048 [ERROR] LogOutputStream:75 - [STDERR_REDIRECT] [Fatal Error] :1:1: Premature end of file.
2025-12-16 21:32:32,048 [ERROR] LogOutputStream:75 - [STDERR_REDIRECT] 
2025-12-16 21:32:33,048 [ERROR] LogOutputStream:75 - [STDERR_REDIRECT] [Fatal Error] :1:1: Premature end of file.
2025-12-16 21:32:33,048 [ERROR] LogOutputStream:75 - [STDERR_REDIRECT] 
2025-12-16 21:32:34,047 [ERROR] LogOutputStream:75 - [STDERR_REDIRECT] [Fatal Error] :1:1: Premature end of file.
2025-12-16 21:32:34,047 [ERROR] LogOutputStream:75 - [STDERR_REDIRECT] 
2025-12-16 21:32:35,047 [ERROR] LogOutputStream:75 - [STDERR_REDIRECT] [Fatal Error] :1:1: Premature end of file.
2025-12-16 21:32:35,047 [ERROR] LogOutputStream:75 - [STDERR_REDIRECT] 
2025-12-16 21:32:36,046 [ERROR] LogOutputStream:75 - [STDERR_REDIRECT] [Fatal Error] :1:1: Premature end of file.
2025-12-16 21:32:36,047 [ERROR] LogOutputStream:75 - [STDERR_REDIRECT] 
2025-12-16 21:32:37,047 [ERROR] LogOutputStream:75 - [STDERR_REDIRECT] [Fatal Error] :1:1: Premature end of file.
2025-12-16 21:32:37,047 [ERROR] LogOutputStream:75 - [STDERR_REDIRECT] 
2025-12-16 21:32:38,047 [ERROR] LogOutputStream:75 - [STDERR_REDIRECT] [Fatal Error] :1:1: Premature end of file.
2025-12-16 21:32:38,047 [ERROR] LogOutputStream:75 - [STDERR_REDIRECT] 
2025-12-16 21:32:39,046 [ERROR] LogOutputStream:75 - [STDERR_REDIRECT] [Fatal Error] :1:1: Premature end of file.
2025-12-16 21:32:39,046 [ERROR] LogOutputStream:75 - [STDERR_REDIRECT] 
2025-12-16 21:32:40,048 [ERROR] LogOutputStream:75 - [STDERR_REDIRECT] [Fatal Error] :1:1: Premature end of file.
2025-12-16 21:32:40,048 [ERROR] LogOutputStream:75 - [STDERR_REDIRECT] 
2025-12-16 21:32:41,048 [ERROR] LogOutputStream:75 - [STDERR_REDIRECT] [Fatal Error] :1:1: Premature end of file.
2025-12-16 21:32:41,048 [ERROR] LogOutputStream:75 - [STDERR_REDIRECT] 
2025-12-16 21:32:42,046 [ERROR] LogOutputStream:75 - [STDERR_REDIRECT] [Fatal Error] :1:1: Premature end of file.
2025-12-16 21:32:42,046 [ERROR] LogOutputStream:75 - [STDERR_REDIRECT] 
2025-12-16 21:32:43,048 [ERROR] LogOutputStream:75 - [STDERR_REDIRECT] [Fatal Error] :1:1: Premature end of file.
2025-12-16 21:32:43,048 [ERROR] LogOutputStream:75 - [STDERR_REDIRECT] 
2025-12-16 21:32:44,046 [ERROR] LogOutputStream:75 - [STDERR_REDIRECT] [Fatal Error] :1:1: Premature end of file.
2025-12-16 21:32:44,046 [ERROR] LogOutputStream:75 - [STDERR_REDIRECT] 
2025-12-16 21:32:45,046 [ERROR] LogOutputStream:75 - [STDERR_REDIRECT] [Fatal Error] :1:1: Premature end of file.
2025-12-16 21:32:45,046 [ERROR] LogOutputStream:75 - [STDERR_REDIRECT] 
2025-12-16 21:32:46,048 [ERROR] LogOutputStream:75 - [STDERR_REDIRECT] [Fatal Error] :1:1: Premature end of file.
2025-12-16 21:32:46,048 [ERROR] LogOutputStream:75 - [STDERR_REDIRECT] 
2025-12-16 21:32:47,047 [ERROR] LogOutputStream:75 - [STDERR_REDIRECT] [Fatal Error] :1:1: Premature end of file.
2025-12-16 21:32:47,047 [ERROR] LogOutputStream:75 - [STDERR_REDIRECT] 
2025-12-16 21:32:48,046 [ERROR] LogOutputStream:75 - [STDERR_REDIRECT] [Fatal Error] :1:1: Premature end of file.
2025-12-16 21:32:48,046 [ERROR] LogOutputStream:75 - [STDERR_REDIRECT] 
2025-12-16 21:32:49,046 [ERROR] LogOutputStream:75 - [STDERR_REDIRECT] [Fatal Error] :1:1: Premature end of file.
2025-12-16 21:32:49,047 [ERROR] LogOutputStream:75 - [STDERR_REDIRECT] 
2025-12-16 21:32:50,046 [ERROR] LogOutputStream:75 - [STDERR_REDIRECT] [Fatal Error] :1:1: Premature end of file.
2025-12-16 21:32:50,046 [ERROR] LogOutputStream:75 - [STDERR_REDIRECT] 
2025-12-16 21:32:51,049 [ERROR] LogOutputStream:75 - [STDERR_REDIRECT] [Fatal Error] :1:1: Premature end of file.
2025-12-16 21:32:51,049 [ERROR] LogOutputStream:75 - [STDERR_REDIRECT] 
2025-12-16 21:32:52,057 [ERROR] LogOutputStream:75 - [STDERR_REDIRECT] [Fatal Error] :1:1: Premature end of file.
2025-12-16 21:32:52,057 [ERROR] LogOutputStream:75 - [STDERR_REDIRECT] 
2025-12-16 21:32:53,049 [ERROR] LogOutputStream:75 - [STDERR_REDIRECT] [Fatal Error] :1:1: Premature end of file.
2025-12-16 21:32:53,049 [ERROR] LogOutputStream:75 - [STDERR_REDIRECT] 
2025-12-16 21:32:54,048 [ERROR] LogOutputStream:75 - [STDERR_REDIRECT] [Fatal Error] :1:1: Premature end of file.
2025-12-16 21:32:54,048 [ERROR] LogOutputStream:75 - [STDERR_REDIRECT] 
2025-12-16 21:32:55,047 [ERROR] LogOutputStream:75 - [STDERR_REDIRECT] [Fatal Error] :1:1: Premature end of file.
2025-12-16 21:32:55,047 [ERROR] LogOutputStream:75 - [STDERR_REDIRECT] 
2025-12-16 21:32:56,048 [ERROR] LogOutputStream:75 - [STDERR_REDIRECT] [Fatal Error] :1:1: Premature end of file.
2025-12-16 21:32:56,049 [ERROR] LogOutputStream:75 - [STDERR_REDIRECT] 
2025-12-16 21:32:57,049 [ERROR] LogOutputStream:75 - [STDERR_REDIRECT] [Fatal Error] :1:1: Premature end of file.
2025-12-16 21:32:57,049 [ERROR] LogOutputStream:75 - [STDERR_REDIRECT] 
2025-12-16 21:32:58,047 [ERROR] LogOutputStream:75 - [STDERR_REDIRECT] [Fatal Error] :1:1: Premature end of file.
2025-12-16 21:32:58,047 [ERROR] LogOutputStream:75 - [STDERR_REDIRECT] 
2025-12-16 21:32:59,048 [ERROR] LogOutputStream:75 - [STDERR_REDIRECT] [Fatal Error] :1:1: Premature end of file.
2025-12-16 21:32:59,048 [ERROR] LogOutputStream:75 - [STDERR_REDIRECT] 
2025-12-16 21:33:00,046 [ERROR] LogOutputStream:75 - [STDERR_REDIRECT] [Fatal Error] :1:1: Premature end of file.
2025-12-16 21:33:00,046 [ERROR] LogOutputStream:75 - [STDERR_REDIRECT] 
2025-12-16 21:33:01,048 [ERROR] LogOutputStream:75 - [STDERR_REDIRECT] [Fatal Error] :1:1: Premature end of file.
2025-12-16 21:33:01,048 [ERROR] LogOutputStream:75 - [STDERR_REDIRECT] 
2025-12-16 21:33:02,046 [ERROR] LogOutputStream:75 - [STDERR_REDIRECT] [Fatal Error] :1:1: Premature end of file.
2025-12-16 21:33:02,046 [ERROR] LogOutputStream:75 - [STDERR_REDIRECT] 
2025-12-16 21:33:03,048 [ERROR] LogOutputStream:75 - [STDERR_REDIRECT] [Fatal Error] :1:1: Premature end of file.
2025-12-16 21:33:03,048 [ERROR] LogOutputStream:75 - [STDERR_REDIRECT] 
2025-12-16 21:33:04,045 [ERROR] LogOutputStream:75 - [STDERR_REDIRECT] [Fatal Error] :1:1: Premature end of file.
2025-12-16 21:33:04,046 [ERROR] LogOutputStream:75 - [STDERR_REDIRECT] 
2025-12-16 21:33:05,047 [ERROR] LogOutputStream:75 - [STDERR_REDIRECT] [Fatal Error] :1:1: Premature end of file.
2025-12-16 21:33:05,048 [ERROR] LogOutputStream:75 - [STDERR_REDIRECT] 
2025-12-16 21:33:06,047 [ERROR] LogOutputStream:75 - [STDERR_REDIRECT] [Fatal Error] :1:1: Premature end of file.
2025-12-16 21:33:06,048 [ERROR] LogOutputStream:75 - [STDERR_REDIRECT] 
2025-12-16 21:33:07,047 [ERROR] LogOutputStream:75 - [STDERR_REDIRECT] [Fatal Error] :1:1: Premature end of file.
2025-12-16 21:33:07,047 [ERROR] LogOutputStream:75 - [STDERR_REDIRECT] 
2025-12-16 21:33:08,047 [ERROR] LogOutputStream:75 - [STDERR_REDIRECT] [Fatal Error] :1:1: Premature end of file.
2025-12-16 21:33:08,047 [ERROR] LogOutputStream:75 - [STDERR_REDIRECT] 
2025-12-16 21:33:09,047 [ERROR] LogOutputStream:75 - [STDERR_REDIRECT] [Fatal Error] :1:1: Premature end of file.
2025-12-16 21:33:09,047 [ERROR] LogOutputStream:75 - [STDERR_REDIRECT] 
2025-12-16 21:33:10,047 [ERROR] LogOutputStream:75 - [STDERR_REDIRECT] [Fatal Error] :1:1: Premature end of file.
2025-12-16 21:33:10,047 [ERROR] LogOutputStream:75 - [STDERR_REDIRECT] 
2025-12-16 21:33:11,046 [ERROR] LogOutputStream:75 - [STDERR_REDIRECT] [Fatal Error] :1:1: Premature end of file.
2025-12-16 21:33:11,047 [ERROR] LogOutputStream:75 - [STDERR_REDIRECT] 
2025-12-16 21:33:12,046 [ERROR] LogOutputStream:75 - [STDERR_REDIRECT] [Fatal Error] :1:1: Premature end of file.
2025-12-16 21:33:12,047 [ERROR] LogOutputStream:75 - [STDERR_REDIRECT] 
2025-12-16 21:33:13,049 [ERROR] LogOutputStream:75 - [STDERR_REDIRECT] [Fatal Error] :1:1: Premature end of file.
2025-12-16 21:33:13,050 [ERROR] LogOutputStream:75 - [STDERR_REDIRECT] 
2025-12-16 21:33:14,059 [ERROR] LogOutputStream:75 - [STDERR_REDIRECT] [Fatal Error] :1:1: Premature end of file.
2025-12-16 21:33:14,059 [ERROR] LogOutputStream:75 - [STDERR_REDIRECT] 
2025-12-16 21:33:15,051 [ERROR] LogOutputStream:75 - [STDERR_REDIRECT] [Fatal Error] :1:1: Premature end of file.
2025-12-16 21:33:15,051 [ERROR] LogOutputStream:75 - [STDERR_REDIRECT] 
2025-12-16 21:33:16,046 [ERROR] LogOutputStream:75 - [STDERR_REDIRECT] [Fatal Error] :1:1: Premature end of file.
2025-12-16 21:33:16,046 [ERROR] LogOutputStream:75 - [STDERR_REDIRECT] 
2025-12-16 21:33:17,050 [ERROR] LogOutputStream:75 - [STDERR_REDIRECT] [Fatal Error] :1:1: Premature end of file.
2025-12-16 21:33:17,050 [ERROR] LogOutputStream:75 - [STDERR_REDIRECT] 
2025-12-16 21:33:18,049 [ERROR] LogOutputStream:75 - [STDERR_REDIRECT] [Fatal Error] :1:1: Premature end of file.
2025-12-16 21:33:18,050 [ERROR] LogOutputStream:75 - [STDERR_REDIRECT] 
2025-12-16 21:33:19,046 [ERROR] LogOutputStream:75 - [STDERR_REDIRECT] [Fatal Error] :1:1: Premature end of file.
2025-12-16 21:33:19,047 [ERROR] LogOutputStream:75 - [STDERR_REDIRECT] 
2025-12-16 21:33:20,047 [ERROR] LogOutputStream:75 - [STDERR_REDIRECT] [Fatal Error] :1:1: Premature end of file.
2025-12-16 21:33:20,048 [ERROR] LogOutputStream:75 - [STDERR_REDIRECT] 
2025-12-16 21:33:21,047 [ERROR] LogOutputStream:75 - [STDERR_REDIRECT] [Fatal Error] :1:1: Premature end of file.
2025-12-16 21:33:21,047 [ERROR] LogOutputStream:75 - [STDERR_REDIRECT] 
2025-12-16 21:33:22,049 [ERROR] LogOutputStream:75 - [STDERR_REDIRECT] [Fatal Error] :1:1: Premature end of file.
2025-12-16 21:33:22,050 [ERROR] LogOutputStream:75 - [STDERR_REDIRECT] 
2025-12-16 21:33:23,050 [ERROR] LogOutputStream:75 - [STDERR_REDIRECT] [Fatal Error] :1:1: Premature end of file.
2025-12-16 21:33:23,051 [ERROR] LogOutputStream:75 - [STDERR_REDIRECT] 
2025-12-16 21:33:24,049 [ERROR] LogOutputStream:75 - [STDERR_REDIRECT] [Fatal Error] :1:1: Premature end of file.
2025-12-16 21:33:24,049 [ERROR] LogOutputStream:75 - [STDERR_REDIRECT] 
2025-12-16 21:33:25,050 [ERROR] LogOutputStream:75 - [STDERR_REDIRECT] [Fatal Error] :1:1: Premature end of file.
2025-12-16 21:33:25,050 [ERROR] LogOutputStream:75 - [STDERR_REDIRECT] 
2025-12-16 21:33:26,049 [ERROR] LogOutputStream:75 - [STDERR_REDIRECT] [Fatal Error] :1:1: Premature end of file.
2025-12-16 21:33:26,049 [ERROR] LogOutputStream:75 - [STDERR_REDIRECT] 
2025-12-16 21:33:27,048 [ERROR] LogOutputStream:75 - [STDERR_REDIRECT] [Fatal Error] :1:1: Premature end of file.
2025-12-16 21:33:27,048 [ERROR] LogOutputStream:75 - [STDERR_REDIRECT] 
2025-12-16 21:33:28,048 [ERROR] LogOutputStream:75 - [STDERR_REDIRECT] [Fatal Error] :1:1: Premature end of file.
2025-12-16 21:33:28,048 [ERROR] LogOutputStream:75 - [STDERR_REDIRECT] 
2025-12-16 21:33:29,047 [ERROR] LogOutputStream:75 - [STDERR_REDIRECT] [Fatal Error] :1:1: Premature end of file.
2025-12-16 21:33:29,047 [ERROR] LogOutputStream:75 - [STDERR_REDIRECT] 
2025-12-16 21:33:30,047 [ERROR] LogOutputStream:75 - [STDERR_REDIRECT] [Fatal Error] :1:1: Premature end of file.
2025-12-16 21:33:30,048 [ERROR] LogOutputStream:75 - [STDERR_REDIRECT] 
2025-12-16 21:33:31,049 [ERROR] LogOutputStream:75 - [STDERR_REDIRECT] [Fatal Error] :1:1: Premature end of file.
2025-12-16 21:33:31,049 [ERROR] LogOutputStream:75 - [STDERR_REDIRECT] 
2025-12-16 21:33:32,057 [ERROR] LogOutputStream:75 - [STDERR_REDIRECT] [Fatal Error] :1:1: Premature end of file.
2025-12-16 21:33:32,057 [ERROR] LogOutputStream:75 - [STDERR_REDIRECT] 
2025-12-16 21:33:33,049 [ERROR] LogOutputStream:75 - [STDERR_REDIRECT] [Fatal Error] :1:1: Premature end of file.
2025-12-16 21:33:33,049 [ERROR] LogOutputStream:75 - [STDERR_REDIRECT] 
2025-12-16 21:33:34,047 [ERROR] LogOutputStream:75 - [STDERR_REDIRECT] [Fatal Error] :1:1: Premature end of file.
2025-12-16 21:33:34,047 [ERROR] LogOutputStream:75 - [STDERR_REDIRECT] 
2025-12-16 21:33:35,047 [ERROR] LogOutputStream:75 - [STDERR_REDIRECT] [Fatal Error] :1:1: Premature end of file.
2025-12-16 21:33:35,048 [ERROR] LogOutputStream:75 - [STDERR_REDIRECT] 
2025-12-16 21:33:36,047 [ERROR] LogOutputStream:75 - [STDERR_REDIRECT] [Fatal Error] :1:1: Premature end of file.
2025-12-16 21:33:36,047 [ERROR] LogOutputStream:75 - [STDERR_REDIRECT] 
2025-12-16 21:33:37,046 [ERROR] LogOutputStream:75 - [STDERR_REDIRECT] [Fatal Error] :1:1: Premature end of file.
2025-12-16 21:33:37,047 [ERROR] LogOutputStream:75 - [STDERR_REDIRECT] 
2025-12-16 21:33:38,046 [ERROR] LogOutputStream:75 - [STDERR_REDIRECT] [Fatal Error] :1:1: Premature end of file.
2025-12-16 21:33:38,046 [ERROR] LogOutputStream:75 - [STDERR_REDIRECT] 
2025-12-16 21:33:39,046 [ERROR] LogOutputStream:75 - [STDERR_REDIRECT] [Fatal Error] :1:1: Premature end of file.
2025-12-16 21:33:39,047 [ERROR] LogOutputStream:75 - [STDERR_REDIRECT] 
2025-12-16 21:33:40,046 [ERROR] LogOutputStream:75 - [STDERR_REDIRECT] [Fatal Error] :1:1: Premature end of file.
2025-12-16 21:33:40,047 [ERROR] LogOutputStream:75 - [STDERR_REDIRECT] 
2025-12-16 21:33:41,047 [ERROR] LogOutputStream:75 - [STDERR_REDIRECT] [Fatal Error] :1:1: Premature end of file.
2025-12-16 21:33:41,047 [ERROR] LogOutputStream:75 - [STDERR_REDIRECT] 
2025-12-16 21:33:42,047 [ERROR] LogOutputStream:75 - [STDERR_REDIRECT] [Fatal Error] :1:1: Premature end of file.
2025-12-16 21:33:42,047 [ERROR] LogOutputStream:75 - [STDERR_REDIRECT] 
2025-12-16 21:33:43,046 [ERROR] LogOutputStream:75 - [STDERR_REDIRECT] [Fatal Error] :1:1: Premature end of file.
2025-12-16 21:33:43,047 [ERROR] LogOutputStream:75 - [STDERR_REDIRECT] 
2025-12-16 21:33:44,048 [ERROR] LogOutputStream:75 - [STDERR_REDIRECT] [Fatal Error] :1:1: Premature end of file.
2025-12-16 21:33:44,048 [ERROR] LogOutputStream:75 - [STDERR_REDIRECT] 
2025-12-16 21:33:45,046 [ERROR] LogOutputStream:75 - [STDERR_REDIRECT] [Fatal Error] :1:1: Premature end of file.
2025-12-16 21:33:45,046 [ERROR] LogOutputStream:75 - [STDERR_REDIRECT] 
2025-12-16 21:33:46,047 [ERROR] LogOutputStream:75 - [STDERR_REDIRECT] [Fatal Error] :1:1: Premature end of file.
2025-12-16 21:33:46,047 [ERROR] LogOutputStream:75 - [STDERR_REDIRECT] 
2025-12-16 21:33:47,047 [ERROR] LogOutputStream:75 - [STDERR_REDIRECT] [Fatal Error] :1:1: Premature end of file.
2025-12-16 21:33:47,047 [ERROR] LogOutputStream:75 - [STDERR_REDIRECT] 
2025-12-16 21:33:48,047 [ERROR] LogOutputStream:75 - [STDERR_REDIRECT] [Fatal Error] :1:1: Premature end of file.
2025-12-16 21:33:48,047 [ERROR] LogOutputStream:75 - [STDERR_REDIRECT] 
2025-12-16 21:33:49,046 [ERROR] LogOutputStream:75 - [STDERR_REDIRECT] [Fatal Error] :1:1: Premature end of file.
2025-12-16 21:33:49,047 [ERROR] LogOutputStream:75 - [STDERR_REDIRECT] 
2025-12-16 21:33:50,046 [ERROR] LogOutputStream:75 - [STDERR_REDIRECT] [Fatal Error] :1:1: Premature end of file.
2025-12-16 21:33:50,047 [ERROR] LogOutputStream:75 - [STDERR_REDIRECT] 
2025-12-16 21:33:51,047 [ERROR] LogOutputStream:75 - [STDERR_REDIRECT] [Fatal Error] :1:1: Premature end of file.
2025-12-16 21:33:51,047 [ERROR] LogOutputStream:75 - [STDERR_REDIRECT] 
2025-12-16 21:33:52,049 [ERROR] LogOutputStream:75 - [STDERR_REDIRECT] [Fatal Error] :1:1: Premature end of file.
2025-12-16 21:33:52,049 [ERROR] LogOutputStream:75 - [STDERR_REDIRECT] 
2025-12-16 21:33:53,048 [ERROR] LogOutputStream:75 - [STDERR_REDIRECT] [Fatal Error] :1:1: Premature end of file.
2025-12-16 21:33:53,049 [ERROR] LogOutputStream:75 - [STDERR_REDIRECT] 
2025-12-16 21:33:54,048 [ERROR] LogOutputStream:75 - [STDERR_REDIRECT] [Fatal Error] :1:1: Premature end of file.
2025-12-16 21:33:54,048 [ERROR] LogOutputStream:75 - [STDERR_REDIRECT] 
2025-12-16 21:33:55,044 [ERROR] LogOutputStream:75 - [STDERR_REDIRECT] [Fatal Error] :1:1: Premature end of file.
2025-12-16 21:33:55,044 [ERROR] LogOutputStream:75 - [STDERR_REDIRECT] 
2025-12-16 21:33:56,049 [ERROR] LogOutputStream:75 - [STDERR_REDIRECT] [Fatal Error] :1:1: Premature end of file.
2025-12-16 21:33:56,049 [ERROR] LogOutputStream:75 - [STDERR_REDIRECT] 
2025-12-16 21:33:57,046 [ERROR] LogOutputStream:75 - [STDERR_REDIRECT] [Fatal Error] :1:1: Premature end of file.
2025-12-16 21:33:57,046 [ERROR] LogOutputStream:75 - [STDERR_REDIRECT] 
2025-12-16 21:33:58,049 [ERROR] LogOutputStream:75 - [STDERR_REDIRECT] [Fatal Error] :1:1: Premature end of file.
2025-12-16 21:33:58,049 [ERROR] LogOutputStream:75 - [STDERR_REDIRECT] 
2025-12-16 21:33:59,057 [ERROR] LogOutputStream:75 - [STDERR_REDIRECT] [Fatal Error] :1:1: Premature end of file.
2025-12-16 21:33:59,057 [ERROR] LogOutputStream:75 - [STDERR_REDIRECT] 
2025-12-16 21:34:00,046 [ERROR] LogOutputStream:75 - [STDERR_REDIRECT] [Fatal Error] :1:1: Premature end of file.
2025-12-16 21:34:00,046 [ERROR] LogOutputStream:75 - [STDERR_REDIRECT] 
2025-12-16 21:34:01,049 [ERROR] LogOutputStream:75 - [STDERR_REDIRECT] [Fatal Error] :1:1: Premature end of file.
2025-12-16 21:34:01,049 [ERROR] LogOutputStream:75 - [STDERR_REDIRECT] 
2025-12-16 21:34:02,047 [ERROR] LogOutputStream:75 - [STDERR_REDIRECT] [Fatal Error] :1:1: Premature end of file.
2025-12-16 21:34:02,047 [ERROR] LogOutputStream:75 - [STDERR_REDIRECT] 
2025-12-16 21:34:03,048 [ERROR] LogOutputStream:75 - [STDERR_REDIRECT] [Fatal Error] :1:1: Premature end of file.
2025-12-16 21:34:03,048 [ERROR] LogOutputStream:75 - [STDERR_REDIRECT] 
2025-12-16 21:34:04,048 [ERROR] LogOutputStream:75 - [STDERR_REDIRECT] [Fatal Error] :1:1: Premature end of file.
2025-12-16 21:34:04,048 [ERROR] LogOutputStream:75 - [STDERR_REDIRECT] 
2025-12-16 21:34:05,047 [ERROR] LogOutputStream:75 - [STDERR_REDIRECT] [Fatal Error] :1:1: Premature end of file.
2025-12-16 21:34:05,047 [ERROR] LogOutputStream:75 - [STDERR_REDIRECT] 
2025-12-16 21:34:06,047 [ERROR] LogOutputStream:75 - [STDERR_REDIRECT] [Fatal Error] :1:1: Premature end of file.
2025-12-16 21:34:06,047 [ERROR] LogOutputStream:75 - [STDERR_REDIRECT] 
2025-12-16 21:34:07,047 [ERROR] LogOutputStream:75 - [STDERR_REDIRECT] [Fatal Error] :1:1: Premature end of file.
2025-12-16 21:34:07,047 [ERROR] LogOutputStream:75 - [STDERR_REDIRECT] 
2025-12-16 21:34:08,048 [ERROR] LogOutputStream:75 - [STDERR_REDIRECT] [Fatal Error] :1:1: Premature end of file.
2025-12-16 21:34:08,048 [ERROR] LogOutputStream:75 - [STDERR_REDIRECT] 
2025-12-16 21:34:09,047 [ERROR] LogOutputStream:75 - [STDERR_REDIRECT] [Fatal Error] :1:1: Premature end of file.
2025-12-16 21:34:09,047 [ERROR] LogOutputStream:75 - [STDERR_REDIRECT] 
2025-12-16 21:34:10,047 [ERROR] LogOutputStream:75 - [STDERR_REDIRECT] [Fatal Error] :1:1: Premature end of file.
2025-12-16 21:34:10,047 [ERROR] LogOutputStream:75 - [STDERR_REDIRECT] 
2025-12-16 21:34:11,046 [ERROR] LogOutputStream:75 - [STDERR_REDIRECT] [Fatal Error] :1:1: Premature end of file.
2025-12-16 21:34:11,046 [ERROR] LogOutputStream:75 - [STDERR_REDIRECT] 
2025-12-16 21:34:12,046 [ERROR] LogOutputStream:75 - [STDERR_REDIRECT] [Fatal Error] :1:1: Premature end of file.
2025-12-16 21:34:12,047 [ERROR] LogOutputStream:75 - [STDERR_REDIRECT] 
2025-12-16 21:34:13,046 [ERROR] LogOutputStream:75 - [STDERR_REDIRECT] [Fatal Error] :1:1: Premature end of file.
2025-12-16 21:34:13,047 [ERROR] LogOutputStream:75 - [STDERR_REDIRECT] 
2025-12-16 21:34:14,048 [ERROR] LogOutputStream:75 - [STDERR_REDIRECT] [Fatal Error] :1:1: Premature end of file.
2025-12-16 21:34:14,048 [ERROR] LogOutputStream:75 - [STDERR_REDIRECT] 
2025-12-16 21:34:15,046 [ERROR] LogOutputStream:75 - [STDERR_REDIRECT] [Fatal Error] :1:1: Premature end of file.
2025-12-16 21:34:15,046 [ERROR] LogOutputStream:75 - [STDERR_REDIRECT] 
2025-12-16 21:34:16,046 [ERROR] LogOutputStream:75 - [STDERR_REDIRECT] [Fatal Error] :1:1: Premature end of file.
2025-12-16 21:34:16,046 [ERROR] LogOutputStream:75 - [STDERR_REDIRECT] 
2025-12-16 21:34:17,046 [ERROR] LogOutputStream:75 - [STDERR_REDIRECT] [Fatal Error] :1:1: Premature end of file.
2025-12-16 21:34:17,047 [ERROR] LogOutputStream:75 - [STDERR_REDIRECT] 
2025-12-16 21:34:18,049 [ERROR] LogOutputStream:75 - [STDERR_REDIRECT] [Fatal Error] :1:1: Premature end of file.
2025-12-16 21:34:18,050 [ERROR] LogOutputStream:75 - [STDERR_REDIRECT] 
2025-12-16 21:34:19,057 [ERROR] LogOutputStream:75 - [STDERR_REDIRECT] [Fatal Error] :1:1: Premature end of file.
2025-12-16 21:34:19,057 [ERROR] LogOutputStream:75 - [STDERR_REDIRECT] 
2025-12-16 21:34:20,050 [ERROR] LogOutputStream:75 - [STDERR_REDIRECT] [Fatal Error] :1:1: Premature end of file.
2025-12-16 21:34:20,050 [ERROR] LogOutputStream:75 - [STDERR_REDIRECT] 
2025-12-16 21:34:21,059 [ERROR] LogOutputStream:75 - [STDERR_REDIRECT] [Fatal Error] :1:1: Premature end of file.
2025-12-16 21:34:21,059 [ERROR] LogOutputStream:75 - [STDERR_REDIRECT] 
2025-12-16 21:34:22,059 [ERROR] LogOutputStream:75 - [STDERR_REDIRECT] [Fatal Error] :1:1: Premature end of file.
2025-12-16 21:34:22,059 [ERROR] LogOutputStream:75 - [STDERR_REDIRECT] 
2025-12-16 21:34:23,053 [ERROR] LogOutputStream:75 - [STDERR_REDIRECT] [Fatal Error] :1:1: Premature end of file.
2025-12-16 21:34:23,054 [ERROR] LogOutputStream:75 - [STDERR_REDIRECT] 
2025-12-16 21:34:24,046 [ERROR] LogOutputStream:75 - [STDERR_REDIRECT] [Fatal Error] :1:1: Premature end of file.
2025-12-16 21:34:24,047 [ERROR] LogOutputStream:75 - [STDERR_REDIRECT] 
2025-12-16 21:34:25,047 [ERROR] LogOutputStream:75 - [STDERR_REDIRECT] [Fatal Error] :1:1: Premature end of file.
2025-12-16 21:34:25,047 [ERROR] LogOutputStream:75 - [STDERR_REDIRECT] 
2025-12-16 21:34:26,045 [ERROR] LogOutputStream:75 - [STDERR_REDIRECT] [Fatal Error] :1:1: Premature end of file.
2025-12-16 21:34:26,045 [ERROR] LogOutputStream:75 - [STDERR_REDIRECT] 
2025-12-16 21:34:27,048 [ERROR] LogOutputStream:75 - [STDERR_REDIRECT] [Fatal Error] :1:1: Premature end of file.
2025-12-16 21:34:27,048 [ERROR] LogOutputStream:75 - [STDERR_REDIRECT] 
2025-12-16 21:34:28,047 [ERROR] LogOutputStream:75 - [STDERR_REDIRECT] [Fatal Error] :1:1: Premature end of file.
2025-12-16 21:34:28,047 [ERROR] LogOutputStream:75 - [STDERR_REDIRECT] 
2025-12-16 21:34:29,048 [ERROR] LogOutputStream:75 - [STDERR_REDIRECT] [Fatal Error] :1:1: Premature end of file.
2025-12-16 21:34:29,048 [ERROR] LogOutputStream:75 - [STDERR_REDIRECT] 
2025-12-16 21:34:30,047 [ERROR] LogOutputStream:75 - [STDERR_REDIRECT] [Fatal Error] :1:1: Premature end of file.
2025-12-16 21:34:30,047 [ERROR] LogOutputStream:75 - [STDERR_REDIRECT] 
2025-12-16 21:34:31,047 [ERROR] LogOutputStream:75 - [STDERR_REDIRECT] [Fatal Error] :1:1: Premature end of file.
2025-12-16 21:34:31,047 [ERROR] LogOutputStream:75 - [STDERR_REDIRECT] 
2025-12-16 21:34:32,049 [ERROR] LogOutputStream:75 - [STDERR_REDIRECT] [Fatal Error] :1:1: Premature end of file.
2025-12-16 21:34:32,049 [ERROR] LogOutputStream:75 - [STDERR_REDIRECT] 
2025-12-16 21:34:33,047 [ERROR] LogOutputStream:75 - [STDERR_REDIRECT] [Fatal Error] :1:1: Premature end of file.
2025-12-16 21:34:33,047 [ERROR] LogOutputStream:75 - [STDERR_REDIRECT] 
2025-12-16 21:34:34,050 [ERROR] LogOutputStream:75 - [STDERR_REDIRECT] [Fatal Error] :1:1: Premature end of file.
2025-12-16 21:34:34,050 [ERROR] LogOutputStream:75 - [STDERR_REDIRECT] 
2025-12-16 21:34:35,048 [ERROR] LogOutputStream:75 - [STDERR_REDIRECT] [Fatal Error] :1:1: Premature end of file.
2025-12-16 21:34:35,048 [ERROR] LogOutputStream:75 - [STDERR_REDIRECT] 
2025-12-16 21:34:36,047 [ERROR] LogOutputStream:75 - [STDERR_REDIRECT] [Fatal Error] :1:1: Premature end of file.
2025-12-16 21:34:36,047 [ERROR] LogOutputStream:75 - [STDERR_REDIRECT] 
2025-12-16 21:34:37,049 [ERROR] LogOutputStream:75 - [STDERR_REDIRECT] [Fatal Error] :1:1: Premature end of file.
2025-12-16 21:34:37,049 [ERROR] LogOutputStream:75 - [STDERR_REDIRECT] 
2025-12-16 21:34:38,047 [ERROR] LogOutputStream:75 - [STDERR_REDIRECT] [Fatal Error] :1:1: Premature end of file.
2025-12-16 21:34:38,047 [ERROR] LogOutputStream:75 - [STDERR_REDIRECT] 
2025-12-16 21:34:39,047 [ERROR] LogOutputStream:75 - [STDERR_REDIRECT] [Fatal Error] :1:1: Premature end of file.
2025-12-16 21:34:39,047 [ERROR] LogOutputStream:75 - [STDERR_REDIRECT] 
2025-12-16 21:34:40,046 [ERROR] LogOutputStream:75 - [STDERR_REDIRECT] [Fatal Error] :1:1: Premature end of file.
2025-12-16 21:34:40,046 [ERROR] LogOutputStream:75 - [STDERR_REDIRECT] 
2025-12-16 21:34:41,047 [ERROR] LogOutputStream:75 - [STDERR_REDIRECT] [Fatal Error] :1:1: Premature end of file.
2025-12-16 21:34:41,047 [ERROR] LogOutputStream:75 - [STDERR_REDIRECT] 
2025-12-16 21:34:42,047 [ERROR] LogOutputStream:75 - [STDERR_REDIRECT] [Fatal Error] :1:1: Premature end of file.
2025-12-16 21:34:42,047 [ERROR] LogOutputStream:75 - [STDERR_REDIRECT] 
2025-12-16 21:34:43,045 [ERROR] LogOutputStream:75 - [STDERR_REDIRECT] [Fatal Error] :1:1: Premature end of file.
2025-12-16 21:34:43,045 [ERROR] LogOutputStream:75 - [STDERR_REDIRECT] 
2025-12-16 21:34:44,047 [ERROR] LogOutputStream:75 - [STDERR_REDIRECT] [Fatal Error] :1:1: Premature end of file.
2025-12-16 21:34:44,047 [ERROR] LogOutputStream:75 - [STDERR_REDIRECT] 
2025-12-16 21:34:45,048 [ERROR] LogOutputStream:75 - [STDERR_REDIRECT] [Fatal Error] :1:1: Premature end of file.
2025-12-16 21:34:45,048 [ERROR] LogOutputStream:75 - [STDERR_REDIRECT] 
2025-12-16 21:34:46,047 [ERROR] LogOutputStream:75 - [STDERR_REDIRECT] [Fatal Error] :1:1: Premature end of file.
2025-12-16 21:34:46,047 [ERROR] LogOutputStream:75 - [STDERR_REDIRECT] 
2025-12-16 21:34:47,047 [ERROR] LogOutputStream:75 - [STDERR_REDIRECT] [Fatal Error] :1:1: Premature end of file.
2025-12-16 21:34:47,047 [ERROR] LogOutputStream:75 - [STDERR_REDIRECT] 
2025-12-16 21:34:48,046 [ERROR] LogOutputStream:75 - [STDERR_REDIRECT] [Fatal Error] :1:1: Premature end of file.
2025-12-16 21:34:48,046 [ERROR] LogOutputStream:75 - [STDERR_REDIRECT] 
2025-12-16 21:34:49,046 [ERROR] LogOutputStream:75 - [STDERR_REDIRECT] [Fatal Error] :1:1: Premature end of file.
2025-12-16 21:34:49,046 [ERROR] LogOutputStream:75 - [STDERR_REDIRECT] 
2025-12-16 21:34:50,045 [ERROR] LogOutputStream:75 - [STDERR_REDIRECT] [Fatal Error] :1:1: Premature end of file.
2025-12-16 21:34:50,045 [ERROR] LogOutputStream:75 - [STDERR_REDIRECT] 
2025-12-16 21:34:51,046 [ERROR] LogOutputStream:75 - [STDERR_REDIRECT] [Fatal Error] :1:1: Premature end of file.
2025-12-16 21:34:51,047 [ERROR] LogOutputStream:75 - [STDERR_REDIRECT] 
2025-12-16 21:34:52,047 [ERROR] LogOutputStream:75 - [STDERR_REDIRECT] [Fatal Error] :1:1: Premature end of file.
2025-12-16 21:34:52,047 [ERROR] LogOutputStream:75 - [STDERR_REDIRECT] 
2025-12-16 21:34:53,050 [ERROR] LogOutputStream:75 - [STDERR_REDIRECT] [Fatal Error] :1:1: Premature end of file.
2025-12-16 21:34:53,050 [ERROR] LogOutputStream:75 - [STDERR_REDIRECT] 
2025-12-16 21:34:54,051 [ERROR] LogOutputStream:75 - [STDERR_REDIRECT] [Fatal Error] :1:1: Premature end of file.
2025-12-16 21:34:54,051 [ERROR] LogOutputStream:75 - [STDERR_REDIRECT] 
2025-12-16 21:34:55,050 [ERROR] LogOutputStream:75 - [STDERR_REDIRECT] [Fatal Error] :1:1: Premature end of file.
2025-12-16 21:34:55,050 [ERROR] LogOutputStream:75 - [STDERR_REDIRECT] 
2025-12-16 21:34:56,056 [ERROR] LogOutputStream:75 - [STDERR_REDIRECT] [Fatal Error] :1:1: Premature end of file.
2025-12-16 21:34:56,056 [ERROR] LogOutputStream:75 - [STDERR_REDIRECT] 
2025-12-16 21:34:57,047 [ERROR] LogOutputStream:75 - [STDERR_REDIRECT] [Fatal Error] :1:1: Premature end of file.
2025-12-16 21:34:57,047 [ERROR] LogOutputStream:75 - [STDERR_REDIRECT] 
2025-12-16 21:34:58,047 [ERROR] LogOutputStream:75 - [STDERR_REDIRECT] [Fatal Error] :1:1: Premature end of file.
2025-12-16 21:34:58,047 [ERROR] LogOutputStream:75 - [STDERR_REDIRECT] 
2025-12-16 21:34:59,047 [ERROR] LogOutputStream:75 - [STDERR_REDIRECT] [Fatal Error] :1:1: Premature end of file.
2025-12-16 21:34:59,047 [ERROR] LogOutputStream:75 - [STDERR_REDIRECT] 
2025-12-16 21:35:00,047 [ERROR] LogOutputStream:75 - [STDERR_REDIRECT] [Fatal Error] :1:1: Premature end of file.
2025-12-16 21:35:00,047 [ERROR] LogOutputStream:75 - [STDERR_REDIRECT] 
2025-12-16 21:35:01,047 [ERROR] LogOutputStream:75 - [STDERR_REDIRECT] [Fatal Error] :1:1: Premature end of file.
2025-12-16 21:35:01,048 [ERROR] LogOutputStream:75 - [STDERR_REDIRECT] 
2025-12-16 21:35:02,048 [ERROR] LogOutputStream:75 - [STDERR_REDIRECT] [Fatal Error] :1:1: Premature end of file.
2025-12-16 21:35:02,048 [ERROR] LogOutputStream:75 - [STDERR_REDIRECT] 
2025-12-16 21:35:03,047 [ERROR] LogOutputStream:75 - [STDERR_REDIRECT] [Fatal Error] :1:1: Premature end of file.
2025-12-16 21:35:03,047 [ERROR] LogOutputStream:75 - [STDERR_REDIRECT] 
2025-12-16 21:35:04,046 [ERROR] LogOutputStream:75 - [STDERR_REDIRECT] [Fatal Error] :1:1: Premature end of file.
2025-12-16 21:35:04,046 [ERROR] LogOutputStream:75 - [STDERR_REDIRECT] 
2025-12-16 21:35:05,047 [ERROR] LogOutputStream:75 - [STDERR_REDIRECT] [Fatal Error] :1:1: Premature end of file.
2025-12-16 21:35:05,048 [ERROR] LogOutputStream:75 - [STDERR_REDIRECT] 
2025-12-16 21:35:06,047 [ERROR] LogOutputStream:75 - [STDERR_REDIRECT] [Fatal Error] :1:1: Premature end of file.
2025-12-16 21:35:06,047 [ERROR] LogOutputStream:75 - [STDERR_REDIRECT] 
2025-12-16 21:35:07,048 [ERROR] LogOutputStream:75 - [STDERR_REDIRECT] [Fatal Error] :1:1: Premature end of file.
2025-12-16 21:35:07,048 [ERROR] LogOutputStream:75 - [STDERR_REDIRECT] 
2025-12-16 21:35:08,048 [ERROR] LogOutputStream:75 - [STDERR_REDIRECT] [Fatal Error] :1:1: Premature end of file.
2025-12-16 21:35:08,048 [ERROR] LogOutputStream:75 - [STDERR_REDIRECT] 
2025-12-16 21:35:09,047 [ERROR] LogOutputStream:75 - [STDERR_REDIRECT] [Fatal Error] :1:1: Premature end of file.
2025-12-16 21:35:09,047 [ERROR] LogOutputStream:75 - [STDERR_REDIRECT] 
2025-12-16 21:35:10,048 [ERROR] LogOutputStream:75 - [STDERR_REDIRECT] [Fatal Error] :1:1: Premature end of file.
2025-12-16 21:35:10,048 [ERROR] LogOutputStream:75 - [STDERR_REDIRECT] 
2025-12-16 21:35:11,049 [ERROR] LogOutputStream:75 - [STDERR_REDIRECT] [Fatal Error] :1:1: Premature end of file.
2025-12-16 21:35:11,050 [ERROR] LogOutputStream:75 - [STDERR_REDIRECT] 
2025-12-16 21:35:12,049 [ERROR] LogOutputStream:75 - [STDERR_REDIRECT] [Fatal Error] :1:1: Premature end of file.
2025-12-16 21:35:12,049 [ERROR] LogOutputStream:75 - [STDERR_REDIRECT] 
2025-12-16 21:35:13,048 [ERROR] LogOutputStream:75 - [STDERR_REDIRECT] [Fatal Error] :1:1: Premature end of file.
2025-12-16 21:35:13,048 [ERROR] LogOutputStream:75 - [STDERR_REDIRECT] 
2025-12-16 21:35:14,047 [ERROR] LogOutputStream:75 - [STDERR_REDIRECT] [Fatal Error] :1:1: Premature end of file.
2025-12-16 21:35:14,048 [ERROR] LogOutputStream:75 - [STDERR_REDIRECT] 
2025-12-16 21:35:15,048 [ERROR] LogOutputStream:75 - [STDERR_REDIRECT] [Fatal Error] :1:1: Premature end of file.
2025-12-16 21:35:15,048 [ERROR] LogOutputStream:75 - [STDERR_REDIRECT] 
2025-12-16 21:35:16,048 [ERROR] LogOutputStream:75 - [STDERR_REDIRECT] [Fatal Error] :1:1: Premature end of file.
2025-12-16 21:35:16,048 [ERROR] LogOutputStream:75 - [STDERR_REDIRECT] 
2025-12-16 21:35:17,047 [ERROR] LogOutputStream:75 - [STDERR_REDIRECT] [Fatal Error] :1:1: Premature end of file.
2025-12-16 21:35:17,047 [ERROR] LogOutputStream:75 - [STDERR_REDIRECT] 
2025-12-16 21:35:18,053 [ERROR] LogOutputStream:75 - [STDERR_REDIRECT] [Fatal Error] :1:1: Premature end of file.
2025-12-16 21:35:18,053 [ERROR] LogOutputStream:75 - [STDERR_REDIRECT] 
2025-12-16 21:35:19,047 [ERROR] LogOutputStream:75 - [STDERR_REDIRECT] [Fatal Error] :1:1: Premature end of file.
2025-12-16 21:35:19,047 [ERROR] LogOutputStream:75 - [STDERR_REDIRECT] 
2025-12-16 21:35:20,046 [ERROR] LogOutputStream:75 - [STDERR_REDIRECT] [Fatal Error] :1:1: Premature end of file.
2025-12-16 21:35:20,047 [ERROR] LogOutputStream:75 - [STDERR_REDIRECT] 
2025-12-16 21:35:21,046 [ERROR] LogOutputStream:75 - [STDERR_REDIRECT] [Fatal Error] :1:1: Premature end of file.
2025-12-16 21:35:21,046 [ERROR] LogOutputStream:75 - [STDERR_REDIRECT] 
2025-12-16 21:35:22,048 [ERROR] LogOutputStream:75 - [STDERR_REDIRECT] [Fatal Error] :1:1: Premature end of file.
2025-12-16 21:35:22,049 [ERROR] LogOutputStream:75 - [STDERR_REDIRECT] 
2025-12-16 21:35:23,046 [ERROR] LogOutputStream:75 - [STDERR_REDIRECT] [Fatal Error] :1:1: Premature end of file.
2025-12-16 21:35:23,046 [ERROR] LogOutputStream:75 - [STDERR_REDIRECT] 
2025-12-16 21:35:24,048 [ERROR] LogOutputStream:75 - [STDERR_REDIRECT] [Fatal Error] :1:1: Premature end of file.
2025-12-16 21:35:24,048 [ERROR] LogOutputStream:75 - [STDERR_REDIRECT] 
2025-12-16 21:35:25,050 [ERROR] LogOutputStream:75 - [STDERR_REDIRECT] [Fatal Error] :1:1: Premature end of file.
2025-12-16 21:35:25,050 [ERROR] LogOutputStream:75 - [STDERR_REDIRECT] 
2025-12-16 21:35:26,060 [ERROR] LogOutputStream:75 - [STDERR_REDIRECT] [Fatal Error] :1:1: Premature end of file.
2025-12-16 21:35:26,060 [ERROR] LogOutputStream:75 - [STDERR_REDIRECT] 
2025-12-16 21:35:27,049 [ERROR] LogOutputStream:75 - [STDERR_REDIRECT] [Fatal Error] :1:1: Premature end of file.
2025-12-16 21:35:27,049 [ERROR] LogOutputStream:75 - [STDERR_REDIRECT] 
2025-12-16 21:35:28,056 [ERROR] LogOutputStream:75 - [STDERR_REDIRECT] [Fatal Error] :1:1: Premature end of file.
2025-12-16 21:35:28,056 [ERROR] LogOutputStream:75 - [STDERR_REDIRECT] 
2025-12-16 21:35:29,048 [ERROR] LogOutputStream:75 - [STDERR_REDIRECT] [Fatal Error] :1:1: Premature end of file.
2025-12-16 21:35:29,049 [ERROR] LogOutputStream:75 - [STDERR_REDIRECT] 
2025-12-16 21:35:30,047 [ERROR] LogOutputStream:75 - [STDERR_REDIRECT] [Fatal Error] :1:1: Premature end of file.
2025-12-16 21:35:30,048 [ERROR] LogOutputStream:75 - [STDERR_REDIRECT] 
2025-12-16 21:35:31,048 [ERROR] LogOutputStream:75 - [STDERR_REDIRECT] [Fatal Error] :1:1: Premature end of file.
2025-12-16 21:35:31,049 [ERROR] LogOutputStream:75 - [STDERR_REDIRECT] 
2025-12-16 21:35:32,047 [ERROR] LogOutputStream:75 - [STDERR_REDIRECT] [Fatal Error] :1:1: Premature end of file.
2025-12-16 21:35:32,047 [ERROR] LogOutputStream:75 - [STDERR_REDIRECT] 
2025-12-16 21:35:33,045 [ERROR] LogOutputStream:75 - [STDERR_REDIRECT] [Fatal Error] :1:1: Premature end of file.
2025-12-16 21:35:33,047 [ERROR] LogOutputStream:75 - [STDERR_REDIRECT] 
2025-12-16 21:35:34,047 [ERROR] LogOutputStream:75 - [STDERR_REDIRECT] [Fatal Error] :1:1: Premature end of file.
2025-12-16 21:35:34,048 [ERROR] LogOutputStream:75 - [STDERR_REDIRECT] 
2025-12-16 21:35:35,049 [ERROR] LogOutputStream:75 - [STDERR_REDIRECT] [Fatal Error] :1:1: Premature end of file.
2025-12-16 21:35:35,049 [ERROR] LogOutputStream:75 - [STDERR_REDIRECT] 
2025-12-16 21:35:36,049 [ERROR] LogOutputStream:75 - [STDERR_REDIRECT] [Fatal Error] :1:1: Premature end of file.
2025-12-16 21:35:36,049 [ERROR] LogOutputStream:75 - [STDERR_REDIRECT] 
2025-12-16 21:35:37,047 [ERROR] LogOutputStream:75 - [STDERR_REDIRECT] [Fatal Error] :1:1: Premature end of file.
2025-12-16 21:35:37,048 [ERROR] LogOutputStream:75 - [STDERR_REDIRECT] 
2025-12-16 21:35:38,048 [ERROR] LogOutputStream:75 - [STDERR_REDIRECT] [Fatal Error] :1:1: Premature end of file.
2025-12-16 21:35:38,048 [ERROR] LogOutputStream:75 - [STDERR_REDIRECT] 
2025-12-16 21:35:39,047 [ERROR] LogOutputStream:75 - [STDERR_REDIRECT] [Fatal Error] :1:1: Premature end of file.
2025-12-16 21:35:39,048 [ERROR] LogOutputStream:75 - [STDERR_REDIRECT] 
2025-12-16 21:35:40,047 [ERROR] LogOutputStream:75 - [STDERR_REDIRECT] [Fatal Error] :1:1: Premature end of file.
2025-12-16 21:35:40,047 [ERROR] LogOutputStream:75 - [STDERR_REDIRECT] 
2025-12-16 21:35:41,048 [ERROR] LogOutputStream:75 - [STDERR_REDIRECT] [Fatal Error] :1:1: Premature end of file.
2025-12-16 21:35:41,048 [ERROR] LogOutputStream:75 - [STDERR_REDIRECT] 
2025-12-16 21:35:42,046 [ERROR] LogOutputStream:75 - [STDERR_REDIRECT] [Fatal Error] :1:1: Premature end of file.
2025-12-16 21:35:42,047 [ERROR] LogOutputStream:75 - [STDERR_REDIRECT] 
2025-12-16 21:35:43,047 [ERROR] LogOutputStream:75 - [STDERR_REDIRECT] [Fatal Error] :1:1: Premature end of file.
2025-12-16 21:35:43,047 [ERROR] LogOutputStream:75 - [STDERR_REDIRECT] 
2025-12-16 21:35:44,047 [ERROR] LogOutputStream:75 - [STDERR_REDIRECT] [Fatal Error] :1:1: Premature end of file.
2025-12-16 21:35:44,047 [ERROR] LogOutputStream:75 - [STDERR_REDIRECT] 
2025-12-16 21:35:45,046 [ERROR] LogOutputStream:75 - [STDERR_REDIRECT] [Fatal Error] :1:1: Premature end of file.
2025-12-16 21:35:45,047 [ERROR] LogOutputStream:75 - [STDERR_REDIRECT] 
2025-12-16 21:35:46,047 [ERROR] LogOutputStream:75 - [STDERR_REDIRECT] [Fatal Error] :1:1: Premature end of file.
2025-12-16 21:35:46,047 [ERROR] LogOutputStream:75 - [STDERR_REDIRECT] 
2025-12-16 21:35:47,047 [ERROR] LogOutputStream:75 - [STDERR_REDIRECT] [Fatal Error] :1:1: Premature end of file.
2025-12-16 21:35:47,048 [ERROR] LogOutputStream:75 - [STDERR_REDIRECT] 
2025-12-16 21:35:48,047 [ERROR] LogOutputStream:75 - [STDERR_REDIRECT] [Fatal Error] :1:1: Premature end of file.
2025-12-16 21:35:48,047 [ERROR] LogOutputStream:75 - [STDERR_REDIRECT] 
2025-12-16 21:35:49,047 [ERROR] LogOutputStream:75 - [STDERR_REDIRECT] [Fatal Error] :1:1: Premature end of file.
2025-12-16 21:35:49,048 [ERROR] LogOutputStream:75 - [STDERR_REDIRECT] 
2025-12-16 21:35:50,046 [ERROR] LogOutputStream:75 - [STDERR_REDIRECT] [Fatal Error] :1:1: Premature end of file.
2025-12-16 21:35:50,046 [ERROR] LogOutputStream:75 - [STDERR_REDIRECT] 
2025-12-16 21:35:51,046 [ERROR] LogOutputStream:75 - [STDERR_REDIRECT] [Fatal Error] :1:1: Premature end of file.
2025-12-16 21:35:51,046 [ERROR] LogOutputStream:75 - [STDERR_REDIRECT] 
2025-12-16 21:35:52,048 [ERROR] LogOutputStream:75 - [STDERR_REDIRECT] [Fatal Error] :1:1: Premature end of file.
2025-12-16 21:35:52,048 [ERROR] LogOutputStream:75 - [STDERR_REDIRECT] 
2025-12-16 21:35:53,048 [ERROR] LogOutputStream:75 - [STDERR_REDIRECT] [Fatal Error] :1:1: Premature end of file.
2025-12-16 21:35:53,049 [ERROR] LogOutputStream:75 - [STDERR_REDIRECT] 
2025-12-16 21:35:54,049 [ERROR] LogOutputStream:75 - [STDERR_REDIRECT] [Fatal Error] :1:1: Premature end of file.
2025-12-16 21:35:54,049 [ERROR] LogOutputStream:75 - [STDERR_REDIRECT] 
2025-12-16 21:35:55,060 [ERROR] LogOutputStream:75 - [STDERR_REDIRECT] [Fatal Error] :1:1: Premature end of file.
2025-12-16 21:35:55,060 [ERROR] LogOutputStream:75 - [STDERR_REDIRECT] 
2025-12-16 21:35:56,057 [ERROR] LogOutputStream:75 - [STDERR_REDIRECT] [Fatal Error] :1:1: Premature end of file.
2025-12-16 21:35:56,057 [ERROR] LogOutputStream:75 - [STDERR_REDIRECT] 
2025-12-16 21:35:57,048 [ERROR] LogOutputStream:75 - [STDERR_REDIRECT] [Fatal Error] :1:1: Premature end of file.
2025-12-16 21:35:57,048 [ERROR] LogOutputStream:75 - [STDERR_REDIRECT] 
2025-12-16 21:35:58,049 [ERROR] LogOutputStream:75 - [STDERR_REDIRECT] [Fatal Error] :1:1: Premature end of file.
2025-12-16 21:35:58,049 [ERROR] LogOutputStream:75 - [STDERR_REDIRECT] 
2025-12-16 21:35:59,046 [ERROR] LogOutputStream:75 - [STDERR_REDIRECT] [Fatal Error] :1:1: Premature end of file.
2025-12-16 21:35:59,047 [ERROR] LogOutputStream:75 - [STDERR_REDIRECT] 
2025-12-16 21:36:00,048 [ERROR] LogOutputStream:75 - [STDERR_REDIRECT] [Fatal Error] :1:1: Premature end of file.
2025-12-16 21:36:00,048 [ERROR] LogOutputStream:75 - [STDERR_REDIRECT] 
2025-12-16 21:36:01,048 [ERROR] LogOutputStream:75 - [STDERR_REDIRECT] [Fatal Error] :1:1: Premature end of file.
2025-12-16 21:36:01,048 [ERROR] LogOutputStream:75 - [STDERR_REDIRECT] 
2025-12-16 21:36:02,048 [ERROR] LogOutputStream:75 - [STDERR_REDIRECT] [Fatal Error] :1:1: Premature end of file.
2025-12-16 21:36:02,048 [ERROR] LogOutputStream:75 - [STDERR_REDIRECT] 
2025-12-16 21:36:03,047 [ERROR] LogOutputStream:75 - [STDERR_REDIRECT] [Fatal Error] :1:1: Premature end of file.
2025-12-16 21:36:03,047 [ERROR] LogOutputStream:75 - [STDERR_REDIRECT] 
2025-12-16 21:36:04,047 [ERROR] LogOutputStream:75 - [STDERR_REDIRECT] [Fatal Error] :1:1: Premature end of file.
2025-12-16 21:36:04,047 [ERROR] LogOutputStream:75 - [STDERR_REDIRECT] 
2025-12-16 21:36:05,048 [ERROR] LogOutputStream:75 - [STDERR_REDIRECT] [Fatal Error] :1:1: Premature end of file.
2025-12-16 21:36:05,048 [ERROR] LogOutputStream:75 - [STDERR_REDIRECT] 
2025-12-16 21:36:06,049 [ERROR] LogOutputStream:75 - [STDERR_REDIRECT] [Fatal Error] :1:1: Premature end of file.
2025-12-16 21:36:06,049 [ERROR] LogOutputStream:75 - [STDERR_REDIRECT] 
2025-12-16 21:36:07,062 [ERROR] LogOutputStream:75 - [STDERR_REDIRECT] [Fatal Error] :1:1: Premature end of file.
2025-12-16 21:36:07,062 [ERROR] LogOutputStream:75 - [STDERR_REDIRECT] 
2025-12-16 21:36:08,048 [ERROR] LogOutputStream:75 - [STDERR_REDIRECT] [Fatal Error] :1:1: Premature end of file.
2025-12-16 21:36:08,048 [ERROR] LogOutputStream:75 - [STDERR_REDIRECT] 
2025-12-16 21:36:09,049 [ERROR] LogOutputStream:75 - [STDERR_REDIRECT] [Fatal Error] :1:1: Premature end of file.
2025-12-16 21:36:09,049 [ERROR] LogOutputStream:75 - [STDERR_REDIRECT] 
2025-12-16 21:36:10,047 [ERROR] LogOutputStream:75 - [STDERR_REDIRECT] [Fatal Error] :1:1: Premature end of file.
2025-12-16 21:36:10,047 [ERROR] LogOutputStream:75 - [STDERR_REDIRECT] 
2025-12-16 21:36:11,047 [ERROR] LogOutputStream:75 - [STDERR_REDIRECT] [Fatal Error] :1:1: Premature end of file.
2025-12-16 21:36:11,047 [ERROR] LogOutputStream:75 - [STDERR_REDIRECT] 
2025-12-16 21:36:12,047 [ERROR] LogOutputStream:75 - [STDERR_REDIRECT] [Fatal Error] :1:1: Premature end of file.
2025-12-16 21:36:12,047 [ERROR] LogOutputStream:75 - [STDERR_REDIRECT] 
2025-12-16 21:36:13,047 [ERROR] LogOutputStream:75 - [STDERR_REDIRECT] [Fatal Error] :1:1: Premature end of file.
2025-12-16 21:36:13,047 [ERROR] LogOutputStream:75 - [STDERR_REDIRECT] 
2025-12-16 21:36:14,048 [ERROR] LogOutputStream:75 - [STDERR_REDIRECT] [Fatal Error] :1:1: Premature end of file.
2025-12-16 21:36:14,048 [ERROR] LogOutputStream:75 - [STDERR_REDIRECT] 
2025-12-16 21:36:15,048 [ERROR] LogOutputStream:75 - [STDERR_REDIRECT] [Fatal Error] :1:1: Premature end of file.
2025-12-16 21:36:15,048 [ERROR] LogOutputStream:75 - [STDERR_REDIRECT] 
2025-12-16 21:36:16,047 [ERROR] LogOutputStream:75 - [STDERR_REDIRECT] [Fatal Error] :1:1: Premature end of file.
2025-12-16 21:36:16,047 [ERROR] LogOutputStream:75 - [STDERR_REDIRECT] 
2025-12-16 21:36:17,048 [ERROR] LogOutputStream:75 - [STDERR_REDIRECT] [Fatal Error] :1:1: Premature end of file.
2025-12-16 21:36:17,048 [ERROR] LogOutputStream:75 - [STDERR_REDIRECT] 
2025-12-16 21:36:18,047 [ERROR] LogOutputStream:75 - [STDERR_REDIRECT] [Fatal Error] :1:1: Premature end of file.
2025-12-16 21:36:18,047 [ERROR] LogOutputStream:75 - [STDERR_REDIRECT] 
2025-12-16 21:36:19,047 [ERROR] LogOutputStream:75 - [STDERR_REDIRECT] [Fatal Error] :1:1: Premature end of file.
2025-12-16 21:36:19,047 [ERROR] LogOutputStream:75 - [STDERR_REDIRECT] 
2025-12-16 21:36:20,047 [ERROR] LogOutputStream:75 - [STDERR_REDIRECT] [Fatal Error] :1:1: Premature end of file.
2025-12-16 21:36:20,047 [ERROR] LogOutputStream:75 - [STDERR_REDIRECT] 
2025-12-16 21:36:21,047 [ERROR] LogOutputStream:75 - [STDERR_REDIRECT] [Fatal Error] :1:1: Premature end of file.
2025-12-16 21:36:21,047 [ERROR] LogOutputStream:75 - [STDERR_REDIRECT] 
2025-12-16 21:36:22,047 [ERROR] LogOutputStream:75 - [STDERR_REDIRECT] [Fatal Error] :1:1: Premature end of file.
2025-12-16 21:36:22,047 [ERROR] LogOutputStream:75 - [STDERR_REDIRECT] 
2025-12-16 21:36:23,047 [ERROR] LogOutputStream:75 - [STDERR_REDIRECT] [Fatal Error] :1:1: Premature end of file.
2025-12-16 21:36:23,047 [ERROR] LogOutputStream:75 - [STDERR_REDIRECT] 
2025-12-16 21:36:24,047 [ERROR] LogOutputStream:75 - [STDERR_REDIRECT] [Fatal Error] :1:1: Premature end of file.
2025-12-16 21:36:24,047 [ERROR] LogOutputStream:75 - [STDERR_REDIRECT] 
2025-12-16 21:36:25,046 [ERROR] LogOutputStream:75 - [STDERR_REDIRECT] [Fatal Error] :1:1: Premature end of file.
2025-12-16 21:36:25,046 [ERROR] LogOutputStream:75 - [STDERR_REDIRECT] 
2025-12-16 21:36:26,047 [ERROR] LogOutputStream:75 - [STDERR_REDIRECT] [Fatal Error] :1:1: Premature end of file.
2025-12-16 21:36:26,047 [ERROR] LogOutputStream:75 - [STDERR_REDIRECT] 
2025-12-16 21:36:27,047 [ERROR] LogOutputStream:75 - [STDERR_REDIRECT] [Fatal Error] :1:1: Premature end of file.
2025-12-16 21:36:27,047 [ERROR] LogOutputStream:75 - [STDERR_REDIRECT] 
2025-12-16 21:36:28,047 [ERROR] LogOutputStream:75 - [STDERR_REDIRECT] [Fatal Error] :1:1: Premature end of file.
2025-12-16 21:36:28,047 [ERROR] LogOutputStream:75 - [STDERR_REDIRECT] 
2025-12-16 21:36:29,048 [ERROR] LogOutputStream:75 - [STDERR_REDIRECT] [Fatal Error] :1:1: Premature end of file.
2025-12-16 21:36:29,048 [ERROR] LogOutputStream:75 - [STDERR_REDIRECT] 
2025-12-16 21:36:30,048 [ERROR] LogOutputStream:75 - [STDERR_REDIRECT] [Fatal Error] :1:1: Premature end of file.
2025-12-16 21:36:30,048 [ERROR] LogOutputStream:75 - [STDERR_REDIRECT] 
2025-12-16 21:36:31,046 [ERROR] LogOutputStream:75 - [STDERR_REDIRECT] [Fatal Error] :1:1: Premature end of file.
2025-12-16 21:36:31,046 [ERROR] LogOutputStream:75 - [STDERR_REDIRECT] 
2025-12-16 21:36:32,046 [ERROR] LogOutputStream:75 - [STDERR_REDIRECT] [Fatal Error] :1:1: Premature end of file.
2025-12-16 21:36:32,046 [ERROR] LogOutputStream:75 - [STDERR_REDIRECT] 
2025-12-16 21:36:33,046 [ERROR] LogOutputStream:75 - [STDERR_REDIRECT] [Fatal Error] :1:1: Premature end of file.
2025-12-16 21:36:33,046 [ERROR] LogOutputStream:75 - [STDERR_REDIRECT] 
2025-12-16 21:36:34,049 [ERROR] LogOutputStream:75 - [STDERR_REDIRECT] [Fatal Error] :1:1: Premature end of file.
2025-12-16 21:36:34,049 [ERROR] LogOutputStream:75 - [STDERR_REDIRECT] 
2025-12-16 21:36:35,049 [ERROR] LogOutputStream:75 - [STDERR_REDIRECT] [Fatal Error] :1:1: Premature end of file.
2025-12-16 21:36:35,049 [ERROR] LogOutputStream:75 - [STDERR_REDIRECT] 
2025-12-16 21:36:36,048 [ERROR] LogOutputStream:75 - [STDERR_REDIRECT] [Fatal Error] :1:1: Premature end of file.
2025-12-16 21:36:36,049 [ERROR] LogOutputStream:75 - [STDERR_REDIRECT] 
2025-12-16 21:36:37,049 [ERROR] LogOutputStream:75 - [STDERR_REDIRECT] [Fatal Error] :1:1: Premature end of file.
2025-12-16 21:36:37,049 [ERROR] LogOutputStream:75 - [STDERR_REDIRECT] 
2025-12-16 21:36:38,048 [ERROR] LogOutputStream:75 - [STDERR_REDIRECT] [Fatal Error] :1:1: Premature end of file.
2025-12-16 21:36:38,048 [ERROR] LogOutputStream:75 - [STDERR_REDIRECT] 
2025-12-16 21:36:39,048 [ERROR] LogOutputStream:75 - [STDERR_REDIRECT] [Fatal Error] :1:1: Premature end of file.
2025-12-16 21:36:39,048 [ERROR] LogOutputStream:75 - [STDERR_REDIRECT] 
2025-12-16 21:36:40,048 [ERROR] LogOutputStream:75 - [STDERR_REDIRECT] [Fatal Error] :1:1: Premature end of file.
2025-12-16 21:36:40,048 [ERROR] LogOutputStream:75 - [STDERR_REDIRECT] 
2025-12-16 21:36:41,047 [ERROR] LogOutputStream:75 - [STDERR_REDIRECT] [Fatal Error] :1:1: Premature end of file.
2025-12-16 21:36:41,048 [ERROR] LogOutputStream:75 - [STDERR_REDIRECT] 
2025-12-16 21:36:42,048 [ERROR] LogOutputStream:75 - [STDERR_REDIRECT] [Fatal Error] :1:1: Premature end of file.
2025-12-16 21:36:42,048 [ERROR] LogOutputStream:75 - [STDERR_REDIRECT] 
2025-12-16 21:36:43,048 [ERROR] LogOutputStream:75 - [STDERR_REDIRECT] [Fatal Error] :1:1: Premature end of file.
2025-12-16 21:36:43,048 [ERROR] LogOutputStream:75 - [STDERR_REDIRECT] 
2025-12-16 21:36:44,046 [ERROR] LogOutputStream:75 - [STDERR_REDIRECT] [Fatal Error] :1:1: Premature end of file.
2025-12-16 21:36:44,048 [ERROR] LogOutputStream:75 - [STDERR_REDIRECT] 
2025-12-16 21:36:45,047 [ERROR] LogOutputStream:75 - [STDERR_REDIRECT] [Fatal Error] :1:1: Premature end of file.
2025-12-16 21:36:45,047 [ERROR] LogOutputStream:75 - [STDERR_REDIRECT] 
2025-12-16 21:36:46,047 [ERROR] LogOutputStream:75 - [STDERR_REDIRECT] [Fatal Error] :1:1: Premature end of file.
2025-12-16 21:36:46,047 [ERROR] LogOutputStream:75 - [STDERR_REDIRECT] 
2025-12-16 21:36:47,046 [ERROR] LogOutputStream:75 - [STDERR_REDIRECT] [Fatal Error] :1:1: Premature end of file.
2025-12-16 21:36:47,046 [ERROR] LogOutputStream:75 - [STDERR_REDIRECT] 
2025-12-16 21:36:48,046 [ERROR] LogOutputStream:75 - [STDERR_REDIRECT] [Fatal Error] :1:1: Premature end of file.
2025-12-16 21:36:48,046 [ERROR] LogOutputStream:75 - [STDERR_REDIRECT] 
2025-12-16 21:36:49,048 [ERROR] LogOutputStream:75 - [STDERR_REDIRECT] [Fatal Error] :1:1: Premature end of file.
2025-12-16 21:36:49,048 [ERROR] LogOutputStream:75 - [STDERR_REDIRECT] 
2025-12-16 21:36:50,047 [ERROR] LogOutputStream:75 - [STDERR_REDIRECT] [Fatal Error] :1:1: Premature end of file.
2025-12-16 21:36:50,047 [ERROR] LogOutputStream:75 - [STDERR_REDIRECT] 
2025-12-16 21:36:51,048 [ERROR] LogOutputStream:75 - [STDERR_REDIRECT] [Fatal Error] :1:1: Premature end of file.
2025-12-16 21:36:51,048 [ERROR] LogOutputStream:75 - [STDERR_REDIRECT] 
2025-12-16 21:36:52,047 [ERROR] LogOutputStream:75 - [STDERR_REDIRECT] [Fatal Error] :1:1: Premature end of file.
2025-12-16 21:36:52,047 [ERROR] LogOutputStream:75 - [STDERR_REDIRECT] 
2025-12-16 21:36:53,046 [ERROR] LogOutputStream:75 - [STDERR_REDIRECT] [Fatal Error] :1:1: Premature end of file.
2025-12-16 21:36:53,047 [ERROR] LogOutputStream:75 - [STDERR_REDIRECT] 
2025-12-16 21:36:54,047 [ERROR] LogOutputStream:75 - [STDERR_REDIRECT] [Fatal Error] :1:1: Premature end of file.
2025-12-16 21:36:54,047 [ERROR] LogOutputStream:75 - [STDERR_REDIRECT] 
2025-12-16 21:36:55,046 [ERROR] LogOutputStream:75 - [STDERR_REDIRECT] [Fatal Error] :1:1: Premature end of file.
2025-12-16 21:36:55,046 [ERROR] LogOutputStream:75 - [STDERR_REDIRECT] 
2025-12-16 21:36:56,048 [ERROR] LogOutputStream:75 - [STDERR_REDIRECT] [Fatal Error] :1:1: Premature end of file.
2025-12-16 21:36:56,048 [ERROR] LogOutputStream:75 - [STDERR_REDIRECT] 
2025-12-16 21:36:57,046 [ERROR] LogOutputStream:75 - [STDERR_REDIRECT] [Fatal Error] :1:1: Premature end of file.
2025-12-16 21:36:57,047 [ERROR] LogOutputStream:75 - [STDERR_REDIRECT] 
2025-12-16 21:36:58,047 [ERROR] LogOutputStream:75 - [STDERR_REDIRECT] [Fatal Error] :1:1: Premature end of file.
2025-12-16 21:36:58,048 [ERROR] LogOutputStream:75 - [STDERR_REDIRECT] 
2025-12-16 21:36:59,049 [ERROR] LogOutputStream:75 - [STDERR_REDIRECT] [Fatal Error] :1:1: Premature end of file.
2025-12-16 21:36:59,049 [ERROR] LogOutputStream:75 - [STDERR_REDIRECT] 
2025-12-16 21:37:00,045 [ERROR] LogOutputStream:75 - [STDERR_REDIRECT] [Fatal Error] :1:1: Premature end of file.
2025-12-16 21:37:00,045 [ERROR] LogOutputStream:75 - [STDERR_REDIRECT] 
2025-12-16 21:37:01,048 [ERROR] LogOutputStream:75 - [STDERR_REDIRECT] [Fatal Error] :1:1: Premature end of file.
2025-12-16 21:37:01,048 [ERROR] LogOutputStream:75 - [STDERR_REDIRECT] 
2025-12-16 21:37:02,047 [ERROR] LogOutputStream:75 - [STDERR_REDIRECT] [Fatal Error] :1:1: Premature end of file.
2025-12-16 21:37:02,047 [ERROR] LogOutputStream:75 - [STDERR_REDIRECT] 
2025-12-16 21:37:03,048 [ERROR] LogOutputStream:75 - [STDERR_REDIRECT] [Fatal Error] :1:1: Premature end of file.
2025-12-16 21:37:03,048 [ERROR] LogOutputStream:75 - [STDERR_REDIRECT] 
2025-12-16 21:37:04,048 [ERROR] LogOutputStream:75 - [STDERR_REDIRECT] [Fatal Error] :1:1: Premature end of file.
2025-12-16 21:37:04,049 [ERROR] LogOutputStream:75 - [STDERR_REDIRECT] 
2025-12-16 21:37:05,049 [ERROR] LogOutputStream:75 - [STDERR_REDIRECT] [Fatal Error] :1:1: Premature end of file.
2025-12-16 21:37:05,049 [ERROR] LogOutputStream:75 - [STDERR_REDIRECT] 
2025-12-16 21:37:06,048 [ERROR] LogOutputStream:75 - [STDERR_REDIRECT] [Fatal Error] :1:1: Premature end of file.
2025-12-16 21:37:06,048 [ERROR] LogOutputStream:75 - [STDERR_REDIRECT] 
2025-12-16 21:37:07,046 [ERROR] LogOutputStream:75 - [STDERR_REDIRECT] [Fatal Error] :1:1: Premature end of file.
2025-12-16 21:37:07,046 [ERROR] LogOutputStream:75 - [STDERR_REDIRECT] 
2025-12-16 21:37:08,048 [ERROR] LogOutputStream:75 - [STDERR_REDIRECT] [Fatal Error] :1:1: Premature end of file.
2025-12-16 21:37:08,048 [ERROR] LogOutputStream:75 - [STDERR_REDIRECT] 
2025-12-16 21:37:09,048 [ERROR] LogOutputStream:75 - [STDERR_REDIRECT] [Fatal Error] :1:1: Premature end of file.
2025-12-16 21:37:09,048 [ERROR] LogOutputStream:75 - [STDERR_REDIRECT] 
2025-12-16 21:37:10,048 [ERROR] LogOutputStream:75 - [STDERR_REDIRECT] [Fatal Error] :1:1: Premature end of file.
2025-12-16 21:37:10,049 [ERROR] LogOutputStream:75 - [STDERR_REDIRECT] 
2025-12-16 21:37:11,047 [ERROR] LogOutputStream:75 - [STDERR_REDIRECT] [Fatal Error] :1:1: Premature end of file.
2025-12-16 21:37:11,047 [ERROR] LogOutputStream:75 - [STDERR_REDIRECT] 
2025-12-16 21:37:12,050 [ERROR] LogOutputStream:75 - [STDERR_REDIRECT] [Fatal Error] :1:1: Premature end of file.
2025-12-16 21:37:12,050 [ERROR] LogOutputStream:75 - [STDERR_REDIRECT] 
2025-12-16 21:37:13,048 [ERROR] LogOutputStream:75 - [STDERR_REDIRECT] [Fatal Error] :1:1: Premature end of file.
2025-12-16 21:37:13,048 [ERROR] LogOutputStream:75 - [STDERR_REDIRECT] 
2025-12-16 21:37:14,047 [ERROR] LogOutputStream:75 - [STDERR_REDIRECT] [Fatal Error] :1:1: Premature end of file.
2025-12-16 21:37:14,047 [ERROR] LogOutputStream:75 - [STDERR_REDIRECT] 
2025-12-16 21:37:15,048 [ERROR] LogOutputStream:75 - [STDERR_REDIRECT] [Fatal Error] :1:1: Premature end of file.
2025-12-16 21:37:15,048 [ERROR] LogOutputStream:75 - [STDERR_REDIRECT] 
2025-12-16 21:37:16,047 [ERROR] LogOutputStream:75 - [STDERR_REDIRECT] [Fatal Error] :1:1: Premature end of file.
2025-12-16 21:37:16,047 [ERROR] LogOutputStream:75 - [STDERR_REDIRECT] 
2025-12-16 21:37:17,046 [ERROR] LogOutputStream:75 - [STDERR_REDIRECT] [Fatal Error] :1:1: Premature end of file.
2025-12-16 21:37:17,046 [ERROR] LogOutputStream:75 - [STDERR_REDIRECT] 
2025-12-16 21:37:18,047 [ERROR] LogOutputStream:75 - [STDERR_REDIRECT] [Fatal Error] :1:1: Premature end of file.
2025-12-16 21:37:18,047 [ERROR] LogOutputStream:75 - [STDERR_REDIRECT] 
2025-12-16 21:37:19,047 [ERROR] LogOutputStream:75 - [STDERR_REDIRECT] [Fatal Error] :1:1: Premature end of file.
2025-12-16 21:37:19,048 [ERROR] LogOutputStream:75 - [STDERR_REDIRECT] 
2025-12-16 21:37:20,047 [ERROR] LogOutputStream:75 - [STDERR_REDIRECT] [Fatal Error] :1:1: Premature end of file.
2025-12-16 21:37:20,048 [ERROR] LogOutputStream:75 - [STDERR_REDIRECT] 
2025-12-16 21:37:21,048 [ERROR] LogOutputStream:75 - [STDERR_REDIRECT] [Fatal Error] :1:1: Premature end of file.
2025-12-16 21:37:21,048 [ERROR] LogOutputStream:75 - [STDERR_REDIRECT] 
2025-12-16 21:37:22,047 [ERROR] LogOutputStream:75 - [STDERR_REDIRECT] [Fatal Error] :1:1: Premature end of file.
2025-12-16 21:37:22,047 [ERROR] LogOutputStream:75 - [STDERR_REDIRECT] 
2025-12-16 21:37:23,047 [ERROR] LogOutputStream:75 - [STDERR_REDIRECT] [Fatal Error] :1:1: Premature end of file.
2025-12-16 21:37:23,047 [ERROR] LogOutputStream:75 - [STDERR_REDIRECT] 
2025-12-16 21:37:24,050 [ERROR] LogOutputStream:75 - [STDERR_REDIRECT] [Fatal Error] :1:1: Premature end of file.
2025-12-16 21:37:24,050 [ERROR] LogOutputStream:75 - [STDERR_REDIRECT] 
2025-12-16 21:37:25,054 [ERROR] LogOutputStream:75 - [STDERR_REDIRECT] [Fatal Error] :1:1: Premature end of file.
2025-12-16 21:37:25,054 [ERROR] LogOutputStream:75 - [STDERR_REDIRECT] 
2025-12-16 21:37:26,049 [ERROR] LogOutputStream:75 - [STDERR_REDIRECT] [Fatal Error] :1:1: Premature end of file.
2025-12-16 21:37:26,049 [ERROR] LogOutputStream:75 - [STDERR_REDIRECT] 
2025-12-16 21:37:27,047 [ERROR] LogOutputStream:75 - [STDERR_REDIRECT] [Fatal Error] :1:1: Premature end of file.
2025-12-16 21:37:27,047 [ERROR] LogOutputStream:75 - [STDERR_REDIRECT] 
2025-12-16 21:37:28,045 [ERROR] LogOutputStream:75 - [STDERR_REDIRECT] [Fatal Error] :1:1: Premature end of file.
2025-12-16 21:37:28,045 [ERROR] LogOutputStream:75 - [STDERR_REDIRECT] 
2025-12-16 21:37:29,048 [ERROR] LogOutputStream:75 - [STDERR_REDIRECT] [Fatal Error] :1:1: Premature end of file.
2025-12-16 21:37:29,048 [ERROR] LogOutputStream:75 - [STDERR_REDIRECT] 
2025-12-16 21:37:30,048 [ERROR] LogOutputStream:75 - [STDERR_REDIRECT] [Fatal Error] :1:1: Premature end of file.
2025-12-16 21:37:30,048 [ERROR] LogOutputStream:75 - [STDERR_REDIRECT] 
2025-12-16 21:37:31,049 [ERROR] LogOutputStream:75 - [STDERR_REDIRECT] [Fatal Error] :1:1: Premature end of file.
2025-12-16 21:37:31,049 [ERROR] LogOutputStream:75 - [STDERR_REDIRECT] 
2025-12-16 21:37:32,049 [ERROR] LogOutputStream:75 - [STDERR_REDIRECT] [Fatal Error] :1:1: Premature end of file.
2025-12-16 21:37:32,049 [ERROR] LogOutputStream:75 - [STDERR_REDIRECT] 
2025-12-16 21:37:33,048 [ERROR] LogOutputStream:75 - [STDERR_REDIRECT] [Fatal Error] :1:1: Premature end of file.
2025-12-16 21:37:33,048 [ERROR] LogOutputStream:75 - [STDERR_REDIRECT] 
2025-12-16 21:37:34,047 [ERROR] LogOutputStream:75 - [STDERR_REDIRECT] [Fatal Error] :1:1: Premature end of file.
2025-12-16 21:37:34,047 [ERROR] LogOutputStream:75 - [STDERR_REDIRECT] 
2025-12-16 21:37:35,047 [ERROR] LogOutputStream:75 - [STDERR_REDIRECT] [Fatal Error] :1:1: Premature end of file.
2025-12-16 21:37:35,047 [ERROR] LogOutputStream:75 - [STDERR_REDIRECT] 
2025-12-16 21:37:36,048 [ERROR] LogOutputStream:75 - [STDERR_REDIRECT] [Fatal Error] :1:1: Premature end of file.
2025-12-16 21:37:36,048 [ERROR] LogOutputStream:75 - [STDERR_REDIRECT] 
2025-12-16 21:37:37,048 [ERROR] LogOutputStream:75 - [STDERR_REDIRECT] [Fatal Error] :1:1: Premature end of file.
2025-12-16 21:37:37,048 [ERROR] LogOutputStream:75 - [STDERR_REDIRECT] 
2025-12-16 21:37:38,047 [ERROR] LogOutputStream:75 - [STDERR_REDIRECT] [Fatal Error] :1:1: Premature end of file.
2025-12-16 21:37:38,047 [ERROR] LogOutputStream:75 - [STDERR_REDIRECT] 
2025-12-16 21:37:39,049 [ERROR] LogOutputStream:75 - [STDERR_REDIRECT] [Fatal Error] :1:1: Premature end of file.
2025-12-16 21:37:39,049 [ERROR] LogOutputStream:75 - [STDERR_REDIRECT] 
2025-12-16 21:37:40,046 [ERROR] LogOutputStream:75 - [STDERR_REDIRECT] [Fatal Error] :1:1: Premature end of file.
2025-12-16 21:37:40,048 [ERROR] LogOutputStream:75 - [STDERR_REDIRECT] 
2025-12-16 21:37:41,048 [ERROR] LogOutputStream:75 - [STDERR_REDIRECT] [Fatal Error] :1:1: Premature end of file.
2025-12-16 21:37:41,048 [ERROR] LogOutputStream:75 - [STDERR_REDIRECT] 
2025-12-16 21:37:42,047 [ERROR] LogOutputStream:75 - [STDERR_REDIRECT] [Fatal Error] :1:1: Premature end of file.
2025-12-16 21:37:42,047 [ERROR] LogOutputStream:75 - [STDERR_REDIRECT] 
2025-12-16 21:37:43,046 [ERROR] LogOutputStream:75 - [STDERR_REDIRECT] [Fatal Error] :1:1: Premature end of file.
2025-12-16 21:37:43,046 [ERROR] LogOutputStream:75 - [STDERR_REDIRECT] 
2025-12-16 21:37:44,047 [ERROR] LogOutputStream:75 - [STDERR_REDIRECT] [Fatal Error] :1:1: Premature end of file.
2025-12-16 21:37:44,047 [ERROR] LogOutputStream:75 - [STDERR_REDIRECT] 
2025-12-16 21:37:45,047 [ERROR] LogOutputStream:75 - [STDERR_REDIRECT] [Fatal Error] :1:1: Premature end of file.
2025-12-16 21:37:45,047 [ERROR] LogOutputStream:75 - [STDERR_REDIRECT] 
2025-12-16 21:37:46,047 [ERROR] LogOutputStream:75 - [STDERR_REDIRECT] [Fatal Error] :1:1: Premature end of file.
2025-12-16 21:37:46,047 [ERROR] LogOutputStream:75 - [STDERR_REDIRECT] 
2025-12-16 21:37:47,047 [ERROR] LogOutputStream:75 - [STDERR_REDIRECT] [Fatal Error] :1:1: Premature end of file.
2025-12-16 21:37:47,048 [ERROR] LogOutputStream:75 - [STDERR_REDIRECT] 
2025-12-16 21:37:48,047 [ERROR] LogOutputStream:75 - [STDERR_REDIRECT] [Fatal Error] :1:1: Premature end of file.
2025-12-16 21:37:48,047 [ERROR] LogOutputStream:75 - [STDERR_REDIRECT] 
2025-12-16 21:37:49,046 [ERROR] LogOutputStream:75 - [STDERR_REDIRECT] [Fatal Error] :1:1: Premature end of file.
2025-12-16 21:37:49,046 [ERROR] LogOutputStream:75 - [STDERR_REDIRECT] 
2025-12-16 21:37:50,048 [ERROR] LogOutputStream:75 - [STDERR_REDIRECT] [Fatal Error] :1:1: Premature end of file.
2025-12-16 21:37:50,048 [ERROR] LogOutputStream:75 - [STDERR_REDIRECT] 
2025-12-16 21:37:51,047 [ERROR] LogOutputStream:75 - [STDERR_REDIRECT] [Fatal Error] :1:1: Premature end of file.
2025-12-16 21:37:51,047 [ERROR] LogOutputStream:75 - [STDERR_REDIRECT] 
2025-12-16 21:37:52,046 [ERROR] LogOutputStream:75 - [STDERR_REDIRECT] [Fatal Error] :1:1: Premature end of file.
2025-12-16 21:37:52,046 [ERROR] LogOutputStream:75 - [STDERR_REDIRECT] 
2025-12-16 21:37:53,047 [ERROR] LogOutputStream:75 - [STDERR_REDIRECT] [Fatal Error] :1:1: Premature end of file.
2025-12-16 21:37:53,047 [ERROR] LogOutputStream:75 - [STDERR_REDIRECT] 
2025-12-16 21:37:54,047 [ERROR] LogOutputStream:75 - [STDERR_REDIRECT] [Fatal Error] :1:1: Premature end of file.
2025-12-16 21:37:54,047 [ERROR] LogOutputStream:75 - [STDERR_REDIRECT] 
2025-12-16 21:37:55,048 [ERROR] LogOutputStream:75 - [STDERR_REDIRECT] [Fatal Error] :1:1: Premature end of file.
2025-12-16 21:37:55,048 [ERROR] LogOutputStream:75 - [STDERR_REDIRECT] 
2025-12-16 21:37:56,046 [ERROR] LogOutputStream:75 - [STDERR_REDIRECT] [Fatal Error] :1:1: Premature end of file.
2025-12-16 21:37:56,046 [ERROR] LogOutputStream:75 - [STDERR_REDIRECT] 
2025-12-16 21:37:57,048 [ERROR] LogOutputStream:75 - [STDERR_REDIRECT] [Fatal Error] :1:1: Premature end of file.
2025-12-16 21:37:57,048 [ERROR] LogOutputStream:75 - [STDERR_REDIRECT] 
2025-12-16 21:37:58,047 [ERROR] LogOutputStream:75 - [STDERR_REDIRECT] [Fatal Error] :1:1: Premature end of file.
2025-12-16 21:37:58,047 [ERROR] LogOutputStream:75 - [STDERR_REDIRECT] 
2025-12-16 21:37:59,046 [ERROR] LogOutputStream:75 - [STDERR_REDIRECT] [Fatal Error] :1:1: Premature end of file.
2025-12-16 21:37:59,047 [ERROR] LogOutputStream:75 - [STDERR_REDIRECT] 
2025-12-16 21:38:00,047 [ERROR] LogOutputStream:75 - [STDERR_REDIRECT] [Fatal Error] :1:1: Premature end of file.
2025-12-16 21:38:00,047 [ERROR] LogOutputStream:75 - [STDERR_REDIRECT] 
2025-12-16 21:38:01,048 [ERROR] LogOutputStream:75 - [STDERR_REDIRECT] [Fatal Error] :1:1: Premature end of file.
2025-12-16 21:38:01,048 [ERROR] LogOutputStream:75 - [STDERR_REDIRECT] 
2025-12-16 21:38:02,047 [ERROR] LogOutputStream:75 - [STDERR_REDIRECT] [Fatal Error] :1:1: Premature end of file.
2025-12-16 21:38:02,047 [ERROR] LogOutputStream:75 - [STDERR_REDIRECT] 
2025-12-16 21:38:03,050 [ERROR] LogOutputStream:75 - [STDERR_REDIRECT] [Fatal Error] :1:1: Premature end of file.
2025-12-16 21:38:03,050 [ERROR] LogOutputStream:75 - [STDERR_REDIRECT] 
2025-12-16 21:38:04,050 [ERROR] LogOutputStream:75 - [STDERR_REDIRECT] [Fatal Error] :1:1: Premature end of file.
2025-12-16 21:38:04,050 [ERROR] LogOutputStream:75 - [STDERR_REDIRECT] 
2025-12-16 21:38:05,061 [ERROR] LogOutputStream:75 - [STDERR_REDIRECT] [Fatal Error] :1:1: Premature end of file.
2025-12-16 21:38:05,062 [ERROR] LogOutputStream:75 - [STDERR_REDIRECT] 
2025-12-16 21:38:06,046 [ERROR] LogOutputStream:75 - [STDERR_REDIRECT] [Fatal Error] :1:1: Premature end of file.
2025-12-16 21:38:06,046 [ERROR] LogOutputStream:75 - [STDERR_REDIRECT] 
2025-12-16 21:38:07,048 [ERROR] LogOutputStream:75 - [STDERR_REDIRECT] [Fatal Error] :1:1: Premature end of file.
2025-12-16 21:38:07,049 [ERROR] LogOutputStream:75 - [STDERR_REDIRECT] 
2025-12-16 21:38:08,047 [ERROR] LogOutputStream:75 - [STDERR_REDIRECT] [Fatal Error] :1:1: Premature end of file.
2025-12-16 21:38:08,047 [ERROR] LogOutputStream:75 - [STDERR_REDIRECT] 
2025-12-16 21:38:09,049 [ERROR] LogOutputStream:75 - [STDERR_REDIRECT] [Fatal Error] :1:1: Premature end of file.
2025-12-16 21:38:09,049 [ERROR] LogOutputStream:75 - [STDERR_REDIRECT] 
2025-12-16 21:38:10,053 [ERROR] LogOutputStream:75 - [STDERR_REDIRECT] [Fatal Error] :1:1: Premature end of file.
2025-12-16 21:38:10,053 [ERROR] LogOutputStream:75 - [STDERR_REDIRECT] 
2025-12-16 21:38:11,049 [ERROR] LogOutputStream:75 - [STDERR_REDIRECT] [Fatal Error] :1:1: Premature end of file.
2025-12-16 21:38:11,049 [ERROR] LogOutputStream:75 - [STDERR_REDIRECT] 
2025-12-16 21:38:12,049 [ERROR] LogOutputStream:75 - [STDERR_REDIRECT] [Fatal Error] :1:1: Premature end of file.
2025-12-16 21:38:12,049 [ERROR] LogOutputStream:75 - [STDERR_REDIRECT] 
2025-12-16 21:38:13,048 [ERROR] LogOutputStream:75 - [STDERR_REDIRECT] [Fatal Error] :1:1: Premature end of file.
2025-12-16 21:38:13,048 [ERROR] LogOutputStream:75 - [STDERR_REDIRECT] 
2025-12-16 21:38:14,048 [ERROR] LogOutputStream:75 - [STDERR_REDIRECT] [Fatal Error] :1:1: Premature end of file.
2025-12-16 21:38:14,048 [ERROR] LogOutputStream:75 - [STDERR_REDIRECT] 
2025-12-16 21:38:15,047 [ERROR] LogOutputStream:75 - [STDERR_REDIRECT] [Fatal Error] :1:1: Premature end of file.
2025-12-16 21:38:15,047 [ERROR] LogOutputStream:75 - [STDERR_REDIRECT] 
2025-12-16 21:38:16,047 [ERROR] LogOutputStream:75 - [STDERR_REDIRECT] [Fatal Error] :1:1: Premature end of file.
2025-12-16 21:38:16,047 [ERROR] LogOutputStream:75 - [STDERR_REDIRECT] 
2025-12-16 21:38:17,047 [ERROR] LogOutputStream:75 - [STDERR_REDIRECT] [Fatal Error] :1:1: Premature end of file.
2025-12-16 21:38:17,047 [ERROR] LogOutputStream:75 - [STDERR_REDIRECT] 
2025-12-16 21:38:18,046 [ERROR] LogOutputStream:75 - [STDERR_REDIRECT] [Fatal Error] :1:1: Premature end of file.
2025-12-16 21:38:18,046 [ERROR] LogOutputStream:75 - [STDERR_REDIRECT] 
2025-12-16 21:38:19,047 [ERROR] LogOutputStream:75 - [STDERR_REDIRECT] [Fatal Error] :1:1: Premature end of file.
2025-12-16 21:38:19,047 [ERROR] LogOutputStream:75 - [STDERR_REDIRECT] 
2025-12-16 21:38:20,047 [ERROR] LogOutputStream:75 - [STDERR_REDIRECT] [Fatal Error] :1:1: Premature end of file.
2025-12-16 21:38:20,047 [ERROR] LogOutputStream:75 - [STDERR_REDIRECT] 
2025-12-16 21:38:21,048 [ERROR] LogOutputStream:75 - [STDERR_REDIRECT] [Fatal Error] :1:1: Premature end of file.
2025-12-16 21:38:21,048 [ERROR] LogOutputStream:75 - [STDERR_REDIRECT] 
2025-12-16 21:38:22,051 [ERROR] LogOutputStream:75 - [STDERR_REDIRECT] [Fatal Error] :1:1: Premature end of file.
2025-12-16 21:38:22,051 [ERROR] LogOutputStream:75 - [STDERR_REDIRECT] 
2025-12-16 21:38:23,049 [ERROR] LogOutputStream:75 - [STDERR_REDIRECT] [Fatal Error] :1:1: Premature end of file.
2025-12-16 21:38:23,049 [ERROR] LogOutputStream:75 - [STDERR_REDIRECT] 
2025-12-16 21:38:24,048 [ERROR] LogOutputStream:75 - [STDERR_REDIRECT] [Fatal Error] :1:1: Premature end of file.
2025-12-16 21:38:24,048 [ERROR] LogOutputStream:75 - [STDERR_REDIRECT] 
2025-12-16 21:38:25,051 [ERROR] LogOutputStream:75 - [STDERR_REDIRECT] [Fatal Error] :1:1: Premature end of file.
2025-12-16 21:38:25,051 [ERROR] LogOutputStream:75 - [STDERR_REDIRECT] 
2025-12-16 21:38:26,052 [ERROR] LogOutputStream:75 - [STDERR_REDIRECT] [Fatal Error] :1:1: Premature end of file.
2025-12-16 21:38:26,052 [ERROR] LogOutputStream:75 - [STDERR_REDIRECT] 
2025-12-16 21:38:27,047 [ERROR] LogOutputStream:75 - [STDERR_REDIRECT] [Fatal Error] :1:1: Premature end of file.
2025-12-16 21:38:27,047 [ERROR] LogOutputStream:75 - [STDERR_REDIRECT] 
2025-12-16 21:38:28,047 [ERROR] LogOutputStream:75 - [STDERR_REDIRECT] [Fatal Error] :1:1: Premature end of file.
2025-12-16 21:38:28,047 [ERROR] LogOutputStream:75 - [STDERR_REDIRECT] 
2025-12-16 21:38:29,047 [ERROR] LogOutputStream:75 - [STDERR_REDIRECT] [Fatal Error] :1:1: Premature end of file.
2025-12-16 21:38:29,047 [ERROR] LogOutputStream:75 - [STDERR_REDIRECT] 
2025-12-16 21:38:30,047 [ERROR] LogOutputStream:75 - [STDERR_REDIRECT] [Fatal Error] :1:1: Premature end of file.
2025-12-16 21:38:30,047 [ERROR] LogOutputStream:75 - [STDERR_REDIRECT] 
2025-12-16 21:38:31,048 [ERROR] LogOutputStream:75 - [STDERR_REDIRECT] [Fatal Error] :1:1: Premature end of file.
2025-12-16 21:38:31,048 [ERROR] LogOutputStream:75 - [STDERR_REDIRECT] 
2025-12-16 21:38:32,049 [ERROR] LogOutputStream:75 - [STDERR_REDIRECT] [Fatal Error] :1:1: Premature end of file.
2025-12-16 21:38:32,049 [ERROR] LogOutputStream:75 - [STDERR_REDIRECT] 
2025-12-16 21:38:33,048 [ERROR] LogOutputStream:75 - [STDERR_REDIRECT] [Fatal Error] :1:1: Premature end of file.
2025-12-16 21:38:33,048 [ERROR] LogOutputStream:75 - [STDERR_REDIRECT] 
2025-12-16 21:38:34,051 [ERROR] LogOutputStream:75 - [STDERR_REDIRECT] [Fatal Error] :1:1: Premature end of file.
2025-12-16 21:38:34,051 [ERROR] LogOutputStream:75 - [STDERR_REDIRECT] 
2025-12-16 21:38:35,063 [ERROR] LogOutputStream:75 - [STDERR_REDIRECT] [Fatal Error] :1:1: Premature end of file.
2025-12-16 21:38:35,064 [ERROR] LogOutputStream:75 - [STDERR_REDIRECT] 
2025-12-16 21:38:36,055 [ERROR] LogOutputStream:75 - [STDERR_REDIRECT] [Fatal Error] :1:1: Premature end of file.
2025-12-16 21:38:36,055 [ERROR] LogOutputStream:75 - [STDERR_REDIRECT] 
2025-12-16 21:38:37,068 [ERROR] LogOutputStream:75 - [STDERR_REDIRECT] [Fatal Error] :1:1: Premature end of file.
2025-12-16 21:38:37,068 [ERROR] LogOutputStream:75 - [STDERR_REDIRECT] 
2025-12-16 21:38:38,062 [ERROR] LogOutputStream:75 - [STDERR_REDIRECT] [Fatal Error] :1:1: Premature end of file.
2025-12-16 21:38:38,062 [ERROR] LogOutputStream:75 - [STDERR_REDIRECT] 
2025-12-16 21:38:39,058 [ERROR] LogOutputStream:75 - [STDERR_REDIRECT] [Fatal Error] :1:1: Premature end of file.
2025-12-16 21:38:39,058 [ERROR] LogOutputStream:75 - [STDERR_REDIRECT] 
2025-12-16 21:38:40,058 [ERROR] LogOutputStream:75 - [STDERR_REDIRECT] [Fatal Error] :1:1: Premature end of file.
2025-12-16 21:38:40,058 [ERROR] LogOutputStream:75 - [STDERR_REDIRECT] 
2025-12-16 21:38:41,062 [ERROR] LogOutputStream:75 - [STDERR_REDIRECT] [Fatal Error] :1:1: Premature end of file.
2025-12-16 21:38:41,063 [ERROR] LogOutputStream:75 - [STDERR_REDIRECT] 
2025-12-16 21:38:42,061 [ERROR] LogOutputStream:75 - [STDERR_REDIRECT] [Fatal Error] :1:1: Premature end of file.
2025-12-16 21:38:42,061 [ERROR] LogOutputStream:75 - [STDERR_REDIRECT] 
2025-12-16 21:38:43,062 [ERROR] LogOutputStream:75 - [STDERR_REDIRECT] [Fatal Error] :1:1: Premature end of file.
2025-12-16 21:38:43,062 [ERROR] LogOutputStream:75 - [STDERR_REDIRECT] 
2025-12-16 21:38:44,066 [ERROR] LogOutputStream:75 - [STDERR_REDIRECT] [Fatal Error] :1:1: Premature end of file.
2025-12-16 21:38:44,066 [ERROR] LogOutputStream:75 - [STDERR_REDIRECT] 
2025-12-16 21:38:45,064 [ERROR] LogOutputStream:75 - [STDERR_REDIRECT] [Fatal Error] :1:1: Premature end of file.
2025-12-16 21:38:45,064 [ERROR] LogOutputStream:75 - [STDERR_REDIRECT] 
2025-12-16 21:38:46,049 [ERROR] LogOutputStream:75 - [STDERR_REDIRECT] [Fatal Error] :1:1: Premature end of file.
2025-12-16 21:38:46,050 [ERROR] LogOutputStream:75 - [STDERR_REDIRECT] 
2025-12-16 21:38:47,067 [ERROR] LogOutputStream:75 - [STDERR_REDIRECT] [Fatal Error] :1:1: Premature end of file.
2025-12-16 21:38:47,067 [ERROR] LogOutputStream:75 - [STDERR_REDIRECT] 
2025-12-16 21:38:48,051 [ERROR] LogOutputStream:75 - [STDERR_REDIRECT] [Fatal Error] :1:1: Premature end of file.
2025-12-16 21:38:48,051 [ERROR] LogOutputStream:75 - [STDERR_REDIRECT] 
2025-12-16 21:38:49,053 [ERROR] LogOutputStream:75 - [STDERR_REDIRECT] [Fatal Error] :1:1: Premature end of file.
2025-12-16 21:38:49,053 [ERROR] LogOutputStream:75 - [STDERR_REDIRECT] 
2025-12-16 21:38:50,051 [ERROR] LogOutputStream:75 - [STDERR_REDIRECT] [Fatal Error] :1:1: Premature end of file.
2025-12-16 21:38:50,051 [ERROR] LogOutputStream:75 - [STDERR_REDIRECT] 
2025-12-16 21:38:51,054 [ERROR] LogOutputStream:75 - [STDERR_REDIRECT] [Fatal Error] :1:1: Premature end of file.
2025-12-16 21:38:51,054 [ERROR] LogOutputStream:75 - [STDERR_REDIRECT] 
2025-12-16 21:38:52,051 [ERROR] LogOutputStream:75 - [STDERR_REDIRECT] [Fatal Error] :1:1: Premature end of file.
2025-12-16 21:38:52,052 [ERROR] LogOutputStream:75 - [STDERR_REDIRECT] 
2025-12-16 21:38:53,050 [ERROR] LogOutputStream:75 - [STDERR_REDIRECT] [Fatal Error] :1:1: Premature end of file.
2025-12-16 21:38:53,050 [ERROR] LogOutputStream:75 - [STDERR_REDIRECT] 
2025-12-16 21:38:54,052 [ERROR] LogOutputStream:75 - [STDERR_REDIRECT] [Fatal Error] :1:1: Premature end of file.
2025-12-16 21:38:54,052 [ERROR] LogOutputStream:75 - [STDERR_REDIRECT] 
2025-12-16 21:38:55,049 [ERROR] LogOutputStream:75 - [STDERR_REDIRECT] [Fatal Error] :1:1: Premature end of file.
2025-12-16 21:38:55,049 [ERROR] LogOutputStream:75 - [STDERR_REDIRECT] 
2025-12-16 21:38:56,052 [ERROR] LogOutputStream:75 - [STDERR_REDIRECT] [Fatal Error] :1:1: Premature end of file.
2025-12-16 21:38:56,053 [ERROR] LogOutputStream:75 - [STDERR_REDIRECT] 
2025-12-16 21:38:57,050 [ERROR] LogOutputStream:75 - [STDERR_REDIRECT] [Fatal Error] :1:1: Premature end of file.
2025-12-16 21:38:57,050 [ERROR] LogOutputStream:75 - [STDERR_REDIRECT] 
2025-12-16 21:38:58,052 [ERROR] LogOutputStream:75 - [STDERR_REDIRECT] [Fatal Error] :1:1: Premature end of file.
2025-12-16 21:38:58,053 [ERROR] LogOutputStream:75 - [STDERR_REDIRECT] 
2025-12-16 21:38:59,052 [ERROR] LogOutputStream:75 - [STDERR_REDIRECT] [Fatal Error] :1:1: Premature end of file.
2025-12-16 21:38:59,052 [ERROR] LogOutputStream:75 - [STDERR_REDIRECT] 
2025-12-16 21:39:00,051 [ERROR] LogOutputStream:75 - [STDERR_REDIRECT] [Fatal Error] :1:1: Premature end of file.
2025-12-16 21:39:00,051 [ERROR] LogOutputStream:75 - [STDERR_REDIRECT] 
2025-12-16 21:39:01,054 [ERROR] LogOutputStream:75 - [STDERR_REDIRECT] [Fatal Error] :1:1: Premature end of file.
2025-12-16 21:39:01,054 [ERROR] LogOutputStream:75 - [STDERR_REDIRECT] 
2025-12-16 21:39:02,054 [ERROR] LogOutputStream:75 - [STDERR_REDIRECT] [Fatal Error] :1:1: Premature end of file.
2025-12-16 21:39:02,054 [ERROR] LogOutputStream:75 - [STDERR_REDIRECT] 
2025-12-16 21:39:03,051 [ERROR] LogOutputStream:75 - [STDERR_REDIRECT] [Fatal Error] :1:1: Premature end of file.
2025-12-16 21:39:03,053 [ERROR] LogOutputStream:75 - [STDERR_REDIRECT] 
2025-12-16 21:39:04,053 [ERROR] LogOutputStream:75 - [STDERR_REDIRECT] [Fatal Error] :1:1: Premature end of file.
2025-12-16 21:39:04,053 [ERROR] LogOutputStream:75 - [STDERR_REDIRECT] 
2025-12-16 21:39:05,049 [ERROR] LogOutputStream:75 - [STDERR_REDIRECT] [Fatal Error] :1:1: Premature end of file.
2025-12-16 21:39:05,049 [ERROR] LogOutputStream:75 - [STDERR_REDIRECT] 
2025-12-16 21:39:06,063 [ERROR] LogOutputStream:75 - [STDERR_REDIRECT] [Fatal Error] :1:1: Premature end of file.
2025-12-16 21:39:06,063 [ERROR] LogOutputStream:75 - [STDERR_REDIRECT] 
2025-12-16 21:39:07,050 [ERROR] LogOutputStream:75 - [STDERR_REDIRECT] [Fatal Error] :1:1: Premature end of file.
2025-12-16 21:39:07,050 [ERROR] LogOutputStream:75 - [STDERR_REDIRECT] 
2025-12-16 21:39:08,051 [ERROR] LogOutputStream:75 - [STDERR_REDIRECT] [Fatal Error] :1:1: Premature end of file.
2025-12-16 21:39:08,051 [ERROR] LogOutputStream:75 - [STDERR_REDIRECT] 
2025-12-16 21:39:09,051 [ERROR] LogOutputStream:75 - [STDERR_REDIRECT] [Fatal Error] :1:1: Premature end of file.
2025-12-16 21:39:09,051 [ERROR] LogOutputStream:75 - [STDERR_REDIRECT] 
2025-12-16 21:39:10,050 [ERROR] LogOutputStream:75 - [STDERR_REDIRECT] [Fatal Error] :1:1: Premature end of file.
2025-12-16 21:39:10,050 [ERROR] LogOutputStream:75 - [STDERR_REDIRECT] 
2025-12-16 21:39:11,052 [ERROR] LogOutputStream:75 - [STDERR_REDIRECT] [Fatal Error] :1:1: Premature end of file.
2025-12-16 21:39:11,052 [ERROR] LogOutputStream:75 - [STDERR_REDIRECT] 
2025-12-16 21:39:12,052 [ERROR] LogOutputStream:75 - [STDERR_REDIRECT] [Fatal Error] :1:1: Premature end of file.
2025-12-16 21:39:12,052 [ERROR] LogOutputStream:75 - [STDERR_REDIRECT] 
2025-12-16 21:39:13,050 [ERROR] LogOutputStream:75 - [STDERR_REDIRECT] [Fatal Error] :1:1: Premature end of file.
2025-12-16 21:39:13,050 [ERROR] LogOutputStream:75 - [STDERR_REDIRECT] 
2025-12-16 21:39:14,048 [ERROR] LogOutputStream:75 - [STDERR_REDIRECT] [Fatal Error] :1:1: Premature end of file.
2025-12-16 21:39:14,048 [ERROR] LogOutputStream:75 - [STDERR_REDIRECT] 
2025-12-16 21:39:15,052 [ERROR] LogOutputStream:75 - [STDERR_REDIRECT] [Fatal Error] :1:1: Premature end of file.
2025-12-16 21:39:15,052 [ERROR] LogOutputStream:75 - [STDERR_REDIRECT] 
2025-12-16 21:39:16,051 [ERROR] LogOutputStream:75 - [STDERR_REDIRECT] [Fatal Error] :1:1: Premature end of file.
2025-12-16 21:39:16,051 [ERROR] LogOutputStream:75 - [STDERR_REDIRECT] 
2025-12-16 21:39:17,052 [ERROR] LogOutputStream:75 - [STDERR_REDIRECT] [Fatal Error] :1:1: Premature end of file.
2025-12-16 21:39:17,052 [ERROR] LogOutputStream:75 - [STDERR_REDIRECT] 
2025-12-16 21:39:18,051 [ERROR] LogOutputStream:75 - [STDERR_REDIRECT] [Fatal Error] :1:1: Premature end of file.
2025-12-16 21:39:18,051 [ERROR] LogOutputStream:75 - [STDERR_REDIRECT] 
2025-12-16 21:39:19,051 [ERROR] LogOutputStream:75 - [STDERR_REDIRECT] [Fatal Error] :1:1: Premature end of file.
2025-12-16 21:39:19,051 [ERROR] LogOutputStream:75 - [STDERR_REDIRECT] 
2025-12-16 21:39:20,053 [ERROR] LogOutputStream:75 - [STDERR_REDIRECT] [Fatal Error] :1:1: Premature end of file.
2025-12-16 21:39:20,053 [ERROR] LogOutputStream:75 - [STDERR_REDIRECT] 
2025-12-16 21:39:21,050 [ERROR] LogOutputStream:75 - [STDERR_REDIRECT] [Fatal Error] :1:1: Premature end of file.
2025-12-16 21:39:21,050 [ERROR] LogOutputStream:75 - [STDERR_REDIRECT] 
2025-12-16 21:39:22,055 [ERROR] LogOutputStream:75 - [STDERR_REDIRECT] [Fatal Error] :1:1: Premature end of file.
2025-12-16 21:39:22,055 [ERROR] LogOutputStream:75 - [STDERR_REDIRECT] 
2025-12-16 21:39:23,049 [ERROR] LogOutputStream:75 - [STDERR_REDIRECT] [Fatal Error] :1:1: Premature end of file.
2025-12-16 21:39:23,049 [ERROR] LogOutputStream:75 - [STDERR_REDIRECT] 
2025-12-16 21:39:24,053 [ERROR] LogOutputStream:75 - [STDERR_REDIRECT] [Fatal Error] :1:1: Premature end of file.
2025-12-16 21:39:24,053 [ERROR] LogOutputStream:75 - [STDERR_REDIRECT] 
2025-12-16 21:39:25,051 [ERROR] LogOutputStream:75 - [STDERR_REDIRECT] [Fatal Error] :1:1: Premature end of file.
2025-12-16 21:39:25,052 [ERROR] LogOutputStream:75 - [STDERR_REDIRECT] 
2025-12-16 21:39:26,050 [ERROR] LogOutputStream:75 - [STDERR_REDIRECT] [Fatal Error] :1:1: Premature end of file.
2025-12-16 21:39:26,050 [ERROR] LogOutputStream:75 - [STDERR_REDIRECT] 
2025-12-16 21:39:27,049 [ERROR] LogOutputStream:75 - [STDERR_REDIRECT] [Fatal Error] :1:1: Premature end of file.
2025-12-16 21:39:27,049 [ERROR] LogOutputStream:75 - [STDERR_REDIRECT] 
2025-12-16 21:39:28,050 [ERROR] LogOutputStream:75 - [STDERR_REDIRECT] [Fatal Error] :1:1: Premature end of file.
2025-12-16 21:39:28,050 [ERROR] LogOutputStream:75 - [STDERR_REDIRECT] 
2025-12-16 21:39:29,051 [ERROR] LogOutputStream:75 - [STDERR_REDIRECT] [Fatal Error] :1:1: Premature end of file.
2025-12-16 21:39:29,051 [ERROR] LogOutputStream:75 - [STDERR_REDIRECT] 
2025-12-16 21:39:30,054 [ERROR] LogOutputStream:75 - [STDERR_REDIRECT] [Fatal Error] :1:1: Premature end of file.
2025-12-16 21:39:30,055 [ERROR] LogOutputStream:75 - [STDERR_REDIRECT] 
2025-12-16 21:39:31,054 [ERROR] LogOutputStream:75 - [STDERR_REDIRECT] [Fatal Error] :1:1: Premature end of file.
2025-12-16 21:39:31,054 [ERROR] LogOutputStream:75 - [STDERR_REDIRECT] 
2025-12-16 21:39:32,053 [ERROR] LogOutputStream:75 - [STDERR_REDIRECT] [Fatal Error] :1:1: Premature end of file.
2025-12-16 21:39:32,053 [ERROR] LogOutputStream:75 - [STDERR_REDIRECT] 
2025-12-16 21:39:33,051 [ERROR] LogOutputStream:75 - [STDERR_REDIRECT] [Fatal Error] :1:1: Premature end of file.
2025-12-16 21:39:33,051 [ERROR] LogOutputStream:75 - [STDERR_REDIRECT] 
2025-12-16 21:39:34,055 [ERROR] LogOutputStream:75 - [STDERR_REDIRECT] [Fatal Error] :1:1: Premature end of file.
2025-12-16 21:39:34,056 [ERROR] LogOutputStream:75 - [STDERR_REDIRECT] 
2025-12-16 21:39:35,066 [ERROR] LogOutputStream:75 - [STDERR_REDIRECT] [Fatal Error] :1:1: Premature end of file.
2025-12-16 21:39:35,067 [ERROR] LogOutputStream:75 - [STDERR_REDIRECT] 
2025-12-16 21:39:36,063 [ERROR] LogOutputStream:75 - [STDERR_REDIRECT] [Fatal Error] :1:1: Premature end of file.
2025-12-16 21:39:36,063 [ERROR] LogOutputStream:75 - [STDERR_REDIRECT] 
2025-12-16 21:39:37,067 [ERROR] LogOutputStream:75 - [STDERR_REDIRECT] [Fatal Error] :1:1: Premature end of file.
2025-12-16 21:39:37,068 [ERROR] LogOutputStream:75 - [STDERR_REDIRECT] 
2025-12-16 21:39:38,062 [ERROR] LogOutputStream:75 - [STDERR_REDIRECT] [Fatal Error] :1:1: Premature end of file.
2025-12-16 21:39:38,062 [ERROR] LogOutputStream:75 - [STDERR_REDIRECT] 
2025-12-16 21:39:39,062 [ERROR] LogOutputStream:75 - [STDERR_REDIRECT] [Fatal Error] :1:1: Premature end of file.
2025-12-16 21:39:39,062 [ERROR] LogOutputStream:75 - [STDERR_REDIRECT] 
2025-12-16 21:39:40,064 [ERROR] LogOutputStream:75 - [STDERR_REDIRECT] [Fatal Error] :1:1: Premature end of file.
2025-12-16 21:39:40,064 [ERROR] LogOutputStream:75 - [STDERR_REDIRECT] 
2025-12-16 21:39:41,065 [ERROR] LogOutputStream:75 - [STDERR_REDIRECT] [Fatal Error] :1:1: Premature end of file.
2025-12-16 21:39:41,065 [ERROR] LogOutputStream:75 - [STDERR_REDIRECT] 
2025-12-16 21:39:42,070 [ERROR] LogOutputStream:75 - [STDERR_REDIRECT] [Fatal Error] :1:1: Premature end of file.
2025-12-16 21:39:42,071 [ERROR] LogOutputStream:75 - [STDERR_REDIRECT] 
2025-12-16 21:39:43,079 [ERROR] LogOutputStream:75 - [STDERR_REDIRECT] [Fatal Error] :1:1: Premature end of file.
2025-12-16 21:39:43,079 [ERROR] LogOutputStream:75 - [STDERR_REDIRECT] 
2025-12-16 21:39:44,086 [ERROR] LogOutputStream:75 - [STDERR_REDIRECT] [Fatal Error] :1:1: Premature end of file.
2025-12-16 21:39:44,086 [ERROR] LogOutputStream:75 - [STDERR_REDIRECT] 
2025-12-16 21:39:45,080 [ERROR] LogOutputStream:75 - [STDERR_REDIRECT] [Fatal Error] :1:1: Premature end of file.
2025-12-16 21:39:45,080 [ERROR] LogOutputStream:75 - [STDERR_REDIRECT] 
2025-12-16 21:39:46,092 [ERROR] LogOutputStream:75 - [STDERR_REDIRECT] [Fatal Error] :1:1: Premature end of file.
2025-12-16 21:39:46,092 [ERROR] LogOutputStream:75 - [STDERR_REDIRECT] 
2025-12-16 21:39:47,069 [ERROR] LogOutputStream:75 - [STDERR_REDIRECT] [Fatal Error] :1:1: Premature end of file.
2025-12-16 21:39:47,070 [ERROR] LogOutputStream:75 - [STDERR_REDIRECT] 
2025-12-16 21:39:48,066 [ERROR] LogOutputStream:75 - [STDERR_REDIRECT] [Fatal Error] :1:1: Premature end of file.
2025-12-16 21:39:48,066 [ERROR] LogOutputStream:75 - [STDERR_REDIRECT] 
2025-12-16 21:39:49,065 [ERROR] LogOutputStream:75 - [STDERR_REDIRECT] [Fatal Error] :1:1: Premature end of file.
2025-12-16 21:39:49,065 [ERROR] LogOutputStream:75 - [STDERR_REDIRECT] 
2025-12-16 21:39:50,064 [ERROR] LogOutputStream:75 - [STDERR_REDIRECT] [Fatal Error] :1:1: Premature end of file.
2025-12-16 21:39:50,064 [ERROR] LogOutputStream:75 - [STDERR_REDIRECT] 
2025-12-16 21:39:51,068 [ERROR] LogOutputStream:75 - [STDERR_REDIRECT] [Fatal Error] :1:1: Premature end of file.
2025-12-16 21:39:51,069 [ERROR] LogOutputStream:75 - [STDERR_REDIRECT] 
2025-12-16 21:39:52,068 [ERROR] LogOutputStream:75 - [STDERR_REDIRECT] [Fatal Error] :1:1: Premature end of file.
2025-12-16 21:39:52,068 [ERROR] LogOutputStream:75 - [STDERR_REDIRECT] 
2025-12-16 21:39:53,066 [ERROR] LogOutputStream:75 - [STDERR_REDIRECT] [Fatal Error] :1:1: Premature end of file.
2025-12-16 21:39:53,066 [ERROR] LogOutputStream:75 - [STDERR_REDIRECT] 
2025-12-16 21:39:54,067 [ERROR] LogOutputStream:75 - [STDERR_REDIRECT] [Fatal Error] :1:1: Premature end of file.
2025-12-16 21:39:54,068 [ERROR] LogOutputStream:75 - [STDERR_REDIRECT] 
2025-12-16 21:39:55,064 [ERROR] LogOutputStream:75 - [STDERR_REDIRECT] [Fatal Error] :1:1: Premature end of file.
2025-12-16 21:39:55,065 [ERROR] LogOutputStream:75 - [STDERR_REDIRECT] 
2025-12-16 21:39:56,069 [ERROR] LogOutputStream:75 - [STDERR_REDIRECT] [Fatal Error] :1:1: Premature end of file.
2025-12-16 21:39:56,069 [ERROR] LogOutputStream:75 - [STDERR_REDIRECT] 
2025-12-16 21:39:57,074 [ERROR] LogOutputStream:75 - [STDERR_REDIRECT] [Fatal Error] :1:1: Premature end of file.
2025-12-16 21:39:57,075 [ERROR] LogOutputStream:75 - [STDERR_REDIRECT] 
2025-12-16 21:39:58,067 [ERROR] LogOutputStream:75 - [STDERR_REDIRECT] [Fatal Error] :1:1: Premature end of file.
2025-12-16 21:39:58,068 [ERROR] LogOutputStream:75 - [STDERR_REDIRECT] 
2025-12-16 21:39:59,070 [ERROR] LogOutputStream:75 - [STDERR_REDIRECT] [Fatal Error] :1:1: Premature end of file.
2025-12-16 21:39:59,071 [ERROR] LogOutputStream:75 - [STDERR_REDIRECT] 
2025-12-16 21:40:00,071 [ERROR] LogOutputStream:75 - [STDERR_REDIRECT] [Fatal Error] :1:1: Premature end of file.
2025-12-16 21:40:00,072 [ERROR] LogOutputStream:75 - [STDERR_REDIRECT] 
2025-12-16 21:40:01,064 [ERROR] LogOutputStream:75 - [STDERR_REDIRECT] [Fatal Error] :1:1: Premature end of file.
2025-12-16 21:40:01,064 [ERROR] LogOutputStream:75 - [STDERR_REDIRECT] 
2025-12-16 21:40:02,063 [ERROR] LogOutputStream:75 - [STDERR_REDIRECT] [Fatal Error] :1:1: Premature end of file.
2025-12-16 21:40:02,063 [ERROR] LogOutputStream:75 - [STDERR_REDIRECT] 
2025-12-16 21:40:03,064 [ERROR] LogOutputStream:75 - [STDERR_REDIRECT] [Fatal Error] :1:1: Premature end of file.
2025-12-16 21:40:03,064 [ERROR] LogOutputStream:75 - [STDERR_REDIRECT] 
2025-12-16 21:40:04,064 [ERROR] LogOutputStream:75 - [STDERR_REDIRECT] [Fatal Error] :1:1: Premature end of file.
2025-12-16 21:40:04,064 [ERROR] LogOutputStream:75 - [STDERR_REDIRECT] 
2025-12-16 21:40:05,062 [ERROR] LogOutputStream:75 - [STDERR_REDIRECT] [Fatal Error] :1:1: Premature end of file.
2025-12-16 21:40:05,062 [ERROR] LogOutputStream:75 - [STDERR_REDIRECT] 
2025-12-16 21:40:06,062 [ERROR] LogOutputStream:75 - [STDERR_REDIRECT] [Fatal Error] :1:1: Premature end of file.
2025-12-16 21:40:06,062 [ERROR] LogOutputStream:75 - [STDERR_REDIRECT] 
2025-12-16 21:40:07,055 [ERROR] LogOutputStream:75 - [STDERR_REDIRECT] [Fatal Error] :1:1: Premature end of file.
2025-12-16 21:40:07,055 [ERROR] LogOutputStream:75 - [STDERR_REDIRECT] 
2025-12-16 21:40:08,052 [ERROR] LogOutputStream:75 - [STDERR_REDIRECT] [Fatal Error] :1:1: Premature end of file.
2025-12-16 21:40:08,053 [ERROR] LogOutputStream:75 - [STDERR_REDIRECT] 
2025-12-16 21:40:09,054 [ERROR] LogOutputStream:75 - [STDERR_REDIRECT] [Fatal Error] :1:1: Premature end of file.
2025-12-16 21:40:09,054 [ERROR] LogOutputStream:75 - [STDERR_REDIRECT] 
2025-12-16 21:40:10,060 [ERROR] LogOutputStream:75 - [STDERR_REDIRECT] [Fatal Error] :1:1: Premature end of file.
2025-12-16 21:40:10,060 [ERROR] LogOutputStream:75 - [STDERR_REDIRECT] 
2025-12-16 21:40:11,105 [ERROR] LogOutputStream:75 - [STDERR_REDIRECT] [Fatal Error] :1:1: Premature end of file.
2025-12-16 21:40:11,105 [ERROR] LogOutputStream:75 - [STDERR_REDIRECT] 
2025-12-16 21:40:12,058 [ERROR] LogOutputStream:75 - [STDERR_REDIRECT] [Fatal Error] :1:1: Premature end of file.
2025-12-16 21:40:12,058 [ERROR] LogOutputStream:75 - [STDERR_REDIRECT] 
2025-12-16 21:40:13,055 [ERROR] LogOutputStream:75 - [STDERR_REDIRECT] [Fatal Error] :1:1: Premature end of file.
2025-12-16 21:40:13,055 [ERROR] LogOutputStream:75 - [STDERR_REDIRECT] 
2025-12-16 21:40:14,057 [ERROR] LogOutputStream:75 - [STDERR_REDIRECT] [Fatal Error] :1:1: Premature end of file.
2025-12-16 21:40:14,057 [ERROR] LogOutputStream:75 - [STDERR_REDIRECT] 
2025-12-16 21:40:15,053 [ERROR] LogOutputStream:75 - [STDERR_REDIRECT] [Fatal Error] :1:1: Premature end of file.
2025-12-16 21:40:15,053 [ERROR] LogOutputStream:75 - [STDERR_REDIRECT] 
2025-12-16 21:40:16,052 [ERROR] LogOutputStream:75 - [STDERR_REDIRECT] [Fatal Error] :1:1: Premature end of file.
2025-12-16 21:40:16,054 [ERROR] LogOutputStream:75 - [STDERR_REDIRECT] 
2025-12-16 21:40:17,055 [ERROR] LogOutputStream:75 - [STDERR_REDIRECT] [Fatal Error] :1:1: Premature end of file.
2025-12-16 21:40:17,055 [ERROR] LogOutputStream:75 - [STDERR_REDIRECT] 
2025-12-16 21:40:18,068 [ERROR] LogOutputStream:75 - [STDERR_REDIRECT] [Fatal Error] :1:1: Premature end of file.
2025-12-16 21:40:18,069 [ERROR] LogOutputStream:75 - [STDERR_REDIRECT] 
2025-12-16 21:40:19,070 [ERROR] LogOutputStream:75 - [STDERR_REDIRECT] [Fatal Error] :1:1: Premature end of file.
2025-12-16 21:40:19,070 [ERROR] LogOutputStream:75 - [STDERR_REDIRECT] 
2025-12-16 21:40:20,068 [ERROR] LogOutputStream:75 - [STDERR_REDIRECT] [Fatal Error] :1:1: Premature end of file.
2025-12-16 21:40:20,068 [ERROR] LogOutputStream:75 - [STDERR_REDIRECT] 
2025-12-16 21:40:21,063 [ERROR] LogOutputStream:75 - [STDERR_REDIRECT] [Fatal Error] :1:1: Premature end of file.
2025-12-16 21:40:21,063 [ERROR] LogOutputStream:75 - [STDERR_REDIRECT] 
2025-12-16 21:40:22,061 [ERROR] LogOutputStream:75 - [STDERR_REDIRECT] [Fatal Error] :1:1: Premature end of file.
2025-12-16 21:40:22,061 [ERROR] LogOutputStream:75 - [STDERR_REDIRECT] 
2025-12-16 21:40:23,059 [ERROR] LogOutputStream:75 - [STDERR_REDIRECT] [Fatal Error] :1:1: Premature end of file.
2025-12-16 21:40:23,059 [ERROR] LogOutputStream:75 - [STDERR_REDIRECT] 
2025-12-16 21:40:24,059 [ERROR] LogOutputStream:75 - [STDERR_REDIRECT] [Fatal Error] :1:1: Premature end of file.
2025-12-16 21:40:24,059 [ERROR] LogOutputStream:75 - [STDERR_REDIRECT] 
2025-12-16 21:40:25,055 [ERROR] LogOutputStream:75 - [STDERR_REDIRECT] [Fatal Error] :1:1: Premature end of file.
2025-12-16 21:40:25,055 [ERROR] LogOutputStream:75 - [STDERR_REDIRECT] 
2025-12-16 21:40:26,067 [ERROR] LogOutputStream:75 - [STDERR_REDIRECT] [Fatal Error] :1:1: Premature end of file.
2025-12-16 21:40:26,067 [ERROR] LogOutputStream:75 - [STDERR_REDIRECT] 
2025-12-16 21:40:27,053 [ERROR] LogOutputStream:75 - [STDERR_REDIRECT] [Fatal Error] :1:1: Premature end of file.
2025-12-16 21:40:27,053 [ERROR] LogOutputStream:75 - [STDERR_REDIRECT] 
2025-12-16 21:40:28,055 [ERROR] LogOutputStream:75 - [STDERR_REDIRECT] [Fatal Error] :1:1: Premature end of file.
2025-12-16 21:40:28,056 [ERROR] LogOutputStream:75 - [STDERR_REDIRECT] 
2025-12-16 21:40:29,053 [ERROR] LogOutputStream:75 - [STDERR_REDIRECT] [Fatal Error] :1:1: Premature end of file.
2025-12-16 21:40:29,053 [ERROR] LogOutputStream:75 - [STDERR_REDIRECT] 
2025-12-16 21:40:30,069 [ERROR] LogOutputStream:75 - [STDERR_REDIRECT] [Fatal Error] :1:1: Premature end of file.
2025-12-16 21:40:30,069 [ERROR] LogOutputStream:75 - [STDERR_REDIRECT] 
2025-12-16 21:40:31,056 [ERROR] LogOutputStream:75 - [STDERR_REDIRECT] [Fatal Error] :1:1: Premature end of file.
2025-12-16 21:40:31,056 [ERROR] LogOutputStream:75 - [STDERR_REDIRECT] 
2025-12-16 21:40:32,055 [ERROR] LogOutputStream:75 - [STDERR_REDIRECT] [Fatal Error] :1:1: Premature end of file.
2025-12-16 21:40:32,055 [ERROR] LogOutputStream:75 - [STDERR_REDIRECT] 
2025-12-16 21:40:33,062 [ERROR] LogOutputStream:75 - [STDERR_REDIRECT] [Fatal Error] :1:1: Premature end of file.
2025-12-16 21:40:33,062 [ERROR] LogOutputStream:75 - [STDERR_REDIRECT] 
2025-12-16 21:40:34,057 [ERROR] LogOutputStream:75 - [STDERR_REDIRECT] [Fatal Error] :1:1: Premature end of file.
2025-12-16 21:40:34,057 [ERROR] LogOutputStream:75 - [STDERR_REDIRECT] 
2025-12-16 21:40:35,052 [ERROR] LogOutputStream:75 - [STDERR_REDIRECT] [Fatal Error] :1:1: Premature end of file.
2025-12-16 21:40:35,052 [ERROR] LogOutputStream:75 - [STDERR_REDIRECT] 
2025-12-16 21:40:36,057 [ERROR] LogOutputStream:75 - [STDERR_REDIRECT] [Fatal Error] :1:1: Premature end of file.
2025-12-16 21:40:36,057 [ERROR] LogOutputStream:75 - [STDERR_REDIRECT] 
2025-12-16 21:40:37,060 [ERROR] LogOutputStream:75 - [STDERR_REDIRECT] [Fatal Error] :1:1: Premature end of file.
2025-12-16 21:40:37,060 [ERROR] LogOutputStream:75 - [STDERR_REDIRECT] 
2025-12-16 21:40:38,063 [ERROR] LogOutputStream:75 - [STDERR_REDIRECT] [Fatal Error] :1:1: Premature end of file.
2025-12-16 21:40:38,063 [ERROR] LogOutputStream:75 - [STDERR_REDIRECT] 
2025-12-16 21:40:39,062 [ERROR] LogOutputStream:75 - [STDERR_REDIRECT] [Fatal Error] :1:1: Premature end of file.
2025-12-16 21:40:39,063 [ERROR] LogOutputStream:75 - [STDERR_REDIRECT] 
2025-12-16 21:40:40,062 [ERROR] LogOutputStream:75 - [STDERR_REDIRECT] [Fatal Error] :1:1: Premature end of file.
2025-12-16 21:40:40,062 [ERROR] LogOutputStream:75 - [STDERR_REDIRECT] 
2025-12-16 21:40:41,073 [ERROR] LogOutputStream:75 - [STDERR_REDIRECT] [Fatal Error] :1:1: Premature end of file.
2025-12-16 21:40:41,073 [ERROR] LogOutputStream:75 - [STDERR_REDIRECT] 
2025-12-16 21:40:42,072 [ERROR] LogOutputStream:75 - [STDERR_REDIRECT] [Fatal Error] :1:1: Premature end of file.
2025-12-16 21:40:42,072 [ERROR] LogOutputStream:75 - [STDERR_REDIRECT] 
2025-12-16 21:40:43,062 [ERROR] LogOutputStream:75 - [STDERR_REDIRECT] [Fatal Error] :1:1: Premature end of file.
2025-12-16 21:40:43,062 [ERROR] LogOutputStream:75 - [STDERR_REDIRECT] 
2025-12-16 21:40:44,068 [ERROR] LogOutputStream:75 - [STDERR_REDIRECT] [Fatal Error] :1:1: Premature end of file.
2025-12-16 21:40:44,068 [ERROR] LogOutputStream:75 - [STDERR_REDIRECT] 
2025-12-16 21:40:45,063 [ERROR] LogOutputStream:75 - [STDERR_REDIRECT] [Fatal Error] :1:1: Premature end of file.
2025-12-16 21:40:45,064 [ERROR] LogOutputStream:75 - [STDERR_REDIRECT] 
2025-12-16 21:40:46,061 [ERROR] LogOutputStream:75 - [STDERR_REDIRECT] [Fatal Error] :1:1: Premature end of file.
2025-12-16 21:40:46,062 [ERROR] LogOutputStream:75 - [STDERR_REDIRECT] 
2025-12-16 21:40:47,071 [ERROR] LogOutputStream:75 - [STDERR_REDIRECT] [Fatal Error] :1:1: Premature end of file.
2025-12-16 21:40:47,071 [ERROR] LogOutputStream:75 - [STDERR_REDIRECT] 
2025-12-16 21:40:48,069 [ERROR] LogOutputStream:75 - [STDERR_REDIRECT] [Fatal Error] :1:1: Premature end of file.
2025-12-16 21:40:48,069 [ERROR] LogOutputStream:75 - [STDERR_REDIRECT] 
2025-12-16 21:40:49,055 [ERROR] LogOutputStream:75 - [STDERR_REDIRECT] [Fatal Error] :1:1: Premature end of file.
2025-12-16 21:40:49,055 [ERROR] LogOutputStream:75 - [STDERR_REDIRECT] 
2025-12-16 21:40:50,056 [ERROR] LogOutputStream:75 - [STDERR_REDIRECT] [Fatal Error] :1:1: Premature end of file.
2025-12-16 21:40:50,056 [ERROR] LogOutputStream:75 - [STDERR_REDIRECT] 
2025-12-16 21:40:51,054 [ERROR] LogOutputStream:75 - [STDERR_REDIRECT] [Fatal Error] :1:1: Premature end of file.
2025-12-16 21:40:51,055 [ERROR] LogOutputStream:75 - [STDERR_REDIRECT] 
2025-12-16 21:40:52,074 [ERROR] LogOutputStream:75 - [STDERR_REDIRECT] [Fatal Error] :1:1: Premature end of file.
2025-12-16 21:40:52,074 [ERROR] LogOutputStream:75 - [STDERR_REDIRECT] 
2025-12-16 21:40:53,069 [ERROR] LogOutputStream:75 - [STDERR_REDIRECT] [Fatal Error] :1:1: Premature end of file.
2025-12-16 21:40:53,069 [ERROR] LogOutputStream:75 - [STDERR_REDIRECT] 
2025-12-16 21:40:54,054 [ERROR] LogOutputStream:75 - [STDERR_REDIRECT] [Fatal Error] :1:1: Premature end of file.
2025-12-16 21:40:54,055 [ERROR] LogOutputStream:75 - [STDERR_REDIRECT] 
2025-12-16 21:40:55,050 [ERROR] LogOutputStream:75 - [STDERR_REDIRECT] [Fatal Error] :1:1: Premature end of file.
2025-12-16 21:40:55,052 [ERROR] LogOutputStream:75 - [STDERR_REDIRECT] 
2025-12-16 21:40:56,063 [ERROR] LogOutputStream:75 - [STDERR_REDIRECT] [Fatal Error] :1:1: Premature end of file.
2025-12-16 21:40:56,063 [ERROR] LogOutputStream:75 - [STDERR_REDIRECT] 
2025-12-16 21:40:57,063 [ERROR] LogOutputStream:75 - [STDERR_REDIRECT] [Fatal Error] :1:1: Premature end of file.
2025-12-16 21:40:57,063 [ERROR] LogOutputStream:75 - [STDERR_REDIRECT] 
2025-12-16 21:40:58,061 [ERROR] LogOutputStream:75 - [STDERR_REDIRECT] [Fatal Error] :1:1: Premature end of file.
2025-12-16 21:40:58,061 [ERROR] LogOutputStream:75 - [STDERR_REDIRECT] 
2025-12-16 21:40:59,056 [ERROR] LogOutputStream:75 - [STDERR_REDIRECT] [Fatal Error] :1:1: Premature end of file.
2025-12-16 21:40:59,056 [ERROR] LogOutputStream:75 - [STDERR_REDIRECT] 
2025-12-16 21:41:00,063 [ERROR] LogOutputStream:75 - [STDERR_REDIRECT] [Fatal Error] :1:1: Premature end of file.
2025-12-16 21:41:00,063 [ERROR] LogOutputStream:75 - [STDERR_REDIRECT] 
2025-12-16 21:41:01,063 [ERROR] LogOutputStream:75 - [STDERR_REDIRECT] [Fatal Error] :1:1: Premature end of file.
2025-12-16 21:41:01,063 [ERROR] LogOutputStream:75 - [STDERR_REDIRECT] 
2025-12-16 21:41:02,058 [ERROR] LogOutputStream:75 - [STDERR_REDIRECT] [Fatal Error] :1:1: Premature end of file.
2025-12-16 21:41:02,058 [ERROR] LogOutputStream:75 - [STDERR_REDIRECT] 
2025-12-16 21:41:03,060 [ERROR] LogOutputStream:75 - [STDERR_REDIRECT] [Fatal Error] :1:1: Premature end of file.
2025-12-16 21:41:03,060 [ERROR] LogOutputStream:75 - [STDERR_REDIRECT] 
2025-12-16 21:41:04,061 [ERROR] LogOutputStream:75 - [STDERR_REDIRECT] [Fatal Error] :1:1: Premature end of file.
2025-12-16 21:41:04,061 [ERROR] LogOutputStream:75 - [STDERR_REDIRECT] 
2025-12-16 21:41:05,067 [ERROR] LogOutputStream:75 - [STDERR_REDIRECT] [Fatal Error] :1:1: Premature end of file.
2025-12-16 21:41:05,067 [ERROR] LogOutputStream:75 - [STDERR_REDIRECT] 
2025-12-16 21:41:06,085 [ERROR] LogOutputStream:75 - [STDERR_REDIRECT] [Fatal Error] :1:1: Premature end of file.
2025-12-16 21:41:06,085 [ERROR] LogOutputStream:75 - [STDERR_REDIRECT] 
2025-12-16 21:41:07,065 [ERROR] LogOutputStream:75 - [STDERR_REDIRECT] [Fatal Error] :1:1: Premature end of file.
2025-12-16 21:41:07,065 [ERROR] LogOutputStream:75 - [STDERR_REDIRECT] 
2025-12-16 21:41:08,064 [ERROR] LogOutputStream:75 - [STDERR_REDIRECT] [Fatal Error] :1:1: Premature end of file.
2025-12-16 21:41:08,064 [ERROR] LogOutputStream:75 - [STDERR_REDIRECT] 
2025-12-16 21:41:09,065 [ERROR] LogOutputStream:75 - [STDERR_REDIRECT] [Fatal Error] :1:1: Premature end of file.
2025-12-16 21:41:09,065 [ERROR] LogOutputStream:75 - [STDERR_REDIRECT] 
2025-12-16 21:41:10,062 [ERROR] LogOutputStream:75 - [STDERR_REDIRECT] [Fatal Error] :1:1: Premature end of file.
2025-12-16 21:41:10,062 [ERROR] LogOutputStream:75 - [STDERR_REDIRECT] 
2025-12-16 21:41:11,059 [ERROR] LogOutputStream:75 - [STDERR_REDIRECT] [Fatal Error] :1:1: Premature end of file.
2025-12-16 21:41:11,059 [ERROR] LogOutputStream:75 - [STDERR_REDIRECT] 
2025-12-16 21:41:12,056 [ERROR] LogOutputStream:75 - [STDERR_REDIRECT] [Fatal Error] :1:1: Premature end of file.
2025-12-16 21:41:12,056 [ERROR] LogOutputStream:75 - [STDERR_REDIRECT] 
2025-12-16 21:41:13,058 [ERROR] LogOutputStream:75 - [STDERR_REDIRECT] [Fatal Error] :1:1: Premature end of file.
2025-12-16 21:41:13,058 [ERROR] LogOutputStream:75 - [STDERR_REDIRECT] 
2025-12-16 21:41:14,055 [ERROR] LogOutputStream:75 - [STDERR_REDIRECT] [Fatal Error] :1:1: Premature end of file.
2025-12-16 21:41:14,055 [ERROR] LogOutputStream:75 - [STDERR_REDIRECT] 
2025-12-16 21:41:15,053 [ERROR] LogOutputStream:75 - [STDERR_REDIRECT] [Fatal Error] :1:1: Premature end of file.
2025-12-16 21:41:15,053 [ERROR] LogOutputStream:75 - [STDERR_REDIRECT] 
2025-12-16 21:41:16,068 [ERROR] LogOutputStream:75 - [STDERR_REDIRECT] [Fatal Error] :1:1: Premature end of file.
2025-12-16 21:41:16,068 [ERROR] LogOutputStream:75 - [STDERR_REDIRECT] 
2025-12-16 21:41:17,069 [ERROR] LogOutputStream:75 - [STDERR_REDIRECT] [Fatal Error] :1:1: Premature end of file.
2025-12-16 21:41:17,069 [ERROR] LogOutputStream:75 - [STDERR_REDIRECT] 
2025-12-16 21:41:18,061 [ERROR] LogOutputStream:75 - [STDERR_REDIRECT] [Fatal Error] :1:1: Premature end of file.
2025-12-16 21:41:18,061 [ERROR] LogOutputStream:75 - [STDERR_REDIRECT] 
2025-12-16 21:41:19,062 [ERROR] LogOutputStream:75 - [STDERR_REDIRECT] [Fatal Error] :1:1: Premature end of file.
2025-12-16 21:41:19,062 [ERROR] LogOutputStream:75 - [STDERR_REDIRECT] 
2025-12-16 21:41:20,067 [ERROR] LogOutputStream:75 - [STDERR_REDIRECT] [Fatal Error] :1:1: Premature end of file.
2025-12-16 21:41:20,067 [ERROR] LogOutputStream:75 - [STDERR_REDIRECT] 
2025-12-16 21:41:21,064 [ERROR] LogOutputStream:75 - [STDERR_REDIRECT] [Fatal Error] :1:1: Premature end of file.
2025-12-16 21:41:21,065 [ERROR] LogOutputStream:75 - [STDERR_REDIRECT] 
2025-12-16 21:41:22,070 [ERROR] LogOutputStream:75 - [STDERR_REDIRECT] [Fatal Error] :1:1: Premature end of file.
2025-12-16 21:41:22,070 [ERROR] LogOutputStream:75 - [STDERR_REDIRECT] 
2025-12-16 21:41:23,069 [ERROR] LogOutputStream:75 - [STDERR_REDIRECT] [Fatal Error] :1:1: Premature end of file.
2025-12-16 21:41:23,070 [ERROR] LogOutputStream:75 - [STDERR_REDIRECT] 
2025-12-16 21:41:24,067 [ERROR] LogOutputStream:75 - [STDERR_REDIRECT] [Fatal Error] :1:1: Premature end of file.
2025-12-16 21:41:24,068 [ERROR] LogOutputStream:75 - [STDERR_REDIRECT] 
2025-12-16 21:41:25,065 [ERROR] LogOutputStream:75 - [STDERR_REDIRECT] [Fatal Error] :1:1: Premature end of file.
2025-12-16 21:41:25,065 [ERROR] LogOutputStream:75 - [STDERR_REDIRECT] 
2025-12-16 21:41:26,051 [ERROR] LogOutputStream:75 - [STDERR_REDIRECT] [Fatal Error] :1:1: Premature end of file.
2025-12-16 21:41:26,051 [ERROR] LogOutputStream:75 - [STDERR_REDIRECT] 
2025-12-16 21:41:27,050 [ERROR] LogOutputStream:75 - [STDERR_REDIRECT] [Fatal Error] :1:1: Premature end of file.
2025-12-16 21:41:27,050 [ERROR] LogOutputStream:75 - [STDERR_REDIRECT] 
2025-12-16 21:41:28,048 [ERROR] LogOutputStream:75 - [STDERR_REDIRECT] [Fatal Error] :1:1: Premature end of file.
2025-12-16 21:41:28,049 [ERROR] LogOutputStream:75 - [STDERR_REDIRECT] 
2025-12-16 21:41:29,050 [ERROR] LogOutputStream:75 - [STDERR_REDIRECT] [Fatal Error] :1:1: Premature end of file.
2025-12-16 21:41:29,050 [ERROR] LogOutputStream:75 - [STDERR_REDIRECT] 
2025-12-16 21:41:30,051 [ERROR] LogOutputStream:75 - [STDERR_REDIRECT] [Fatal Error] :1:1: Premature end of file.
2025-12-16 21:41:30,051 [ERROR] LogOutputStream:75 - [STDERR_REDIRECT] 
2025-12-16 21:41:31,055 [ERROR] LogOutputStream:75 - [STDERR_REDIRECT] [Fatal Error] :1:1: Premature end of file.
2025-12-16 21:41:31,055 [ERROR] LogOutputStream:75 - [STDERR_REDIRECT] 
2025-12-16 21:41:32,050 [ERROR] LogOutputStream:75 - [STDERR_REDIRECT] [Fatal Error] :1:1: Premature end of file.
2025-12-16 21:41:32,050 [ERROR] LogOutputStream:75 - [STDERR_REDIRECT] 
2025-12-16 21:41:33,052 [ERROR] LogOutputStream:75 - [STDERR_REDIRECT] [Fatal Error] :1:1: Premature end of file.
2025-12-16 21:41:33,052 [ERROR] LogOutputStream:75 - [STDERR_REDIRECT] 
2025-12-16 21:41:34,050 [ERROR] LogOutputStream:75 - [STDERR_REDIRECT] [Fatal Error] :1:1: Premature end of file.
2025-12-16 21:41:34,050 [ERROR] LogOutputStream:75 - [STDERR_REDIRECT] 
2025-12-16 21:41:35,049 [ERROR] LogOutputStream:75 - [STDERR_REDIRECT] [Fatal Error] :1:1: Premature end of file.
2025-12-16 21:41:35,049 [ERROR] LogOutputStream:75 - [STDERR_REDIRECT] 
2025-12-16 21:41:36,071 [ERROR] LogOutputStream:75 - [STDERR_REDIRECT] [Fatal Error] :1:1: Premature end of file.
2025-12-16 21:41:36,071 [ERROR] LogOutputStream:75 - [STDERR_REDIRECT] 
2025-12-16 21:41:37,051 [ERROR] LogOutputStream:75 - [STDERR_REDIRECT] [Fatal Error] :1:1: Premature end of file.
2025-12-16 21:41:37,051 [ERROR] LogOutputStream:75 - [STDERR_REDIRECT] 
2025-12-16 21:41:38,048 [ERROR] LogOutputStream:75 - [STDERR_REDIRECT] [Fatal Error] :1:1: Premature end of file.
2025-12-16 21:41:38,048 [ERROR] LogOutputStream:75 - [STDERR_REDIRECT] 
2025-12-16 21:41:39,052 [ERROR] LogOutputStream:75 - [STDERR_REDIRECT] [Fatal Error] :1:1: Premature end of file.
2025-12-16 21:41:39,052 [ERROR] LogOutputStream:75 - [STDERR_REDIRECT] 
2025-12-16 21:41:40,051 [ERROR] LogOutputStream:75 - [STDERR_REDIRECT] [Fatal Error] :1:1: Premature end of file.
2025-12-16 21:41:40,051 [ERROR] LogOutputStream:75 - [STDERR_REDIRECT] 
2025-12-16 21:41:41,049 [ERROR] LogOutputStream:75 - [STDERR_REDIRECT] [Fatal Error] :1:1: Premature end of file.
2025-12-16 21:41:41,049 [ERROR] LogOutputStream:75 - [STDERR_REDIRECT] 
2025-12-16 21:41:42,051 [ERROR] LogOutputStream:75 - [STDERR_REDIRECT] [Fatal Error] :1:1: Premature end of file.
2025-12-16 21:41:42,051 [ERROR] LogOutputStream:75 - [STDERR_REDIRECT] 
2025-12-16 21:41:43,051 [ERROR] LogOutputStream:75 - [STDERR_REDIRECT] [Fatal Error] :1:1: Premature end of file.
2025-12-16 21:41:43,051 [ERROR] LogOutputStream:75 - [STDERR_REDIRECT] 
2025-12-16 21:41:44,050 [ERROR] LogOutputStream:75 - [STDERR_REDIRECT] [Fatal Error] :1:1: Premature end of file.
2025-12-16 21:41:44,050 [ERROR] LogOutputStream:75 - [STDERR_REDIRECT] 
2025-12-16 21:41:45,050 [ERROR] LogOutputStream:75 - [STDERR_REDIRECT] [Fatal Error] :1:1: Premature end of file.
2025-12-16 21:41:45,051 [ERROR] LogOutputStream:75 - [STDERR_REDIRECT] 
2025-12-16 21:41:46,051 [ERROR] LogOutputStream:75 - [STDERR_REDIRECT] [Fatal Error] :1:1: Premature end of file.
2025-12-16 21:41:46,051 [ERROR] LogOutputStream:75 - [STDERR_REDIRECT] 
2025-12-16 21:41:47,048 [ERROR] LogOutputStream:75 - [STDERR_REDIRECT] [Fatal Error] :1:1: Premature end of file.
2025-12-16 21:41:47,048 [ERROR] LogOutputStream:75 - [STDERR_REDIRECT] 
2025-12-16 21:41:48,054 [ERROR] LogOutputStream:75 - [STDERR_REDIRECT] [Fatal Error] :1:1: Premature end of file.
2025-12-16 21:41:48,054 [ERROR] LogOutputStream:75 - [STDERR_REDIRECT] 
2025-12-16 21:41:49,050 [ERROR] LogOutputStream:75 - [STDERR_REDIRECT] [Fatal Error] :1:1: Premature end of file.
2025-12-16 21:41:49,050 [ERROR] LogOutputStream:75 - [STDERR_REDIRECT] 
2025-12-16 21:41:50,051 [ERROR] LogOutputStream:75 - [STDERR_REDIRECT] [Fatal Error] :1:1: Premature end of file.
2025-12-16 21:41:50,051 [ERROR] LogOutputStream:75 - [STDERR_REDIRECT] 
2025-12-16 21:41:51,048 [ERROR] LogOutputStream:75 - [STDERR_REDIRECT] [Fatal Error] :1:1: Premature end of file.
2025-12-16 21:41:51,048 [ERROR] LogOutputStream:75 - [STDERR_REDIRECT] 
2025-12-16 21:41:52,048 [ERROR] LogOutputStream:75 - [STDERR_REDIRECT] [Fatal Error] :1:1: Premature end of file.
2025-12-16 21:41:52,048 [ERROR] LogOutputStream:75 - [STDERR_REDIRECT] 
2025-12-16 21:41:53,049 [ERROR] LogOutputStream:75 - [STDERR_REDIRECT] [Fatal Error] :1:1: Premature end of file.
2025-12-16 21:41:53,050 [ERROR] LogOutputStream:75 - [STDERR_REDIRECT] 
2025-12-16 21:41:54,048 [ERROR] LogOutputStream:75 - [STDERR_REDIRECT] [Fatal Error] :1:1: Premature end of file.
2025-12-16 21:41:54,050 [ERROR] LogOutputStream:75 - [STDERR_REDIRECT] 
2025-12-16 21:41:55,047 [ERROR] LogOutputStream:75 - [STDERR_REDIRECT] [Fatal Error] :1:1: Premature end of file.
2025-12-16 21:41:55,047 [ERROR] LogOutputStream:75 - [STDERR_REDIRECT] 
2025-12-16 21:41:56,049 [ERROR] LogOutputStream:75 - [STDERR_REDIRECT] [Fatal Error] :1:1: Premature end of file.
2025-12-16 21:41:56,049 [ERROR] LogOutputStream:75 - [STDERR_REDIRECT] 
2025-12-16 21:41:57,051 [ERROR] LogOutputStream:75 - [STDERR_REDIRECT] [Fatal Error] :1:1: Premature end of file.
2025-12-16 21:41:57,051 [ERROR] LogOutputStream:75 - [STDERR_REDIRECT] 
2025-12-16 21:41:58,050 [ERROR] LogOutputStream:75 - [STDERR_REDIRECT] [Fatal Error] :1:1: Premature end of file.
2025-12-16 21:41:58,050 [ERROR] LogOutputStream:75 - [STDERR_REDIRECT] 
2025-12-16 21:41:59,048 [ERROR] LogOutputStream:75 - [STDERR_REDIRECT] [Fatal Error] :1:1: Premature end of file.
2025-12-16 21:41:59,048 [ERROR] LogOutputStream:75 - [STDERR_REDIRECT] 
2025-12-16 21:42:00,046 [ERROR] LogOutputStream:75 - [STDERR_REDIRECT] [Fatal Error] :1:1: Premature end of file.
2025-12-16 21:42:00,046 [ERROR] LogOutputStream:75 - [STDERR_REDIRECT] 
2025-12-16 21:42:01,049 [ERROR] LogOutputStream:75 - [STDERR_REDIRECT] [Fatal Error] :1:1: Premature end of file.
2025-12-16 21:42:01,049 [ERROR] LogOutputStream:75 - [STDERR_REDIRECT] 
2025-12-16 21:42:02,049 [ERROR] LogOutputStream:75 - [STDERR_REDIRECT] [Fatal Error] :1:1: Premature end of file.
2025-12-16 21:42:02,050 [ERROR] LogOutputStream:75 - [STDERR_REDIRECT] 
2025-12-16 21:42:03,047 [ERROR] LogOutputStream:75 - [STDERR_REDIRECT] [Fatal Error] :1:1: Premature end of file.
2025-12-16 21:42:03,047 [ERROR] LogOutputStream:75 - [STDERR_REDIRECT] 
2025-12-16 21:42:04,047 [ERROR] LogOutputStream:75 - [STDERR_REDIRECT] [Fatal Error] :1:1: Premature end of file.
2025-12-16 21:42:04,047 [ERROR] LogOutputStream:75 - [STDERR_REDIRECT] 
2025-12-16 21:42:05,051 [ERROR] LogOutputStream:75 - [STDERR_REDIRECT] [Fatal Error] :1:1: Premature end of file.
2025-12-16 21:42:05,051 [ERROR] LogOutputStream:75 - [STDERR_REDIRECT] 
2025-12-16 21:42:06,051 [ERROR] LogOutputStream:75 - [STDERR_REDIRECT] [Fatal Error] :1:1: Premature end of file.
2025-12-16 21:42:06,051 [ERROR] LogOutputStream:75 - [STDERR_REDIRECT] 
2025-12-16 21:42:07,053 [ERROR] LogOutputStream:75 - [STDERR_REDIRECT] [Fatal Error] :1:1: Premature end of file.
2025-12-16 21:42:07,053 [ERROR] LogOutputStream:75 - [STDERR_REDIRECT] 
2025-12-16 21:42:08,052 [ERROR] LogOutputStream:75 - [STDERR_REDIRECT] [Fatal Error] :1:1: Premature end of file.
2025-12-16 21:42:08,052 [ERROR] LogOutputStream:75 - [STDERR_REDIRECT] 
2025-12-16 21:42:09,050 [ERROR] LogOutputStream:75 - [STDERR_REDIRECT] [Fatal Error] :1:1: Premature end of file.
2025-12-16 21:42:09,050 [ERROR] LogOutputStream:75 - [STDERR_REDIRECT] 
2025-12-16 21:42:10,048 [ERROR] LogOutputStream:75 - [STDERR_REDIRECT] [Fatal Error] :1:1: Premature end of file.
2025-12-16 21:42:10,048 [ERROR] LogOutputStream:75 - [STDERR_REDIRECT] 
2025-12-16 21:42:11,050 [ERROR] LogOutputStream:75 - [STDERR_REDIRECT] [Fatal Error] :1:1: Premature end of file.
2025-12-16 21:42:11,050 [ERROR] LogOutputStream:75 - [STDERR_REDIRECT] 
2025-12-16 21:42:12,050 [ERROR] LogOutputStream:75 - [STDERR_REDIRECT] [Fatal Error] :1:1: Premature end of file.
2025-12-16 21:42:12,050 [ERROR] LogOutputStream:75 - [STDERR_REDIRECT] 
2025-12-16 21:42:13,051 [ERROR] LogOutputStream:75 - [STDERR_REDIRECT] [Fatal Error] :1:1: Premature end of file.
2025-12-16 21:42:13,051 [ERROR] LogOutputStream:75 - [STDERR_REDIRECT] 
2025-12-16 21:42:14,052 [ERROR] LogOutputStream:75 - [STDERR_REDIRECT] [Fatal Error] :1:1: Premature end of file.
2025-12-16 21:42:14,053 [ERROR] LogOutputStream:75 - [STDERR_REDIRECT] 
2025-12-16 21:42:15,048 [ERROR] LogOutputStream:75 - [STDERR_REDIRECT] [Fatal Error] :1:1: Premature end of file.
2025-12-16 21:42:15,050 [ERROR] LogOutputStream:75 - [STDERR_REDIRECT] 
2025-12-16 21:42:16,057 [ERROR] LogOutputStream:75 - [STDERR_REDIRECT] [Fatal Error] :1:1: Premature end of file.
2025-12-16 21:42:16,057 [ERROR] LogOutputStream:75 - [STDERR_REDIRECT] 
2025-12-16 21:42:17,049 [ERROR] LogOutputStream:75 - [STDERR_REDIRECT] [Fatal Error] :1:1: Premature end of file.
2025-12-16 21:42:17,049 [ERROR] LogOutputStream:75 - [STDERR_REDIRECT] 
2025-12-16 21:42:18,049 [ERROR] LogOutputStream:75 - [STDERR_REDIRECT] [Fatal Error] :1:1: Premature end of file.
2025-12-16 21:42:18,049 [ERROR] LogOutputStream:75 - [STDERR_REDIRECT] 
2025-12-16 21:42:19,052 [ERROR] LogOutputStream:75 - [STDERR_REDIRECT] [Fatal Error] :1:1: Premature end of file.
2025-12-16 21:42:19,052 [ERROR] LogOutputStream:75 - [STDERR_REDIRECT] 
2025-12-16 21:42:20,049 [ERROR] LogOutputStream:75 - [STDERR_REDIRECT] [Fatal Error] :1:1: Premature end of file.
2025-12-16 21:42:20,049 [ERROR] LogOutputStream:75 - [STDERR_REDIRECT] 
2025-12-16 21:42:21,050 [ERROR] LogOutputStream:75 - [STDERR_REDIRECT] [Fatal Error] :1:1: Premature end of file.
2025-12-16 21:42:21,050 [ERROR] LogOutputStream:75 - [STDERR_REDIRECT] 
2025-12-16 21:42:21,731 [INFO] WebApp:194 - Connection lost
2025-12-16 21:42:22,037 [INFO] WebApp:191 - Connection restablished
2025-12-16 21:42:22,064 [ERROR] LogOutputStream:75 - [STDERR_REDIRECT] [Fatal Error] :1:1: Premature end of file.
2025-12-16 21:42:22,064 [ERROR] LogOutputStream:75 - [STDERR_REDIRECT] 
2025-12-16 21:42:23,051 [ERROR] LogOutputStream:75 - [STDERR_REDIRECT] [Fatal Error] :1:1: Premature end of file.
2025-12-16 21:42:23,051 [ERROR] LogOutputStream:75 - [STDERR_REDIRECT] 
2025-12-16 21:42:24,051 [ERROR] LogOutputStream:75 - [STDERR_REDIRECT] [Fatal Error] :1:1: Premature end of file.
2025-12-16 21:42:24,051 [ERROR] LogOutputStream:75 - [STDERR_REDIRECT] 
2025-12-16 21:42:25,053 [ERROR] LogOutputStream:75 - [STDERR_REDIRECT] [Fatal Error] :1:1: Premature end of file.
2025-12-16 21:42:25,053 [ERROR] LogOutputStream:75 - [STDERR_REDIRECT] 
2025-12-16 21:42:26,054 [ERROR] LogOutputStream:75 - [STDERR_REDIRECT] [Fatal Error] :1:1: Premature end of file.
2025-12-16 21:42:26,054 [ERROR] LogOutputStream:75 - [STDERR_REDIRECT] 
2025-12-16 21:42:27,048 [ERROR] LogOutputStream:75 - [STDERR_REDIRECT] [Fatal Error] :1:1: Premature end of file.
2025-12-16 21:42:27,048 [ERROR] LogOutputStream:75 - [STDERR_REDIRECT] 
2025-12-16 21:42:28,048 [ERROR] LogOutputStream:75 - [STDERR_REDIRECT] [Fatal Error] :1:1: Premature end of file.
2025-12-16 21:42:28,049 [ERROR] LogOutputStream:75 - [STDERR_REDIRECT] 
2025-12-16 21:42:29,049 [ERROR] LogOutputStream:75 - [STDERR_REDIRECT] [Fatal Error] :1:1: Premature end of file.
2025-12-16 21:42:29,049 [ERROR] LogOutputStream:75 - [STDERR_REDIRECT] 
2025-12-16 21:42:30,055 [ERROR] LogOutputStream:75 - [STDERR_REDIRECT] [Fatal Error] :1:1: Premature end of file.
2025-12-16 21:42:30,055 [ERROR] LogOutputStream:75 - [STDERR_REDIRECT] 
2025-12-16 21:42:31,054 [ERROR] LogOutputStream:75 - [STDERR_REDIRECT] [Fatal Error] :1:1: Premature end of file.
2025-12-16 21:42:31,054 [ERROR] LogOutputStream:75 - [STDERR_REDIRECT] 
2025-12-16 21:42:32,049 [ERROR] LogOutputStream:75 - [STDERR_REDIRECT] [Fatal Error] :1:1: Premature end of file.
2025-12-16 21:42:32,049 [ERROR] LogOutputStream:75 - [STDERR_REDIRECT] 
2025-12-16 21:42:33,048 [ERROR] LogOutputStream:75 - [STDERR_REDIRECT] [Fatal Error] :1:1: Premature end of file.
2025-12-16 21:42:33,048 [ERROR] LogOutputStream:75 - [STDERR_REDIRECT] 
2025-12-16 21:42:34,049 [ERROR] LogOutputStream:75 - [STDERR_REDIRECT] [Fatal Error] :1:1: Premature end of file.
2025-12-16 21:42:34,049 [ERROR] LogOutputStream:75 - [STDERR_REDIRECT] 
2025-12-16 21:42:35,054 [ERROR] LogOutputStream:75 - [STDERR_REDIRECT] [Fatal Error] :1:1: Premature end of file.
2025-12-16 21:42:35,054 [ERROR] LogOutputStream:75 - [STDERR_REDIRECT] 
2025-12-16 21:42:36,052 [ERROR] LogOutputStream:75 - [STDERR_REDIRECT] [Fatal Error] :1:1: Premature end of file.
2025-12-16 21:42:36,052 [ERROR] LogOutputStream:75 - [STDERR_REDIRECT] 
2025-12-16 21:42:37,048 [ERROR] LogOutputStream:75 - [STDERR_REDIRECT] [Fatal Error] :1:1: Premature end of file.
2025-12-16 21:42:37,048 [ERROR] LogOutputStream:75 - [STDERR_REDIRECT] 
2025-12-16 21:42:38,054 [ERROR] LogOutputStream:75 - [STDERR_REDIRECT] [Fatal Error] :1:1: Premature end of file.
2025-12-16 21:42:38,054 [ERROR] LogOutputStream:75 - [STDERR_REDIRECT] 
2025-12-16 21:42:39,052 [ERROR] LogOutputStream:75 - [STDERR_REDIRECT] [Fatal Error] :1:1: Premature end of file.
2025-12-16 21:42:39,052 [ERROR] LogOutputStream:75 - [STDERR_REDIRECT] 
2025-12-16 21:42:40,055 [ERROR] LogOutputStream:75 - [STDERR_REDIRECT] [Fatal Error] :1:1: Premature end of file.
2025-12-16 21:42:40,055 [ERROR] LogOutputStream:75 - [STDERR_REDIRECT] 
2025-12-16 21:42:41,067 [ERROR] LogOutputStream:75 - [STDERR_REDIRECT] [Fatal Error] :1:1: Premature end of file.
2025-12-16 21:42:41,069 [ERROR] LogOutputStream:75 - [STDERR_REDIRECT] 
2025-12-16 21:42:42,048 [ERROR] LogOutputStream:75 - [STDERR_REDIRECT] [Fatal Error] :1:1: Premature end of file.
2025-12-16 21:42:42,048 [ERROR] LogOutputStream:75 - [STDERR_REDIRECT] 
2025-12-16 21:42:43,048 [ERROR] LogOutputStream:75 - [STDERR_REDIRECT] [Fatal Error] :1:1: Premature end of file.
2025-12-16 21:42:43,048 [ERROR] LogOutputStream:75 - [STDERR_REDIRECT] 
2025-12-16 21:42:44,049 [ERROR] LogOutputStream:75 - [STDERR_REDIRECT] [Fatal Error] :1:1: Premature end of file.
2025-12-16 21:42:44,050 [ERROR] LogOutputStream:75 - [STDERR_REDIRECT] 
2025-12-16 21:42:45,055 [ERROR] LogOutputStream:75 - [STDERR_REDIRECT] [Fatal Error] :1:1: Premature end of file.
2025-12-16 21:42:45,055 [ERROR] LogOutputStream:75 - [STDERR_REDIRECT] 
2025-12-16 21:42:46,049 [ERROR] LogOutputStream:75 - [STDERR_REDIRECT] [Fatal Error] :1:1: Premature end of file.
2025-12-16 21:42:46,049 [ERROR] LogOutputStream:75 - [STDERR_REDIRECT] 
2025-12-16 21:42:47,048 [ERROR] LogOutputStream:75 - [STDERR_REDIRECT] [Fatal Error] :1:1: Premature end of file.
2025-12-16 21:42:47,048 [ERROR] LogOutputStream:75 - [STDERR_REDIRECT] 
2025-12-16 21:42:48,047 [ERROR] LogOutputStream:75 - [STDERR_REDIRECT] [Fatal Error] :1:1: Premature end of file.
2025-12-16 21:42:48,047 [ERROR] LogOutputStream:75 - [STDERR_REDIRECT] 
2025-12-16 21:42:49,049 [ERROR] LogOutputStream:75 - [STDERR_REDIRECT] [Fatal Error] :1:1: Premature end of file.
2025-12-16 21:42:49,049 [ERROR] LogOutputStream:75 - [STDERR_REDIRECT] 
2025-12-16 21:42:50,050 [ERROR] LogOutputStream:75 - [STDERR_REDIRECT] [Fatal Error] :1:1: Premature end of file.
2025-12-16 21:42:50,050 [ERROR] LogOutputStream:75 - [STDERR_REDIRECT] 
2025-12-16 21:42:51,063 [ERROR] LogOutputStream:75 - [STDERR_REDIRECT] [Fatal Error] :1:1: Premature end of file.
2025-12-16 21:42:51,063 [ERROR] LogOutputStream:75 - [STDERR_REDIRECT] 
2025-12-16 21:42:52,050 [ERROR] LogOutputStream:75 - [STDERR_REDIRECT] [Fatal Error] :1:1: Premature end of file.
2025-12-16 21:42:52,050 [ERROR] LogOutputStream:75 - [STDERR_REDIRECT] 
2025-12-16 21:42:53,055 [ERROR] LogOutputStream:75 - [STDERR_REDIRECT] [Fatal Error] :1:1: Premature end of file.
2025-12-16 21:42:53,055 [ERROR] LogOutputStream:75 - [STDERR_REDIRECT] 
2025-12-16 21:42:54,059 [ERROR] LogOutputStream:75 - [STDERR_REDIRECT] [Fatal Error] :1:1: Premature end of file.
2025-12-16 21:42:54,059 [ERROR] LogOutputStream:75 - [STDERR_REDIRECT] 
2025-12-16 21:42:55,062 [ERROR] LogOutputStream:75 - [STDERR_REDIRECT] [Fatal Error] :1:1: Premature end of file.
2025-12-16 21:42:55,062 [ERROR] LogOutputStream:75 - [STDERR_REDIRECT] 
2025-12-16 21:42:56,051 [ERROR] LogOutputStream:75 - [STDERR_REDIRECT] [Fatal Error] :1:1: Premature end of file.
2025-12-16 21:42:56,051 [ERROR] LogOutputStream:75 - [STDERR_REDIRECT] 
2025-12-16 21:42:57,050 [ERROR] LogOutputStream:75 - [STDERR_REDIRECT] [Fatal Error] :1:1: Premature end of file.
2025-12-16 21:42:57,050 [ERROR] LogOutputStream:75 - [STDERR_REDIRECT] 
2025-12-16 21:42:58,057 [ERROR] LogOutputStream:75 - [STDERR_REDIRECT] [Fatal Error] :1:1: Premature end of file.
2025-12-16 21:42:58,057 [ERROR] LogOutputStream:75 - [STDERR_REDIRECT] 
2025-12-16 21:42:59,050 [ERROR] LogOutputStream:75 - [STDERR_REDIRECT] [Fatal Error] :1:1: Premature end of file.
2025-12-16 21:42:59,050 [ERROR] LogOutputStream:75 - [STDERR_REDIRECT] 
2025-12-16 21:43:00,058 [ERROR] LogOutputStream:75 - [STDERR_REDIRECT] [Fatal Error] :1:1: Premature end of file.
2025-12-16 21:43:00,058 [ERROR] LogOutputStream:75 - [STDERR_REDIRECT] 
2025-12-16 21:43:01,056 [ERROR] LogOutputStream:75 - [STDERR_REDIRECT] [Fatal Error] :1:1: Premature end of file.
2025-12-16 21:43:01,056 [ERROR] LogOutputStream:75 - [STDERR_REDIRECT] 
2025-12-16 21:43:02,050 [ERROR] LogOutputStream:75 - [STDERR_REDIRECT] [Fatal Error] :1:1: Premature end of file.
2025-12-16 21:43:02,050 [ERROR] LogOutputStream:75 - [STDERR_REDIRECT] 
2025-12-16 21:43:03,056 [ERROR] LogOutputStream:75 - [STDERR_REDIRECT] [Fatal Error] :1:1: Premature end of file.
2025-12-16 21:43:03,056 [ERROR] LogOutputStream:75 - [STDERR_REDIRECT] 
2025-12-16 21:43:04,049 [ERROR] LogOutputStream:75 - [STDERR_REDIRECT] [Fatal Error] :1:1: Premature end of file.
2025-12-16 21:43:04,049 [ERROR] LogOutputStream:75 - [STDERR_REDIRECT] 
2025-12-16 21:43:05,055 [ERROR] LogOutputStream:75 - [STDERR_REDIRECT] [Fatal Error] :1:1: Premature end of file.
2025-12-16 21:43:05,055 [ERROR] LogOutputStream:75 - [STDERR_REDIRECT] 
2025-12-16 21:43:06,050 [ERROR] LogOutputStream:75 - [STDERR_REDIRECT] [Fatal Error] :1:1: Premature end of file.
2025-12-16 21:43:06,050 [ERROR] LogOutputStream:75 - [STDERR_REDIRECT] 
2025-12-16 21:43:07,060 [ERROR] LogOutputStream:75 - [STDERR_REDIRECT] [Fatal Error] :1:1: Premature end of file.
2025-12-16 21:43:07,060 [ERROR] LogOutputStream:75 - [STDERR_REDIRECT] 
2025-12-16 21:43:08,063 [ERROR] LogOutputStream:75 - [STDERR_REDIRECT] [Fatal Error] :1:1: Premature end of file.
2025-12-16 21:43:08,063 [ERROR] LogOutputStream:75 - [STDERR_REDIRECT] 
2025-12-16 21:43:09,054 [ERROR] LogOutputStream:75 - [STDERR_REDIRECT] [Fatal Error] :1:1: Premature end of file.
2025-12-16 21:43:09,054 [ERROR] LogOutputStream:75 - [STDERR_REDIRECT] 
2025-12-16 21:43:10,055 [ERROR] LogOutputStream:75 - [STDERR_REDIRECT] [Fatal Error] :1:1: Premature end of file.
2025-12-16 21:43:10,055 [ERROR] LogOutputStream:75 - [STDERR_REDIRECT] 
2025-12-16 21:43:11,055 [ERROR] LogOutputStream:75 - [STDERR_REDIRECT] [Fatal Error] :1:1: Premature end of file.
2025-12-16 21:43:11,055 [ERROR] LogOutputStream:75 - [STDERR_REDIRECT] 
2025-12-16 21:43:12,051 [ERROR] LogOutputStream:75 - [STDERR_REDIRECT] [Fatal Error] :1:1: Premature end of file.
2025-12-16 21:43:12,053 [ERROR] LogOutputStream:75 - [STDERR_REDIRECT] 
2025-12-16 21:43:13,055 [ERROR] LogOutputStream:75 - [STDERR_REDIRECT] [Fatal Error] :1:1: Premature end of file.
2025-12-16 21:43:13,055 [ERROR] LogOutputStream:75 - [STDERR_REDIRECT] 
2025-12-16 21:43:14,054 [ERROR] LogOutputStream:75 - [STDERR_REDIRECT] [Fatal Error] :1:1: Premature end of file.
2025-12-16 21:43:14,054 [ERROR] LogOutputStream:75 - [STDERR_REDIRECT] 
2025-12-16 21:43:15,053 [ERROR] LogOutputStream:75 - [STDERR_REDIRECT] [Fatal Error] :1:1: Premature end of file.
2025-12-16 21:43:15,053 [ERROR] LogOutputStream:75 - [STDERR_REDIRECT] 
2025-12-16 21:43:16,055 [ERROR] LogOutputStream:75 - [STDERR_REDIRECT] [Fatal Error] :1:1: Premature end of file.
2025-12-16 21:43:16,055 [ERROR] LogOutputStream:75 - [STDERR_REDIRECT] 
2025-12-16 21:43:17,059 [ERROR] LogOutputStream:75 - [STDERR_REDIRECT] [Fatal Error] :1:1: Premature end of file.
2025-12-16 21:43:17,059 [ERROR] LogOutputStream:75 - [STDERR_REDIRECT] 
2025-12-16 21:43:18,058 [ERROR] LogOutputStream:75 - [STDERR_REDIRECT] [Fatal Error] :1:1: Premature end of file.
2025-12-16 21:43:18,058 [ERROR] LogOutputStream:75 - [STDERR_REDIRECT] 
2025-12-16 21:43:19,060 [ERROR] LogOutputStream:75 - [STDERR_REDIRECT] [Fatal Error] :1:1: Premature end of file.
2025-12-16 21:43:19,060 [ERROR] LogOutputStream:75 - [STDERR_REDIRECT] 
2025-12-16 21:43:20,060 [ERROR] LogOutputStream:75 - [STDERR_REDIRECT] [Fatal Error] :1:1: Premature end of file.
2025-12-16 21:43:20,061 [ERROR] LogOutputStream:75 - [STDERR_REDIRECT] 
2025-12-16 21:43:21,051 [ERROR] LogOutputStream:75 - [STDERR_REDIRECT] [Fatal Error] :1:1: Premature end of file.
2025-12-16 21:43:21,051 [ERROR] LogOutputStream:75 - [STDERR_REDIRECT] 
2025-12-16 21:43:22,054 [ERROR] LogOutputStream:75 - [STDERR_REDIRECT] [Fatal Error] :1:1: Premature end of file.
2025-12-16 21:43:22,054 [ERROR] LogOutputStream:75 - [STDERR_REDIRECT] 
2025-12-16 21:43:23,052 [ERROR] LogOutputStream:75 - [STDERR_REDIRECT] [Fatal Error] :1:1: Premature end of file.
2025-12-16 21:43:23,052 [ERROR] LogOutputStream:75 - [STDERR_REDIRECT] 
2025-12-16 21:43:24,053 [ERROR] LogOutputStream:75 - [STDERR_REDIRECT] [Fatal Error] :1:1: Premature end of file.
2025-12-16 21:43:24,053 [ERROR] LogOutputStream:75 - [STDERR_REDIRECT] 
2025-12-16 21:43:25,051 [ERROR] LogOutputStream:75 - [STDERR_REDIRECT] [Fatal Error] :1:1: Premature end of file.
2025-12-16 21:43:25,052 [ERROR] LogOutputStream:75 - [STDERR_REDIRECT] 
2025-12-16 21:43:26,052 [ERROR] LogOutputStream:75 - [STDERR_REDIRECT] [Fatal Error] :1:1: Premature end of file.
2025-12-16 21:43:26,052 [ERROR] LogOutputStream:75 - [STDERR_REDIRECT] 
2025-12-16 21:43:27,052 [ERROR] LogOutputStream:75 - [STDERR_REDIRECT] [Fatal Error] :1:1: Premature end of file.
2025-12-16 21:43:27,052 [ERROR] LogOutputStream:75 - [STDERR_REDIRECT] 
2025-12-16 21:43:28,052 [ERROR] LogOutputStream:75 - [STDERR_REDIRECT] [Fatal Error] :1:1: Premature end of file.
2025-12-16 21:43:28,052 [ERROR] LogOutputStream:75 - [STDERR_REDIRECT] 
2025-12-16 21:43:29,054 [ERROR] LogOutputStream:75 - [STDERR_REDIRECT] [Fatal Error] :1:1: Premature end of file.
2025-12-16 21:43:29,054 [ERROR] LogOutputStream:75 - [STDERR_REDIRECT] 
2025-12-16 21:43:30,051 [ERROR] LogOutputStream:75 - [STDERR_REDIRECT] [Fatal Error] :1:1: Premature end of file.
2025-12-16 21:43:30,051 [ERROR] LogOutputStream:75 - [STDERR_REDIRECT] 
2025-12-16 21:43:31,050 [ERROR] LogOutputStream:75 - [STDERR_REDIRECT] [Fatal Error] :1:1: Premature end of file.
2025-12-16 21:43:31,050 [ERROR] LogOutputStream:75 - [STDERR_REDIRECT] 
2025-12-16 21:43:32,052 [ERROR] LogOutputStream:75 - [STDERR_REDIRECT] [Fatal Error] :1:1: Premature end of file.
2025-12-16 21:43:32,052 [ERROR] LogOutputStream:75 - [STDERR_REDIRECT] 
2025-12-16 21:43:33,053 [ERROR] LogOutputStream:75 - [STDERR_REDIRECT] [Fatal Error] :1:1: Premature end of file.
2025-12-16 21:43:33,053 [ERROR] LogOutputStream:75 - [STDERR_REDIRECT] 
2025-12-16 21:43:34,049 [ERROR] LogOutputStream:75 - [STDERR_REDIRECT] [Fatal Error] :1:1: Premature end of file.
2025-12-16 21:43:34,049 [ERROR] LogOutputStream:75 - [STDERR_REDIRECT] 
2025-12-16 21:43:35,051 [ERROR] LogOutputStream:75 - [STDERR_REDIRECT] [Fatal Error] :1:1: Premature end of file.
2025-12-16 21:43:35,051 [ERROR] LogOutputStream:75 - [STDERR_REDIRECT] 
2025-12-16 21:43:36,052 [ERROR] LogOutputStream:75 - [STDERR_REDIRECT] [Fatal Error] :1:1: Premature end of file.
2025-12-16 21:43:36,052 [ERROR] LogOutputStream:75 - [STDERR_REDIRECT] 
2025-12-16 21:43:37,052 [ERROR] LogOutputStream:75 - [STDERR_REDIRECT] [Fatal Error] :1:1: Premature end of file.
2025-12-16 21:43:37,052 [ERROR] LogOutputStream:75 - [STDERR_REDIRECT] 
2025-12-16 21:43:38,051 [ERROR] LogOutputStream:75 - [STDERR_REDIRECT] [Fatal Error] :1:1: Premature end of file.
2025-12-16 21:43:38,051 [ERROR] LogOutputStream:75 - [STDERR_REDIRECT] 
2025-12-16 21:43:39,050 [ERROR] LogOutputStream:75 - [STDERR_REDIRECT] [Fatal Error] :1:1: Premature end of file.
2025-12-16 21:43:39,051 [ERROR] LogOutputStream:75 - [STDERR_REDIRECT] 
2025-12-16 21:43:40,050 [ERROR] LogOutputStream:75 - [STDERR_REDIRECT] [Fatal Error] :1:1: Premature end of file.
2025-12-16 21:43:40,050 [ERROR] LogOutputStream:75 - [STDERR_REDIRECT] 
2025-12-16 21:43:41,052 [ERROR] LogOutputStream:75 - [STDERR_REDIRECT] [Fatal Error] :1:1: Premature end of file.
2025-12-16 21:43:41,052 [ERROR] LogOutputStream:75 - [STDERR_REDIRECT] 
2025-12-16 21:43:42,052 [ERROR] LogOutputStream:75 - [STDERR_REDIRECT] [Fatal Error] :1:1: Premature end of file.
2025-12-16 21:43:42,052 [ERROR] LogOutputStream:75 - [STDERR_REDIRECT] 
2025-12-16 21:43:43,053 [ERROR] LogOutputStream:75 - [STDERR_REDIRECT] [Fatal Error] :1:1: Premature end of file.
2025-12-16 21:43:43,053 [ERROR] LogOutputStream:75 - [STDERR_REDIRECT] 
2025-12-16 21:43:44,052 [ERROR] LogOutputStream:75 - [STDERR_REDIRECT] [Fatal Error] :1:1: Premature end of file.
2025-12-16 21:43:44,052 [ERROR] LogOutputStream:75 - [STDERR_REDIRECT] 
2025-12-16 21:43:45,055 [ERROR] LogOutputStream:75 - [STDERR_REDIRECT] [Fatal Error] :1:1: Premature end of file.
2025-12-16 21:43:45,055 [ERROR] LogOutputStream:75 - [STDERR_REDIRECT] 
2025-12-16 21:43:46,052 [ERROR] LogOutputStream:75 - [STDERR_REDIRECT] [Fatal Error] :1:1: Premature end of file.
2025-12-16 21:43:46,052 [ERROR] LogOutputStream:75 - [STDERR_REDIRECT] 
2025-12-16 21:43:47,052 [ERROR] LogOutputStream:75 - [STDERR_REDIRECT] [Fatal Error] :1:1: Premature end of file.
2025-12-16 21:43:47,053 [ERROR] LogOutputStream:75 - [STDERR_REDIRECT] 
2025-12-16 21:43:48,052 [ERROR] LogOutputStream:75 - [STDERR_REDIRECT] [Fatal Error] :1:1: Premature end of file.
2025-12-16 21:43:48,052 [ERROR] LogOutputStream:75 - [STDERR_REDIRECT] 
2025-12-16 21:43:49,052 [ERROR] LogOutputStream:75 - [STDERR_REDIRECT] [Fatal Error] :1:1: Premature end of file.
2025-12-16 21:43:49,052 [ERROR] LogOutputStream:75 - [STDERR_REDIRECT] 
2025-12-16 21:43:50,055 [ERROR] LogOutputStream:75 - [STDERR_REDIRECT] [Fatal Error] :1:1: Premature end of file.
2025-12-16 21:43:50,056 [ERROR] LogOutputStream:75 - [STDERR_REDIRECT] 
2025-12-16 21:43:51,051 [ERROR] LogOutputStream:75 - [STDERR_REDIRECT] [Fatal Error] :1:1: Premature end of file.
2025-12-16 21:43:51,051 [ERROR] LogOutputStream:75 - [STDERR_REDIRECT] 
2025-12-16 21:43:52,054 [ERROR] LogOutputStream:75 - [STDERR_REDIRECT] [Fatal Error] :1:1: Premature end of file.
2025-12-16 21:43:52,054 [ERROR] LogOutputStream:75 - [STDERR_REDIRECT] 
2025-12-16 21:43:53,050 [ERROR] LogOutputStream:75 - [STDERR_REDIRECT] [Fatal Error] :1:1: Premature end of file.
2025-12-16 21:43:53,051 [ERROR] LogOutputStream:75 - [STDERR_REDIRECT] 
2025-12-16 21:43:54,052 [ERROR] LogOutputStream:75 - [STDERR_REDIRECT] [Fatal Error] :1:1: Premature end of file.
2025-12-16 21:43:54,052 [ERROR] LogOutputStream:75 - [STDERR_REDIRECT] 
2025-12-16 21:43:55,051 [ERROR] LogOutputStream:75 - [STDERR_REDIRECT] [Fatal Error] :1:1: Premature end of file.
2025-12-16 21:43:55,051 [ERROR] LogOutputStream:75 - [STDERR_REDIRECT] 
2025-12-16 21:43:56,050 [ERROR] LogOutputStream:75 - [STDERR_REDIRECT] [Fatal Error] :1:1: Premature end of file.
2025-12-16 21:43:56,050 [ERROR] LogOutputStream:75 - [STDERR_REDIRECT] 
2025-12-16 21:43:57,053 [ERROR] LogOutputStream:75 - [STDERR_REDIRECT] [Fatal Error] :1:1: Premature end of file.
2025-12-16 21:43:57,053 [ERROR] LogOutputStream:75 - [STDERR_REDIRECT] 
2025-12-16 21:43:58,051 [ERROR] LogOutputStream:75 - [STDERR_REDIRECT] [Fatal Error] :1:1: Premature end of file.
2025-12-16 21:43:58,051 [ERROR] LogOutputStream:75 - [STDERR_REDIRECT] 
2025-12-16 21:43:59,054 [ERROR] LogOutputStream:75 - [STDERR_REDIRECT] [Fatal Error] :1:1: Premature end of file.
2025-12-16 21:43:59,054 [ERROR] LogOutputStream:75 - [STDERR_REDIRECT] 
2025-12-16 21:44:00,052 [ERROR] LogOutputStream:75 - [STDERR_REDIRECT] [Fatal Error] :1:1: Premature end of file.
2025-12-16 21:44:00,052 [ERROR] LogOutputStream:75 - [STDERR_REDIRECT] 
2025-12-16 21:44:01,052 [ERROR] LogOutputStream:75 - [STDERR_REDIRECT] [Fatal Error] :1:1: Premature end of file.
2025-12-16 21:44:01,052 [ERROR] LogOutputStream:75 - [STDERR_REDIRECT] 
2025-12-16 21:44:02,052 [ERROR] LogOutputStream:75 - [STDERR_REDIRECT] [Fatal Error] :1:1: Premature end of file.
2025-12-16 21:44:02,052 [ERROR] LogOutputStream:75 - [STDERR_REDIRECT] 
2025-12-16 21:44:03,053 [ERROR] LogOutputStream:75 - [STDERR_REDIRECT] [Fatal Error] :1:1: Premature end of file.
2025-12-16 21:44:03,053 [ERROR] LogOutputStream:75 - [STDERR_REDIRECT] 
2025-12-16 21:44:04,061 [ERROR] LogOutputStream:75 - [STDERR_REDIRECT] [Fatal Error] :1:1: Premature end of file.
2025-12-16 21:44:04,061 [ERROR] LogOutputStream:75 - [STDERR_REDIRECT] 
2025-12-16 21:44:05,055 [ERROR] LogOutputStream:75 - [STDERR_REDIRECT] [Fatal Error] :1:1: Premature end of file.
2025-12-16 21:44:05,055 [ERROR] LogOutputStream:75 - [STDERR_REDIRECT] 
2025-12-16 21:44:06,053 [ERROR] LogOutputStream:75 - [STDERR_REDIRECT] [Fatal Error] :1:1: Premature end of file.
2025-12-16 21:44:06,053 [ERROR] LogOutputStream:75 - [STDERR_REDIRECT] 
2025-12-16 21:44:07,053 [ERROR] LogOutputStream:75 - [STDERR_REDIRECT] [Fatal Error] :1:1: Premature end of file.
2025-12-16 21:44:07,053 [ERROR] LogOutputStream:75 - [STDERR_REDIRECT] 
2025-12-16 21:44:08,050 [ERROR] LogOutputStream:75 - [STDERR_REDIRECT] [Fatal Error] :1:1: Premature end of file.
2025-12-16 21:44:08,052 [ERROR] LogOutputStream:75 - [STDERR_REDIRECT] 
2025-12-16 21:44:09,050 [ERROR] LogOutputStream:75 - [STDERR_REDIRECT] [Fatal Error] :1:1: Premature end of file.
2025-12-16 21:44:09,050 [ERROR] LogOutputStream:75 - [STDERR_REDIRECT] 
2025-12-16 21:44:10,053 [ERROR] LogOutputStream:75 - [STDERR_REDIRECT] [Fatal Error] :1:1: Premature end of file.
2025-12-16 21:44:10,054 [ERROR] LogOutputStream:75 - [STDERR_REDIRECT] 
2025-12-16 21:44:11,053 [ERROR] LogOutputStream:75 - [STDERR_REDIRECT] [Fatal Error] :1:1: Premature end of file.
2025-12-16 21:44:11,053 [ERROR] LogOutputStream:75 - [STDERR_REDIRECT] 
2025-12-16 21:44:12,052 [ERROR] LogOutputStream:75 - [STDERR_REDIRECT] [Fatal Error] :1:1: Premature end of file.
2025-12-16 21:44:12,052 [ERROR] LogOutputStream:75 - [STDERR_REDIRECT] 
2025-12-16 21:44:13,051 [ERROR] LogOutputStream:75 - [STDERR_REDIRECT] [Fatal Error] :1:1: Premature end of file.
2025-12-16 21:44:13,051 [ERROR] LogOutputStream:75 - [STDERR_REDIRECT] 
2025-12-16 21:44:14,052 [ERROR] LogOutputStream:75 - [STDERR_REDIRECT] [Fatal Error] :1:1: Premature end of file.
2025-12-16 21:44:14,052 [ERROR] LogOutputStream:75 - [STDERR_REDIRECT] 
2025-12-16 21:44:15,054 [ERROR] LogOutputStream:75 - [STDERR_REDIRECT] [Fatal Error] :1:1: Premature end of file.
2025-12-16 21:44:15,054 [ERROR] LogOutputStream:75 - [STDERR_REDIRECT] 
2025-12-16 21:44:16,051 [ERROR] LogOutputStream:75 - [STDERR_REDIRECT] [Fatal Error] :1:1: Premature end of file.
2025-12-16 21:44:16,051 [ERROR] LogOutputStream:75 - [STDERR_REDIRECT] 
2025-12-16 21:44:17,051 [ERROR] LogOutputStream:75 - [STDERR_REDIRECT] [Fatal Error] :1:1: Premature end of file.
2025-12-16 21:44:17,052 [ERROR] LogOutputStream:75 - [STDERR_REDIRECT] 
2025-12-16 21:44:18,051 [ERROR] LogOutputStream:75 - [STDERR_REDIRECT] [Fatal Error] :1:1: Premature end of file.
2025-12-16 21:44:18,051 [ERROR] LogOutputStream:75 - [STDERR_REDIRECT] 
2025-12-16 21:44:19,053 [ERROR] LogOutputStream:75 - [STDERR_REDIRECT] [Fatal Error] :1:1: Premature end of file.
2025-12-16 21:44:19,053 [ERROR] LogOutputStream:75 - [STDERR_REDIRECT] 
2025-12-16 21:44:20,052 [ERROR] LogOutputStream:75 - [STDERR_REDIRECT] [Fatal Error] :1:1: Premature end of file.
2025-12-16 21:44:20,052 [ERROR] LogOutputStream:75 - [STDERR_REDIRECT] 
2025-12-16 21:44:21,051 [ERROR] LogOutputStream:75 - [STDERR_REDIRECT] [Fatal Error] :1:1: Premature end of file.
2025-12-16 21:44:21,051 [ERROR] LogOutputStream:75 - [STDERR_REDIRECT] 
2025-12-16 21:44:22,052 [ERROR] LogOutputStream:75 - [STDERR_REDIRECT] [Fatal Error] :1:1: Premature end of file.
2025-12-16 21:44:22,052 [ERROR] LogOutputStream:75 - [STDERR_REDIRECT] 
2025-12-16 21:44:23,052 [ERROR] LogOutputStream:75 - [STDERR_REDIRECT] [Fatal Error] :1:1: Premature end of file.
2025-12-16 21:44:23,052 [ERROR] LogOutputStream:75 - [STDERR_REDIRECT] 
2025-12-16 21:44:24,053 [ERROR] LogOutputStream:75 - [STDERR_REDIRECT] [Fatal Error] :1:1: Premature end of file.
2025-12-16 21:44:24,053 [ERROR] LogOutputStream:75 - [STDERR_REDIRECT] 
2025-12-16 21:44:25,052 [ERROR] LogOutputStream:75 - [STDERR_REDIRECT] [Fatal Error] :1:1: Premature end of file.
2025-12-16 21:44:25,052 [ERROR] LogOutputStream:75 - [STDERR_REDIRECT] 
2025-12-16 21:44:26,051 [ERROR] LogOutputStream:75 - [STDERR_REDIRECT] [Fatal Error] :1:1: Premature end of file.
2025-12-16 21:44:26,051 [ERROR] LogOutputStream:75 - [STDERR_REDIRECT] 
2025-12-16 21:44:27,051 [ERROR] LogOutputStream:75 - [STDERR_REDIRECT] [Fatal Error] :1:1: Premature end of file.
2025-12-16 21:44:27,051 [ERROR] LogOutputStream:75 - [STDERR_REDIRECT] 
2025-12-16 21:44:28,051 [ERROR] LogOutputStream:75 - [STDERR_REDIRECT] [Fatal Error] :1:1: Premature end of file.
2025-12-16 21:44:28,051 [ERROR] LogOutputStream:75 - [STDERR_REDIRECT] 
2025-12-16 21:44:29,051 [ERROR] LogOutputStream:75 - [STDERR_REDIRECT] [Fatal Error] :1:1: Premature end of file.
2025-12-16 21:44:29,051 [ERROR] LogOutputStream:75 - [STDERR_REDIRECT] 
2025-12-16 21:44:30,051 [ERROR] LogOutputStream:75 - [STDERR_REDIRECT] [Fatal Error] :1:1: Premature end of file.
2025-12-16 21:44:30,051 [ERROR] LogOutputStream:75 - [STDERR_REDIRECT] 
2025-12-16 21:44:31,052 [ERROR] LogOutputStream:75 - [STDERR_REDIRECT] [Fatal Error] :1:1: Premature end of file.
2025-12-16 21:44:31,052 [ERROR] LogOutputStream:75 - [STDERR_REDIRECT] 
2025-12-16 21:44:32,052 [ERROR] LogOutputStream:75 - [STDERR_REDIRECT] [Fatal Error] :1:1: Premature end of file.
2025-12-16 21:44:32,052 [ERROR] LogOutputStream:75 - [STDERR_REDIRECT] 
2025-12-16 21:44:33,053 [ERROR] LogOutputStream:75 - [STDERR_REDIRECT] [Fatal Error] :1:1: Premature end of file.
2025-12-16 21:44:33,053 [ERROR] LogOutputStream:75 - [STDERR_REDIRECT] 
2025-12-16 21:44:34,052 [ERROR] LogOutputStream:75 - [STDERR_REDIRECT] [Fatal Error] :1:1: Premature end of file.
2025-12-16 21:44:34,052 [ERROR] LogOutputStream:75 - [STDERR_REDIRECT] 
2025-12-16 21:44:35,055 [ERROR] LogOutputStream:75 - [STDERR_REDIRECT] [Fatal Error] :1:1: Premature end of file.
2025-12-16 21:44:35,055 [ERROR] LogOutputStream:75 - [STDERR_REDIRECT] 
2025-12-16 21:44:36,053 [ERROR] LogOutputStream:75 - [STDERR_REDIRECT] [Fatal Error] :1:1: Premature end of file.
2025-12-16 21:44:36,053 [ERROR] LogOutputStream:75 - [STDERR_REDIRECT] 
2025-12-16 21:44:37,051 [ERROR] LogOutputStream:75 - [STDERR_REDIRECT] [Fatal Error] :1:1: Premature end of file.
2025-12-16 21:44:37,051 [ERROR] LogOutputStream:75 - [STDERR_REDIRECT] 
2025-12-16 21:44:38,053 [ERROR] LogOutputStream:75 - [STDERR_REDIRECT] [Fatal Error] :1:1: Premature end of file.
2025-12-16 21:44:38,053 [ERROR] LogOutputStream:75 - [STDERR_REDIRECT] 
2025-12-16 21:44:39,052 [ERROR] LogOutputStream:75 - [STDERR_REDIRECT] [Fatal Error] :1:1: Premature end of file.
2025-12-16 21:44:39,052 [ERROR] LogOutputStream:75 - [STDERR_REDIRECT] 
2025-12-16 21:44:40,054 [ERROR] LogOutputStream:75 - [STDERR_REDIRECT] [Fatal Error] :1:1: Premature end of file.
2025-12-16 21:44:40,054 [ERROR] LogOutputStream:75 - [STDERR_REDIRECT] 
2025-12-16 21:44:41,052 [ERROR] LogOutputStream:75 - [STDERR_REDIRECT] [Fatal Error] :1:1: Premature end of file.
2025-12-16 21:44:41,052 [ERROR] LogOutputStream:75 - [STDERR_REDIRECT] 
2025-12-16 21:44:42,053 [ERROR] LogOutputStream:75 - [STDERR_REDIRECT] [Fatal Error] :1:1: Premature end of file.
2025-12-16 21:44:42,053 [ERROR] LogOutputStream:75 - [STDERR_REDIRECT] 
2025-12-16 21:44:43,054 [ERROR] LogOutputStream:75 - [STDERR_REDIRECT] [Fatal Error] :1:1: Premature end of file.
2025-12-16 21:44:43,054 [ERROR] LogOutputStream:75 - [STDERR_REDIRECT] 
2025-12-16 21:44:44,050 [ERROR] LogOutputStream:75 - [STDERR_REDIRECT] [Fatal Error] :1:1: Premature end of file.
2025-12-16 21:44:44,052 [ERROR] LogOutputStream:75 - [STDERR_REDIRECT] 
2025-12-16 21:44:45,056 [ERROR] LogOutputStream:75 - [STDERR_REDIRECT] [Fatal Error] :1:1: Premature end of file.
2025-12-16 21:44:45,057 [ERROR] LogOutputStream:75 - [STDERR_REDIRECT] 
2025-12-16 21:44:46,052 [ERROR] LogOutputStream:75 - [STDERR_REDIRECT] [Fatal Error] :1:1: Premature end of file.
2025-12-16 21:44:46,053 [ERROR] LogOutputStream:75 - [STDERR_REDIRECT] 
2025-12-16 21:44:47,053 [ERROR] LogOutputStream:75 - [STDERR_REDIRECT] [Fatal Error] :1:1: Premature end of file.
2025-12-16 21:44:47,053 [ERROR] LogOutputStream:75 - [STDERR_REDIRECT] 
2025-12-16 21:44:48,052 [ERROR] LogOutputStream:75 - [STDERR_REDIRECT] [Fatal Error] :1:1: Premature end of file.
2025-12-16 21:44:48,053 [ERROR] LogOutputStream:75 - [STDERR_REDIRECT] 
2025-12-16 21:44:49,052 [ERROR] LogOutputStream:75 - [STDERR_REDIRECT] [Fatal Error] :1:1: Premature end of file.
2025-12-16 21:44:49,052 [ERROR] LogOutputStream:75 - [STDERR_REDIRECT] 
2025-12-16 21:44:50,052 [ERROR] LogOutputStream:75 - [STDERR_REDIRECT] [Fatal Error] :1:1: Premature end of file.
2025-12-16 21:44:50,052 [ERROR] LogOutputStream:75 - [STDERR_REDIRECT] 
2025-12-16 21:44:51,048 [ERROR] LogOutputStream:75 - [STDERR_REDIRECT] [Fatal Error] :1:1: Premature end of file.
2025-12-16 21:44:51,049 [ERROR] LogOutputStream:75 - [STDERR_REDIRECT] 
2025-12-16 21:44:52,056 [ERROR] LogOutputStream:75 - [STDERR_REDIRECT] [Fatal Error] :1:1: Premature end of file.
2025-12-16 21:44:52,056 [ERROR] LogOutputStream:75 - [STDERR_REDIRECT] 
2025-12-16 21:44:53,052 [ERROR] LogOutputStream:75 - [STDERR_REDIRECT] [Fatal Error] :1:1: Premature end of file.
2025-12-16 21:44:53,052 [ERROR] LogOutputStream:75 - [STDERR_REDIRECT] 
2025-12-16 21:44:54,051 [ERROR] LogOutputStream:75 - [STDERR_REDIRECT] [Fatal Error] :1:1: Premature end of file.
2025-12-16 21:44:54,051 [ERROR] LogOutputStream:75 - [STDERR_REDIRECT] 
2025-12-16 21:44:55,052 [ERROR] LogOutputStream:75 - [STDERR_REDIRECT] [Fatal Error] :1:1: Premature end of file.
2025-12-16 21:44:55,052 [ERROR] LogOutputStream:75 - [STDERR_REDIRECT] 
2025-12-16 21:44:56,051 [ERROR] LogOutputStream:75 - [STDERR_REDIRECT] [Fatal Error] :1:1: Premature end of file.
2025-12-16 21:44:56,052 [ERROR] LogOutputStream:75 - [STDERR_REDIRECT] 
2025-12-16 21:44:57,051 [ERROR] LogOutputStream:75 - [STDERR_REDIRECT] [Fatal Error] :1:1: Premature end of file.
2025-12-16 21:44:57,051 [ERROR] LogOutputStream:75 - [STDERR_REDIRECT] 
2025-12-16 21:44:58,051 [ERROR] LogOutputStream:75 - [STDERR_REDIRECT] [Fatal Error] :1:1: Premature end of file.
2025-12-16 21:44:58,051 [ERROR] LogOutputStream:75 - [STDERR_REDIRECT] 
2025-12-16 21:44:59,050 [ERROR] LogOutputStream:75 - [STDERR_REDIRECT] [Fatal Error] :1:1: Premature end of file.
2025-12-16 21:44:59,051 [ERROR] LogOutputStream:75 - [STDERR_REDIRECT] 
2025-12-16 21:45:00,050 [ERROR] LogOutputStream:75 - [STDERR_REDIRECT] [Fatal Error] :1:1: Premature end of file.
2025-12-16 21:45:00,050 [ERROR] LogOutputStream:75 - [STDERR_REDIRECT] 
2025-12-16 21:45:01,052 [ERROR] LogOutputStream:75 - [STDERR_REDIRECT] [Fatal Error] :1:1: Premature end of file.
2025-12-16 21:45:01,052 [ERROR] LogOutputStream:75 - [STDERR_REDIRECT] 
2025-12-16 21:45:02,050 [ERROR] LogOutputStream:75 - [STDERR_REDIRECT] [Fatal Error] :1:1: Premature end of file.
2025-12-16 21:45:02,050 [ERROR] LogOutputStream:75 - [STDERR_REDIRECT] 
2025-12-16 21:45:03,056 [ERROR] LogOutputStream:75 - [STDERR_REDIRECT] [Fatal Error] :1:1: Premature end of file.
2025-12-16 21:45:03,056 [ERROR] LogOutputStream:75 - [STDERR_REDIRECT] 
2025-12-16 21:45:04,051 [ERROR] LogOutputStream:75 - [STDERR_REDIRECT] [Fatal Error] :1:1: Premature end of file.
2025-12-16 21:45:04,051 [ERROR] LogOutputStream:75 - [STDERR_REDIRECT] 
2025-12-16 21:45:05,051 [ERROR] LogOutputStream:75 - [STDERR_REDIRECT] [Fatal Error] :1:1: Premature end of file.
2025-12-16 21:45:05,052 [ERROR] LogOutputStream:75 - [STDERR_REDIRECT] 
2025-12-16 21:45:06,052 [ERROR] LogOutputStream:75 - [STDERR_REDIRECT] [Fatal Error] :1:1: Premature end of file.
2025-12-16 21:45:06,052 [ERROR] LogOutputStream:75 - [STDERR_REDIRECT] 
2025-12-16 21:45:07,055 [ERROR] LogOutputStream:75 - [STDERR_REDIRECT] [Fatal Error] :1:1: Premature end of file.
2025-12-16 21:45:07,055 [ERROR] LogOutputStream:75 - [STDERR_REDIRECT] 
2025-12-16 21:45:08,052 [ERROR] LogOutputStream:75 - [STDERR_REDIRECT] [Fatal Error] :1:1: Premature end of file.
2025-12-16 21:45:08,052 [ERROR] LogOutputStream:75 - [STDERR_REDIRECT] 
2025-12-16 21:45:09,054 [ERROR] LogOutputStream:75 - [STDERR_REDIRECT] [Fatal Error] :1:1: Premature end of file.
2025-12-16 21:45:09,054 [ERROR] LogOutputStream:75 - [STDERR_REDIRECT] 
2025-12-16 21:45:10,052 [ERROR] LogOutputStream:75 - [STDERR_REDIRECT] [Fatal Error] :1:1: Premature end of file.
2025-12-16 21:45:10,052 [ERROR] LogOutputStream:75 - [STDERR_REDIRECT] 
2025-12-16 21:45:11,051 [ERROR] LogOutputStream:75 - [STDERR_REDIRECT] [Fatal Error] :1:1: Premature end of file.
2025-12-16 21:45:11,051 [ERROR] LogOutputStream:75 - [STDERR_REDIRECT] 
2025-12-16 21:45:12,051 [ERROR] LogOutputStream:75 - [STDERR_REDIRECT] [Fatal Error] :1:1: Premature end of file.
2025-12-16 21:45:12,051 [ERROR] LogOutputStream:75 - [STDERR_REDIRECT] 
2025-12-16 21:45:13,052 [ERROR] LogOutputStream:75 - [STDERR_REDIRECT] [Fatal Error] :1:1: Premature end of file.
2025-12-16 21:45:13,052 [ERROR] LogOutputStream:75 - [STDERR_REDIRECT] 
2025-12-16 21:45:14,054 [ERROR] LogOutputStream:75 - [STDERR_REDIRECT] [Fatal Error] :1:1: Premature end of file.
2025-12-16 21:45:14,054 [ERROR] LogOutputStream:75 - [STDERR_REDIRECT] 
2025-12-16 21:45:15,052 [ERROR] LogOutputStream:75 - [STDERR_REDIRECT] [Fatal Error] :1:1: Premature end of file.
2025-12-16 21:45:15,052 [ERROR] LogOutputStream:75 - [STDERR_REDIRECT] 
2025-12-16 21:45:16,053 [ERROR] LogOutputStream:75 - [STDERR_REDIRECT] [Fatal Error] :1:1: Premature end of file.
2025-12-16 21:45:16,053 [ERROR] LogOutputStream:75 - [STDERR_REDIRECT] 
2025-12-16 21:45:17,050 [ERROR] LogOutputStream:75 - [STDERR_REDIRECT] [Fatal Error] :1:1: Premature end of file.
2025-12-16 21:45:17,050 [ERROR] LogOutputStream:75 - [STDERR_REDIRECT] 
2025-12-16 21:45:18,052 [ERROR] LogOutputStream:75 - [STDERR_REDIRECT] [Fatal Error] :1:1: Premature end of file.
2025-12-16 21:45:18,052 [ERROR] LogOutputStream:75 - [STDERR_REDIRECT] 
2025-12-16 21:45:19,051 [ERROR] LogOutputStream:75 - [STDERR_REDIRECT] [Fatal Error] :1:1: Premature end of file.
2025-12-16 21:45:19,051 [ERROR] LogOutputStream:75 - [STDERR_REDIRECT] 
2025-12-16 21:45:20,052 [ERROR] LogOutputStream:75 - [STDERR_REDIRECT] [Fatal Error] :1:1: Premature end of file.
2025-12-16 21:45:20,052 [ERROR] LogOutputStream:75 - [STDERR_REDIRECT] 
2025-12-16 21:45:21,052 [ERROR] LogOutputStream:75 - [STDERR_REDIRECT] [Fatal Error] :1:1: Premature end of file.
2025-12-16 21:45:21,052 [ERROR] LogOutputStream:75 - [STDERR_REDIRECT] 
2025-12-16 21:45:22,056 [ERROR] LogOutputStream:75 - [STDERR_REDIRECT] [Fatal Error] :1:1: Premature end of file.
2025-12-16 21:45:22,056 [ERROR] LogOutputStream:75 - [STDERR_REDIRECT] 
2025-12-16 21:45:23,051 [ERROR] LogOutputStream:75 - [STDERR_REDIRECT] [Fatal Error] :1:1: Premature end of file.
2025-12-16 21:45:23,052 [ERROR] LogOutputStream:75 - [STDERR_REDIRECT] 
2025-12-16 21:45:24,050 [ERROR] LogOutputStream:75 - [STDERR_REDIRECT] [Fatal Error] :1:1: Premature end of file.
2025-12-16 21:45:24,051 [ERROR] LogOutputStream:75 - [STDERR_REDIRECT] 
2025-12-16 21:45:25,051 [ERROR] LogOutputStream:75 - [STDERR_REDIRECT] [Fatal Error] :1:1: Premature end of file.
2025-12-16 21:45:25,051 [ERROR] LogOutputStream:75 - [STDERR_REDIRECT] 
2025-12-16 21:45:26,051 [ERROR] LogOutputStream:75 - [STDERR_REDIRECT] [Fatal Error] :1:1: Premature end of file.
2025-12-16 21:45:26,051 [ERROR] LogOutputStream:75 - [STDERR_REDIRECT] 
2025-12-16 21:45:27,052 [ERROR] LogOutputStream:75 - [STDERR_REDIRECT] [Fatal Error] :1:1: Premature end of file.
2025-12-16 21:45:27,052 [ERROR] LogOutputStream:75 - [STDERR_REDIRECT] 
2025-12-16 21:45:28,052 [ERROR] LogOutputStream:75 - [STDERR_REDIRECT] [Fatal Error] :1:1: Premature end of file.
2025-12-16 21:45:28,052 [ERROR] LogOutputStream:75 - [STDERR_REDIRECT] 
2025-12-16 21:45:29,051 [ERROR] LogOutputStream:75 - [STDERR_REDIRECT] [Fatal Error] :1:1: Premature end of file.
2025-12-16 21:45:29,051 [ERROR] LogOutputStream:75 - [STDERR_REDIRECT] 
2025-12-16 21:45:30,051 [ERROR] LogOutputStream:75 - [STDERR_REDIRECT] [Fatal Error] :1:1: Premature end of file.
2025-12-16 21:45:30,051 [ERROR] LogOutputStream:75 - [STDERR_REDIRECT] 
2025-12-16 21:45:31,051 [ERROR] LogOutputStream:75 - [STDERR_REDIRECT] [Fatal Error] :1:1: Premature end of file.
2025-12-16 21:45:31,051 [ERROR] LogOutputStream:75 - [STDERR_REDIRECT] 
2025-12-16 21:45:32,054 [ERROR] LogOutputStream:75 - [STDERR_REDIRECT] [Fatal Error] :1:1: Premature end of file.
2025-12-16 21:45:32,054 [ERROR] LogOutputStream:75 - [STDERR_REDIRECT] 
2025-12-16 21:45:33,053 [ERROR] LogOutputStream:75 - [STDERR_REDIRECT] [Fatal Error] :1:1: Premature end of file.
2025-12-16 21:45:33,053 [ERROR] LogOutputStream:75 - [STDERR_REDIRECT] 
2025-12-16 21:45:34,054 [ERROR] LogOutputStream:75 - [STDERR_REDIRECT] [Fatal Error] :1:1: Premature end of file.
2025-12-16 21:45:34,054 [ERROR] LogOutputStream:75 - [STDERR_REDIRECT] 
2025-12-16 21:45:35,050 [ERROR] LogOutputStream:75 - [STDERR_REDIRECT] [Fatal Error] :1:1: Premature end of file.
2025-12-16 21:45:35,050 [ERROR] LogOutputStream:75 - [STDERR_REDIRECT] 
2025-12-16 21:45:36,052 [ERROR] LogOutputStream:75 - [STDERR_REDIRECT] [Fatal Error] :1:1: Premature end of file.
2025-12-16 21:45:36,052 [ERROR] LogOutputStream:75 - [STDERR_REDIRECT] 
2025-12-16 21:45:37,052 [ERROR] LogOutputStream:75 - [STDERR_REDIRECT] [Fatal Error] :1:1: Premature end of file.
2025-12-16 21:45:37,052 [ERROR] LogOutputStream:75 - [STDERR_REDIRECT] 
2025-12-16 21:45:38,050 [ERROR] LogOutputStream:75 - [STDERR_REDIRECT] [Fatal Error] :1:1: Premature end of file.
2025-12-16 21:45:38,050 [ERROR] LogOutputStream:75 - [STDERR_REDIRECT] 
2025-12-16 21:45:39,051 [ERROR] LogOutputStream:75 - [STDERR_REDIRECT] [Fatal Error] :1:1: Premature end of file.
2025-12-16 21:45:39,051 [ERROR] LogOutputStream:75 - [STDERR_REDIRECT] 
2025-12-16 21:45:40,054 [ERROR] LogOutputStream:75 - [STDERR_REDIRECT] [Fatal Error] :1:1: Premature end of file.
2025-12-16 21:45:40,054 [ERROR] LogOutputStream:75 - [STDERR_REDIRECT] 
2025-12-16 21:45:41,056 [ERROR] LogOutputStream:75 - [STDERR_REDIRECT] [Fatal Error] :1:1: Premature end of file.
2025-12-16 21:45:41,057 [ERROR] LogOutputStream:75 - [STDERR_REDIRECT] 
2025-12-16 21:45:42,059 [ERROR] LogOutputStream:75 - [STDERR_REDIRECT] [Fatal Error] :1:1: Premature end of file.
2025-12-16 21:45:42,059 [ERROR] LogOutputStream:75 - [STDERR_REDIRECT] 
2025-12-16 21:45:43,054 [ERROR] LogOutputStream:75 - [STDERR_REDIRECT] [Fatal Error] :1:1: Premature end of file.
2025-12-16 21:45:43,054 [ERROR] LogOutputStream:75 - [STDERR_REDIRECT] 
2025-12-16 21:45:44,051 [ERROR] LogOutputStream:75 - [STDERR_REDIRECT] [Fatal Error] :1:1: Premature end of file.
2025-12-16 21:45:44,051 [ERROR] LogOutputStream:75 - [STDERR_REDIRECT] 
2025-12-16 21:45:45,057 [ERROR] LogOutputStream:75 - [STDERR_REDIRECT] [Fatal Error] :1:1: Premature end of file.
2025-12-16 21:45:45,057 [ERROR] LogOutputStream:75 - [STDERR_REDIRECT] 
2025-12-16 21:45:46,051 [ERROR] LogOutputStream:75 - [STDERR_REDIRECT] [Fatal Error] :1:1: Premature end of file.
2025-12-16 21:45:46,051 [ERROR] LogOutputStream:75 - [STDERR_REDIRECT] 
2025-12-16 21:45:47,059 [ERROR] LogOutputStream:75 - [STDERR_REDIRECT] [Fatal Error] :1:1: Premature end of file.
2025-12-16 21:45:47,059 [ERROR] LogOutputStream:75 - [STDERR_REDIRECT] 
2025-12-16 21:45:48,053 [ERROR] LogOutputStream:75 - [STDERR_REDIRECT] [Fatal Error] :1:1: Premature end of file.
2025-12-16 21:45:48,053 [ERROR] LogOutputStream:75 - [STDERR_REDIRECT] 
2025-12-16 21:45:49,050 [ERROR] LogOutputStream:75 - [STDERR_REDIRECT] [Fatal Error] :1:1: Premature end of file.
2025-12-16 21:45:49,051 [ERROR] LogOutputStream:75 - [STDERR_REDIRECT] 
2025-12-16 21:45:50,053 [ERROR] LogOutputStream:75 - [STDERR_REDIRECT] [Fatal Error] :1:1: Premature end of file.
2025-12-16 21:45:50,053 [ERROR] LogOutputStream:75 - [STDERR_REDIRECT] 
2025-12-16 21:45:51,051 [ERROR] LogOutputStream:75 - [STDERR_REDIRECT] [Fatal Error] :1:1: Premature end of file.
2025-12-16 21:45:51,051 [ERROR] LogOutputStream:75 - [STDERR_REDIRECT] 
2025-12-16 21:45:52,053 [ERROR] LogOutputStream:75 - [STDERR_REDIRECT] [Fatal Error] :1:1: Premature end of file.
2025-12-16 21:45:52,053 [ERROR] LogOutputStream:75 - [STDERR_REDIRECT] 
2025-12-16 21:45:53,052 [ERROR] LogOutputStream:75 - [STDERR_REDIRECT] [Fatal Error] :1:1: Premature end of file.
2025-12-16 21:45:53,052 [ERROR] LogOutputStream:75 - [STDERR_REDIRECT] 
2025-12-16 21:45:54,051 [ERROR] LogOutputStream:75 - [STDERR_REDIRECT] [Fatal Error] :1:1: Premature end of file.
2025-12-16 21:45:54,052 [ERROR] LogOutputStream:75 - [STDERR_REDIRECT] 
2025-12-16 21:45:55,059 [ERROR] LogOutputStream:75 - [STDERR_REDIRECT] [Fatal Error] :1:1: Premature end of file.
2025-12-16 21:45:55,059 [ERROR] LogOutputStream:75 - [STDERR_REDIRECT] 
2025-12-16 21:45:56,066 [ERROR] LogOutputStream:75 - [STDERR_REDIRECT] [Fatal Error] :1:1: Premature end of file.
2025-12-16 21:45:56,066 [ERROR] LogOutputStream:75 - [STDERR_REDIRECT] 
2025-12-16 21:45:57,051 [ERROR] LogOutputStream:75 - [STDERR_REDIRECT] [Fatal Error] :1:1: Premature end of file.
2025-12-16 21:45:57,052 [ERROR] LogOutputStream:75 - [STDERR_REDIRECT] 
2025-12-16 21:45:58,051 [ERROR] LogOutputStream:75 - [STDERR_REDIRECT] [Fatal Error] :1:1: Premature end of file.
2025-12-16 21:45:58,051 [ERROR] LogOutputStream:75 - [STDERR_REDIRECT] 
2025-12-16 21:45:59,052 [ERROR] LogOutputStream:75 - [STDERR_REDIRECT] [Fatal Error] :1:1: Premature end of file.
2025-12-16 21:45:59,052 [ERROR] LogOutputStream:75 - [STDERR_REDIRECT] 
2025-12-16 21:46:00,053 [ERROR] LogOutputStream:75 - [STDERR_REDIRECT] [Fatal Error] :1:1: Premature end of file.
2025-12-16 21:46:00,054 [ERROR] LogOutputStream:75 - [STDERR_REDIRECT] 
2025-12-16 21:46:01,050 [ERROR] LogOutputStream:75 - [STDERR_REDIRECT] [Fatal Error] :1:1: Premature end of file.
2025-12-16 21:46:01,050 [ERROR] LogOutputStream:75 - [STDERR_REDIRECT] 
2025-12-16 21:46:02,052 [ERROR] LogOutputStream:75 - [STDERR_REDIRECT] [Fatal Error] :1:1: Premature end of file.
2025-12-16 21:46:02,053 [ERROR] LogOutputStream:75 - [STDERR_REDIRECT] 
2025-12-16 21:46:03,052 [ERROR] LogOutputStream:75 - [STDERR_REDIRECT] [Fatal Error] :1:1: Premature end of file.
2025-12-16 21:46:03,053 [ERROR] LogOutputStream:75 - [STDERR_REDIRECT] 
2025-12-16 21:46:04,054 [ERROR] LogOutputStream:75 - [STDERR_REDIRECT] [Fatal Error] :1:1: Premature end of file.
2025-12-16 21:46:04,054 [ERROR] LogOutputStream:75 - [STDERR_REDIRECT] 
2025-12-16 21:46:05,056 [ERROR] LogOutputStream:75 - [STDERR_REDIRECT] [Fatal Error] :1:1: Premature end of file.
2025-12-16 21:46:05,056 [ERROR] LogOutputStream:75 - [STDERR_REDIRECT] 
2025-12-16 21:46:06,057 [ERROR] LogOutputStream:75 - [STDERR_REDIRECT] [Fatal Error] :1:1: Premature end of file.
2025-12-16 21:46:06,057 [ERROR] LogOutputStream:75 - [STDERR_REDIRECT] 
2025-12-16 21:46:07,052 [ERROR] LogOutputStream:75 - [STDERR_REDIRECT] [Fatal Error] :1:1: Premature end of file.
2025-12-16 21:46:07,053 [ERROR] LogOutputStream:75 - [STDERR_REDIRECT] 
2025-12-16 21:46:08,051 [ERROR] LogOutputStream:75 - [STDERR_REDIRECT] [Fatal Error] :1:1: Premature end of file.
2025-12-16 21:46:08,052 [ERROR] LogOutputStream:75 - [STDERR_REDIRECT] 
2025-12-16 21:46:09,051 [ERROR] LogOutputStream:75 - [STDERR_REDIRECT] [Fatal Error] :1:1: Premature end of file.
2025-12-16 21:46:09,051 [ERROR] LogOutputStream:75 - [STDERR_REDIRECT] 
2025-12-16 21:46:10,054 [ERROR] LogOutputStream:75 - [STDERR_REDIRECT] [Fatal Error] :1:1: Premature end of file.
2025-12-16 21:46:10,054 [ERROR] LogOutputStream:75 - [STDERR_REDIRECT] 
2025-12-16 21:46:11,053 [ERROR] LogOutputStream:75 - [STDERR_REDIRECT] [Fatal Error] :1:1: Premature end of file.
2025-12-16 21:46:11,053 [ERROR] LogOutputStream:75 - [STDERR_REDIRECT] 
2025-12-16 21:46:12,052 [ERROR] LogOutputStream:75 - [STDERR_REDIRECT] [Fatal Error] :1:1: Premature end of file.
2025-12-16 21:46:12,052 [ERROR] LogOutputStream:75 - [STDERR_REDIRECT] 
2025-12-16 21:46:13,051 [ERROR] LogOutputStream:75 - [STDERR_REDIRECT] [Fatal Error] :1:1: Premature end of file.
2025-12-16 21:46:13,051 [ERROR] LogOutputStream:75 - [STDERR_REDIRECT] 
2025-12-16 21:46:14,052 [ERROR] LogOutputStream:75 - [STDERR_REDIRECT] [Fatal Error] :1:1: Premature end of file.
2025-12-16 21:46:14,052 [ERROR] LogOutputStream:75 - [STDERR_REDIRECT] 
2025-12-16 21:46:15,053 [ERROR] LogOutputStream:75 - [STDERR_REDIRECT] [Fatal Error] :1:1: Premature end of file.
2025-12-16 21:46:15,053 [ERROR] LogOutputStream:75 - [STDERR_REDIRECT] 
2025-12-16 21:46:16,052 [ERROR] LogOutputStream:75 - [STDERR_REDIRECT] [Fatal Error] :1:1: Premature end of file.
2025-12-16 21:46:16,053 [ERROR] LogOutputStream:75 - [STDERR_REDIRECT] 
2025-12-16 21:46:17,053 [ERROR] LogOutputStream:75 - [STDERR_REDIRECT] [Fatal Error] :1:1: Premature end of file.
2025-12-16 21:46:17,054 [ERROR] LogOutputStream:75 - [STDERR_REDIRECT] 
2025-12-16 21:46:18,052 [ERROR] LogOutputStream:75 - [STDERR_REDIRECT] [Fatal Error] :1:1: Premature end of file.
2025-12-16 21:46:18,053 [ERROR] LogOutputStream:75 - [STDERR_REDIRECT] 
2025-12-16 21:46:19,051 [ERROR] LogOutputStream:75 - [STDERR_REDIRECT] [Fatal Error] :1:1: Premature end of file.
2025-12-16 21:46:19,051 [ERROR] LogOutputStream:75 - [STDERR_REDIRECT] 
2025-12-16 21:46:20,051 [ERROR] LogOutputStream:75 - [STDERR_REDIRECT] [Fatal Error] :1:1: Premature end of file.
2025-12-16 21:46:20,052 [ERROR] LogOutputStream:75 - [STDERR_REDIRECT] 
2025-12-16 21:46:21,052 [ERROR] LogOutputStream:75 - [STDERR_REDIRECT] [Fatal Error] :1:1: Premature end of file.
2025-12-16 21:46:21,053 [ERROR] LogOutputStream:75 - [STDERR_REDIRECT] 
2025-12-16 21:46:22,051 [ERROR] LogOutputStream:75 - [STDERR_REDIRECT] [Fatal Error] :1:1: Premature end of file.
2025-12-16 21:46:22,051 [ERROR] LogOutputStream:75 - [STDERR_REDIRECT] 
2025-12-16 21:46:23,051 [ERROR] LogOutputStream:75 - [STDERR_REDIRECT] [Fatal Error] :1:1: Premature end of file.
2025-12-16 21:46:23,051 [ERROR] LogOutputStream:75 - [STDERR_REDIRECT] 
2025-12-16 21:46:24,052 [ERROR] LogOutputStream:75 - [STDERR_REDIRECT] [Fatal Error] :1:1: Premature end of file.
2025-12-16 21:46:24,052 [ERROR] LogOutputStream:75 - [STDERR_REDIRECT] 
2025-12-16 21:46:25,050 [ERROR] LogOutputStream:75 - [STDERR_REDIRECT] [Fatal Error] :1:1: Premature end of file.
2025-12-16 21:46:25,051 [ERROR] LogOutputStream:75 - [STDERR_REDIRECT] 
2025-12-16 21:46:26,052 [ERROR] LogOutputStream:75 - [STDERR_REDIRECT] [Fatal Error] :1:1: Premature end of file.
2025-12-16 21:46:26,052 [ERROR] LogOutputStream:75 - [STDERR_REDIRECT] 
2025-12-16 21:46:27,053 [ERROR] LogOutputStream:75 - [STDERR_REDIRECT] [Fatal Error] :1:1: Premature end of file.
2025-12-16 21:46:27,053 [ERROR] LogOutputStream:75 - [STDERR_REDIRECT] 
2025-12-16 21:46:28,050 [ERROR] LogOutputStream:75 - [STDERR_REDIRECT] [Fatal Error] :1:1: Premature end of file.
2025-12-16 21:46:28,051 [ERROR] LogOutputStream:75 - [STDERR_REDIRECT] 
2025-12-16 21:46:29,051 [ERROR] LogOutputStream:75 - [STDERR_REDIRECT] [Fatal Error] :1:1: Premature end of file.
2025-12-16 21:46:29,051 [ERROR] LogOutputStream:75 - [STDERR_REDIRECT] 
2025-12-16 21:46:30,051 [ERROR] LogOutputStream:75 - [STDERR_REDIRECT] [Fatal Error] :1:1: Premature end of file.
2025-12-16 21:46:30,052 [ERROR] LogOutputStream:75 - [STDERR_REDIRECT] 
2025-12-16 21:46:31,050 [ERROR] LogOutputStream:75 - [STDERR_REDIRECT] [Fatal Error] :1:1: Premature end of file.
2025-12-16 21:46:31,050 [ERROR] LogOutputStream:75 - [STDERR_REDIRECT] 
2025-12-16 21:46:32,065 [ERROR] LogOutputStream:75 - [STDERR_REDIRECT] [Fatal Error] :1:1: Premature end of file.
2025-12-16 21:46:32,065 [ERROR] LogOutputStream:75 - [STDERR_REDIRECT] 
2025-12-16 21:46:33,051 [ERROR] LogOutputStream:75 - [STDERR_REDIRECT] [Fatal Error] :1:1: Premature end of file.
2025-12-16 21:46:33,051 [ERROR] LogOutputStream:75 - [STDERR_REDIRECT] 
2025-12-16 21:46:34,052 [ERROR] LogOutputStream:75 - [STDERR_REDIRECT] [Fatal Error] :1:1: Premature end of file.
2025-12-16 21:46:34,052 [ERROR] LogOutputStream:75 - [STDERR_REDIRECT] 
2025-12-16 21:46:35,050 [ERROR] LogOutputStream:75 - [STDERR_REDIRECT] [Fatal Error] :1:1: Premature end of file.
2025-12-16 21:46:35,050 [ERROR] LogOutputStream:75 - [STDERR_REDIRECT] 
2025-12-16 21:46:36,052 [ERROR] LogOutputStream:75 - [STDERR_REDIRECT] [Fatal Error] :1:1: Premature end of file.
2025-12-16 21:46:36,052 [ERROR] LogOutputStream:75 - [STDERR_REDIRECT] 
2025-12-16 21:46:37,051 [ERROR] LogOutputStream:75 - [STDERR_REDIRECT] [Fatal Error] :1:1: Premature end of file.
2025-12-16 21:46:37,051 [ERROR] LogOutputStream:75 - [STDERR_REDIRECT] 
2025-12-16 21:46:38,054 [ERROR] LogOutputStream:75 - [STDERR_REDIRECT] [Fatal Error] :1:1: Premature end of file.
2025-12-16 21:46:38,054 [ERROR] LogOutputStream:75 - [STDERR_REDIRECT] 
2025-12-16 21:46:39,051 [ERROR] LogOutputStream:75 - [STDERR_REDIRECT] [Fatal Error] :1:1: Premature end of file.
2025-12-16 21:46:39,051 [ERROR] LogOutputStream:75 - [STDERR_REDIRECT] 
2025-12-16 21:46:40,054 [ERROR] LogOutputStream:75 - [STDERR_REDIRECT] [Fatal Error] :1:1: Premature end of file.
2025-12-16 21:46:40,054 [ERROR] LogOutputStream:75 - [STDERR_REDIRECT] 
2025-12-16 21:46:41,053 [ERROR] LogOutputStream:75 - [STDERR_REDIRECT] [Fatal Error] :1:1: Premature end of file.
2025-12-16 21:46:41,053 [ERROR] LogOutputStream:75 - [STDERR_REDIRECT] 
2025-12-16 21:46:42,051 [ERROR] LogOutputStream:75 - [STDERR_REDIRECT] [Fatal Error] :1:1: Premature end of file.
2025-12-16 21:46:42,052 [ERROR] LogOutputStream:75 - [STDERR_REDIRECT] 
2025-12-16 21:46:43,053 [ERROR] LogOutputStream:75 - [STDERR_REDIRECT] [Fatal Error] :1:1: Premature end of file.
2025-12-16 21:46:43,053 [ERROR] LogOutputStream:75 - [STDERR_REDIRECT] 
2025-12-16 21:46:44,055 [ERROR] LogOutputStream:75 - [STDERR_REDIRECT] [Fatal Error] :1:1: Premature end of file.
2025-12-16 21:46:44,056 [ERROR] LogOutputStream:75 - [STDERR_REDIRECT] 
2025-12-16 21:46:45,052 [ERROR] LogOutputStream:75 - [STDERR_REDIRECT] [Fatal Error] :1:1: Premature end of file.
2025-12-16 21:46:45,053 [ERROR] LogOutputStream:75 - [STDERR_REDIRECT] 
2025-12-16 21:46:46,054 [ERROR] LogOutputStream:75 - [STDERR_REDIRECT] [Fatal Error] :1:1: Premature end of file.
2025-12-16 21:46:46,054 [ERROR] LogOutputStream:75 - [STDERR_REDIRECT] 
2025-12-16 21:46:47,054 [ERROR] LogOutputStream:75 - [STDERR_REDIRECT] [Fatal Error] :1:1: Premature end of file.
2025-12-16 21:46:47,054 [ERROR] LogOutputStream:75 - [STDERR_REDIRECT] 
2025-12-16 21:46:48,055 [ERROR] LogOutputStream:75 - [STDERR_REDIRECT] [Fatal Error] :1:1: Premature end of file.
2025-12-16 21:46:48,055 [ERROR] LogOutputStream:75 - [STDERR_REDIRECT] 
2025-12-16 21:46:49,056 [ERROR] LogOutputStream:75 - [STDERR_REDIRECT] [Fatal Error] :1:1: Premature end of file.
2025-12-16 21:46:49,056 [ERROR] LogOutputStream:75 - [STDERR_REDIRECT] 
2025-12-16 21:46:50,054 [ERROR] LogOutputStream:75 - [STDERR_REDIRECT] [Fatal Error] :1:1: Premature end of file.
2025-12-16 21:46:50,054 [ERROR] LogOutputStream:75 - [STDERR_REDIRECT] 
2025-12-16 21:46:51,052 [ERROR] LogOutputStream:75 - [STDERR_REDIRECT] [Fatal Error] :1:1: Premature end of file.
2025-12-16 21:46:51,052 [ERROR] LogOutputStream:75 - [STDERR_REDIRECT] 
2025-12-16 21:46:52,075 [ERROR] LogOutputStream:75 - [STDERR_REDIRECT] [Fatal Error] :1:1: Premature end of file.
2025-12-16 21:46:52,076 [ERROR] LogOutputStream:75 - [STDERR_REDIRECT] 
2025-12-16 21:46:53,053 [ERROR] LogOutputStream:75 - [STDERR_REDIRECT] [Fatal Error] :1:1: Premature end of file.
2025-12-16 21:46:53,053 [ERROR] LogOutputStream:75 - [STDERR_REDIRECT] 
2025-12-16 21:46:54,051 [ERROR] LogOutputStream:75 - [STDERR_REDIRECT] [Fatal Error] :1:1: Premature end of file.
2025-12-16 21:46:54,051 [ERROR] LogOutputStream:75 - [STDERR_REDIRECT] 
2025-12-16 21:46:55,052 [ERROR] LogOutputStream:75 - [STDERR_REDIRECT] [Fatal Error] :1:1: Premature end of file.
2025-12-16 21:46:55,052 [ERROR] LogOutputStream:75 - [STDERR_REDIRECT] 
2025-12-16 21:46:56,055 [ERROR] LogOutputStream:75 - [STDERR_REDIRECT] [Fatal Error] :1:1: Premature end of file.
2025-12-16 21:46:56,055 [ERROR] LogOutputStream:75 - [STDERR_REDIRECT] 
2025-12-16 21:46:57,052 [ERROR] LogOutputStream:75 - [STDERR_REDIRECT] [Fatal Error] :1:1: Premature end of file.
2025-12-16 21:46:57,052 [ERROR] LogOutputStream:75 - [STDERR_REDIRECT] 
2025-12-16 21:46:58,052 [ERROR] LogOutputStream:75 - [STDERR_REDIRECT] [Fatal Error] :1:1: Premature end of file.
2025-12-16 21:46:58,052 [ERROR] LogOutputStream:75 - [STDERR_REDIRECT] 
2025-12-16 21:46:59,051 [ERROR] LogOutputStream:75 - [STDERR_REDIRECT] [Fatal Error] :1:1: Premature end of file.
2025-12-16 21:46:59,051 [ERROR] LogOutputStream:75 - [STDERR_REDIRECT] 
2025-12-16 21:47:00,052 [ERROR] LogOutputStream:75 - [STDERR_REDIRECT] [Fatal Error] :1:1: Premature end of file.
2025-12-16 21:47:00,052 [ERROR] LogOutputStream:75 - [STDERR_REDIRECT] 
2025-12-16 21:47:01,054 [ERROR] LogOutputStream:75 - [STDERR_REDIRECT] [Fatal Error] :1:1: Premature end of file.
2025-12-16 21:47:01,054 [ERROR] LogOutputStream:75 - [STDERR_REDIRECT] 
2025-12-16 21:47:02,051 [ERROR] LogOutputStream:75 - [STDERR_REDIRECT] [Fatal Error] :1:1: Premature end of file.
2025-12-16 21:47:02,052 [ERROR] LogOutputStream:75 - [STDERR_REDIRECT] 
2025-12-16 21:47:03,051 [ERROR] LogOutputStream:75 - [STDERR_REDIRECT] [Fatal Error] :1:1: Premature end of file.
2025-12-16 21:47:03,052 [ERROR] LogOutputStream:75 - [STDERR_REDIRECT] 
2025-12-16 21:47:04,055 [ERROR] LogOutputStream:75 - [STDERR_REDIRECT] [Fatal Error] :1:1: Premature end of file.
2025-12-16 21:47:04,055 [ERROR] LogOutputStream:75 - [STDERR_REDIRECT] 
2025-12-16 21:47:05,051 [ERROR] LogOutputStream:75 - [STDERR_REDIRECT] [Fatal Error] :1:1: Premature end of file.
2025-12-16 21:47:05,051 [ERROR] LogOutputStream:75 - [STDERR_REDIRECT] 
2025-12-16 21:47:06,061 [ERROR] LogOutputStream:75 - [STDERR_REDIRECT] [Fatal Error] :1:1: Premature end of file.
2025-12-16 21:47:06,061 [ERROR] LogOutputStream:75 - [STDERR_REDIRECT] 
2025-12-16 21:47:07,053 [ERROR] LogOutputStream:75 - [STDERR_REDIRECT] [Fatal Error] :1:1: Premature end of file.
2025-12-16 21:47:07,053 [ERROR] LogOutputStream:75 - [STDERR_REDIRECT] 
2025-12-16 21:47:08,052 [ERROR] LogOutputStream:75 - [STDERR_REDIRECT] [Fatal Error] :1:1: Premature end of file.
2025-12-16 21:47:08,052 [ERROR] LogOutputStream:75 - [STDERR_REDIRECT] 
2025-12-16 21:47:09,052 [ERROR] LogOutputStream:75 - [STDERR_REDIRECT] [Fatal Error] :1:1: Premature end of file.
2025-12-16 21:47:09,052 [ERROR] LogOutputStream:75 - [STDERR_REDIRECT] 
2025-12-16 21:47:10,053 [ERROR] LogOutputStream:75 - [STDERR_REDIRECT] [Fatal Error] :1:1: Premature end of file.
2025-12-16 21:47:10,053 [ERROR] LogOutputStream:75 - [STDERR_REDIRECT] 
2025-12-16 21:47:11,052 [ERROR] LogOutputStream:75 - [STDERR_REDIRECT] [Fatal Error] :1:1: Premature end of file.
2025-12-16 21:47:11,052 [ERROR] LogOutputStream:75 - [STDERR_REDIRECT] 
2025-12-16 21:47:12,055 [ERROR] LogOutputStream:75 - [STDERR_REDIRECT] [Fatal Error] :1:1: Premature end of file.
2025-12-16 21:47:12,055 [ERROR] LogOutputStream:75 - [STDERR_REDIRECT] 
2025-12-16 21:47:13,052 [ERROR] LogOutputStream:75 - [STDERR_REDIRECT] [Fatal Error] :1:1: Premature end of file.
2025-12-16 21:47:13,052 [ERROR] LogOutputStream:75 - [STDERR_REDIRECT] 
2025-12-16 21:47:14,053 [ERROR] LogOutputStream:75 - [STDERR_REDIRECT] [Fatal Error] :1:1: Premature end of file.
2025-12-16 21:47:14,053 [ERROR] LogOutputStream:75 - [STDERR_REDIRECT] 
2025-12-16 21:47:15,053 [ERROR] LogOutputStream:75 - [STDERR_REDIRECT] [Fatal Error] :1:1: Premature end of file.
2025-12-16 21:47:15,053 [ERROR] LogOutputStream:75 - [STDERR_REDIRECT] 
2025-12-16 21:47:16,054 [ERROR] LogOutputStream:75 - [STDERR_REDIRECT] [Fatal Error] :1:1: Premature end of file.
2025-12-16 21:47:16,054 [ERROR] LogOutputStream:75 - [STDERR_REDIRECT] 
2025-12-16 21:47:17,052 [ERROR] LogOutputStream:75 - [STDERR_REDIRECT] [Fatal Error] :1:1: Premature end of file.
2025-12-16 21:47:17,053 [ERROR] LogOutputStream:75 - [STDERR_REDIRECT] 
2025-12-16 21:47:18,052 [ERROR] LogOutputStream:75 - [STDERR_REDIRECT] [Fatal Error] :1:1: Premature end of file.
2025-12-16 21:47:18,053 [ERROR] LogOutputStream:75 - [STDERR_REDIRECT] 
2025-12-16 21:47:19,051 [ERROR] LogOutputStream:75 - [STDERR_REDIRECT] [Fatal Error] :1:1: Premature end of file.
2025-12-16 21:47:19,051 [ERROR] LogOutputStream:75 - [STDERR_REDIRECT] 
2025-12-16 21:47:20,051 [ERROR] LogOutputStream:75 - [STDERR_REDIRECT] [Fatal Error] :1:1: Premature end of file.
2025-12-16 21:47:20,053 [ERROR] LogOutputStream:75 - [STDERR_REDIRECT] 
2025-12-16 21:47:21,052 [ERROR] LogOutputStream:75 - [STDERR_REDIRECT] [Fatal Error] :1:1: Premature end of file.
2025-12-16 21:47:21,052 [ERROR] LogOutputStream:75 - [STDERR_REDIRECT] 
2025-12-16 21:47:22,052 [ERROR] LogOutputStream:75 - [STDERR_REDIRECT] [Fatal Error] :1:1: Premature end of file.
2025-12-16 21:47:22,052 [ERROR] LogOutputStream:75 - [STDERR_REDIRECT] 
2025-12-16 21:47:23,056 [ERROR] LogOutputStream:75 - [STDERR_REDIRECT] [Fatal Error] :1:1: Premature end of file.
2025-12-16 21:47:23,056 [ERROR] LogOutputStream:75 - [STDERR_REDIRECT] 
2025-12-16 21:47:24,053 [ERROR] LogOutputStream:75 - [STDERR_REDIRECT] [Fatal Error] :1:1: Premature end of file.
2025-12-16 21:47:24,053 [ERROR] LogOutputStream:75 - [STDERR_REDIRECT] 
2025-12-16 21:47:25,053 [ERROR] LogOutputStream:75 - [STDERR_REDIRECT] [Fatal Error] :1:1: Premature end of file.
2025-12-16 21:47:25,053 [ERROR] LogOutputStream:75 - [STDERR_REDIRECT] 
2025-12-16 21:47:26,057 [ERROR] LogOutputStream:75 - [STDERR_REDIRECT] [Fatal Error] :1:1: Premature end of file.
2025-12-16 21:47:26,057 [ERROR] LogOutputStream:75 - [STDERR_REDIRECT] 
2025-12-16 21:47:27,051 [ERROR] LogOutputStream:75 - [STDERR_REDIRECT] [Fatal Error] :1:1: Premature end of file.
2025-12-16 21:47:27,052 [ERROR] LogOutputStream:75 - [STDERR_REDIRECT] 
2025-12-16 21:47:28,049 [ERROR] LogOutputStream:75 - [STDERR_REDIRECT] [Fatal Error] :1:1: Premature end of file.
2025-12-16 21:47:28,049 [ERROR] LogOutputStream:75 - [STDERR_REDIRECT] 
2025-12-16 21:47:29,051 [ERROR] LogOutputStream:75 - [STDERR_REDIRECT] [Fatal Error] :1:1: Premature end of file.
2025-12-16 21:47:29,051 [ERROR] LogOutputStream:75 - [STDERR_REDIRECT] 
2025-12-16 21:47:30,050 [ERROR] LogOutputStream:75 - [STDERR_REDIRECT] [Fatal Error] :1:1: Premature end of file.
2025-12-16 21:47:30,050 [ERROR] LogOutputStream:75 - [STDERR_REDIRECT] 
2025-12-16 21:47:31,061 [ERROR] LogOutputStream:75 - [STDERR_REDIRECT] [Fatal Error] :1:1: Premature end of file.
2025-12-16 21:47:31,061 [ERROR] LogOutputStream:75 - [STDERR_REDIRECT] 
2025-12-16 21:47:32,052 [ERROR] LogOutputStream:75 - [STDERR_REDIRECT] [Fatal Error] :1:1: Premature end of file.
2025-12-16 21:47:32,052 [ERROR] LogOutputStream:75 - [STDERR_REDIRECT] 
2025-12-16 21:47:33,050 [ERROR] LogOutputStream:75 - [STDERR_REDIRECT] [Fatal Error] :1:1: Premature end of file.
2025-12-16 21:47:33,050 [ERROR] LogOutputStream:75 - [STDERR_REDIRECT] 
2025-12-16 21:47:34,050 [ERROR] LogOutputStream:75 - [STDERR_REDIRECT] [Fatal Error] :1:1: Premature end of file.
2025-12-16 21:47:34,050 [ERROR] LogOutputStream:75 - [STDERR_REDIRECT] 
2025-12-16 21:47:35,049 [ERROR] LogOutputStream:75 - [STDERR_REDIRECT] [Fatal Error] :1:1: Premature end of file.
2025-12-16 21:47:35,049 [ERROR] LogOutputStream:75 - [STDERR_REDIRECT] 
2025-12-16 21:47:36,049 [ERROR] LogOutputStream:75 - [STDERR_REDIRECT] [Fatal Error] :1:1: Premature end of file.
2025-12-16 21:47:36,049 [ERROR] LogOutputStream:75 - [STDERR_REDIRECT] 
2025-12-16 21:47:37,052 [ERROR] LogOutputStream:75 - [STDERR_REDIRECT] [Fatal Error] :1:1: Premature end of file.
2025-12-16 21:47:37,053 [ERROR] LogOutputStream:75 - [STDERR_REDIRECT] 
2025-12-16 21:47:38,048 [ERROR] LogOutputStream:75 - [STDERR_REDIRECT] [Fatal Error] :1:1: Premature end of file.
2025-12-16 21:47:38,049 [ERROR] LogOutputStream:75 - [STDERR_REDIRECT] 
2025-12-16 21:47:39,049 [ERROR] LogOutputStream:75 - [STDERR_REDIRECT] [Fatal Error] :1:1: Premature end of file.
2025-12-16 21:47:39,049 [ERROR] LogOutputStream:75 - [STDERR_REDIRECT] 
2025-12-16 21:47:40,052 [ERROR] LogOutputStream:75 - [STDERR_REDIRECT] [Fatal Error] :1:1: Premature end of file.
2025-12-16 21:47:40,052 [ERROR] LogOutputStream:75 - [STDERR_REDIRECT] 
2025-12-16 21:47:41,054 [ERROR] LogOutputStream:75 - [STDERR_REDIRECT] [Fatal Error] :1:1: Premature end of file.
2025-12-16 21:47:41,054 [ERROR] LogOutputStream:75 - [STDERR_REDIRECT] 
2025-12-16 21:47:42,052 [ERROR] LogOutputStream:75 - [STDERR_REDIRECT] [Fatal Error] :1:1: Premature end of file.
2025-12-16 21:47:42,052 [ERROR] LogOutputStream:75 - [STDERR_REDIRECT] 
2025-12-16 21:47:43,051 [ERROR] LogOutputStream:75 - [STDERR_REDIRECT] [Fatal Error] :1:1: Premature end of file.
2025-12-16 21:47:43,051 [ERROR] LogOutputStream:75 - [STDERR_REDIRECT] 
2025-12-16 21:47:44,048 [ERROR] LogOutputStream:75 - [STDERR_REDIRECT] [Fatal Error] :1:1: Premature end of file.
2025-12-16 21:47:44,048 [ERROR] LogOutputStream:75 - [STDERR_REDIRECT] 
2025-12-16 21:47:45,050 [ERROR] LogOutputStream:75 - [STDERR_REDIRECT] [Fatal Error] :1:1: Premature end of file.
2025-12-16 21:47:45,050 [ERROR] LogOutputStream:75 - [STDERR_REDIRECT] 
2025-12-16 21:47:46,052 [ERROR] LogOutputStream:75 - [STDERR_REDIRECT] [Fatal Error] :1:1: Premature end of file.
2025-12-16 21:47:46,052 [ERROR] LogOutputStream:75 - [STDERR_REDIRECT] 
2025-12-16 21:47:47,049 [ERROR] LogOutputStream:75 - [STDERR_REDIRECT] [Fatal Error] :1:1: Premature end of file.
2025-12-16 21:47:47,049 [ERROR] LogOutputStream:75 - [STDERR_REDIRECT] 
2025-12-16 21:47:48,071 [ERROR] LogOutputStream:75 - [STDERR_REDIRECT] [Fatal Error] :1:1: Premature end of file.
2025-12-16 21:47:48,071 [ERROR] LogOutputStream:75 - [STDERR_REDIRECT] 
2025-12-16 21:47:49,059 [ERROR] LogOutputStream:75 - [STDERR_REDIRECT] [Fatal Error] :1:1: Premature end of file.
2025-12-16 21:47:49,059 [ERROR] LogOutputStream:75 - [STDERR_REDIRECT] 
2025-12-16 21:47:50,047 [ERROR] LogOutputStream:75 - [STDERR_REDIRECT] [Fatal Error] :1:1: Premature end of file.
2025-12-16 21:47:50,047 [ERROR] LogOutputStream:75 - [STDERR_REDIRECT] 
2025-12-16 21:47:51,051 [ERROR] LogOutputStream:75 - [STDERR_REDIRECT] [Fatal Error] :1:1: Premature end of file.
2025-12-16 21:47:51,051 [ERROR] LogOutputStream:75 - [STDERR_REDIRECT] 
2025-12-16 21:47:52,050 [ERROR] LogOutputStream:75 - [STDERR_REDIRECT] [Fatal Error] :1:1: Premature end of file.
2025-12-16 21:47:52,050 [ERROR] LogOutputStream:75 - [STDERR_REDIRECT] 
2025-12-16 21:47:53,052 [ERROR] LogOutputStream:75 - [STDERR_REDIRECT] [Fatal Error] :1:1: Premature end of file.
2025-12-16 21:47:53,052 [ERROR] LogOutputStream:75 - [STDERR_REDIRECT] 
2025-12-16 21:47:54,051 [ERROR] LogOutputStream:75 - [STDERR_REDIRECT] [Fatal Error] :1:1: Premature end of file.
2025-12-16 21:47:54,051 [ERROR] LogOutputStream:75 - [STDERR_REDIRECT] 
2025-12-16 21:47:55,052 [ERROR] LogOutputStream:75 - [STDERR_REDIRECT] [Fatal Error] :1:1: Premature end of file.
2025-12-16 21:47:55,052 [ERROR] LogOutputStream:75 - [STDERR_REDIRECT] 
2025-12-16 21:47:56,052 [ERROR] LogOutputStream:75 - [STDERR_REDIRECT] [Fatal Error] :1:1: Premature end of file.
2025-12-16 21:47:56,052 [ERROR] LogOutputStream:75 - [STDERR_REDIRECT] 
2025-12-16 21:47:57,049 [ERROR] LogOutputStream:75 - [STDERR_REDIRECT] [Fatal Error] :1:1: Premature end of file.
2025-12-16 21:47:57,050 [ERROR] LogOutputStream:75 - [STDERR_REDIRECT] 
2025-12-16 21:47:58,060 [ERROR] LogOutputStream:75 - [STDERR_REDIRECT] [Fatal Error] :1:1: Premature end of file.
2025-12-16 21:47:58,062 [ERROR] LogOutputStream:75 - [STDERR_REDIRECT] 
2025-12-16 21:47:59,047 [ERROR] LogOutputStream:75 - [STDERR_REDIRECT] [Fatal Error] :1:1: Premature end of file.
2025-12-16 21:47:59,047 [ERROR] LogOutputStream:75 - [STDERR_REDIRECT] 
2025-12-16 21:48:00,061 [ERROR] LogOutputStream:75 - [STDERR_REDIRECT] [Fatal Error] :1:1: Premature end of file.
2025-12-16 21:48:00,062 [ERROR] LogOutputStream:75 - [STDERR_REDIRECT] 
2025-12-16 21:48:01,050 [ERROR] LogOutputStream:75 - [STDERR_REDIRECT] [Fatal Error] :1:1: Premature end of file.
2025-12-16 21:48:01,050 [ERROR] LogOutputStream:75 - [STDERR_REDIRECT] 
2025-12-16 21:48:02,050 [ERROR] LogOutputStream:75 - [STDERR_REDIRECT] [Fatal Error] :1:1: Premature end of file.
2025-12-16 21:48:02,050 [ERROR] LogOutputStream:75 - [STDERR_REDIRECT] 
2025-12-16 21:48:03,052 [ERROR] LogOutputStream:75 - [STDERR_REDIRECT] [Fatal Error] :1:1: Premature end of file.
2025-12-16 21:48:03,052 [ERROR] LogOutputStream:75 - [STDERR_REDIRECT] 
2025-12-16 21:48:04,049 [ERROR] LogOutputStream:75 - [STDERR_REDIRECT] [Fatal Error] :1:1: Premature end of file.
2025-12-16 21:48:04,049 [ERROR] LogOutputStream:75 - [STDERR_REDIRECT] 
2025-12-16 21:48:05,049 [ERROR] LogOutputStream:75 - [STDERR_REDIRECT] [Fatal Error] :1:1: Premature end of file.
2025-12-16 21:48:05,049 [ERROR] LogOutputStream:75 - [STDERR_REDIRECT] 
2025-12-16 21:48:06,049 [ERROR] LogOutputStream:75 - [STDERR_REDIRECT] [Fatal Error] :1:1: Premature end of file.
2025-12-16 21:48:06,049 [ERROR] LogOutputStream:75 - [STDERR_REDIRECT] 
2025-12-16 21:48:07,048 [ERROR] LogOutputStream:75 - [STDERR_REDIRECT] [Fatal Error] :1:1: Premature end of file.
2025-12-16 21:48:07,048 [ERROR] LogOutputStream:75 - [STDERR_REDIRECT] 
2025-12-16 21:48:08,050 [ERROR] LogOutputStream:75 - [STDERR_REDIRECT] [Fatal Error] :1:1: Premature end of file.
2025-12-16 21:48:08,050 [ERROR] LogOutputStream:75 - [STDERR_REDIRECT] 
2025-12-16 21:48:09,062 [ERROR] LogOutputStream:75 - [STDERR_REDIRECT] [Fatal Error] :1:1: Premature end of file.
2025-12-16 21:48:09,062 [ERROR] LogOutputStream:75 - [STDERR_REDIRECT] 
2025-12-16 21:48:10,050 [ERROR] LogOutputStream:75 - [STDERR_REDIRECT] [Fatal Error] :1:1: Premature end of file.
2025-12-16 21:48:10,050 [ERROR] LogOutputStream:75 - [STDERR_REDIRECT] 
2025-12-16 21:48:11,052 [ERROR] LogOutputStream:75 - [STDERR_REDIRECT] [Fatal Error] :1:1: Premature end of file.
2025-12-16 21:48:11,052 [ERROR] LogOutputStream:75 - [STDERR_REDIRECT] 
2025-12-16 21:48:12,052 [ERROR] LogOutputStream:75 - [STDERR_REDIRECT] [Fatal Error] :1:1: Premature end of file.
2025-12-16 21:48:12,052 [ERROR] LogOutputStream:75 - [STDERR_REDIRECT] 
2025-12-16 21:48:13,055 [ERROR] LogOutputStream:75 - [STDERR_REDIRECT] [Fatal Error] :1:1: Premature end of file.
2025-12-16 21:48:13,055 [ERROR] LogOutputStream:75 - [STDERR_REDIRECT] 
2025-12-16 21:48:14,054 [ERROR] LogOutputStream:75 - [STDERR_REDIRECT] [Fatal Error] :1:1: Premature end of file.
2025-12-16 21:48:14,054 [ERROR] LogOutputStream:75 - [STDERR_REDIRECT] 
2025-12-16 21:48:15,052 [ERROR] LogOutputStream:75 - [STDERR_REDIRECT] [Fatal Error] :1:1: Premature end of file.
2025-12-16 21:48:15,052 [ERROR] LogOutputStream:75 - [STDERR_REDIRECT] 
2025-12-16 21:48:16,052 [ERROR] LogOutputStream:75 - [STDERR_REDIRECT] [Fatal Error] :1:1: Premature end of file.
2025-12-16 21:48:16,052 [ERROR] LogOutputStream:75 - [STDERR_REDIRECT] 
2025-12-16 21:48:17,053 [ERROR] LogOutputStream:75 - [STDERR_REDIRECT] [Fatal Error] :1:1: Premature end of file.
2025-12-16 21:48:17,053 [ERROR] LogOutputStream:75 - [STDERR_REDIRECT] 
2025-12-16 21:48:18,053 [ERROR] LogOutputStream:75 - [STDERR_REDIRECT] [Fatal Error] :1:1: Premature end of file.
2025-12-16 21:48:18,053 [ERROR] LogOutputStream:75 - [STDERR_REDIRECT] 
2025-12-16 21:48:19,055 [ERROR] LogOutputStream:75 - [STDERR_REDIRECT] [Fatal Error] :1:1: Premature end of file.
2025-12-16 21:48:19,055 [ERROR] LogOutputStream:75 - [STDERR_REDIRECT] 
2025-12-16 21:48:20,054 [ERROR] LogOutputStream:75 - [STDERR_REDIRECT] [Fatal Error] :1:1: Premature end of file.
2025-12-16 21:48:20,054 [ERROR] LogOutputStream:75 - [STDERR_REDIRECT] 
2025-12-16 21:48:21,055 [ERROR] LogOutputStream:75 - [STDERR_REDIRECT] [Fatal Error] :1:1: Premature end of file.
2025-12-16 21:48:21,055 [ERROR] LogOutputStream:75 - [STDERR_REDIRECT] 
2025-12-16 21:48:22,054 [ERROR] LogOutputStream:75 - [STDERR_REDIRECT] [Fatal Error] :1:1: Premature end of file.
2025-12-16 21:48:22,054 [ERROR] LogOutputStream:75 - [STDERR_REDIRECT] 
2025-12-16 21:48:23,051 [ERROR] LogOutputStream:75 - [STDERR_REDIRECT] [Fatal Error] :1:1: Premature end of file.
2025-12-16 21:48:23,051 [ERROR] LogOutputStream:75 - [STDERR_REDIRECT] 
2025-12-16 21:48:24,054 [ERROR] LogOutputStream:75 - [STDERR_REDIRECT] [Fatal Error] :1:1: Premature end of file.
2025-12-16 21:48:24,054 [ERROR] LogOutputStream:75 - [STDERR_REDIRECT] 
2025-12-16 21:48:25,051 [ERROR] LogOutputStream:75 - [STDERR_REDIRECT] [Fatal Error] :1:1: Premature end of file.
2025-12-16 21:48:25,051 [ERROR] LogOutputStream:75 - [STDERR_REDIRECT] 
2025-12-16 21:48:26,051 [ERROR] LogOutputStream:75 - [STDERR_REDIRECT] [Fatal Error] :1:1: Premature end of file.
2025-12-16 21:48:26,051 [ERROR] LogOutputStream:75 - [STDERR_REDIRECT] 
2025-12-16 21:48:27,054 [ERROR] LogOutputStream:75 - [STDERR_REDIRECT] [Fatal Error] :1:1: Premature end of file.
2025-12-16 21:48:27,054 [ERROR] LogOutputStream:75 - [STDERR_REDIRECT] 
2025-12-16 21:48:28,050 [ERROR] LogOutputStream:75 - [STDERR_REDIRECT] [Fatal Error] :1:1: Premature end of file.
2025-12-16 21:48:28,050 [ERROR] LogOutputStream:75 - [STDERR_REDIRECT] 
2025-12-16 21:48:29,052 [ERROR] LogOutputStream:75 - [STDERR_REDIRECT] [Fatal Error] :1:1: Premature end of file.
2025-12-16 21:48:29,052 [ERROR] LogOutputStream:75 - [STDERR_REDIRECT] 
2025-12-16 21:48:30,054 [ERROR] LogOutputStream:75 - [STDERR_REDIRECT] [Fatal Error] :1:1: Premature end of file.
2025-12-16 21:48:30,054 [ERROR] LogOutputStream:75 - [STDERR_REDIRECT] 
2025-12-16 21:48:31,054 [ERROR] LogOutputStream:75 - [STDERR_REDIRECT] [Fatal Error] :1:1: Premature end of file.
2025-12-16 21:48:31,054 [ERROR] LogOutputStream:75 - [STDERR_REDIRECT] 
2025-12-16 21:48:32,053 [ERROR] LogOutputStream:75 - [STDERR_REDIRECT] [Fatal Error] :1:1: Premature end of file.
2025-12-16 21:48:32,053 [ERROR] LogOutputStream:75 - [STDERR_REDIRECT] 
2025-12-16 21:48:33,050 [ERROR] LogOutputStream:75 - [STDERR_REDIRECT] [Fatal Error] :1:1: Premature end of file.
2025-12-16 21:48:33,050 [ERROR] LogOutputStream:75 - [STDERR_REDIRECT] 
2025-12-16 21:48:34,051 [ERROR] LogOutputStream:75 - [STDERR_REDIRECT] [Fatal Error] :1:1: Premature end of file.
2025-12-16 21:48:34,051 [ERROR] LogOutputStream:75 - [STDERR_REDIRECT] 
2025-12-16 21:48:35,054 [ERROR] LogOutputStream:75 - [STDERR_REDIRECT] [Fatal Error] :1:1: Premature end of file.
2025-12-16 21:48:35,054 [ERROR] LogOutputStream:75 - [STDERR_REDIRECT] 
2025-12-16 21:48:36,051 [ERROR] LogOutputStream:75 - [STDERR_REDIRECT] [Fatal Error] :1:1: Premature end of file.
2025-12-16 21:48:36,051 [ERROR] LogOutputStream:75 - [STDERR_REDIRECT] 
2025-12-16 21:48:37,050 [ERROR] LogOutputStream:75 - [STDERR_REDIRECT] [Fatal Error] :1:1: Premature end of file.
2025-12-16 21:48:37,050 [ERROR] LogOutputStream:75 - [STDERR_REDIRECT] 
2025-12-16 21:48:38,051 [ERROR] LogOutputStream:75 - [STDERR_REDIRECT] [Fatal Error] :1:1: Premature end of file.
2025-12-16 21:48:38,051 [ERROR] LogOutputStream:75 - [STDERR_REDIRECT] 
2025-12-16 21:48:39,054 [ERROR] LogOutputStream:75 - [STDERR_REDIRECT] [Fatal Error] :1:1: Premature end of file.
2025-12-16 21:48:39,054 [ERROR] LogOutputStream:75 - [STDERR_REDIRECT] 
2025-12-16 21:48:40,053 [ERROR] LogOutputStream:75 - [STDERR_REDIRECT] [Fatal Error] :1:1: Premature end of file.
2025-12-16 21:48:40,053 [ERROR] LogOutputStream:75 - [STDERR_REDIRECT] 
2025-12-16 21:48:41,052 [ERROR] LogOutputStream:75 - [STDERR_REDIRECT] [Fatal Error] :1:1: Premature end of file.
2025-12-16 21:48:41,052 [ERROR] LogOutputStream:75 - [STDERR_REDIRECT] 
2025-12-16 21:48:42,059 [ERROR] LogOutputStream:75 - [STDERR_REDIRECT] [Fatal Error] :1:1: Premature end of file.
2025-12-16 21:48:42,060 [ERROR] LogOutputStream:75 - [STDERR_REDIRECT] 
2025-12-16 21:48:43,057 [ERROR] LogOutputStream:75 - [STDERR_REDIRECT] [Fatal Error] :1:1: Premature end of file.
2025-12-16 21:48:43,058 [ERROR] LogOutputStream:75 - [STDERR_REDIRECT] 
2025-12-16 21:48:44,060 [ERROR] LogOutputStream:75 - [STDERR_REDIRECT] [Fatal Error] :1:1: Premature end of file.
2025-12-16 21:48:44,060 [ERROR] LogOutputStream:75 - [STDERR_REDIRECT] 
2025-12-16 21:48:45,055 [ERROR] LogOutputStream:75 - [STDERR_REDIRECT] [Fatal Error] :1:1: Premature end of file.
2025-12-16 21:48:45,055 [ERROR] LogOutputStream:75 - [STDERR_REDIRECT] 
2025-12-16 21:48:46,053 [ERROR] LogOutputStream:75 - [STDERR_REDIRECT] [Fatal Error] :1:1: Premature end of file.
2025-12-16 21:48:46,053 [ERROR] LogOutputStream:75 - [STDERR_REDIRECT] 
2025-12-16 21:48:47,054 [ERROR] LogOutputStream:75 - [STDERR_REDIRECT] [Fatal Error] :1:1: Premature end of file.
2025-12-16 21:48:47,054 [ERROR] LogOutputStream:75 - [STDERR_REDIRECT] 
2025-12-16 21:48:48,054 [ERROR] LogOutputStream:75 - [STDERR_REDIRECT] [Fatal Error] :1:1: Premature end of file.
2025-12-16 21:48:48,054 [ERROR] LogOutputStream:75 - [STDERR_REDIRECT] 
2025-12-16 21:48:49,052 [ERROR] LogOutputStream:75 - [STDERR_REDIRECT] [Fatal Error] :1:1: Premature end of file.
2025-12-16 21:48:49,052 [ERROR] LogOutputStream:75 - [STDERR_REDIRECT] 
2025-12-16 21:48:50,053 [ERROR] LogOutputStream:75 - [STDERR_REDIRECT] [Fatal Error] :1:1: Premature end of file.
2025-12-16 21:48:50,053 [ERROR] LogOutputStream:75 - [STDERR_REDIRECT] 
2025-12-16 21:48:51,054 [ERROR] LogOutputStream:75 - [STDERR_REDIRECT] [Fatal Error] :1:1: Premature end of file.
2025-12-16 21:48:51,054 [ERROR] LogOutputStream:75 - [STDERR_REDIRECT] 
2025-12-16 21:48:52,053 [ERROR] LogOutputStream:75 - [STDERR_REDIRECT] [Fatal Error] :1:1: Premature end of file.
2025-12-16 21:48:52,053 [ERROR] LogOutputStream:75 - [STDERR_REDIRECT] 
2025-12-16 21:48:53,056 [ERROR] LogOutputStream:75 - [STDERR_REDIRECT] [Fatal Error] :1:1: Premature end of file.
2025-12-16 21:48:53,057 [ERROR] LogOutputStream:75 - [STDERR_REDIRECT] 
2025-12-16 21:48:54,054 [ERROR] LogOutputStream:75 - [STDERR_REDIRECT] [Fatal Error] :1:1: Premature end of file.
2025-12-16 21:48:54,054 [ERROR] LogOutputStream:75 - [STDERR_REDIRECT] 
2025-12-16 21:48:55,056 [ERROR] LogOutputStream:75 - [STDERR_REDIRECT] [Fatal Error] :1:1: Premature end of file.
2025-12-16 21:48:55,056 [ERROR] LogOutputStream:75 - [STDERR_REDIRECT] 
2025-12-16 21:48:56,052 [ERROR] LogOutputStream:75 - [STDERR_REDIRECT] [Fatal Error] :1:1: Premature end of file.
2025-12-16 21:48:56,052 [ERROR] LogOutputStream:75 - [STDERR_REDIRECT] 
2025-12-16 21:48:57,052 [ERROR] LogOutputStream:75 - [STDERR_REDIRECT] [Fatal Error] :1:1: Premature end of file.
2025-12-16 21:48:57,053 [ERROR] LogOutputStream:75 - [STDERR_REDIRECT] 
2025-12-16 21:48:58,050 [ERROR] LogOutputStream:75 - [STDERR_REDIRECT] [Fatal Error] :1:1: Premature end of file.
2025-12-16 21:48:58,050 [ERROR] LogOutputStream:75 - [STDERR_REDIRECT] 
2025-12-16 21:48:59,052 [ERROR] LogOutputStream:75 - [STDERR_REDIRECT] [Fatal Error] :1:1: Premature end of file.
2025-12-16 21:48:59,052 [ERROR] LogOutputStream:75 - [STDERR_REDIRECT] 
2025-12-16 21:49:00,052 [ERROR] LogOutputStream:75 - [STDERR_REDIRECT] [Fatal Error] :1:1: Premature end of file.
2025-12-16 21:49:00,052 [ERROR] LogOutputStream:75 - [STDERR_REDIRECT] 
2025-12-16 21:49:01,051 [ERROR] LogOutputStream:75 - [STDERR_REDIRECT] [Fatal Error] :1:1: Premature end of file.
2025-12-16 21:49:01,051 [ERROR] LogOutputStream:75 - [STDERR_REDIRECT] 
2025-12-16 21:49:02,049 [ERROR] LogOutputStream:75 - [STDERR_REDIRECT] [Fatal Error] :1:1: Premature end of file.
2025-12-16 21:49:02,049 [ERROR] LogOutputStream:75 - [STDERR_REDIRECT] 
2025-12-16 21:49:03,054 [ERROR] LogOutputStream:75 - [STDERR_REDIRECT] [Fatal Error] :1:1: Premature end of file.
2025-12-16 21:49:03,054 [ERROR] LogOutputStream:75 - [STDERR_REDIRECT] 
2025-12-16 21:49:04,051 [ERROR] LogOutputStream:75 - [STDERR_REDIRECT] [Fatal Error] :1:1: Premature end of file.
2025-12-16 21:49:04,051 [ERROR] LogOutputStream:75 - [STDERR_REDIRECT] 
2025-12-16 21:49:05,056 [ERROR] LogOutputStream:75 - [STDERR_REDIRECT] [Fatal Error] :1:1: Premature end of file.
2025-12-16 21:49:05,056 [ERROR] LogOutputStream:75 - [STDERR_REDIRECT] 
2025-12-16 21:49:06,050 [ERROR] LogOutputStream:75 - [STDERR_REDIRECT] [Fatal Error] :1:1: Premature end of file.
2025-12-16 21:49:06,052 [ERROR] LogOutputStream:75 - [STDERR_REDIRECT] 
2025-12-16 21:49:07,051 [ERROR] LogOutputStream:75 - [STDERR_REDIRECT] [Fatal Error] :1:1: Premature end of file.
2025-12-16 21:49:07,051 [ERROR] LogOutputStream:75 - [STDERR_REDIRECT] 
2025-12-16 21:49:08,054 [ERROR] LogOutputStream:75 - [STDERR_REDIRECT] [Fatal Error] :1:1: Premature end of file.
2025-12-16 21:49:08,054 [ERROR] LogOutputStream:75 - [STDERR_REDIRECT] 
2025-12-16 21:49:09,055 [ERROR] LogOutputStream:75 - [STDERR_REDIRECT] [Fatal Error] :1:1: Premature end of file.
2025-12-16 21:49:09,055 [ERROR] LogOutputStream:75 - [STDERR_REDIRECT] 
2025-12-16 21:49:10,058 [ERROR] LogOutputStream:75 - [STDERR_REDIRECT] [Fatal Error] :1:1: Premature end of file.
2025-12-16 21:49:10,058 [ERROR] LogOutputStream:75 - [STDERR_REDIRECT] 
2025-12-16 21:49:11,052 [ERROR] LogOutputStream:75 - [STDERR_REDIRECT] [Fatal Error] :1:1: Premature end of file.
2025-12-16 21:49:11,052 [ERROR] LogOutputStream:75 - [STDERR_REDIRECT] 
2025-12-16 21:49:12,057 [ERROR] LogOutputStream:75 - [STDERR_REDIRECT] [Fatal Error] :1:1: Premature end of file.
2025-12-16 21:49:12,057 [ERROR] LogOutputStream:75 - [STDERR_REDIRECT] 
2025-12-16 21:49:13,056 [ERROR] LogOutputStream:75 - [STDERR_REDIRECT] [Fatal Error] :1:1: Premature end of file.
2025-12-16 21:49:13,056 [ERROR] LogOutputStream:75 - [STDERR_REDIRECT] 
2025-12-16 21:49:14,059 [ERROR] LogOutputStream:75 - [STDERR_REDIRECT] [Fatal Error] :1:1: Premature end of file.
2025-12-16 21:49:14,059 [ERROR] LogOutputStream:75 - [STDERR_REDIRECT] 
2025-12-16 21:49:15,067 [ERROR] LogOutputStream:75 - [STDERR_REDIRECT] [Fatal Error] :1:1: Premature end of file.
2025-12-16 21:49:15,067 [ERROR] LogOutputStream:75 - [STDERR_REDIRECT] 
2025-12-16 21:49:16,059 [ERROR] LogOutputStream:75 - [STDERR_REDIRECT] [Fatal Error] :1:1: Premature end of file.
2025-12-16 21:49:16,059 [ERROR] LogOutputStream:75 - [STDERR_REDIRECT] 
2025-12-16 21:49:17,056 [ERROR] LogOutputStream:75 - [STDERR_REDIRECT] [Fatal Error] :1:1: Premature end of file.
2025-12-16 21:49:17,056 [ERROR] LogOutputStream:75 - [STDERR_REDIRECT] 
2025-12-16 21:49:18,059 [ERROR] LogOutputStream:75 - [STDERR_REDIRECT] [Fatal Error] :1:1: Premature end of file.
2025-12-16 21:49:18,059 [ERROR] LogOutputStream:75 - [STDERR_REDIRECT] 
2025-12-16 21:49:19,055 [ERROR] LogOutputStream:75 - [STDERR_REDIRECT] [Fatal Error] :1:1: Premature end of file.
2025-12-16 21:49:19,056 [ERROR] LogOutputStream:75 - [STDERR_REDIRECT] 
2025-12-16 21:49:20,057 [ERROR] LogOutputStream:75 - [STDERR_REDIRECT] [Fatal Error] :1:1: Premature end of file.
2025-12-16 21:49:20,057 [ERROR] LogOutputStream:75 - [STDERR_REDIRECT] 
2025-12-16 21:49:21,050 [ERROR] LogOutputStream:75 - [STDERR_REDIRECT] [Fatal Error] :1:1: Premature end of file.
2025-12-16 21:49:21,050 [ERROR] LogOutputStream:75 - [STDERR_REDIRECT] 
2025-12-16 21:49:22,053 [ERROR] LogOutputStream:75 - [STDERR_REDIRECT] [Fatal Error] :1:1: Premature end of file.
2025-12-16 21:49:22,053 [ERROR] LogOutputStream:75 - [STDERR_REDIRECT] 
2025-12-16 21:49:23,050 [ERROR] LogOutputStream:75 - [STDERR_REDIRECT] [Fatal Error] :1:1: Premature end of file.
2025-12-16 21:49:23,050 [ERROR] LogOutputStream:75 - [STDERR_REDIRECT] 
2025-12-16 21:49:24,052 [ERROR] LogOutputStream:75 - [STDERR_REDIRECT] [Fatal Error] :1:1: Premature end of file.
2025-12-16 21:49:24,052 [ERROR] LogOutputStream:75 - [STDERR_REDIRECT] 
2025-12-16 21:49:25,052 [ERROR] LogOutputStream:75 - [STDERR_REDIRECT] [Fatal Error] :1:1: Premature end of file.
2025-12-16 21:49:25,052 [ERROR] LogOutputStream:75 - [STDERR_REDIRECT] 
2025-12-16 21:49:26,052 [ERROR] LogOutputStream:75 - [STDERR_REDIRECT] [Fatal Error] :1:1: Premature end of file.
2025-12-16 21:49:26,052 [ERROR] LogOutputStream:75 - [STDERR_REDIRECT] 
2025-12-16 21:49:27,053 [ERROR] LogOutputStream:75 - [STDERR_REDIRECT] [Fatal Error] :1:1: Premature end of file.
2025-12-16 21:49:27,053 [ERROR] LogOutputStream:75 - [STDERR_REDIRECT] 
2025-12-16 21:49:28,053 [ERROR] LogOutputStream:75 - [STDERR_REDIRECT] [Fatal Error] :1:1: Premature end of file.
2025-12-16 21:49:28,053 [ERROR] LogOutputStream:75 - [STDERR_REDIRECT] 
2025-12-16 21:49:29,054 [ERROR] LogOutputStream:75 - [STDERR_REDIRECT] [Fatal Error] :1:1: Premature end of file.
2025-12-16 21:49:29,054 [ERROR] LogOutputStream:75 - [STDERR_REDIRECT] 
2025-12-16 21:49:30,051 [ERROR] LogOutputStream:75 - [STDERR_REDIRECT] [Fatal Error] :1:1: Premature end of file.
2025-12-16 21:49:30,051 [ERROR] LogOutputStream:75 - [STDERR_REDIRECT] 
2025-12-16 21:49:31,052 [ERROR] LogOutputStream:75 - [STDERR_REDIRECT] [Fatal Error] :1:1: Premature end of file.
2025-12-16 21:49:31,052 [ERROR] LogOutputStream:75 - [STDERR_REDIRECT] 
2025-12-16 21:49:32,051 [ERROR] LogOutputStream:75 - [STDERR_REDIRECT] [Fatal Error] :1:1: Premature end of file.
2025-12-16 21:49:32,051 [ERROR] LogOutputStream:75 - [STDERR_REDIRECT] 
2025-12-16 21:49:33,050 [ERROR] LogOutputStream:75 - [STDERR_REDIRECT] [Fatal Error] :1:1: Premature end of file.
2025-12-16 21:49:33,050 [ERROR] LogOutputStream:75 - [STDERR_REDIRECT] 
2025-12-16 21:49:34,064 [ERROR] LogOutputStream:75 - [STDERR_REDIRECT] [Fatal Error] :1:1: Premature end of file.
2025-12-16 21:49:34,064 [ERROR] LogOutputStream:75 - [STDERR_REDIRECT] 
2025-12-16 21:49:35,052 [ERROR] LogOutputStream:75 - [STDERR_REDIRECT] [Fatal Error] :1:1: Premature end of file.
2025-12-16 21:49:35,053 [ERROR] LogOutputStream:75 - [STDERR_REDIRECT] 
2025-12-16 21:49:36,050 [ERROR] LogOutputStream:75 - [STDERR_REDIRECT] [Fatal Error] :1:1: Premature end of file.
2025-12-16 21:49:36,050 [ERROR] LogOutputStream:75 - [STDERR_REDIRECT] 
2025-12-16 21:49:37,051 [ERROR] LogOutputStream:75 - [STDERR_REDIRECT] [Fatal Error] :1:1: Premature end of file.
2025-12-16 21:49:37,051 [ERROR] LogOutputStream:75 - [STDERR_REDIRECT] 
2025-12-16 21:49:38,051 [ERROR] LogOutputStream:75 - [STDERR_REDIRECT] [Fatal Error] :1:1: Premature end of file.
2025-12-16 21:49:38,051 [ERROR] LogOutputStream:75 - [STDERR_REDIRECT] 
2025-12-16 21:49:39,052 [ERROR] LogOutputStream:75 - [STDERR_REDIRECT] [Fatal Error] :1:1: Premature end of file.
2025-12-16 21:49:39,052 [ERROR] LogOutputStream:75 - [STDERR_REDIRECT] 
2025-12-16 21:49:40,055 [ERROR] LogOutputStream:75 - [STDERR_REDIRECT] [Fatal Error] :1:1: Premature end of file.
2025-12-16 21:49:40,055 [ERROR] LogOutputStream:75 - [STDERR_REDIRECT] 
2025-12-16 21:49:41,050 [ERROR] LogOutputStream:75 - [STDERR_REDIRECT] [Fatal Error] :1:1: Premature end of file.
2025-12-16 21:49:41,050 [ERROR] LogOutputStream:75 - [STDERR_REDIRECT] 
2025-12-16 21:49:42,052 [ERROR] LogOutputStream:75 - [STDERR_REDIRECT] [Fatal Error] :1:1: Premature end of file.
2025-12-16 21:49:42,052 [ERROR] LogOutputStream:75 - [STDERR_REDIRECT] 
2025-12-16 21:49:43,054 [ERROR] LogOutputStream:75 - [STDERR_REDIRECT] [Fatal Error] :1:1: Premature end of file.
2025-12-16 21:49:43,054 [ERROR] LogOutputStream:75 - [STDERR_REDIRECT] 
2025-12-16 21:49:44,051 [ERROR] LogOutputStream:75 - [STDERR_REDIRECT] [Fatal Error] :1:1: Premature end of file.
2025-12-16 21:49:44,051 [ERROR] LogOutputStream:75 - [STDERR_REDIRECT] 
2025-12-16 21:49:45,055 [ERROR] LogOutputStream:75 - [STDERR_REDIRECT] [Fatal Error] :1:1: Premature end of file.
2025-12-16 21:49:45,055 [ERROR] LogOutputStream:75 - [STDERR_REDIRECT] 
2025-12-16 21:49:46,057 [ERROR] LogOutputStream:75 - [STDERR_REDIRECT] [Fatal Error] :1:1: Premature end of file.
2025-12-16 21:49:46,057 [ERROR] LogOutputStream:75 - [STDERR_REDIRECT] 
2025-12-16 21:49:47,050 [ERROR] LogOutputStream:75 - [STDERR_REDIRECT] [Fatal Error] :1:1: Premature end of file.
2025-12-16 21:49:47,050 [ERROR] LogOutputStream:75 - [STDERR_REDIRECT] 
2025-12-16 21:49:48,064 [ERROR] LogOutputStream:75 - [STDERR_REDIRECT] [Fatal Error] :1:1: Premature end of file.
2025-12-16 21:49:48,064 [ERROR] LogOutputStream:75 - [STDERR_REDIRECT] 
2025-12-16 21:49:49,052 [ERROR] LogOutputStream:75 - [STDERR_REDIRECT] [Fatal Error] :1:1: Premature end of file.
2025-12-16 21:49:49,052 [ERROR] LogOutputStream:75 - [STDERR_REDIRECT] 
2025-12-16 21:49:50,050 [ERROR] LogOutputStream:75 - [STDERR_REDIRECT] [Fatal Error] :1:1: Premature end of file.
2025-12-16 21:49:50,050 [ERROR] LogOutputStream:75 - [STDERR_REDIRECT] 
2025-12-16 21:49:51,061 [ERROR] LogOutputStream:75 - [STDERR_REDIRECT] [Fatal Error] :1:1: Premature end of file.
2025-12-16 21:49:51,062 [ERROR] LogOutputStream:75 - [STDERR_REDIRECT] 
2025-12-16 21:49:52,051 [ERROR] LogOutputStream:75 - [STDERR_REDIRECT] [Fatal Error] :1:1: Premature end of file.
2025-12-16 21:49:52,051 [ERROR] LogOutputStream:75 - [STDERR_REDIRECT] 
2025-12-16 21:49:53,056 [ERROR] LogOutputStream:75 - [STDERR_REDIRECT] [Fatal Error] :1:1: Premature end of file.
2025-12-16 21:49:53,056 [ERROR] LogOutputStream:75 - [STDERR_REDIRECT] 
2025-12-16 21:49:54,050 [ERROR] LogOutputStream:75 - [STDERR_REDIRECT] [Fatal Error] :1:1: Premature end of file.
2025-12-16 21:49:54,050 [ERROR] LogOutputStream:75 - [STDERR_REDIRECT] 
2025-12-16 21:49:55,066 [ERROR] LogOutputStream:75 - [STDERR_REDIRECT] [Fatal Error] :1:1: Premature end of file.
2025-12-16 21:49:55,066 [ERROR] LogOutputStream:75 - [STDERR_REDIRECT] 
2025-12-16 21:49:56,052 [ERROR] LogOutputStream:75 - [STDERR_REDIRECT] [Fatal Error] :1:1: Premature end of file.
2025-12-16 21:49:56,052 [ERROR] LogOutputStream:75 - [STDERR_REDIRECT] 
2025-12-16 21:49:57,054 [ERROR] LogOutputStream:75 - [STDERR_REDIRECT] [Fatal Error] :1:1: Premature end of file.
2025-12-16 21:49:57,054 [ERROR] LogOutputStream:75 - [STDERR_REDIRECT] 
2025-12-16 21:49:58,060 [ERROR] LogOutputStream:75 - [STDERR_REDIRECT] [Fatal Error] :1:1: Premature end of file.
2025-12-16 21:49:58,060 [ERROR] LogOutputStream:75 - [STDERR_REDIRECT] 
2025-12-16 21:49:59,052 [ERROR] LogOutputStream:75 - [STDERR_REDIRECT] [Fatal Error] :1:1: Premature end of file.
2025-12-16 21:49:59,052 [ERROR] LogOutputStream:75 - [STDERR_REDIRECT] 
2025-12-16 21:50:00,057 [ERROR] LogOutputStream:75 - [STDERR_REDIRECT] [Fatal Error] :1:1: Premature end of file.
2025-12-16 21:50:00,057 [ERROR] LogOutputStream:75 - [STDERR_REDIRECT] 
2025-12-16 21:50:01,051 [ERROR] LogOutputStream:75 - [STDERR_REDIRECT] [Fatal Error] :1:1: Premature end of file.
2025-12-16 21:50:01,052 [ERROR] LogOutputStream:75 - [STDERR_REDIRECT] 
2025-12-16 21:50:02,053 [ERROR] LogOutputStream:75 - [STDERR_REDIRECT] [Fatal Error] :1:1: Premature end of file.
2025-12-16 21:50:02,053 [ERROR] LogOutputStream:75 - [STDERR_REDIRECT] 
2025-12-16 21:50:03,054 [ERROR] LogOutputStream:75 - [STDERR_REDIRECT] [Fatal Error] :1:1: Premature end of file.
2025-12-16 21:50:03,054 [ERROR] LogOutputStream:75 - [STDERR_REDIRECT] 
2025-12-16 21:50:04,051 [ERROR] LogOutputStream:75 - [STDERR_REDIRECT] [Fatal Error] :1:1: Premature end of file.
2025-12-16 21:50:04,051 [ERROR] LogOutputStream:75 - [STDERR_REDIRECT] 
2025-12-16 21:50:05,052 [ERROR] LogOutputStream:75 - [STDERR_REDIRECT] [Fatal Error] :1:1: Premature end of file.
2025-12-16 21:50:05,052 [ERROR] LogOutputStream:75 - [STDERR_REDIRECT] 
2025-12-16 21:50:06,051 [ERROR] LogOutputStream:75 - [STDERR_REDIRECT] [Fatal Error] :1:1: Premature end of file.
2025-12-16 21:50:06,051 [ERROR] LogOutputStream:75 - [STDERR_REDIRECT] 
2025-12-16 21:50:07,052 [ERROR] LogOutputStream:75 - [STDERR_REDIRECT] [Fatal Error] :1:1: Premature end of file.
2025-12-16 21:50:07,052 [ERROR] LogOutputStream:75 - [STDERR_REDIRECT] 
2025-12-16 21:50:08,048 [ERROR] LogOutputStream:75 - [STDERR_REDIRECT] [Fatal Error] :1:1: Premature end of file.
2025-12-16 21:50:08,048 [ERROR] LogOutputStream:75 - [STDERR_REDIRECT] 
2025-12-16 21:50:09,048 [ERROR] LogOutputStream:75 - [STDERR_REDIRECT] [Fatal Error] :1:1: Premature end of file.
2025-12-16 21:50:09,048 [ERROR] LogOutputStream:75 - [STDERR_REDIRECT] 
2025-12-16 21:50:10,048 [ERROR] LogOutputStream:75 - [STDERR_REDIRECT] [Fatal Error] :1:1: Premature end of file.
2025-12-16 21:50:10,048 [ERROR] LogOutputStream:75 - [STDERR_REDIRECT] 
2025-12-16 21:50:11,048 [ERROR] LogOutputStream:75 - [STDERR_REDIRECT] [Fatal Error] :1:1: Premature end of file.
2025-12-16 21:50:11,048 [ERROR] LogOutputStream:75 - [STDERR_REDIRECT] 
2025-12-16 21:50:12,048 [ERROR] LogOutputStream:75 - [STDERR_REDIRECT] [Fatal Error] :1:1: Premature end of file.
2025-12-16 21:50:12,049 [ERROR] LogOutputStream:75 - [STDERR_REDIRECT] 
2025-12-16 21:50:13,048 [ERROR] LogOutputStream:75 - [STDERR_REDIRECT] [Fatal Error] :1:1: Premature end of file.
2025-12-16 21:50:13,048 [ERROR] LogOutputStream:75 - [STDERR_REDIRECT] 
2025-12-16 21:50:14,050 [ERROR] LogOutputStream:75 - [STDERR_REDIRECT] [Fatal Error] :1:1: Premature end of file.
2025-12-16 21:50:14,050 [ERROR] LogOutputStream:75 - [STDERR_REDIRECT] 
2025-12-16 21:50:15,048 [ERROR] LogOutputStream:75 - [STDERR_REDIRECT] [Fatal Error] :1:1: Premature end of file.
2025-12-16 21:50:15,048 [ERROR] LogOutputStream:75 - [STDERR_REDIRECT] 
2025-12-16 21:50:16,048 [ERROR] LogOutputStream:75 - [STDERR_REDIRECT] [Fatal Error] :1:1: Premature end of file.
2025-12-16 21:50:16,048 [ERROR] LogOutputStream:75 - [STDERR_REDIRECT] 
2025-12-16 21:50:17,050 [ERROR] LogOutputStream:75 - [STDERR_REDIRECT] [Fatal Error] :1:1: Premature end of file.
2025-12-16 21:50:17,050 [ERROR] LogOutputStream:75 - [STDERR_REDIRECT] 
2025-12-16 21:50:18,054 [ERROR] LogOutputStream:75 - [STDERR_REDIRECT] [Fatal Error] :1:1: Premature end of file.
2025-12-16 21:50:18,054 [ERROR] LogOutputStream:75 - [STDERR_REDIRECT] 
2025-12-16 21:50:19,048 [ERROR] LogOutputStream:75 - [STDERR_REDIRECT] [Fatal Error] :1:1: Premature end of file.
2025-12-16 21:50:19,048 [ERROR] LogOutputStream:75 - [STDERR_REDIRECT] 
2025-12-16 21:50:20,048 [ERROR] LogOutputStream:75 - [STDERR_REDIRECT] [Fatal Error] :1:1: Premature end of file.
2025-12-16 21:50:20,048 [ERROR] LogOutputStream:75 - [STDERR_REDIRECT] 
2025-12-16 21:50:21,058 [ERROR] LogOutputStream:75 - [STDERR_REDIRECT] [Fatal Error] :1:1: Premature end of file.
2025-12-16 21:50:21,058 [ERROR] LogOutputStream:75 - [STDERR_REDIRECT] 
2025-12-16 21:50:22,049 [ERROR] LogOutputStream:75 - [STDERR_REDIRECT] [Fatal Error] :1:1: Premature end of file.
2025-12-16 21:50:22,049 [ERROR] LogOutputStream:75 - [STDERR_REDIRECT] 
2025-12-16 21:50:23,057 [ERROR] LogOutputStream:75 - [STDERR_REDIRECT] [Fatal Error] :1:1: Premature end of file.
2025-12-16 21:50:23,057 [ERROR] LogOutputStream:75 - [STDERR_REDIRECT] 
2025-12-16 21:50:24,051 [ERROR] LogOutputStream:75 - [STDERR_REDIRECT] [Fatal Error] :1:1: Premature end of file.
2025-12-16 21:50:24,051 [ERROR] LogOutputStream:75 - [STDERR_REDIRECT] 
2025-12-16 21:50:25,048 [ERROR] LogOutputStream:75 - [STDERR_REDIRECT] [Fatal Error] :1:1: Premature end of file.
2025-12-16 21:50:25,048 [ERROR] LogOutputStream:75 - [STDERR_REDIRECT] 
2025-12-16 21:50:26,050 [ERROR] LogOutputStream:75 - [STDERR_REDIRECT] [Fatal Error] :1:1: Premature end of file.
2025-12-16 21:50:26,050 [ERROR] LogOutputStream:75 - [STDERR_REDIRECT] 
2025-12-16 21:50:27,052 [ERROR] LogOutputStream:75 - [STDERR_REDIRECT] [Fatal Error] :1:1: Premature end of file.
2025-12-16 21:50:27,052 [ERROR] LogOutputStream:75 - [STDERR_REDIRECT] 
2025-12-16 21:50:28,050 [ERROR] LogOutputStream:75 - [STDERR_REDIRECT] [Fatal Error] :1:1: Premature end of file.
2025-12-16 21:50:28,050 [ERROR] LogOutputStream:75 - [STDERR_REDIRECT] 
2025-12-16 21:50:29,050 [ERROR] LogOutputStream:75 - [STDERR_REDIRECT] [Fatal Error] :1:1: Premature end of file.
2025-12-16 21:50:29,050 [ERROR] LogOutputStream:75 - [STDERR_REDIRECT] 
2025-12-16 21:50:30,050 [ERROR] LogOutputStream:75 - [STDERR_REDIRECT] [Fatal Error] :1:1: Premature end of file.
2025-12-16 21:50:30,050 [ERROR] LogOutputStream:75 - [STDERR_REDIRECT] 
2025-12-16 21:50:31,061 [ERROR] LogOutputStream:75 - [STDERR_REDIRECT] [Fatal Error] :1:1: Premature end of file.
2025-12-16 21:50:31,061 [ERROR] LogOutputStream:75 - [STDERR_REDIRECT] 
2025-12-16 21:50:32,051 [ERROR] LogOutputStream:75 - [STDERR_REDIRECT] [Fatal Error] :1:1: Premature end of file.
2025-12-16 21:50:32,051 [ERROR] LogOutputStream:75 - [STDERR_REDIRECT] 
2025-12-16 21:50:33,048 [ERROR] LogOutputStream:75 - [STDERR_REDIRECT] [Fatal Error] :1:1: Premature end of file.
2025-12-16 21:50:33,048 [ERROR] LogOutputStream:75 - [STDERR_REDIRECT] 
2025-12-16 21:50:34,049 [ERROR] LogOutputStream:75 - [STDERR_REDIRECT] [Fatal Error] :1:1: Premature end of file.
2025-12-16 21:50:34,049 [ERROR] LogOutputStream:75 - [STDERR_REDIRECT] 
2025-12-16 21:50:35,048 [ERROR] LogOutputStream:75 - [STDERR_REDIRECT] [Fatal Error] :1:1: Premature end of file.
2025-12-16 21:50:35,049 [ERROR] LogOutputStream:75 - [STDERR_REDIRECT] 
2025-12-16 21:50:36,049 [ERROR] LogOutputStream:75 - [STDERR_REDIRECT] [Fatal Error] :1:1: Premature end of file.
2025-12-16 21:50:36,049 [ERROR] LogOutputStream:75 - [STDERR_REDIRECT] 
2025-12-16 21:50:37,047 [ERROR] LogOutputStream:75 - [STDERR_REDIRECT] [Fatal Error] :1:1: Premature end of file.
2025-12-16 21:50:37,047 [ERROR] LogOutputStream:75 - [STDERR_REDIRECT] 
2025-12-16 21:50:38,048 [ERROR] LogOutputStream:75 - [STDERR_REDIRECT] [Fatal Error] :1:1: Premature end of file.
2025-12-16 21:50:38,048 [ERROR] LogOutputStream:75 - [STDERR_REDIRECT] 
2025-12-16 21:50:39,063 [ERROR] LogOutputStream:75 - [STDERR_REDIRECT] [Fatal Error] :1:1: Premature end of file.
2025-12-16 21:50:39,063 [ERROR] LogOutputStream:75 - [STDERR_REDIRECT] 
2025-12-16 21:50:40,048 [ERROR] LogOutputStream:75 - [STDERR_REDIRECT] [Fatal Error] :1:1: Premature end of file.
2025-12-16 21:50:40,049 [ERROR] LogOutputStream:75 - [STDERR_REDIRECT] 
2025-12-16 21:50:41,052 [ERROR] LogOutputStream:75 - [STDERR_REDIRECT] [Fatal Error] :1:1: Premature end of file.
2025-12-16 21:50:41,053 [ERROR] LogOutputStream:75 - [STDERR_REDIRECT] 
2025-12-16 21:50:42,047 [ERROR] LogOutputStream:75 - [STDERR_REDIRECT] [Fatal Error] :1:1: Premature end of file.
2025-12-16 21:50:42,047 [ERROR] LogOutputStream:75 - [STDERR_REDIRECT] 
2025-12-16 21:50:43,047 [ERROR] LogOutputStream:75 - [STDERR_REDIRECT] [Fatal Error] :1:1: Premature end of file.
2025-12-16 21:50:43,047 [ERROR] LogOutputStream:75 - [STDERR_REDIRECT] 
2025-12-16 21:50:44,059 [ERROR] LogOutputStream:75 - [STDERR_REDIRECT] [Fatal Error] :1:1: Premature end of file.
2025-12-16 21:50:44,060 [ERROR] LogOutputStream:75 - [STDERR_REDIRECT] 
2025-12-16 21:50:45,047 [ERROR] LogOutputStream:75 - [STDERR_REDIRECT] [Fatal Error] :1:1: Premature end of file.
2025-12-16 21:50:45,047 [ERROR] LogOutputStream:75 - [STDERR_REDIRECT] 
2025-12-16 21:50:46,047 [ERROR] LogOutputStream:75 - [STDERR_REDIRECT] [Fatal Error] :1:1: Premature end of file.
2025-12-16 21:50:46,047 [ERROR] LogOutputStream:75 - [STDERR_REDIRECT] 
2025-12-16 21:50:47,048 [ERROR] LogOutputStream:75 - [STDERR_REDIRECT] [Fatal Error] :1:1: Premature end of file.
2025-12-16 21:50:47,048 [ERROR] LogOutputStream:75 - [STDERR_REDIRECT] 
2025-12-16 21:50:48,048 [ERROR] LogOutputStream:75 - [STDERR_REDIRECT] [Fatal Error] :1:1: Premature end of file.
2025-12-16 21:50:48,048 [ERROR] LogOutputStream:75 - [STDERR_REDIRECT] 
2025-12-16 21:50:49,050 [ERROR] LogOutputStream:75 - [STDERR_REDIRECT] [Fatal Error] :1:1: Premature end of file.
2025-12-16 21:50:49,051 [ERROR] LogOutputStream:75 - [STDERR_REDIRECT] 
2025-12-16 21:50:50,048 [ERROR] LogOutputStream:75 - [STDERR_REDIRECT] [Fatal Error] :1:1: Premature end of file.
2025-12-16 21:50:50,049 [ERROR] LogOutputStream:75 - [STDERR_REDIRECT] 
2025-12-16 21:50:51,050 [ERROR] LogOutputStream:75 - [STDERR_REDIRECT] [Fatal Error] :1:1: Premature end of file.
2025-12-16 21:50:51,050 [ERROR] LogOutputStream:75 - [STDERR_REDIRECT] 
2025-12-16 21:50:52,049 [ERROR] LogOutputStream:75 - [STDERR_REDIRECT] [Fatal Error] :1:1: Premature end of file.
2025-12-16 21:50:52,049 [ERROR] LogOutputStream:75 - [STDERR_REDIRECT] 
2025-12-16 21:50:53,062 [ERROR] LogOutputStream:75 - [STDERR_REDIRECT] [Fatal Error] :1:1: Premature end of file.
2025-12-16 21:50:53,062 [ERROR] LogOutputStream:75 - [STDERR_REDIRECT] 
2025-12-16 21:50:54,048 [ERROR] LogOutputStream:75 - [STDERR_REDIRECT] [Fatal Error] :1:1: Premature end of file.
2025-12-16 21:50:54,048 [ERROR] LogOutputStream:75 - [STDERR_REDIRECT] 
2025-12-16 21:50:55,051 [ERROR] LogOutputStream:75 - [STDERR_REDIRECT] [Fatal Error] :1:1: Premature end of file.
2025-12-16 21:50:55,051 [ERROR] LogOutputStream:75 - [STDERR_REDIRECT] 
2025-12-16 21:50:56,050 [ERROR] LogOutputStream:75 - [STDERR_REDIRECT] [Fatal Error] :1:1: Premature end of file.
2025-12-16 21:50:56,050 [ERROR] LogOutputStream:75 - [STDERR_REDIRECT] 
2025-12-16 21:50:57,049 [ERROR] LogOutputStream:75 - [STDERR_REDIRECT] [Fatal Error] :1:1: Premature end of file.
2025-12-16 21:50:57,049 [ERROR] LogOutputStream:75 - [STDERR_REDIRECT] 
2025-12-16 21:50:58,050 [ERROR] LogOutputStream:75 - [STDERR_REDIRECT] [Fatal Error] :1:1: Premature end of file.
2025-12-16 21:50:58,051 [ERROR] LogOutputStream:75 - [STDERR_REDIRECT] 
2025-12-16 21:50:59,051 [ERROR] LogOutputStream:75 - [STDERR_REDIRECT] [Fatal Error] :1:1: Premature end of file.
2025-12-16 21:50:59,051 [ERROR] LogOutputStream:75 - [STDERR_REDIRECT] 
2025-12-16 21:51:00,062 [ERROR] LogOutputStream:75 - [STDERR_REDIRECT] [Fatal Error] :1:1: Premature end of file.
2025-12-16 21:51:00,062 [ERROR] LogOutputStream:75 - [STDERR_REDIRECT] 
2025-12-16 21:51:01,051 [ERROR] LogOutputStream:75 - [STDERR_REDIRECT] [Fatal Error] :1:1: Premature end of file.
2025-12-16 21:51:01,051 [ERROR] LogOutputStream:75 - [STDERR_REDIRECT] 
2025-12-16 21:51:02,051 [ERROR] LogOutputStream:75 - [STDERR_REDIRECT] [Fatal Error] :1:1: Premature end of file.
2025-12-16 21:51:02,051 [ERROR] LogOutputStream:75 - [STDERR_REDIRECT] 
2025-12-16 21:51:03,053 [ERROR] LogOutputStream:75 - [STDERR_REDIRECT] [Fatal Error] :1:1: Premature end of file.
2025-12-16 21:51:03,053 [ERROR] LogOutputStream:75 - [STDERR_REDIRECT] 
2025-12-16 21:51:04,050 [ERROR] LogOutputStream:75 - [STDERR_REDIRECT] [Fatal Error] :1:1: Premature end of file.
2025-12-16 21:51:04,051 [ERROR] LogOutputStream:75 - [STDERR_REDIRECT] 
2025-12-16 21:51:05,050 [ERROR] LogOutputStream:75 - [STDERR_REDIRECT] [Fatal Error] :1:1: Premature end of file.
2025-12-16 21:51:05,050 [ERROR] LogOutputStream:75 - [STDERR_REDIRECT] 
2025-12-16 21:51:06,054 [ERROR] LogOutputStream:75 - [STDERR_REDIRECT] [Fatal Error] :1:1: Premature end of file.
2025-12-16 21:51:06,054 [ERROR] LogOutputStream:75 - [STDERR_REDIRECT] 
2025-12-16 21:51:07,053 [ERROR] LogOutputStream:75 - [STDERR_REDIRECT] [Fatal Error] :1:1: Premature end of file.
2025-12-16 21:51:07,054 [ERROR] LogOutputStream:75 - [STDERR_REDIRECT] 
2025-12-16 21:51:08,058 [ERROR] LogOutputStream:75 - [STDERR_REDIRECT] [Fatal Error] :1:1: Premature end of file.
2025-12-16 21:51:08,058 [ERROR] LogOutputStream:75 - [STDERR_REDIRECT] 
2025-12-16 21:51:09,060 [ERROR] LogOutputStream:75 - [STDERR_REDIRECT] [Fatal Error] :1:1: Premature end of file.
2025-12-16 21:51:09,060 [ERROR] LogOutputStream:75 - [STDERR_REDIRECT] 
2025-12-16 21:51:10,050 [ERROR] LogOutputStream:75 - [STDERR_REDIRECT] [Fatal Error] :1:1: Premature end of file.
2025-12-16 21:51:10,050 [ERROR] LogOutputStream:75 - [STDERR_REDIRECT] 
2025-12-16 21:51:11,053 [ERROR] LogOutputStream:75 - [STDERR_REDIRECT] [Fatal Error] :1:1: Premature end of file.
2025-12-16 21:51:11,054 [ERROR] LogOutputStream:75 - [STDERR_REDIRECT] 
2025-12-16 21:51:12,049 [ERROR] LogOutputStream:75 - [STDERR_REDIRECT] [Fatal Error] :1:1: Premature end of file.
2025-12-16 21:51:12,050 [ERROR] LogOutputStream:75 - [STDERR_REDIRECT] 
2025-12-16 21:51:13,070 [ERROR] LogOutputStream:75 - [STDERR_REDIRECT] [Fatal Error] :1:1: Premature end of file.
2025-12-16 21:51:13,070 [ERROR] LogOutputStream:75 - [STDERR_REDIRECT] 
2025-12-16 21:51:14,051 [ERROR] LogOutputStream:75 - [STDERR_REDIRECT] [Fatal Error] :1:1: Premature end of file.
2025-12-16 21:51:14,051 [ERROR] LogOutputStream:75 - [STDERR_REDIRECT] 
2025-12-16 21:51:15,052 [ERROR] LogOutputStream:75 - [STDERR_REDIRECT] [Fatal Error] :1:1: Premature end of file.
2025-12-16 21:51:15,053 [ERROR] LogOutputStream:75 - [STDERR_REDIRECT] 
2025-12-16 21:51:16,049 [ERROR] LogOutputStream:75 - [STDERR_REDIRECT] [Fatal Error] :1:1: Premature end of file.
2025-12-16 21:51:16,050 [ERROR] LogOutputStream:75 - [STDERR_REDIRECT] 
2025-12-16 21:51:17,066 [ERROR] LogOutputStream:75 - [STDERR_REDIRECT] [Fatal Error] :1:1: Premature end of file.
2025-12-16 21:51:17,066 [ERROR] LogOutputStream:75 - [STDERR_REDIRECT] 
2025-12-16 21:51:18,054 [ERROR] LogOutputStream:75 - [STDERR_REDIRECT] [Fatal Error] :1:1: Premature end of file.
2025-12-16 21:51:18,054 [ERROR] LogOutputStream:75 - [STDERR_REDIRECT] 
2025-12-16 21:51:19,051 [ERROR] LogOutputStream:75 - [STDERR_REDIRECT] [Fatal Error] :1:1: Premature end of file.
2025-12-16 21:51:19,051 [ERROR] LogOutputStream:75 - [STDERR_REDIRECT] 
2025-12-16 21:51:20,056 [ERROR] LogOutputStream:75 - [STDERR_REDIRECT] [Fatal Error] :1:1: Premature end of file.
2025-12-16 21:51:20,058 [ERROR] LogOutputStream:75 - [STDERR_REDIRECT] 
2025-12-16 21:51:21,050 [ERROR] LogOutputStream:75 - [STDERR_REDIRECT] [Fatal Error] :1:1: Premature end of file.
2025-12-16 21:51:21,050 [ERROR] LogOutputStream:75 - [STDERR_REDIRECT] 
2025-12-16 21:51:22,057 [ERROR] LogOutputStream:75 - [STDERR_REDIRECT] [Fatal Error] :1:1: Premature end of file.
2025-12-16 21:51:22,057 [ERROR] LogOutputStream:75 - [STDERR_REDIRECT] 
2025-12-16 21:51:23,060 [ERROR] LogOutputStream:75 - [STDERR_REDIRECT] [Fatal Error] :1:1: Premature end of file.
2025-12-16 21:51:23,060 [ERROR] LogOutputStream:75 - [STDERR_REDIRECT] 
2025-12-16 21:51:24,052 [ERROR] LogOutputStream:75 - [STDERR_REDIRECT] [Fatal Error] :1:1: Premature end of file.
2025-12-16 21:51:24,052 [ERROR] LogOutputStream:75 - [STDERR_REDIRECT] 
2025-12-16 21:51:25,054 [ERROR] LogOutputStream:75 - [STDERR_REDIRECT] [Fatal Error] :1:1: Premature end of file.
2025-12-16 21:51:25,054 [ERROR] LogOutputStream:75 - [STDERR_REDIRECT] 
2025-12-16 21:51:26,051 [ERROR] LogOutputStream:75 - [STDERR_REDIRECT] [Fatal Error] :1:1: Premature end of file.
2025-12-16 21:51:26,051 [ERROR] LogOutputStream:75 - [STDERR_REDIRECT] 
2025-12-16 21:51:27,055 [ERROR] LogOutputStream:75 - [STDERR_REDIRECT] [Fatal Error] :1:1: Premature end of file.
2025-12-16 21:51:27,055 [ERROR] LogOutputStream:75 - [STDERR_REDIRECT] 
2025-12-16 21:51:28,051 [ERROR] LogOutputStream:75 - [STDERR_REDIRECT] [Fatal Error] :1:1: Premature end of file.
2025-12-16 21:51:28,051 [ERROR] LogOutputStream:75 - [STDERR_REDIRECT] 
2025-12-16 21:51:29,067 [ERROR] LogOutputStream:75 - [STDERR_REDIRECT] [Fatal Error] :1:1: Premature end of file.
2025-12-16 21:51:29,067 [ERROR] LogOutputStream:75 - [STDERR_REDIRECT] 
2025-12-16 21:51:30,052 [ERROR] LogOutputStream:75 - [STDERR_REDIRECT] [Fatal Error] :1:1: Premature end of file.
2025-12-16 21:51:30,052 [ERROR] LogOutputStream:75 - [STDERR_REDIRECT] 
2025-12-16 21:51:31,048 [ERROR] LogOutputStream:75 - [STDERR_REDIRECT] [Fatal Error] :1:1: Premature end of file.
2025-12-16 21:51:31,048 [ERROR] LogOutputStream:75 - [STDERR_REDIRECT] 
2025-12-16 21:51:32,049 [ERROR] LogOutputStream:75 - [STDERR_REDIRECT] [Fatal Error] :1:1: Premature end of file.
2025-12-16 21:51:32,049 [ERROR] LogOutputStream:75 - [STDERR_REDIRECT] 
2025-12-16 21:51:33,049 [ERROR] LogOutputStream:75 - [STDERR_REDIRECT] [Fatal Error] :1:1: Premature end of file.
2025-12-16 21:51:33,049 [ERROR] LogOutputStream:75 - [STDERR_REDIRECT] 
2025-12-16 21:51:34,060 [ERROR] LogOutputStream:75 - [STDERR_REDIRECT] [Fatal Error] :1:1: Premature end of file.
2025-12-16 21:51:34,060 [ERROR] LogOutputStream:75 - [STDERR_REDIRECT] 
2025-12-16 21:51:35,049 [ERROR] LogOutputStream:75 - [STDERR_REDIRECT] [Fatal Error] :1:1: Premature end of file.
2025-12-16 21:51:35,051 [ERROR] LogOutputStream:75 - [STDERR_REDIRECT] 
2025-12-16 21:51:36,049 [ERROR] LogOutputStream:75 - [STDERR_REDIRECT] [Fatal Error] :1:1: Premature end of file.
2025-12-16 21:51:36,049 [ERROR] LogOutputStream:75 - [STDERR_REDIRECT] 
2025-12-16 21:51:37,051 [ERROR] LogOutputStream:75 - [STDERR_REDIRECT] [Fatal Error] :1:1: Premature end of file.
2025-12-16 21:51:37,051 [ERROR] LogOutputStream:75 - [STDERR_REDIRECT] 
2025-12-16 21:51:38,048 [ERROR] LogOutputStream:75 - [STDERR_REDIRECT] [Fatal Error] :1:1: Premature end of file.
2025-12-16 21:51:38,050 [ERROR] LogOutputStream:75 - [STDERR_REDIRECT] 
2025-12-16 21:51:39,057 [ERROR] LogOutputStream:75 - [STDERR_REDIRECT] [Fatal Error] :1:1: Premature end of file.
2025-12-16 21:51:39,057 [ERROR] LogOutputStream:75 - [STDERR_REDIRECT] 
2025-12-16 21:51:40,049 [ERROR] LogOutputStream:75 - [STDERR_REDIRECT] [Fatal Error] :1:1: Premature end of file.
2025-12-16 21:51:40,049 [ERROR] LogOutputStream:75 - [STDERR_REDIRECT] 
2025-12-16 21:51:41,048 [ERROR] LogOutputStream:75 - [STDERR_REDIRECT] [Fatal Error] :1:1: Premature end of file.
2025-12-16 21:51:41,048 [ERROR] LogOutputStream:75 - [STDERR_REDIRECT] 
2025-12-16 21:51:42,049 [ERROR] LogOutputStream:75 - [STDERR_REDIRECT] [Fatal Error] :1:1: Premature end of file.
2025-12-16 21:51:42,049 [ERROR] LogOutputStream:75 - [STDERR_REDIRECT] 
2025-12-16 21:51:43,049 [ERROR] LogOutputStream:75 - [STDERR_REDIRECT] [Fatal Error] :1:1: Premature end of file.
2025-12-16 21:51:43,049 [ERROR] LogOutputStream:75 - [STDERR_REDIRECT] 
2025-12-16 21:51:44,047 [ERROR] LogOutputStream:75 - [STDERR_REDIRECT] [Fatal Error] :1:1: Premature end of file.
2025-12-16 21:51:44,047 [ERROR] LogOutputStream:75 - [STDERR_REDIRECT] 
2025-12-16 21:51:45,047 [ERROR] LogOutputStream:75 - [STDERR_REDIRECT] [Fatal Error] :1:1: Premature end of file.
2025-12-16 21:51:45,047 [ERROR] LogOutputStream:75 - [STDERR_REDIRECT] 
2025-12-16 21:51:46,048 [ERROR] LogOutputStream:75 - [STDERR_REDIRECT] [Fatal Error] :1:1: Premature end of file.
2025-12-16 21:51:46,048 [ERROR] LogOutputStream:75 - [STDERR_REDIRECT] 
2025-12-16 21:51:47,048 [ERROR] LogOutputStream:75 - [STDERR_REDIRECT] [Fatal Error] :1:1: Premature end of file.
2025-12-16 21:51:47,049 [ERROR] LogOutputStream:75 - [STDERR_REDIRECT] 
2025-12-16 21:51:48,048 [ERROR] LogOutputStream:75 - [STDERR_REDIRECT] [Fatal Error] :1:1: Premature end of file.
2025-12-16 21:51:48,048 [ERROR] LogOutputStream:75 - [STDERR_REDIRECT] 
2025-12-16 21:51:49,048 [ERROR] LogOutputStream:75 - [STDERR_REDIRECT] [Fatal Error] :1:1: Premature end of file.
2025-12-16 21:51:49,048 [ERROR] LogOutputStream:75 - [STDERR_REDIRECT] 
2025-12-16 21:51:50,047 [ERROR] LogOutputStream:75 - [STDERR_REDIRECT] [Fatal Error] :1:1: Premature end of file.
2025-12-16 21:51:50,047 [ERROR] LogOutputStream:75 - [STDERR_REDIRECT] 
2025-12-16 21:51:51,048 [ERROR] LogOutputStream:75 - [STDERR_REDIRECT] [Fatal Error] :1:1: Premature end of file.
2025-12-16 21:51:51,048 [ERROR] LogOutputStream:75 - [STDERR_REDIRECT] 
2025-12-16 21:51:52,049 [ERROR] LogOutputStream:75 - [STDERR_REDIRECT] [Fatal Error] :1:1: Premature end of file.
2025-12-16 21:51:52,049 [ERROR] LogOutputStream:75 - [STDERR_REDIRECT] 
2025-12-16 21:51:53,050 [ERROR] LogOutputStream:75 - [STDERR_REDIRECT] [Fatal Error] :1:1: Premature end of file.
2025-12-16 21:51:53,050 [ERROR] LogOutputStream:75 - [STDERR_REDIRECT] 
2025-12-16 21:51:54,049 [ERROR] LogOutputStream:75 - [STDERR_REDIRECT] [Fatal Error] :1:1: Premature end of file.
2025-12-16 21:51:54,049 [ERROR] LogOutputStream:75 - [STDERR_REDIRECT] 
2025-12-16 21:51:55,050 [ERROR] LogOutputStream:75 - [STDERR_REDIRECT] [Fatal Error] :1:1: Premature end of file.
2025-12-16 21:51:55,050 [ERROR] LogOutputStream:75 - [STDERR_REDIRECT] 
2025-12-16 21:51:56,049 [ERROR] LogOutputStream:75 - [STDERR_REDIRECT] [Fatal Error] :1:1: Premature end of file.
2025-12-16 21:51:56,049 [ERROR] LogOutputStream:75 - [STDERR_REDIRECT] 
2025-12-16 21:51:57,049 [ERROR] LogOutputStream:75 - [STDERR_REDIRECT] [Fatal Error] :1:1: Premature end of file.
2025-12-16 21:51:57,049 [ERROR] LogOutputStream:75 - [STDERR_REDIRECT] 
2025-12-16 21:51:58,050 [ERROR] LogOutputStream:75 - [STDERR_REDIRECT] [Fatal Error] :1:1: Premature end of file.
2025-12-16 21:51:58,050 [ERROR] LogOutputStream:75 - [STDERR_REDIRECT] 
2025-12-16 21:51:59,047 [ERROR] LogOutputStream:75 - [STDERR_REDIRECT] [Fatal Error] :1:1: Premature end of file.
2025-12-16 21:51:59,047 [ERROR] LogOutputStream:75 - [STDERR_REDIRECT] 
2025-12-16 21:52:00,049 [ERROR] LogOutputStream:75 - [STDERR_REDIRECT] [Fatal Error] :1:1: Premature end of file.
2025-12-16 21:52:00,049 [ERROR] LogOutputStream:75 - [STDERR_REDIRECT] 
2025-12-16 21:52:01,049 [ERROR] LogOutputStream:75 - [STDERR_REDIRECT] [Fatal Error] :1:1: Premature end of file.
2025-12-16 21:52:01,050 [ERROR] LogOutputStream:75 - [STDERR_REDIRECT] 
2025-12-16 21:52:02,050 [ERROR] LogOutputStream:75 - [STDERR_REDIRECT] [Fatal Error] :1:1: Premature end of file.
2025-12-16 21:52:02,050 [ERROR] LogOutputStream:75 - [STDERR_REDIRECT] 
2025-12-16 21:52:03,049 [ERROR] LogOutputStream:75 - [STDERR_REDIRECT] [Fatal Error] :1:1: Premature end of file.
2025-12-16 21:52:03,049 [ERROR] LogOutputStream:75 - [STDERR_REDIRECT] 
2025-12-16 21:52:04,050 [ERROR] LogOutputStream:75 - [STDERR_REDIRECT] [Fatal Error] :1:1: Premature end of file.
2025-12-16 21:52:04,050 [ERROR] LogOutputStream:75 - [STDERR_REDIRECT] 
2025-12-16 21:52:05,049 [ERROR] LogOutputStream:75 - [STDERR_REDIRECT] [Fatal Error] :1:1: Premature end of file.
2025-12-16 21:52:05,049 [ERROR] LogOutputStream:75 - [STDERR_REDIRECT] 
2025-12-16 21:52:06,049 [ERROR] LogOutputStream:75 - [STDERR_REDIRECT] [Fatal Error] :1:1: Premature end of file.
2025-12-16 21:52:06,049 [ERROR] LogOutputStream:75 - [STDERR_REDIRECT] 
2025-12-16 21:52:07,049 [ERROR] LogOutputStream:75 - [STDERR_REDIRECT] [Fatal Error] :1:1: Premature end of file.
2025-12-16 21:52:07,049 [ERROR] LogOutputStream:75 - [STDERR_REDIRECT] 
2025-12-16 21:52:08,049 [ERROR] LogOutputStream:75 - [STDERR_REDIRECT] [Fatal Error] :1:1: Premature end of file.
2025-12-16 21:52:08,049 [ERROR] LogOutputStream:75 - [STDERR_REDIRECT] 
2025-12-16 21:52:09,049 [ERROR] LogOutputStream:75 - [STDERR_REDIRECT] [Fatal Error] :1:1: Premature end of file.
2025-12-16 21:52:09,049 [ERROR] LogOutputStream:75 - [STDERR_REDIRECT] 
2025-12-16 21:52:10,049 [ERROR] LogOutputStream:75 - [STDERR_REDIRECT] [Fatal Error] :1:1: Premature end of file.
2025-12-16 21:52:10,049 [ERROR] LogOutputStream:75 - [STDERR_REDIRECT] 
2025-12-16 21:52:11,048 [ERROR] LogOutputStream:75 - [STDERR_REDIRECT] [Fatal Error] :1:1: Premature end of file.
2025-12-16 21:52:11,048 [ERROR] LogOutputStream:75 - [STDERR_REDIRECT] 
2025-12-16 21:52:12,048 [ERROR] LogOutputStream:75 - [STDERR_REDIRECT] [Fatal Error] :1:1: Premature end of file.
2025-12-16 21:52:12,048 [ERROR] LogOutputStream:75 - [STDERR_REDIRECT] 
2025-12-16 21:52:13,048 [ERROR] LogOutputStream:75 - [STDERR_REDIRECT] [Fatal Error] :1:1: Premature end of file.
2025-12-16 21:52:13,048 [ERROR] LogOutputStream:75 - [STDERR_REDIRECT] 
2025-12-16 21:52:14,047 [ERROR] LogOutputStream:75 - [STDERR_REDIRECT] [Fatal Error] :1:1: Premature end of file.
2025-12-16 21:52:14,047 [ERROR] LogOutputStream:75 - [STDERR_REDIRECT] 
2025-12-16 21:52:15,048 [ERROR] LogOutputStream:75 - [STDERR_REDIRECT] [Fatal Error] :1:1: Premature end of file.
2025-12-16 21:52:15,048 [ERROR] LogOutputStream:75 - [STDERR_REDIRECT] 
2025-12-16 21:52:16,051 [ERROR] LogOutputStream:75 - [STDERR_REDIRECT] [Fatal Error] :1:1: Premature end of file.
2025-12-16 21:52:16,051 [ERROR] LogOutputStream:75 - [STDERR_REDIRECT] 
2025-12-16 21:52:17,047 [ERROR] LogOutputStream:75 - [STDERR_REDIRECT] [Fatal Error] :1:1: Premature end of file.
2025-12-16 21:52:17,047 [ERROR] LogOutputStream:75 - [STDERR_REDIRECT] 
2025-12-16 21:52:18,049 [ERROR] LogOutputStream:75 - [STDERR_REDIRECT] [Fatal Error] :1:1: Premature end of file.
2025-12-16 21:52:18,049 [ERROR] LogOutputStream:75 - [STDERR_REDIRECT] 
2025-12-16 21:52:19,052 [ERROR] LogOutputStream:75 - [STDERR_REDIRECT] [Fatal Error] :1:1: Premature end of file.
2025-12-16 21:52:19,052 [ERROR] LogOutputStream:75 - [STDERR_REDIRECT] 
2025-12-16 21:52:20,048 [ERROR] LogOutputStream:75 - [STDERR_REDIRECT] [Fatal Error] :1:1: Premature end of file.
2025-12-16 21:52:20,048 [ERROR] LogOutputStream:75 - [STDERR_REDIRECT] 
2025-12-16 21:52:21,046 [ERROR] LogOutputStream:75 - [STDERR_REDIRECT] [Fatal Error] :1:1: Premature end of file.
2025-12-16 21:52:21,046 [ERROR] LogOutputStream:75 - [STDERR_REDIRECT] 
2025-12-16 21:52:22,049 [ERROR] LogOutputStream:75 - [STDERR_REDIRECT] [Fatal Error] :1:1: Premature end of file.
2025-12-16 21:52:22,049 [ERROR] LogOutputStream:75 - [STDERR_REDIRECT] 
2025-12-16 21:52:23,053 [ERROR] LogOutputStream:75 - [STDERR_REDIRECT] [Fatal Error] :1:1: Premature end of file.
2025-12-16 21:52:23,053 [ERROR] LogOutputStream:75 - [STDERR_REDIRECT] 
2025-12-16 21:52:24,049 [ERROR] LogOutputStream:75 - [STDERR_REDIRECT] [Fatal Error] :1:1: Premature end of file.
2025-12-16 21:52:24,049 [ERROR] LogOutputStream:75 - [STDERR_REDIRECT] 
2025-12-16 21:52:25,056 [ERROR] LogOutputStream:75 - [STDERR_REDIRECT] [Fatal Error] :1:1: Premature end of file.
2025-12-16 21:52:25,056 [ERROR] LogOutputStream:75 - [STDERR_REDIRECT] 
2025-12-16 21:52:26,049 [ERROR] LogOutputStream:75 - [STDERR_REDIRECT] [Fatal Error] :1:1: Premature end of file.
2025-12-16 21:52:26,049 [ERROR] LogOutputStream:75 - [STDERR_REDIRECT] 
2025-12-16 21:52:27,052 [ERROR] LogOutputStream:75 - [STDERR_REDIRECT] [Fatal Error] :1:1: Premature end of file.
2025-12-16 21:52:27,052 [ERROR] LogOutputStream:75 - [STDERR_REDIRECT] 
2025-12-16 21:52:28,049 [ERROR] LogOutputStream:75 - [STDERR_REDIRECT] [Fatal Error] :1:1: Premature end of file.
2025-12-16 21:52:28,050 [ERROR] LogOutputStream:75 - [STDERR_REDIRECT] 
2025-12-16 21:52:29,061 [ERROR] LogOutputStream:75 - [STDERR_REDIRECT] [Fatal Error] :1:1: Premature end of file.
2025-12-16 21:52:29,061 [ERROR] LogOutputStream:75 - [STDERR_REDIRECT] 
2025-12-16 21:52:30,049 [ERROR] LogOutputStream:75 - [STDERR_REDIRECT] [Fatal Error] :1:1: Premature end of file.
2025-12-16 21:52:30,050 [ERROR] LogOutputStream:75 - [STDERR_REDIRECT] 
2025-12-16 21:52:31,051 [ERROR] LogOutputStream:75 - [STDERR_REDIRECT] [Fatal Error] :1:1: Premature end of file.
2025-12-16 21:52:31,051 [ERROR] LogOutputStream:75 - [STDERR_REDIRECT] 
2025-12-16 21:52:32,052 [ERROR] LogOutputStream:75 - [STDERR_REDIRECT] [Fatal Error] :1:1: Premature end of file.
2025-12-16 21:52:32,052 [ERROR] LogOutputStream:75 - [STDERR_REDIRECT] 
2025-12-16 21:52:33,050 [ERROR] LogOutputStream:75 - [STDERR_REDIRECT] [Fatal Error] :1:1: Premature end of file.
2025-12-16 21:52:33,050 [ERROR] LogOutputStream:75 - [STDERR_REDIRECT] 
2025-12-16 21:52:34,059 [ERROR] LogOutputStream:75 - [STDERR_REDIRECT] [Fatal Error] :1:1: Premature end of file.
2025-12-16 21:52:34,059 [ERROR] LogOutputStream:75 - [STDERR_REDIRECT] 
2025-12-16 21:52:35,047 [ERROR] LogOutputStream:75 - [STDERR_REDIRECT] [Fatal Error] :1:1: Premature end of file.
2025-12-16 21:52:35,048 [ERROR] LogOutputStream:75 - [STDERR_REDIRECT] 
2025-12-16 21:52:36,049 [ERROR] LogOutputStream:75 - [STDERR_REDIRECT] [Fatal Error] :1:1: Premature end of file.
2025-12-16 21:52:36,049 [ERROR] LogOutputStream:75 - [STDERR_REDIRECT] 
2025-12-16 21:52:37,049 [ERROR] LogOutputStream:75 - [STDERR_REDIRECT] [Fatal Error] :1:1: Premature end of file.
2025-12-16 21:52:37,049 [ERROR] LogOutputStream:75 - [STDERR_REDIRECT] 
2025-12-16 21:52:38,049 [ERROR] LogOutputStream:75 - [STDERR_REDIRECT] [Fatal Error] :1:1: Premature end of file.
2025-12-16 21:52:38,051 [ERROR] LogOutputStream:75 - [STDERR_REDIRECT] 
2025-12-16 21:52:39,050 [ERROR] LogOutputStream:75 - [STDERR_REDIRECT] [Fatal Error] :1:1: Premature end of file.
2025-12-16 21:52:39,050 [ERROR] LogOutputStream:75 - [STDERR_REDIRECT] 
2025-12-16 21:52:40,059 [ERROR] LogOutputStream:75 - [STDERR_REDIRECT] [Fatal Error] :1:1: Premature end of file.
2025-12-16 21:52:40,059 [ERROR] LogOutputStream:75 - [STDERR_REDIRECT] 
2025-12-16 21:52:41,048 [ERROR] LogOutputStream:75 - [STDERR_REDIRECT] [Fatal Error] :1:1: Premature end of file.
2025-12-16 21:52:41,048 [ERROR] LogOutputStream:75 - [STDERR_REDIRECT] 
2025-12-16 21:52:42,047 [ERROR] LogOutputStream:75 - [STDERR_REDIRECT] [Fatal Error] :1:1: Premature end of file.
2025-12-16 21:52:42,047 [ERROR] LogOutputStream:75 - [STDERR_REDIRECT] 
2025-12-16 21:52:43,047 [ERROR] LogOutputStream:75 - [STDERR_REDIRECT] [Fatal Error] :1:1: Premature end of file.
2025-12-16 21:52:43,049 [ERROR] LogOutputStream:75 - [STDERR_REDIRECT] 
2025-12-16 21:52:44,048 [ERROR] LogOutputStream:75 - [STDERR_REDIRECT] [Fatal Error] :1:1: Premature end of file.
2025-12-16 21:52:44,048 [ERROR] LogOutputStream:75 - [STDERR_REDIRECT] 
2025-12-16 21:52:45,048 [ERROR] LogOutputStream:75 - [STDERR_REDIRECT] [Fatal Error] :1:1: Premature end of file.
2025-12-16 21:52:45,048 [ERROR] LogOutputStream:75 - [STDERR_REDIRECT] 
2025-12-16 21:52:46,049 [ERROR] LogOutputStream:75 - [STDERR_REDIRECT] [Fatal Error] :1:1: Premature end of file.
2025-12-16 21:52:46,049 [ERROR] LogOutputStream:75 - [STDERR_REDIRECT] 
2025-12-16 21:52:47,047 [ERROR] LogOutputStream:75 - [STDERR_REDIRECT] [Fatal Error] :1:1: Premature end of file.
2025-12-16 21:52:47,047 [ERROR] LogOutputStream:75 - [STDERR_REDIRECT] 
2025-12-16 21:52:48,049 [ERROR] LogOutputStream:75 - [STDERR_REDIRECT] [Fatal Error] :1:1: Premature end of file.
2025-12-16 21:52:48,049 [ERROR] LogOutputStream:75 - [STDERR_REDIRECT] 
2025-12-16 21:52:49,048 [ERROR] LogOutputStream:75 - [STDERR_REDIRECT] [Fatal Error] :1:1: Premature end of file.
2025-12-16 21:52:49,048 [ERROR] LogOutputStream:75 - [STDERR_REDIRECT] 
2025-12-16 21:52:50,047 [ERROR] LogOutputStream:75 - [STDERR_REDIRECT] [Fatal Error] :1:1: Premature end of file.
2025-12-16 21:52:50,047 [ERROR] LogOutputStream:75 - [STDERR_REDIRECT] 
2025-12-16 21:52:51,047 [ERROR] LogOutputStream:75 - [STDERR_REDIRECT] [Fatal Error] :1:1: Premature end of file.
2025-12-16 21:52:51,047 [ERROR] LogOutputStream:75 - [STDERR_REDIRECT] 
2025-12-16 21:52:52,047 [ERROR] LogOutputStream:75 - [STDERR_REDIRECT] [Fatal Error] :1:1: Premature end of file.
2025-12-16 21:52:52,047 [ERROR] LogOutputStream:75 - [STDERR_REDIRECT] 
2025-12-16 21:52:53,048 [ERROR] LogOutputStream:75 - [STDERR_REDIRECT] [Fatal Error] :1:1: Premature end of file.
2025-12-16 21:52:53,048 [ERROR] LogOutputStream:75 - [STDERR_REDIRECT] 
2025-12-16 21:52:54,049 [ERROR] LogOutputStream:75 - [STDERR_REDIRECT] [Fatal Error] :1:1: Premature end of file.
2025-12-16 21:52:54,049 [ERROR] LogOutputStream:75 - [STDERR_REDIRECT] 
2025-12-16 21:52:55,046 [ERROR] LogOutputStream:75 - [STDERR_REDIRECT] [Fatal Error] :1:1: Premature end of file.
2025-12-16 21:52:55,046 [ERROR] LogOutputStream:75 - [STDERR_REDIRECT] 
2025-12-16 21:52:56,048 [ERROR] LogOutputStream:75 - [STDERR_REDIRECT] [Fatal Error] :1:1: Premature end of file.
2025-12-16 21:52:56,048 [ERROR] LogOutputStream:75 - [STDERR_REDIRECT] 
2025-12-16 21:52:57,046 [ERROR] LogOutputStream:75 - [STDERR_REDIRECT] [Fatal Error] :1:1: Premature end of file.
2025-12-16 21:52:57,046 [ERROR] LogOutputStream:75 - [STDERR_REDIRECT] 
2025-12-16 21:52:58,049 [ERROR] LogOutputStream:75 - [STDERR_REDIRECT] [Fatal Error] :1:1: Premature end of file.
2025-12-16 21:52:58,049 [ERROR] LogOutputStream:75 - [STDERR_REDIRECT] 
2025-12-16 21:52:59,051 [ERROR] LogOutputStream:75 - [STDERR_REDIRECT] [Fatal Error] :1:1: Premature end of file.
2025-12-16 21:52:59,051 [ERROR] LogOutputStream:75 - [STDERR_REDIRECT] 
2025-12-16 21:53:00,046 [ERROR] LogOutputStream:75 - [STDERR_REDIRECT] [Fatal Error] :1:1: Premature end of file.
2025-12-16 21:53:00,046 [ERROR] LogOutputStream:75 - [STDERR_REDIRECT] 
2025-12-16 21:53:01,049 [ERROR] LogOutputStream:75 - [STDERR_REDIRECT] [Fatal Error] :1:1: Premature end of file.
2025-12-16 21:53:01,049 [ERROR] LogOutputStream:75 - [STDERR_REDIRECT] 
2025-12-16 21:53:02,052 [ERROR] LogOutputStream:75 - [STDERR_REDIRECT] [Fatal Error] :1:1: Premature end of file.
2025-12-16 21:53:02,052 [ERROR] LogOutputStream:75 - [STDERR_REDIRECT] 
2025-12-16 21:53:03,051 [ERROR] LogOutputStream:75 - [STDERR_REDIRECT] [Fatal Error] :1:1: Premature end of file.
2025-12-16 21:53:03,051 [ERROR] LogOutputStream:75 - [STDERR_REDIRECT] 
2025-12-16 21:53:04,048 [ERROR] LogOutputStream:75 - [STDERR_REDIRECT] [Fatal Error] :1:1: Premature end of file.
2025-12-16 21:53:04,048 [ERROR] LogOutputStream:75 - [STDERR_REDIRECT] 
2025-12-16 21:53:05,047 [ERROR] LogOutputStream:75 - [STDERR_REDIRECT] [Fatal Error] :1:1: Premature end of file.
2025-12-16 21:53:05,048 [ERROR] LogOutputStream:75 - [STDERR_REDIRECT] 
2025-12-16 21:53:06,046 [ERROR] LogOutputStream:75 - [STDERR_REDIRECT] [Fatal Error] :1:1: Premature end of file.
2025-12-16 21:53:06,046 [ERROR] LogOutputStream:75 - [STDERR_REDIRECT] 
2025-12-16 21:53:07,048 [ERROR] LogOutputStream:75 - [STDERR_REDIRECT] [Fatal Error] :1:1: Premature end of file.
2025-12-16 21:53:07,048 [ERROR] LogOutputStream:75 - [STDERR_REDIRECT] 
2025-12-16 21:53:08,048 [ERROR] LogOutputStream:75 - [STDERR_REDIRECT] [Fatal Error] :1:1: Premature end of file.
2025-12-16 21:53:08,048 [ERROR] LogOutputStream:75 - [STDERR_REDIRECT] 
2025-12-16 21:53:09,054 [ERROR] LogOutputStream:75 - [STDERR_REDIRECT] [Fatal Error] :1:1: Premature end of file.
2025-12-16 21:53:09,054 [ERROR] LogOutputStream:75 - [STDERR_REDIRECT] 
2025-12-16 21:53:10,050 [ERROR] LogOutputStream:75 - [STDERR_REDIRECT] [Fatal Error] :1:1: Premature end of file.
2025-12-16 21:53:10,050 [ERROR] LogOutputStream:75 - [STDERR_REDIRECT] 
2025-12-16 21:53:11,054 [ERROR] LogOutputStream:75 - [STDERR_REDIRECT] [Fatal Error] :1:1: Premature end of file.
2025-12-16 21:53:11,054 [ERROR] LogOutputStream:75 - [STDERR_REDIRECT] 
2025-12-16 21:53:12,052 [ERROR] LogOutputStream:75 - [STDERR_REDIRECT] [Fatal Error] :1:1: Premature end of file.
2025-12-16 21:53:12,052 [ERROR] LogOutputStream:75 - [STDERR_REDIRECT] 
2025-12-16 21:53:13,049 [ERROR] LogOutputStream:75 - [STDERR_REDIRECT] [Fatal Error] :1:1: Premature end of file.
2025-12-16 21:53:13,049 [ERROR] LogOutputStream:75 - [STDERR_REDIRECT] 
2025-12-16 21:53:14,051 [ERROR] LogOutputStream:75 - [STDERR_REDIRECT] [Fatal Error] :1:1: Premature end of file.
2025-12-16 21:53:14,051 [ERROR] LogOutputStream:75 - [STDERR_REDIRECT] 
2025-12-16 21:53:15,049 [ERROR] LogOutputStream:75 - [STDERR_REDIRECT] [Fatal Error] :1:1: Premature end of file.
2025-12-16 21:53:15,049 [ERROR] LogOutputStream:75 - [STDERR_REDIRECT] 
2025-12-16 21:53:16,056 [ERROR] LogOutputStream:75 - [STDERR_REDIRECT] [Fatal Error] :1:1: Premature end of file.
2025-12-16 21:53:16,056 [ERROR] LogOutputStream:75 - [STDERR_REDIRECT] 
2025-12-16 21:53:17,049 [ERROR] LogOutputStream:75 - [STDERR_REDIRECT] [Fatal Error] :1:1: Premature end of file.
2025-12-16 21:53:17,049 [ERROR] LogOutputStream:75 - [STDERR_REDIRECT] 
2025-12-16 21:53:18,052 [ERROR] LogOutputStream:75 - [STDERR_REDIRECT] [Fatal Error] :1:1: Premature end of file.
2025-12-16 21:53:18,052 [ERROR] LogOutputStream:75 - [STDERR_REDIRECT] 
2025-12-16 21:53:19,048 [ERROR] LogOutputStream:75 - [STDERR_REDIRECT] [Fatal Error] :1:1: Premature end of file.
2025-12-16 21:53:19,048 [ERROR] LogOutputStream:75 - [STDERR_REDIRECT] 
2025-12-16 21:53:20,046 [ERROR] LogOutputStream:75 - [STDERR_REDIRECT] [Fatal Error] :1:1: Premature end of file.
2025-12-16 21:53:20,046 [ERROR] LogOutputStream:75 - [STDERR_REDIRECT] 
2025-12-16 21:53:21,048 [ERROR] LogOutputStream:75 - [STDERR_REDIRECT] [Fatal Error] :1:1: Premature end of file.
2025-12-16 21:53:21,048 [ERROR] LogOutputStream:75 - [STDERR_REDIRECT] 
2025-12-16 21:53:22,046 [ERROR] LogOutputStream:75 - [STDERR_REDIRECT] [Fatal Error] :1:1: Premature end of file.
2025-12-16 21:53:22,046 [ERROR] LogOutputStream:75 - [STDERR_REDIRECT] 
2025-12-16 21:53:23,046 [ERROR] LogOutputStream:75 - [STDERR_REDIRECT] [Fatal Error] :1:1: Premature end of file.
2025-12-16 21:53:23,046 [ERROR] LogOutputStream:75 - [STDERR_REDIRECT] 
2025-12-16 21:53:24,049 [ERROR] LogOutputStream:75 - [STDERR_REDIRECT] [Fatal Error] :1:1: Premature end of file.
2025-12-16 21:53:24,049 [ERROR] LogOutputStream:75 - [STDERR_REDIRECT] 
2025-12-16 21:53:25,049 [ERROR] LogOutputStream:75 - [STDERR_REDIRECT] [Fatal Error] :1:1: Premature end of file.
2025-12-16 21:53:25,049 [ERROR] LogOutputStream:75 - [STDERR_REDIRECT] 
2025-12-16 21:53:26,050 [ERROR] LogOutputStream:75 - [STDERR_REDIRECT] [Fatal Error] :1:1: Premature end of file.
2025-12-16 21:53:26,051 [ERROR] LogOutputStream:75 - [STDERR_REDIRECT] 
2025-12-16 21:53:27,049 [ERROR] LogOutputStream:75 - [STDERR_REDIRECT] [Fatal Error] :1:1: Premature end of file.
2025-12-16 21:53:27,049 [ERROR] LogOutputStream:75 - [STDERR_REDIRECT] 
2025-12-16 21:53:28,052 [ERROR] LogOutputStream:75 - [STDERR_REDIRECT] [Fatal Error] :1:1: Premature end of file.
2025-12-16 21:53:28,052 [ERROR] LogOutputStream:75 - [STDERR_REDIRECT] 
2025-12-16 21:53:29,049 [ERROR] LogOutputStream:75 - [STDERR_REDIRECT] [Fatal Error] :1:1: Premature end of file.
2025-12-16 21:53:29,049 [ERROR] LogOutputStream:75 - [STDERR_REDIRECT] 
2025-12-16 21:53:30,050 [ERROR] LogOutputStream:75 - [STDERR_REDIRECT] [Fatal Error] :1:1: Premature end of file.
2025-12-16 21:53:30,050 [ERROR] LogOutputStream:75 - [STDERR_REDIRECT] 
2025-12-16 21:53:31,048 [ERROR] LogOutputStream:75 - [STDERR_REDIRECT] [Fatal Error] :1:1: Premature end of file.
2025-12-16 21:53:31,048 [ERROR] LogOutputStream:75 - [STDERR_REDIRECT] 
2025-12-16 21:53:32,049 [ERROR] LogOutputStream:75 - [STDERR_REDIRECT] [Fatal Error] :1:1: Premature end of file.
2025-12-16 21:53:32,049 [ERROR] LogOutputStream:75 - [STDERR_REDIRECT] 
2025-12-16 21:53:33,049 [ERROR] LogOutputStream:75 - [STDERR_REDIRECT] [Fatal Error] :1:1: Premature end of file.
2025-12-16 21:53:33,049 [ERROR] LogOutputStream:75 - [STDERR_REDIRECT] 
2025-12-16 21:53:34,047 [ERROR] LogOutputStream:75 - [STDERR_REDIRECT] [Fatal Error] :1:1: Premature end of file.
2025-12-16 21:53:34,047 [ERROR] LogOutputStream:75 - [STDERR_REDIRECT] 
2025-12-16 21:53:35,050 [ERROR] LogOutputStream:75 - [STDERR_REDIRECT] [Fatal Error] :1:1: Premature end of file.
2025-12-16 21:53:35,050 [ERROR] LogOutputStream:75 - [STDERR_REDIRECT] 
2025-12-16 21:53:36,059 [ERROR] LogOutputStream:75 - [STDERR_REDIRECT] [Fatal Error] :1:1: Premature end of file.
2025-12-16 21:53:36,059 [ERROR] LogOutputStream:75 - [STDERR_REDIRECT] 
2025-12-16 21:53:37,050 [ERROR] LogOutputStream:75 - [STDERR_REDIRECT] [Fatal Error] :1:1: Premature end of file.
2025-12-16 21:53:37,050 [ERROR] LogOutputStream:75 - [STDERR_REDIRECT] 
2025-12-16 21:53:38,057 [ERROR] LogOutputStream:75 - [STDERR_REDIRECT] [Fatal Error] :1:1: Premature end of file.
2025-12-16 21:53:38,057 [ERROR] LogOutputStream:75 - [STDERR_REDIRECT] 
2025-12-16 21:53:39,049 [ERROR] LogOutputStream:75 - [STDERR_REDIRECT] [Fatal Error] :1:1: Premature end of file.
2025-12-16 21:53:39,049 [ERROR] LogOutputStream:75 - [STDERR_REDIRECT] 
2025-12-16 21:53:40,049 [ERROR] LogOutputStream:75 - [STDERR_REDIRECT] [Fatal Error] :1:1: Premature end of file.
2025-12-16 21:53:40,049 [ERROR] LogOutputStream:75 - [STDERR_REDIRECT] 
2025-12-16 21:53:41,048 [ERROR] LogOutputStream:75 - [STDERR_REDIRECT] [Fatal Error] :1:1: Premature end of file.
2025-12-16 21:53:41,048 [ERROR] LogOutputStream:75 - [STDERR_REDIRECT] 
2025-12-16 21:53:42,049 [ERROR] LogOutputStream:75 - [STDERR_REDIRECT] [Fatal Error] :1:1: Premature end of file.
2025-12-16 21:53:42,049 [ERROR] LogOutputStream:75 - [STDERR_REDIRECT] 
2025-12-16 21:53:43,049 [ERROR] LogOutputStream:75 - [STDERR_REDIRECT] [Fatal Error] :1:1: Premature end of file.
2025-12-16 21:53:43,049 [ERROR] LogOutputStream:75 - [STDERR_REDIRECT] 
2025-12-16 21:53:44,048 [ERROR] LogOutputStream:75 - [STDERR_REDIRECT] [Fatal Error] :1:1: Premature end of file.
2025-12-16 21:53:44,048 [ERROR] LogOutputStream:75 - [STDERR_REDIRECT] 
2025-12-16 21:53:45,047 [ERROR] LogOutputStream:75 - [STDERR_REDIRECT] [Fatal Error] :1:1: Premature end of file.
2025-12-16 21:53:45,047 [ERROR] LogOutputStream:75 - [STDERR_REDIRECT] 
2025-12-16 21:53:46,048 [ERROR] LogOutputStream:75 - [STDERR_REDIRECT] [Fatal Error] :1:1: Premature end of file.
2025-12-16 21:53:46,048 [ERROR] LogOutputStream:75 - [STDERR_REDIRECT] 
2025-12-16 21:53:47,049 [ERROR] LogOutputStream:75 - [STDERR_REDIRECT] [Fatal Error] :1:1: Premature end of file.
2025-12-16 21:53:47,049 [ERROR] LogOutputStream:75 - [STDERR_REDIRECT] 
2025-12-16 21:53:48,048 [ERROR] LogOutputStream:75 - [STDERR_REDIRECT] [Fatal Error] :1:1: Premature end of file.
2025-12-16 21:53:48,048 [ERROR] LogOutputStream:75 - [STDERR_REDIRECT] 
2025-12-16 21:53:49,047 [ERROR] LogOutputStream:75 - [STDERR_REDIRECT] [Fatal Error] :1:1: Premature end of file.
2025-12-16 21:53:49,047 [ERROR] LogOutputStream:75 - [STDERR_REDIRECT] 
2025-12-16 21:53:50,047 [ERROR] LogOutputStream:75 - [STDERR_REDIRECT] [Fatal Error] :1:1: Premature end of file.
2025-12-16 21:53:50,047 [ERROR] LogOutputStream:75 - [STDERR_REDIRECT] 
2025-12-16 21:53:51,049 [ERROR] LogOutputStream:75 - [STDERR_REDIRECT] [Fatal Error] :1:1: Premature end of file.
2025-12-16 21:53:51,049 [ERROR] LogOutputStream:75 - [STDERR_REDIRECT] 
2025-12-16 21:53:52,047 [ERROR] LogOutputStream:75 - [STDERR_REDIRECT] [Fatal Error] :1:1: Premature end of file.
2025-12-16 21:53:52,047 [ERROR] LogOutputStream:75 - [STDERR_REDIRECT] 
2025-12-16 21:53:53,048 [ERROR] LogOutputStream:75 - [STDERR_REDIRECT] [Fatal Error] :1:1: Premature end of file.
2025-12-16 21:53:53,048 [ERROR] LogOutputStream:75 - [STDERR_REDIRECT] 
2025-12-16 21:53:54,048 [ERROR] LogOutputStream:75 - [STDERR_REDIRECT] [Fatal Error] :1:1: Premature end of file.
2025-12-16 21:53:54,048 [ERROR] LogOutputStream:75 - [STDERR_REDIRECT] 
2025-12-16 21:53:55,048 [ERROR] LogOutputStream:75 - [STDERR_REDIRECT] [Fatal Error] :1:1: Premature end of file.
2025-12-16 21:53:55,048 [ERROR] LogOutputStream:75 - [STDERR_REDIRECT] 
2025-12-16 21:53:56,054 [ERROR] LogOutputStream:75 - [STDERR_REDIRECT] [Fatal Error] :1:1: Premature end of file.
2025-12-16 21:53:56,055 [ERROR] LogOutputStream:75 - [STDERR_REDIRECT] 
2025-12-16 21:53:57,053 [ERROR] LogOutputStream:75 - [STDERR_REDIRECT] [Fatal Error] :1:1: Premature end of file.
2025-12-16 21:53:57,053 [ERROR] LogOutputStream:75 - [STDERR_REDIRECT] 
2025-12-16 21:53:58,050 [ERROR] LogOutputStream:75 - [STDERR_REDIRECT] [Fatal Error] :1:1: Premature end of file.
2025-12-16 21:53:58,050 [ERROR] LogOutputStream:75 - [STDERR_REDIRECT] 
2025-12-16 21:53:59,051 [ERROR] LogOutputStream:75 - [STDERR_REDIRECT] [Fatal Error] :1:1: Premature end of file.
2025-12-16 21:53:59,053 [ERROR] LogOutputStream:75 - [STDERR_REDIRECT] 
2025-12-16 21:54:00,056 [ERROR] LogOutputStream:75 - [STDERR_REDIRECT] [Fatal Error] :1:1: Premature end of file.
2025-12-16 21:54:00,056 [ERROR] LogOutputStream:75 - [STDERR_REDIRECT] 
2025-12-16 21:54:01,051 [ERROR] LogOutputStream:75 - [STDERR_REDIRECT] [Fatal Error] :1:1: Premature end of file.
2025-12-16 21:54:01,051 [ERROR] LogOutputStream:75 - [STDERR_REDIRECT] 
2025-12-16 21:54:02,049 [ERROR] LogOutputStream:75 - [STDERR_REDIRECT] [Fatal Error] :1:1: Premature end of file.
2025-12-16 21:54:02,049 [ERROR] LogOutputStream:75 - [STDERR_REDIRECT] 
2025-12-16 21:54:03,049 [ERROR] LogOutputStream:75 - [STDERR_REDIRECT] [Fatal Error] :1:1: Premature end of file.
2025-12-16 21:54:03,049 [ERROR] LogOutputStream:75 - [STDERR_REDIRECT] 
2025-12-16 21:54:04,063 [ERROR] LogOutputStream:75 - [STDERR_REDIRECT] [Fatal Error] :1:1: Premature end of file.
2025-12-16 21:54:04,063 [ERROR] LogOutputStream:75 - [STDERR_REDIRECT] 
2025-12-16 21:54:05,050 [ERROR] LogOutputStream:75 - [STDERR_REDIRECT] [Fatal Error] :1:1: Premature end of file.
2025-12-16 21:54:05,050 [ERROR] LogOutputStream:75 - [STDERR_REDIRECT] 
2025-12-16 21:54:06,051 [ERROR] LogOutputStream:75 - [STDERR_REDIRECT] [Fatal Error] :1:1: Premature end of file.
2025-12-16 21:54:06,051 [ERROR] LogOutputStream:75 - [STDERR_REDIRECT] 
2025-12-16 21:54:07,050 [ERROR] LogOutputStream:75 - [STDERR_REDIRECT] [Fatal Error] :1:1: Premature end of file.
2025-12-16 21:54:07,050 [ERROR] LogOutputStream:75 - [STDERR_REDIRECT] 
2025-12-16 21:54:08,049 [ERROR] LogOutputStream:75 - [STDERR_REDIRECT] [Fatal Error] :1:1: Premature end of file.
2025-12-16 21:54:08,049 [ERROR] LogOutputStream:75 - [STDERR_REDIRECT] 
2025-12-16 21:54:09,048 [ERROR] LogOutputStream:75 - [STDERR_REDIRECT] [Fatal Error] :1:1: Premature end of file.
2025-12-16 21:54:09,048 [ERROR] LogOutputStream:75 - [STDERR_REDIRECT] 
2025-12-16 21:54:10,048 [ERROR] LogOutputStream:75 - [STDERR_REDIRECT] [Fatal Error] :1:1: Premature end of file.
2025-12-16 21:54:10,048 [ERROR] LogOutputStream:75 - [STDERR_REDIRECT] 
2025-12-16 21:54:11,049 [ERROR] LogOutputStream:75 - [STDERR_REDIRECT] [Fatal Error] :1:1: Premature end of file.
2025-12-16 21:54:11,049 [ERROR] LogOutputStream:75 - [STDERR_REDIRECT] 
2025-12-16 21:54:12,050 [ERROR] LogOutputStream:75 - [STDERR_REDIRECT] [Fatal Error] :1:1: Premature end of file.
2025-12-16 21:54:12,050 [ERROR] LogOutputStream:75 - [STDERR_REDIRECT] 
2025-12-16 21:54:13,057 [ERROR] LogOutputStream:75 - [STDERR_REDIRECT] [Fatal Error] :1:1: Premature end of file.
2025-12-16 21:54:13,057 [ERROR] LogOutputStream:75 - [STDERR_REDIRECT] 
2025-12-16 21:54:14,049 [ERROR] LogOutputStream:75 - [STDERR_REDIRECT] [Fatal Error] :1:1: Premature end of file.
2025-12-16 21:54:14,049 [ERROR] LogOutputStream:75 - [STDERR_REDIRECT] 
2025-12-16 21:54:15,048 [ERROR] LogOutputStream:75 - [STDERR_REDIRECT] [Fatal Error] :1:1: Premature end of file.
2025-12-16 21:54:15,048 [ERROR] LogOutputStream:75 - [STDERR_REDIRECT] 
2025-12-16 21:54:16,047 [ERROR] LogOutputStream:75 - [STDERR_REDIRECT] [Fatal Error] :1:1: Premature end of file.
2025-12-16 21:54:16,047 [ERROR] LogOutputStream:75 - [STDERR_REDIRECT] 
2025-12-16 21:54:17,048 [ERROR] LogOutputStream:75 - [STDERR_REDIRECT] [Fatal Error] :1:1: Premature end of file.
2025-12-16 21:54:17,048 [ERROR] LogOutputStream:75 - [STDERR_REDIRECT] 
2025-12-16 21:54:18,048 [ERROR] LogOutputStream:75 - [STDERR_REDIRECT] [Fatal Error] :1:1: Premature end of file.
2025-12-16 21:54:18,048 [ERROR] LogOutputStream:75 - [STDERR_REDIRECT] 
2025-12-16 21:54:19,047 [ERROR] LogOutputStream:75 - [STDERR_REDIRECT] [Fatal Error] :1:1: Premature end of file.
2025-12-16 21:54:19,047 [ERROR] LogOutputStream:75 - [STDERR_REDIRECT] 
2025-12-16 21:54:20,047 [ERROR] LogOutputStream:75 - [STDERR_REDIRECT] [Fatal Error] :1:1: Premature end of file.
2025-12-16 21:54:20,047 [ERROR] LogOutputStream:75 - [STDERR_REDIRECT] 
2025-12-16 21:54:21,048 [ERROR] LogOutputStream:75 - [STDERR_REDIRECT] [Fatal Error] :1:1: Premature end of file.
2025-12-16 21:54:21,048 [ERROR] LogOutputStream:75 - [STDERR_REDIRECT] 
2025-12-16 21:54:22,047 [ERROR] LogOutputStream:75 - [STDERR_REDIRECT] [Fatal Error] :1:1: Premature end of file.
2025-12-16 21:54:22,047 [ERROR] LogOutputStream:75 - [STDERR_REDIRECT] 
2025-12-16 21:54:23,048 [ERROR] LogOutputStream:75 - [STDERR_REDIRECT] [Fatal Error] :1:1: Premature end of file.
2025-12-16 21:54:23,048 [ERROR] LogOutputStream:75 - [STDERR_REDIRECT] 
2025-12-16 21:54:24,047 [ERROR] LogOutputStream:75 - [STDERR_REDIRECT] [Fatal Error] :1:1: Premature end of file.
2025-12-16 21:54:24,047 [ERROR] LogOutputStream:75 - [STDERR_REDIRECT] 
2025-12-16 21:54:25,047 [ERROR] LogOutputStream:75 - [STDERR_REDIRECT] [Fatal Error] :1:1: Premature end of file.
2025-12-16 21:54:25,047 [ERROR] LogOutputStream:75 - [STDERR_REDIRECT] 
2025-12-16 21:54:26,047 [ERROR] LogOutputStream:75 - [STDERR_REDIRECT] [Fatal Error] :1:1: Premature end of file.
2025-12-16 21:54:26,047 [ERROR] LogOutputStream:75 - [STDERR_REDIRECT] 
2025-12-16 21:54:27,048 [ERROR] LogOutputStream:75 - [STDERR_REDIRECT] [Fatal Error] :1:1: Premature end of file.
2025-12-16 21:54:27,048 [ERROR] LogOutputStream:75 - [STDERR_REDIRECT] 
2025-12-16 21:54:28,047 [ERROR] LogOutputStream:75 - [STDERR_REDIRECT] [Fatal Error] :1:1: Premature end of file.
2025-12-16 21:54:28,047 [ERROR] LogOutputStream:75 - [STDERR_REDIRECT] 
2025-12-16 21:54:29,046 [ERROR] LogOutputStream:75 - [STDERR_REDIRECT] [Fatal Error] :1:1: Premature end of file.
2025-12-16 21:54:29,046 [ERROR] LogOutputStream:75 - [STDERR_REDIRECT] 
2025-12-16 21:54:30,046 [ERROR] LogOutputStream:75 - [STDERR_REDIRECT] [Fatal Error] :1:1: Premature end of file.
2025-12-16 21:54:30,046 [ERROR] LogOutputStream:75 - [STDERR_REDIRECT] 
2025-12-16 21:54:31,049 [ERROR] LogOutputStream:75 - [STDERR_REDIRECT] [Fatal Error] :1:1: Premature end of file.
2025-12-16 21:54:31,049 [ERROR] LogOutputStream:75 - [STDERR_REDIRECT] 
2025-12-16 21:54:32,049 [ERROR] LogOutputStream:75 - [STDERR_REDIRECT] [Fatal Error] :1:1: Premature end of file.
2025-12-16 21:54:32,049 [ERROR] LogOutputStream:75 - [STDERR_REDIRECT] 
2025-12-16 21:54:33,048 [ERROR] LogOutputStream:75 - [STDERR_REDIRECT] [Fatal Error] :1:1: Premature end of file.
2025-12-16 21:54:33,048 [ERROR] LogOutputStream:75 - [STDERR_REDIRECT] 
2025-12-16 21:54:34,048 [ERROR] LogOutputStream:75 - [STDERR_REDIRECT] [Fatal Error] :1:1: Premature end of file.
2025-12-16 21:54:34,048 [ERROR] LogOutputStream:75 - [STDERR_REDIRECT] 
2025-12-16 21:54:35,049 [ERROR] LogOutputStream:75 - [STDERR_REDIRECT] [Fatal Error] :1:1: Premature end of file.
2025-12-16 21:54:35,049 [ERROR] LogOutputStream:75 - [STDERR_REDIRECT] 
2025-12-16 21:54:36,050 [ERROR] LogOutputStream:75 - [STDERR_REDIRECT] [Fatal Error] :1:1: Premature end of file.
2025-12-16 21:54:36,050 [ERROR] LogOutputStream:75 - [STDERR_REDIRECT] 
2025-12-16 21:54:37,061 [ERROR] LogOutputStream:75 - [STDERR_REDIRECT] [Fatal Error] :1:1: Premature end of file.
2025-12-16 21:54:37,061 [ERROR] LogOutputStream:75 - [STDERR_REDIRECT] 
2025-12-16 21:54:38,049 [ERROR] LogOutputStream:75 - [STDERR_REDIRECT] [Fatal Error] :1:1: Premature end of file.
2025-12-16 21:54:38,049 [ERROR] LogOutputStream:75 - [STDERR_REDIRECT] 
2025-12-16 21:54:39,055 [ERROR] LogOutputStream:75 - [STDERR_REDIRECT] [Fatal Error] :1:1: Premature end of file.
2025-12-16 21:54:39,055 [ERROR] LogOutputStream:75 - [STDERR_REDIRECT] 
2025-12-16 21:54:40,048 [ERROR] LogOutputStream:75 - [STDERR_REDIRECT] [Fatal Error] :1:1: Premature end of file.
2025-12-16 21:54:40,048 [ERROR] LogOutputStream:75 - [STDERR_REDIRECT] 
2025-12-16 21:54:41,049 [ERROR] LogOutputStream:75 - [STDERR_REDIRECT] [Fatal Error] :1:1: Premature end of file.
2025-12-16 21:54:41,050 [ERROR] LogOutputStream:75 - [STDERR_REDIRECT] 
2025-12-16 21:54:42,056 [ERROR] LogOutputStream:75 - [STDERR_REDIRECT] [Fatal Error] :1:1: Premature end of file.
2025-12-16 21:54:42,056 [ERROR] LogOutputStream:75 - [STDERR_REDIRECT] 
2025-12-16 21:54:43,048 [ERROR] LogOutputStream:75 - [STDERR_REDIRECT] [Fatal Error] :1:1: Premature end of file.
2025-12-16 21:54:43,048 [ERROR] LogOutputStream:75 - [STDERR_REDIRECT] 
2025-12-16 21:54:44,048 [ERROR] LogOutputStream:75 - [STDERR_REDIRECT] [Fatal Error] :1:1: Premature end of file.
2025-12-16 21:54:44,048 [ERROR] LogOutputStream:75 - [STDERR_REDIRECT] 
2025-12-16 21:54:45,048 [ERROR] LogOutputStream:75 - [STDERR_REDIRECT] [Fatal Error] :1:1: Premature end of file.
2025-12-16 21:54:45,048 [ERROR] LogOutputStream:75 - [STDERR_REDIRECT] 
2025-12-16 21:54:46,049 [ERROR] LogOutputStream:75 - [STDERR_REDIRECT] [Fatal Error] :1:1: Premature end of file.
2025-12-16 21:54:46,049 [ERROR] LogOutputStream:75 - [STDERR_REDIRECT] 
2025-12-16 21:54:47,048 [ERROR] LogOutputStream:75 - [STDERR_REDIRECT] [Fatal Error] :1:1: Premature end of file.
2025-12-16 21:54:47,048 [ERROR] LogOutputStream:75 - [STDERR_REDIRECT] 
2025-12-16 21:54:48,047 [ERROR] LogOutputStream:75 - [STDERR_REDIRECT] [Fatal Error] :1:1: Premature end of file.
2025-12-16 21:54:48,047 [ERROR] LogOutputStream:75 - [STDERR_REDIRECT] 
2025-12-16 21:54:49,047 [ERROR] LogOutputStream:75 - [STDERR_REDIRECT] [Fatal Error] :1:1: Premature end of file.
2025-12-16 21:54:49,047 [ERROR] LogOutputStream:75 - [STDERR_REDIRECT] 
2025-12-16 21:54:50,047 [ERROR] LogOutputStream:75 - [STDERR_REDIRECT] [Fatal Error] :1:1: Premature end of file.
2025-12-16 21:54:50,048 [ERROR] LogOutputStream:75 - [STDERR_REDIRECT] 
2025-12-16 21:54:51,047 [ERROR] LogOutputStream:75 - [STDERR_REDIRECT] [Fatal Error] :1:1: Premature end of file.
2025-12-16 21:54:51,047 [ERROR] LogOutputStream:75 - [STDERR_REDIRECT] 
2025-12-16 21:54:52,047 [ERROR] LogOutputStream:75 - [STDERR_REDIRECT] [Fatal Error] :1:1: Premature end of file.
2025-12-16 21:54:52,047 [ERROR] LogOutputStream:75 - [STDERR_REDIRECT] 
2025-12-16 21:54:53,049 [ERROR] LogOutputStream:75 - [STDERR_REDIRECT] [Fatal Error] :1:1: Premature end of file.
2025-12-16 21:54:53,049 [ERROR] LogOutputStream:75 - [STDERR_REDIRECT] 
2025-12-16 21:54:54,050 [ERROR] LogOutputStream:75 - [STDERR_REDIRECT] [Fatal Error] :1:1: Premature end of file.
2025-12-16 21:54:54,050 [ERROR] LogOutputStream:75 - [STDERR_REDIRECT] 
2025-12-16 21:54:55,048 [ERROR] LogOutputStream:75 - [STDERR_REDIRECT] [Fatal Error] :1:1: Premature end of file.
2025-12-16 21:54:55,048 [ERROR] LogOutputStream:75 - [STDERR_REDIRECT] 
2025-12-16 21:54:56,050 [ERROR] LogOutputStream:75 - [STDERR_REDIRECT] [Fatal Error] :1:1: Premature end of file.
2025-12-16 21:54:56,050 [ERROR] LogOutputStream:75 - [STDERR_REDIRECT] 
2025-12-16 21:54:57,059 [ERROR] LogOutputStream:75 - [STDERR_REDIRECT] [Fatal Error] :1:1: Premature end of file.
2025-12-16 21:54:57,059 [ERROR] LogOutputStream:75 - [STDERR_REDIRECT] 
2025-12-16 21:54:58,048 [ERROR] LogOutputStream:75 - [STDERR_REDIRECT] [Fatal Error] :1:1: Premature end of file.
2025-12-16 21:54:58,048 [ERROR] LogOutputStream:75 - [STDERR_REDIRECT] 
2025-12-16 21:54:59,049 [ERROR] LogOutputStream:75 - [STDERR_REDIRECT] [Fatal Error] :1:1: Premature end of file.
2025-12-16 21:54:59,049 [ERROR] LogOutputStream:75 - [STDERR_REDIRECT] 
2025-12-16 21:55:00,055 [ERROR] LogOutputStream:75 - [STDERR_REDIRECT] [Fatal Error] :1:1: Premature end of file.
2025-12-16 21:55:00,055 [ERROR] LogOutputStream:75 - [STDERR_REDIRECT] 
2025-12-16 21:55:01,047 [ERROR] LogOutputStream:75 - [STDERR_REDIRECT] [Fatal Error] :1:1: Premature end of file.
2025-12-16 21:55:01,047 [ERROR] LogOutputStream:75 - [STDERR_REDIRECT] 
2025-12-16 21:55:02,049 [ERROR] LogOutputStream:75 - [STDERR_REDIRECT] [Fatal Error] :1:1: Premature end of file.
2025-12-16 21:55:02,049 [ERROR] LogOutputStream:75 - [STDERR_REDIRECT] 
2025-12-16 21:55:03,051 [ERROR] LogOutputStream:75 - [STDERR_REDIRECT] [Fatal Error] :1:1: Premature end of file.
2025-12-16 21:55:03,052 [ERROR] LogOutputStream:75 - [STDERR_REDIRECT] 
2025-12-16 21:55:04,048 [ERROR] LogOutputStream:75 - [STDERR_REDIRECT] [Fatal Error] :1:1: Premature end of file.
2025-12-16 21:55:04,048 [ERROR] LogOutputStream:75 - [STDERR_REDIRECT] 
2025-12-16 21:55:05,049 [ERROR] LogOutputStream:75 - [STDERR_REDIRECT] [Fatal Error] :1:1: Premature end of file.
2025-12-16 21:55:05,049 [ERROR] LogOutputStream:75 - [STDERR_REDIRECT] 
2025-12-16 21:55:06,059 [ERROR] LogOutputStream:75 - [STDERR_REDIRECT] [Fatal Error] :1:1: Premature end of file.
2025-12-16 21:55:06,060 [ERROR] LogOutputStream:75 - [STDERR_REDIRECT] 
2025-12-16 21:55:07,060 [ERROR] LogOutputStream:75 - [STDERR_REDIRECT] [Fatal Error] :1:1: Premature end of file.
2025-12-16 21:55:07,060 [ERROR] LogOutputStream:75 - [STDERR_REDIRECT] 
2025-12-16 21:55:08,060 [ERROR] LogOutputStream:75 - [STDERR_REDIRECT] [Fatal Error] :1:1: Premature end of file.
2025-12-16 21:55:08,060 [ERROR] LogOutputStream:75 - [STDERR_REDIRECT] 
2025-12-16 21:55:09,049 [ERROR] LogOutputStream:75 - [STDERR_REDIRECT] [Fatal Error] :1:1: Premature end of file.
2025-12-16 21:55:09,049 [ERROR] LogOutputStream:75 - [STDERR_REDIRECT] 
2025-12-16 21:55:10,050 [ERROR] LogOutputStream:75 - [STDERR_REDIRECT] [Fatal Error] :1:1: Premature end of file.
2025-12-16 21:55:10,050 [ERROR] LogOutputStream:75 - [STDERR_REDIRECT] 
2025-12-16 21:55:11,052 [ERROR] LogOutputStream:75 - [STDERR_REDIRECT] [Fatal Error] :1:1: Premature end of file.
2025-12-16 21:55:11,052 [ERROR] LogOutputStream:75 - [STDERR_REDIRECT] 
2025-12-16 21:55:12,047 [ERROR] LogOutputStream:75 - [STDERR_REDIRECT] [Fatal Error] :1:1: Premature end of file.
2025-12-16 21:55:12,047 [ERROR] LogOutputStream:75 - [STDERR_REDIRECT] 
2025-12-16 21:55:13,048 [ERROR] LogOutputStream:75 - [STDERR_REDIRECT] [Fatal Error] :1:1: Premature end of file.
2025-12-16 21:55:13,048 [ERROR] LogOutputStream:75 - [STDERR_REDIRECT] 
2025-12-16 21:55:14,049 [ERROR] LogOutputStream:75 - [STDERR_REDIRECT] [Fatal Error] :1:1: Premature end of file.
2025-12-16 21:55:14,049 [ERROR] LogOutputStream:75 - [STDERR_REDIRECT] 
2025-12-16 21:55:15,061 [ERROR] LogOutputStream:75 - [STDERR_REDIRECT] [Fatal Error] :1:1: Premature end of file.
2025-12-16 21:55:15,061 [ERROR] LogOutputStream:75 - [STDERR_REDIRECT] 
2025-12-16 21:55:16,049 [ERROR] LogOutputStream:75 - [STDERR_REDIRECT] [Fatal Error] :1:1: Premature end of file.
2025-12-16 21:55:16,049 [ERROR] LogOutputStream:75 - [STDERR_REDIRECT] 
2025-12-16 21:55:17,048 [ERROR] LogOutputStream:75 - [STDERR_REDIRECT] [Fatal Error] :1:1: Premature end of file.
2025-12-16 21:55:17,048 [ERROR] LogOutputStream:75 - [STDERR_REDIRECT] 
2025-12-16 21:55:18,049 [ERROR] LogOutputStream:75 - [STDERR_REDIRECT] [Fatal Error] :1:1: Premature end of file.
2025-12-16 21:55:18,049 [ERROR] LogOutputStream:75 - [STDERR_REDIRECT] 
2025-12-16 21:55:19,048 [ERROR] LogOutputStream:75 - [STDERR_REDIRECT] [Fatal Error] :1:1: Premature end of file.
2025-12-16 21:55:19,048 [ERROR] LogOutputStream:75 - [STDERR_REDIRECT] 
2025-12-16 21:55:20,047 [ERROR] LogOutputStream:75 - [STDERR_REDIRECT] [Fatal Error] :1:1: Premature end of file.
2025-12-16 21:55:20,047 [ERROR] LogOutputStream:75 - [STDERR_REDIRECT] 
2025-12-16 21:55:21,048 [ERROR] LogOutputStream:75 - [STDERR_REDIRECT] [Fatal Error] :1:1: Premature end of file.
2025-12-16 21:55:21,048 [ERROR] LogOutputStream:75 - [STDERR_REDIRECT] 
2025-12-16 21:55:22,047 [ERROR] LogOutputStream:75 - [STDERR_REDIRECT] [Fatal Error] :1:1: Premature end of file.
2025-12-16 21:55:22,047 [ERROR] LogOutputStream:75 - [STDERR_REDIRECT] 
2025-12-16 21:55:23,048 [ERROR] LogOutputStream:75 - [STDERR_REDIRECT] [Fatal Error] :1:1: Premature end of file.
2025-12-16 21:55:23,048 [ERROR] LogOutputStream:75 - [STDERR_REDIRECT] 
2025-12-16 21:55:24,046 [ERROR] LogOutputStream:75 - [STDERR_REDIRECT] [Fatal Error] :1:1: Premature end of file.
2025-12-16 21:55:24,047 [ERROR] LogOutputStream:75 - [STDERR_REDIRECT] 
2025-12-16 21:55:25,049 [ERROR] LogOutputStream:75 - [STDERR_REDIRECT] [Fatal Error] :1:1: Premature end of file.
2025-12-16 21:55:25,049 [ERROR] LogOutputStream:75 - [STDERR_REDIRECT] 
2025-12-16 21:55:26,055 [ERROR] LogOutputStream:75 - [STDERR_REDIRECT] [Fatal Error] :1:1: Premature end of file.
2025-12-16 21:55:26,055 [ERROR] LogOutputStream:75 - [STDERR_REDIRECT] 
2025-12-16 21:55:27,048 [ERROR] LogOutputStream:75 - [STDERR_REDIRECT] [Fatal Error] :1:1: Premature end of file.
2025-12-16 21:55:27,048 [ERROR] LogOutputStream:75 - [STDERR_REDIRECT] 
2025-12-16 21:55:28,047 [ERROR] LogOutputStream:75 - [STDERR_REDIRECT] [Fatal Error] :1:1: Premature end of file.
2025-12-16 21:55:28,048 [ERROR] LogOutputStream:75 - [STDERR_REDIRECT] 
2025-12-16 21:55:29,046 [ERROR] LogOutputStream:75 - [STDERR_REDIRECT] [Fatal Error] :1:1: Premature end of file.
2025-12-16 21:55:29,046 [ERROR] LogOutputStream:75 - [STDERR_REDIRECT] 
2025-12-16 21:55:30,048 [ERROR] LogOutputStream:75 - [STDERR_REDIRECT] [Fatal Error] :1:1: Premature end of file.
2025-12-16 21:55:30,048 [ERROR] LogOutputStream:75 - [STDERR_REDIRECT] 
2025-12-16 21:55:31,052 [ERROR] LogOutputStream:75 - [STDERR_REDIRECT] [Fatal Error] :1:1: Premature end of file.
2025-12-16 21:55:31,052 [ERROR] LogOutputStream:75 - [STDERR_REDIRECT] 
2025-12-16 21:55:32,050 [ERROR] LogOutputStream:75 - [STDERR_REDIRECT] [Fatal Error] :1:1: Premature end of file.
2025-12-16 21:55:32,050 [ERROR] LogOutputStream:75 - [STDERR_REDIRECT] 
2025-12-16 21:55:33,061 [ERROR] LogOutputStream:75 - [STDERR_REDIRECT] [Fatal Error] :1:1: Premature end of file.
2025-12-16 21:55:33,061 [ERROR] LogOutputStream:75 - [STDERR_REDIRECT] 
2025-12-16 21:55:34,049 [ERROR] LogOutputStream:75 - [STDERR_REDIRECT] [Fatal Error] :1:1: Premature end of file.
2025-12-16 21:55:34,050 [ERROR] LogOutputStream:75 - [STDERR_REDIRECT] 
2025-12-16 21:55:35,052 [ERROR] LogOutputStream:75 - [STDERR_REDIRECT] [Fatal Error] :1:1: Premature end of file.
2025-12-16 21:55:35,052 [ERROR] LogOutputStream:75 - [STDERR_REDIRECT] 
2025-12-16 21:55:36,049 [ERROR] LogOutputStream:75 - [STDERR_REDIRECT] [Fatal Error] :1:1: Premature end of file.
2025-12-16 21:55:36,049 [ERROR] LogOutputStream:75 - [STDERR_REDIRECT] 
2025-12-16 21:55:37,048 [ERROR] LogOutputStream:75 - [STDERR_REDIRECT] [Fatal Error] :1:1: Premature end of file.
2025-12-16 21:55:37,048 [ERROR] LogOutputStream:75 - [STDERR_REDIRECT] 
2025-12-16 21:55:38,048 [ERROR] LogOutputStream:75 - [STDERR_REDIRECT] [Fatal Error] :1:1: Premature end of file.
2025-12-16 21:55:38,048 [ERROR] LogOutputStream:75 - [STDERR_REDIRECT] 
2025-12-16 21:55:39,047 [ERROR] LogOutputStream:75 - [STDERR_REDIRECT] [Fatal Error] :1:1: Premature end of file.
2025-12-16 21:55:39,048 [ERROR] LogOutputStream:75 - [STDERR_REDIRECT] 
2025-12-16 21:55:40,048 [ERROR] LogOutputStream:75 - [STDERR_REDIRECT] [Fatal Error] :1:1: Premature end of file.
2025-12-16 21:55:40,048 [ERROR] LogOutputStream:75 - [STDERR_REDIRECT] 
2025-12-16 21:55:41,049 [ERROR] LogOutputStream:75 - [STDERR_REDIRECT] [Fatal Error] :1:1: Premature end of file.
2025-12-16 21:55:41,049 [ERROR] LogOutputStream:75 - [STDERR_REDIRECT] 
2025-12-16 21:55:42,048 [ERROR] LogOutputStream:75 - [STDERR_REDIRECT] [Fatal Error] :1:1: Premature end of file.
2025-12-16 21:55:42,048 [ERROR] LogOutputStream:75 - [STDERR_REDIRECT] 
2025-12-16 21:55:43,048 [ERROR] LogOutputStream:75 - [STDERR_REDIRECT] [Fatal Error] :1:1: Premature end of file.
2025-12-16 21:55:43,049 [ERROR] LogOutputStream:75 - [STDERR_REDIRECT] 
2025-12-16 21:55:44,048 [ERROR] LogOutputStream:75 - [STDERR_REDIRECT] [Fatal Error] :1:1: Premature end of file.
2025-12-16 21:55:44,049 [ERROR] LogOutputStream:75 - [STDERR_REDIRECT] 
2025-12-16 21:55:45,048 [ERROR] LogOutputStream:75 - [STDERR_REDIRECT] [Fatal Error] :1:1: Premature end of file.
2025-12-16 21:55:45,048 [ERROR] LogOutputStream:75 - [STDERR_REDIRECT] 
2025-12-16 21:55:46,049 [ERROR] LogOutputStream:75 - [STDERR_REDIRECT] [Fatal Error] :1:1: Premature end of file.
2025-12-16 21:55:46,049 [ERROR] LogOutputStream:75 - [STDERR_REDIRECT] 
2025-12-16 21:55:47,059 [ERROR] LogOutputStream:75 - [STDERR_REDIRECT] [Fatal Error] :1:1: Premature end of file.
2025-12-16 21:55:47,059 [ERROR] LogOutputStream:75 - [STDERR_REDIRECT] 
2025-12-16 21:55:48,053 [ERROR] LogOutputStream:75 - [STDERR_REDIRECT] [Fatal Error] :1:1: Premature end of file.
2025-12-16 21:55:48,053 [ERROR] LogOutputStream:75 - [STDERR_REDIRECT] 
2025-12-16 21:55:49,048 [ERROR] LogOutputStream:75 - [STDERR_REDIRECT] [Fatal Error] :1:1: Premature end of file.
2025-12-16 21:55:49,048 [ERROR] LogOutputStream:75 - [STDERR_REDIRECT] 
2025-12-16 21:55:50,048 [ERROR] LogOutputStream:75 - [STDERR_REDIRECT] [Fatal Error] :1:1: Premature end of file.
2025-12-16 21:55:50,048 [ERROR] LogOutputStream:75 - [STDERR_REDIRECT] 
2025-12-16 21:55:51,048 [ERROR] LogOutputStream:75 - [STDERR_REDIRECT] [Fatal Error] :1:1: Premature end of file.
2025-12-16 21:55:51,048 [ERROR] LogOutputStream:75 - [STDERR_REDIRECT] 
2025-12-16 21:55:52,047 [ERROR] LogOutputStream:75 - [STDERR_REDIRECT] [Fatal Error] :1:1: Premature end of file.
2025-12-16 21:55:52,048 [ERROR] LogOutputStream:75 - [STDERR_REDIRECT] 
2025-12-16 21:55:53,047 [ERROR] LogOutputStream:75 - [STDERR_REDIRECT] [Fatal Error] :1:1: Premature end of file.
2025-12-16 21:55:53,048 [ERROR] LogOutputStream:75 - [STDERR_REDIRECT] 
2025-12-16 21:55:54,048 [ERROR] LogOutputStream:75 - [STDERR_REDIRECT] [Fatal Error] :1:1: Premature end of file.
2025-12-16 21:55:54,048 [ERROR] LogOutputStream:75 - [STDERR_REDIRECT] 
2025-12-16 21:55:55,047 [ERROR] LogOutputStream:75 - [STDERR_REDIRECT] [Fatal Error] :1:1: Premature end of file.
2025-12-16 21:55:55,047 [ERROR] LogOutputStream:75 - [STDERR_REDIRECT] 
2025-12-16 21:55:56,047 [ERROR] LogOutputStream:75 - [STDERR_REDIRECT] [Fatal Error] :1:1: Premature end of file.
2025-12-16 21:55:56,048 [ERROR] LogOutputStream:75 - [STDERR_REDIRECT] 
2025-12-16 21:55:57,049 [ERROR] LogOutputStream:75 - [STDERR_REDIRECT] [Fatal Error] :1:1: Premature end of file.
2025-12-16 21:55:57,049 [ERROR] LogOutputStream:75 - [STDERR_REDIRECT] 
2025-12-16 21:55:58,047 [ERROR] LogOutputStream:75 - [STDERR_REDIRECT] [Fatal Error] :1:1: Premature end of file.
2025-12-16 21:55:58,047 [ERROR] LogOutputStream:75 - [STDERR_REDIRECT] 
2025-12-16 21:55:59,053 [ERROR] LogOutputStream:75 - [STDERR_REDIRECT] [Fatal Error] :1:1: Premature end of file.
2025-12-16 21:55:59,053 [ERROR] LogOutputStream:75 - [STDERR_REDIRECT] 
2025-12-16 21:56:00,047 [ERROR] LogOutputStream:75 - [STDERR_REDIRECT] [Fatal Error] :1:1: Premature end of file.
2025-12-16 21:56:00,047 [ERROR] LogOutputStream:75 - [STDERR_REDIRECT] 
2025-12-16 21:56:01,049 [ERROR] LogOutputStream:75 - [STDERR_REDIRECT] [Fatal Error] :1:1: Premature end of file.
2025-12-16 21:56:01,049 [ERROR] LogOutputStream:75 - [STDERR_REDIRECT] 
2025-12-16 21:56:02,052 [ERROR] LogOutputStream:75 - [STDERR_REDIRECT] [Fatal Error] :1:1: Premature end of file.
2025-12-16 21:56:02,052 [ERROR] LogOutputStream:75 - [STDERR_REDIRECT] 
2025-12-16 21:56:03,048 [ERROR] LogOutputStream:75 - [STDERR_REDIRECT] [Fatal Error] :1:1: Premature end of file.
2025-12-16 21:56:03,048 [ERROR] LogOutputStream:75 - [STDERR_REDIRECT] 
2025-12-16 21:56:04,050 [ERROR] LogOutputStream:75 - [STDERR_REDIRECT] [Fatal Error] :1:1: Premature end of file.
2025-12-16 21:56:04,050 [ERROR] LogOutputStream:75 - [STDERR_REDIRECT] 
2025-12-16 21:56:05,048 [ERROR] LogOutputStream:75 - [STDERR_REDIRECT] [Fatal Error] :1:1: Premature end of file.
2025-12-16 21:56:05,048 [ERROR] LogOutputStream:75 - [STDERR_REDIRECT] 
2025-12-16 21:56:06,049 [ERROR] LogOutputStream:75 - [STDERR_REDIRECT] [Fatal Error] :1:1: Premature end of file.
2025-12-16 21:56:06,049 [ERROR] LogOutputStream:75 - [STDERR_REDIRECT] 
2025-12-16 21:56:07,048 [ERROR] LogOutputStream:75 - [STDERR_REDIRECT] [Fatal Error] :1:1: Premature end of file.
2025-12-16 21:56:07,048 [ERROR] LogOutputStream:75 - [STDERR_REDIRECT] 
2025-12-16 21:56:08,049 [ERROR] LogOutputStream:75 - [STDERR_REDIRECT] [Fatal Error] :1:1: Premature end of file.
2025-12-16 21:56:08,049 [ERROR] LogOutputStream:75 - [STDERR_REDIRECT] 
2025-12-16 21:56:09,048 [ERROR] LogOutputStream:75 - [STDERR_REDIRECT] [Fatal Error] :1:1: Premature end of file.
2025-12-16 21:56:09,048 [ERROR] LogOutputStream:75 - [STDERR_REDIRECT] 
2025-12-16 21:56:10,048 [ERROR] LogOutputStream:75 - [STDERR_REDIRECT] [Fatal Error] :1:1: Premature end of file.
2025-12-16 21:56:10,049 [ERROR] LogOutputStream:75 - [STDERR_REDIRECT] 
2025-12-16 21:56:11,050 [ERROR] LogOutputStream:75 - [STDERR_REDIRECT] [Fatal Error] :1:1: Premature end of file.
2025-12-16 21:56:11,050 [ERROR] LogOutputStream:75 - [STDERR_REDIRECT] 
2025-12-16 21:56:12,057 [ERROR] LogOutputStream:75 - [STDERR_REDIRECT] [Fatal Error] :1:1: Premature end of file.
2025-12-16 21:56:12,058 [ERROR] LogOutputStream:75 - [STDERR_REDIRECT] 
2025-12-16 21:56:13,049 [ERROR] LogOutputStream:75 - [STDERR_REDIRECT] [Fatal Error] :1:1: Premature end of file.
2025-12-16 21:56:13,049 [ERROR] LogOutputStream:75 - [STDERR_REDIRECT] 
2025-12-16 21:56:14,064 [ERROR] LogOutputStream:75 - [STDERR_REDIRECT] [Fatal Error] :1:1: Premature end of file.
2025-12-16 21:56:14,064 [ERROR] LogOutputStream:75 - [STDERR_REDIRECT] 
2025-12-16 21:56:15,052 [ERROR] LogOutputStream:75 - [STDERR_REDIRECT] [Fatal Error] :1:1: Premature end of file.
2025-12-16 21:56:15,052 [ERROR] LogOutputStream:75 - [STDERR_REDIRECT] 
2025-12-16 21:56:16,053 [ERROR] LogOutputStream:75 - [STDERR_REDIRECT] [Fatal Error] :1:1: Premature end of file.
2025-12-16 21:56:16,053 [ERROR] LogOutputStream:75 - [STDERR_REDIRECT] 
2025-12-16 21:56:17,052 [ERROR] LogOutputStream:75 - [STDERR_REDIRECT] [Fatal Error] :1:1: Premature end of file.
2025-12-16 21:56:17,052 [ERROR] LogOutputStream:75 - [STDERR_REDIRECT] 
2025-12-16 21:56:18,054 [ERROR] LogOutputStream:75 - [STDERR_REDIRECT] [Fatal Error] :1:1: Premature end of file.
2025-12-16 21:56:18,054 [ERROR] LogOutputStream:75 - [STDERR_REDIRECT] 
2025-12-16 21:56:19,052 [ERROR] LogOutputStream:75 - [STDERR_REDIRECT] [Fatal Error] :1:1: Premature end of file.
2025-12-16 21:56:19,053 [ERROR] LogOutputStream:75 - [STDERR_REDIRECT] 
2025-12-16 21:56:20,051 [ERROR] LogOutputStream:75 - [STDERR_REDIRECT] [Fatal Error] :1:1: Premature end of file.
2025-12-16 21:56:20,051 [ERROR] LogOutputStream:75 - [STDERR_REDIRECT] 
2025-12-16 21:56:21,059 [ERROR] LogOutputStream:75 - [STDERR_REDIRECT] [Fatal Error] :1:1: Premature end of file.
2025-12-16 21:56:21,060 [ERROR] LogOutputStream:75 - [STDERR_REDIRECT] 
2025-12-16 21:56:22,058 [ERROR] LogOutputStream:75 - [STDERR_REDIRECT] [Fatal Error] :1:1: Premature end of file.
2025-12-16 21:56:22,059 [ERROR] LogOutputStream:75 - [STDERR_REDIRECT] 
2025-12-16 21:56:23,056 [ERROR] LogOutputStream:75 - [STDERR_REDIRECT] [Fatal Error] :1:1: Premature end of file.
2025-12-16 21:56:23,056 [ERROR] LogOutputStream:75 - [STDERR_REDIRECT] 
2025-12-16 21:56:24,050 [ERROR] LogOutputStream:75 - [STDERR_REDIRECT] [Fatal Error] :1:1: Premature end of file.
2025-12-16 21:56:24,050 [ERROR] LogOutputStream:75 - [STDERR_REDIRECT] 
2025-12-16 21:56:25,050 [ERROR] LogOutputStream:75 - [STDERR_REDIRECT] [Fatal Error] :1:1: Premature end of file.
2025-12-16 21:56:25,050 [ERROR] LogOutputStream:75 - [STDERR_REDIRECT] 
2025-12-16 21:56:26,052 [ERROR] LogOutputStream:75 - [STDERR_REDIRECT] [Fatal Error] :1:1: Premature end of file.
2025-12-16 21:56:26,053 [ERROR] LogOutputStream:75 - [STDERR_REDIRECT] 
2025-12-16 21:56:27,051 [ERROR] LogOutputStream:75 - [STDERR_REDIRECT] [Fatal Error] :1:1: Premature end of file.
2025-12-16 21:56:27,051 [ERROR] LogOutputStream:75 - [STDERR_REDIRECT] 
2025-12-16 21:56:28,051 [ERROR] LogOutputStream:75 - [STDERR_REDIRECT] [Fatal Error] :1:1: Premature end of file.
2025-12-16 21:56:28,051 [ERROR] LogOutputStream:75 - [STDERR_REDIRECT] 
2025-12-16 21:56:29,051 [ERROR] LogOutputStream:75 - [STDERR_REDIRECT] [Fatal Error] :1:1: Premature end of file.
2025-12-16 21:56:29,052 [ERROR] LogOutputStream:75 - [STDERR_REDIRECT] 
2025-12-16 21:56:30,052 [ERROR] LogOutputStream:75 - [STDERR_REDIRECT] [Fatal Error] :1:1: Premature end of file.
2025-12-16 21:56:30,052 [ERROR] LogOutputStream:75 - [STDERR_REDIRECT] 
2025-12-16 21:56:31,053 [ERROR] LogOutputStream:75 - [STDERR_REDIRECT] [Fatal Error] :1:1: Premature end of file.
2025-12-16 21:56:31,053 [ERROR] LogOutputStream:75 - [STDERR_REDIRECT] 
2025-12-16 21:56:32,052 [ERROR] LogOutputStream:75 - [STDERR_REDIRECT] [Fatal Error] :1:1: Premature end of file.
2025-12-16 21:56:32,052 [ERROR] LogOutputStream:75 - [STDERR_REDIRECT] 
2025-12-16 21:56:33,052 [ERROR] LogOutputStream:75 - [STDERR_REDIRECT] [Fatal Error] :1:1: Premature end of file.
2025-12-16 21:56:33,052 [ERROR] LogOutputStream:75 - [STDERR_REDIRECT] 
2025-12-16 21:56:34,054 [ERROR] LogOutputStream:75 - [STDERR_REDIRECT] [Fatal Error] :1:1: Premature end of file.
2025-12-16 21:56:34,054 [ERROR] LogOutputStream:75 - [STDERR_REDIRECT] 
2025-12-16 21:56:35,048 [ERROR] LogOutputStream:75 - [STDERR_REDIRECT] [Fatal Error] :1:1: Premature end of file.
2025-12-16 21:56:35,048 [ERROR] LogOutputStream:75 - [STDERR_REDIRECT] 
2025-12-16 21:56:36,049 [ERROR] LogOutputStream:75 - [STDERR_REDIRECT] [Fatal Error] :1:1: Premature end of file.
2025-12-16 21:56:36,049 [ERROR] LogOutputStream:75 - [STDERR_REDIRECT] 
2025-12-16 21:56:37,048 [ERROR] LogOutputStream:75 - [STDERR_REDIRECT] [Fatal Error] :1:1: Premature end of file.
2025-12-16 21:56:37,048 [ERROR] LogOutputStream:75 - [STDERR_REDIRECT] 
2025-12-16 21:56:38,050 [ERROR] LogOutputStream:75 - [STDERR_REDIRECT] [Fatal Error] :1:1: Premature end of file.
2025-12-16 21:56:38,050 [ERROR] LogOutputStream:75 - [STDERR_REDIRECT] 
2025-12-16 21:56:39,054 [ERROR] LogOutputStream:75 - [STDERR_REDIRECT] [Fatal Error] :1:1: Premature end of file.
2025-12-16 21:56:39,054 [ERROR] LogOutputStream:75 - [STDERR_REDIRECT] 
2025-12-16 21:56:40,050 [ERROR] LogOutputStream:75 - [STDERR_REDIRECT] [Fatal Error] :1:1: Premature end of file.
2025-12-16 21:56:40,050 [ERROR] LogOutputStream:75 - [STDERR_REDIRECT] 
2025-12-16 21:56:41,056 [ERROR] LogOutputStream:75 - [STDERR_REDIRECT] [Fatal Error] :1:1: Premature end of file.
2025-12-16 21:56:41,056 [ERROR] LogOutputStream:75 - [STDERR_REDIRECT] 
2025-12-16 21:56:42,050 [ERROR] LogOutputStream:75 - [STDERR_REDIRECT] [Fatal Error] :1:1: Premature end of file.
2025-12-16 21:56:42,050 [ERROR] LogOutputStream:75 - [STDERR_REDIRECT] 
2025-12-16 21:56:43,058 [ERROR] LogOutputStream:75 - [STDERR_REDIRECT] [Fatal Error] :1:1: Premature end of file.
2025-12-16 21:56:43,058 [ERROR] LogOutputStream:75 - [STDERR_REDIRECT] 
2025-12-16 21:56:44,048 [ERROR] LogOutputStream:75 - [STDERR_REDIRECT] [Fatal Error] :1:1: Premature end of file.
2025-12-16 21:56:44,049 [ERROR] LogOutputStream:75 - [STDERR_REDIRECT] 
2025-12-16 21:56:45,048 [ERROR] LogOutputStream:75 - [STDERR_REDIRECT] [Fatal Error] :1:1: Premature end of file.
2025-12-16 21:56:45,049 [ERROR] LogOutputStream:75 - [STDERR_REDIRECT] 
2025-12-16 21:56:46,048 [ERROR] LogOutputStream:75 - [STDERR_REDIRECT] [Fatal Error] :1:1: Premature end of file.
2025-12-16 21:56:46,048 [ERROR] LogOutputStream:75 - [STDERR_REDIRECT] 
2025-12-16 21:56:47,048 [ERROR] LogOutputStream:75 - [STDERR_REDIRECT] [Fatal Error] :1:1: Premature end of file.
2025-12-16 21:56:47,048 [ERROR] LogOutputStream:75 - [STDERR_REDIRECT] 
2025-12-16 21:56:48,048 [ERROR] LogOutputStream:75 - [STDERR_REDIRECT] [Fatal Error] :1:1: Premature end of file.
2025-12-16 21:56:48,048 [ERROR] LogOutputStream:75 - [STDERR_REDIRECT] 
2025-12-16 21:56:49,048 [ERROR] LogOutputStream:75 - [STDERR_REDIRECT] [Fatal Error] :1:1: Premature end of file.
2025-12-16 21:56:49,048 [ERROR] LogOutputStream:75 - [STDERR_REDIRECT] 
2025-12-16 21:56:50,047 [ERROR] LogOutputStream:75 - [STDERR_REDIRECT] [Fatal Error] :1:1: Premature end of file.
2025-12-16 21:56:50,047 [ERROR] LogOutputStream:75 - [STDERR_REDIRECT] 
2025-12-16 21:56:51,049 [ERROR] LogOutputStream:75 - [STDERR_REDIRECT] [Fatal Error] :1:1: Premature end of file.
2025-12-16 21:56:51,049 [ERROR] LogOutputStream:75 - [STDERR_REDIRECT] 
2025-12-16 21:56:52,047 [ERROR] LogOutputStream:75 - [STDERR_REDIRECT] [Fatal Error] :1:1: Premature end of file.
2025-12-16 21:56:52,047 [ERROR] LogOutputStream:75 - [STDERR_REDIRECT] 
2025-12-16 21:56:53,049 [ERROR] LogOutputStream:75 - [STDERR_REDIRECT] [Fatal Error] :1:1: Premature end of file.
2025-12-16 21:56:53,049 [ERROR] LogOutputStream:75 - [STDERR_REDIRECT] 
2025-12-16 21:56:54,046 [ERROR] LogOutputStream:75 - [STDERR_REDIRECT] [Fatal Error] :1:1: Premature end of file.
2025-12-16 21:56:54,046 [ERROR] LogOutputStream:75 - [STDERR_REDIRECT] 
2025-12-16 21:56:55,049 [ERROR] LogOutputStream:75 - [STDERR_REDIRECT] [Fatal Error] :1:1: Premature end of file.
2025-12-16 21:56:55,049 [ERROR] LogOutputStream:75 - [STDERR_REDIRECT] 
2025-12-16 21:56:56,047 [ERROR] LogOutputStream:75 - [STDERR_REDIRECT] [Fatal Error] :1:1: Premature end of file.
2025-12-16 21:56:56,047 [ERROR] LogOutputStream:75 - [STDERR_REDIRECT] 
2025-12-16 21:56:57,048 [ERROR] LogOutputStream:75 - [STDERR_REDIRECT] [Fatal Error] :1:1: Premature end of file.
2025-12-16 21:56:57,048 [ERROR] LogOutputStream:75 - [STDERR_REDIRECT] 
2025-12-16 21:56:58,047 [ERROR] LogOutputStream:75 - [STDERR_REDIRECT] [Fatal Error] :1:1: Premature end of file.
2025-12-16 21:56:58,047 [ERROR] LogOutputStream:75 - [STDERR_REDIRECT] 
2025-12-16 21:56:59,048 [ERROR] LogOutputStream:75 - [STDERR_REDIRECT] [Fatal Error] :1:1: Premature end of file.
2025-12-16 21:56:59,048 [ERROR] LogOutputStream:75 - [STDERR_REDIRECT] 
2025-12-16 21:57:00,046 [ERROR] LogOutputStream:75 - [STDERR_REDIRECT] [Fatal Error] :1:1: Premature end of file.
2025-12-16 21:57:00,046 [ERROR] LogOutputStream:75 - [STDERR_REDIRECT] 
2025-12-16 21:57:01,047 [ERROR] LogOutputStream:75 - [STDERR_REDIRECT] [Fatal Error] :1:1: Premature end of file.
2025-12-16 21:57:01,047 [ERROR] LogOutputStream:75 - [STDERR_REDIRECT] 
2025-12-16 21:57:02,047 [ERROR] LogOutputStream:75 - [STDERR_REDIRECT] [Fatal Error] :1:1: Premature end of file.
2025-12-16 21:57:02,047 [ERROR] LogOutputStream:75 - [STDERR_REDIRECT] 
2025-12-16 21:57:03,048 [ERROR] LogOutputStream:75 - [STDERR_REDIRECT] [Fatal Error] :1:1: Premature end of file.
2025-12-16 21:57:03,048 [ERROR] LogOutputStream:75 - [STDERR_REDIRECT] 
2025-12-16 21:57:04,047 [ERROR] LogOutputStream:75 - [STDERR_REDIRECT] [Fatal Error] :1:1: Premature end of file.
2025-12-16 21:57:04,049 [ERROR] LogOutputStream:75 - [STDERR_REDIRECT] 
2025-12-16 21:57:05,050 [ERROR] LogOutputStream:75 - [STDERR_REDIRECT] [Fatal Error] :1:1: Premature end of file.
2025-12-16 21:57:05,050 [ERROR] LogOutputStream:75 - [STDERR_REDIRECT] 
2025-12-16 21:57:06,057 [ERROR] LogOutputStream:75 - [STDERR_REDIRECT] [Fatal Error] :1:1: Premature end of file.
2025-12-16 21:57:06,057 [ERROR] LogOutputStream:75 - [STDERR_REDIRECT] 
2025-12-16 21:57:07,050 [ERROR] LogOutputStream:75 - [STDERR_REDIRECT] [Fatal Error] :1:1: Premature end of file.
2025-12-16 21:57:07,050 [ERROR] LogOutputStream:75 - [STDERR_REDIRECT] 
2025-12-16 21:57:08,059 [ERROR] LogOutputStream:75 - [STDERR_REDIRECT] [Fatal Error] :1:1: Premature end of file.
2025-12-16 21:57:08,059 [ERROR] LogOutputStream:75 - [STDERR_REDIRECT] 
2025-12-16 21:57:09,048 [ERROR] LogOutputStream:75 - [STDERR_REDIRECT] [Fatal Error] :1:1: Premature end of file.
2025-12-16 21:57:09,049 [ERROR] LogOutputStream:75 - [STDERR_REDIRECT] 
2025-12-16 21:57:10,048 [ERROR] LogOutputStream:75 - [STDERR_REDIRECT] [Fatal Error] :1:1: Premature end of file.
2025-12-16 21:57:10,048 [ERROR] LogOutputStream:75 - [STDERR_REDIRECT] 
2025-12-16 21:57:11,048 [ERROR] LogOutputStream:75 - [STDERR_REDIRECT] [Fatal Error] :1:1: Premature end of file.
2025-12-16 21:57:11,048 [ERROR] LogOutputStream:75 - [STDERR_REDIRECT] 
2025-12-16 21:57:12,049 [ERROR] LogOutputStream:75 - [STDERR_REDIRECT] [Fatal Error] :1:1: Premature end of file.
2025-12-16 21:57:12,049 [ERROR] LogOutputStream:75 - [STDERR_REDIRECT] 
2025-12-16 21:57:13,048 [ERROR] LogOutputStream:75 - [STDERR_REDIRECT] [Fatal Error] :1:1: Premature end of file.
2025-12-16 21:57:13,048 [ERROR] LogOutputStream:75 - [STDERR_REDIRECT] 
2025-12-16 21:57:14,050 [ERROR] LogOutputStream:75 - [STDERR_REDIRECT] [Fatal Error] :1:1: Premature end of file.
2025-12-16 21:57:14,051 [ERROR] LogOutputStream:75 - [STDERR_REDIRECT] 
2025-12-16 21:57:15,049 [ERROR] LogOutputStream:75 - [STDERR_REDIRECT] [Fatal Error] :1:1: Premature end of file.
2025-12-16 21:57:15,049 [ERROR] LogOutputStream:75 - [STDERR_REDIRECT] 
2025-12-16 21:57:16,048 [ERROR] LogOutputStream:75 - [STDERR_REDIRECT] [Fatal Error] :1:1: Premature end of file.
2025-12-16 21:57:16,048 [ERROR] LogOutputStream:75 - [STDERR_REDIRECT] 
2025-12-16 21:57:17,048 [ERROR] LogOutputStream:75 - [STDERR_REDIRECT] [Fatal Error] :1:1: Premature end of file.
2025-12-16 21:57:17,048 [ERROR] LogOutputStream:75 - [STDERR_REDIRECT] 
2025-12-16 21:57:18,048 [ERROR] LogOutputStream:75 - [STDERR_REDIRECT] [Fatal Error] :1:1: Premature end of file.
2025-12-16 21:57:18,048 [ERROR] LogOutputStream:75 - [STDERR_REDIRECT] 
2025-12-16 21:57:19,047 [ERROR] LogOutputStream:75 - [STDERR_REDIRECT] [Fatal Error] :1:1: Premature end of file.
2025-12-16 21:57:19,048 [ERROR] LogOutputStream:75 - [STDERR_REDIRECT] 
2025-12-16 21:57:20,048 [ERROR] LogOutputStream:75 - [STDERR_REDIRECT] [Fatal Error] :1:1: Premature end of file.
2025-12-16 21:57:20,048 [ERROR] LogOutputStream:75 - [STDERR_REDIRECT] 
2025-12-16 21:57:21,052 [ERROR] LogOutputStream:75 - [STDERR_REDIRECT] [Fatal Error] :1:1: Premature end of file.
2025-12-16 21:57:21,052 [ERROR] LogOutputStream:75 - [STDERR_REDIRECT] 
2025-12-16 21:57:22,048 [ERROR] LogOutputStream:75 - [STDERR_REDIRECT] [Fatal Error] :1:1: Premature end of file.
2025-12-16 21:57:22,048 [ERROR] LogOutputStream:75 - [STDERR_REDIRECT] 
2025-12-16 21:57:23,048 [ERROR] LogOutputStream:75 - [STDERR_REDIRECT] [Fatal Error] :1:1: Premature end of file.
2025-12-16 21:57:23,048 [ERROR] LogOutputStream:75 - [STDERR_REDIRECT] 
2025-12-16 21:57:24,048 [ERROR] LogOutputStream:75 - [STDERR_REDIRECT] [Fatal Error] :1:1: Premature end of file.
2025-12-16 21:57:24,048 [ERROR] LogOutputStream:75 - [STDERR_REDIRECT] 
2025-12-16 21:57:25,048 [ERROR] LogOutputStream:75 - [STDERR_REDIRECT] [Fatal Error] :1:1: Premature end of file.
2025-12-16 21:57:25,048 [ERROR] LogOutputStream:75 - [STDERR_REDIRECT] 
2025-12-16 21:57:26,047 [ERROR] LogOutputStream:75 - [STDERR_REDIRECT] [Fatal Error] :1:1: Premature end of file.
2025-12-16 21:57:26,047 [ERROR] LogOutputStream:75 - [STDERR_REDIRECT] 
2025-12-16 21:57:27,048 [ERROR] LogOutputStream:75 - [STDERR_REDIRECT] [Fatal Error] :1:1: Premature end of file.
2025-12-16 21:57:27,048 [ERROR] LogOutputStream:75 - [STDERR_REDIRECT] 
2025-12-16 21:57:28,048 [ERROR] LogOutputStream:75 - [STDERR_REDIRECT] [Fatal Error] :1:1: Premature end of file.
2025-12-16 21:57:28,048 [ERROR] LogOutputStream:75 - [STDERR_REDIRECT] 
2025-12-16 21:57:29,046 [ERROR] LogOutputStream:75 - [STDERR_REDIRECT] [Fatal Error] :1:1: Premature end of file.
2025-12-16 21:57:29,046 [ERROR] LogOutputStream:75 - [STDERR_REDIRECT] 
2025-12-16 21:57:30,052 [ERROR] LogOutputStream:75 - [STDERR_REDIRECT] [Fatal Error] :1:1: Premature end of file.
2025-12-16 21:57:30,052 [ERROR] LogOutputStream:75 - [STDERR_REDIRECT] 
2025-12-16 21:57:31,047 [ERROR] LogOutputStream:75 - [STDERR_REDIRECT] [Fatal Error] :1:1: Premature end of file.
2025-12-16 21:57:31,047 [ERROR] LogOutputStream:75 - [STDERR_REDIRECT] 
2025-12-16 21:57:32,046 [ERROR] LogOutputStream:75 - [STDERR_REDIRECT] [Fatal Error] :1:1: Premature end of file.
2025-12-16 21:57:32,047 [ERROR] LogOutputStream:75 - [STDERR_REDIRECT] 
2025-12-16 21:57:33,051 [ERROR] LogOutputStream:75 - [STDERR_REDIRECT] [Fatal Error] :1:1: Premature end of file.
2025-12-16 21:57:33,052 [ERROR] LogOutputStream:75 - [STDERR_REDIRECT] 
2025-12-16 21:57:34,049 [ERROR] LogOutputStream:75 - [STDERR_REDIRECT] [Fatal Error] :1:1: Premature end of file.
2025-12-16 21:57:34,049 [ERROR] LogOutputStream:75 - [STDERR_REDIRECT] 
2025-12-16 21:57:35,062 [ERROR] LogOutputStream:75 - [STDERR_REDIRECT] [Fatal Error] :1:1: Premature end of file.
2025-12-16 21:57:35,062 [ERROR] LogOutputStream:75 - [STDERR_REDIRECT] 
2025-12-16 21:57:36,049 [ERROR] LogOutputStream:75 - [STDERR_REDIRECT] [Fatal Error] :1:1: Premature end of file.
2025-12-16 21:57:36,049 [ERROR] LogOutputStream:75 - [STDERR_REDIRECT] 
2025-12-16 21:57:37,061 [ERROR] LogOutputStream:75 - [STDERR_REDIRECT] [Fatal Error] :1:1: Premature end of file.
2025-12-16 21:57:37,061 [ERROR] LogOutputStream:75 - [STDERR_REDIRECT] 
2025-12-16 21:57:38,049 [ERROR] LogOutputStream:75 - [STDERR_REDIRECT] [Fatal Error] :1:1: Premature end of file.
2025-12-16 21:57:38,049 [ERROR] LogOutputStream:75 - [STDERR_REDIRECT] 
2025-12-16 21:57:39,050 [ERROR] LogOutputStream:75 - [STDERR_REDIRECT] [Fatal Error] :1:1: Premature end of file.
2025-12-16 21:57:39,050 [ERROR] LogOutputStream:75 - [STDERR_REDIRECT] 
2025-12-16 21:57:40,048 [ERROR] LogOutputStream:75 - [STDERR_REDIRECT] [Fatal Error] :1:1: Premature end of file.
2025-12-16 21:57:40,048 [ERROR] LogOutputStream:75 - [STDERR_REDIRECT] 
2025-12-16 21:57:41,048 [ERROR] LogOutputStream:75 - [STDERR_REDIRECT] [Fatal Error] :1:1: Premature end of file.
2025-12-16 21:57:41,048 [ERROR] LogOutputStream:75 - [STDERR_REDIRECT] 
2025-12-16 21:57:42,048 [ERROR] LogOutputStream:75 - [STDERR_REDIRECT] [Fatal Error] :1:1: Premature end of file.
2025-12-16 21:57:42,048 [ERROR] LogOutputStream:75 - [STDERR_REDIRECT] 
2025-12-16 21:57:43,058 [ERROR] LogOutputStream:75 - [STDERR_REDIRECT] [Fatal Error] :1:1: Premature end of file.
2025-12-16 21:57:43,059 [ERROR] LogOutputStream:75 - [STDERR_REDIRECT] 
2025-12-16 21:57:44,050 [ERROR] LogOutputStream:75 - [STDERR_REDIRECT] [Fatal Error] :1:1: Premature end of file.
2025-12-16 21:57:44,050 [ERROR] LogOutputStream:75 - [STDERR_REDIRECT] 
2025-12-16 21:57:45,062 [ERROR] LogOutputStream:75 - [STDERR_REDIRECT] [Fatal Error] :1:1: Premature end of file.
2025-12-16 21:57:45,062 [ERROR] LogOutputStream:75 - [STDERR_REDIRECT] 
2025-12-16 21:57:46,048 [ERROR] LogOutputStream:75 - [STDERR_REDIRECT] [Fatal Error] :1:1: Premature end of file.
2025-12-16 21:57:46,048 [ERROR] LogOutputStream:75 - [STDERR_REDIRECT] 
2025-12-16 21:57:47,048 [ERROR] LogOutputStream:75 - [STDERR_REDIRECT] [Fatal Error] :1:1: Premature end of file.
2025-12-16 21:57:47,048 [ERROR] LogOutputStream:75 - [STDERR_REDIRECT] 
2025-12-16 21:57:48,049 [ERROR] LogOutputStream:75 - [STDERR_REDIRECT] [Fatal Error] :1:1: Premature end of file.
2025-12-16 21:57:48,049 [ERROR] LogOutputStream:75 - [STDERR_REDIRECT] 
2025-12-16 21:57:49,049 [ERROR] LogOutputStream:75 - [STDERR_REDIRECT] [Fatal Error] :1:1: Premature end of file.
2025-12-16 21:57:49,049 [ERROR] LogOutputStream:75 - [STDERR_REDIRECT] 
2025-12-16 21:57:50,049 [ERROR] LogOutputStream:75 - [STDERR_REDIRECT] [Fatal Error] :1:1: Premature end of file.
2025-12-16 21:57:50,049 [ERROR] LogOutputStream:75 - [STDERR_REDIRECT] 
2025-12-16 21:57:51,048 [ERROR] LogOutputStream:75 - [STDERR_REDIRECT] [Fatal Error] :1:1: Premature end of file.
2025-12-16 21:57:51,048 [ERROR] LogOutputStream:75 - [STDERR_REDIRECT] 
2025-12-16 21:57:52,048 [ERROR] LogOutputStream:75 - [STDERR_REDIRECT] [Fatal Error] :1:1: Premature end of file.
2025-12-16 21:57:52,048 [ERROR] LogOutputStream:75 - [STDERR_REDIRECT] 
2025-12-16 21:57:53,047 [ERROR] LogOutputStream:75 - [STDERR_REDIRECT] [Fatal Error] :1:1: Premature end of file.
2025-12-16 21:57:53,047 [ERROR] LogOutputStream:75 - [STDERR_REDIRECT] 
2025-12-16 21:57:54,047 [ERROR] LogOutputStream:75 - [STDERR_REDIRECT] [Fatal Error] :1:1: Premature end of file.
2025-12-16 21:57:54,047 [ERROR] LogOutputStream:75 - [STDERR_REDIRECT] 
2025-12-16 21:57:55,048 [ERROR] LogOutputStream:75 - [STDERR_REDIRECT] [Fatal Error] :1:1: Premature end of file.
2025-12-16 21:57:55,048 [ERROR] LogOutputStream:75 - [STDERR_REDIRECT] 
2025-12-16 21:57:56,051 [ERROR] LogOutputStream:75 - [STDERR_REDIRECT] [Fatal Error] :1:1: Premature end of file.
2025-12-16 21:57:56,051 [ERROR] LogOutputStream:75 - [STDERR_REDIRECT] 
2025-12-16 21:57:57,050 [ERROR] LogOutputStream:75 - [STDERR_REDIRECT] [Fatal Error] :1:1: Premature end of file.
2025-12-16 21:57:57,050 [ERROR] LogOutputStream:75 - [STDERR_REDIRECT] 
2025-12-16 21:57:58,056 [ERROR] LogOutputStream:75 - [STDERR_REDIRECT] [Fatal Error] :1:1: Premature end of file.
2025-12-16 21:57:58,056 [ERROR] LogOutputStream:75 - [STDERR_REDIRECT] 
2025-12-16 21:57:59,048 [ERROR] LogOutputStream:75 - [STDERR_REDIRECT] [Fatal Error] :1:1: Premature end of file.
2025-12-16 21:57:59,048 [ERROR] LogOutputStream:75 - [STDERR_REDIRECT] 
2025-12-16 21:58:00,047 [ERROR] LogOutputStream:75 - [STDERR_REDIRECT] [Fatal Error] :1:1: Premature end of file.
2025-12-16 21:58:00,047 [ERROR] LogOutputStream:75 - [STDERR_REDIRECT] 
2025-12-16 21:58:01,047 [ERROR] LogOutputStream:75 - [STDERR_REDIRECT] [Fatal Error] :1:1: Premature end of file.
2025-12-16 21:58:01,047 [ERROR] LogOutputStream:75 - [STDERR_REDIRECT] 
2025-12-16 21:58:02,046 [ERROR] LogOutputStream:75 - [STDERR_REDIRECT] [Fatal Error] :1:1: Premature end of file.
2025-12-16 21:58:02,046 [ERROR] LogOutputStream:75 - [STDERR_REDIRECT] 
2025-12-16 21:58:03,048 [ERROR] LogOutputStream:75 - [STDERR_REDIRECT] [Fatal Error] :1:1: Premature end of file.
2025-12-16 21:58:03,048 [ERROR] LogOutputStream:75 - [STDERR_REDIRECT] 
2025-12-16 21:58:04,047 [ERROR] LogOutputStream:75 - [STDERR_REDIRECT] [Fatal Error] :1:1: Premature end of file.
2025-12-16 21:58:04,048 [ERROR] LogOutputStream:75 - [STDERR_REDIRECT] 
2025-12-16 21:58:05,047 [ERROR] LogOutputStream:75 - [STDERR_REDIRECT] [Fatal Error] :1:1: Premature end of file.
2025-12-16 21:58:05,047 [ERROR] LogOutputStream:75 - [STDERR_REDIRECT] 
2025-12-16 21:58:06,049 [ERROR] LogOutputStream:75 - [STDERR_REDIRECT] [Fatal Error] :1:1: Premature end of file.
2025-12-16 21:58:06,049 [ERROR] LogOutputStream:75 - [STDERR_REDIRECT] 
2025-12-16 21:58:07,051 [ERROR] LogOutputStream:75 - [STDERR_REDIRECT] [Fatal Error] :1:1: Premature end of file.
2025-12-16 21:58:07,051 [ERROR] LogOutputStream:75 - [STDERR_REDIRECT] 
2025-12-16 21:58:08,047 [ERROR] LogOutputStream:75 - [STDERR_REDIRECT] [Fatal Error] :1:1: Premature end of file.
2025-12-16 21:58:08,048 [ERROR] LogOutputStream:75 - [STDERR_REDIRECT] 
2025-12-16 21:58:09,049 [ERROR] LogOutputStream:75 - [STDERR_REDIRECT] [Fatal Error] :1:1: Premature end of file.
2025-12-16 21:58:09,049 [ERROR] LogOutputStream:75 - [STDERR_REDIRECT] 
2025-12-16 21:58:10,061 [ERROR] LogOutputStream:75 - [STDERR_REDIRECT] [Fatal Error] :1:1: Premature end of file.
2025-12-16 21:58:10,061 [ERROR] LogOutputStream:75 - [STDERR_REDIRECT] 
2025-12-16 21:58:11,048 [ERROR] LogOutputStream:75 - [STDERR_REDIRECT] [Fatal Error] :1:1: Premature end of file.
2025-12-16 21:58:11,048 [ERROR] LogOutputStream:75 - [STDERR_REDIRECT] 
2025-12-16 21:58:12,048 [ERROR] LogOutputStream:75 - [STDERR_REDIRECT] [Fatal Error] :1:1: Premature end of file.
2025-12-16 21:58:12,050 [ERROR] LogOutputStream:75 - [STDERR_REDIRECT] 
2025-12-16 21:58:13,057 [ERROR] LogOutputStream:75 - [STDERR_REDIRECT] [Fatal Error] :1:1: Premature end of file.
2025-12-16 21:58:13,057 [ERROR] LogOutputStream:75 - [STDERR_REDIRECT] 
2025-12-16 21:58:14,049 [ERROR] LogOutputStream:75 - [STDERR_REDIRECT] [Fatal Error] :1:1: Premature end of file.
2025-12-16 21:58:14,049 [ERROR] LogOutputStream:75 - [STDERR_REDIRECT] 
2025-12-16 21:58:15,050 [ERROR] LogOutputStream:75 - [STDERR_REDIRECT] [Fatal Error] :1:1: Premature end of file.
2025-12-16 21:58:15,051 [ERROR] LogOutputStream:75 - [STDERR_REDIRECT] 
2025-12-16 21:58:16,049 [ERROR] LogOutputStream:75 - [STDERR_REDIRECT] [Fatal Error] :1:1: Premature end of file.
2025-12-16 21:58:16,049 [ERROR] LogOutputStream:75 - [STDERR_REDIRECT] 
2025-12-16 21:58:17,059 [ERROR] LogOutputStream:75 - [STDERR_REDIRECT] [Fatal Error] :1:1: Premature end of file.
2025-12-16 21:58:17,059 [ERROR] LogOutputStream:75 - [STDERR_REDIRECT] 
2025-12-16 21:58:18,048 [ERROR] LogOutputStream:75 - [STDERR_REDIRECT] [Fatal Error] :1:1: Premature end of file.
2025-12-16 21:58:18,049 [ERROR] LogOutputStream:75 - [STDERR_REDIRECT] 
2025-12-16 21:58:19,050 [ERROR] LogOutputStream:75 - [STDERR_REDIRECT] [Fatal Error] :1:1: Premature end of file.
2025-12-16 21:58:19,050 [ERROR] LogOutputStream:75 - [STDERR_REDIRECT] 
2025-12-16 21:58:20,058 [ERROR] LogOutputStream:75 - [STDERR_REDIRECT] [Fatal Error] :1:1: Premature end of file.
2025-12-16 21:58:20,058 [ERROR] LogOutputStream:75 - [STDERR_REDIRECT] 
2025-12-16 21:58:21,048 [ERROR] LogOutputStream:75 - [STDERR_REDIRECT] [Fatal Error] :1:1: Premature end of file.
2025-12-16 21:58:21,048 [ERROR] LogOutputStream:75 - [STDERR_REDIRECT] 
2025-12-16 21:58:22,062 [ERROR] LogOutputStream:75 - [STDERR_REDIRECT] [Fatal Error] :1:1: Premature end of file.
2025-12-16 21:58:22,062 [ERROR] LogOutputStream:75 - [STDERR_REDIRECT] 
2025-12-16 21:58:23,046 [ERROR] LogOutputStream:75 - [STDERR_REDIRECT] [Fatal Error] :1:1: Premature end of file.
2025-12-16 21:58:23,046 [ERROR] LogOutputStream:75 - [STDERR_REDIRECT] 
2025-12-16 21:58:24,049 [ERROR] LogOutputStream:75 - [STDERR_REDIRECT] [Fatal Error] :1:1: Premature end of file.
2025-12-16 21:58:24,049 [ERROR] LogOutputStream:75 - [STDERR_REDIRECT] 
2025-12-16 21:58:25,049 [ERROR] LogOutputStream:75 - [STDERR_REDIRECT] [Fatal Error] :1:1: Premature end of file.
2025-12-16 21:58:25,049 [ERROR] LogOutputStream:75 - [STDERR_REDIRECT] 
2025-12-16 21:58:26,047 [ERROR] LogOutputStream:75 - [STDERR_REDIRECT] [Fatal Error] :1:1: Premature end of file.
2025-12-16 21:58:26,047 [ERROR] LogOutputStream:75 - [STDERR_REDIRECT] 
2025-12-16 21:58:27,047 [ERROR] LogOutputStream:75 - [STDERR_REDIRECT] [Fatal Error] :1:1: Premature end of file.
2025-12-16 21:58:27,047 [ERROR] LogOutputStream:75 - [STDERR_REDIRECT] 
2025-12-16 21:58:28,046 [ERROR] LogOutputStream:75 - [STDERR_REDIRECT] [Fatal Error] :1:1: Premature end of file.
2025-12-16 21:58:28,046 [ERROR] LogOutputStream:75 - [STDERR_REDIRECT] 
2025-12-16 21:58:29,048 [ERROR] LogOutputStream:75 - [STDERR_REDIRECT] [Fatal Error] :1:1: Premature end of file.
2025-12-16 21:58:29,048 [ERROR] LogOutputStream:75 - [STDERR_REDIRECT] 
2025-12-16 21:58:30,046 [ERROR] LogOutputStream:75 - [STDERR_REDIRECT] [Fatal Error] :1:1: Premature end of file.
2025-12-16 21:58:30,046 [ERROR] LogOutputStream:75 - [STDERR_REDIRECT] 
2025-12-16 21:58:31,047 [ERROR] LogOutputStream:75 - [STDERR_REDIRECT] [Fatal Error] :1:1: Premature end of file.
2025-12-16 21:58:31,047 [ERROR] LogOutputStream:75 - [STDERR_REDIRECT] 
2025-12-16 21:58:32,048 [ERROR] LogOutputStream:75 - [STDERR_REDIRECT] [Fatal Error] :1:1: Premature end of file.
2025-12-16 21:58:32,048 [ERROR] LogOutputStream:75 - [STDERR_REDIRECT] 
2025-12-16 21:58:33,047 [ERROR] LogOutputStream:75 - [STDERR_REDIRECT] [Fatal Error] :1:1: Premature end of file.
2025-12-16 21:58:33,047 [ERROR] LogOutputStream:75 - [STDERR_REDIRECT] 
2025-12-16 21:58:34,048 [ERROR] LogOutputStream:75 - [STDERR_REDIRECT] [Fatal Error] :1:1: Premature end of file.
2025-12-16 21:58:34,048 [ERROR] LogOutputStream:75 - [STDERR_REDIRECT] 
2025-12-16 21:58:35,048 [ERROR] LogOutputStream:75 - [STDERR_REDIRECT] [Fatal Error] :1:1: Premature end of file.
2025-12-16 21:58:35,049 [ERROR] LogOutputStream:75 - [STDERR_REDIRECT] 
2025-12-16 21:58:36,048 [ERROR] LogOutputStream:75 - [STDERR_REDIRECT] [Fatal Error] :1:1: Premature end of file.
2025-12-16 21:58:36,049 [ERROR] LogOutputStream:75 - [STDERR_REDIRECT] 
2025-12-16 21:58:37,047 [ERROR] LogOutputStream:75 - [STDERR_REDIRECT] [Fatal Error] :1:1: Premature end of file.
2025-12-16 21:58:37,047 [ERROR] LogOutputStream:75 - [STDERR_REDIRECT] 
2025-12-16 21:58:38,049 [ERROR] LogOutputStream:75 - [STDERR_REDIRECT] [Fatal Error] :1:1: Premature end of file.
2025-12-16 21:58:38,049 [ERROR] LogOutputStream:75 - [STDERR_REDIRECT] 
2025-12-16 21:58:39,052 [ERROR] LogOutputStream:75 - [STDERR_REDIRECT] [Fatal Error] :1:1: Premature end of file.
2025-12-16 21:58:39,052 [ERROR] LogOutputStream:75 - [STDERR_REDIRECT] 
2025-12-16 21:58:40,049 [ERROR] LogOutputStream:75 - [STDERR_REDIRECT] [Fatal Error] :1:1: Premature end of file.
2025-12-16 21:58:40,049 [ERROR] LogOutputStream:75 - [STDERR_REDIRECT] 
2025-12-16 21:58:41,049 [ERROR] LogOutputStream:75 - [STDERR_REDIRECT] [Fatal Error] :1:1: Premature end of file.
2025-12-16 21:58:41,049 [ERROR] LogOutputStream:75 - [STDERR_REDIRECT] 
2025-12-16 21:58:42,049 [ERROR] LogOutputStream:75 - [STDERR_REDIRECT] [Fatal Error] :1:1: Premature end of file.
2025-12-16 21:58:42,049 [ERROR] LogOutputStream:75 - [STDERR_REDIRECT] 
2025-12-16 21:58:43,048 [ERROR] LogOutputStream:75 - [STDERR_REDIRECT] [Fatal Error] :1:1: Premature end of file.
2025-12-16 21:58:43,048 [ERROR] LogOutputStream:75 - [STDERR_REDIRECT] 
2025-12-16 21:58:44,050 [ERROR] LogOutputStream:75 - [STDERR_REDIRECT] [Fatal Error] :1:1: Premature end of file.
2025-12-16 21:58:44,050 [ERROR] LogOutputStream:75 - [STDERR_REDIRECT] 
2025-12-16 21:58:45,050 [ERROR] LogOutputStream:75 - [STDERR_REDIRECT] [Fatal Error] :1:1: Premature end of file.
2025-12-16 21:58:45,050 [ERROR] LogOutputStream:75 - [STDERR_REDIRECT] 
2025-12-16 21:58:46,048 [ERROR] LogOutputStream:75 - [STDERR_REDIRECT] [Fatal Error] :1:1: Premature end of file.
2025-12-16 21:58:46,048 [ERROR] LogOutputStream:75 - [STDERR_REDIRECT] 
2025-12-16 21:58:47,049 [ERROR] LogOutputStream:75 - [STDERR_REDIRECT] [Fatal Error] :1:1: Premature end of file.
2025-12-16 21:58:47,049 [ERROR] LogOutputStream:75 - [STDERR_REDIRECT] 
2025-12-16 21:58:48,050 [ERROR] LogOutputStream:75 - [STDERR_REDIRECT] [Fatal Error] :1:1: Premature end of file.
2025-12-16 21:58:48,050 [ERROR] LogOutputStream:75 - [STDERR_REDIRECT] 
2025-12-16 21:58:49,052 [ERROR] LogOutputStream:75 - [STDERR_REDIRECT] [Fatal Error] :1:1: Premature end of file.
2025-12-16 21:58:49,052 [ERROR] LogOutputStream:75 - [STDERR_REDIRECT] 
2025-12-16 21:58:50,048 [ERROR] LogOutputStream:75 - [STDERR_REDIRECT] [Fatal Error] :1:1: Premature end of file.
2025-12-16 21:58:50,048 [ERROR] LogOutputStream:75 - [STDERR_REDIRECT] 
2025-12-16 21:58:51,049 [ERROR] LogOutputStream:75 - [STDERR_REDIRECT] [Fatal Error] :1:1: Premature end of file.
2025-12-16 21:58:51,049 [ERROR] LogOutputStream:75 - [STDERR_REDIRECT] 
2025-12-16 21:58:52,049 [ERROR] LogOutputStream:75 - [STDERR_REDIRECT] [Fatal Error] :1:1: Premature end of file.
2025-12-16 21:58:52,049 [ERROR] LogOutputStream:75 - [STDERR_REDIRECT] 
2025-12-16 21:58:52,670 [INFO] WebApp:194 - Connection lost
2025-12-16 21:58:53,049 [ERROR] LogOutputStream:75 - [STDERR_REDIRECT] [Fatal Error] :1:1: Premature end of file.
2025-12-16 21:58:53,049 [ERROR] LogOutputStream:75 - [STDERR_REDIRECT] 
2025-12-16 21:58:54,050 [ERROR] LogOutputStream:75 - [STDERR_REDIRECT] [Fatal Error] :1:1: Premature end of file.
2025-12-16 21:58:54,050 [ERROR] LogOutputStream:75 - [STDERR_REDIRECT] 
2025-12-16 21:58:55,049 [ERROR] LogOutputStream:75 - [STDERR_REDIRECT] [Fatal Error] :1:1: Premature end of file.
2025-12-16 21:58:55,049 [ERROR] LogOutputStream:75 - [STDERR_REDIRECT] 
2025-12-16 21:58:56,050 [ERROR] LogOutputStream:75 - [STDERR_REDIRECT] [Fatal Error] :1:1: Premature end of file.
2025-12-16 21:58:56,050 [ERROR] LogOutputStream:75 - [STDERR_REDIRECT] 
2025-12-16 21:58:57,049 [ERROR] LogOutputStream:75 - [STDERR_REDIRECT] [Fatal Error] :1:1: Premature end of file.
2025-12-16 21:58:57,049 [ERROR] LogOutputStream:75 - [STDERR_REDIRECT] 
2025-12-16 21:58:58,048 [ERROR] LogOutputStream:75 - [STDERR_REDIRECT] [Fatal Error] :1:1: Premature end of file.
2025-12-16 21:58:58,048 [ERROR] LogOutputStream:75 - [STDERR_REDIRECT] 
2025-12-16 21:58:59,049 [ERROR] LogOutputStream:75 - [STDERR_REDIRECT] [Fatal Error] :1:1: Premature end of file.
2025-12-16 21:58:59,050 [ERROR] LogOutputStream:75 - [STDERR_REDIRECT] 
2025-12-16 21:59:00,047 [ERROR] LogOutputStream:75 - [STDERR_REDIRECT] [Fatal Error] :1:1: Premature end of file.
2025-12-16 21:59:00,047 [ERROR] LogOutputStream:75 - [STDERR_REDIRECT] 
2025-12-16 21:59:01,048 [ERROR] LogOutputStream:75 - [STDERR_REDIRECT] [Fatal Error] :1:1: Premature end of file.
2025-12-16 21:59:01,048 [ERROR] LogOutputStream:75 - [STDERR_REDIRECT] 
2025-12-16 21:59:02,050 [ERROR] LogOutputStream:75 - [STDERR_REDIRECT] [Fatal Error] :1:1: Premature end of file.
2025-12-16 21:59:02,050 [ERROR] LogOutputStream:75 - [STDERR_REDIRECT] 
2025-12-16 21:59:03,049 [ERROR] LogOutputStream:75 - [STDERR_REDIRECT] [Fatal Error] :1:1: Premature end of file.
2025-12-16 21:59:03,049 [ERROR] LogOutputStream:75 - [STDERR_REDIRECT] 
2025-12-16 21:59:04,051 [ERROR] LogOutputStream:75 - [STDERR_REDIRECT] [Fatal Error] :1:1: Premature end of file.
2025-12-16 21:59:04,051 [ERROR] LogOutputStream:75 - [STDERR_REDIRECT] 
2025-12-16 21:59:05,050 [ERROR] LogOutputStream:75 - [STDERR_REDIRECT] [Fatal Error] :1:1: Premature end of file.
2025-12-16 21:59:05,050 [ERROR] LogOutputStream:75 - [STDERR_REDIRECT] 
2025-12-16 21:59:06,051 [ERROR] LogOutputStream:75 - [STDERR_REDIRECT] [Fatal Error] :1:1: Premature end of file.
2025-12-16 21:59:06,051 [ERROR] LogOutputStream:75 - [STDERR_REDIRECT] 
2025-12-16 21:59:07,050 [ERROR] LogOutputStream:75 - [STDERR_REDIRECT] [Fatal Error] :1:1: Premature end of file.
2025-12-16 21:59:07,050 [ERROR] LogOutputStream:75 - [STDERR_REDIRECT] 
2025-12-16 21:59:08,050 [ERROR] LogOutputStream:75 - [STDERR_REDIRECT] [Fatal Error] :1:1: Premature end of file.
2025-12-16 21:59:08,050 [ERROR] LogOutputStream:75 - [STDERR_REDIRECT] 
2025-12-16 21:59:09,049 [ERROR] LogOutputStream:75 - [STDERR_REDIRECT] [Fatal Error] :1:1: Premature end of file.
2025-12-16 21:59:09,049 [ERROR] LogOutputStream:75 - [STDERR_REDIRECT] 
2025-12-16 21:59:10,049 [ERROR] LogOutputStream:75 - [STDERR_REDIRECT] [Fatal Error] :1:1: Premature end of file.
2025-12-16 21:59:10,050 [ERROR] LogOutputStream:75 - [STDERR_REDIRECT] 
2025-12-16 21:59:11,049 [ERROR] LogOutputStream:75 - [STDERR_REDIRECT] [Fatal Error] :1:1: Premature end of file.
2025-12-16 21:59:11,049 [ERROR] LogOutputStream:75 - [STDERR_REDIRECT] 
2025-12-16 21:59:12,051 [ERROR] LogOutputStream:75 - [STDERR_REDIRECT] [Fatal Error] :1:1: Premature end of file.
2025-12-16 21:59:12,051 [ERROR] LogOutputStream:75 - [STDERR_REDIRECT] 
2025-12-16 21:59:13,050 [ERROR] LogOutputStream:75 - [STDERR_REDIRECT] [Fatal Error] :1:1: Premature end of file.
2025-12-16 21:59:13,050 [ERROR] LogOutputStream:75 - [STDERR_REDIRECT] 
2025-12-16 21:59:14,049 [ERROR] LogOutputStream:75 - [STDERR_REDIRECT] [Fatal Error] :1:1: Premature end of file.
2025-12-16 21:59:14,049 [ERROR] LogOutputStream:75 - [STDERR_REDIRECT] 
2025-12-16 21:59:15,050 [ERROR] LogOutputStream:75 - [STDERR_REDIRECT] [Fatal Error] :1:1: Premature end of file.
2025-12-16 21:59:15,050 [ERROR] LogOutputStream:75 - [STDERR_REDIRECT] 
2025-12-16 21:59:16,049 [ERROR] LogOutputStream:75 - [STDERR_REDIRECT] [Fatal Error] :1:1: Premature end of file.
2025-12-16 21:59:16,050 [ERROR] LogOutputStream:75 - [STDERR_REDIRECT] 
2025-12-16 21:59:17,050 [ERROR] LogOutputStream:75 - [STDERR_REDIRECT] [Fatal Error] :1:1: Premature end of file.
2025-12-16 21:59:17,050 [ERROR] LogOutputStream:75 - [STDERR_REDIRECT] 
2025-12-16 21:59:18,050 [ERROR] LogOutputStream:75 - [STDERR_REDIRECT] [Fatal Error] :1:1: Premature end of file.
2025-12-16 21:59:18,050 [ERROR] LogOutputStream:75 - [STDERR_REDIRECT] 
2025-12-16 21:59:19,051 [ERROR] LogOutputStream:75 - [STDERR_REDIRECT] [Fatal Error] :1:1: Premature end of file.
2025-12-16 21:59:19,051 [ERROR] LogOutputStream:75 - [STDERR_REDIRECT] 
2025-12-16 21:59:20,049 [ERROR] LogOutputStream:75 - [STDERR_REDIRECT] [Fatal Error] :1:1: Premature end of file.
2025-12-16 21:59:20,049 [ERROR] LogOutputStream:75 - [STDERR_REDIRECT] 
2025-12-16 21:59:21,050 [ERROR] LogOutputStream:75 - [STDERR_REDIRECT] [Fatal Error] :1:1: Premature end of file.
2025-12-16 21:59:21,050 [ERROR] LogOutputStream:75 - [STDERR_REDIRECT] 
2025-12-16 21:59:22,060 [ERROR] LogOutputStream:75 - [STDERR_REDIRECT] [Fatal Error] :1:1: Premature end of file.
2025-12-16 21:59:22,060 [ERROR] LogOutputStream:75 - [STDERR_REDIRECT] 
2025-12-16 21:59:23,057 [ERROR] LogOutputStream:75 - [STDERR_REDIRECT] [Fatal Error] :1:1: Premature end of file.
2025-12-16 21:59:23,057 [ERROR] LogOutputStream:75 - [STDERR_REDIRECT] 
2025-12-16 21:59:24,049 [ERROR] LogOutputStream:75 - [STDERR_REDIRECT] [Fatal Error] :1:1: Premature end of file.
2025-12-16 21:59:24,049 [ERROR] LogOutputStream:75 - [STDERR_REDIRECT] 
2025-12-16 21:59:25,048 [ERROR] LogOutputStream:75 - [STDERR_REDIRECT] [Fatal Error] :1:1: Premature end of file.
2025-12-16 21:59:25,048 [ERROR] LogOutputStream:75 - [STDERR_REDIRECT] 
2025-12-16 21:59:26,048 [ERROR] LogOutputStream:75 - [STDERR_REDIRECT] [Fatal Error] :1:1: Premature end of file.
2025-12-16 21:59:26,048 [ERROR] LogOutputStream:75 - [STDERR_REDIRECT] 
2025-12-16 21:59:27,050 [ERROR] LogOutputStream:75 - [STDERR_REDIRECT] [Fatal Error] :1:1: Premature end of file.
2025-12-16 21:59:27,050 [ERROR] LogOutputStream:75 - [STDERR_REDIRECT] 
2025-12-16 21:59:28,064 [ERROR] LogOutputStream:75 - [STDERR_REDIRECT] [Fatal Error] :1:1: Premature end of file.
2025-12-16 21:59:28,064 [ERROR] LogOutputStream:75 - [STDERR_REDIRECT] 
2025-12-16 21:59:29,048 [ERROR] LogOutputStream:75 - [STDERR_REDIRECT] [Fatal Error] :1:1: Premature end of file.
2025-12-16 21:59:29,048 [ERROR] LogOutputStream:75 - [STDERR_REDIRECT] 
2025-12-16 21:59:30,048 [ERROR] LogOutputStream:75 - [STDERR_REDIRECT] [Fatal Error] :1:1: Premature end of file.
2025-12-16 21:59:30,049 [ERROR] LogOutputStream:75 - [STDERR_REDIRECT] 
2025-12-16 21:59:31,048 [ERROR] LogOutputStream:75 - [STDERR_REDIRECT] [Fatal Error] :1:1: Premature end of file.
2025-12-16 21:59:31,048 [ERROR] LogOutputStream:75 - [STDERR_REDIRECT] 
2025-12-16 21:59:32,056 [ERROR] LogOutputStream:75 - [STDERR_REDIRECT] [Fatal Error] :1:1: Premature end of file.
2025-12-16 21:59:32,056 [ERROR] LogOutputStream:75 - [STDERR_REDIRECT] 
2025-12-16 21:59:33,050 [ERROR] LogOutputStream:75 - [STDERR_REDIRECT] [Fatal Error] :1:1: Premature end of file.
2025-12-16 21:59:33,050 [ERROR] LogOutputStream:75 - [STDERR_REDIRECT] 
2025-12-16 21:59:34,048 [ERROR] LogOutputStream:75 - [STDERR_REDIRECT] [Fatal Error] :1:1: Premature end of file.
2025-12-16 21:59:34,048 [ERROR] LogOutputStream:75 - [STDERR_REDIRECT] 
2025-12-16 21:59:35,051 [ERROR] LogOutputStream:75 - [STDERR_REDIRECT] [Fatal Error] :1:1: Premature end of file.
2025-12-16 21:59:35,051 [ERROR] LogOutputStream:75 - [STDERR_REDIRECT] 
2025-12-16 21:59:36,052 [ERROR] LogOutputStream:75 - [STDERR_REDIRECT] [Fatal Error] :1:1: Premature end of file.
2025-12-16 21:59:36,052 [ERROR] LogOutputStream:75 - [STDERR_REDIRECT] 
2025-12-16 21:59:37,050 [ERROR] LogOutputStream:75 - [STDERR_REDIRECT] [Fatal Error] :1:1: Premature end of file.
2025-12-16 21:59:37,050 [ERROR] LogOutputStream:75 - [STDERR_REDIRECT] 
2025-12-16 21:59:38,050 [ERROR] LogOutputStream:75 - [STDERR_REDIRECT] [Fatal Error] :1:1: Premature end of file.
2025-12-16 21:59:38,051 [ERROR] LogOutputStream:75 - [STDERR_REDIRECT] 
2025-12-16 21:59:39,051 [ERROR] LogOutputStream:75 - [STDERR_REDIRECT] [Fatal Error] :1:1: Premature end of file.
2025-12-16 21:59:39,051 [ERROR] LogOutputStream:75 - [STDERR_REDIRECT] 
2025-12-16 21:59:40,050 [ERROR] LogOutputStream:75 - [STDERR_REDIRECT] [Fatal Error] :1:1: Premature end of file.
2025-12-16 21:59:40,050 [ERROR] LogOutputStream:75 - [STDERR_REDIRECT] 
2025-12-16 21:59:41,060 [ERROR] LogOutputStream:75 - [STDERR_REDIRECT] [Fatal Error] :1:1: Premature end of file.
2025-12-16 21:59:41,060 [ERROR] LogOutputStream:75 - [STDERR_REDIRECT] 
2025-12-16 21:59:42,050 [ERROR] LogOutputStream:75 - [STDERR_REDIRECT] [Fatal Error] :1:1: Premature end of file.
2025-12-16 21:59:42,052 [ERROR] LogOutputStream:75 - [STDERR_REDIRECT] 
2025-12-16 21:59:43,050 [ERROR] LogOutputStream:75 - [STDERR_REDIRECT] [Fatal Error] :1:1: Premature end of file.
2025-12-16 21:59:43,050 [ERROR] LogOutputStream:75 - [STDERR_REDIRECT] 
2025-12-16 21:59:44,050 [ERROR] LogOutputStream:75 - [STDERR_REDIRECT] [Fatal Error] :1:1: Premature end of file.
2025-12-16 21:59:44,050 [ERROR] LogOutputStream:75 - [STDERR_REDIRECT] 
2025-12-16 21:59:45,050 [ERROR] LogOutputStream:75 - [STDERR_REDIRECT] [Fatal Error] :1:1: Premature end of file.
2025-12-16 21:59:45,051 [ERROR] LogOutputStream:75 - [STDERR_REDIRECT] 
2025-12-16 21:59:46,049 [ERROR] LogOutputStream:75 - [STDERR_REDIRECT] [Fatal Error] :1:1: Premature end of file.
2025-12-16 21:59:46,049 [ERROR] LogOutputStream:75 - [STDERR_REDIRECT] 
2025-12-16 21:59:47,050 [ERROR] LogOutputStream:75 - [STDERR_REDIRECT] [Fatal Error] :1:1: Premature end of file.
2025-12-16 21:59:47,050 [ERROR] LogOutputStream:75 - [STDERR_REDIRECT] 
2025-12-16 21:59:48,055 [ERROR] LogOutputStream:75 - [STDERR_REDIRECT] [Fatal Error] :1:1: Premature end of file.
2025-12-16 21:59:48,055 [ERROR] LogOutputStream:75 - [STDERR_REDIRECT] 
2025-12-16 21:59:49,050 [ERROR] LogOutputStream:75 - [STDERR_REDIRECT] [Fatal Error] :1:1: Premature end of file.
2025-12-16 21:59:49,050 [ERROR] LogOutputStream:75 - [STDERR_REDIRECT] 
2025-12-16 21:59:50,054 [ERROR] LogOutputStream:75 - [STDERR_REDIRECT] [Fatal Error] :1:1: Premature end of file.
2025-12-16 21:59:50,054 [ERROR] LogOutputStream:75 - [STDERR_REDIRECT] 
2025-12-16 21:59:51,050 [ERROR] LogOutputStream:75 - [STDERR_REDIRECT] [Fatal Error] :1:1: Premature end of file.
2025-12-16 21:59:51,050 [ERROR] LogOutputStream:75 - [STDERR_REDIRECT] 
2025-12-16 21:59:52,058 [ERROR] LogOutputStream:75 - [STDERR_REDIRECT] [Fatal Error] :1:1: Premature end of file.
2025-12-16 21:59:52,058 [ERROR] LogOutputStream:75 - [STDERR_REDIRECT] 
2025-12-16 21:59:53,051 [ERROR] LogOutputStream:75 - [STDERR_REDIRECT] [Fatal Error] :1:1: Premature end of file.
2025-12-16 21:59:53,051 [ERROR] LogOutputStream:75 - [STDERR_REDIRECT] 
2025-12-16 21:59:54,050 [ERROR] LogOutputStream:75 - [STDERR_REDIRECT] [Fatal Error] :1:1: Premature end of file.
2025-12-16 21:59:54,050 [ERROR] LogOutputStream:75 - [STDERR_REDIRECT] 
2025-12-16 21:59:55,050 [ERROR] LogOutputStream:75 - [STDERR_REDIRECT] [Fatal Error] :1:1: Premature end of file.
2025-12-16 21:59:55,050 [ERROR] LogOutputStream:75 - [STDERR_REDIRECT] 
2025-12-16 21:59:56,058 [ERROR] LogOutputStream:75 - [STDERR_REDIRECT] [Fatal Error] :1:1: Premature end of file.
2025-12-16 21:59:56,058 [ERROR] LogOutputStream:75 - [STDERR_REDIRECT] 
2025-12-16 21:59:57,050 [ERROR] LogOutputStream:75 - [STDERR_REDIRECT] [Fatal Error] :1:1: Premature end of file.
2025-12-16 21:59:57,050 [ERROR] LogOutputStream:75 - [STDERR_REDIRECT] 
2025-12-16 21:59:58,063 [ERROR] LogOutputStream:75 - [STDERR_REDIRECT] [Fatal Error] :1:1: Premature end of file.
2025-12-16 21:59:58,063 [ERROR] LogOutputStream:75 - [STDERR_REDIRECT] 
2025-12-16 21:59:59,049 [ERROR] LogOutputStream:75 - [STDERR_REDIRECT] [Fatal Error] :1:1: Premature end of file.
2025-12-16 21:59:59,049 [ERROR] LogOutputStream:75 - [STDERR_REDIRECT] 
2025-12-16 22:00:00,053 [ERROR] LogOutputStream:75 - [STDERR_REDIRECT] [Fatal Error] :1:1: Premature end of file.
2025-12-16 22:00:00,053 [ERROR] LogOutputStream:75 - [STDERR_REDIRECT] 
2025-12-16 22:00:01,048 [ERROR] LogOutputStream:75 - [STDERR_REDIRECT] [Fatal Error] :1:1: Premature end of file.
2025-12-16 22:00:01,049 [ERROR] LogOutputStream:75 - [STDERR_REDIRECT] 
2025-12-16 22:00:01,367 [INFO] WebApp:191 - Connection restablished
2025-12-16 22:00:02,052 [ERROR] LogOutputStream:75 - [STDERR_REDIRECT] [Fatal Error] :1:1: Premature end of file.
2025-12-16 22:00:02,052 [ERROR] LogOutputStream:75 - [STDERR_REDIRECT] 
2025-12-16 22:00:03,049 [ERROR] LogOutputStream:75 - [STDERR_REDIRECT] [Fatal Error] :1:1: Premature end of file.
2025-12-16 22:00:03,050 [ERROR] LogOutputStream:75 - [STDERR_REDIRECT] 
2025-12-16 22:00:03,222 [INFO] WebApp:194 - Connection lost
2025-12-16 22:00:04,067 [ERROR] LogOutputStream:75 - [STDERR_REDIRECT] [Fatal Error] :1:1: Premature end of file.
2025-12-16 22:00:04,067 [ERROR] LogOutputStream:75 - [STDERR_REDIRECT] 
2025-12-16 22:00:05,054 [ERROR] LogOutputStream:75 - [STDERR_REDIRECT] [Fatal Error] :1:1: Premature end of file.
2025-12-16 22:00:05,054 [ERROR] LogOutputStream:75 - [STDERR_REDIRECT] 
2025-12-16 22:00:06,054 [ERROR] LogOutputStream:75 - [STDERR_REDIRECT] [Fatal Error] :1:1: Premature end of file.
2025-12-16 22:00:06,054 [ERROR] LogOutputStream:75 - [STDERR_REDIRECT] 
2025-12-16 22:00:07,052 [ERROR] LogOutputStream:75 - [STDERR_REDIRECT] [Fatal Error] :1:1: Premature end of file.
2025-12-16 22:00:07,052 [ERROR] LogOutputStream:75 - [STDERR_REDIRECT] 
2025-12-16 22:00:08,051 [ERROR] LogOutputStream:75 - [STDERR_REDIRECT] [Fatal Error] :1:1: Premature end of file.
2025-12-16 22:00:08,051 [ERROR] LogOutputStream:75 - [STDERR_REDIRECT] 
2025-12-16 22:00:09,050 [ERROR] LogOutputStream:75 - [STDERR_REDIRECT] [Fatal Error] :1:1: Premature end of file.
2025-12-16 22:00:09,051 [ERROR] LogOutputStream:75 - [STDERR_REDIRECT] 
2025-12-16 22:00:10,051 [ERROR] LogOutputStream:75 - [STDERR_REDIRECT] [Fatal Error] :1:1: Premature end of file.
2025-12-16 22:00:10,051 [ERROR] LogOutputStream:75 - [STDERR_REDIRECT] 
2025-12-16 22:00:11,051 [ERROR] LogOutputStream:75 - [STDERR_REDIRECT] [Fatal Error] :1:1: Premature end of file.
2025-12-16 22:00:11,052 [ERROR] LogOutputStream:75 - [STDERR_REDIRECT] 
2025-12-16 22:00:12,052 [ERROR] LogOutputStream:75 - [STDERR_REDIRECT] [Fatal Error] :1:1: Premature end of file.
2025-12-16 22:00:12,052 [ERROR] LogOutputStream:75 - [STDERR_REDIRECT] 
2025-12-16 22:00:13,051 [ERROR] LogOutputStream:75 - [STDERR_REDIRECT] [Fatal Error] :1:1: Premature end of file.
2025-12-16 22:00:13,051 [ERROR] LogOutputStream:75 - [STDERR_REDIRECT] 
2025-12-16 22:00:14,065 [ERROR] LogOutputStream:75 - [STDERR_REDIRECT] [Fatal Error] :1:1: Premature end of file.
2025-12-16 22:00:14,065 [ERROR] LogOutputStream:75 - [STDERR_REDIRECT] 
2025-12-16 22:00:15,052 [ERROR] LogOutputStream:75 - [STDERR_REDIRECT] [Fatal Error] :1:1: Premature end of file.
2025-12-16 22:00:15,052 [ERROR] LogOutputStream:75 - [STDERR_REDIRECT] 
2025-12-16 22:00:16,052 [ERROR] LogOutputStream:75 - [STDERR_REDIRECT] [Fatal Error] :1:1: Premature end of file.
2025-12-16 22:00:16,052 [ERROR] LogOutputStream:75 - [STDERR_REDIRECT] 
2025-12-16 22:00:17,051 [ERROR] LogOutputStream:75 - [STDERR_REDIRECT] [Fatal Error] :1:1: Premature end of file.
2025-12-16 22:00:17,051 [ERROR] LogOutputStream:75 - [STDERR_REDIRECT] 
2025-12-16 22:00:18,050 [ERROR] LogOutputStream:75 - [STDERR_REDIRECT] [Fatal Error] :1:1: Premature end of file.
2025-12-16 22:00:18,052 [ERROR] LogOutputStream:75 - [STDERR_REDIRECT] 
2025-12-16 22:00:19,051 [ERROR] LogOutputStream:75 - [STDERR_REDIRECT] [Fatal Error] :1:1: Premature end of file.
2025-12-16 22:00:19,051 [ERROR] LogOutputStream:75 - [STDERR_REDIRECT] 
2025-12-16 22:00:20,051 [ERROR] LogOutputStream:75 - [STDERR_REDIRECT] [Fatal Error] :1:1: Premature end of file.
2025-12-16 22:00:20,051 [ERROR] LogOutputStream:75 - [STDERR_REDIRECT] 
2025-12-16 22:00:21,050 [ERROR] LogOutputStream:75 - [STDERR_REDIRECT] [Fatal Error] :1:1: Premature end of file.
2025-12-16 22:00:21,050 [ERROR] LogOutputStream:75 - [STDERR_REDIRECT] 
2025-12-16 22:00:22,050 [ERROR] LogOutputStream:75 - [STDERR_REDIRECT] [Fatal Error] :1:1: Premature end of file.
2025-12-16 22:00:22,050 [ERROR] LogOutputStream:75 - [STDERR_REDIRECT] 
2025-12-16 22:00:23,059 [ERROR] LogOutputStream:75 - [STDERR_REDIRECT] [Fatal Error] :1:1: Premature end of file.
2025-12-16 22:00:23,059 [ERROR] LogOutputStream:75 - [STDERR_REDIRECT] 
2025-12-16 22:00:24,050 [ERROR] LogOutputStream:75 - [STDERR_REDIRECT] [Fatal Error] :1:1: Premature end of file.
2025-12-16 22:00:24,050 [ERROR] LogOutputStream:75 - [STDERR_REDIRECT] 
2025-12-16 22:00:25,052 [ERROR] LogOutputStream:75 - [STDERR_REDIRECT] [Fatal Error] :1:1: Premature end of file.
2025-12-16 22:00:25,053 [ERROR] LogOutputStream:75 - [STDERR_REDIRECT] 
2025-12-16 22:00:26,049 [ERROR] LogOutputStream:75 - [STDERR_REDIRECT] [Fatal Error] :1:1: Premature end of file.
2025-12-16 22:00:26,049 [ERROR] LogOutputStream:75 - [STDERR_REDIRECT] 
2025-12-16 22:00:27,049 [ERROR] LogOutputStream:75 - [STDERR_REDIRECT] [Fatal Error] :1:1: Premature end of file.
2025-12-16 22:00:27,050 [ERROR] LogOutputStream:75 - [STDERR_REDIRECT] 
2025-12-16 22:00:28,060 [ERROR] LogOutputStream:75 - [STDERR_REDIRECT] [Fatal Error] :1:1: Premature end of file.
2025-12-16 22:00:28,060 [ERROR] LogOutputStream:75 - [STDERR_REDIRECT] 
2025-12-16 22:00:29,052 [ERROR] LogOutputStream:75 - [STDERR_REDIRECT] [Fatal Error] :1:1: Premature end of file.
2025-12-16 22:00:29,052 [ERROR] LogOutputStream:75 - [STDERR_REDIRECT] 
2025-12-16 22:00:30,048 [ERROR] LogOutputStream:75 - [STDERR_REDIRECT] [Fatal Error] :1:1: Premature end of file.
2025-12-16 22:00:30,048 [ERROR] LogOutputStream:75 - [STDERR_REDIRECT] 
2025-12-16 22:00:31,049 [ERROR] LogOutputStream:75 - [STDERR_REDIRECT] [Fatal Error] :1:1: Premature end of file.
2025-12-16 22:00:31,049 [ERROR] LogOutputStream:75 - [STDERR_REDIRECT] 
2025-12-16 22:00:32,050 [ERROR] LogOutputStream:75 - [STDERR_REDIRECT] [Fatal Error] :1:1: Premature end of file.
2025-12-16 22:00:32,050 [ERROR] LogOutputStream:75 - [STDERR_REDIRECT] 
2025-12-16 22:00:33,050 [ERROR] LogOutputStream:75 - [STDERR_REDIRECT] [Fatal Error] :1:1: Premature end of file.
2025-12-16 22:00:33,050 [ERROR] LogOutputStream:75 - [STDERR_REDIRECT] 
2025-12-16 22:00:34,057 [ERROR] LogOutputStream:75 - [STDERR_REDIRECT] [Fatal Error] :1:1: Premature end of file.
2025-12-16 22:00:34,058 [ERROR] LogOutputStream:75 - [STDERR_REDIRECT] 
2025-12-16 22:00:35,051 [ERROR] LogOutputStream:75 - [STDERR_REDIRECT] [Fatal Error] :1:1: Premature end of file.
2025-12-16 22:00:35,051 [ERROR] LogOutputStream:75 - [STDERR_REDIRECT] 
2025-12-16 22:00:36,050 [ERROR] LogOutputStream:75 - [STDERR_REDIRECT] [Fatal Error] :1:1: Premature end of file.
2025-12-16 22:00:36,050 [ERROR] LogOutputStream:75 - [STDERR_REDIRECT] 
2025-12-16 22:00:36,714 [INFO] WebApp:191 - Connection restablished
2025-12-16 22:00:37,058 [ERROR] LogOutputStream:75 - [STDERR_REDIRECT] [Fatal Error] :1:1: Premature end of file.
2025-12-16 22:00:37,058 [ERROR] LogOutputStream:75 - [STDERR_REDIRECT] 
2025-12-16 22:00:38,051 [ERROR] LogOutputStream:75 - [STDERR_REDIRECT] [Fatal Error] :1:1: Premature end of file.
2025-12-16 22:00:38,051 [ERROR] LogOutputStream:75 - [STDERR_REDIRECT] 
2025-12-16 22:00:39,050 [ERROR] LogOutputStream:75 - [STDERR_REDIRECT] [Fatal Error] :1:1: Premature end of file.
2025-12-16 22:00:39,050 [ERROR] LogOutputStream:75 - [STDERR_REDIRECT] 
2025-12-16 22:00:40,054 [ERROR] LogOutputStream:75 - [STDERR_REDIRECT] [Fatal Error] :1:1: Premature end of file.
2025-12-16 22:00:40,054 [ERROR] LogOutputStream:75 - [STDERR_REDIRECT] 
2025-12-16 22:00:41,050 [ERROR] LogOutputStream:75 - [STDERR_REDIRECT] [Fatal Error] :1:1: Premature end of file.
2025-12-16 22:00:41,050 [ERROR] LogOutputStream:75 - [STDERR_REDIRECT] 
2025-12-16 22:00:42,064 [ERROR] LogOutputStream:75 - [STDERR_REDIRECT] [Fatal Error] :1:1: Premature end of file.
2025-12-16 22:00:42,064 [ERROR] LogOutputStream:75 - [STDERR_REDIRECT] 
2025-12-16 22:00:43,051 [ERROR] LogOutputStream:75 - [STDERR_REDIRECT] [Fatal Error] :1:1: Premature end of file.
2025-12-16 22:00:43,051 [ERROR] LogOutputStream:75 - [STDERR_REDIRECT] 
2025-12-16 22:00:44,051 [ERROR] LogOutputStream:75 - [STDERR_REDIRECT] [Fatal Error] :1:1: Premature end of file.
2025-12-16 22:00:44,051 [ERROR] LogOutputStream:75 - [STDERR_REDIRECT] 
2025-12-16 22:00:45,051 [ERROR] LogOutputStream:75 - [STDERR_REDIRECT] [Fatal Error] :1:1: Premature end of file.
2025-12-16 22:00:45,051 [ERROR] LogOutputStream:75 - [STDERR_REDIRECT] 
2025-12-16 22:00:46,059 [ERROR] LogOutputStream:75 - [STDERR_REDIRECT] [Fatal Error] :1:1: Premature end of file.
2025-12-16 22:00:46,059 [ERROR] LogOutputStream:75 - [STDERR_REDIRECT] 
2025-12-16 22:00:47,068 [ERROR] LogOutputStream:75 - [STDERR_REDIRECT] [Fatal Error] :1:1: Premature end of file.
2025-12-16 22:00:47,068 [ERROR] LogOutputStream:75 - [STDERR_REDIRECT] 
2025-12-16 22:00:48,049 [ERROR] LogOutputStream:75 - [STDERR_REDIRECT] [Fatal Error] :1:1: Premature end of file.
2025-12-16 22:00:48,049 [ERROR] LogOutputStream:75 - [STDERR_REDIRECT] 
2025-12-16 22:00:49,060 [ERROR] LogOutputStream:75 - [STDERR_REDIRECT] [Fatal Error] :1:1: Premature end of file.
2025-12-16 22:00:49,060 [ERROR] LogOutputStream:75 - [STDERR_REDIRECT] 
2025-12-16 22:00:50,060 [ERROR] LogOutputStream:75 - [STDERR_REDIRECT] [Fatal Error] :1:1: Premature end of file.
2025-12-16 22:00:50,060 [ERROR] LogOutputStream:75 - [STDERR_REDIRECT] 
2025-12-16 22:00:51,059 [ERROR] LogOutputStream:75 - [STDERR_REDIRECT] [Fatal Error] :1:1: Premature end of file.
2025-12-16 22:00:51,059 [ERROR] LogOutputStream:75 - [STDERR_REDIRECT] 
2025-12-16 22:00:52,048 [ERROR] LogOutputStream:75 - [STDERR_REDIRECT] [Fatal Error] :1:1: Premature end of file.
2025-12-16 22:00:52,050 [ERROR] LogOutputStream:75 - [STDERR_REDIRECT] 
2025-12-16 22:00:53,055 [ERROR] LogOutputStream:75 - [STDERR_REDIRECT] [Fatal Error] :1:1: Premature end of file.
2025-12-16 22:00:53,055 [ERROR] LogOutputStream:75 - [STDERR_REDIRECT] 
2025-12-16 22:00:54,050 [ERROR] LogOutputStream:75 - [STDERR_REDIRECT] [Fatal Error] :1:1: Premature end of file.
2025-12-16 22:00:54,050 [ERROR] LogOutputStream:75 - [STDERR_REDIRECT] 
2025-12-16 22:00:55,050 [ERROR] LogOutputStream:75 - [STDERR_REDIRECT] [Fatal Error] :1:1: Premature end of file.
2025-12-16 22:00:55,051 [ERROR] LogOutputStream:75 - [STDERR_REDIRECT] 
2025-12-16 22:00:56,049 [ERROR] LogOutputStream:75 - [STDERR_REDIRECT] [Fatal Error] :1:1: Premature end of file.
2025-12-16 22:00:56,049 [ERROR] LogOutputStream:75 - [STDERR_REDIRECT] 
2025-12-16 22:00:57,050 [ERROR] LogOutputStream:75 - [STDERR_REDIRECT] [Fatal Error] :1:1: Premature end of file.
2025-12-16 22:00:57,051 [ERROR] LogOutputStream:75 - [STDERR_REDIRECT] 
2025-12-16 22:00:58,050 [ERROR] LogOutputStream:75 - [STDERR_REDIRECT] [Fatal Error] :1:1: Premature end of file.
2025-12-16 22:00:58,052 [ERROR] LogOutputStream:75 - [STDERR_REDIRECT] 
2025-12-16 22:00:59,049 [ERROR] LogOutputStream:75 - [STDERR_REDIRECT] [Fatal Error] :1:1: Premature end of file.
2025-12-16 22:00:59,050 [ERROR] LogOutputStream:75 - [STDERR_REDIRECT] 
2025-12-16 22:01:00,057 [ERROR] LogOutputStream:75 - [STDERR_REDIRECT] [Fatal Error] :1:1: Premature end of file.
2025-12-16 22:01:00,057 [ERROR] LogOutputStream:75 - [STDERR_REDIRECT] 
2025-12-16 22:01:01,048 [ERROR] LogOutputStream:75 - [STDERR_REDIRECT] [Fatal Error] :1:1: Premature end of file.
2025-12-16 22:01:01,049 [ERROR] LogOutputStream:75 - [STDERR_REDIRECT] 
2025-12-16 22:01:02,049 [ERROR] LogOutputStream:75 - [STDERR_REDIRECT] [Fatal Error] :1:1: Premature end of file.
2025-12-16 22:01:02,049 [ERROR] LogOutputStream:75 - [STDERR_REDIRECT] 
2025-12-16 22:01:03,061 [ERROR] LogOutputStream:75 - [STDERR_REDIRECT] [Fatal Error] :1:1: Premature end of file.
2025-12-16 22:01:03,061 [ERROR] LogOutputStream:75 - [STDERR_REDIRECT] 
2025-12-16 22:01:04,048 [ERROR] LogOutputStream:75 - [STDERR_REDIRECT] [Fatal Error] :1:1: Premature end of file.
2025-12-16 22:01:04,049 [ERROR] LogOutputStream:75 - [STDERR_REDIRECT] 
2025-12-16 22:01:05,048 [ERROR] LogOutputStream:75 - [STDERR_REDIRECT] [Fatal Error] :1:1: Premature end of file.
2025-12-16 22:01:05,049 [ERROR] LogOutputStream:75 - [STDERR_REDIRECT] 
2025-12-16 22:01:06,049 [ERROR] LogOutputStream:75 - [STDERR_REDIRECT] [Fatal Error] :1:1: Premature end of file.
2025-12-16 22:01:06,050 [ERROR] LogOutputStream:75 - [STDERR_REDIRECT] 
2025-12-16 22:01:07,056 [ERROR] LogOutputStream:75 - [STDERR_REDIRECT] [Fatal Error] :1:1: Premature end of file.
2025-12-16 22:01:07,056 [ERROR] LogOutputStream:75 - [STDERR_REDIRECT] 
2025-12-16 22:01:08,049 [ERROR] LogOutputStream:75 - [STDERR_REDIRECT] [Fatal Error] :1:1: Premature end of file.
2025-12-16 22:01:08,049 [ERROR] LogOutputStream:75 - [STDERR_REDIRECT] 
2025-12-16 22:01:09,052 [ERROR] LogOutputStream:75 - [STDERR_REDIRECT] [Fatal Error] :1:1: Premature end of file.
2025-12-16 22:01:09,052 [ERROR] LogOutputStream:75 - [STDERR_REDIRECT] 
2025-12-16 22:01:10,049 [ERROR] LogOutputStream:75 - [STDERR_REDIRECT] [Fatal Error] :1:1: Premature end of file.
2025-12-16 22:01:10,049 [ERROR] LogOutputStream:75 - [STDERR_REDIRECT] 
2025-12-16 22:01:11,056 [ERROR] LogOutputStream:75 - [STDERR_REDIRECT] [Fatal Error] :1:1: Premature end of file.
2025-12-16 22:01:11,057 [ERROR] LogOutputStream:75 - [STDERR_REDIRECT] 
2025-12-16 22:01:12,054 [ERROR] LogOutputStream:75 - [STDERR_REDIRECT] [Fatal Error] :1:1: Premature end of file.
2025-12-16 22:01:12,054 [ERROR] LogOutputStream:75 - [STDERR_REDIRECT] 
2025-12-16 22:01:13,050 [ERROR] LogOutputStream:75 - [STDERR_REDIRECT] [Fatal Error] :1:1: Premature end of file.
2025-12-16 22:01:13,050 [ERROR] LogOutputStream:75 - [STDERR_REDIRECT] 
2025-12-16 22:01:14,051 [ERROR] LogOutputStream:75 - [STDERR_REDIRECT] [Fatal Error] :1:1: Premature end of file.
2025-12-16 22:01:14,051 [ERROR] LogOutputStream:75 - [STDERR_REDIRECT] 
2025-12-16 22:01:15,049 [ERROR] LogOutputStream:75 - [STDERR_REDIRECT] [Fatal Error] :1:1: Premature end of file.
2025-12-16 22:01:15,049 [ERROR] LogOutputStream:75 - [STDERR_REDIRECT] 
2025-12-16 22:01:16,068 [ERROR] LogOutputStream:75 - [STDERR_REDIRECT] [Fatal Error] :1:1: Premature end of file.
2025-12-16 22:01:16,068 [ERROR] LogOutputStream:75 - [STDERR_REDIRECT] 
2025-12-16 22:01:17,051 [ERROR] LogOutputStream:75 - [STDERR_REDIRECT] [Fatal Error] :1:1: Premature end of file.
2025-12-16 22:01:17,051 [ERROR] LogOutputStream:75 - [STDERR_REDIRECT] 
2025-12-16 22:01:18,050 [ERROR] LogOutputStream:75 - [STDERR_REDIRECT] [Fatal Error] :1:1: Premature end of file.
2025-12-16 22:01:18,050 [ERROR] LogOutputStream:75 - [STDERR_REDIRECT] 
2025-12-16 22:01:19,050 [ERROR] LogOutputStream:75 - [STDERR_REDIRECT] [Fatal Error] :1:1: Premature end of file.
2025-12-16 22:01:19,050 [ERROR] LogOutputStream:75 - [STDERR_REDIRECT] 
2025-12-16 22:01:19,212 [INFO] WebApp:194 - Connection lost
2025-12-16 22:01:20,060 [ERROR] LogOutputStream:75 - [STDERR_REDIRECT] [Fatal Error] :1:1: Premature end of file.
2025-12-16 22:01:20,060 [ERROR] LogOutputStream:75 - [STDERR_REDIRECT] 
2025-12-16 22:01:21,050 [ERROR] LogOutputStream:75 - [STDERR_REDIRECT] [Fatal Error] :1:1: Premature end of file.
2025-12-16 22:01:21,050 [ERROR] LogOutputStream:75 - [STDERR_REDIRECT] 
2025-12-16 22:01:22,051 [ERROR] LogOutputStream:75 - [STDERR_REDIRECT] [Fatal Error] :1:1: Premature end of file.
2025-12-16 22:01:22,051 [ERROR] LogOutputStream:75 - [STDERR_REDIRECT] 
2025-12-16 22:01:23,052 [ERROR] LogOutputStream:75 - [STDERR_REDIRECT] [Fatal Error] :1:1: Premature end of file.
2025-12-16 22:01:23,052 [ERROR] LogOutputStream:75 - [STDERR_REDIRECT] 
2025-12-16 22:01:24,049 [ERROR] LogOutputStream:75 - [STDERR_REDIRECT] [Fatal Error] :1:1: Premature end of file.
2025-12-16 22:01:24,049 [ERROR] LogOutputStream:75 - [STDERR_REDIRECT] 
2025-12-16 22:01:25,062 [ERROR] LogOutputStream:75 - [STDERR_REDIRECT] [Fatal Error] :1:1: Premature end of file.
2025-12-16 22:01:25,062 [ERROR] LogOutputStream:75 - [STDERR_REDIRECT] 
2025-12-16 22:01:26,063 [ERROR] LogOutputStream:75 - [STDERR_REDIRECT] [Fatal Error] :1:1: Premature end of file.
2025-12-16 22:01:26,063 [ERROR] LogOutputStream:75 - [STDERR_REDIRECT] 
2025-12-16 22:01:27,049 [ERROR] LogOutputStream:75 - [STDERR_REDIRECT] [Fatal Error] :1:1: Premature end of file.
2025-12-16 22:01:27,049 [ERROR] LogOutputStream:75 - [STDERR_REDIRECT] 
2025-12-16 22:01:28,049 [ERROR] LogOutputStream:75 - [STDERR_REDIRECT] [Fatal Error] :1:1: Premature end of file.
2025-12-16 22:01:28,049 [ERROR] LogOutputStream:75 - [STDERR_REDIRECT] 
2025-12-16 22:01:29,050 [ERROR] LogOutputStream:75 - [STDERR_REDIRECT] [Fatal Error] :1:1: Premature end of file.
2025-12-16 22:01:29,050 [ERROR] LogOutputStream:75 - [STDERR_REDIRECT] 
2025-12-16 22:01:30,049 [ERROR] LogOutputStream:75 - [STDERR_REDIRECT] [Fatal Error] :1:1: Premature end of file.
2025-12-16 22:01:30,049 [ERROR] LogOutputStream:75 - [STDERR_REDIRECT] 
2025-12-16 22:01:31,049 [ERROR] LogOutputStream:75 - [STDERR_REDIRECT] [Fatal Error] :1:1: Premature end of file.
2025-12-16 22:01:31,050 [ERROR] LogOutputStream:75 - [STDERR_REDIRECT] 
2025-12-16 22:01:32,048 [ERROR] LogOutputStream:75 - [STDERR_REDIRECT] [Fatal Error] :1:1: Premature end of file.
2025-12-16 22:01:32,049 [ERROR] LogOutputStream:75 - [STDERR_REDIRECT] 
2025-12-16 22:01:33,049 [ERROR] LogOutputStream:75 - [STDERR_REDIRECT] [Fatal Error] :1:1: Premature end of file.
2025-12-16 22:01:33,049 [ERROR] LogOutputStream:75 - [STDERR_REDIRECT] 
2025-12-16 22:01:34,049 [ERROR] LogOutputStream:75 - [STDERR_REDIRECT] [Fatal Error] :1:1: Premature end of file.
2025-12-16 22:01:34,049 [ERROR] LogOutputStream:75 - [STDERR_REDIRECT] 
2025-12-16 22:01:35,049 [ERROR] LogOutputStream:75 - [STDERR_REDIRECT] [Fatal Error] :1:1: Premature end of file.
2025-12-16 22:01:35,049 [ERROR] LogOutputStream:75 - [STDERR_REDIRECT] 
2025-12-16 22:01:36,059 [ERROR] LogOutputStream:75 - [STDERR_REDIRECT] [Fatal Error] :1:1: Premature end of file.
2025-12-16 22:01:36,059 [ERROR] LogOutputStream:75 - [STDERR_REDIRECT] 
2025-12-16 22:01:37,058 [ERROR] LogOutputStream:75 - [STDERR_REDIRECT] [Fatal Error] :1:1: Premature end of file.
2025-12-16 22:01:37,058 [ERROR] LogOutputStream:75 - [STDERR_REDIRECT] 
2025-12-16 22:01:38,055 [ERROR] LogOutputStream:75 - [STDERR_REDIRECT] [Fatal Error] :1:1: Premature end of file.
2025-12-16 22:01:38,055 [ERROR] LogOutputStream:75 - [STDERR_REDIRECT] 
2025-12-16 22:01:39,061 [ERROR] LogOutputStream:75 - [STDERR_REDIRECT] [Fatal Error] :1:1: Premature end of file.
2025-12-16 22:01:39,061 [ERROR] LogOutputStream:75 - [STDERR_REDIRECT] 
2025-12-16 22:01:40,053 [ERROR] LogOutputStream:75 - [STDERR_REDIRECT] [Fatal Error] :1:1: Premature end of file.
2025-12-16 22:01:40,053 [ERROR] LogOutputStream:75 - [STDERR_REDIRECT] 
2025-12-16 22:01:41,052 [ERROR] LogOutputStream:75 - [STDERR_REDIRECT] [Fatal Error] :1:1: Premature end of file.
2025-12-16 22:01:41,052 [ERROR] LogOutputStream:75 - [STDERR_REDIRECT] 
2025-12-16 22:01:42,057 [ERROR] LogOutputStream:75 - [STDERR_REDIRECT] [Fatal Error] :1:1: Premature end of file.
2025-12-16 22:01:42,057 [ERROR] LogOutputStream:75 - [STDERR_REDIRECT] 
2025-12-16 22:01:43,054 [ERROR] LogOutputStream:75 - [STDERR_REDIRECT] [Fatal Error] :1:1: Premature end of file.
2025-12-16 22:01:43,054 [ERROR] LogOutputStream:75 - [STDERR_REDIRECT] 
2025-12-16 22:01:44,055 [ERROR] LogOutputStream:75 - [STDERR_REDIRECT] [Fatal Error] :1:1: Premature end of file.
2025-12-16 22:01:44,055 [ERROR] LogOutputStream:75 - [STDERR_REDIRECT] 
2025-12-16 22:01:45,057 [ERROR] LogOutputStream:75 - [STDERR_REDIRECT] [Fatal Error] :1:1: Premature end of file.
2025-12-16 22:01:45,057 [ERROR] LogOutputStream:75 - [STDERR_REDIRECT] 
2025-12-16 22:01:46,052 [ERROR] LogOutputStream:75 - [STDERR_REDIRECT] [Fatal Error] :1:1: Premature end of file.
2025-12-16 22:01:46,052 [ERROR] LogOutputStream:75 - [STDERR_REDIRECT] 
2025-12-16 22:01:47,053 [ERROR] LogOutputStream:75 - [STDERR_REDIRECT] [Fatal Error] :1:1: Premature end of file.
2025-12-16 22:01:47,053 [ERROR] LogOutputStream:75 - [STDERR_REDIRECT] 
2025-12-16 22:01:48,054 [ERROR] LogOutputStream:75 - [STDERR_REDIRECT] [Fatal Error] :1:1: Premature end of file.
2025-12-16 22:01:48,054 [ERROR] LogOutputStream:75 - [STDERR_REDIRECT] 
2025-12-16 22:01:49,057 [ERROR] LogOutputStream:75 - [STDERR_REDIRECT] [Fatal Error] :1:1: Premature end of file.
2025-12-16 22:01:49,057 [ERROR] LogOutputStream:75 - [STDERR_REDIRECT] 
2025-12-16 22:01:50,055 [ERROR] LogOutputStream:75 - [STDERR_REDIRECT] [Fatal Error] :1:1: Premature end of file.
2025-12-16 22:01:50,055 [ERROR] LogOutputStream:75 - [STDERR_REDIRECT] 
2025-12-16 22:01:51,055 [ERROR] LogOutputStream:75 - [STDERR_REDIRECT] [Fatal Error] :1:1: Premature end of file.
2025-12-16 22:01:51,056 [ERROR] LogOutputStream:75 - [STDERR_REDIRECT] 
2025-12-16 22:01:52,055 [ERROR] LogOutputStream:75 - [STDERR_REDIRECT] [Fatal Error] :1:1: Premature end of file.
2025-12-16 22:01:52,055 [ERROR] LogOutputStream:75 - [STDERR_REDIRECT] 
2025-12-16 22:01:53,056 [ERROR] LogOutputStream:75 - [STDERR_REDIRECT] [Fatal Error] :1:1: Premature end of file.
2025-12-16 22:01:53,056 [ERROR] LogOutputStream:75 - [STDERR_REDIRECT] 
2025-12-16 22:01:54,053 [ERROR] LogOutputStream:75 - [STDERR_REDIRECT] [Fatal Error] :1:1: Premature end of file.
2025-12-16 22:01:54,053 [ERROR] LogOutputStream:75 - [STDERR_REDIRECT] 
2025-12-16 22:01:55,058 [ERROR] LogOutputStream:75 - [STDERR_REDIRECT] [Fatal Error] :1:1: Premature end of file.
2025-12-16 22:01:55,058 [ERROR] LogOutputStream:75 - [STDERR_REDIRECT] 
2025-12-16 22:01:56,054 [ERROR] LogOutputStream:75 - [STDERR_REDIRECT] [Fatal Error] :1:1: Premature end of file.
2025-12-16 22:01:56,055 [ERROR] LogOutputStream:75 - [STDERR_REDIRECT] 
2025-12-16 22:01:57,054 [ERROR] LogOutputStream:75 - [STDERR_REDIRECT] [Fatal Error] :1:1: Premature end of file.
2025-12-16 22:01:57,054 [ERROR] LogOutputStream:75 - [STDERR_REDIRECT] 
2025-12-16 22:01:58,052 [ERROR] LogOutputStream:75 - [STDERR_REDIRECT] [Fatal Error] :1:1: Premature end of file.
2025-12-16 22:01:58,052 [ERROR] LogOutputStream:75 - [STDERR_REDIRECT] 
2025-12-16 22:01:59,054 [ERROR] LogOutputStream:75 - [STDERR_REDIRECT] [Fatal Error] :1:1: Premature end of file.
2025-12-16 22:01:59,054 [ERROR] LogOutputStream:75 - [STDERR_REDIRECT] 
2025-12-16 22:02:00,054 [ERROR] LogOutputStream:75 - [STDERR_REDIRECT] [Fatal Error] :1:1: Premature end of file.
2025-12-16 22:02:00,054 [ERROR] LogOutputStream:75 - [STDERR_REDIRECT] 
2025-12-16 22:02:01,054 [ERROR] LogOutputStream:75 - [STDERR_REDIRECT] [Fatal Error] :1:1: Premature end of file.
2025-12-16 22:02:01,055 [ERROR] LogOutputStream:75 - [STDERR_REDIRECT] 
2025-12-16 22:02:02,052 [ERROR] LogOutputStream:75 - [STDERR_REDIRECT] [Fatal Error] :1:1: Premature end of file.
2025-12-16 22:02:02,052 [ERROR] LogOutputStream:75 - [STDERR_REDIRECT] 
2025-12-16 22:02:03,054 [ERROR] LogOutputStream:75 - [STDERR_REDIRECT] [Fatal Error] :1:1: Premature end of file.
2025-12-16 22:02:03,054 [ERROR] LogOutputStream:75 - [STDERR_REDIRECT] 
2025-12-16 22:02:04,053 [ERROR] LogOutputStream:75 - [STDERR_REDIRECT] [Fatal Error] :1:1: Premature end of file.
2025-12-16 22:02:04,053 [ERROR] LogOutputStream:75 - [STDERR_REDIRECT] 
2025-12-16 22:02:05,054 [ERROR] LogOutputStream:75 - [STDERR_REDIRECT] [Fatal Error] :1:1: Premature end of file.
2025-12-16 22:02:05,054 [ERROR] LogOutputStream:75 - [STDERR_REDIRECT] 
2025-12-16 22:02:06,052 [ERROR] LogOutputStream:75 - [STDERR_REDIRECT] [Fatal Error] :1:1: Premature end of file.
2025-12-16 22:02:06,052 [ERROR] LogOutputStream:75 - [STDERR_REDIRECT] 
2025-12-16 22:02:07,054 [ERROR] LogOutputStream:75 - [STDERR_REDIRECT] [Fatal Error] :1:1: Premature end of file.
2025-12-16 22:02:07,054 [ERROR] LogOutputStream:75 - [STDERR_REDIRECT] 
2025-12-16 22:02:08,054 [ERROR] LogOutputStream:75 - [STDERR_REDIRECT] [Fatal Error] :1:1: Premature end of file.
2025-12-16 22:02:08,054 [ERROR] LogOutputStream:75 - [STDERR_REDIRECT] 
2025-12-16 22:02:09,056 [ERROR] LogOutputStream:75 - [STDERR_REDIRECT] [Fatal Error] :1:1: Premature end of file.
2025-12-16 22:02:09,056 [ERROR] LogOutputStream:75 - [STDERR_REDIRECT] 
2025-12-16 22:02:10,051 [ERROR] LogOutputStream:75 - [STDERR_REDIRECT] [Fatal Error] :1:1: Premature end of file.
2025-12-16 22:02:10,051 [ERROR] LogOutputStream:75 - [STDERR_REDIRECT] 
2025-12-16 22:02:11,054 [ERROR] LogOutputStream:75 - [STDERR_REDIRECT] [Fatal Error] :1:1: Premature end of file.
2025-12-16 22:02:11,054 [ERROR] LogOutputStream:75 - [STDERR_REDIRECT] 
2025-12-16 22:02:12,053 [ERROR] LogOutputStream:75 - [STDERR_REDIRECT] [Fatal Error] :1:1: Premature end of file.
2025-12-16 22:02:12,053 [ERROR] LogOutputStream:75 - [STDERR_REDIRECT] 
2025-12-16 22:02:13,054 [ERROR] LogOutputStream:75 - [STDERR_REDIRECT] [Fatal Error] :1:1: Premature end of file.
2025-12-16 22:02:13,054 [ERROR] LogOutputStream:75 - [STDERR_REDIRECT] 
2025-12-16 22:02:14,055 [ERROR] LogOutputStream:75 - [STDERR_REDIRECT] [Fatal Error] :1:1: Premature end of file.
2025-12-16 22:02:14,055 [ERROR] LogOutputStream:75 - [STDERR_REDIRECT] 
2025-12-16 22:02:15,051 [ERROR] LogOutputStream:75 - [STDERR_REDIRECT] [Fatal Error] :1:1: Premature end of file.
2025-12-16 22:02:15,051 [ERROR] LogOutputStream:75 - [STDERR_REDIRECT] 
2025-12-16 22:02:15,119 [INFO] WebApp:191 - Connection restablished
2025-12-16 22:02:16,055 [ERROR] LogOutputStream:75 - [STDERR_REDIRECT] [Fatal Error] :1:1: Premature end of file.
2025-12-16 22:02:16,056 [ERROR] LogOutputStream:75 - [STDERR_REDIRECT] 
2025-12-16 22:02:17,055 [ERROR] LogOutputStream:75 - [STDERR_REDIRECT] [Fatal Error] :1:1: Premature end of file.
2025-12-16 22:02:17,055 [ERROR] LogOutputStream:75 - [STDERR_REDIRECT] 
2025-12-16 22:02:18,055 [ERROR] LogOutputStream:75 - [STDERR_REDIRECT] [Fatal Error] :1:1: Premature end of file.
2025-12-16 22:02:18,056 [ERROR] LogOutputStream:75 - [STDERR_REDIRECT] 
2025-12-16 22:02:19,055 [ERROR] LogOutputStream:75 - [STDERR_REDIRECT] [Fatal Error] :1:1: Premature end of file.
2025-12-16 22:02:19,056 [ERROR] LogOutputStream:75 - [STDERR_REDIRECT] 
2025-12-16 22:02:20,054 [ERROR] LogOutputStream:75 - [STDERR_REDIRECT] [Fatal Error] :1:1: Premature end of file.
2025-12-16 22:02:20,054 [ERROR] LogOutputStream:75 - [STDERR_REDIRECT] 
2025-12-16 22:02:21,054 [ERROR] LogOutputStream:75 - [STDERR_REDIRECT] [Fatal Error] :1:1: Premature end of file.
2025-12-16 22:02:21,054 [ERROR] LogOutputStream:75 - [STDERR_REDIRECT] 
2025-12-16 22:02:22,054 [ERROR] LogOutputStream:75 - [STDERR_REDIRECT] [Fatal Error] :1:1: Premature end of file.
2025-12-16 22:02:22,054 [ERROR] LogOutputStream:75 - [STDERR_REDIRECT] 
2025-12-16 22:02:23,055 [ERROR] LogOutputStream:75 - [STDERR_REDIRECT] [Fatal Error] :1:1: Premature end of file.
2025-12-16 22:02:23,055 [ERROR] LogOutputStream:75 - [STDERR_REDIRECT] 
2025-12-16 22:02:24,054 [ERROR] LogOutputStream:75 - [STDERR_REDIRECT] [Fatal Error] :1:1: Premature end of file.
2025-12-16 22:02:24,054 [ERROR] LogOutputStream:75 - [STDERR_REDIRECT] 
2025-12-16 22:02:25,054 [ERROR] LogOutputStream:75 - [STDERR_REDIRECT] [Fatal Error] :1:1: Premature end of file.
2025-12-16 22:02:25,054 [ERROR] LogOutputStream:75 - [STDERR_REDIRECT] 
2025-12-16 22:02:26,053 [ERROR] LogOutputStream:75 - [STDERR_REDIRECT] [Fatal Error] :1:1: Premature end of file.
2025-12-16 22:02:26,053 [ERROR] LogOutputStream:75 - [STDERR_REDIRECT] 
2025-12-16 22:02:27,058 [ERROR] LogOutputStream:75 - [STDERR_REDIRECT] [Fatal Error] :1:1: Premature end of file.
2025-12-16 22:02:27,058 [ERROR] LogOutputStream:75 - [STDERR_REDIRECT] 
2025-12-16 22:02:28,060 [ERROR] LogOutputStream:75 - [STDERR_REDIRECT] [Fatal Error] :1:1: Premature end of file.
2025-12-16 22:02:28,060 [ERROR] LogOutputStream:75 - [STDERR_REDIRECT] 
2025-12-16 22:02:29,052 [ERROR] LogOutputStream:75 - [STDERR_REDIRECT] [Fatal Error] :1:1: Premature end of file.
2025-12-16 22:02:29,052 [ERROR] LogOutputStream:75 - [STDERR_REDIRECT] 
2025-12-16 22:02:30,052 [ERROR] LogOutputStream:75 - [STDERR_REDIRECT] [Fatal Error] :1:1: Premature end of file.
2025-12-16 22:02:30,052 [ERROR] LogOutputStream:75 - [STDERR_REDIRECT] 
2025-12-16 22:02:31,052 [ERROR] LogOutputStream:75 - [STDERR_REDIRECT] [Fatal Error] :1:1: Premature end of file.
2025-12-16 22:02:31,052 [ERROR] LogOutputStream:75 - [STDERR_REDIRECT] 
2025-12-16 22:02:32,054 [ERROR] LogOutputStream:75 - [STDERR_REDIRECT] [Fatal Error] :1:1: Premature end of file.
2025-12-16 22:02:32,054 [ERROR] LogOutputStream:75 - [STDERR_REDIRECT] 
2025-12-16 22:02:33,054 [ERROR] LogOutputStream:75 - [STDERR_REDIRECT] [Fatal Error] :1:1: Premature end of file.
2025-12-16 22:02:33,054 [ERROR] LogOutputStream:75 - [STDERR_REDIRECT] 
2025-12-16 22:02:34,056 [ERROR] LogOutputStream:75 - [STDERR_REDIRECT] [Fatal Error] :1:1: Premature end of file.
2025-12-16 22:02:34,056 [ERROR] LogOutputStream:75 - [STDERR_REDIRECT] 
2025-12-16 22:02:35,051 [ERROR] LogOutputStream:75 - [STDERR_REDIRECT] [Fatal Error] :1:1: Premature end of file.
2025-12-16 22:02:35,051 [ERROR] LogOutputStream:75 - [STDERR_REDIRECT] 
2025-12-16 22:02:36,053 [ERROR] LogOutputStream:75 - [STDERR_REDIRECT] [Fatal Error] :1:1: Premature end of file.
2025-12-16 22:02:36,053 [ERROR] LogOutputStream:75 - [STDERR_REDIRECT] 
2025-12-16 22:02:37,053 [ERROR] LogOutputStream:75 - [STDERR_REDIRECT] [Fatal Error] :1:1: Premature end of file.
2025-12-16 22:02:37,053 [ERROR] LogOutputStream:75 - [STDERR_REDIRECT] 
2025-12-16 22:02:38,052 [ERROR] LogOutputStream:75 - [STDERR_REDIRECT] [Fatal Error] :1:1: Premature end of file.
2025-12-16 22:02:38,052 [ERROR] LogOutputStream:75 - [STDERR_REDIRECT] 
2025-12-16 22:02:39,052 [ERROR] LogOutputStream:75 - [STDERR_REDIRECT] [Fatal Error] :1:1: Premature end of file.
2025-12-16 22:02:39,052 [ERROR] LogOutputStream:75 - [STDERR_REDIRECT] 
2025-12-16 22:02:40,058 [ERROR] LogOutputStream:75 - [STDERR_REDIRECT] [Fatal Error] :1:1: Premature end of file.
2025-12-16 22:02:40,058 [ERROR] LogOutputStream:75 - [STDERR_REDIRECT] 
2025-12-16 22:02:41,052 [ERROR] LogOutputStream:75 - [STDERR_REDIRECT] [Fatal Error] :1:1: Premature end of file.
2025-12-16 22:02:41,052 [ERROR] LogOutputStream:75 - [STDERR_REDIRECT] 
2025-12-16 22:02:42,055 [ERROR] LogOutputStream:75 - [STDERR_REDIRECT] [Fatal Error] :1:1: Premature end of file.
2025-12-16 22:02:42,055 [ERROR] LogOutputStream:75 - [STDERR_REDIRECT] 
2025-12-16 22:02:43,051 [ERROR] LogOutputStream:75 - [STDERR_REDIRECT] [Fatal Error] :1:1: Premature end of file.
2025-12-16 22:02:43,051 [ERROR] LogOutputStream:75 - [STDERR_REDIRECT] 
2025-12-16 22:02:44,058 [ERROR] LogOutputStream:75 - [STDERR_REDIRECT] [Fatal Error] :1:1: Premature end of file.
2025-12-16 22:02:44,058 [ERROR] LogOutputStream:75 - [STDERR_REDIRECT] 
2025-12-16 22:02:45,061 [ERROR] LogOutputStream:75 - [STDERR_REDIRECT] [Fatal Error] :1:1: Premature end of file.
2025-12-16 22:02:45,061 [ERROR] LogOutputStream:75 - [STDERR_REDIRECT] 
2025-12-16 22:02:46,054 [ERROR] LogOutputStream:75 - [STDERR_REDIRECT] [Fatal Error] :1:1: Premature end of file.
2025-12-16 22:02:46,054 [ERROR] LogOutputStream:75 - [STDERR_REDIRECT] 
2025-12-16 22:02:47,053 [ERROR] LogOutputStream:75 - [STDERR_REDIRECT] [Fatal Error] :1:1: Premature end of file.
2025-12-16 22:02:47,053 [ERROR] LogOutputStream:75 - [STDERR_REDIRECT] 
2025-12-16 22:02:48,059 [ERROR] LogOutputStream:75 - [STDERR_REDIRECT] [Fatal Error] :1:1: Premature end of file.
2025-12-16 22:02:48,059 [ERROR] LogOutputStream:75 - [STDERR_REDIRECT] 
2025-12-16 22:02:49,062 [ERROR] LogOutputStream:75 - [STDERR_REDIRECT] [Fatal Error] :1:1: Premature end of file.
2025-12-16 22:02:49,062 [ERROR] LogOutputStream:75 - [STDERR_REDIRECT] 
2025-12-16 22:02:50,054 [ERROR] LogOutputStream:75 - [STDERR_REDIRECT] [Fatal Error] :1:1: Premature end of file.
2025-12-16 22:02:50,054 [ERROR] LogOutputStream:75 - [STDERR_REDIRECT] 
2025-12-16 22:02:51,054 [ERROR] LogOutputStream:75 - [STDERR_REDIRECT] [Fatal Error] :1:1: Premature end of file.
2025-12-16 22:02:51,054 [ERROR] LogOutputStream:75 - [STDERR_REDIRECT] 
2025-12-16 22:02:52,055 [ERROR] LogOutputStream:75 - [STDERR_REDIRECT] [Fatal Error] :1:1: Premature end of file.
2025-12-16 22:02:52,056 [ERROR] LogOutputStream:75 - [STDERR_REDIRECT] 
2025-12-16 22:02:53,055 [ERROR] LogOutputStream:75 - [STDERR_REDIRECT] [Fatal Error] :1:1: Premature end of file.
2025-12-16 22:02:53,055 [ERROR] LogOutputStream:75 - [STDERR_REDIRECT] 
2025-12-16 22:02:54,052 [ERROR] LogOutputStream:75 - [STDERR_REDIRECT] [Fatal Error] :1:1: Premature end of file.
2025-12-16 22:02:54,052 [ERROR] LogOutputStream:75 - [STDERR_REDIRECT] 
2025-12-16 22:02:55,054 [ERROR] LogOutputStream:75 - [STDERR_REDIRECT] [Fatal Error] :1:1: Premature end of file.
2025-12-16 22:02:55,054 [ERROR] LogOutputStream:75 - [STDERR_REDIRECT] 
2025-12-16 22:02:56,055 [ERROR] LogOutputStream:75 - [STDERR_REDIRECT] [Fatal Error] :1:1: Premature end of file.
2025-12-16 22:02:56,055 [ERROR] LogOutputStream:75 - [STDERR_REDIRECT] 
2025-12-16 22:02:57,055 [ERROR] LogOutputStream:75 - [STDERR_REDIRECT] [Fatal Error] :1:1: Premature end of file.
2025-12-16 22:02:57,056 [ERROR] LogOutputStream:75 - [STDERR_REDIRECT] 
2025-12-16 22:02:58,052 [ERROR] LogOutputStream:75 - [STDERR_REDIRECT] [Fatal Error] :1:1: Premature end of file.
2025-12-16 22:02:58,052 [ERROR] LogOutputStream:75 - [STDERR_REDIRECT] 
2025-12-16 22:02:59,052 [ERROR] LogOutputStream:75 - [STDERR_REDIRECT] [Fatal Error] :1:1: Premature end of file.
2025-12-16 22:02:59,053 [ERROR] LogOutputStream:75 - [STDERR_REDIRECT] 
2025-12-16 22:03:00,055 [ERROR] LogOutputStream:75 - [STDERR_REDIRECT] [Fatal Error] :1:1: Premature end of file.
2025-12-16 22:03:00,055 [ERROR] LogOutputStream:75 - [STDERR_REDIRECT] 
2025-12-16 22:03:01,051 [ERROR] LogOutputStream:75 - [STDERR_REDIRECT] [Fatal Error] :1:1: Premature end of file.
2025-12-16 22:03:01,051 [ERROR] LogOutputStream:75 - [STDERR_REDIRECT] 
2025-12-16 22:03:02,053 [ERROR] LogOutputStream:75 - [STDERR_REDIRECT] [Fatal Error] :1:1: Premature end of file.
2025-12-16 22:03:02,053 [ERROR] LogOutputStream:75 - [STDERR_REDIRECT] 
2025-12-16 22:03:03,053 [ERROR] LogOutputStream:75 - [STDERR_REDIRECT] [Fatal Error] :1:1: Premature end of file.
2025-12-16 22:03:03,053 [ERROR] LogOutputStream:75 - [STDERR_REDIRECT] 
2025-12-16 22:03:04,056 [ERROR] LogOutputStream:75 - [STDERR_REDIRECT] [Fatal Error] :1:1: Premature end of file.
2025-12-16 22:03:04,056 [ERROR] LogOutputStream:75 - [STDERR_REDIRECT] 
2025-12-16 22:03:05,051 [ERROR] LogOutputStream:75 - [STDERR_REDIRECT] [Fatal Error] :1:1: Premature end of file.
2025-12-16 22:03:05,051 [ERROR] LogOutputStream:75 - [STDERR_REDIRECT] 
2025-12-16 22:03:06,059 [ERROR] LogOutputStream:75 - [STDERR_REDIRECT] [Fatal Error] :1:1: Premature end of file.
2025-12-16 22:03:06,059 [ERROR] LogOutputStream:75 - [STDERR_REDIRECT] 
2025-12-16 22:03:07,051 [ERROR] LogOutputStream:75 - [STDERR_REDIRECT] [Fatal Error] :1:1: Premature end of file.
2025-12-16 22:03:07,051 [ERROR] LogOutputStream:75 - [STDERR_REDIRECT] 
2025-12-16 22:03:08,052 [ERROR] LogOutputStream:75 - [STDERR_REDIRECT] [Fatal Error] :1:1: Premature end of file.
2025-12-16 22:03:08,052 [ERROR] LogOutputStream:75 - [STDERR_REDIRECT] 
2025-12-16 22:03:09,053 [ERROR] LogOutputStream:75 - [STDERR_REDIRECT] [Fatal Error] :1:1: Premature end of file.
2025-12-16 22:03:09,053 [ERROR] LogOutputStream:75 - [STDERR_REDIRECT] 
2025-12-16 22:03:10,054 [ERROR] LogOutputStream:75 - [STDERR_REDIRECT] [Fatal Error] :1:1: Premature end of file.
2025-12-16 22:03:10,055 [ERROR] LogOutputStream:75 - [STDERR_REDIRECT] 
2025-12-16 22:03:11,062 [ERROR] LogOutputStream:75 - [STDERR_REDIRECT] [Fatal Error] :1:1: Premature end of file.
2025-12-16 22:03:11,062 [ERROR] LogOutputStream:75 - [STDERR_REDIRECT] 
2025-12-16 22:03:12,059 [ERROR] LogOutputStream:75 - [STDERR_REDIRECT] [Fatal Error] :1:1: Premature end of file.
2025-12-16 22:03:12,060 [ERROR] LogOutputStream:75 - [STDERR_REDIRECT] 
2025-12-16 22:03:13,059 [ERROR] LogOutputStream:75 - [STDERR_REDIRECT] [Fatal Error] :1:1: Premature end of file.
2025-12-16 22:03:13,059 [ERROR] LogOutputStream:75 - [STDERR_REDIRECT] 
2025-12-16 22:03:14,063 [ERROR] LogOutputStream:75 - [STDERR_REDIRECT] [Fatal Error] :1:1: Premature end of file.
2025-12-16 22:03:14,063 [ERROR] LogOutputStream:75 - [STDERR_REDIRECT] 
2025-12-16 22:03:15,065 [ERROR] LogOutputStream:75 - [STDERR_REDIRECT] [Fatal Error] :1:1: Premature end of file.
2025-12-16 22:03:15,065 [ERROR] LogOutputStream:75 - [STDERR_REDIRECT] 
2025-12-16 22:03:16,062 [ERROR] LogOutputStream:75 - [STDERR_REDIRECT] [Fatal Error] :1:1: Premature end of file.
2025-12-16 22:03:16,062 [ERROR] LogOutputStream:75 - [STDERR_REDIRECT] 
2025-12-16 22:03:17,060 [ERROR] LogOutputStream:75 - [STDERR_REDIRECT] [Fatal Error] :1:1: Premature end of file.
2025-12-16 22:03:17,060 [ERROR] LogOutputStream:75 - [STDERR_REDIRECT] 
2025-12-16 22:03:18,065 [ERROR] LogOutputStream:75 - [STDERR_REDIRECT] [Fatal Error] :1:1: Premature end of file.
2025-12-16 22:03:18,065 [ERROR] LogOutputStream:75 - [STDERR_REDIRECT] 
2025-12-16 22:03:19,062 [ERROR] LogOutputStream:75 - [STDERR_REDIRECT] [Fatal Error] :1:1: Premature end of file.
2025-12-16 22:03:19,062 [ERROR] LogOutputStream:75 - [STDERR_REDIRECT] 
2025-12-16 22:03:20,062 [ERROR] LogOutputStream:75 - [STDERR_REDIRECT] [Fatal Error] :1:1: Premature end of file.
2025-12-16 22:03:20,062 [ERROR] LogOutputStream:75 - [STDERR_REDIRECT] 
2025-12-16 22:03:21,063 [ERROR] LogOutputStream:75 - [STDERR_REDIRECT] [Fatal Error] :1:1: Premature end of file.
2025-12-16 22:03:21,063 [ERROR] LogOutputStream:75 - [STDERR_REDIRECT] 
2025-12-16 22:03:22,066 [ERROR] LogOutputStream:75 - [STDERR_REDIRECT] [Fatal Error] :1:1: Premature end of file.
2025-12-16 22:03:22,066 [ERROR] LogOutputStream:75 - [STDERR_REDIRECT] 
2025-12-16 22:03:23,061 [ERROR] LogOutputStream:75 - [STDERR_REDIRECT] [Fatal Error] :1:1: Premature end of file.
2025-12-16 22:03:23,061 [ERROR] LogOutputStream:75 - [STDERR_REDIRECT] 
2025-12-16 22:03:24,065 [ERROR] LogOutputStream:75 - [STDERR_REDIRECT] [Fatal Error] :1:1: Premature end of file.
2025-12-16 22:03:24,065 [ERROR] LogOutputStream:75 - [STDERR_REDIRECT] 
2025-12-16 22:03:25,068 [ERROR] LogOutputStream:75 - [STDERR_REDIRECT] [Fatal Error] :1:1: Premature end of file.
2025-12-16 22:03:25,068 [ERROR] LogOutputStream:75 - [STDERR_REDIRECT] 
2025-12-16 22:03:26,070 [ERROR] LogOutputStream:75 - [STDERR_REDIRECT] [Fatal Error] :1:1: Premature end of file.
2025-12-16 22:03:26,070 [ERROR] LogOutputStream:75 - [STDERR_REDIRECT] 
2025-12-16 22:03:27,073 [ERROR] LogOutputStream:75 - [STDERR_REDIRECT] [Fatal Error] :1:1: Premature end of file.
2025-12-16 22:03:27,073 [ERROR] LogOutputStream:75 - [STDERR_REDIRECT] 
2025-12-16 22:03:28,063 [ERROR] LogOutputStream:75 - [STDERR_REDIRECT] [Fatal Error] :1:1: Premature end of file.
2025-12-16 22:03:28,063 [ERROR] LogOutputStream:75 - [STDERR_REDIRECT] 
2025-12-16 22:03:29,065 [ERROR] LogOutputStream:75 - [STDERR_REDIRECT] [Fatal Error] :1:1: Premature end of file.
2025-12-16 22:03:29,065 [ERROR] LogOutputStream:75 - [STDERR_REDIRECT] 
2025-12-16 22:03:30,061 [ERROR] LogOutputStream:75 - [STDERR_REDIRECT] [Fatal Error] :1:1: Premature end of file.
2025-12-16 22:03:30,061 [ERROR] LogOutputStream:75 - [STDERR_REDIRECT] 
2025-12-16 22:03:31,056 [ERROR] LogOutputStream:75 - [STDERR_REDIRECT] [Fatal Error] :1:1: Premature end of file.
2025-12-16 22:03:31,056 [ERROR] LogOutputStream:75 - [STDERR_REDIRECT] 
2025-12-16 22:03:32,062 [ERROR] LogOutputStream:75 - [STDERR_REDIRECT] [Fatal Error] :1:1: Premature end of file.
2025-12-16 22:03:32,062 [ERROR] LogOutputStream:75 - [STDERR_REDIRECT] 
2025-12-16 22:03:33,060 [ERROR] LogOutputStream:75 - [STDERR_REDIRECT] [Fatal Error] :1:1: Premature end of file.
2025-12-16 22:03:33,060 [ERROR] LogOutputStream:75 - [STDERR_REDIRECT] 
2025-12-16 22:03:34,062 [ERROR] LogOutputStream:75 - [STDERR_REDIRECT] [Fatal Error] :1:1: Premature end of file.
2025-12-16 22:03:34,062 [ERROR] LogOutputStream:75 - [STDERR_REDIRECT] 
2025-12-16 22:03:35,061 [ERROR] LogOutputStream:75 - [STDERR_REDIRECT] [Fatal Error] :1:1: Premature end of file.
2025-12-16 22:03:35,061 [ERROR] LogOutputStream:75 - [STDERR_REDIRECT] 
2025-12-16 22:03:36,062 [ERROR] LogOutputStream:75 - [STDERR_REDIRECT] [Fatal Error] :1:1: Premature end of file.
2025-12-16 22:03:36,062 [ERROR] LogOutputStream:75 - [STDERR_REDIRECT] 
2025-12-16 22:03:37,066 [ERROR] LogOutputStream:75 - [STDERR_REDIRECT] [Fatal Error] :1:1: Premature end of file.
2025-12-16 22:03:37,066 [ERROR] LogOutputStream:75 - [STDERR_REDIRECT] 
2025-12-16 22:03:38,065 [ERROR] LogOutputStream:75 - [STDERR_REDIRECT] [Fatal Error] :1:1: Premature end of file.
2025-12-16 22:03:38,065 [ERROR] LogOutputStream:75 - [STDERR_REDIRECT] 
2025-12-16 22:03:39,060 [ERROR] LogOutputStream:75 - [STDERR_REDIRECT] [Fatal Error] :1:1: Premature end of file.
2025-12-16 22:03:39,060 [ERROR] LogOutputStream:75 - [STDERR_REDIRECT] 
2025-12-16 22:03:40,061 [ERROR] LogOutputStream:75 - [STDERR_REDIRECT] [Fatal Error] :1:1: Premature end of file.
2025-12-16 22:03:40,061 [ERROR] LogOutputStream:75 - [STDERR_REDIRECT] 
2025-12-16 22:03:41,065 [ERROR] LogOutputStream:75 - [STDERR_REDIRECT] [Fatal Error] :1:1: Premature end of file.
2025-12-16 22:03:41,065 [ERROR] LogOutputStream:75 - [STDERR_REDIRECT] 
2025-12-16 22:03:42,064 [ERROR] LogOutputStream:75 - [STDERR_REDIRECT] [Fatal Error] :1:1: Premature end of file.
2025-12-16 22:03:42,064 [ERROR] LogOutputStream:75 - [STDERR_REDIRECT] 
2025-12-16 22:03:43,058 [ERROR] LogOutputStream:75 - [STDERR_REDIRECT] [Fatal Error] :1:1: Premature end of file.
2025-12-16 22:03:43,058 [ERROR] LogOutputStream:75 - [STDERR_REDIRECT] 
2025-12-16 22:03:44,060 [ERROR] LogOutputStream:75 - [STDERR_REDIRECT] [Fatal Error] :1:1: Premature end of file.
2025-12-16 22:03:44,060 [ERROR] LogOutputStream:75 - [STDERR_REDIRECT] 
2025-12-16 22:03:45,079 [ERROR] LogOutputStream:75 - [STDERR_REDIRECT] [Fatal Error] :1:1: Premature end of file.
2025-12-16 22:03:45,079 [ERROR] LogOutputStream:75 - [STDERR_REDIRECT] 
2025-12-16 22:03:46,073 [ERROR] LogOutputStream:75 - [STDERR_REDIRECT] [Fatal Error] :1:1: Premature end of file.
2025-12-16 22:03:46,073 [ERROR] LogOutputStream:75 - [STDERR_REDIRECT] 
2025-12-16 22:03:47,064 [ERROR] LogOutputStream:75 - [STDERR_REDIRECT] [Fatal Error] :1:1: Premature end of file.
2025-12-16 22:03:47,064 [ERROR] LogOutputStream:75 - [STDERR_REDIRECT] 
2025-12-16 22:03:48,068 [ERROR] LogOutputStream:75 - [STDERR_REDIRECT] [Fatal Error] :1:1: Premature end of file.
2025-12-16 22:03:48,069 [ERROR] LogOutputStream:75 - [STDERR_REDIRECT] 
2025-12-16 22:03:49,068 [ERROR] LogOutputStream:75 - [STDERR_REDIRECT] [Fatal Error] :1:1: Premature end of file.
2025-12-16 22:03:49,068 [ERROR] LogOutputStream:75 - [STDERR_REDIRECT] 
2025-12-16 22:03:50,060 [ERROR] LogOutputStream:75 - [STDERR_REDIRECT] [Fatal Error] :1:1: Premature end of file.
2025-12-16 22:03:50,060 [ERROR] LogOutputStream:75 - [STDERR_REDIRECT] 
2025-12-16 22:03:51,064 [ERROR] LogOutputStream:75 - [STDERR_REDIRECT] [Fatal Error] :1:1: Premature end of file.
2025-12-16 22:03:51,064 [ERROR] LogOutputStream:75 - [STDERR_REDIRECT] 
2025-12-16 22:03:52,060 [ERROR] LogOutputStream:75 - [STDERR_REDIRECT] [Fatal Error] :1:1: Premature end of file.
2025-12-16 22:03:52,060 [ERROR] LogOutputStream:75 - [STDERR_REDIRECT] 
2025-12-16 22:03:53,060 [ERROR] LogOutputStream:75 - [STDERR_REDIRECT] [Fatal Error] :1:1: Premature end of file.
2025-12-16 22:03:53,061 [ERROR] LogOutputStream:75 - [STDERR_REDIRECT] 
2025-12-16 22:03:54,067 [ERROR] LogOutputStream:75 - [STDERR_REDIRECT] [Fatal Error] :1:1: Premature end of file.
2025-12-16 22:03:54,067 [ERROR] LogOutputStream:75 - [STDERR_REDIRECT] 
2025-12-16 22:03:55,064 [ERROR] LogOutputStream:75 - [STDERR_REDIRECT] [Fatal Error] :1:1: Premature end of file.
2025-12-16 22:03:55,065 [ERROR] LogOutputStream:75 - [STDERR_REDIRECT] 
2025-12-16 22:03:56,059 [ERROR] LogOutputStream:75 - [STDERR_REDIRECT] [Fatal Error] :1:1: Premature end of file.
2025-12-16 22:03:56,059 [ERROR] LogOutputStream:75 - [STDERR_REDIRECT] 
2025-12-16 22:03:57,060 [ERROR] LogOutputStream:75 - [STDERR_REDIRECT] [Fatal Error] :1:1: Premature end of file.
2025-12-16 22:03:57,060 [ERROR] LogOutputStream:75 - [STDERR_REDIRECT] 
2025-12-16 22:03:58,061 [ERROR] LogOutputStream:75 - [STDERR_REDIRECT] [Fatal Error] :1:1: Premature end of file.
2025-12-16 22:03:58,062 [ERROR] LogOutputStream:75 - [STDERR_REDIRECT] 
2025-12-16 22:03:59,061 [ERROR] LogOutputStream:75 - [STDERR_REDIRECT] [Fatal Error] :1:1: Premature end of file.
2025-12-16 22:03:59,061 [ERROR] LogOutputStream:75 - [STDERR_REDIRECT] 
2025-12-16 22:04:00,068 [ERROR] LogOutputStream:75 - [STDERR_REDIRECT] [Fatal Error] :1:1: Premature end of file.
2025-12-16 22:04:00,069 [ERROR] LogOutputStream:75 - [STDERR_REDIRECT] 
2025-12-16 22:04:01,065 [ERROR] LogOutputStream:75 - [STDERR_REDIRECT] [Fatal Error] :1:1: Premature end of file.
2025-12-16 22:04:01,065 [ERROR] LogOutputStream:75 - [STDERR_REDIRECT] 
2025-12-16 22:04:02,058 [ERROR] LogOutputStream:75 - [STDERR_REDIRECT] [Fatal Error] :1:1: Premature end of file.
2025-12-16 22:04:02,058 [ERROR] LogOutputStream:75 - [STDERR_REDIRECT] 
2025-12-16 22:04:03,057 [ERROR] LogOutputStream:75 - [STDERR_REDIRECT] [Fatal Error] :1:1: Premature end of file.
2025-12-16 22:04:03,058 [ERROR] LogOutputStream:75 - [STDERR_REDIRECT] 
2025-12-16 22:04:04,059 [ERROR] LogOutputStream:75 - [STDERR_REDIRECT] [Fatal Error] :1:1: Premature end of file.
2025-12-16 22:04:04,059 [ERROR] LogOutputStream:75 - [STDERR_REDIRECT] 
2025-12-16 22:04:05,078 [ERROR] LogOutputStream:75 - [STDERR_REDIRECT] [Fatal Error] :1:1: Premature end of file.
2025-12-16 22:04:05,078 [ERROR] LogOutputStream:75 - [STDERR_REDIRECT] 
2025-12-16 22:04:06,066 [ERROR] LogOutputStream:75 - [STDERR_REDIRECT] [Fatal Error] :1:1: Premature end of file.
2025-12-16 22:04:06,066 [ERROR] LogOutputStream:75 - [STDERR_REDIRECT] 
2025-12-16 22:04:07,062 [ERROR] LogOutputStream:75 - [STDERR_REDIRECT] [Fatal Error] :1:1: Premature end of file.
2025-12-16 22:04:07,062 [ERROR] LogOutputStream:75 - [STDERR_REDIRECT] 
2025-12-16 22:04:08,058 [ERROR] LogOutputStream:75 - [STDERR_REDIRECT] [Fatal Error] :1:1: Premature end of file.
2025-12-16 22:04:08,058 [ERROR] LogOutputStream:75 - [STDERR_REDIRECT] 
2025-12-16 22:04:09,069 [ERROR] LogOutputStream:75 - [STDERR_REDIRECT] [Fatal Error] :1:1: Premature end of file.
2025-12-16 22:04:09,069 [ERROR] LogOutputStream:75 - [STDERR_REDIRECT] 
2025-12-16 22:04:10,057 [ERROR] LogOutputStream:75 - [STDERR_REDIRECT] [Fatal Error] :1:1: Premature end of file.
2025-12-16 22:04:10,057 [ERROR] LogOutputStream:75 - [STDERR_REDIRECT] 
2025-12-16 22:04:11,057 [ERROR] LogOutputStream:75 - [STDERR_REDIRECT] [Fatal Error] :1:1: Premature end of file.
2025-12-16 22:04:11,057 [ERROR] LogOutputStream:75 - [STDERR_REDIRECT] 
2025-12-16 22:04:12,052 [ERROR] LogOutputStream:75 - [STDERR_REDIRECT] [Fatal Error] :1:1: Premature end of file.
2025-12-16 22:04:12,052 [ERROR] LogOutputStream:75 - [STDERR_REDIRECT] 
2025-12-16 22:04:13,056 [ERROR] LogOutputStream:75 - [STDERR_REDIRECT] [Fatal Error] :1:1: Premature end of file.
2025-12-16 22:04:13,056 [ERROR] LogOutputStream:75 - [STDERR_REDIRECT] 
2025-12-16 22:04:14,054 [ERROR] LogOutputStream:75 - [STDERR_REDIRECT] [Fatal Error] :1:1: Premature end of file.
2025-12-16 22:04:14,054 [ERROR] LogOutputStream:75 - [STDERR_REDIRECT] 
2025-12-16 22:04:15,062 [ERROR] LogOutputStream:75 - [STDERR_REDIRECT] [Fatal Error] :1:1: Premature end of file.
2025-12-16 22:04:15,063 [ERROR] LogOutputStream:75 - [STDERR_REDIRECT] 
2025-12-16 22:04:16,057 [ERROR] LogOutputStream:75 - [STDERR_REDIRECT] [Fatal Error] :1:1: Premature end of file.
2025-12-16 22:04:16,057 [ERROR] LogOutputStream:75 - [STDERR_REDIRECT] 
2025-12-16 22:04:17,054 [ERROR] LogOutputStream:75 - [STDERR_REDIRECT] [Fatal Error] :1:1: Premature end of file.
2025-12-16 22:04:17,054 [ERROR] LogOutputStream:75 - [STDERR_REDIRECT] 
2025-12-16 22:04:18,054 [ERROR] LogOutputStream:75 - [STDERR_REDIRECT] [Fatal Error] :1:1: Premature end of file.
2025-12-16 22:04:18,055 [ERROR] LogOutputStream:75 - [STDERR_REDIRECT] 
2025-12-16 22:04:19,054 [ERROR] LogOutputStream:75 - [STDERR_REDIRECT] [Fatal Error] :1:1: Premature end of file.
2025-12-16 22:04:19,054 [ERROR] LogOutputStream:75 - [STDERR_REDIRECT] 
2025-12-16 22:04:20,054 [ERROR] LogOutputStream:75 - [STDERR_REDIRECT] [Fatal Error] :1:1: Premature end of file.
2025-12-16 22:04:20,054 [ERROR] LogOutputStream:75 - [STDERR_REDIRECT] 
2025-12-16 22:04:21,055 [ERROR] LogOutputStream:75 - [STDERR_REDIRECT] [Fatal Error] :1:1: Premature end of file.
2025-12-16 22:04:21,055 [ERROR] LogOutputStream:75 - [STDERR_REDIRECT] 
2025-12-16 22:04:22,054 [ERROR] LogOutputStream:75 - [STDERR_REDIRECT] [Fatal Error] :1:1: Premature end of file.
2025-12-16 22:04:22,054 [ERROR] LogOutputStream:75 - [STDERR_REDIRECT] 
2025-12-16 22:04:23,055 [ERROR] LogOutputStream:75 - [STDERR_REDIRECT] [Fatal Error] :1:1: Premature end of file.
2025-12-16 22:04:23,055 [ERROR] LogOutputStream:75 - [STDERR_REDIRECT] 
2025-12-16 22:04:24,055 [ERROR] LogOutputStream:75 - [STDERR_REDIRECT] [Fatal Error] :1:1: Premature end of file.
2025-12-16 22:04:24,055 [ERROR] LogOutputStream:75 - [STDERR_REDIRECT] 
2025-12-16 22:04:25,054 [ERROR] LogOutputStream:75 - [STDERR_REDIRECT] [Fatal Error] :1:1: Premature end of file.
2025-12-16 22:04:25,054 [ERROR] LogOutputStream:75 - [STDERR_REDIRECT] 
2025-12-16 22:04:26,053 [ERROR] LogOutputStream:75 - [STDERR_REDIRECT] [Fatal Error] :1:1: Premature end of file.
2025-12-16 22:04:26,053 [ERROR] LogOutputStream:75 - [STDERR_REDIRECT] 
2025-12-16 22:04:27,052 [ERROR] LogOutputStream:75 - [STDERR_REDIRECT] [Fatal Error] :1:1: Premature end of file.
2025-12-16 22:04:27,052 [ERROR] LogOutputStream:75 - [STDERR_REDIRECT] 
2025-12-16 22:04:28,054 [ERROR] LogOutputStream:75 - [STDERR_REDIRECT] [Fatal Error] :1:1: Premature end of file.
2025-12-16 22:04:28,054 [ERROR] LogOutputStream:75 - [STDERR_REDIRECT] 
2025-12-16 22:04:29,052 [ERROR] LogOutputStream:75 - [STDERR_REDIRECT] [Fatal Error] :1:1: Premature end of file.
2025-12-16 22:04:29,052 [ERROR] LogOutputStream:75 - [STDERR_REDIRECT] 
2025-12-16 22:04:30,053 [ERROR] LogOutputStream:75 - [STDERR_REDIRECT] [Fatal Error] :1:1: Premature end of file.
2025-12-16 22:04:30,053 [ERROR] LogOutputStream:75 - [STDERR_REDIRECT] 
2025-12-16 22:04:31,052 [ERROR] LogOutputStream:75 - [STDERR_REDIRECT] [Fatal Error] :1:1: Premature end of file.
2025-12-16 22:04:31,052 [ERROR] LogOutputStream:75 - [STDERR_REDIRECT] 
2025-12-16 22:04:32,052 [ERROR] LogOutputStream:75 - [STDERR_REDIRECT] [Fatal Error] :1:1: Premature end of file.
2025-12-16 22:04:32,052 [ERROR] LogOutputStream:75 - [STDERR_REDIRECT] 
2025-12-16 22:04:33,054 [ERROR] LogOutputStream:75 - [STDERR_REDIRECT] [Fatal Error] :1:1: Premature end of file.
2025-12-16 22:04:33,054 [ERROR] LogOutputStream:75 - [STDERR_REDIRECT] 
2025-12-16 22:04:34,056 [ERROR] LogOutputStream:75 - [STDERR_REDIRECT] [Fatal Error] :1:1: Premature end of file.
2025-12-16 22:04:34,056 [ERROR] LogOutputStream:75 - [STDERR_REDIRECT] 
2025-12-16 22:04:35,052 [ERROR] LogOutputStream:75 - [STDERR_REDIRECT] [Fatal Error] :1:1: Premature end of file.
2025-12-16 22:04:35,053 [ERROR] LogOutputStream:75 - [STDERR_REDIRECT] 
2025-12-16 22:04:36,051 [ERROR] LogOutputStream:75 - [STDERR_REDIRECT] [Fatal Error] :1:1: Premature end of file.
2025-12-16 22:04:36,051 [ERROR] LogOutputStream:75 - [STDERR_REDIRECT] 
2025-12-16 22:04:37,054 [ERROR] LogOutputStream:75 - [STDERR_REDIRECT] [Fatal Error] :1:1: Premature end of file.
2025-12-16 22:04:37,055 [ERROR] LogOutputStream:75 - [STDERR_REDIRECT] 
2025-12-16 22:04:38,055 [ERROR] LogOutputStream:75 - [STDERR_REDIRECT] [Fatal Error] :1:1: Premature end of file.
2025-12-16 22:04:38,056 [ERROR] LogOutputStream:75 - [STDERR_REDIRECT] 
2025-12-16 22:04:39,052 [ERROR] LogOutputStream:75 - [STDERR_REDIRECT] [Fatal Error] :1:1: Premature end of file.
2025-12-16 22:04:39,052 [ERROR] LogOutputStream:75 - [STDERR_REDIRECT] 
2025-12-16 22:04:40,054 [ERROR] LogOutputStream:75 - [STDERR_REDIRECT] [Fatal Error] :1:1: Premature end of file.
2025-12-16 22:04:40,054 [ERROR] LogOutputStream:75 - [STDERR_REDIRECT] 
2025-12-16 22:04:41,053 [ERROR] LogOutputStream:75 - [STDERR_REDIRECT] [Fatal Error] :1:1: Premature end of file.
2025-12-16 22:04:41,053 [ERROR] LogOutputStream:75 - [STDERR_REDIRECT] 
2025-12-16 22:04:42,053 [ERROR] LogOutputStream:75 - [STDERR_REDIRECT] [Fatal Error] :1:1: Premature end of file.
2025-12-16 22:04:42,053 [ERROR] LogOutputStream:75 - [STDERR_REDIRECT] 
2025-12-16 22:04:43,056 [ERROR] LogOutputStream:75 - [STDERR_REDIRECT] [Fatal Error] :1:1: Premature end of file.
2025-12-16 22:04:43,056 [ERROR] LogOutputStream:75 - [STDERR_REDIRECT] 
2025-12-16 22:04:44,055 [ERROR] LogOutputStream:75 - [STDERR_REDIRECT] [Fatal Error] :1:1: Premature end of file.
2025-12-16 22:04:44,055 [ERROR] LogOutputStream:75 - [STDERR_REDIRECT] 
2025-12-16 22:04:45,054 [ERROR] LogOutputStream:75 - [STDERR_REDIRECT] [Fatal Error] :1:1: Premature end of file.
2025-12-16 22:04:45,055 [ERROR] LogOutputStream:75 - [STDERR_REDIRECT] 
2025-12-16 22:04:46,053 [ERROR] LogOutputStream:75 - [STDERR_REDIRECT] [Fatal Error] :1:1: Premature end of file.
2025-12-16 22:04:46,053 [ERROR] LogOutputStream:75 - [STDERR_REDIRECT] 
2025-12-16 22:04:47,055 [ERROR] LogOutputStream:75 - [STDERR_REDIRECT] [Fatal Error] :1:1: Premature end of file.
2025-12-16 22:04:47,055 [ERROR] LogOutputStream:75 - [STDERR_REDIRECT] 
2025-12-16 22:04:48,054 [ERROR] LogOutputStream:75 - [STDERR_REDIRECT] [Fatal Error] :1:1: Premature end of file.
2025-12-16 22:04:48,054 [ERROR] LogOutputStream:75 - [STDERR_REDIRECT] 
2025-12-16 22:04:49,056 [ERROR] LogOutputStream:75 - [STDERR_REDIRECT] [Fatal Error] :1:1: Premature end of file.
2025-12-16 22:04:49,057 [ERROR] LogOutputStream:75 - [STDERR_REDIRECT] 
2025-12-16 22:04:50,054 [ERROR] LogOutputStream:75 - [STDERR_REDIRECT] [Fatal Error] :1:1: Premature end of file.
2025-12-16 22:04:50,054 [ERROR] LogOutputStream:75 - [STDERR_REDIRECT] 
2025-12-16 22:04:51,055 [ERROR] LogOutputStream:75 - [STDERR_REDIRECT] [Fatal Error] :1:1: Premature end of file.
2025-12-16 22:04:51,055 [ERROR] LogOutputStream:75 - [STDERR_REDIRECT] 
2025-12-16 22:04:52,054 [ERROR] LogOutputStream:75 - [STDERR_REDIRECT] [Fatal Error] :1:1: Premature end of file.
2025-12-16 22:04:52,054 [ERROR] LogOutputStream:75 - [STDERR_REDIRECT] 
2025-12-16 22:04:53,053 [ERROR] LogOutputStream:75 - [STDERR_REDIRECT] [Fatal Error] :1:1: Premature end of file.
2025-12-16 22:04:53,053 [ERROR] LogOutputStream:75 - [STDERR_REDIRECT] 
2025-12-16 22:04:54,093 [ERROR] LogOutputStream:75 - [STDERR_REDIRECT] [Fatal Error] :1:1: Premature end of file.
2025-12-16 22:04:54,094 [ERROR] LogOutputStream:75 - [STDERR_REDIRECT] 
2025-12-16 22:04:55,060 [ERROR] LogOutputStream:75 - [STDERR_REDIRECT] [Fatal Error] :1:1: Premature end of file.
2025-12-16 22:04:55,060 [ERROR] LogOutputStream:75 - [STDERR_REDIRECT] 
2025-12-16 22:04:56,056 [ERROR] LogOutputStream:75 - [STDERR_REDIRECT] [Fatal Error] :1:1: Premature end of file.
2025-12-16 22:04:56,056 [ERROR] LogOutputStream:75 - [STDERR_REDIRECT] 
2025-12-16 22:04:57,063 [ERROR] LogOutputStream:75 - [STDERR_REDIRECT] [Fatal Error] :1:1: Premature end of file.
2025-12-16 22:04:57,063 [ERROR] LogOutputStream:75 - [STDERR_REDIRECT] 
2025-12-16 22:04:58,052 [ERROR] LogOutputStream:75 - [STDERR_REDIRECT] [Fatal Error] :1:1: Premature end of file.
2025-12-16 22:04:58,052 [ERROR] LogOutputStream:75 - [STDERR_REDIRECT] 
2025-12-16 22:04:59,058 [ERROR] LogOutputStream:75 - [STDERR_REDIRECT] [Fatal Error] :1:1: Premature end of file.
2025-12-16 22:04:59,058 [ERROR] LogOutputStream:75 - [STDERR_REDIRECT] 
2025-12-16 22:05:00,055 [ERROR] LogOutputStream:75 - [STDERR_REDIRECT] [Fatal Error] :1:1: Premature end of file.
2025-12-16 22:05:00,055 [ERROR] LogOutputStream:75 - [STDERR_REDIRECT] 
2025-12-16 22:05:01,059 [ERROR] LogOutputStream:75 - [STDERR_REDIRECT] [Fatal Error] :1:1: Premature end of file.
2025-12-16 22:05:01,059 [ERROR] LogOutputStream:75 - [STDERR_REDIRECT] 
2025-12-16 22:05:02,060 [ERROR] LogOutputStream:75 - [STDERR_REDIRECT] [Fatal Error] :1:1: Premature end of file.
2025-12-16 22:05:02,060 [ERROR] LogOutputStream:75 - [STDERR_REDIRECT] 
2025-12-16 22:05:03,056 [ERROR] LogOutputStream:75 - [STDERR_REDIRECT] [Fatal Error] :1:1: Premature end of file.
2025-12-16 22:05:03,056 [ERROR] LogOutputStream:75 - [STDERR_REDIRECT] 
2025-12-16 22:05:04,056 [ERROR] LogOutputStream:75 - [STDERR_REDIRECT] [Fatal Error] :1:1: Premature end of file.
2025-12-16 22:05:04,056 [ERROR] LogOutputStream:75 - [STDERR_REDIRECT] 
2025-12-16 22:05:05,056 [ERROR] LogOutputStream:75 - [STDERR_REDIRECT] [Fatal Error] :1:1: Premature end of file.
2025-12-16 22:05:05,057 [ERROR] LogOutputStream:75 - [STDERR_REDIRECT] 
2025-12-16 22:05:06,055 [ERROR] LogOutputStream:75 - [STDERR_REDIRECT] [Fatal Error] :1:1: Premature end of file.
2025-12-16 22:05:06,055 [ERROR] LogOutputStream:75 - [STDERR_REDIRECT] 
2025-12-16 22:05:07,057 [ERROR] LogOutputStream:75 - [STDERR_REDIRECT] [Fatal Error] :1:1: Premature end of file.
2025-12-16 22:05:07,057 [ERROR] LogOutputStream:75 - [STDERR_REDIRECT] 
2025-12-16 22:05:08,054 [ERROR] LogOutputStream:75 - [STDERR_REDIRECT] [Fatal Error] :1:1: Premature end of file.
2025-12-16 22:05:08,054 [ERROR] LogOutputStream:75 - [STDERR_REDIRECT] 
2025-12-16 22:05:09,053 [ERROR] LogOutputStream:75 - [STDERR_REDIRECT] [Fatal Error] :1:1: Premature end of file.
2025-12-16 22:05:09,053 [ERROR] LogOutputStream:75 - [STDERR_REDIRECT] 
2025-12-16 22:05:10,054 [ERROR] LogOutputStream:75 - [STDERR_REDIRECT] [Fatal Error] :1:1: Premature end of file.
2025-12-16 22:05:10,054 [ERROR] LogOutputStream:75 - [STDERR_REDIRECT] 
2025-12-16 22:05:11,055 [ERROR] LogOutputStream:75 - [STDERR_REDIRECT] [Fatal Error] :1:1: Premature end of file.
2025-12-16 22:05:11,055 [ERROR] LogOutputStream:75 - [STDERR_REDIRECT] 
2025-12-16 22:05:12,057 [ERROR] LogOutputStream:75 - [STDERR_REDIRECT] [Fatal Error] :1:1: Premature end of file.
2025-12-16 22:05:12,057 [ERROR] LogOutputStream:75 - [STDERR_REDIRECT] 
2025-12-16 22:05:13,055 [ERROR] LogOutputStream:75 - [STDERR_REDIRECT] [Fatal Error] :1:1: Premature end of file.
2025-12-16 22:05:13,055 [ERROR] LogOutputStream:75 - [STDERR_REDIRECT] 
2025-12-16 22:05:14,056 [ERROR] LogOutputStream:75 - [STDERR_REDIRECT] [Fatal Error] :1:1: Premature end of file.
2025-12-16 22:05:14,056 [ERROR] LogOutputStream:75 - [STDERR_REDIRECT] 
2025-12-16 22:05:15,057 [ERROR] LogOutputStream:75 - [STDERR_REDIRECT] [Fatal Error] :1:1: Premature end of file.
2025-12-16 22:05:15,057 [ERROR] LogOutputStream:75 - [STDERR_REDIRECT] 
2025-12-16 22:05:16,051 [ERROR] LogOutputStream:75 - [STDERR_REDIRECT] [Fatal Error] :1:1: Premature end of file.
2025-12-16 22:05:16,052 [ERROR] LogOutputStream:75 - [STDERR_REDIRECT] 
2025-12-16 22:05:17,051 [ERROR] LogOutputStream:75 - [STDERR_REDIRECT] [Fatal Error] :1:1: Premature end of file.
2025-12-16 22:05:17,051 [ERROR] LogOutputStream:75 - [STDERR_REDIRECT] 
2025-12-16 22:05:18,053 [ERROR] LogOutputStream:75 - [STDERR_REDIRECT] [Fatal Error] :1:1: Premature end of file.
2025-12-16 22:05:18,053 [ERROR] LogOutputStream:75 - [STDERR_REDIRECT] 
2025-12-16 22:05:19,053 [ERROR] LogOutputStream:75 - [STDERR_REDIRECT] [Fatal Error] :1:1: Premature end of file.
2025-12-16 22:05:19,053 [ERROR] LogOutputStream:75 - [STDERR_REDIRECT] 
2025-12-16 22:05:20,052 [ERROR] LogOutputStream:75 - [STDERR_REDIRECT] [Fatal Error] :1:1: Premature end of file.
2025-12-16 22:05:20,052 [ERROR] LogOutputStream:75 - [STDERR_REDIRECT] 
2025-12-16 22:05:21,052 [ERROR] LogOutputStream:75 - [STDERR_REDIRECT] [Fatal Error] :1:1: Premature end of file.
2025-12-16 22:05:21,052 [ERROR] LogOutputStream:75 - [STDERR_REDIRECT] 
2025-12-16 22:05:22,056 [ERROR] LogOutputStream:75 - [STDERR_REDIRECT] [Fatal Error] :1:1: Premature end of file.
2025-12-16 22:05:22,056 [ERROR] LogOutputStream:75 - [STDERR_REDIRECT] 
2025-12-16 22:05:23,050 [ERROR] LogOutputStream:75 - [STDERR_REDIRECT] [Fatal Error] :1:1: Premature end of file.
2025-12-16 22:05:23,050 [ERROR] LogOutputStream:75 - [STDERR_REDIRECT] 
2025-12-16 22:05:24,057 [ERROR] LogOutputStream:75 - [STDERR_REDIRECT] [Fatal Error] :1:1: Premature end of file.
2025-12-16 22:05:24,057 [ERROR] LogOutputStream:75 - [STDERR_REDIRECT] 
2025-12-16 22:05:25,053 [ERROR] LogOutputStream:75 - [STDERR_REDIRECT] [Fatal Error] :1:1: Premature end of file.
2025-12-16 22:05:25,053 [ERROR] LogOutputStream:75 - [STDERR_REDIRECT] 
2025-12-16 22:05:26,051 [ERROR] LogOutputStream:75 - [STDERR_REDIRECT] [Fatal Error] :1:1: Premature end of file.
2025-12-16 22:05:26,051 [ERROR] LogOutputStream:75 - [STDERR_REDIRECT] 
2025-12-16 22:05:27,051 [ERROR] LogOutputStream:75 - [STDERR_REDIRECT] [Fatal Error] :1:1: Premature end of file.
2025-12-16 22:05:27,051 [ERROR] LogOutputStream:75 - [STDERR_REDIRECT] 
2025-12-16 22:05:28,053 [ERROR] LogOutputStream:75 - [STDERR_REDIRECT] [Fatal Error] :1:1: Premature end of file.
2025-12-16 22:05:28,053 [ERROR] LogOutputStream:75 - [STDERR_REDIRECT] 
2025-12-16 22:05:29,054 [ERROR] LogOutputStream:75 - [STDERR_REDIRECT] [Fatal Error] :1:1: Premature end of file.
2025-12-16 22:05:29,056 [ERROR] LogOutputStream:75 - [STDERR_REDIRECT] 
2025-12-16 22:05:30,055 [ERROR] LogOutputStream:75 - [STDERR_REDIRECT] [Fatal Error] :1:1: Premature end of file.
2025-12-16 22:05:30,055 [ERROR] LogOutputStream:75 - [STDERR_REDIRECT] 
2025-12-16 22:05:31,052 [ERROR] LogOutputStream:75 - [STDERR_REDIRECT] [Fatal Error] :1:1: Premature end of file.
2025-12-16 22:05:31,052 [ERROR] LogOutputStream:75 - [STDERR_REDIRECT] 
2025-12-16 22:05:32,055 [ERROR] LogOutputStream:75 - [STDERR_REDIRECT] [Fatal Error] :1:1: Premature end of file.
2025-12-16 22:05:32,055 [ERROR] LogOutputStream:75 - [STDERR_REDIRECT] 
2025-12-16 22:05:33,052 [ERROR] LogOutputStream:75 - [STDERR_REDIRECT] [Fatal Error] :1:1: Premature end of file.
2025-12-16 22:05:33,052 [ERROR] LogOutputStream:75 - [STDERR_REDIRECT] 
2025-12-16 22:05:34,051 [ERROR] LogOutputStream:75 - [STDERR_REDIRECT] [Fatal Error] :1:1: Premature end of file.
2025-12-16 22:05:34,052 [ERROR] LogOutputStream:75 - [STDERR_REDIRECT] 
2025-12-16 22:05:35,052 [ERROR] LogOutputStream:75 - [STDERR_REDIRECT] [Fatal Error] :1:1: Premature end of file.
2025-12-16 22:05:35,052 [ERROR] LogOutputStream:75 - [STDERR_REDIRECT] 
2025-12-16 22:05:36,051 [ERROR] LogOutputStream:75 - [STDERR_REDIRECT] [Fatal Error] :1:1: Premature end of file.
2025-12-16 22:05:36,051 [ERROR] LogOutputStream:75 - [STDERR_REDIRECT] 
2025-12-16 22:05:37,051 [ERROR] LogOutputStream:75 - [STDERR_REDIRECT] [Fatal Error] :1:1: Premature end of file.
2025-12-16 22:05:37,051 [ERROR] LogOutputStream:75 - [STDERR_REDIRECT] 
2025-12-16 22:05:38,053 [ERROR] LogOutputStream:75 - [STDERR_REDIRECT] [Fatal Error] :1:1: Premature end of file.
2025-12-16 22:05:38,053 [ERROR] LogOutputStream:75 - [STDERR_REDIRECT] 
2025-12-16 22:05:39,054 [ERROR] LogOutputStream:75 - [STDERR_REDIRECT] [Fatal Error] :1:1: Premature end of file.
2025-12-16 22:05:39,054 [ERROR] LogOutputStream:75 - [STDERR_REDIRECT] 
2025-12-16 22:05:40,050 [ERROR] LogOutputStream:75 - [STDERR_REDIRECT] [Fatal Error] :1:1: Premature end of file.
2025-12-16 22:05:40,050 [ERROR] LogOutputStream:75 - [STDERR_REDIRECT] 
2025-12-16 22:05:41,050 [ERROR] LogOutputStream:75 - [STDERR_REDIRECT] [Fatal Error] :1:1: Premature end of file.
2025-12-16 22:05:41,051 [ERROR] LogOutputStream:75 - [STDERR_REDIRECT] 
2025-12-16 22:05:42,056 [ERROR] LogOutputStream:75 - [STDERR_REDIRECT] [Fatal Error] :1:1: Premature end of file.
2025-12-16 22:05:42,056 [ERROR] LogOutputStream:75 - [STDERR_REDIRECT] 
2025-12-16 22:05:43,050 [ERROR] LogOutputStream:75 - [STDERR_REDIRECT] [Fatal Error] :1:1: Premature end of file.
2025-12-16 22:05:43,050 [ERROR] LogOutputStream:75 - [STDERR_REDIRECT] 
2025-12-16 22:05:44,049 [ERROR] LogOutputStream:75 - [STDERR_REDIRECT] [Fatal Error] :1:1: Premature end of file.
2025-12-16 22:05:44,050 [ERROR] LogOutputStream:75 - [STDERR_REDIRECT] 
2025-12-16 22:05:45,057 [ERROR] LogOutputStream:75 - [STDERR_REDIRECT] [Fatal Error] :1:1: Premature end of file.
2025-12-16 22:05:45,057 [ERROR] LogOutputStream:75 - [STDERR_REDIRECT] 
2025-12-16 22:05:46,055 [ERROR] LogOutputStream:75 - [STDERR_REDIRECT] [Fatal Error] :1:1: Premature end of file.
2025-12-16 22:05:46,055 [ERROR] LogOutputStream:75 - [STDERR_REDIRECT] 
2025-12-16 22:05:47,055 [ERROR] LogOutputStream:75 - [STDERR_REDIRECT] [Fatal Error] :1:1: Premature end of file.
2025-12-16 22:05:47,055 [ERROR] LogOutputStream:75 - [STDERR_REDIRECT] 
2025-12-16 22:05:48,050 [ERROR] LogOutputStream:75 - [STDERR_REDIRECT] [Fatal Error] :1:1: Premature end of file.
2025-12-16 22:05:48,051 [ERROR] LogOutputStream:75 - [STDERR_REDIRECT] 
2025-12-16 22:05:49,054 [ERROR] LogOutputStream:75 - [STDERR_REDIRECT] [Fatal Error] :1:1: Premature end of file.
2025-12-16 22:05:49,055 [ERROR] LogOutputStream:75 - [STDERR_REDIRECT] 
2025-12-16 22:05:50,054 [ERROR] LogOutputStream:75 - [STDERR_REDIRECT] [Fatal Error] :1:1: Premature end of file.
2025-12-16 22:05:50,054 [ERROR] LogOutputStream:75 - [STDERR_REDIRECT] 
2025-12-16 22:05:51,052 [ERROR] LogOutputStream:75 - [STDERR_REDIRECT] [Fatal Error] :1:1: Premature end of file.
2025-12-16 22:05:51,052 [ERROR] LogOutputStream:75 - [STDERR_REDIRECT] 
2025-12-16 22:05:52,053 [ERROR] LogOutputStream:75 - [STDERR_REDIRECT] [Fatal Error] :1:1: Premature end of file.
2025-12-16 22:05:52,053 [ERROR] LogOutputStream:75 - [STDERR_REDIRECT] 
2025-12-16 22:05:53,053 [ERROR] LogOutputStream:75 - [STDERR_REDIRECT] [Fatal Error] :1:1: Premature end of file.
2025-12-16 22:05:53,053 [ERROR] LogOutputStream:75 - [STDERR_REDIRECT] 
2025-12-16 22:05:54,057 [ERROR] LogOutputStream:75 - [STDERR_REDIRECT] [Fatal Error] :1:1: Premature end of file.
2025-12-16 22:05:54,057 [ERROR] LogOutputStream:75 - [STDERR_REDIRECT] 
2025-12-16 22:05:55,055 [ERROR] LogOutputStream:75 - [STDERR_REDIRECT] [Fatal Error] :1:1: Premature end of file.
2025-12-16 22:05:55,056 [ERROR] LogOutputStream:75 - [STDERR_REDIRECT] 
2025-12-16 22:05:56,054 [ERROR] LogOutputStream:75 - [STDERR_REDIRECT] [Fatal Error] :1:1: Premature end of file.
2025-12-16 22:05:56,055 [ERROR] LogOutputStream:75 - [STDERR_REDIRECT] 
2025-12-16 22:05:57,053 [ERROR] LogOutputStream:75 - [STDERR_REDIRECT] [Fatal Error] :1:1: Premature end of file.
2025-12-16 22:05:57,053 [ERROR] LogOutputStream:75 - [STDERR_REDIRECT] 
2025-12-16 22:05:58,052 [ERROR] LogOutputStream:75 - [STDERR_REDIRECT] [Fatal Error] :1:1: Premature end of file.
2025-12-16 22:05:58,052 [ERROR] LogOutputStream:75 - [STDERR_REDIRECT] 
2025-12-16 22:05:59,051 [ERROR] LogOutputStream:75 - [STDERR_REDIRECT] [Fatal Error] :1:1: Premature end of file.
2025-12-16 22:05:59,052 [ERROR] LogOutputStream:75 - [STDERR_REDIRECT] 
2025-12-16 22:06:00,050 [ERROR] LogOutputStream:75 - [STDERR_REDIRECT] [Fatal Error] :1:1: Premature end of file.
2025-12-16 22:06:00,050 [ERROR] LogOutputStream:75 - [STDERR_REDIRECT] 
2025-12-16 22:06:01,053 [ERROR] LogOutputStream:75 - [STDERR_REDIRECT] [Fatal Error] :1:1: Premature end of file.
2025-12-16 22:06:01,053 [ERROR] LogOutputStream:75 - [STDERR_REDIRECT] 
2025-12-16 22:06:02,051 [ERROR] LogOutputStream:75 - [STDERR_REDIRECT] [Fatal Error] :1:1: Premature end of file.
2025-12-16 22:06:02,051 [ERROR] LogOutputStream:75 - [STDERR_REDIRECT] 
2025-12-16 22:06:03,055 [ERROR] LogOutputStream:75 - [STDERR_REDIRECT] [Fatal Error] :1:1: Premature end of file.
2025-12-16 22:06:03,055 [ERROR] LogOutputStream:75 - [STDERR_REDIRECT] 
2025-12-16 22:06:04,050 [ERROR] LogOutputStream:75 - [STDERR_REDIRECT] [Fatal Error] :1:1: Premature end of file.
2025-12-16 22:06:04,050 [ERROR] LogOutputStream:75 - [STDERR_REDIRECT] 
2025-12-16 22:06:05,059 [ERROR] LogOutputStream:75 - [STDERR_REDIRECT] [Fatal Error] :1:1: Premature end of file.
2025-12-16 22:06:05,059 [ERROR] LogOutputStream:75 - [STDERR_REDIRECT] 
2025-12-16 22:06:06,073 [ERROR] LogOutputStream:75 - [STDERR_REDIRECT] [Fatal Error] :1:1: Premature end of file.
2025-12-16 22:06:06,073 [ERROR] LogOutputStream:75 - [STDERR_REDIRECT] 
2025-12-16 22:06:07,052 [ERROR] LogOutputStream:75 - [STDERR_REDIRECT] [Fatal Error] :1:1: Premature end of file.
2025-12-16 22:06:07,052 [ERROR] LogOutputStream:75 - [STDERR_REDIRECT] 
2025-12-16 22:06:08,053 [ERROR] LogOutputStream:75 - [STDERR_REDIRECT] [Fatal Error] :1:1: Premature end of file.
2025-12-16 22:06:08,053 [ERROR] LogOutputStream:75 - [STDERR_REDIRECT] 
2025-12-16 22:06:09,052 [ERROR] LogOutputStream:75 - [STDERR_REDIRECT] [Fatal Error] :1:1: Premature end of file.
2025-12-16 22:06:09,052 [ERROR] LogOutputStream:75 - [STDERR_REDIRECT] 
2025-12-16 22:06:10,052 [ERROR] LogOutputStream:75 - [STDERR_REDIRECT] [Fatal Error] :1:1: Premature end of file.
2025-12-16 22:06:10,052 [ERROR] LogOutputStream:75 - [STDERR_REDIRECT] 
2025-12-16 22:06:11,052 [ERROR] LogOutputStream:75 - [STDERR_REDIRECT] [Fatal Error] :1:1: Premature end of file.
2025-12-16 22:06:11,052 [ERROR] LogOutputStream:75 - [STDERR_REDIRECT] 
2025-12-16 22:06:12,052 [ERROR] LogOutputStream:75 - [STDERR_REDIRECT] [Fatal Error] :1:1: Premature end of file.
2025-12-16 22:06:12,052 [ERROR] LogOutputStream:75 - [STDERR_REDIRECT] 
2025-12-16 22:06:13,051 [ERROR] LogOutputStream:75 - [STDERR_REDIRECT] [Fatal Error] :1:1: Premature end of file.
2025-12-16 22:06:13,052 [ERROR] LogOutputStream:75 - [STDERR_REDIRECT] 
2025-12-16 22:06:14,050 [ERROR] LogOutputStream:75 - [STDERR_REDIRECT] [Fatal Error] :1:1: Premature end of file.
2025-12-16 22:06:14,050 [ERROR] LogOutputStream:75 - [STDERR_REDIRECT] 
2025-12-16 22:06:15,052 [ERROR] LogOutputStream:75 - [STDERR_REDIRECT] [Fatal Error] :1:1: Premature end of file.
2025-12-16 22:06:15,052 [ERROR] LogOutputStream:75 - [STDERR_REDIRECT] 
2025-12-16 22:06:16,053 [ERROR] LogOutputStream:75 - [STDERR_REDIRECT] [Fatal Error] :1:1: Premature end of file.
2025-12-16 22:06:16,053 [ERROR] LogOutputStream:75 - [STDERR_REDIRECT] 
2025-12-16 22:06:17,053 [ERROR] LogOutputStream:75 - [STDERR_REDIRECT] [Fatal Error] :1:1: Premature end of file.
2025-12-16 22:06:17,053 [ERROR] LogOutputStream:75 - [STDERR_REDIRECT] 
2025-12-16 22:06:18,054 [ERROR] LogOutputStream:75 - [STDERR_REDIRECT] [Fatal Error] :1:1: Premature end of file.
2025-12-16 22:06:18,054 [ERROR] LogOutputStream:75 - [STDERR_REDIRECT] 
2025-12-16 22:06:19,053 [ERROR] LogOutputStream:75 - [STDERR_REDIRECT] [Fatal Error] :1:1: Premature end of file.
2025-12-16 22:06:19,053 [ERROR] LogOutputStream:75 - [STDERR_REDIRECT] 
2025-12-16 22:06:20,054 [ERROR] LogOutputStream:75 - [STDERR_REDIRECT] [Fatal Error] :1:1: Premature end of file.
2025-12-16 22:06:20,054 [ERROR] LogOutputStream:75 - [STDERR_REDIRECT] 
2025-12-16 22:06:21,053 [ERROR] LogOutputStream:75 - [STDERR_REDIRECT] [Fatal Error] :1:1: Premature end of file.
2025-12-16 22:06:21,053 [ERROR] LogOutputStream:75 - [STDERR_REDIRECT] 
2025-12-16 22:06:22,053 [ERROR] LogOutputStream:75 - [STDERR_REDIRECT] [Fatal Error] :1:1: Premature end of file.
2025-12-16 22:06:22,053 [ERROR] LogOutputStream:75 - [STDERR_REDIRECT] 
2025-12-16 22:06:23,056 [ERROR] LogOutputStream:75 - [STDERR_REDIRECT] [Fatal Error] :1:1: Premature end of file.
2025-12-16 22:06:23,056 [ERROR] LogOutputStream:75 - [STDERR_REDIRECT] 
2025-12-16 22:06:24,051 [ERROR] LogOutputStream:75 - [STDERR_REDIRECT] [Fatal Error] :1:1: Premature end of file.
2025-12-16 22:06:24,051 [ERROR] LogOutputStream:75 - [STDERR_REDIRECT] 
2025-12-16 22:06:25,053 [ERROR] LogOutputStream:75 - [STDERR_REDIRECT] [Fatal Error] :1:1: Premature end of file.
2025-12-16 22:06:25,053 [ERROR] LogOutputStream:75 - [STDERR_REDIRECT] 
2025-12-16 22:06:26,054 [ERROR] LogOutputStream:75 - [STDERR_REDIRECT] [Fatal Error] :1:1: Premature end of file.
2025-12-16 22:06:26,054 [ERROR] LogOutputStream:75 - [STDERR_REDIRECT] 
2025-12-16 22:06:27,056 [ERROR] LogOutputStream:75 - [STDERR_REDIRECT] [Fatal Error] :1:1: Premature end of file.
2025-12-16 22:06:27,056 [ERROR] LogOutputStream:75 - [STDERR_REDIRECT] 
2025-12-16 22:06:28,056 [ERROR] LogOutputStream:75 - [STDERR_REDIRECT] [Fatal Error] :1:1: Premature end of file.
2025-12-16 22:06:28,056 [ERROR] LogOutputStream:75 - [STDERR_REDIRECT] 
2025-12-16 22:06:29,053 [ERROR] LogOutputStream:75 - [STDERR_REDIRECT] [Fatal Error] :1:1: Premature end of file.
2025-12-16 22:06:29,053 [ERROR] LogOutputStream:75 - [STDERR_REDIRECT] 
2025-12-16 22:06:30,051 [ERROR] LogOutputStream:75 - [STDERR_REDIRECT] [Fatal Error] :1:1: Premature end of file.
2025-12-16 22:06:30,051 [ERROR] LogOutputStream:75 - [STDERR_REDIRECT] 
2025-12-16 22:06:31,051 [ERROR] LogOutputStream:75 - [STDERR_REDIRECT] [Fatal Error] :1:1: Premature end of file.
2025-12-16 22:06:31,051 [ERROR] LogOutputStream:75 - [STDERR_REDIRECT] 
2025-12-16 22:06:32,055 [ERROR] LogOutputStream:75 - [STDERR_REDIRECT] [Fatal Error] :1:1: Premature end of file.
2025-12-16 22:06:32,055 [ERROR] LogOutputStream:75 - [STDERR_REDIRECT] 
2025-12-16 22:06:33,056 [ERROR] LogOutputStream:75 - [STDERR_REDIRECT] [Fatal Error] :1:1: Premature end of file.
2025-12-16 22:06:33,056 [ERROR] LogOutputStream:75 - [STDERR_REDIRECT] 
2025-12-16 22:06:34,052 [ERROR] LogOutputStream:75 - [STDERR_REDIRECT] [Fatal Error] :1:1: Premature end of file.
2025-12-16 22:06:34,052 [ERROR] LogOutputStream:75 - [STDERR_REDIRECT] 
2025-12-16 22:06:35,054 [ERROR] LogOutputStream:75 - [STDERR_REDIRECT] [Fatal Error] :1:1: Premature end of file.
2025-12-16 22:06:35,054 [ERROR] LogOutputStream:75 - [STDERR_REDIRECT] 
2025-12-16 22:06:36,054 [ERROR] LogOutputStream:75 - [STDERR_REDIRECT] [Fatal Error] :1:1: Premature end of file.
2025-12-16 22:06:36,054 [ERROR] LogOutputStream:75 - [STDERR_REDIRECT] 
2025-12-16 22:06:37,051 [ERROR] LogOutputStream:75 - [STDERR_REDIRECT] [Fatal Error] :1:1: Premature end of file.
2025-12-16 22:06:37,051 [ERROR] LogOutputStream:75 - [STDERR_REDIRECT] 
2025-12-16 22:06:38,052 [ERROR] LogOutputStream:75 - [STDERR_REDIRECT] [Fatal Error] :1:1: Premature end of file.
2025-12-16 22:06:38,052 [ERROR] LogOutputStream:75 - [STDERR_REDIRECT] 
2025-12-16 22:06:39,051 [ERROR] LogOutputStream:75 - [STDERR_REDIRECT] [Fatal Error] :1:1: Premature end of file.
2025-12-16 22:06:39,051 [ERROR] LogOutputStream:75 - [STDERR_REDIRECT] 
2025-12-16 22:06:40,053 [ERROR] LogOutputStream:75 - [STDERR_REDIRECT] [Fatal Error] :1:1: Premature end of file.
2025-12-16 22:06:40,054 [ERROR] LogOutputStream:75 - [STDERR_REDIRECT] 
2025-12-16 22:06:41,050 [ERROR] LogOutputStream:75 - [STDERR_REDIRECT] [Fatal Error] :1:1: Premature end of file.
2025-12-16 22:06:41,050 [ERROR] LogOutputStream:75 - [STDERR_REDIRECT] 
2025-12-16 22:06:42,054 [ERROR] LogOutputStream:75 - [STDERR_REDIRECT] [Fatal Error] :1:1: Premature end of file.
2025-12-16 22:06:42,054 [ERROR] LogOutputStream:75 - [STDERR_REDIRECT] 
2025-12-16 22:06:43,053 [ERROR] LogOutputStream:75 - [STDERR_REDIRECT] [Fatal Error] :1:1: Premature end of file.
2025-12-16 22:06:43,053 [ERROR] LogOutputStream:75 - [STDERR_REDIRECT] 
2025-12-16 22:06:44,051 [ERROR] LogOutputStream:75 - [STDERR_REDIRECT] [Fatal Error] :1:1: Premature end of file.
2025-12-16 22:06:44,052 [ERROR] LogOutputStream:75 - [STDERR_REDIRECT] 
2025-12-16 22:06:45,054 [ERROR] LogOutputStream:75 - [STDERR_REDIRECT] [Fatal Error] :1:1: Premature end of file.
2025-12-16 22:06:45,054 [ERROR] LogOutputStream:75 - [STDERR_REDIRECT] 
2025-12-16 22:06:46,053 [ERROR] LogOutputStream:75 - [STDERR_REDIRECT] [Fatal Error] :1:1: Premature end of file.
2025-12-16 22:06:46,054 [ERROR] LogOutputStream:75 - [STDERR_REDIRECT] 
2025-12-16 22:06:47,052 [ERROR] LogOutputStream:75 - [STDERR_REDIRECT] [Fatal Error] :1:1: Premature end of file.
2025-12-16 22:06:47,052 [ERROR] LogOutputStream:75 - [STDERR_REDIRECT] 
2025-12-16 22:06:48,051 [ERROR] LogOutputStream:75 - [STDERR_REDIRECT] [Fatal Error] :1:1: Premature end of file.
2025-12-16 22:06:48,051 [ERROR] LogOutputStream:75 - [STDERR_REDIRECT] 
2025-12-16 22:06:49,052 [ERROR] LogOutputStream:75 - [STDERR_REDIRECT] [Fatal Error] :1:1: Premature end of file.
2025-12-16 22:06:49,052 [ERROR] LogOutputStream:75 - [STDERR_REDIRECT] 
2025-12-16 22:06:50,050 [ERROR] LogOutputStream:75 - [STDERR_REDIRECT] [Fatal Error] :1:1: Premature end of file.
2025-12-16 22:06:50,052 [ERROR] LogOutputStream:75 - [STDERR_REDIRECT] 
2025-12-16 22:06:51,051 [ERROR] LogOutputStream:75 - [STDERR_REDIRECT] [Fatal Error] :1:1: Premature end of file.
2025-12-16 22:06:51,051 [ERROR] LogOutputStream:75 - [STDERR_REDIRECT] 
2025-12-16 22:06:52,052 [ERROR] LogOutputStream:75 - [STDERR_REDIRECT] [Fatal Error] :1:1: Premature end of file.
2025-12-16 22:06:52,052 [ERROR] LogOutputStream:75 - [STDERR_REDIRECT] 
2025-12-16 22:06:53,052 [ERROR] LogOutputStream:75 - [STDERR_REDIRECT] [Fatal Error] :1:1: Premature end of file.
2025-12-16 22:06:53,053 [ERROR] LogOutputStream:75 - [STDERR_REDIRECT] 
2025-12-16 22:06:54,052 [ERROR] LogOutputStream:75 - [STDERR_REDIRECT] [Fatal Error] :1:1: Premature end of file.
2025-12-16 22:06:54,052 [ERROR] LogOutputStream:75 - [STDERR_REDIRECT] 
2025-12-16 22:06:55,056 [ERROR] LogOutputStream:75 - [STDERR_REDIRECT] [Fatal Error] :1:1: Premature end of file.
2025-12-16 22:06:55,056 [ERROR] LogOutputStream:75 - [STDERR_REDIRECT] 
2025-12-16 22:06:56,053 [ERROR] LogOutputStream:75 - [STDERR_REDIRECT] [Fatal Error] :1:1: Premature end of file.
2025-12-16 22:06:56,053 [ERROR] LogOutputStream:75 - [STDERR_REDIRECT] 
2025-12-16 22:06:57,051 [ERROR] LogOutputStream:75 - [STDERR_REDIRECT] [Fatal Error] :1:1: Premature end of file.
2025-12-16 22:06:57,051 [ERROR] LogOutputStream:75 - [STDERR_REDIRECT] 
2025-12-16 22:06:58,052 [ERROR] LogOutputStream:75 - [STDERR_REDIRECT] [Fatal Error] :1:1: Premature end of file.
2025-12-16 22:06:58,052 [ERROR] LogOutputStream:75 - [STDERR_REDIRECT] 
2025-12-16 22:06:59,053 [ERROR] LogOutputStream:75 - [STDERR_REDIRECT] [Fatal Error] :1:1: Premature end of file.
2025-12-16 22:06:59,053 [ERROR] LogOutputStream:75 - [STDERR_REDIRECT] 
2025-12-16 22:07:00,055 [ERROR] LogOutputStream:75 - [STDERR_REDIRECT] [Fatal Error] :1:1: Premature end of file.
2025-12-16 22:07:00,055 [ERROR] LogOutputStream:75 - [STDERR_REDIRECT] 
2025-12-16 22:07:01,057 [ERROR] LogOutputStream:75 - [STDERR_REDIRECT] [Fatal Error] :1:1: Premature end of file.
2025-12-16 22:07:01,057 [ERROR] LogOutputStream:75 - [STDERR_REDIRECT] 
2025-12-16 22:07:02,051 [ERROR] LogOutputStream:75 - [STDERR_REDIRECT] [Fatal Error] :1:1: Premature end of file.
2025-12-16 22:07:02,051 [ERROR] LogOutputStream:75 - [STDERR_REDIRECT] 
2025-12-16 22:07:03,052 [ERROR] LogOutputStream:75 - [STDERR_REDIRECT] [Fatal Error] :1:1: Premature end of file.
2025-12-16 22:07:03,052 [ERROR] LogOutputStream:75 - [STDERR_REDIRECT] 
2025-12-16 22:07:04,056 [ERROR] LogOutputStream:75 - [STDERR_REDIRECT] [Fatal Error] :1:1: Premature end of file.
2025-12-16 22:07:04,057 [ERROR] LogOutputStream:75 - [STDERR_REDIRECT] 
2025-12-16 22:07:05,051 [ERROR] LogOutputStream:75 - [STDERR_REDIRECT] [Fatal Error] :1:1: Premature end of file.
2025-12-16 22:07:05,051 [ERROR] LogOutputStream:75 - [STDERR_REDIRECT] 
2025-12-16 22:07:06,052 [ERROR] LogOutputStream:75 - [STDERR_REDIRECT] [Fatal Error] :1:1: Premature end of file.
2025-12-16 22:07:06,052 [ERROR] LogOutputStream:75 - [STDERR_REDIRECT] 
2025-12-16 22:07:07,055 [ERROR] LogOutputStream:75 - [STDERR_REDIRECT] [Fatal Error] :1:1: Premature end of file.
2025-12-16 22:07:07,055 [ERROR] LogOutputStream:75 - [STDERR_REDIRECT] 
2025-12-16 22:07:08,051 [ERROR] LogOutputStream:75 - [STDERR_REDIRECT] [Fatal Error] :1:1: Premature end of file.
2025-12-16 22:07:08,051 [ERROR] LogOutputStream:75 - [STDERR_REDIRECT] 
2025-12-16 22:07:09,051 [ERROR] LogOutputStream:75 - [STDERR_REDIRECT] [Fatal Error] :1:1: Premature end of file.
2025-12-16 22:07:09,051 [ERROR] LogOutputStream:75 - [STDERR_REDIRECT] 
2025-12-16 22:07:10,051 [ERROR] LogOutputStream:75 - [STDERR_REDIRECT] [Fatal Error] :1:1: Premature end of file.
2025-12-16 22:07:10,051 [ERROR] LogOutputStream:75 - [STDERR_REDIRECT] 
2025-12-16 22:07:11,055 [ERROR] LogOutputStream:75 - [STDERR_REDIRECT] [Fatal Error] :1:1: Premature end of file.
2025-12-16 22:07:11,055 [ERROR] LogOutputStream:75 - [STDERR_REDIRECT] 
2025-12-16 22:07:12,051 [ERROR] LogOutputStream:75 - [STDERR_REDIRECT] [Fatal Error] :1:1: Premature end of file.
2025-12-16 22:07:12,051 [ERROR] LogOutputStream:75 - [STDERR_REDIRECT] 
2025-12-16 22:07:13,053 [ERROR] LogOutputStream:75 - [STDERR_REDIRECT] [Fatal Error] :1:1: Premature end of file.
2025-12-16 22:07:13,053 [ERROR] LogOutputStream:75 - [STDERR_REDIRECT] 
2025-12-16 22:07:14,052 [ERROR] LogOutputStream:75 - [STDERR_REDIRECT] [Fatal Error] :1:1: Premature end of file.
2025-12-16 22:07:14,052 [ERROR] LogOutputStream:75 - [STDERR_REDIRECT] 
2025-12-16 22:07:15,053 [ERROR] LogOutputStream:75 - [STDERR_REDIRECT] [Fatal Error] :1:1: Premature end of file.
2025-12-16 22:07:15,053 [ERROR] LogOutputStream:75 - [STDERR_REDIRECT] 
2025-12-16 22:07:16,054 [ERROR] LogOutputStream:75 - [STDERR_REDIRECT] [Fatal Error] :1:1: Premature end of file.
2025-12-16 22:07:16,054 [ERROR] LogOutputStream:75 - [STDERR_REDIRECT] 
2025-12-16 22:07:17,053 [ERROR] LogOutputStream:75 - [STDERR_REDIRECT] [Fatal Error] :1:1: Premature end of file.
2025-12-16 22:07:17,053 [ERROR] LogOutputStream:75 - [STDERR_REDIRECT] 
2025-12-16 22:07:18,053 [ERROR] LogOutputStream:75 - [STDERR_REDIRECT] [Fatal Error] :1:1: Premature end of file.
2025-12-16 22:07:18,053 [ERROR] LogOutputStream:75 - [STDERR_REDIRECT] 
2025-12-16 22:07:19,054 [ERROR] LogOutputStream:75 - [STDERR_REDIRECT] [Fatal Error] :1:1: Premature end of file.
2025-12-16 22:07:19,054 [ERROR] LogOutputStream:75 - [STDERR_REDIRECT] 
2025-12-16 22:07:20,055 [ERROR] LogOutputStream:75 - [STDERR_REDIRECT] [Fatal Error] :1:1: Premature end of file.
2025-12-16 22:07:20,055 [ERROR] LogOutputStream:75 - [STDERR_REDIRECT] 
2025-12-16 22:07:21,057 [ERROR] LogOutputStream:75 - [STDERR_REDIRECT] [Fatal Error] :1:1: Premature end of file.
2025-12-16 22:07:21,057 [ERROR] LogOutputStream:75 - [STDERR_REDIRECT] 
2025-12-16 22:07:22,050 [ERROR] LogOutputStream:75 - [STDERR_REDIRECT] [Fatal Error] :1:1: Premature end of file.
2025-12-16 22:07:22,050 [ERROR] LogOutputStream:75 - [STDERR_REDIRECT] 
2025-12-16 22:07:23,053 [ERROR] LogOutputStream:75 - [STDERR_REDIRECT] [Fatal Error] :1:1: Premature end of file.
2025-12-16 22:07:23,053 [ERROR] LogOutputStream:75 - [STDERR_REDIRECT] 
2025-12-16 22:07:24,054 [ERROR] LogOutputStream:75 - [STDERR_REDIRECT] [Fatal Error] :1:1: Premature end of file.
2025-12-16 22:07:24,055 [ERROR] LogOutputStream:75 - [STDERR_REDIRECT] 
2025-12-16 22:07:25,050 [ERROR] LogOutputStream:75 - [STDERR_REDIRECT] [Fatal Error] :1:1: Premature end of file.
2025-12-16 22:07:25,050 [ERROR] LogOutputStream:75 - [STDERR_REDIRECT] 
2025-12-16 22:07:26,055 [ERROR] LogOutputStream:75 - [STDERR_REDIRECT] [Fatal Error] :1:1: Premature end of file.
2025-12-16 22:07:26,055 [ERROR] LogOutputStream:75 - [STDERR_REDIRECT] 
2025-12-16 22:07:27,051 [ERROR] LogOutputStream:75 - [STDERR_REDIRECT] [Fatal Error] :1:1: Premature end of file.
2025-12-16 22:07:27,051 [ERROR] LogOutputStream:75 - [STDERR_REDIRECT] 
2025-12-16 22:07:28,053 [ERROR] LogOutputStream:75 - [STDERR_REDIRECT] [Fatal Error] :1:1: Premature end of file.
2025-12-16 22:07:28,053 [ERROR] LogOutputStream:75 - [STDERR_REDIRECT] 
2025-12-16 22:07:29,053 [ERROR] LogOutputStream:75 - [STDERR_REDIRECT] [Fatal Error] :1:1: Premature end of file.
2025-12-16 22:07:29,053 [ERROR] LogOutputStream:75 - [STDERR_REDIRECT] 
2025-12-16 22:07:30,051 [ERROR] LogOutputStream:75 - [STDERR_REDIRECT] [Fatal Error] :1:1: Premature end of file.
2025-12-16 22:07:30,051 [ERROR] LogOutputStream:75 - [STDERR_REDIRECT] 
2025-12-16 22:07:31,057 [ERROR] LogOutputStream:75 - [STDERR_REDIRECT] [Fatal Error] :1:1: Premature end of file.
2025-12-16 22:07:31,057 [ERROR] LogOutputStream:75 - [STDERR_REDIRECT] 
2025-12-16 22:07:32,051 [ERROR] LogOutputStream:75 - [STDERR_REDIRECT] [Fatal Error] :1:1: Premature end of file.
2025-12-16 22:07:32,051 [ERROR] LogOutputStream:75 - [STDERR_REDIRECT] 
2025-12-16 22:07:33,054 [ERROR] LogOutputStream:75 - [STDERR_REDIRECT] [Fatal Error] :1:1: Premature end of file.
2025-12-16 22:07:33,054 [ERROR] LogOutputStream:75 - [STDERR_REDIRECT] 
2025-12-16 22:07:34,060 [ERROR] LogOutputStream:75 - [STDERR_REDIRECT] [Fatal Error] :1:1: Premature end of file.
2025-12-16 22:07:34,060 [ERROR] LogOutputStream:75 - [STDERR_REDIRECT] 
2025-12-16 22:07:35,054 [ERROR] LogOutputStream:75 - [STDERR_REDIRECT] [Fatal Error] :1:1: Premature end of file.
2025-12-16 22:07:35,054 [ERROR] LogOutputStream:75 - [STDERR_REDIRECT] 
2025-12-16 22:07:36,051 [ERROR] LogOutputStream:75 - [STDERR_REDIRECT] [Fatal Error] :1:1: Premature end of file.
2025-12-16 22:07:36,051 [ERROR] LogOutputStream:75 - [STDERR_REDIRECT] 
2025-12-16 22:07:37,102 [ERROR] LogOutputStream:75 - [STDERR_REDIRECT] [Fatal Error] :1:1: Premature end of file.
2025-12-16 22:07:37,102 [ERROR] LogOutputStream:75 - [STDERR_REDIRECT] 
2025-12-16 22:07:38,064 [ERROR] LogOutputStream:75 - [STDERR_REDIRECT] [Fatal Error] :1:1: Premature end of file.
2025-12-16 22:07:38,065 [ERROR] LogOutputStream:75 - [STDERR_REDIRECT] 
2025-12-16 22:07:39,052 [ERROR] LogOutputStream:75 - [STDERR_REDIRECT] [Fatal Error] :1:1: Premature end of file.
2025-12-16 22:07:39,052 [ERROR] LogOutputStream:75 - [STDERR_REDIRECT] 
2025-12-16 22:07:40,053 [ERROR] LogOutputStream:75 - [STDERR_REDIRECT] [Fatal Error] :1:1: Premature end of file.
2025-12-16 22:07:40,053 [ERROR] LogOutputStream:75 - [STDERR_REDIRECT] 
2025-12-16 22:07:41,052 [ERROR] LogOutputStream:75 - [STDERR_REDIRECT] [Fatal Error] :1:1: Premature end of file.
2025-12-16 22:07:41,052 [ERROR] LogOutputStream:75 - [STDERR_REDIRECT] 
2025-12-16 22:07:42,051 [ERROR] LogOutputStream:75 - [STDERR_REDIRECT] [Fatal Error] :1:1: Premature end of file.
2025-12-16 22:07:42,051 [ERROR] LogOutputStream:75 - [STDERR_REDIRECT] 
2025-12-16 22:07:43,051 [ERROR] LogOutputStream:75 - [STDERR_REDIRECT] [Fatal Error] :1:1: Premature end of file.
2025-12-16 22:07:43,051 [ERROR] LogOutputStream:75 - [STDERR_REDIRECT] 
2025-12-16 22:07:44,053 [ERROR] LogOutputStream:75 - [STDERR_REDIRECT] [Fatal Error] :1:1: Premature end of file.
2025-12-16 22:07:44,053 [ERROR] LogOutputStream:75 - [STDERR_REDIRECT] 
2025-12-16 22:07:45,052 [ERROR] LogOutputStream:75 - [STDERR_REDIRECT] [Fatal Error] :1:1: Premature end of file.
2025-12-16 22:07:45,052 [ERROR] LogOutputStream:75 - [STDERR_REDIRECT] 
2025-12-16 22:07:46,051 [ERROR] LogOutputStream:75 - [STDERR_REDIRECT] [Fatal Error] :1:1: Premature end of file.
2025-12-16 22:07:46,051 [ERROR] LogOutputStream:75 - [STDERR_REDIRECT] 
2025-12-16 22:07:47,054 [ERROR] LogOutputStream:75 - [STDERR_REDIRECT] [Fatal Error] :1:1: Premature end of file.
2025-12-16 22:07:47,054 [ERROR] LogOutputStream:75 - [STDERR_REDIRECT] 
2025-12-16 22:07:48,051 [ERROR] LogOutputStream:75 - [STDERR_REDIRECT] [Fatal Error] :1:1: Premature end of file.
2025-12-16 22:07:48,051 [ERROR] LogOutputStream:75 - [STDERR_REDIRECT] 
2025-12-16 22:07:49,051 [ERROR] LogOutputStream:75 - [STDERR_REDIRECT] [Fatal Error] :1:1: Premature end of file.
2025-12-16 22:07:49,051 [ERROR] LogOutputStream:75 - [STDERR_REDIRECT] 
2025-12-16 22:07:50,052 [ERROR] LogOutputStream:75 - [STDERR_REDIRECT] [Fatal Error] :1:1: Premature end of file.
2025-12-16 22:07:50,053 [ERROR] LogOutputStream:75 - [STDERR_REDIRECT] 
2025-12-16 22:07:51,050 [ERROR] LogOutputStream:75 - [STDERR_REDIRECT] [Fatal Error] :1:1: Premature end of file.
2025-12-16 22:07:51,050 [ERROR] LogOutputStream:75 - [STDERR_REDIRECT] 
2025-12-16 22:07:52,070 [ERROR] LogOutputStream:75 - [STDERR_REDIRECT] [Fatal Error] :1:1: Premature end of file.
2025-12-16 22:07:52,070 [ERROR] LogOutputStream:75 - [STDERR_REDIRECT] 
2025-12-16 22:07:53,051 [ERROR] LogOutputStream:75 - [STDERR_REDIRECT] [Fatal Error] :1:1: Premature end of file.
2025-12-16 22:07:53,051 [ERROR] LogOutputStream:75 - [STDERR_REDIRECT] 
2025-12-16 22:07:54,052 [ERROR] LogOutputStream:75 - [STDERR_REDIRECT] [Fatal Error] :1:1: Premature end of file.
2025-12-16 22:07:54,052 [ERROR] LogOutputStream:75 - [STDERR_REDIRECT] 
2025-12-16 22:07:55,051 [ERROR] LogOutputStream:75 - [STDERR_REDIRECT] [Fatal Error] :1:1: Premature end of file.
2025-12-16 22:07:55,051 [ERROR] LogOutputStream:75 - [STDERR_REDIRECT] 
2025-12-16 22:07:56,053 [ERROR] LogOutputStream:75 - [STDERR_REDIRECT] [Fatal Error] :1:1: Premature end of file.
2025-12-16 22:07:56,053 [ERROR] LogOutputStream:75 - [STDERR_REDIRECT] 
2025-12-16 22:07:57,051 [ERROR] LogOutputStream:75 - [STDERR_REDIRECT] [Fatal Error] :1:1: Premature end of file.
2025-12-16 22:07:57,051 [ERROR] LogOutputStream:75 - [STDERR_REDIRECT] 
2025-12-16 22:07:58,053 [ERROR] LogOutputStream:75 - [STDERR_REDIRECT] [Fatal Error] :1:1: Premature end of file.
2025-12-16 22:07:58,053 [ERROR] LogOutputStream:75 - [STDERR_REDIRECT] 
2025-12-16 22:07:59,052 [ERROR] LogOutputStream:75 - [STDERR_REDIRECT] [Fatal Error] :1:1: Premature end of file.
2025-12-16 22:07:59,052 [ERROR] LogOutputStream:75 - [STDERR_REDIRECT] 
2025-12-16 22:08:00,054 [ERROR] LogOutputStream:75 - [STDERR_REDIRECT] [Fatal Error] :1:1: Premature end of file.
2025-12-16 22:08:00,054 [ERROR] LogOutputStream:75 - [STDERR_REDIRECT] 
2025-12-16 22:08:01,052 [ERROR] LogOutputStream:75 - [STDERR_REDIRECT] [Fatal Error] :1:1: Premature end of file.
2025-12-16 22:08:01,052 [ERROR] LogOutputStream:75 - [STDERR_REDIRECT] 
2025-12-16 22:08:02,053 [ERROR] LogOutputStream:75 - [STDERR_REDIRECT] [Fatal Error] :1:1: Premature end of file.
2025-12-16 22:08:02,054 [ERROR] LogOutputStream:75 - [STDERR_REDIRECT] 
2025-12-16 22:08:03,055 [ERROR] LogOutputStream:75 - [STDERR_REDIRECT] [Fatal Error] :1:1: Premature end of file.
2025-12-16 22:08:03,055 [ERROR] LogOutputStream:75 - [STDERR_REDIRECT] 
2025-12-16 22:08:04,052 [ERROR] LogOutputStream:75 - [STDERR_REDIRECT] [Fatal Error] :1:1: Premature end of file.
2025-12-16 22:08:04,052 [ERROR] LogOutputStream:75 - [STDERR_REDIRECT] 
2025-12-16 22:08:05,052 [ERROR] LogOutputStream:75 - [STDERR_REDIRECT] [Fatal Error] :1:1: Premature end of file.
2025-12-16 22:08:05,052 [ERROR] LogOutputStream:75 - [STDERR_REDIRECT] 
2025-12-16 22:08:06,051 [ERROR] LogOutputStream:75 - [STDERR_REDIRECT] [Fatal Error] :1:1: Premature end of file.
2025-12-16 22:08:06,051 [ERROR] LogOutputStream:75 - [STDERR_REDIRECT] 
2025-12-16 22:08:07,052 [ERROR] LogOutputStream:75 - [STDERR_REDIRECT] [Fatal Error] :1:1: Premature end of file.
2025-12-16 22:08:07,052 [ERROR] LogOutputStream:75 - [STDERR_REDIRECT] 
2025-12-16 22:08:08,052 [ERROR] LogOutputStream:75 - [STDERR_REDIRECT] [Fatal Error] :1:1: Premature end of file.
2025-12-16 22:08:08,052 [ERROR] LogOutputStream:75 - [STDERR_REDIRECT] 
2025-12-16 22:08:09,056 [ERROR] LogOutputStream:75 - [STDERR_REDIRECT] [Fatal Error] :1:1: Premature end of file.
2025-12-16 22:08:09,056 [ERROR] LogOutputStream:75 - [STDERR_REDIRECT] 
2025-12-16 22:08:10,051 [ERROR] LogOutputStream:75 - [STDERR_REDIRECT] [Fatal Error] :1:1: Premature end of file.
2025-12-16 22:08:10,051 [ERROR] LogOutputStream:75 - [STDERR_REDIRECT] 
2025-12-16 22:08:11,050 [ERROR] LogOutputStream:75 - [STDERR_REDIRECT] [Fatal Error] :1:1: Premature end of file.
2025-12-16 22:08:11,051 [ERROR] LogOutputStream:75 - [STDERR_REDIRECT] 
2025-12-16 22:08:12,054 [ERROR] LogOutputStream:75 - [STDERR_REDIRECT] [Fatal Error] :1:1: Premature end of file.
2025-12-16 22:08:12,054 [ERROR] LogOutputStream:75 - [STDERR_REDIRECT] 
2025-12-16 22:08:13,052 [ERROR] LogOutputStream:75 - [STDERR_REDIRECT] [Fatal Error] :1:1: Premature end of file.
2025-12-16 22:08:13,052 [ERROR] LogOutputStream:75 - [STDERR_REDIRECT] 
2025-12-16 22:08:14,060 [ERROR] LogOutputStream:75 - [STDERR_REDIRECT] [Fatal Error] :1:1: Premature end of file.
2025-12-16 22:08:14,061 [ERROR] LogOutputStream:75 - [STDERR_REDIRECT] 
2025-12-16 22:08:15,058 [ERROR] LogOutputStream:75 - [STDERR_REDIRECT] [Fatal Error] :1:1: Premature end of file.
2025-12-16 22:08:15,058 [ERROR] LogOutputStream:75 - [STDERR_REDIRECT] 
2025-12-16 22:08:16,055 [ERROR] LogOutputStream:75 - [STDERR_REDIRECT] [Fatal Error] :1:1: Premature end of file.
2025-12-16 22:08:16,055 [ERROR] LogOutputStream:75 - [STDERR_REDIRECT] 
2025-12-16 22:08:17,053 [ERROR] LogOutputStream:75 - [STDERR_REDIRECT] [Fatal Error] :1:1: Premature end of file.
2025-12-16 22:08:17,053 [ERROR] LogOutputStream:75 - [STDERR_REDIRECT] 
2025-12-16 22:08:18,052 [ERROR] LogOutputStream:75 - [STDERR_REDIRECT] [Fatal Error] :1:1: Premature end of file.
2025-12-16 22:08:18,052 [ERROR] LogOutputStream:75 - [STDERR_REDIRECT] 
2025-12-16 22:08:19,051 [ERROR] LogOutputStream:75 - [STDERR_REDIRECT] [Fatal Error] :1:1: Premature end of file.
2025-12-16 22:08:19,051 [ERROR] LogOutputStream:75 - [STDERR_REDIRECT] 
2025-12-16 22:08:20,053 [ERROR] LogOutputStream:75 - [STDERR_REDIRECT] [Fatal Error] :1:1: Premature end of file.
2025-12-16 22:08:20,053 [ERROR] LogOutputStream:75 - [STDERR_REDIRECT] 
2025-12-16 22:08:21,055 [ERROR] LogOutputStream:75 - [STDERR_REDIRECT] [Fatal Error] :1:1: Premature end of file.
2025-12-16 22:08:21,055 [ERROR] LogOutputStream:75 - [STDERR_REDIRECT] 
2025-12-16 22:08:22,052 [ERROR] LogOutputStream:75 - [STDERR_REDIRECT] [Fatal Error] :1:1: Premature end of file.
2025-12-16 22:08:22,052 [ERROR] LogOutputStream:75 - [STDERR_REDIRECT] 
2025-12-16 22:08:23,052 [ERROR] LogOutputStream:75 - [STDERR_REDIRECT] [Fatal Error] :1:1: Premature end of file.
2025-12-16 22:08:23,052 [ERROR] LogOutputStream:75 - [STDERR_REDIRECT] 
2025-12-16 22:08:24,052 [ERROR] LogOutputStream:75 - [STDERR_REDIRECT] [Fatal Error] :1:1: Premature end of file.
2025-12-16 22:08:24,052 [ERROR] LogOutputStream:75 - [STDERR_REDIRECT] 
2025-12-16 22:08:25,051 [ERROR] LogOutputStream:75 - [STDERR_REDIRECT] [Fatal Error] :1:1: Premature end of file.
2025-12-16 22:08:25,051 [ERROR] LogOutputStream:75 - [STDERR_REDIRECT] 
2025-12-16 22:08:26,055 [ERROR] LogOutputStream:75 - [STDERR_REDIRECT] [Fatal Error] :1:1: Premature end of file.
2025-12-16 22:08:26,055 [ERROR] LogOutputStream:75 - [STDERR_REDIRECT] 
2025-12-16 22:08:27,051 [ERROR] LogOutputStream:75 - [STDERR_REDIRECT] [Fatal Error] :1:1: Premature end of file.
2025-12-16 22:08:27,051 [ERROR] LogOutputStream:75 - [STDERR_REDIRECT] 
2025-12-16 22:08:28,048 [ERROR] LogOutputStream:75 - [STDERR_REDIRECT] [Fatal Error] :1:1: Premature end of file.
2025-12-16 22:08:28,049 [ERROR] LogOutputStream:75 - [STDERR_REDIRECT] 
2025-12-16 22:08:29,051 [ERROR] LogOutputStream:75 - [STDERR_REDIRECT] [Fatal Error] :1:1: Premature end of file.
2025-12-16 22:08:29,051 [ERROR] LogOutputStream:75 - [STDERR_REDIRECT] 
2025-12-16 22:08:30,052 [ERROR] LogOutputStream:75 - [STDERR_REDIRECT] [Fatal Error] :1:1: Premature end of file.
2025-12-16 22:08:30,052 [ERROR] LogOutputStream:75 - [STDERR_REDIRECT] 
2025-12-16 22:08:31,052 [ERROR] LogOutputStream:75 - [STDERR_REDIRECT] [Fatal Error] :1:1: Premature end of file.
2025-12-16 22:08:31,052 [ERROR] LogOutputStream:75 - [STDERR_REDIRECT] 
2025-12-16 22:08:32,052 [ERROR] LogOutputStream:75 - [STDERR_REDIRECT] [Fatal Error] :1:1: Premature end of file.
2025-12-16 22:08:32,052 [ERROR] LogOutputStream:75 - [STDERR_REDIRECT] 
2025-12-16 22:08:33,053 [ERROR] LogOutputStream:75 - [STDERR_REDIRECT] [Fatal Error] :1:1: Premature end of file.
2025-12-16 22:08:33,053 [ERROR] LogOutputStream:75 - [STDERR_REDIRECT] 
2025-12-16 22:08:34,050 [ERROR] LogOutputStream:75 - [STDERR_REDIRECT] [Fatal Error] :1:1: Premature end of file.
2025-12-16 22:08:34,050 [ERROR] LogOutputStream:75 - [STDERR_REDIRECT] 
2025-12-16 22:08:35,051 [ERROR] LogOutputStream:75 - [STDERR_REDIRECT] [Fatal Error] :1:1: Premature end of file.
2025-12-16 22:08:35,051 [ERROR] LogOutputStream:75 - [STDERR_REDIRECT] 
2025-12-16 22:08:36,053 [ERROR] LogOutputStream:75 - [STDERR_REDIRECT] [Fatal Error] :1:1: Premature end of file.
2025-12-16 22:08:36,054 [ERROR] LogOutputStream:75 - [STDERR_REDIRECT] 
2025-12-16 22:08:37,051 [ERROR] LogOutputStream:75 - [STDERR_REDIRECT] [Fatal Error] :1:1: Premature end of file.
2025-12-16 22:08:37,051 [ERROR] LogOutputStream:75 - [STDERR_REDIRECT] 
2025-12-16 22:08:38,053 [ERROR] LogOutputStream:75 - [STDERR_REDIRECT] [Fatal Error] :1:1: Premature end of file.
2025-12-16 22:08:38,053 [ERROR] LogOutputStream:75 - [STDERR_REDIRECT] 
2025-12-16 22:08:39,054 [ERROR] LogOutputStream:75 - [STDERR_REDIRECT] [Fatal Error] :1:1: Premature end of file.
2025-12-16 22:08:39,054 [ERROR] LogOutputStream:75 - [STDERR_REDIRECT] 
2025-12-16 22:08:40,052 [ERROR] LogOutputStream:75 - [STDERR_REDIRECT] [Fatal Error] :1:1: Premature end of file.
2025-12-16 22:08:40,053 [ERROR] LogOutputStream:75 - [STDERR_REDIRECT] 
2025-12-16 22:08:41,054 [ERROR] LogOutputStream:75 - [STDERR_REDIRECT] [Fatal Error] :1:1: Premature end of file.
2025-12-16 22:08:41,054 [ERROR] LogOutputStream:75 - [STDERR_REDIRECT] 
2025-12-16 22:08:42,052 [ERROR] LogOutputStream:75 - [STDERR_REDIRECT] [Fatal Error] :1:1: Premature end of file.
2025-12-16 22:08:42,052 [ERROR] LogOutputStream:75 - [STDERR_REDIRECT] 
2025-12-16 22:08:43,051 [ERROR] LogOutputStream:75 - [STDERR_REDIRECT] [Fatal Error] :1:1: Premature end of file.
2025-12-16 22:08:43,051 [ERROR] LogOutputStream:75 - [STDERR_REDIRECT] 
2025-12-16 22:08:44,051 [ERROR] LogOutputStream:75 - [STDERR_REDIRECT] [Fatal Error] :1:1: Premature end of file.
2025-12-16 22:08:44,051 [ERROR] LogOutputStream:75 - [STDERR_REDIRECT] 
2025-12-16 22:08:45,052 [ERROR] LogOutputStream:75 - [STDERR_REDIRECT] [Fatal Error] :1:1: Premature end of file.
2025-12-16 22:08:45,052 [ERROR] LogOutputStream:75 - [STDERR_REDIRECT] 
2025-12-16 22:08:46,057 [ERROR] LogOutputStream:75 - [STDERR_REDIRECT] [Fatal Error] :1:1: Premature end of file.
2025-12-16 22:08:46,057 [ERROR] LogOutputStream:75 - [STDERR_REDIRECT] 
2025-12-16 22:08:47,051 [ERROR] LogOutputStream:75 - [STDERR_REDIRECT] [Fatal Error] :1:1: Premature end of file.
2025-12-16 22:08:47,051 [ERROR] LogOutputStream:75 - [STDERR_REDIRECT] 
2025-12-16 22:08:48,056 [ERROR] LogOutputStream:75 - [STDERR_REDIRECT] [Fatal Error] :1:1: Premature end of file.
2025-12-16 22:08:48,056 [ERROR] LogOutputStream:75 - [STDERR_REDIRECT] 
2025-12-16 22:08:49,051 [ERROR] LogOutputStream:75 - [STDERR_REDIRECT] [Fatal Error] :1:1: Premature end of file.
2025-12-16 22:08:49,051 [ERROR] LogOutputStream:75 - [STDERR_REDIRECT] 
2025-12-16 22:08:50,054 [ERROR] LogOutputStream:75 - [STDERR_REDIRECT] [Fatal Error] :1:1: Premature end of file.
2025-12-16 22:08:50,054 [ERROR] LogOutputStream:75 - [STDERR_REDIRECT] 
2025-12-16 22:08:51,053 [ERROR] LogOutputStream:75 - [STDERR_REDIRECT] [Fatal Error] :1:1: Premature end of file.
2025-12-16 22:08:51,053 [ERROR] LogOutputStream:75 - [STDERR_REDIRECT] 
2025-12-16 22:08:52,049 [ERROR] LogOutputStream:75 - [STDERR_REDIRECT] [Fatal Error] :1:1: Premature end of file.
2025-12-16 22:08:52,049 [ERROR] LogOutputStream:75 - [STDERR_REDIRECT] 
2025-12-16 22:08:53,052 [ERROR] LogOutputStream:75 - [STDERR_REDIRECT] [Fatal Error] :1:1: Premature end of file.
2025-12-16 22:08:53,052 [ERROR] LogOutputStream:75 - [STDERR_REDIRECT] 
2025-12-16 22:08:54,051 [ERROR] LogOutputStream:75 - [STDERR_REDIRECT] [Fatal Error] :1:1: Premature end of file.
2025-12-16 22:08:54,053 [ERROR] LogOutputStream:75 - [STDERR_REDIRECT] 
2025-12-16 22:08:55,051 [ERROR] LogOutputStream:75 - [STDERR_REDIRECT] [Fatal Error] :1:1: Premature end of file.
2025-12-16 22:08:55,051 [ERROR] LogOutputStream:75 - [STDERR_REDIRECT] 
2025-12-16 22:08:56,052 [ERROR] LogOutputStream:75 - [STDERR_REDIRECT] [Fatal Error] :1:1: Premature end of file.
2025-12-16 22:08:56,052 [ERROR] LogOutputStream:75 - [STDERR_REDIRECT] 
2025-12-16 22:08:57,051 [ERROR] LogOutputStream:75 - [STDERR_REDIRECT] [Fatal Error] :1:1: Premature end of file.
2025-12-16 22:08:57,051 [ERROR] LogOutputStream:75 - [STDERR_REDIRECT] 
2025-12-16 22:08:58,051 [ERROR] LogOutputStream:75 - [STDERR_REDIRECT] [Fatal Error] :1:1: Premature end of file.
2025-12-16 22:08:58,051 [ERROR] LogOutputStream:75 - [STDERR_REDIRECT] 
2025-12-16 22:08:59,052 [ERROR] LogOutputStream:75 - [STDERR_REDIRECT] [Fatal Error] :1:1: Premature end of file.
2025-12-16 22:08:59,052 [ERROR] LogOutputStream:75 - [STDERR_REDIRECT] 
2025-12-16 22:09:00,061 [ERROR] LogOutputStream:75 - [STDERR_REDIRECT] [Fatal Error] :1:1: Premature end of file.
2025-12-16 22:09:00,061 [ERROR] LogOutputStream:75 - [STDERR_REDIRECT] 
2025-12-16 22:09:01,051 [ERROR] LogOutputStream:75 - [STDERR_REDIRECT] [Fatal Error] :1:1: Premature end of file.
2025-12-16 22:09:01,051 [ERROR] LogOutputStream:75 - [STDERR_REDIRECT] 
2025-12-16 22:09:02,053 [ERROR] LogOutputStream:75 - [STDERR_REDIRECT] [Fatal Error] :1:1: Premature end of file.
2025-12-16 22:09:02,053 [ERROR] LogOutputStream:75 - [STDERR_REDIRECT] 
2025-12-16 22:09:03,051 [ERROR] LogOutputStream:75 - [STDERR_REDIRECT] [Fatal Error] :1:1: Premature end of file.
2025-12-16 22:09:03,051 [ERROR] LogOutputStream:75 - [STDERR_REDIRECT] 
2025-12-16 22:09:04,050 [ERROR] LogOutputStream:75 - [STDERR_REDIRECT] [Fatal Error] :1:1: Premature end of file.
2025-12-16 22:09:04,050 [ERROR] LogOutputStream:75 - [STDERR_REDIRECT] 
2025-12-16 22:09:05,052 [ERROR] LogOutputStream:75 - [STDERR_REDIRECT] [Fatal Error] :1:1: Premature end of file.
2025-12-16 22:09:05,052 [ERROR] LogOutputStream:75 - [STDERR_REDIRECT] 
2025-12-16 22:09:06,049 [ERROR] LogOutputStream:75 - [STDERR_REDIRECT] [Fatal Error] :1:1: Premature end of file.
2025-12-16 22:09:06,049 [ERROR] LogOutputStream:75 - [STDERR_REDIRECT] 
2025-12-16 22:09:07,063 [ERROR] LogOutputStream:75 - [STDERR_REDIRECT] [Fatal Error] :1:1: Premature end of file.
2025-12-16 22:09:07,063 [ERROR] LogOutputStream:75 - [STDERR_REDIRECT] 
2025-12-16 22:09:08,050 [ERROR] LogOutputStream:75 - [STDERR_REDIRECT] [Fatal Error] :1:1: Premature end of file.
2025-12-16 22:09:08,050 [ERROR] LogOutputStream:75 - [STDERR_REDIRECT] 
2025-12-16 22:09:09,049 [ERROR] LogOutputStream:75 - [STDERR_REDIRECT] [Fatal Error] :1:1: Premature end of file.
2025-12-16 22:09:09,049 [ERROR] LogOutputStream:75 - [STDERR_REDIRECT] 
2025-12-16 22:09:10,069 [ERROR] LogOutputStream:75 - [STDERR_REDIRECT] [Fatal Error] :1:1: Premature end of file.
2025-12-16 22:09:10,069 [ERROR] LogOutputStream:75 - [STDERR_REDIRECT] 
2025-12-16 22:09:11,063 [ERROR] LogOutputStream:75 - [STDERR_REDIRECT] [Fatal Error] :1:1: Premature end of file.
2025-12-16 22:09:11,063 [ERROR] LogOutputStream:75 - [STDERR_REDIRECT] 
2025-12-16 22:09:12,053 [ERROR] LogOutputStream:75 - [STDERR_REDIRECT] [Fatal Error] :1:1: Premature end of file.
2025-12-16 22:09:12,054 [ERROR] LogOutputStream:75 - [STDERR_REDIRECT] 
2025-12-16 22:09:13,054 [ERROR] LogOutputStream:75 - [STDERR_REDIRECT] [Fatal Error] :1:1: Premature end of file.
2025-12-16 22:09:13,054 [ERROR] LogOutputStream:75 - [STDERR_REDIRECT] 
2025-12-16 22:09:14,051 [ERROR] LogOutputStream:75 - [STDERR_REDIRECT] [Fatal Error] :1:1: Premature end of file.
2025-12-16 22:09:14,051 [ERROR] LogOutputStream:75 - [STDERR_REDIRECT] 
2025-12-16 22:09:15,051 [ERROR] LogOutputStream:75 - [STDERR_REDIRECT] [Fatal Error] :1:1: Premature end of file.
2025-12-16 22:09:15,051 [ERROR] LogOutputStream:75 - [STDERR_REDIRECT] 
2025-12-16 22:09:16,052 [ERROR] LogOutputStream:75 - [STDERR_REDIRECT] [Fatal Error] :1:1: Premature end of file.
2025-12-16 22:09:16,052 [ERROR] LogOutputStream:75 - [STDERR_REDIRECT] 
2025-12-16 22:09:17,052 [ERROR] LogOutputStream:75 - [STDERR_REDIRECT] [Fatal Error] :1:1: Premature end of file.
2025-12-16 22:09:17,052 [ERROR] LogOutputStream:75 - [STDERR_REDIRECT] 
2025-12-16 22:09:18,050 [ERROR] LogOutputStream:75 - [STDERR_REDIRECT] [Fatal Error] :1:1: Premature end of file.
2025-12-16 22:09:18,050 [ERROR] LogOutputStream:75 - [STDERR_REDIRECT] 
2025-12-16 22:09:19,052 [ERROR] LogOutputStream:75 - [STDERR_REDIRECT] [Fatal Error] :1:1: Premature end of file.
2025-12-16 22:09:19,052 [ERROR] LogOutputStream:75 - [STDERR_REDIRECT] 
2025-12-16 22:09:20,052 [ERROR] LogOutputStream:75 - [STDERR_REDIRECT] [Fatal Error] :1:1: Premature end of file.
2025-12-16 22:09:20,052 [ERROR] LogOutputStream:75 - [STDERR_REDIRECT] 
2025-12-16 22:09:21,052 [ERROR] LogOutputStream:75 - [STDERR_REDIRECT] [Fatal Error] :1:1: Premature end of file.
2025-12-16 22:09:21,052 [ERROR] LogOutputStream:75 - [STDERR_REDIRECT] 
2025-12-16 22:09:22,051 [ERROR] LogOutputStream:75 - [STDERR_REDIRECT] [Fatal Error] :1:1: Premature end of file.
2025-12-16 22:09:22,051 [ERROR] LogOutputStream:75 - [STDERR_REDIRECT] 
2025-12-16 22:09:23,053 [ERROR] LogOutputStream:75 - [STDERR_REDIRECT] [Fatal Error] :1:1: Premature end of file.
2025-12-16 22:09:23,053 [ERROR] LogOutputStream:75 - [STDERR_REDIRECT] 
2025-12-16 22:09:24,054 [ERROR] LogOutputStream:75 - [STDERR_REDIRECT] [Fatal Error] :1:1: Premature end of file.
2025-12-16 22:09:24,054 [ERROR] LogOutputStream:75 - [STDERR_REDIRECT] 
2025-12-16 22:09:25,053 [ERROR] LogOutputStream:75 - [STDERR_REDIRECT] [Fatal Error] :1:1: Premature end of file.
2025-12-16 22:09:25,053 [ERROR] LogOutputStream:75 - [STDERR_REDIRECT] 
2025-12-16 22:09:26,051 [ERROR] LogOutputStream:75 - [STDERR_REDIRECT] [Fatal Error] :1:1: Premature end of file.
2025-12-16 22:09:26,051 [ERROR] LogOutputStream:75 - [STDERR_REDIRECT] 
2025-12-16 22:09:27,052 [ERROR] LogOutputStream:75 - [STDERR_REDIRECT] [Fatal Error] :1:1: Premature end of file.
2025-12-16 22:09:27,052 [ERROR] LogOutputStream:75 - [STDERR_REDIRECT] 
2025-12-16 22:09:28,051 [ERROR] LogOutputStream:75 - [STDERR_REDIRECT] [Fatal Error] :1:1: Premature end of file.
2025-12-16 22:09:28,051 [ERROR] LogOutputStream:75 - [STDERR_REDIRECT] 
2025-12-16 22:13:41,418 [ERROR] LogOutputStream:75 - [STDERR_REDIRECT] [Fatal Error] :1:1: Premature end of file.
2025-12-16 22:13:41,419 [ERROR] LogOutputStream:75 - [STDERR_REDIRECT] 
2025-12-16 22:13:41,516 [ERROR] LogOutputStream:75 - [STDERR_REDIRECT] [Fatal Error] :1:1: Premature end of file.
2025-12-16 22:13:41,516 [ERROR] LogOutputStream:75 - [STDERR_REDIRECT] 
2025-12-16 22:13:41,594 [ERROR] LogOutputStream:75 - [STDERR_REDIRECT] [Fatal Error] :1:1: Premature end of file.
2025-12-16 22:13:41,594 [ERROR] LogOutputStream:75 - [STDERR_REDIRECT] 
2025-12-16 22:13:41,679 [ERROR] LogOutputStream:75 - [STDERR_REDIRECT] [Fatal Error] :1:1: Premature end of file.
2025-12-16 22:13:41,680 [ERROR] LogOutputStream:75 - [STDERR_REDIRECT] 
2025-12-16 22:13:41,754 [ERROR] LogOutputStream:75 - [STDERR_REDIRECT] [Fatal Error] :1:1: Premature end of file.
2025-12-16 22:13:41,754 [ERROR] LogOutputStream:75 - [STDERR_REDIRECT] 
2025-12-16 22:13:41,826 [ERROR] LogOutputStream:75 - [STDERR_REDIRECT] [Fatal Error] :1:1: Premature end of file.
2025-12-16 22:13:41,826 [ERROR] LogOutputStream:75 - [STDERR_REDIRECT] 
2025-12-16 22:13:41,899 [ERROR] LogOutputStream:75 - [STDERR_REDIRECT] [Fatal Error] :1:1: Premature end of file.
2025-12-16 22:13:41,899 [ERROR] LogOutputStream:75 - [STDERR_REDIRECT] 
2025-12-16 22:13:41,969 [ERROR] LogOutputStream:75 - [STDERR_REDIRECT] [Fatal Error] :1:1: Premature end of file.
2025-12-16 22:13:41,969 [ERROR] LogOutputStream:75 - [STDERR_REDIRECT] 
2025-12-16 22:13:42,041 [ERROR] LogOutputStream:75 - [STDERR_REDIRECT] [Fatal Error] :1:1: Premature end of file.
2025-12-16 22:13:42,041 [ERROR] LogOutputStream:75 - [STDERR_REDIRECT] 
2025-12-16 22:13:42,113 [ERROR] LogOutputStream:75 - [STDERR_REDIRECT] [Fatal Error] :1:1: Premature end of file.
2025-12-16 22:13:42,113 [ERROR] LogOutputStream:75 - [STDERR_REDIRECT] 
2025-12-16 22:13:42,185 [ERROR] LogOutputStream:75 - [STDERR_REDIRECT] [Fatal Error] :1:1: Premature end of file.
2025-12-16 22:13:42,185 [ERROR] LogOutputStream:75 - [STDERR_REDIRECT] 
2025-12-16 22:13:42,257 [ERROR] LogOutputStream:75 - [STDERR_REDIRECT] [Fatal Error] :1:1: Premature end of file.
2025-12-16 22:13:42,257 [ERROR] LogOutputStream:75 - [STDERR_REDIRECT] 
2025-12-16 22:13:42,335 [ERROR] LogOutputStream:75 - [STDERR_REDIRECT] [Fatal Error] :1:1: Premature end of file.
2025-12-16 22:13:42,335 [ERROR] LogOutputStream:75 - [STDERR_REDIRECT] 
2025-12-16 22:13:42,413 [ERROR] LogOutputStream:75 - [STDERR_REDIRECT] [Fatal Error] :1:1: Premature end of file.
2025-12-16 22:13:42,413 [ERROR] LogOutputStream:75 - [STDERR_REDIRECT] 
2025-12-16 22:13:42,490 [ERROR] LogOutputStream:75 - [STDERR_REDIRECT] [Fatal Error] :1:1: Premature end of file.
2025-12-16 22:13:42,491 [ERROR] LogOutputStream:75 - [STDERR_REDIRECT] 
2025-12-16 22:13:42,565 [ERROR] LogOutputStream:75 - [STDERR_REDIRECT] [Fatal Error] :1:1: Premature end of file.
2025-12-16 22:13:42,565 [ERROR] LogOutputStream:75 - [STDERR_REDIRECT] 
2025-12-16 22:13:42,642 [ERROR] LogOutputStream:75 - [STDERR_REDIRECT] [Fatal Error] :1:1: Premature end of file.
2025-12-16 22:13:42,642 [ERROR] LogOutputStream:75 - [STDERR_REDIRECT] 
2025-12-16 22:13:42,711 [ERROR] LogOutputStream:75 - [STDERR_REDIRECT] [Fatal Error] :1:1: Premature end of file.
2025-12-16 22:13:42,711 [ERROR] LogOutputStream:75 - [STDERR_REDIRECT] 
2025-12-16 22:13:42,780 [ERROR] LogOutputStream:75 - [STDERR_REDIRECT] [Fatal Error] :1:1: Premature end of file.
2025-12-16 22:13:42,780 [ERROR] LogOutputStream:75 - [STDERR_REDIRECT] 
2025-12-16 22:13:42,848 [ERROR] LogOutputStream:75 - [STDERR_REDIRECT] [Fatal Error] :1:1: Premature end of file.
2025-12-16 22:13:42,848 [ERROR] LogOutputStream:75 - [STDERR_REDIRECT] 
2025-12-16 22:13:42,917 [ERROR] LogOutputStream:75 - [STDERR_REDIRECT] [Fatal Error] :1:1: Premature end of file.
2025-12-16 22:13:42,918 [ERROR] LogOutputStream:75 - [STDERR_REDIRECT] 
2025-12-16 22:13:42,985 [ERROR] LogOutputStream:75 - [STDERR_REDIRECT] [Fatal Error] :1:1: Premature end of file.
2025-12-16 22:13:42,985 [ERROR] LogOutputStream:75 - [STDERR_REDIRECT] 
2025-12-16 22:13:43,055 [ERROR] LogOutputStream:75 - [STDERR_REDIRECT] [Fatal Error] :1:1: Premature end of file.
2025-12-16 22:13:43,055 [ERROR] LogOutputStream:75 - [STDERR_REDIRECT] 
2025-12-16 22:13:43,122 [ERROR] LogOutputStream:75 - [STDERR_REDIRECT] [Fatal Error] :1:1: Premature end of file.
2025-12-16 22:13:43,122 [ERROR] LogOutputStream:75 - [STDERR_REDIRECT] 
2025-12-16 22:13:43,192 [ERROR] LogOutputStream:75 - [STDERR_REDIRECT] [Fatal Error] :1:1: Premature end of file.
2025-12-16 22:13:43,192 [ERROR] LogOutputStream:75 - [STDERR_REDIRECT] 
2025-12-16 22:13:43,261 [ERROR] LogOutputStream:75 - [STDERR_REDIRECT] [Fatal Error] :1:1: Premature end of file.
2025-12-16 22:13:43,261 [ERROR] LogOutputStream:75 - [STDERR_REDIRECT] 
2025-12-16 22:13:43,331 [ERROR] LogOutputStream:75 - [STDERR_REDIRECT] [Fatal Error] :1:1: Premature end of file.
2025-12-16 22:13:43,331 [ERROR] LogOutputStream:75 - [STDERR_REDIRECT] 
2025-12-16 22:13:43,399 [ERROR] LogOutputStream:75 - [STDERR_REDIRECT] [Fatal Error] :1:1: Premature end of file.
2025-12-16 22:13:43,400 [ERROR] LogOutputStream:75 - [STDERR_REDIRECT] 
2025-12-16 22:13:43,470 [ERROR] LogOutputStream:75 - [STDERR_REDIRECT] [Fatal Error] :1:1: Premature end of file.
2025-12-16 22:13:43,470 [ERROR] LogOutputStream:75 - [STDERR_REDIRECT] 
2025-12-16 22:13:43,536 [ERROR] LogOutputStream:75 - [STDERR_REDIRECT] [Fatal Error] :1:1: Premature end of file.
2025-12-16 22:13:43,536 [ERROR] LogOutputStream:75 - [STDERR_REDIRECT] 
2025-12-16 22:13:43,593 [ERROR] LogOutputStream:75 - [STDERR_REDIRECT] [Fatal Error] :1:1: Premature end of file.
2025-12-16 22:13:43,593 [ERROR] LogOutputStream:75 - [STDERR_REDIRECT] 
2025-12-16 22:13:43,652 [ERROR] LogOutputStream:75 - [STDERR_REDIRECT] [Fatal Error] :1:1: Premature end of file.
2025-12-16 22:13:43,652 [ERROR] LogOutputStream:75 - [STDERR_REDIRECT] 
2025-12-16 22:13:43,709 [ERROR] LogOutputStream:75 - [STDERR_REDIRECT] [Fatal Error] :1:1: Premature end of file.
2025-12-16 22:13:43,709 [ERROR] LogOutputStream:75 - [STDERR_REDIRECT] 
2025-12-16 22:13:43,766 [ERROR] LogOutputStream:75 - [STDERR_REDIRECT] [Fatal Error] :1:1: Premature end of file.
2025-12-16 22:13:43,766 [ERROR] LogOutputStream:75 - [STDERR_REDIRECT] 
2025-12-16 22:13:43,826 [ERROR] LogOutputStream:75 - [STDERR_REDIRECT] [Fatal Error] :1:1: Premature end of file.
2025-12-16 22:13:43,827 [ERROR] LogOutputStream:75 - [STDERR_REDIRECT] 
2025-12-16 22:13:43,884 [ERROR] LogOutputStream:75 - [STDERR_REDIRECT] [Fatal Error] :1:1: Premature end of file.
2025-12-16 22:13:43,884 [ERROR] LogOutputStream:75 - [STDERR_REDIRECT] 
2025-12-16 22:13:43,941 [ERROR] LogOutputStream:75 - [STDERR_REDIRECT] [Fatal Error] :1:1: Premature end of file.
2025-12-16 22:13:43,941 [ERROR] LogOutputStream:75 - [STDERR_REDIRECT] 
2025-12-16 22:13:43,998 [ERROR] LogOutputStream:75 - [STDERR_REDIRECT] [Fatal Error] :1:1: Premature end of file.
2025-12-16 22:13:43,998 [ERROR] LogOutputStream:75 - [STDERR_REDIRECT] 
2025-12-16 22:13:44,064 [ERROR] LogOutputStream:75 - [STDERR_REDIRECT] [Fatal Error] :1:1: Premature end of file.
2025-12-16 22:13:44,065 [ERROR] LogOutputStream:75 - [STDERR_REDIRECT] 
2025-12-16 22:13:44,130 [INFO] WebApp:194 - Connection lost
2025-12-16 22:13:44,140 [ERROR] LogOutputStream:75 - [STDERR_REDIRECT] [Fatal Error] :1:1: Premature end of file.
2025-12-16 22:13:44,140 [ERROR] LogOutputStream:75 - [STDERR_REDIRECT] 
2025-12-16 22:13:44,204 [ERROR] LogOutputStream:75 - [STDERR_REDIRECT] [Fatal Error] :1:1: Premature end of file.
2025-12-16 22:13:44,205 [ERROR] LogOutputStream:75 - [STDERR_REDIRECT] 
2025-12-16 22:13:44,272 [ERROR] LogOutputStream:75 - [STDERR_REDIRECT] [Fatal Error] :1:1: Premature end of file.
2025-12-16 22:13:44,272 [ERROR] LogOutputStream:75 - [STDERR_REDIRECT] 
2025-12-16 22:13:44,341 [ERROR] LogOutputStream:75 - [STDERR_REDIRECT] [Fatal Error] :1:1: Premature end of file.
2025-12-16 22:13:44,341 [ERROR] LogOutputStream:75 - [STDERR_REDIRECT] 
2025-12-16 22:13:44,407 [ERROR] LogOutputStream:75 - [STDERR_REDIRECT] [Fatal Error] :1:1: Premature end of file.
2025-12-16 22:13:44,407 [ERROR] LogOutputStream:75 - [STDERR_REDIRECT] 
2025-12-16 22:13:44,468 [ERROR] LogOutputStream:75 - [STDERR_REDIRECT] [Fatal Error] :1:1: Premature end of file.
2025-12-16 22:13:44,468 [ERROR] LogOutputStream:75 - [STDERR_REDIRECT] 
2025-12-16 22:13:44,528 [ERROR] LogOutputStream:75 - [STDERR_REDIRECT] [Fatal Error] :1:1: Premature end of file.
2025-12-16 22:13:44,528 [ERROR] LogOutputStream:75 - [STDERR_REDIRECT] 
2025-12-16 22:13:44,584 [ERROR] LogOutputStream:75 - [STDERR_REDIRECT] [Fatal Error] :1:1: Premature end of file.
2025-12-16 22:13:44,584 [ERROR] LogOutputStream:75 - [STDERR_REDIRECT] 
2025-12-16 22:13:44,644 [ERROR] LogOutputStream:75 - [STDERR_REDIRECT] [Fatal Error] :1:1: Premature end of file.
2025-12-16 22:13:44,645 [ERROR] LogOutputStream:75 - [STDERR_REDIRECT] 
2025-12-16 22:13:44,707 [ERROR] LogOutputStream:75 - [STDERR_REDIRECT] [Fatal Error] :1:1: Premature end of file.
2025-12-16 22:13:44,707 [ERROR] LogOutputStream:75 - [STDERR_REDIRECT] 
2025-12-16 22:13:44,772 [ERROR] LogOutputStream:75 - [STDERR_REDIRECT] [Fatal Error] :1:1: Premature end of file.
2025-12-16 22:13:44,772 [ERROR] LogOutputStream:75 - [STDERR_REDIRECT] 
2025-12-16 22:13:44,836 [ERROR] LogOutputStream:75 - [STDERR_REDIRECT] [Fatal Error] :1:1: Premature end of file.
2025-12-16 22:13:44,836 [ERROR] LogOutputStream:75 - [STDERR_REDIRECT] 
2025-12-16 22:13:44,901 [ERROR] LogOutputStream:75 - [STDERR_REDIRECT] [Fatal Error] :1:1: Premature end of file.
2025-12-16 22:13:44,901 [ERROR] LogOutputStream:75 - [STDERR_REDIRECT] 
2025-12-16 22:13:44,962 [ERROR] LogOutputStream:75 - [STDERR_REDIRECT] [Fatal Error] :1:1: Premature end of file.
2025-12-16 22:13:44,963 [ERROR] LogOutputStream:75 - [STDERR_REDIRECT] 
2025-12-16 22:13:45,021 [ERROR] LogOutputStream:75 - [STDERR_REDIRECT] [Fatal Error] :1:1: Premature end of file.
2025-12-16 22:13:45,021 [ERROR] LogOutputStream:75 - [STDERR_REDIRECT] 
2025-12-16 22:13:45,079 [ERROR] LogOutputStream:75 - [STDERR_REDIRECT] [Fatal Error] :1:1: Premature end of file.
2025-12-16 22:13:45,079 [ERROR] LogOutputStream:75 - [STDERR_REDIRECT] 
2025-12-16 22:13:45,137 [ERROR] LogOutputStream:75 - [STDERR_REDIRECT] [Fatal Error] :1:1: Premature end of file.
2025-12-16 22:13:45,138 [ERROR] LogOutputStream:75 - [STDERR_REDIRECT] 
2025-12-16 22:13:45,197 [ERROR] LogOutputStream:75 - [STDERR_REDIRECT] [Fatal Error] :1:1: Premature end of file.
2025-12-16 22:13:45,197 [ERROR] LogOutputStream:75 - [STDERR_REDIRECT] 
2025-12-16 22:13:45,255 [ERROR] LogOutputStream:75 - [STDERR_REDIRECT] [Fatal Error] :1:1: Premature end of file.
2025-12-16 22:13:45,256 [ERROR] LogOutputStream:75 - [STDERR_REDIRECT] 
2025-12-16 22:13:45,318 [ERROR] LogOutputStream:75 - [STDERR_REDIRECT] [Fatal Error] :1:1: Premature end of file.
2025-12-16 22:13:45,318 [ERROR] LogOutputStream:75 - [STDERR_REDIRECT] 
2025-12-16 22:13:45,375 [ERROR] LogOutputStream:75 - [STDERR_REDIRECT] [Fatal Error] :1:1: Premature end of file.
2025-12-16 22:13:45,375 [ERROR] LogOutputStream:75 - [STDERR_REDIRECT] 
2025-12-16 22:13:45,434 [ERROR] LogOutputStream:75 - [STDERR_REDIRECT] [Fatal Error] :1:1: Premature end of file.
2025-12-16 22:13:45,434 [ERROR] LogOutputStream:75 - [STDERR_REDIRECT] 
2025-12-16 22:13:45,494 [ERROR] LogOutputStream:75 - [STDERR_REDIRECT] [Fatal Error] :1:1: Premature end of file.
2025-12-16 22:13:45,494 [ERROR] LogOutputStream:75 - [STDERR_REDIRECT] 
2025-12-16 22:13:45,551 [ERROR] LogOutputStream:75 - [STDERR_REDIRECT] [Fatal Error] :1:1: Premature end of file.
2025-12-16 22:13:45,551 [ERROR] LogOutputStream:75 - [STDERR_REDIRECT] 
2025-12-16 22:13:45,609 [ERROR] LogOutputStream:75 - [STDERR_REDIRECT] [Fatal Error] :1:1: Premature end of file.
2025-12-16 22:13:45,609 [ERROR] LogOutputStream:75 - [STDERR_REDIRECT] 
2025-12-16 22:13:45,667 [ERROR] LogOutputStream:75 - [STDERR_REDIRECT] [Fatal Error] :1:1: Premature end of file.
2025-12-16 22:13:45,667 [ERROR] LogOutputStream:75 - [STDERR_REDIRECT] 
2025-12-16 22:13:45,724 [ERROR] LogOutputStream:75 - [STDERR_REDIRECT] [Fatal Error] :1:1: Premature end of file.
2025-12-16 22:13:45,724 [ERROR] LogOutputStream:75 - [STDERR_REDIRECT] 
2025-12-16 22:13:45,782 [ERROR] LogOutputStream:75 - [STDERR_REDIRECT] [Fatal Error] :1:1: Premature end of file.
2025-12-16 22:13:45,782 [ERROR] LogOutputStream:75 - [STDERR_REDIRECT] 
2025-12-16 22:13:45,840 [ERROR] LogOutputStream:75 - [STDERR_REDIRECT] [Fatal Error] :1:1: Premature end of file.
2025-12-16 22:13:45,841 [ERROR] LogOutputStream:75 - [STDERR_REDIRECT] 
2025-12-16 22:13:45,899 [ERROR] LogOutputStream:75 - [STDERR_REDIRECT] [Fatal Error] :1:1: Premature end of file.
2025-12-16 22:13:45,899 [ERROR] LogOutputStream:75 - [STDERR_REDIRECT] 
2025-12-16 22:13:45,957 [ERROR] LogOutputStream:75 - [STDERR_REDIRECT] [Fatal Error] :1:1: Premature end of file.
2025-12-16 22:13:45,957 [ERROR] LogOutputStream:75 - [STDERR_REDIRECT] 
2025-12-16 22:15:11,744 [ERROR] LogOutputStream:75 - [STDERR_REDIRECT] [Fatal Error] :1:1: Premature end of file.
2025-12-16 22:15:11,745 [ERROR] LogOutputStream:75 - [STDERR_REDIRECT] 
2025-12-16 22:15:11,983 [ERROR] LogOutputStream:75 - [STDERR_REDIRECT] [Fatal Error] :1:1: Premature end of file.
2025-12-16 22:15:11,983 [ERROR] LogOutputStream:75 - [STDERR_REDIRECT] 
2025-12-16 22:15:12,096 [ERROR] LogOutputStream:75 - [STDERR_REDIRECT] [Fatal Error] :1:1: Premature end of file.
2025-12-16 22:15:12,096 [ERROR] LogOutputStream:75 - [STDERR_REDIRECT] 
2025-12-16 22:15:12,189 [ERROR] LogOutputStream:75 - [STDERR_REDIRECT] [Fatal Error] :1:1: Premature end of file.
2025-12-16 22:15:12,189 [ERROR] LogOutputStream:75 - [STDERR_REDIRECT] 
2025-12-16 22:15:12,260 [ERROR] LogOutputStream:75 - [STDERR_REDIRECT] [Fatal Error] :1:1: Premature end of file.
2025-12-16 22:15:12,261 [ERROR] LogOutputStream:75 - [STDERR_REDIRECT] 
2025-12-16 22:15:12,334 [ERROR] LogOutputStream:75 - [STDERR_REDIRECT] [Fatal Error] :1:1: Premature end of file.
2025-12-16 22:15:12,334 [ERROR] LogOutputStream:75 - [STDERR_REDIRECT] 
2025-12-16 22:15:12,395 [ERROR] LogOutputStream:75 - [STDERR_REDIRECT] [Fatal Error] :1:1: Premature end of file.
2025-12-16 22:15:12,395 [ERROR] LogOutputStream:75 - [STDERR_REDIRECT] 
2025-12-16 22:15:12,453 [ERROR] LogOutputStream:75 - [STDERR_REDIRECT] [Fatal Error] :1:1: Premature end of file.
2025-12-16 22:15:12,453 [ERROR] LogOutputStream:75 - [STDERR_REDIRECT] 
2025-12-16 22:15:12,512 [ERROR] LogOutputStream:75 - [STDERR_REDIRECT] [Fatal Error] :1:1: Premature end of file.
2025-12-16 22:15:12,512 [ERROR] LogOutputStream:75 - [STDERR_REDIRECT] 
2025-12-16 22:15:12,575 [ERROR] LogOutputStream:75 - [STDERR_REDIRECT] [Fatal Error] :1:1: Premature end of file.
2025-12-16 22:15:12,575 [ERROR] LogOutputStream:75 - [STDERR_REDIRECT] 
2025-12-16 22:15:12,635 [ERROR] LogOutputStream:75 - [STDERR_REDIRECT] [Fatal Error] :1:1: Premature end of file.
2025-12-16 22:15:12,636 [ERROR] LogOutputStream:75 - [STDERR_REDIRECT] 
2025-12-16 22:15:12,696 [ERROR] LogOutputStream:75 - [STDERR_REDIRECT] [Fatal Error] :1:1: Premature end of file.
2025-12-16 22:15:12,696 [ERROR] LogOutputStream:75 - [STDERR_REDIRECT] 
2025-12-16 22:15:12,757 [ERROR] LogOutputStream:75 - [STDERR_REDIRECT] [Fatal Error] :1:1: Premature end of file.
2025-12-16 22:15:12,757 [ERROR] LogOutputStream:75 - [STDERR_REDIRECT] 
2025-12-16 22:15:12,819 [ERROR] LogOutputStream:75 - [STDERR_REDIRECT] [Fatal Error] :1:1: Premature end of file.
2025-12-16 22:15:12,819 [ERROR] LogOutputStream:75 - [STDERR_REDIRECT] 
2025-12-16 22:15:12,881 [ERROR] LogOutputStream:75 - [STDERR_REDIRECT] [Fatal Error] :1:1: Premature end of file.
2025-12-16 22:15:12,881 [ERROR] LogOutputStream:75 - [STDERR_REDIRECT] 
2025-12-16 22:15:12,945 [ERROR] LogOutputStream:75 - [STDERR_REDIRECT] [Fatal Error] :1:1: Premature end of file.
2025-12-16 22:15:12,946 [ERROR] LogOutputStream:75 - [STDERR_REDIRECT] 
2025-12-16 22:15:13,005 [ERROR] LogOutputStream:75 - [STDERR_REDIRECT] [Fatal Error] :1:1: Premature end of file.
2025-12-16 22:15:13,005 [ERROR] LogOutputStream:75 - [STDERR_REDIRECT] 
2025-12-16 22:15:13,065 [ERROR] LogOutputStream:75 - [STDERR_REDIRECT] [Fatal Error] :1:1: Premature end of file.
2025-12-16 22:15:13,065 [ERROR] LogOutputStream:75 - [STDERR_REDIRECT] 
2025-12-16 22:15:13,125 [ERROR] LogOutputStream:75 - [STDERR_REDIRECT] [Fatal Error] :1:1: Premature end of file.
2025-12-16 22:15:13,125 [ERROR] LogOutputStream:75 - [STDERR_REDIRECT] 
2025-12-16 22:15:13,186 [ERROR] LogOutputStream:75 - [STDERR_REDIRECT] [Fatal Error] :1:1: Premature end of file.
2025-12-16 22:15:13,186 [ERROR] LogOutputStream:75 - [STDERR_REDIRECT] 
2025-12-16 22:15:13,246 [ERROR] LogOutputStream:75 - [STDERR_REDIRECT] [Fatal Error] :1:1: Premature end of file.
2025-12-16 22:15:13,246 [ERROR] LogOutputStream:75 - [STDERR_REDIRECT] 
2025-12-16 22:15:13,308 [ERROR] LogOutputStream:75 - [STDERR_REDIRECT] [Fatal Error] :1:1: Premature end of file.
2025-12-16 22:15:13,308 [ERROR] LogOutputStream:75 - [STDERR_REDIRECT] 
2025-12-16 22:15:13,369 [ERROR] LogOutputStream:75 - [STDERR_REDIRECT] [Fatal Error] :1:1: Premature end of file.
2025-12-16 22:15:13,369 [ERROR] LogOutputStream:75 - [STDERR_REDIRECT] 
2025-12-16 22:15:13,427 [ERROR] LogOutputStream:75 - [STDERR_REDIRECT] [Fatal Error] :1:1: Premature end of file.
2025-12-16 22:15:13,427 [ERROR] LogOutputStream:75 - [STDERR_REDIRECT] 
2025-12-16 22:15:13,483 [ERROR] LogOutputStream:75 - [STDERR_REDIRECT] [Fatal Error] :1:1: Premature end of file.
2025-12-16 22:15:13,483 [ERROR] LogOutputStream:75 - [STDERR_REDIRECT] 
2025-12-16 22:15:13,540 [ERROR] LogOutputStream:75 - [STDERR_REDIRECT] [Fatal Error] :1:1: Premature end of file.
2025-12-16 22:15:13,541 [ERROR] LogOutputStream:75 - [STDERR_REDIRECT] 
2025-12-16 22:15:13,597 [ERROR] LogOutputStream:75 - [STDERR_REDIRECT] [Fatal Error] :1:1: Premature end of file.
2025-12-16 22:15:13,597 [ERROR] LogOutputStream:75 - [STDERR_REDIRECT] 
2025-12-16 22:15:13,652 [ERROR] LogOutputStream:75 - [STDERR_REDIRECT] [Fatal Error] :1:1: Premature end of file.
2025-12-16 22:15:13,652 [ERROR] LogOutputStream:75 - [STDERR_REDIRECT] 
2025-12-16 22:15:13,716 [ERROR] LogOutputStream:75 - [STDERR_REDIRECT] [Fatal Error] :1:1: Premature end of file.
2025-12-16 22:15:13,717 [ERROR] LogOutputStream:75 - [STDERR_REDIRECT] 
2025-12-16 22:15:13,769 [ERROR] LogOutputStream:75 - [STDERR_REDIRECT] [Fatal Error] :1:1: Premature end of file.
2025-12-16 22:15:13,769 [ERROR] LogOutputStream:75 - [STDERR_REDIRECT] 
2025-12-16 22:15:13,826 [ERROR] LogOutputStream:75 - [STDERR_REDIRECT] [Fatal Error] :1:1: Premature end of file.
2025-12-16 22:15:13,826 [ERROR] LogOutputStream:75 - [STDERR_REDIRECT] 
2025-12-16 22:15:13,880 [ERROR] LogOutputStream:75 - [STDERR_REDIRECT] [Fatal Error] :1:1: Premature end of file.
2025-12-16 22:15:13,880 [ERROR] LogOutputStream:75 - [STDERR_REDIRECT] 
2025-12-16 22:15:13,934 [ERROR] LogOutputStream:75 - [STDERR_REDIRECT] [Fatal Error] :1:1: Premature end of file.
2025-12-16 22:15:13,934 [ERROR] LogOutputStream:75 - [STDERR_REDIRECT] 
2025-12-16 22:15:13,985 [ERROR] LogOutputStream:75 - [STDERR_REDIRECT] [Fatal Error] :1:1: Premature end of file.
2025-12-16 22:15:13,985 [ERROR] LogOutputStream:75 - [STDERR_REDIRECT] 
2025-12-16 22:15:14,049 [ERROR] LogOutputStream:75 - [STDERR_REDIRECT] [Fatal Error] :1:1: Premature end of file.
2025-12-16 22:15:14,050 [ERROR] LogOutputStream:75 - [STDERR_REDIRECT] 
2025-12-16 22:15:14,111 [ERROR] LogOutputStream:75 - [STDERR_REDIRECT] [Fatal Error] :1:1: Premature end of file.
2025-12-16 22:15:14,112 [ERROR] LogOutputStream:75 - [STDERR_REDIRECT] 
2025-12-16 22:15:14,166 [ERROR] LogOutputStream:75 - [STDERR_REDIRECT] [Fatal Error] :1:1: Premature end of file.
2025-12-16 22:15:14,166 [ERROR] LogOutputStream:75 - [STDERR_REDIRECT] 
2025-12-16 22:15:14,218 [ERROR] LogOutputStream:75 - [STDERR_REDIRECT] [Fatal Error] :1:1: Premature end of file.
2025-12-16 22:15:14,219 [ERROR] LogOutputStream:75 - [STDERR_REDIRECT] 
2025-12-16 22:15:14,268 [ERROR] LogOutputStream:75 - [STDERR_REDIRECT] [Fatal Error] :1:1: Premature end of file.
2025-12-16 22:15:14,268 [ERROR] LogOutputStream:75 - [STDERR_REDIRECT] 
2025-12-16 22:15:14,318 [ERROR] LogOutputStream:75 - [STDERR_REDIRECT] [Fatal Error] :1:1: Premature end of file.
2025-12-16 22:15:14,318 [ERROR] LogOutputStream:75 - [STDERR_REDIRECT] 
2025-12-16 22:15:14,367 [ERROR] LogOutputStream:75 - [STDERR_REDIRECT] [Fatal Error] :1:1: Premature end of file.
2025-12-16 22:15:14,367 [ERROR] LogOutputStream:75 - [STDERR_REDIRECT] 
2025-12-16 22:15:14,418 [ERROR] LogOutputStream:75 - [STDERR_REDIRECT] [Fatal Error] :1:1: Premature end of file.
2025-12-16 22:15:14,418 [ERROR] LogOutputStream:75 - [STDERR_REDIRECT] 
2025-12-16 22:15:14,480 [ERROR] LogOutputStream:75 - [STDERR_REDIRECT] [Fatal Error] :1:1: Premature end of file.
2025-12-16 22:15:14,481 [ERROR] LogOutputStream:75 - [STDERR_REDIRECT] 
2025-12-16 22:15:14,542 [ERROR] LogOutputStream:75 - [STDERR_REDIRECT] [Fatal Error] :1:1: Premature end of file.
2025-12-16 22:15:14,542 [ERROR] LogOutputStream:75 - [STDERR_REDIRECT] 
2025-12-16 22:15:14,591 [ERROR] LogOutputStream:75 - [STDERR_REDIRECT] [Fatal Error] :1:1: Premature end of file.
2025-12-16 22:15:14,591 [ERROR] LogOutputStream:75 - [STDERR_REDIRECT] 
2025-12-16 22:15:14,639 [ERROR] LogOutputStream:75 - [STDERR_REDIRECT] [Fatal Error] :1:1: Premature end of file.
2025-12-16 22:15:14,639 [ERROR] LogOutputStream:75 - [STDERR_REDIRECT] 
2025-12-16 22:15:14,688 [ERROR] LogOutputStream:75 - [STDERR_REDIRECT] [Fatal Error] :1:1: Premature end of file.
2025-12-16 22:15:14,688 [ERROR] LogOutputStream:75 - [STDERR_REDIRECT] 
2025-12-16 22:15:14,737 [ERROR] LogOutputStream:75 - [STDERR_REDIRECT] [Fatal Error] :1:1: Premature end of file.
2025-12-16 22:15:14,738 [ERROR] LogOutputStream:75 - [STDERR_REDIRECT] 
2025-12-16 22:15:14,788 [ERROR] LogOutputStream:75 - [STDERR_REDIRECT] [Fatal Error] :1:1: Premature end of file.
2025-12-16 22:15:14,788 [ERROR] LogOutputStream:75 - [STDERR_REDIRECT] 
2025-12-16 22:15:14,836 [ERROR] LogOutputStream:75 - [STDERR_REDIRECT] [Fatal Error] :1:1: Premature end of file.
2025-12-16 22:15:14,836 [ERROR] LogOutputStream:75 - [STDERR_REDIRECT] 
2025-12-16 22:15:14,886 [ERROR] LogOutputStream:75 - [STDERR_REDIRECT] [Fatal Error] :1:1: Premature end of file.
2025-12-16 22:15:14,886 [ERROR] LogOutputStream:75 - [STDERR_REDIRECT] 
2025-12-16 22:15:14,934 [ERROR] LogOutputStream:75 - [STDERR_REDIRECT] [Fatal Error] :1:1: Premature end of file.
2025-12-16 22:15:14,934 [ERROR] LogOutputStream:75 - [STDERR_REDIRECT] 
2025-12-16 22:15:14,982 [ERROR] LogOutputStream:75 - [STDERR_REDIRECT] [Fatal Error] :1:1: Premature end of file.
2025-12-16 22:15:14,982 [ERROR] LogOutputStream:75 - [STDERR_REDIRECT] 
2025-12-16 22:15:15,032 [ERROR] LogOutputStream:75 - [STDERR_REDIRECT] [Fatal Error] :1:1: Premature end of file.
2025-12-16 22:15:15,032 [ERROR] LogOutputStream:75 - [STDERR_REDIRECT] 
2025-12-16 22:15:15,080 [ERROR] LogOutputStream:75 - [STDERR_REDIRECT] [Fatal Error] :1:1: Premature end of file.
2025-12-16 22:15:15,080 [ERROR] LogOutputStream:75 - [STDERR_REDIRECT] 
2025-12-16 22:15:15,128 [ERROR] LogOutputStream:75 - [STDERR_REDIRECT] [Fatal Error] :1:1: Premature end of file.
2025-12-16 22:15:15,128 [ERROR] LogOutputStream:75 - [STDERR_REDIRECT] 
2025-12-16 22:15:15,176 [ERROR] LogOutputStream:75 - [STDERR_REDIRECT] [Fatal Error] :1:1: Premature end of file.
2025-12-16 22:15:15,176 [ERROR] LogOutputStream:75 - [STDERR_REDIRECT] 
2025-12-16 22:15:15,224 [ERROR] LogOutputStream:75 - [STDERR_REDIRECT] [Fatal Error] :1:1: Premature end of file.
2025-12-16 22:15:15,224 [ERROR] LogOutputStream:75 - [STDERR_REDIRECT] 
2025-12-16 22:15:15,271 [ERROR] LogOutputStream:75 - [STDERR_REDIRECT] [Fatal Error] :1:1: Premature end of file.
2025-12-16 22:15:15,271 [ERROR] LogOutputStream:75 - [STDERR_REDIRECT] 
2025-12-16 22:15:15,320 [ERROR] LogOutputStream:75 - [STDERR_REDIRECT] [Fatal Error] :1:1: Premature end of file.
2025-12-16 22:15:15,320 [ERROR] LogOutputStream:75 - [STDERR_REDIRECT] 
2025-12-16 22:15:15,369 [ERROR] LogOutputStream:75 - [STDERR_REDIRECT] [Fatal Error] :1:1: Premature end of file.
2025-12-16 22:15:15,369 [ERROR] LogOutputStream:75 - [STDERR_REDIRECT] 
2025-12-16 22:15:15,420 [ERROR] LogOutputStream:75 - [STDERR_REDIRECT] [Fatal Error] :1:1: Premature end of file.
2025-12-16 22:15:15,420 [ERROR] LogOutputStream:75 - [STDERR_REDIRECT] 
2025-12-16 22:15:15,469 [ERROR] LogOutputStream:75 - [STDERR_REDIRECT] [Fatal Error] :1:1: Premature end of file.
2025-12-16 22:15:15,469 [ERROR] LogOutputStream:75 - [STDERR_REDIRECT] 
2025-12-16 22:15:15,516 [ERROR] LogOutputStream:75 - [STDERR_REDIRECT] [Fatal Error] :1:1: Premature end of file.
2025-12-16 22:15:15,516 [ERROR] LogOutputStream:75 - [STDERR_REDIRECT] 
2025-12-16 22:15:15,564 [ERROR] LogOutputStream:75 - [STDERR_REDIRECT] [Fatal Error] :1:1: Premature end of file.
2025-12-16 22:15:15,564 [ERROR] LogOutputStream:75 - [STDERR_REDIRECT] 
2025-12-16 22:15:15,611 [ERROR] LogOutputStream:75 - [STDERR_REDIRECT] [Fatal Error] :1:1: Premature end of file.
2025-12-16 22:15:15,611 [ERROR] LogOutputStream:75 - [STDERR_REDIRECT] 
2025-12-16 22:15:15,658 [ERROR] LogOutputStream:75 - [STDERR_REDIRECT] [Fatal Error] :1:1: Premature end of file.
2025-12-16 22:15:15,658 [ERROR] LogOutputStream:75 - [STDERR_REDIRECT] 
2025-12-16 22:15:15,704 [ERROR] LogOutputStream:75 - [STDERR_REDIRECT] [Fatal Error] :1:1: Premature end of file.
2025-12-16 22:15:15,704 [ERROR] LogOutputStream:75 - [STDERR_REDIRECT] 
2025-12-16 22:15:15,752 [ERROR] LogOutputStream:75 - [STDERR_REDIRECT] [Fatal Error] :1:1: Premature end of file.
2025-12-16 22:15:15,753 [ERROR] LogOutputStream:75 - [STDERR_REDIRECT] 
2025-12-16 22:15:15,800 [ERROR] LogOutputStream:75 - [STDERR_REDIRECT] [Fatal Error] :1:1: Premature end of file.
2025-12-16 22:15:15,800 [ERROR] LogOutputStream:75 - [STDERR_REDIRECT] 
2025-12-16 22:15:15,846 [ERROR] LogOutputStream:75 - [STDERR_REDIRECT] [Fatal Error] :1:1: Premature end of file.
2025-12-16 22:15:15,846 [ERROR] LogOutputStream:75 - [STDERR_REDIRECT] 
2025-12-16 22:15:15,894 [ERROR] LogOutputStream:75 - [STDERR_REDIRECT] [Fatal Error] :1:1: Premature end of file.
2025-12-16 22:15:15,894 [ERROR] LogOutputStream:75 - [STDERR_REDIRECT] 
2025-12-16 22:15:15,942 [ERROR] LogOutputStream:75 - [STDERR_REDIRECT] [Fatal Error] :1:1: Premature end of file.
2025-12-16 22:15:15,943 [ERROR] LogOutputStream:75 - [STDERR_REDIRECT] 
2025-12-16 22:15:15,990 [ERROR] LogOutputStream:75 - [STDERR_REDIRECT] [Fatal Error] :1:1: Premature end of file.
2025-12-16 22:15:15,990 [ERROR] LogOutputStream:75 - [STDERR_REDIRECT] 
2025-12-16 22:15:16,038 [ERROR] LogOutputStream:75 - [STDERR_REDIRECT] [Fatal Error] :1:1: Premature end of file.
2025-12-16 22:15:16,038 [ERROR] LogOutputStream:75 - [STDERR_REDIRECT] 
2025-12-16 22:15:16,086 [ERROR] LogOutputStream:75 - [STDERR_REDIRECT] [Fatal Error] :1:1: Premature end of file.
2025-12-16 22:15:16,086 [ERROR] LogOutputStream:75 - [STDERR_REDIRECT] 
2025-12-16 22:15:16,134 [ERROR] LogOutputStream:75 - [STDERR_REDIRECT] [Fatal Error] :1:1: Premature end of file.
2025-12-16 22:15:16,134 [ERROR] LogOutputStream:75 - [STDERR_REDIRECT] 
2025-12-16 22:15:16,183 [ERROR] LogOutputStream:75 - [STDERR_REDIRECT] [Fatal Error] :1:1: Premature end of file.
2025-12-16 22:15:16,183 [ERROR] LogOutputStream:75 - [STDERR_REDIRECT] 
2025-12-16 22:15:16,228 [ERROR] LogOutputStream:75 - [STDERR_REDIRECT] [Fatal Error] :1:1: Premature end of file.
2025-12-16 22:15:16,228 [ERROR] LogOutputStream:75 - [STDERR_REDIRECT] 
2025-12-16 22:15:16,283 [ERROR] LogOutputStream:75 - [STDERR_REDIRECT] [Fatal Error] :1:1: Premature end of file.
2025-12-16 22:15:16,283 [ERROR] LogOutputStream:75 - [STDERR_REDIRECT] 
2025-12-16 22:15:16,345 [ERROR] LogOutputStream:75 - [STDERR_REDIRECT] [Fatal Error] :1:1: Premature end of file.
2025-12-16 22:15:16,345 [ERROR] LogOutputStream:75 - [STDERR_REDIRECT] 
2025-12-16 22:15:16,405 [ERROR] LogOutputStream:75 - [STDERR_REDIRECT] [Fatal Error] :1:1: Premature end of file.
2025-12-16 22:15:16,405 [ERROR] LogOutputStream:75 - [STDERR_REDIRECT] 
2025-12-16 22:15:16,467 [ERROR] LogOutputStream:75 - [STDERR_REDIRECT] [Fatal Error] :1:1: Premature end of file.
2025-12-16 22:15:16,467 [ERROR] LogOutputStream:75 - [STDERR_REDIRECT] 
2025-12-16 22:15:16,526 [ERROR] LogOutputStream:75 - [STDERR_REDIRECT] [Fatal Error] :1:1: Premature end of file.
2025-12-16 22:15:16,526 [ERROR] LogOutputStream:75 - [STDERR_REDIRECT] 
2025-12-16 22:15:16,587 [ERROR] LogOutputStream:75 - [STDERR_REDIRECT] [Fatal Error] :1:1: Premature end of file.
2025-12-16 22:15:16,588 [ERROR] LogOutputStream:75 - [STDERR_REDIRECT] 
2025-12-16 22:15:16,648 [ERROR] LogOutputStream:75 - [STDERR_REDIRECT] [Fatal Error] :1:1: Premature end of file.
2025-12-16 22:15:16,648 [ERROR] LogOutputStream:75 - [STDERR_REDIRECT] 
2025-12-16 22:15:16,710 [ERROR] LogOutputStream:75 - [STDERR_REDIRECT] [Fatal Error] :1:1: Premature end of file.
2025-12-16 22:15:16,710 [ERROR] LogOutputStream:75 - [STDERR_REDIRECT] 
2025-12-16 22:15:16,772 [ERROR] LogOutputStream:75 - [STDERR_REDIRECT] [Fatal Error] :1:1: Premature end of file.
2025-12-16 22:15:16,772 [ERROR] LogOutputStream:75 - [STDERR_REDIRECT] 
2025-12-16 22:15:16,832 [ERROR] LogOutputStream:75 - [STDERR_REDIRECT] [Fatal Error] :1:1: Premature end of file.
2025-12-16 22:15:16,832 [ERROR] LogOutputStream:75 - [STDERR_REDIRECT] 
2025-12-16 22:15:16,893 [ERROR] LogOutputStream:75 - [STDERR_REDIRECT] [Fatal Error] :1:1: Premature end of file.
2025-12-16 22:15:16,893 [ERROR] LogOutputStream:75 - [STDERR_REDIRECT] 
2025-12-16 22:15:16,954 [ERROR] LogOutputStream:75 - [STDERR_REDIRECT] [Fatal Error] :1:1: Premature end of file.
2025-12-16 22:15:16,954 [ERROR] LogOutputStream:75 - [STDERR_REDIRECT] 
2025-12-16 22:15:17,015 [ERROR] LogOutputStream:75 - [STDERR_REDIRECT] [Fatal Error] :1:1: Premature end of file.
2025-12-16 22:15:17,015 [ERROR] LogOutputStream:75 - [STDERR_REDIRECT] 
2025-12-16 22:15:17,075 [ERROR] LogOutputStream:75 - [STDERR_REDIRECT] [Fatal Error] :1:1: Premature end of file.
2025-12-16 22:15:17,075 [ERROR] LogOutputStream:75 - [STDERR_REDIRECT] 
2025-12-16 22:15:17,139 [ERROR] LogOutputStream:75 - [STDERR_REDIRECT] [Fatal Error] :1:1: Premature end of file.
2025-12-16 22:15:17,139 [ERROR] LogOutputStream:75 - [STDERR_REDIRECT] 
2025-12-16 22:15:17,202 [ERROR] LogOutputStream:75 - [STDERR_REDIRECT] [Fatal Error] :1:1: Premature end of file.
2025-12-16 22:15:17,202 [ERROR] LogOutputStream:75 - [STDERR_REDIRECT] 
2025-12-16 22:15:17,264 [ERROR] LogOutputStream:75 - [STDERR_REDIRECT] [Fatal Error] :1:1: Premature end of file.
2025-12-16 22:15:17,264 [ERROR] LogOutputStream:75 - [STDERR_REDIRECT] 
2025-12-16 22:15:17,326 [ERROR] LogOutputStream:75 - [STDERR_REDIRECT] [Fatal Error] :1:1: Premature end of file.
2025-12-16 22:15:17,327 [ERROR] LogOutputStream:75 - [STDERR_REDIRECT] 
2025-12-16 22:15:17,390 [ERROR] LogOutputStream:75 - [STDERR_REDIRECT] [Fatal Error] :1:1: Premature end of file.
2025-12-16 22:15:17,390 [ERROR] LogOutputStream:75 - [STDERR_REDIRECT] 
2025-12-16 22:15:17,451 [ERROR] LogOutputStream:75 - [STDERR_REDIRECT] [Fatal Error] :1:1: Premature end of file.
2025-12-16 22:15:17,451 [ERROR] LogOutputStream:75 - [STDERR_REDIRECT] 
2025-12-16 22:15:17,513 [ERROR] LogOutputStream:75 - [STDERR_REDIRECT] [Fatal Error] :1:1: Premature end of file.
2025-12-16 22:15:17,513 [ERROR] LogOutputStream:75 - [STDERR_REDIRECT] 
2025-12-16 22:15:17,574 [ERROR] LogOutputStream:75 - [STDERR_REDIRECT] [Fatal Error] :1:1: Premature end of file.
2025-12-16 22:15:17,575 [ERROR] LogOutputStream:75 - [STDERR_REDIRECT] 
2025-12-16 22:15:17,635 [ERROR] LogOutputStream:75 - [STDERR_REDIRECT] [Fatal Error] :1:1: Premature end of file.
2025-12-16 22:15:17,636 [ERROR] LogOutputStream:75 - [STDERR_REDIRECT] 
2025-12-16 22:15:17,695 [ERROR] LogOutputStream:75 - [STDERR_REDIRECT] [Fatal Error] :1:1: Premature end of file.
2025-12-16 22:15:17,695 [ERROR] LogOutputStream:75 - [STDERR_REDIRECT] 
2025-12-16 22:15:17,758 [ERROR] LogOutputStream:75 - [STDERR_REDIRECT] [Fatal Error] :1:1: Premature end of file.
2025-12-16 22:15:17,758 [ERROR] LogOutputStream:75 - [STDERR_REDIRECT] 
2025-12-16 22:15:17,821 [ERROR] LogOutputStream:75 - [STDERR_REDIRECT] [Fatal Error] :1:1: Premature end of file.
2025-12-16 22:15:17,821 [ERROR] LogOutputStream:75 - [STDERR_REDIRECT] 
2025-12-16 22:15:17,882 [ERROR] LogOutputStream:75 - [STDERR_REDIRECT] [Fatal Error] :1:1: Premature end of file.
2025-12-16 22:15:17,882 [ERROR] LogOutputStream:75 - [STDERR_REDIRECT] 
2025-12-16 22:15:17,943 [ERROR] LogOutputStream:75 - [STDERR_REDIRECT] [Fatal Error] :1:1: Premature end of file.
2025-12-16 22:15:17,943 [ERROR] LogOutputStream:75 - [STDERR_REDIRECT] 
2025-12-16 22:15:18,005 [ERROR] LogOutputStream:75 - [STDERR_REDIRECT] [Fatal Error] :1:1: Premature end of file.
2025-12-16 22:15:18,005 [ERROR] LogOutputStream:75 - [STDERR_REDIRECT] 
2025-12-16 22:15:18,067 [ERROR] LogOutputStream:75 - [STDERR_REDIRECT] [Fatal Error] :1:1: Premature end of file.
2025-12-16 22:15:18,067 [ERROR] LogOutputStream:75 - [STDERR_REDIRECT] 
2025-12-16 22:15:18,127 [ERROR] LogOutputStream:75 - [STDERR_REDIRECT] [Fatal Error] :1:1: Premature end of file.
2025-12-16 22:15:18,127 [ERROR] LogOutputStream:75 - [STDERR_REDIRECT] 
2025-12-16 22:15:18,188 [ERROR] LogOutputStream:75 - [STDERR_REDIRECT] [Fatal Error] :1:1: Premature end of file.
2025-12-16 22:15:18,188 [ERROR] LogOutputStream:75 - [STDERR_REDIRECT] 
2025-12-16 22:15:18,246 [ERROR] LogOutputStream:75 - [STDERR_REDIRECT] [Fatal Error] :1:1: Premature end of file.
2025-12-16 22:15:18,246 [ERROR] LogOutputStream:75 - [STDERR_REDIRECT] 
2025-12-16 22:15:18,308 [ERROR] LogOutputStream:75 - [STDERR_REDIRECT] [Fatal Error] :1:1: Premature end of file.
2025-12-16 22:15:18,308 [ERROR] LogOutputStream:75 - [STDERR_REDIRECT] 
2025-12-16 22:15:18,371 [ERROR] LogOutputStream:75 - [STDERR_REDIRECT] [Fatal Error] :1:1: Premature end of file.
2025-12-16 22:15:18,371 [ERROR] LogOutputStream:75 - [STDERR_REDIRECT] 
2025-12-16 22:15:18,432 [ERROR] LogOutputStream:75 - [STDERR_REDIRECT] [Fatal Error] :1:1: Premature end of file.
2025-12-16 22:15:18,432 [ERROR] LogOutputStream:75 - [STDERR_REDIRECT] 
2025-12-16 22:15:18,492 [ERROR] LogOutputStream:75 - [STDERR_REDIRECT] [Fatal Error] :1:1: Premature end of file.
2025-12-16 22:15:18,492 [ERROR] LogOutputStream:75 - [STDERR_REDIRECT] 
2025-12-16 22:15:18,553 [ERROR] LogOutputStream:75 - [STDERR_REDIRECT] [Fatal Error] :1:1: Premature end of file.
2025-12-16 22:15:18,553 [ERROR] LogOutputStream:75 - [STDERR_REDIRECT] 
2025-12-16 22:15:18,614 [ERROR] LogOutputStream:75 - [STDERR_REDIRECT] [Fatal Error] :1:1: Premature end of file.
2025-12-16 22:15:18,614 [ERROR] LogOutputStream:75 - [STDERR_REDIRECT] 
2025-12-16 22:15:18,684 [ERROR] LogOutputStream:75 - [STDERR_REDIRECT] [Fatal Error] :1:1: Premature end of file.
2025-12-16 22:15:18,685 [ERROR] LogOutputStream:75 - [STDERR_REDIRECT] 
2025-12-16 22:15:18,745 [ERROR] LogOutputStream:75 - [STDERR_REDIRECT] [Fatal Error] :1:1: Premature end of file.
2025-12-16 22:15:18,745 [ERROR] LogOutputStream:75 - [STDERR_REDIRECT] 
2025-12-16 22:15:18,804 [ERROR] LogOutputStream:75 - [STDERR_REDIRECT] [Fatal Error] :1:1: Premature end of file.
2025-12-16 22:15:18,804 [ERROR] LogOutputStream:75 - [STDERR_REDIRECT] 
2025-12-16 22:15:18,861 [ERROR] LogOutputStream:75 - [STDERR_REDIRECT] [Fatal Error] :1:1: Premature end of file.
2025-12-16 22:15:18,861 [ERROR] LogOutputStream:75 - [STDERR_REDIRECT] 
2025-12-16 22:15:18,922 [ERROR] LogOutputStream:75 - [STDERR_REDIRECT] [Fatal Error] :1:1: Premature end of file.
2025-12-16 22:15:18,922 [ERROR] LogOutputStream:75 - [STDERR_REDIRECT] 
2025-12-16 22:15:18,983 [ERROR] LogOutputStream:75 - [STDERR_REDIRECT] [Fatal Error] :1:1: Premature end of file.
2025-12-16 22:15:18,983 [ERROR] LogOutputStream:75 - [STDERR_REDIRECT] 
2025-12-16 22:15:19,052 [ERROR] LogOutputStream:75 - [STDERR_REDIRECT] [Fatal Error] :1:1: Premature end of file.
2025-12-16 22:15:19,053 [ERROR] LogOutputStream:75 - [STDERR_REDIRECT] 
2025-12-16 22:15:19,119 [ERROR] LogOutputStream:75 - [STDERR_REDIRECT] [Fatal Error] :1:1: Premature end of file.
2025-12-16 22:15:19,119 [ERROR] LogOutputStream:75 - [STDERR_REDIRECT] 
2025-12-16 22:15:19,190 [ERROR] LogOutputStream:75 - [STDERR_REDIRECT] [Fatal Error] :1:1: Premature end of file.
2025-12-16 22:15:19,191 [ERROR] LogOutputStream:75 - [STDERR_REDIRECT] 
2025-12-16 22:15:19,260 [ERROR] LogOutputStream:75 - [STDERR_REDIRECT] [Fatal Error] :1:1: Premature end of file.
2025-12-16 22:15:19,261 [ERROR] LogOutputStream:75 - [STDERR_REDIRECT] 
2025-12-16 22:15:19,325 [ERROR] LogOutputStream:75 - [STDERR_REDIRECT] [Fatal Error] :1:1: Premature end of file.
2025-12-16 22:15:19,325 [ERROR] LogOutputStream:75 - [STDERR_REDIRECT] 
2025-12-16 22:15:19,391 [ERROR] LogOutputStream:75 - [STDERR_REDIRECT] [Fatal Error] :1:1: Premature end of file.
2025-12-16 22:15:19,391 [ERROR] LogOutputStream:75 - [STDERR_REDIRECT] 
2025-12-16 22:15:19,457 [ERROR] LogOutputStream:75 - [STDERR_REDIRECT] [Fatal Error] :1:1: Premature end of file.
2025-12-16 22:15:19,457 [ERROR] LogOutputStream:75 - [STDERR_REDIRECT] 
2025-12-16 22:15:19,515 [ERROR] LogOutputStream:75 - [STDERR_REDIRECT] [Fatal Error] :1:1: Premature end of file.
2025-12-16 22:15:19,515 [ERROR] LogOutputStream:75 - [STDERR_REDIRECT] 
2025-12-16 22:15:19,575 [ERROR] LogOutputStream:75 - [STDERR_REDIRECT] [Fatal Error] :1:1: Premature end of file.
2025-12-16 22:15:19,575 [ERROR] LogOutputStream:75 - [STDERR_REDIRECT] 
2025-12-16 22:15:19,638 [ERROR] LogOutputStream:75 - [STDERR_REDIRECT] [Fatal Error] :1:1: Premature end of file.
2025-12-16 22:15:19,638 [ERROR] LogOutputStream:75 - [STDERR_REDIRECT] 
2025-12-16 22:15:19,701 [ERROR] LogOutputStream:75 - [STDERR_REDIRECT] [Fatal Error] :1:1: Premature end of file.
2025-12-16 22:15:19,701 [ERROR] LogOutputStream:75 - [STDERR_REDIRECT] 
2025-12-16 22:15:19,761 [ERROR] LogOutputStream:75 - [STDERR_REDIRECT] [Fatal Error] :1:1: Premature end of file.
2025-12-16 22:15:19,761 [ERROR] LogOutputStream:75 - [STDERR_REDIRECT] 
2025-12-16 22:15:19,821 [ERROR] LogOutputStream:75 - [STDERR_REDIRECT] [Fatal Error] :1:1: Premature end of file.
2025-12-16 22:15:19,821 [ERROR] LogOutputStream:75 - [STDERR_REDIRECT] 
2025-12-16 22:15:19,881 [ERROR] LogOutputStream:75 - [STDERR_REDIRECT] [Fatal Error] :1:1: Premature end of file.
2025-12-16 22:15:19,881 [ERROR] LogOutputStream:75 - [STDERR_REDIRECT] 
2025-12-16 22:15:19,942 [ERROR] LogOutputStream:75 - [STDERR_REDIRECT] [Fatal Error] :1:1: Premature end of file.
2025-12-16 22:15:19,942 [ERROR] LogOutputStream:75 - [STDERR_REDIRECT] 
2025-12-16 22:15:20,003 [ERROR] LogOutputStream:75 - [STDERR_REDIRECT] [Fatal Error] :1:1: Premature end of file.
2025-12-16 22:15:20,003 [ERROR] LogOutputStream:75 - [STDERR_REDIRECT] 
2025-12-16 22:15:20,063 [ERROR] LogOutputStream:75 - [STDERR_REDIRECT] [Fatal Error] :1:1: Premature end of file.
2025-12-16 22:15:20,063 [ERROR] LogOutputStream:75 - [STDERR_REDIRECT] 
2025-12-16 22:15:20,122 [ERROR] LogOutputStream:75 - [STDERR_REDIRECT] [Fatal Error] :1:1: Premature end of file.
2025-12-16 22:15:20,122 [ERROR] LogOutputStream:75 - [STDERR_REDIRECT] 
2025-12-16 22:15:20,185 [ERROR] LogOutputStream:75 - [STDERR_REDIRECT] [Fatal Error] :1:1: Premature end of file.
2025-12-16 22:15:20,185 [ERROR] LogOutputStream:75 - [STDERR_REDIRECT] 
2025-12-16 22:15:20,245 [ERROR] LogOutputStream:75 - [STDERR_REDIRECT] [Fatal Error] :1:1: Premature end of file.
2025-12-16 22:15:20,246 [ERROR] LogOutputStream:75 - [STDERR_REDIRECT] 
2025-12-16 22:15:20,309 [ERROR] LogOutputStream:75 - [STDERR_REDIRECT] [Fatal Error] :1:1: Premature end of file.
2025-12-16 22:15:20,309 [ERROR] LogOutputStream:75 - [STDERR_REDIRECT] 
2025-12-16 22:15:20,370 [ERROR] LogOutputStream:75 - [STDERR_REDIRECT] [Fatal Error] :1:1: Premature end of file.
2025-12-16 22:15:20,370 [ERROR] LogOutputStream:75 - [STDERR_REDIRECT] 
2025-12-16 22:15:20,431 [ERROR] LogOutputStream:75 - [STDERR_REDIRECT] [Fatal Error] :1:1: Premature end of file.
2025-12-16 22:15:20,431 [ERROR] LogOutputStream:75 - [STDERR_REDIRECT] 
2025-12-16 22:15:20,499 [ERROR] LogOutputStream:75 - [STDERR_REDIRECT] [Fatal Error] :1:1: Premature end of file.
2025-12-16 22:15:20,499 [ERROR] LogOutputStream:75 - [STDERR_REDIRECT] 
2025-12-16 22:15:20,560 [ERROR] LogOutputStream:75 - [STDERR_REDIRECT] [Fatal Error] :1:1: Premature end of file.
2025-12-16 22:15:20,560 [ERROR] LogOutputStream:75 - [STDERR_REDIRECT] 
2025-12-16 22:15:20,619 [ERROR] LogOutputStream:75 - [STDERR_REDIRECT] [Fatal Error] :1:1: Premature end of file.
2025-12-16 22:15:20,619 [ERROR] LogOutputStream:75 - [STDERR_REDIRECT] 
2025-12-16 22:15:20,679 [ERROR] LogOutputStream:75 - [STDERR_REDIRECT] [Fatal Error] :1:1: Premature end of file.
2025-12-16 22:15:20,680 [ERROR] LogOutputStream:75 - [STDERR_REDIRECT] 
2025-12-16 22:15:20,739 [ERROR] LogOutputStream:75 - [STDERR_REDIRECT] [Fatal Error] :1:1: Premature end of file.
2025-12-16 22:15:20,739 [ERROR] LogOutputStream:75 - [STDERR_REDIRECT] 
2025-12-16 22:15:20,800 [ERROR] LogOutputStream:75 - [STDERR_REDIRECT] [Fatal Error] :1:1: Premature end of file.
2025-12-16 22:15:20,800 [ERROR] LogOutputStream:75 - [STDERR_REDIRECT] 
2025-12-16 22:15:20,864 [ERROR] LogOutputStream:75 - [STDERR_REDIRECT] [Fatal Error] :1:1: Premature end of file.
2025-12-16 22:15:20,864 [ERROR] LogOutputStream:75 - [STDERR_REDIRECT] 
2025-12-16 22:15:20,925 [ERROR] LogOutputStream:75 - [STDERR_REDIRECT] [Fatal Error] :1:1: Premature end of file.
2025-12-16 22:15:20,925 [ERROR] LogOutputStream:75 - [STDERR_REDIRECT] 
2025-12-16 22:15:20,997 [ERROR] LogOutputStream:75 - [STDERR_REDIRECT] [Fatal Error] :1:1: Premature end of file.
2025-12-16 22:15:20,997 [ERROR] LogOutputStream:75 - [STDERR_REDIRECT] 
2025-12-16 22:15:21,081 [ERROR] LogOutputStream:75 - [STDERR_REDIRECT] [Fatal Error] :1:1: Premature end of file.
2025-12-16 22:15:21,081 [ERROR] LogOutputStream:75 - [STDERR_REDIRECT] 
2025-12-16 22:15:21,155 [ERROR] LogOutputStream:75 - [STDERR_REDIRECT] [Fatal Error] :1:1: Premature end of file.
2025-12-16 22:15:21,155 [ERROR] LogOutputStream:75 - [STDERR_REDIRECT] 
2025-12-16 22:15:21,224 [ERROR] LogOutputStream:75 - [STDERR_REDIRECT] [Fatal Error] :1:1: Premature end of file.
2025-12-16 22:15:21,224 [ERROR] LogOutputStream:75 - [STDERR_REDIRECT] 
2025-12-16 22:15:21,292 [ERROR] LogOutputStream:75 - [STDERR_REDIRECT] [Fatal Error] :1:1: Premature end of file.
2025-12-16 22:15:21,292 [ERROR] LogOutputStream:75 - [STDERR_REDIRECT] 
2025-12-16 22:15:21,356 [ERROR] LogOutputStream:75 - [STDERR_REDIRECT] [Fatal Error] :1:1: Premature end of file.
2025-12-16 22:15:21,356 [ERROR] LogOutputStream:75 - [STDERR_REDIRECT] 
2025-12-16 22:15:21,418 [ERROR] LogOutputStream:75 - [STDERR_REDIRECT] [Fatal Error] :1:1: Premature end of file.
2025-12-16 22:15:21,418 [ERROR] LogOutputStream:75 - [STDERR_REDIRECT] 
2025-12-16 22:15:21,481 [ERROR] LogOutputStream:75 - [STDERR_REDIRECT] [Fatal Error] :1:1: Premature end of file.
2025-12-16 22:15:21,481 [ERROR] LogOutputStream:75 - [STDERR_REDIRECT] 
2025-12-16 22:15:21,545 [ERROR] LogOutputStream:75 - [STDERR_REDIRECT] [Fatal Error] :1:1: Premature end of file.
2025-12-16 22:15:21,545 [ERROR] LogOutputStream:75 - [STDERR_REDIRECT] 
2025-12-16 22:15:21,610 [ERROR] LogOutputStream:75 - [STDERR_REDIRECT] [Fatal Error] :1:1: Premature end of file.
2025-12-16 22:15:21,611 [ERROR] LogOutputStream:75 - [STDERR_REDIRECT] 
2025-12-16 22:15:21,681 [ERROR] LogOutputStream:75 - [STDERR_REDIRECT] [Fatal Error] :1:1: Premature end of file.
2025-12-16 22:15:21,681 [ERROR] LogOutputStream:75 - [STDERR_REDIRECT] 
2025-12-16 22:15:21,743 [ERROR] LogOutputStream:75 - [STDERR_REDIRECT] [Fatal Error] :1:1: Premature end of file.
2025-12-16 22:15:21,743 [ERROR] LogOutputStream:75 - [STDERR_REDIRECT] 
2025-12-16 22:15:21,806 [ERROR] LogOutputStream:75 - [STDERR_REDIRECT] [Fatal Error] :1:1: Premature end of file.
2025-12-16 22:15:21,806 [ERROR] LogOutputStream:75 - [STDERR_REDIRECT] 
2025-12-16 22:15:21,870 [ERROR] LogOutputStream:75 - [STDERR_REDIRECT] [Fatal Error] :1:1: Premature end of file.
2025-12-16 22:15:21,870 [ERROR] LogOutputStream:75 - [STDERR_REDIRECT] 
2025-12-16 22:15:21,942 [ERROR] LogOutputStream:75 - [STDERR_REDIRECT] [Fatal Error] :1:1: Premature end of file.
2025-12-16 22:15:21,942 [ERROR] LogOutputStream:75 - [STDERR_REDIRECT] 
2025-12-16 22:15:22,006 [ERROR] LogOutputStream:75 - [STDERR_REDIRECT] [Fatal Error] :1:1: Premature end of file.
2025-12-16 22:15:22,006 [ERROR] LogOutputStream:75 - [STDERR_REDIRECT] 
2025-12-16 22:15:22,073 [ERROR] LogOutputStream:75 - [STDERR_REDIRECT] [Fatal Error] :1:1: Premature end of file.
2025-12-16 22:15:22,073 [ERROR] LogOutputStream:75 - [STDERR_REDIRECT] 
2025-12-16 22:15:22,138 [ERROR] LogOutputStream:75 - [STDERR_REDIRECT] [Fatal Error] :1:1: Premature end of file.
2025-12-16 22:15:22,138 [ERROR] LogOutputStream:75 - [STDERR_REDIRECT] 
2025-12-16 22:15:22,200 [ERROR] LogOutputStream:75 - [STDERR_REDIRECT] [Fatal Error] :1:1: Premature end of file.
2025-12-16 22:15:22,200 [ERROR] LogOutputStream:75 - [STDERR_REDIRECT] 
2025-12-16 22:15:22,262 [ERROR] LogOutputStream:75 - [STDERR_REDIRECT] [Fatal Error] :1:1: Premature end of file.
2025-12-16 22:15:22,264 [ERROR] LogOutputStream:75 - [STDERR_REDIRECT] 
2025-12-16 22:15:22,326 [ERROR] LogOutputStream:75 - [STDERR_REDIRECT] [Fatal Error] :1:1: Premature end of file.
2025-12-16 22:15:22,326 [ERROR] LogOutputStream:75 - [STDERR_REDIRECT] 
2025-12-16 22:15:22,396 [ERROR] LogOutputStream:75 - [STDERR_REDIRECT] [Fatal Error] :1:1: Premature end of file.
2025-12-16 22:15:22,396 [ERROR] LogOutputStream:75 - [STDERR_REDIRECT] 
2025-12-16 22:15:22,470 [ERROR] LogOutputStream:75 - [STDERR_REDIRECT] [Fatal Error] :1:1: Premature end of file.
2025-12-16 22:15:22,470 [ERROR] LogOutputStream:75 - [STDERR_REDIRECT] 
2025-12-16 22:15:22,534 [ERROR] LogOutputStream:75 - [STDERR_REDIRECT] [Fatal Error] :1:1: Premature end of file.
2025-12-16 22:15:22,534 [ERROR] LogOutputStream:75 - [STDERR_REDIRECT] 
2025-12-16 22:15:22,597 [ERROR] LogOutputStream:75 - [STDERR_REDIRECT] [Fatal Error] :1:1: Premature end of file.
2025-12-16 22:15:22,597 [ERROR] LogOutputStream:75 - [STDERR_REDIRECT] 
2025-12-16 22:15:22,658 [ERROR] LogOutputStream:75 - [STDERR_REDIRECT] [Fatal Error] :1:1: Premature end of file.
2025-12-16 22:15:22,658 [ERROR] LogOutputStream:75 - [STDERR_REDIRECT] 
2025-12-16 22:15:22,722 [ERROR] LogOutputStream:75 - [STDERR_REDIRECT] [Fatal Error] :1:1: Premature end of file.
2025-12-16 22:15:22,722 [ERROR] LogOutputStream:75 - [STDERR_REDIRECT] 
2025-12-16 22:15:22,785 [ERROR] LogOutputStream:75 - [STDERR_REDIRECT] [Fatal Error] :1:1: Premature end of file.
2025-12-16 22:15:22,785 [ERROR] LogOutputStream:75 - [STDERR_REDIRECT] 
2025-12-16 22:15:22,845 [ERROR] LogOutputStream:75 - [STDERR_REDIRECT] [Fatal Error] :1:1: Premature end of file.
2025-12-16 22:15:22,845 [ERROR] LogOutputStream:75 - [STDERR_REDIRECT] 
2025-12-16 22:15:22,907 [ERROR] LogOutputStream:75 - [STDERR_REDIRECT] [Fatal Error] :1:1: Premature end of file.
2025-12-16 22:15:22,907 [ERROR] LogOutputStream:75 - [STDERR_REDIRECT] 
2025-12-16 22:15:22,968 [ERROR] LogOutputStream:75 - [STDERR_REDIRECT] [Fatal Error] :1:1: Premature end of file.
2025-12-16 22:15:22,968 [ERROR] LogOutputStream:75 - [STDERR_REDIRECT] 
2025-12-16 22:15:23,028 [ERROR] LogOutputStream:75 - [STDERR_REDIRECT] [Fatal Error] :1:1: Premature end of file.
2025-12-16 22:15:23,028 [ERROR] LogOutputStream:75 - [STDERR_REDIRECT] 
2025-12-16 22:15:23,089 [ERROR] LogOutputStream:75 - [STDERR_REDIRECT] [Fatal Error] :1:1: Premature end of file.
2025-12-16 22:15:23,089 [ERROR] LogOutputStream:75 - [STDERR_REDIRECT] 
2025-12-16 22:15:23,151 [ERROR] LogOutputStream:75 - [STDERR_REDIRECT] [Fatal Error] :1:1: Premature end of file.
2025-12-16 22:15:23,151 [ERROR] LogOutputStream:75 - [STDERR_REDIRECT] 
2025-12-16 22:15:23,212 [ERROR] LogOutputStream:75 - [STDERR_REDIRECT] [Fatal Error] :1:1: Premature end of file.
2025-12-16 22:15:23,212 [ERROR] LogOutputStream:75 - [STDERR_REDIRECT] 
2025-12-16 22:15:23,272 [ERROR] LogOutputStream:75 - [STDERR_REDIRECT] [Fatal Error] :1:1: Premature end of file.
2025-12-16 22:15:23,273 [ERROR] LogOutputStream:75 - [STDERR_REDIRECT] 
2025-12-16 22:15:23,336 [ERROR] LogOutputStream:75 - [STDERR_REDIRECT] [Fatal Error] :1:1: Premature end of file.
2025-12-16 22:15:23,336 [ERROR] LogOutputStream:75 - [STDERR_REDIRECT] 
2025-12-16 22:15:23,401 [ERROR] LogOutputStream:75 - [STDERR_REDIRECT] [Fatal Error] :1:1: Premature end of file.
2025-12-16 22:15:23,401 [ERROR] LogOutputStream:75 - [STDERR_REDIRECT] 
2025-12-16 22:15:23,462 [ERROR] LogOutputStream:75 - [STDERR_REDIRECT] [Fatal Error] :1:1: Premature end of file.
2025-12-16 22:15:23,462 [ERROR] LogOutputStream:75 - [STDERR_REDIRECT] 
2025-12-16 22:15:23,525 [ERROR] LogOutputStream:75 - [STDERR_REDIRECT] [Fatal Error] :1:1: Premature end of file.
2025-12-16 22:15:23,525 [ERROR] LogOutputStream:75 - [STDERR_REDIRECT] 
2025-12-16 22:15:23,584 [ERROR] LogOutputStream:75 - [STDERR_REDIRECT] [Fatal Error] :1:1: Premature end of file.
2025-12-16 22:15:23,585 [ERROR] LogOutputStream:75 - [STDERR_REDIRECT] 
2025-12-16 22:15:23,644 [ERROR] LogOutputStream:75 - [STDERR_REDIRECT] [Fatal Error] :1:1: Premature end of file.
2025-12-16 22:15:23,644 [ERROR] LogOutputStream:75 - [STDERR_REDIRECT] 
2025-12-16 22:15:23,704 [ERROR] LogOutputStream:75 - [STDERR_REDIRECT] [Fatal Error] :1:1: Premature end of file.
2025-12-16 22:15:23,704 [ERROR] LogOutputStream:75 - [STDERR_REDIRECT] 
2025-12-16 22:15:23,765 [ERROR] LogOutputStream:75 - [STDERR_REDIRECT] [Fatal Error] :1:1: Premature end of file.
2025-12-16 22:15:23,767 [ERROR] LogOutputStream:75 - [STDERR_REDIRECT] 
2025-12-16 22:15:23,828 [ERROR] LogOutputStream:75 - [STDERR_REDIRECT] [Fatal Error] :1:1: Premature end of file.
2025-12-16 22:15:23,828 [ERROR] LogOutputStream:75 - [STDERR_REDIRECT] 
2025-12-16 22:15:23,889 [ERROR] LogOutputStream:75 - [STDERR_REDIRECT] [Fatal Error] :1:1: Premature end of file.
2025-12-16 22:15:23,889 [ERROR] LogOutputStream:75 - [STDERR_REDIRECT] 
2025-12-16 22:15:23,960 [ERROR] LogOutputStream:75 - [STDERR_REDIRECT] [Fatal Error] :1:1: Premature end of file.
2025-12-16 22:15:23,960 [ERROR] LogOutputStream:75 - [STDERR_REDIRECT] 
2025-12-16 22:15:24,026 [ERROR] LogOutputStream:75 - [STDERR_REDIRECT] [Fatal Error] :1:1: Premature end of file.
2025-12-16 22:15:24,026 [ERROR] LogOutputStream:75 - [STDERR_REDIRECT] 
2025-12-16 22:15:24,087 [ERROR] LogOutputStream:75 - [STDERR_REDIRECT] [Fatal Error] :1:1: Premature end of file.
2025-12-16 22:15:24,087 [ERROR] LogOutputStream:75 - [STDERR_REDIRECT] 
2025-12-16 22:15:24,151 [ERROR] LogOutputStream:75 - [STDERR_REDIRECT] [Fatal Error] :1:1: Premature end of file.
2025-12-16 22:15:24,151 [ERROR] LogOutputStream:75 - [STDERR_REDIRECT] 
2025-12-16 22:15:24,211 [ERROR] LogOutputStream:75 - [STDERR_REDIRECT] [Fatal Error] :1:1: Premature end of file.
2025-12-16 22:15:24,211 [ERROR] LogOutputStream:75 - [STDERR_REDIRECT] 
2025-12-16 22:15:24,271 [ERROR] LogOutputStream:75 - [STDERR_REDIRECT] [Fatal Error] :1:1: Premature end of file.
2025-12-16 22:15:24,271 [ERROR] LogOutputStream:75 - [STDERR_REDIRECT] 
2025-12-16 22:15:24,335 [ERROR] LogOutputStream:75 - [STDERR_REDIRECT] [Fatal Error] :1:1: Premature end of file.
2025-12-16 22:15:24,335 [ERROR] LogOutputStream:75 - [STDERR_REDIRECT] 
2025-12-16 22:15:24,396 [ERROR] LogOutputStream:75 - [STDERR_REDIRECT] [Fatal Error] :1:1: Premature end of file.
2025-12-16 22:15:24,396 [ERROR] LogOutputStream:75 - [STDERR_REDIRECT] 
2025-12-16 22:15:24,457 [ERROR] LogOutputStream:75 - [STDERR_REDIRECT] [Fatal Error] :1:1: Premature end of file.
2025-12-16 22:15:24,457 [ERROR] LogOutputStream:75 - [STDERR_REDIRECT] 
2025-12-16 22:15:24,519 [ERROR] LogOutputStream:75 - [STDERR_REDIRECT] [Fatal Error] :1:1: Premature end of file.
2025-12-16 22:15:24,519 [ERROR] LogOutputStream:75 - [STDERR_REDIRECT] 
2025-12-16 22:15:24,578 [ERROR] LogOutputStream:75 - [STDERR_REDIRECT] [Fatal Error] :1:1: Premature end of file.
2025-12-16 22:15:24,578 [ERROR] LogOutputStream:75 - [STDERR_REDIRECT] 
2025-12-16 22:15:24,639 [ERROR] LogOutputStream:75 - [STDERR_REDIRECT] [Fatal Error] :1:1: Premature end of file.
2025-12-16 22:15:24,639 [ERROR] LogOutputStream:75 - [STDERR_REDIRECT] 
2025-12-16 22:15:24,700 [ERROR] LogOutputStream:75 - [STDERR_REDIRECT] [Fatal Error] :1:1: Premature end of file.
2025-12-16 22:15:24,700 [ERROR] LogOutputStream:75 - [STDERR_REDIRECT] 
2025-12-16 22:15:24,763 [ERROR] LogOutputStream:75 - [STDERR_REDIRECT] [Fatal Error] :1:1: Premature end of file.
2025-12-16 22:15:24,763 [ERROR] LogOutputStream:75 - [STDERR_REDIRECT] 
2025-12-16 22:15:24,825 [ERROR] LogOutputStream:75 - [STDERR_REDIRECT] [Fatal Error] :1:1: Premature end of file.
2025-12-16 22:15:24,825 [ERROR] LogOutputStream:75 - [STDERR_REDIRECT] 
2025-12-16 22:15:24,888 [ERROR] LogOutputStream:75 - [STDERR_REDIRECT] [Fatal Error] :1:1: Premature end of file.
2025-12-16 22:15:24,888 [ERROR] LogOutputStream:75 - [STDERR_REDIRECT] 
2025-12-16 22:15:24,950 [ERROR] LogOutputStream:75 - [STDERR_REDIRECT] [Fatal Error] :1:1: Premature end of file.
2025-12-16 22:15:24,950 [ERROR] LogOutputStream:75 - [STDERR_REDIRECT] 
2025-12-16 22:15:25,011 [ERROR] LogOutputStream:75 - [STDERR_REDIRECT] [Fatal Error] :1:1: Premature end of file.
2025-12-16 22:15:25,011 [ERROR] LogOutputStream:75 - [STDERR_REDIRECT] 
2025-12-16 22:15:25,072 [ERROR] LogOutputStream:75 - [STDERR_REDIRECT] [Fatal Error] :1:1: Premature end of file.
2025-12-16 22:15:25,072 [ERROR] LogOutputStream:75 - [STDERR_REDIRECT] 
2025-12-16 22:15:25,132 [ERROR] LogOutputStream:75 - [STDERR_REDIRECT] [Fatal Error] :1:1: Premature end of file.
2025-12-16 22:15:25,132 [ERROR] LogOutputStream:75 - [STDERR_REDIRECT] 
2025-12-16 22:15:25,194 [ERROR] LogOutputStream:75 - [STDERR_REDIRECT] [Fatal Error] :1:1: Premature end of file.
2025-12-16 22:15:25,194 [ERROR] LogOutputStream:75 - [STDERR_REDIRECT] 
2025-12-16 22:15:25,260 [ERROR] LogOutputStream:75 - [STDERR_REDIRECT] [Fatal Error] :1:1: Premature end of file.
2025-12-16 22:15:25,260 [ERROR] LogOutputStream:75 - [STDERR_REDIRECT] 
2025-12-16 22:15:25,322 [ERROR] LogOutputStream:75 - [STDERR_REDIRECT] [Fatal Error] :1:1: Premature end of file.
2025-12-16 22:15:25,322 [ERROR] LogOutputStream:75 - [STDERR_REDIRECT] 
2025-12-16 22:15:25,383 [ERROR] LogOutputStream:75 - [STDERR_REDIRECT] [Fatal Error] :1:1: Premature end of file.
2025-12-16 22:15:25,385 [ERROR] LogOutputStream:75 - [STDERR_REDIRECT] 
2025-12-16 22:15:25,445 [ERROR] LogOutputStream:75 - [STDERR_REDIRECT] [Fatal Error] :1:1: Premature end of file.
2025-12-16 22:15:25,445 [ERROR] LogOutputStream:75 - [STDERR_REDIRECT] 
2025-12-16 22:15:25,510 [ERROR] LogOutputStream:75 - [STDERR_REDIRECT] [Fatal Error] :1:1: Premature end of file.
2025-12-16 22:15:25,511 [ERROR] LogOutputStream:75 - [STDERR_REDIRECT] 
2025-12-16 22:15:25,573 [ERROR] LogOutputStream:75 - [STDERR_REDIRECT] [Fatal Error] :1:1: Premature end of file.
2025-12-16 22:15:25,574 [ERROR] LogOutputStream:75 - [STDERR_REDIRECT] 
2025-12-16 22:15:25,641 [ERROR] LogOutputStream:75 - [STDERR_REDIRECT] [Fatal Error] :1:1: Premature end of file.
2025-12-16 22:15:25,641 [ERROR] LogOutputStream:75 - [STDERR_REDIRECT] 
2025-12-16 22:15:25,702 [ERROR] LogOutputStream:75 - [STDERR_REDIRECT] [Fatal Error] :1:1: Premature end of file.
2025-12-16 22:15:25,702 [ERROR] LogOutputStream:75 - [STDERR_REDIRECT] 
2025-12-16 22:15:25,765 [ERROR] LogOutputStream:75 - [STDERR_REDIRECT] [Fatal Error] :1:1: Premature end of file.
2025-12-16 22:15:25,765 [ERROR] LogOutputStream:75 - [STDERR_REDIRECT] 
2025-12-16 22:15:25,826 [ERROR] LogOutputStream:75 - [STDERR_REDIRECT] [Fatal Error] :1:1: Premature end of file.
2025-12-16 22:15:25,826 [ERROR] LogOutputStream:75 - [STDERR_REDIRECT] 
2025-12-16 22:15:25,900 [ERROR] LogOutputStream:75 - [STDERR_REDIRECT] [Fatal Error] :1:1: Premature end of file.
2025-12-16 22:15:25,900 [ERROR] LogOutputStream:75 - [STDERR_REDIRECT] 
2025-12-16 22:15:25,971 [ERROR] LogOutputStream:75 - [STDERR_REDIRECT] [Fatal Error] :1:1: Premature end of file.
2025-12-16 22:15:25,972 [ERROR] LogOutputStream:75 - [STDERR_REDIRECT] 
2025-12-16 22:15:26,046 [ERROR] LogOutputStream:75 - [STDERR_REDIRECT] [Fatal Error] :1:1: Premature end of file.
2025-12-16 22:15:26,046 [ERROR] LogOutputStream:75 - [STDERR_REDIRECT] 
2025-12-16 22:15:26,115 [ERROR] LogOutputStream:75 - [STDERR_REDIRECT] [Fatal Error] :1:1: Premature end of file.
2025-12-16 22:15:26,115 [ERROR] LogOutputStream:75 - [STDERR_REDIRECT] 
2025-12-16 22:15:26,186 [ERROR] LogOutputStream:75 - [STDERR_REDIRECT] [Fatal Error] :1:1: Premature end of file.
2025-12-16 22:15:26,186 [ERROR] LogOutputStream:75 - [STDERR_REDIRECT] 
2025-12-16 22:15:26,249 [ERROR] LogOutputStream:75 - [STDERR_REDIRECT] [Fatal Error] :1:1: Premature end of file.
2025-12-16 22:15:26,249 [ERROR] LogOutputStream:75 - [STDERR_REDIRECT] 
2025-12-16 22:15:26,310 [ERROR] LogOutputStream:75 - [STDERR_REDIRECT] [Fatal Error] :1:1: Premature end of file.
2025-12-16 22:15:26,311 [ERROR] LogOutputStream:75 - [STDERR_REDIRECT] 
2025-12-16 22:15:26,375 [ERROR] LogOutputStream:75 - [STDERR_REDIRECT] [Fatal Error] :1:1: Premature end of file.
2025-12-16 22:15:26,376 [ERROR] LogOutputStream:75 - [STDERR_REDIRECT] 
2025-12-16 22:15:26,445 [ERROR] LogOutputStream:75 - [STDERR_REDIRECT] [Fatal Error] :1:1: Premature end of file.
2025-12-16 22:15:26,445 [ERROR] LogOutputStream:75 - [STDERR_REDIRECT] 
2025-12-16 22:15:26,502 [ERROR] LogOutputStream:75 - [STDERR_REDIRECT] [Fatal Error] :1:1: Premature end of file.
2025-12-16 22:15:26,503 [ERROR] LogOutputStream:75 - [STDERR_REDIRECT] 
2025-12-16 22:15:26,557 [ERROR] LogOutputStream:75 - [STDERR_REDIRECT] [Fatal Error] :1:1: Premature end of file.
2025-12-16 22:15:26,557 [ERROR] LogOutputStream:75 - [STDERR_REDIRECT] 
2025-12-16 22:15:26,608 [ERROR] LogOutputStream:75 - [STDERR_REDIRECT] [Fatal Error] :1:1: Premature end of file.
2025-12-16 22:15:26,608 [ERROR] LogOutputStream:75 - [STDERR_REDIRECT] 
2025-12-16 22:15:26,658 [ERROR] LogOutputStream:75 - [STDERR_REDIRECT] [Fatal Error] :1:1: Premature end of file.
2025-12-16 22:15:26,658 [ERROR] LogOutputStream:75 - [STDERR_REDIRECT] 
2025-12-16 22:15:26,721 [ERROR] LogOutputStream:75 - [STDERR_REDIRECT] [Fatal Error] :1:1: Premature end of file.
2025-12-16 22:15:26,721 [ERROR] LogOutputStream:75 - [STDERR_REDIRECT] 
2025-12-16 22:15:26,773 [ERROR] LogOutputStream:75 - [STDERR_REDIRECT] [Fatal Error] :1:1: Premature end of file.
2025-12-16 22:15:26,773 [ERROR] LogOutputStream:75 - [STDERR_REDIRECT] 
2025-12-16 22:15:26,825 [ERROR] LogOutputStream:75 - [STDERR_REDIRECT] [Fatal Error] :1:1: Premature end of file.
2025-12-16 22:15:26,825 [ERROR] LogOutputStream:75 - [STDERR_REDIRECT] 
2025-12-16 22:15:26,884 [ERROR] LogOutputStream:75 - [STDERR_REDIRECT] [Fatal Error] :1:1: Premature end of file.
2025-12-16 22:15:26,884 [ERROR] LogOutputStream:75 - [STDERR_REDIRECT] 
2025-12-16 22:15:26,932 [ERROR] LogOutputStream:75 - [STDERR_REDIRECT] [Fatal Error] :1:1: Premature end of file.
2025-12-16 22:15:26,934 [ERROR] LogOutputStream:75 - [STDERR_REDIRECT] 
2025-12-16 22:15:26,984 [ERROR] LogOutputStream:75 - [STDERR_REDIRECT] [Fatal Error] :1:1: Premature end of file.
2025-12-16 22:15:26,984 [ERROR] LogOutputStream:75 - [STDERR_REDIRECT] 
2025-12-16 22:15:27,038 [ERROR] LogOutputStream:75 - [STDERR_REDIRECT] [Fatal Error] :1:1: Premature end of file.
2025-12-16 22:15:27,038 [ERROR] LogOutputStream:75 - [STDERR_REDIRECT] 
2025-12-16 22:15:27,092 [ERROR] LogOutputStream:75 - [STDERR_REDIRECT] [Fatal Error] :1:1: Premature end of file.
2025-12-16 22:15:27,092 [ERROR] LogOutputStream:75 - [STDERR_REDIRECT] 
2025-12-16 22:15:27,144 [ERROR] LogOutputStream:75 - [STDERR_REDIRECT] [Fatal Error] :1:1: Premature end of file.
2025-12-16 22:15:27,144 [ERROR] LogOutputStream:75 - [STDERR_REDIRECT] 
2025-12-16 22:15:27,195 [ERROR] LogOutputStream:75 - [STDERR_REDIRECT] [Fatal Error] :1:1: Premature end of file.
2025-12-16 22:15:27,195 [ERROR] LogOutputStream:75 - [STDERR_REDIRECT] 
2025-12-16 22:15:27,247 [ERROR] LogOutputStream:75 - [STDERR_REDIRECT] [Fatal Error] :1:1: Premature end of file.
2025-12-16 22:15:27,247 [ERROR] LogOutputStream:75 - [STDERR_REDIRECT] 
2025-12-16 22:15:27,305 [ERROR] LogOutputStream:75 - [STDERR_REDIRECT] [Fatal Error] :1:1: Premature end of file.
2025-12-16 22:15:27,305 [ERROR] LogOutputStream:75 - [STDERR_REDIRECT] 
2025-12-16 22:15:27,361 [ERROR] LogOutputStream:75 - [STDERR_REDIRECT] [Fatal Error] :1:1: Premature end of file.
2025-12-16 22:15:27,361 [ERROR] LogOutputStream:75 - [STDERR_REDIRECT] 
2025-12-16 22:15:27,418 [ERROR] LogOutputStream:75 - [STDERR_REDIRECT] [Fatal Error] :1:1: Premature end of file.
2025-12-16 22:15:27,418 [ERROR] LogOutputStream:75 - [STDERR_REDIRECT] 
2025-12-16 22:15:27,470 [ERROR] LogOutputStream:75 - [STDERR_REDIRECT] [Fatal Error] :1:1: Premature end of file.
2025-12-16 22:15:27,470 [ERROR] LogOutputStream:75 - [STDERR_REDIRECT] 
2025-12-16 22:15:27,525 [ERROR] LogOutputStream:75 - [STDERR_REDIRECT] [Fatal Error] :1:1: Premature end of file.
2025-12-16 22:15:27,525 [ERROR] LogOutputStream:75 - [STDERR_REDIRECT] 
2025-12-16 22:15:27,576 [ERROR] LogOutputStream:75 - [STDERR_REDIRECT] [Fatal Error] :1:1: Premature end of file.
2025-12-16 22:15:27,576 [ERROR] LogOutputStream:75 - [STDERR_REDIRECT] 
2025-12-16 22:15:27,627 [ERROR] LogOutputStream:75 - [STDERR_REDIRECT] [Fatal Error] :1:1: Premature end of file.
2025-12-16 22:15:27,627 [ERROR] LogOutputStream:75 - [STDERR_REDIRECT] 
2025-12-16 22:15:27,680 [ERROR] LogOutputStream:75 - [STDERR_REDIRECT] [Fatal Error] :1:1: Premature end of file.
2025-12-16 22:15:27,680 [ERROR] LogOutputStream:75 - [STDERR_REDIRECT] 
2025-12-16 22:15:27,743 [ERROR] LogOutputStream:75 - [STDERR_REDIRECT] [Fatal Error] :1:1: Premature end of file.
2025-12-16 22:15:27,743 [ERROR] LogOutputStream:75 - [STDERR_REDIRECT] 
2025-12-16 22:15:27,807 [ERROR] LogOutputStream:75 - [STDERR_REDIRECT] [Fatal Error] :1:1: Premature end of file.
2025-12-16 22:15:27,808 [ERROR] LogOutputStream:75 - [STDERR_REDIRECT] 
2025-12-16 22:15:27,860 [ERROR] LogOutputStream:75 - [STDERR_REDIRECT] [Fatal Error] :1:1: Premature end of file.
2025-12-16 22:15:27,860 [ERROR] LogOutputStream:75 - [STDERR_REDIRECT] 
2025-12-16 22:15:27,918 [ERROR] LogOutputStream:75 - [STDERR_REDIRECT] [Fatal Error] :1:1: Premature end of file.
2025-12-16 22:15:27,919 [ERROR] LogOutputStream:75 - [STDERR_REDIRECT] 
2025-12-16 22:15:27,967 [ERROR] LogOutputStream:75 - [STDERR_REDIRECT] [Fatal Error] :1:1: Premature end of file.
2025-12-16 22:15:27,968 [ERROR] LogOutputStream:75 - [STDERR_REDIRECT] 
2025-12-16 22:15:28,018 [ERROR] LogOutputStream:75 - [STDERR_REDIRECT] [Fatal Error] :1:1: Premature end of file.
2025-12-16 22:15:28,019 [ERROR] LogOutputStream:75 - [STDERR_REDIRECT] 
2025-12-16 22:15:28,069 [ERROR] LogOutputStream:75 - [STDERR_REDIRECT] [Fatal Error] :1:1: Premature end of file.
2025-12-16 22:15:28,070 [ERROR] LogOutputStream:75 - [STDERR_REDIRECT] 
2025-12-16 22:15:28,120 [ERROR] LogOutputStream:75 - [STDERR_REDIRECT] [Fatal Error] :1:1: Premature end of file.
2025-12-16 22:15:28,121 [ERROR] LogOutputStream:75 - [STDERR_REDIRECT] 
2025-12-16 22:15:28,173 [ERROR] LogOutputStream:75 - [STDERR_REDIRECT] [Fatal Error] :1:1: Premature end of file.
2025-12-16 22:15:28,173 [ERROR] LogOutputStream:75 - [STDERR_REDIRECT] 
2025-12-16 22:15:28,224 [ERROR] LogOutputStream:75 - [STDERR_REDIRECT] [Fatal Error] :1:1: Premature end of file.
2025-12-16 22:15:28,224 [ERROR] LogOutputStream:75 - [STDERR_REDIRECT] 
2025-12-16 22:15:28,275 [ERROR] LogOutputStream:75 - [STDERR_REDIRECT] [Fatal Error] :1:1: Premature end of file.
2025-12-16 22:15:28,275 [ERROR] LogOutputStream:75 - [STDERR_REDIRECT] 
2025-12-16 22:15:28,326 [ERROR] LogOutputStream:75 - [STDERR_REDIRECT] [Fatal Error] :1:1: Premature end of file.
2025-12-16 22:15:28,326 [ERROR] LogOutputStream:75 - [STDERR_REDIRECT] 
2025-12-16 22:15:28,376 [ERROR] LogOutputStream:75 - [STDERR_REDIRECT] [Fatal Error] :1:1: Premature end of file.
2025-12-16 22:15:28,376 [ERROR] LogOutputStream:75 - [STDERR_REDIRECT] 
2025-12-16 22:15:28,425 [ERROR] LogOutputStream:75 - [STDERR_REDIRECT] [Fatal Error] :1:1: Premature end of file.
2025-12-16 22:15:28,425 [ERROR] LogOutputStream:75 - [STDERR_REDIRECT] 
2025-12-16 22:15:28,477 [ERROR] LogOutputStream:75 - [STDERR_REDIRECT] [Fatal Error] :1:1: Premature end of file.
2025-12-16 22:15:28,477 [ERROR] LogOutputStream:75 - [STDERR_REDIRECT] 
2025-12-16 22:15:28,527 [ERROR] LogOutputStream:75 - [STDERR_REDIRECT] [Fatal Error] :1:1: Premature end of file.
2025-12-16 22:15:28,528 [ERROR] LogOutputStream:75 - [STDERR_REDIRECT] 
2025-12-16 22:15:28,577 [ERROR] LogOutputStream:75 - [STDERR_REDIRECT] [Fatal Error] :1:1: Premature end of file.
2025-12-16 22:15:28,577 [ERROR] LogOutputStream:75 - [STDERR_REDIRECT] 
2025-12-16 22:15:28,626 [ERROR] LogOutputStream:75 - [STDERR_REDIRECT] [Fatal Error] :1:1: Premature end of file.
2025-12-16 22:15:28,627 [ERROR] LogOutputStream:75 - [STDERR_REDIRECT] 
2025-12-16 22:15:28,678 [ERROR] LogOutputStream:75 - [STDERR_REDIRECT] [Fatal Error] :1:1: Premature end of file.
2025-12-16 22:15:28,678 [ERROR] LogOutputStream:75 - [STDERR_REDIRECT] 
2025-12-16 22:15:28,726 [ERROR] LogOutputStream:75 - [STDERR_REDIRECT] [Fatal Error] :1:1: Premature end of file.
2025-12-16 22:15:28,726 [ERROR] LogOutputStream:75 - [STDERR_REDIRECT] 
2025-12-16 22:15:28,775 [ERROR] LogOutputStream:75 - [STDERR_REDIRECT] [Fatal Error] :1:1: Premature end of file.
2025-12-16 22:15:28,776 [ERROR] LogOutputStream:75 - [STDERR_REDIRECT] 
2025-12-16 22:15:28,826 [ERROR] LogOutputStream:75 - [STDERR_REDIRECT] [Fatal Error] :1:1: Premature end of file.
2025-12-16 22:15:28,826 [ERROR] LogOutputStream:75 - [STDERR_REDIRECT] 
2025-12-16 22:15:28,874 [ERROR] ConfigurationRetriever:142 - IOException on connection: sw-center.st.com
2025-12-16 22:15:28,875 [ERROR] ConfigurationRetriever:142 - IOException on connection: sw-center.st.com
2025-12-16 22:15:28,876 [ERROR] ConfigurationRetriever:142 - IOException on connection: sw-center.st.com
2025-12-16 22:15:28,881 [ERROR] LogOutputStream:75 - [STDERR_REDIRECT] [Fatal Error] :1:1: Premature end of file.
2025-12-16 22:15:28,881 [ERROR] LogOutputStream:75 - [STDERR_REDIRECT] 
2025-12-16 22:15:28,938 [ERROR] LogOutputStream:75 - [STDERR_REDIRECT] [Fatal Error] :1:1: Premature end of file.
2025-12-16 22:15:28,939 [ERROR] LogOutputStream:75 - [STDERR_REDIRECT] 
2025-12-16 22:15:28,992 [ERROR] LogOutputStream:75 - [STDERR_REDIRECT] [Fatal Error] :1:1: Premature end of file.
2025-12-16 22:15:28,992 [ERROR] LogOutputStream:75 - [STDERR_REDIRECT] 
2025-12-16 22:15:29,043 [ERROR] LogOutputStream:75 - [STDERR_REDIRECT] [Fatal Error] :1:1: Premature end of file.
2025-12-16 22:15:29,043 [ERROR] LogOutputStream:75 - [STDERR_REDIRECT] 
2025-12-16 22:15:29,095 [ERROR] LogOutputStream:75 - [STDERR_REDIRECT] [Fatal Error] :1:1: Premature end of file.
2025-12-16 22:15:29,095 [ERROR] LogOutputStream:75 - [STDERR_REDIRECT] 
2025-12-16 22:15:30,084 [ERROR] LogOutputStream:75 - [STDERR_REDIRECT] [Fatal Error] :1:1: Premature end of file.
2025-12-16 22:15:30,084 [ERROR] LogOutputStream:75 - [STDERR_REDIRECT] 
2025-12-16 22:15:31,083 [ERROR] LogOutputStream:75 - [STDERR_REDIRECT] [Fatal Error] :1:1: Premature end of file.
2025-12-16 22:15:31,083 [ERROR] LogOutputStream:75 - [STDERR_REDIRECT] 
2025-12-16 22:15:32,082 [ERROR] LogOutputStream:75 - [STDERR_REDIRECT] [Fatal Error] :1:1: Premature end of file.
2025-12-16 22:15:32,082 [ERROR] LogOutputStream:75 - [STDERR_REDIRECT] 
2025-12-16 22:15:33,085 [ERROR] LogOutputStream:75 - [STDERR_REDIRECT] [Fatal Error] :1:1: Premature end of file.
2025-12-16 22:15:33,085 [ERROR] LogOutputStream:75 - [STDERR_REDIRECT] 
2025-12-16 22:15:34,082 [ERROR] LogOutputStream:75 - [STDERR_REDIRECT] [Fatal Error] :1:1: Premature end of file.
2025-12-16 22:15:34,082 [ERROR] LogOutputStream:75 - [STDERR_REDIRECT] 
2025-12-16 22:15:35,085 [ERROR] LogOutputStream:75 - [STDERR_REDIRECT] [Fatal Error] :1:1: Premature end of file.
2025-12-16 22:15:35,085 [ERROR] LogOutputStream:75 - [STDERR_REDIRECT] 
2025-12-16 22:15:36,082 [ERROR] LogOutputStream:75 - [STDERR_REDIRECT] [Fatal Error] :1:1: Premature end of file.
2025-12-16 22:15:36,083 [ERROR] LogOutputStream:75 - [STDERR_REDIRECT] 
2025-12-16 22:15:37,084 [ERROR] LogOutputStream:75 - [STDERR_REDIRECT] [Fatal Error] :1:1: Premature end of file.
2025-12-16 22:15:37,084 [ERROR] LogOutputStream:75 - [STDERR_REDIRECT] 
2025-12-16 22:15:38,083 [ERROR] LogOutputStream:75 - [STDERR_REDIRECT] [Fatal Error] :1:1: Premature end of file.
2025-12-16 22:15:38,083 [ERROR] LogOutputStream:75 - [STDERR_REDIRECT] 
2025-12-16 22:15:39,085 [ERROR] LogOutputStream:75 - [STDERR_REDIRECT] [Fatal Error] :1:1: Premature end of file.
2025-12-16 22:15:39,085 [ERROR] LogOutputStream:75 - [STDERR_REDIRECT] 
2025-12-16 22:15:40,083 [ERROR] LogOutputStream:75 - [STDERR_REDIRECT] [Fatal Error] :1:1: Premature end of file.
2025-12-16 22:15:40,083 [ERROR] LogOutputStream:75 - [STDERR_REDIRECT] 
2025-12-16 22:15:41,088 [ERROR] LogOutputStream:75 - [STDERR_REDIRECT] [Fatal Error] :1:1: Premature end of file.
2025-12-16 22:15:41,088 [ERROR] LogOutputStream:75 - [STDERR_REDIRECT] 
2025-12-16 22:15:42,089 [ERROR] LogOutputStream:75 - [STDERR_REDIRECT] [Fatal Error] :1:1: Premature end of file.
2025-12-16 22:15:42,089 [ERROR] LogOutputStream:75 - [STDERR_REDIRECT] 
2025-12-16 22:15:43,085 [ERROR] LogOutputStream:75 - [STDERR_REDIRECT] [Fatal Error] :1:1: Premature end of file.
2025-12-16 22:15:43,085 [ERROR] LogOutputStream:75 - [STDERR_REDIRECT] 
2025-12-16 22:15:44,082 [ERROR] LogOutputStream:75 - [STDERR_REDIRECT] [Fatal Error] :1:1: Premature end of file.
2025-12-16 22:15:44,082 [ERROR] LogOutputStream:75 - [STDERR_REDIRECT] 
2025-12-16 22:15:45,081 [ERROR] LogOutputStream:75 - [STDERR_REDIRECT] [Fatal Error] :1:1: Premature end of file.
2025-12-16 22:15:45,082 [ERROR] LogOutputStream:75 - [STDERR_REDIRECT] 
2025-12-16 22:15:46,079 [ERROR] LogOutputStream:75 - [STDERR_REDIRECT] [Fatal Error] :1:1: Premature end of file.
2025-12-16 22:15:46,080 [ERROR] LogOutputStream:75 - [STDERR_REDIRECT] 
2025-12-16 22:15:47,087 [ERROR] LogOutputStream:75 - [STDERR_REDIRECT] [Fatal Error] :1:1: Premature end of file.
2025-12-16 22:15:47,087 [ERROR] LogOutputStream:75 - [STDERR_REDIRECT] 
2025-12-16 22:15:48,079 [ERROR] LogOutputStream:75 - [STDERR_REDIRECT] [Fatal Error] :1:1: Premature end of file.
2025-12-16 22:15:48,080 [ERROR] LogOutputStream:75 - [STDERR_REDIRECT] 
2025-12-16 22:15:49,083 [ERROR] LogOutputStream:75 - [STDERR_REDIRECT] [Fatal Error] :1:1: Premature end of file.
2025-12-16 22:15:49,083 [ERROR] LogOutputStream:75 - [STDERR_REDIRECT] 
2025-12-16 22:15:50,080 [ERROR] LogOutputStream:75 - [STDERR_REDIRECT] [Fatal Error] :1:1: Premature end of file.
2025-12-16 22:15:50,080 [ERROR] LogOutputStream:75 - [STDERR_REDIRECT] 
2025-12-16 22:15:51,080 [ERROR] LogOutputStream:75 - [STDERR_REDIRECT] [Fatal Error] :1:1: Premature end of file.
2025-12-16 22:15:51,080 [ERROR] LogOutputStream:75 - [STDERR_REDIRECT] 
2025-12-16 22:15:52,082 [ERROR] LogOutputStream:75 - [STDERR_REDIRECT] [Fatal Error] :1:1: Premature end of file.
2025-12-16 22:15:52,082 [ERROR] LogOutputStream:75 - [STDERR_REDIRECT] 
2025-12-16 22:15:53,081 [ERROR] LogOutputStream:75 - [STDERR_REDIRECT] [Fatal Error] :1:1: Premature end of file.
2025-12-16 22:15:53,081 [ERROR] LogOutputStream:75 - [STDERR_REDIRECT] 
2025-12-16 22:15:54,083 [ERROR] LogOutputStream:75 - [STDERR_REDIRECT] [Fatal Error] :1:1: Premature end of file.
2025-12-16 22:15:54,083 [ERROR] LogOutputStream:75 - [STDERR_REDIRECT] 
2025-12-16 22:15:55,079 [ERROR] LogOutputStream:75 - [STDERR_REDIRECT] [Fatal Error] :1:1: Premature end of file.
2025-12-16 22:15:55,080 [ERROR] LogOutputStream:75 - [STDERR_REDIRECT] 
2025-12-16 22:15:56,093 [ERROR] LogOutputStream:75 - [STDERR_REDIRECT] [Fatal Error] :1:1: Premature end of file.
2025-12-16 22:15:56,093 [ERROR] LogOutputStream:75 - [STDERR_REDIRECT] 
2025-12-16 22:15:57,082 [ERROR] LogOutputStream:75 - [STDERR_REDIRECT] [Fatal Error] :1:1: Premature end of file.
2025-12-16 22:15:57,082 [ERROR] LogOutputStream:75 - [STDERR_REDIRECT] 
2025-12-16 22:15:58,082 [ERROR] LogOutputStream:75 - [STDERR_REDIRECT] [Fatal Error] :1:1: Premature end of file.
2025-12-16 22:15:58,082 [ERROR] LogOutputStream:75 - [STDERR_REDIRECT] 
2025-12-16 22:15:59,083 [ERROR] LogOutputStream:75 - [STDERR_REDIRECT] [Fatal Error] :1:1: Premature end of file.
2025-12-16 22:15:59,083 [ERROR] LogOutputStream:75 - [STDERR_REDIRECT] 
2025-12-16 22:16:00,083 [ERROR] LogOutputStream:75 - [STDERR_REDIRECT] [Fatal Error] :1:1: Premature end of file.
2025-12-16 22:16:00,083 [ERROR] LogOutputStream:75 - [STDERR_REDIRECT] 
2025-12-16 22:16:01,082 [ERROR] LogOutputStream:75 - [STDERR_REDIRECT] [Fatal Error] :1:1: Premature end of file.
2025-12-16 22:16:01,082 [ERROR] LogOutputStream:75 - [STDERR_REDIRECT] 
2025-12-16 22:16:02,083 [ERROR] LogOutputStream:75 - [STDERR_REDIRECT] [Fatal Error] :1:1: Premature end of file.
2025-12-16 22:16:02,083 [ERROR] LogOutputStream:75 - [STDERR_REDIRECT] 
2025-12-16 22:16:03,083 [ERROR] LogOutputStream:75 - [STDERR_REDIRECT] [Fatal Error] :1:1: Premature end of file.
2025-12-16 22:16:03,083 [ERROR] LogOutputStream:75 - [STDERR_REDIRECT] 
2025-12-16 22:16:04,083 [ERROR] LogOutputStream:75 - [STDERR_REDIRECT] [Fatal Error] :1:1: Premature end of file.
2025-12-16 22:16:04,083 [ERROR] LogOutputStream:75 - [STDERR_REDIRECT] 
2025-12-16 22:16:05,084 [ERROR] LogOutputStream:75 - [STDERR_REDIRECT] [Fatal Error] :1:1: Premature end of file.
2025-12-16 22:16:05,084 [ERROR] LogOutputStream:75 - [STDERR_REDIRECT] 
2025-12-16 22:16:06,086 [ERROR] LogOutputStream:75 - [STDERR_REDIRECT] [Fatal Error] :1:1: Premature end of file.
2025-12-16 22:16:06,086 [ERROR] LogOutputStream:75 - [STDERR_REDIRECT] 
2025-12-16 22:16:07,085 [ERROR] LogOutputStream:75 - [STDERR_REDIRECT] [Fatal Error] :1:1: Premature end of file.
2025-12-16 22:16:07,085 [ERROR] LogOutputStream:75 - [STDERR_REDIRECT] 
2025-12-16 22:16:08,085 [ERROR] LogOutputStream:75 - [STDERR_REDIRECT] [Fatal Error] :1:1: Premature end of file.
2025-12-16 22:16:08,085 [ERROR] LogOutputStream:75 - [STDERR_REDIRECT] 
2025-12-16 22:16:09,087 [ERROR] LogOutputStream:75 - [STDERR_REDIRECT] [Fatal Error] :1:1: Premature end of file.
2025-12-16 22:16:09,087 [ERROR] LogOutputStream:75 - [STDERR_REDIRECT] 
2025-12-16 22:16:10,084 [ERROR] LogOutputStream:75 - [STDERR_REDIRECT] [Fatal Error] :1:1: Premature end of file.
2025-12-16 22:16:10,084 [ERROR] LogOutputStream:75 - [STDERR_REDIRECT] 
2025-12-16 22:16:11,085 [ERROR] LogOutputStream:75 - [STDERR_REDIRECT] [Fatal Error] :1:1: Premature end of file.
2025-12-16 22:16:11,085 [ERROR] LogOutputStream:75 - [STDERR_REDIRECT] 
2025-12-16 22:16:12,083 [ERROR] LogOutputStream:75 - [STDERR_REDIRECT] [Fatal Error] :1:1: Premature end of file.
2025-12-16 22:16:12,083 [ERROR] LogOutputStream:75 - [STDERR_REDIRECT] 
2025-12-16 22:16:13,084 [ERROR] LogOutputStream:75 - [STDERR_REDIRECT] [Fatal Error] :1:1: Premature end of file.
2025-12-16 22:16:13,084 [ERROR] LogOutputStream:75 - [STDERR_REDIRECT] 
2025-12-16 22:16:14,087 [ERROR] LogOutputStream:75 - [STDERR_REDIRECT] [Fatal Error] :1:1: Premature end of file.
2025-12-16 22:16:14,088 [ERROR] LogOutputStream:75 - [STDERR_REDIRECT] 
2025-12-16 22:16:15,083 [ERROR] LogOutputStream:75 - [STDERR_REDIRECT] [Fatal Error] :1:1: Premature end of file.
2025-12-16 22:16:15,084 [ERROR] LogOutputStream:75 - [STDERR_REDIRECT] 
2025-12-16 22:16:16,083 [ERROR] LogOutputStream:75 - [STDERR_REDIRECT] [Fatal Error] :1:1: Premature end of file.
2025-12-16 22:16:16,083 [ERROR] LogOutputStream:75 - [STDERR_REDIRECT] 
2025-12-16 22:16:17,084 [ERROR] LogOutputStream:75 - [STDERR_REDIRECT] [Fatal Error] :1:1: Premature end of file.
2025-12-16 22:16:17,084 [ERROR] LogOutputStream:75 - [STDERR_REDIRECT] 
2025-12-16 22:16:18,081 [ERROR] LogOutputStream:75 - [STDERR_REDIRECT] [Fatal Error] :1:1: Premature end of file.
2025-12-16 22:16:18,081 [ERROR] LogOutputStream:75 - [STDERR_REDIRECT] 
2025-12-16 22:16:19,081 [ERROR] LogOutputStream:75 - [STDERR_REDIRECT] [Fatal Error] :1:1: Premature end of file.
2025-12-16 22:16:19,081 [ERROR] LogOutputStream:75 - [STDERR_REDIRECT] 
2025-12-16 22:16:20,083 [ERROR] LogOutputStream:75 - [STDERR_REDIRECT] [Fatal Error] :1:1: Premature end of file.
2025-12-16 22:16:20,083 [ERROR] LogOutputStream:75 - [STDERR_REDIRECT] 
2025-12-16 22:16:21,085 [ERROR] LogOutputStream:75 - [STDERR_REDIRECT] [Fatal Error] :1:1: Premature end of file.
2025-12-16 22:16:21,085 [ERROR] LogOutputStream:75 - [STDERR_REDIRECT] 
2025-12-16 22:16:22,082 [ERROR] LogOutputStream:75 - [STDERR_REDIRECT] [Fatal Error] :1:1: Premature end of file.
2025-12-16 22:16:22,082 [ERROR] LogOutputStream:75 - [STDERR_REDIRECT] 
2025-12-16 22:16:23,083 [ERROR] LogOutputStream:75 - [STDERR_REDIRECT] [Fatal Error] :1:1: Premature end of file.
2025-12-16 22:16:23,083 [ERROR] LogOutputStream:75 - [STDERR_REDIRECT] 
2025-12-16 22:16:24,082 [ERROR] LogOutputStream:75 - [STDERR_REDIRECT] [Fatal Error] :1:1: Premature end of file.
2025-12-16 22:16:24,082 [ERROR] LogOutputStream:75 - [STDERR_REDIRECT] 
2025-12-16 22:16:25,080 [ERROR] LogOutputStream:75 - [STDERR_REDIRECT] [Fatal Error] :1:1: Premature end of file.
2025-12-16 22:16:25,080 [ERROR] LogOutputStream:75 - [STDERR_REDIRECT] 
2025-12-16 22:16:26,082 [ERROR] LogOutputStream:75 - [STDERR_REDIRECT] [Fatal Error] :1:1: Premature end of file.
2025-12-16 22:16:26,082 [ERROR] LogOutputStream:75 - [STDERR_REDIRECT] 
2025-12-16 22:16:27,082 [ERROR] LogOutputStream:75 - [STDERR_REDIRECT] [Fatal Error] :1:1: Premature end of file.
2025-12-16 22:16:27,083 [ERROR] LogOutputStream:75 - [STDERR_REDIRECT] 
2025-12-16 22:16:28,083 [ERROR] LogOutputStream:75 - [STDERR_REDIRECT] [Fatal Error] :1:1: Premature end of file.
2025-12-16 22:16:28,083 [ERROR] LogOutputStream:75 - [STDERR_REDIRECT] 
2025-12-16 22:16:29,084 [ERROR] LogOutputStream:75 - [STDERR_REDIRECT] [Fatal Error] :1:1: Premature end of file.
2025-12-16 22:16:29,084 [ERROR] LogOutputStream:75 - [STDERR_REDIRECT] 
2025-12-16 22:16:30,084 [ERROR] LogOutputStream:75 - [STDERR_REDIRECT] [Fatal Error] :1:1: Premature end of file.
2025-12-16 22:16:30,084 [ERROR] LogOutputStream:75 - [STDERR_REDIRECT] 
2025-12-16 22:16:31,082 [ERROR] LogOutputStream:75 - [STDERR_REDIRECT] [Fatal Error] :1:1: Premature end of file.
2025-12-16 22:16:31,082 [ERROR] LogOutputStream:75 - [STDERR_REDIRECT] 
2025-12-16 22:16:32,082 [ERROR] LogOutputStream:75 - [STDERR_REDIRECT] [Fatal Error] :1:1: Premature end of file.
2025-12-16 22:16:32,082 [ERROR] LogOutputStream:75 - [STDERR_REDIRECT] 
2025-12-16 22:16:33,084 [ERROR] LogOutputStream:75 - [STDERR_REDIRECT] [Fatal Error] :1:1: Premature end of file.
2025-12-16 22:16:33,084 [ERROR] LogOutputStream:75 - [STDERR_REDIRECT] 
2025-12-16 22:16:34,080 [ERROR] LogOutputStream:75 - [STDERR_REDIRECT] [Fatal Error] :1:1: Premature end of file.
2025-12-16 22:16:34,081 [ERROR] LogOutputStream:75 - [STDERR_REDIRECT] 
2025-12-16 22:16:35,083 [ERROR] LogOutputStream:75 - [STDERR_REDIRECT] [Fatal Error] :1:1: Premature end of file.
2025-12-16 22:16:35,083 [ERROR] LogOutputStream:75 - [STDERR_REDIRECT] 
2025-12-16 22:16:36,082 [ERROR] LogOutputStream:75 - [STDERR_REDIRECT] [Fatal Error] :1:1: Premature end of file.
2025-12-16 22:16:36,082 [ERROR] LogOutputStream:75 - [STDERR_REDIRECT] 
2025-12-16 22:16:37,083 [ERROR] LogOutputStream:75 - [STDERR_REDIRECT] [Fatal Error] :1:1: Premature end of file.
2025-12-16 22:16:37,083 [ERROR] LogOutputStream:75 - [STDERR_REDIRECT] 
2025-12-16 22:16:38,081 [ERROR] LogOutputStream:75 - [STDERR_REDIRECT] [Fatal Error] :1:1: Premature end of file.
2025-12-16 22:16:38,082 [ERROR] LogOutputStream:75 - [STDERR_REDIRECT] 
2025-12-16 22:16:39,081 [ERROR] LogOutputStream:75 - [STDERR_REDIRECT] [Fatal Error] :1:1: Premature end of file.
2025-12-16 22:16:39,081 [ERROR] LogOutputStream:75 - [STDERR_REDIRECT] 
2025-12-16 22:16:39,206 [ERROR] ConfigurationRetriever:142 - IOException on connection: sw-center.st.com
2025-12-16 22:16:39,207 [ERROR] ConfigurationRetriever:142 - IOException on connection: sw-center.st.com
2025-12-16 22:16:39,208 [ERROR] ConfigurationRetriever:142 - IOException on connection: sw-center.st.com
2025-12-16 22:16:40,096 [ERROR] LogOutputStream:75 - [STDERR_REDIRECT] [Fatal Error] :1:1: Premature end of file.
2025-12-16 22:16:40,097 [ERROR] LogOutputStream:75 - [STDERR_REDIRECT] 
2025-12-16 22:16:40,491 [ERROR] LogOutputStream:75 - [STDERR_REDIRECT] 
2025-12-16 22:16:40,492 [ERROR] LogOutputStream:75 - [STDERR_REDIRECT] 
