2025-12-17 18:56:08,810 [INFO] Activator:176 - 


2025-12-17 18:56:08,818 [INFO] Activator:177 - !SESSION log4j initialized
2025-12-17 18:56:14,650 [INFO] LogOutputStream:77 - [STDOUT_REDIRECT] 
2025-12-17 18:56:15,913 [INFO] ApplicationProperties:184 - Using Application install path: C:\ST\STM32CubeIDE_1.19.0\STM32CubeIDE\plugins\com.st.stm32cube.common.mx_6.15.0.202507011659
2025-12-17 18:56:15,933 [INFO] DbMcusXml:78 - Set database path to: C:\ST\STM32CubeIDE_1.19.0\STM32CubeIDE\plugins\com.st.stm32cube.common.mx_6.15.0.202507011659\\db\/mcu/
2025-12-17 18:56:15,933 [INFO] ApiDb:274 - Set plugin database path to: C:\ST\STM32CubeIDE_1.19.0\STM32CubeIDE\plugins\com.st.stm32cube.common.mx_6.15.0.202507011659\\db\/plugins/boardmanager/
2025-12-17 18:56:15,934 [WARN] ApiDb:259 - Overriding images path with different value:  => C:\ST\STM32CubeIDE_1.19.0\STM32CubeIDE\plugins\com.st.stm32cube.common.mx_6.15.0.202507011659\\db\/plugins/mcufinder/images/
2025-12-17 18:56:15,947 [INFO] ApiDb:250 - Set database path to: C:\Users\megha\.stmcufinder\plugins\mcufinder//mcu/
2025-12-17 18:56:15,949 [INFO] DbMcusAds:125 - Set database path to: C:\Users\megha\.stmcufinder\plugins\mcufinder//mcu/
2025-12-17 18:56:15,951 [INFO] CrossReferenceDbSqlite:203 - Set database path to: C:\Users\megha\.stmcufinder\plugins\mcufinder//mcu/cs/
2025-12-17 18:56:16,081 [INFO] RulesReader:64 - Compatibility file has been processed (317 Rules)
2025-12-17 18:56:16,182 [INFO] DbMcusXml:78 - Set database path to: C:\ST\STM32CubeIDE_1.19.0\STM32CubeIDE\plugins\com.st.stm32cube.common.mx_6.15.0.202507011659\\db\/mcu/
2025-12-17 18:56:16,182 [INFO] ApiDb:274 - Set plugin database path to: C:\ST\STM32CubeIDE_1.19.0\STM32CubeIDE\plugins\com.st.stm32cube.common.mx_6.15.0.202507011659\\db\/plugins/boardmanager/
2025-12-17 18:56:16,182 [INFO] ApiDb:261 - Set plugin images path to: C:\ST\STM32CubeIDE_1.19.0\STM32CubeIDE\plugins\com.st.stm32cube.common.mx_6.15.0.202507011659\\db\/plugins/mcufinder/images/
2025-12-17 18:56:16,183 [WARN] DbFile:41 - Overriding database path with different value: C:\Users\megha\.stmcufinder\plugins\mcufinder/ => C:\Users\megha\.stmcufinder\plugins\mcufinder
2025-12-17 18:56:16,183 [INFO] ApiDb:250 - Set database path to: C:\Users\megha\.stmcufinder\plugins\mcufinder//mcu/
2025-12-17 18:56:16,183 [WARN] DbFile:41 - Overriding database path with different value: C:\Users\megha\.stmcufinder\plugins\mcufinder/ => C:\Users\megha\.stmcufinder\plugins\mcufinder
2025-12-17 18:56:16,183 [INFO] DbMcusAds:125 - Set database path to: C:\Users\megha\.stmcufinder\plugins\mcufinder//mcu/
2025-12-17 18:56:16,183 [WARN] DbFile:41 - Overriding database path with different value: C:\Users\megha\.stmcufinder\plugins\mcufinder/ => C:\Users\megha\.stmcufinder\plugins\mcufinder
2025-12-17 18:56:16,183 [WARN] DbFile:41 - Overriding database path with different value: C:\Users\megha\.stmcufinder\plugins\mcufinder/ => C:\Users\megha\.stmcufinder\plugins\mcufinder
2025-12-17 18:56:16,183 [INFO] CrossReferenceDbSqlite:203 - Set database path to: C:\Users\megha\.stmcufinder\plugins\mcufinder//mcu/cs/
2025-12-17 18:56:16,270 [INFO] MainPanel:274 - HeapMemory: 268435456
2025-12-17 18:56:16,404 [INFO] DbMcusXml:78 - Set database path to: C:\ST\STM32CubeIDE_1.19.0\STM32CubeIDE\plugins\com.st.stm32cube.common.mx_6.15.0.202507011659\\db\/mcu/
2025-12-17 18:56:16,404 [INFO] ApiDb:274 - Set plugin database path to: C:\ST\STM32CubeIDE_1.19.0\STM32CubeIDE\plugins\com.st.stm32cube.common.mx_6.15.0.202507011659\\db\/plugins/boardmanager/
2025-12-17 18:56:16,404 [INFO] ApiDb:261 - Set plugin images path to: C:\ST\STM32CubeIDE_1.19.0\STM32CubeIDE\plugins\com.st.stm32cube.common.mx_6.15.0.202507011659\\db\/plugins/mcufinder/images/
2025-12-17 18:56:16,405 [WARN] DbFile:41 - Overriding database path with different value: C:\Users\megha\.stmcufinder\plugins\mcufinder/ => C:\Users\megha\.stmcufinder\plugins\mcufinder
2025-12-17 18:56:16,405 [INFO] ApiDb:250 - Set database path to: C:\Users\megha\.stmcufinder\plugins\mcufinder//mcu/
2025-12-17 18:56:16,405 [WARN] DbFile:41 - Overriding database path with different value: C:\Users\megha\.stmcufinder\plugins\mcufinder/ => C:\Users\megha\.stmcufinder\plugins\mcufinder
2025-12-17 18:56:16,405 [INFO] DbMcusAds:125 - Set database path to: C:\Users\megha\.stmcufinder\plugins\mcufinder//mcu/
2025-12-17 18:56:16,405 [WARN] DbFile:41 - Overriding database path with different value: C:\Users\megha\.stmcufinder\plugins\mcufinder/ => C:\Users\megha\.stmcufinder\plugins\mcufinder
2025-12-17 18:56:16,405 [WARN] DbFile:41 - Overriding database path with different value: C:\Users\megha\.stmcufinder\plugins\mcufinder/ => C:\Users\megha\.stmcufinder\plugins\mcufinder
2025-12-17 18:56:16,405 [INFO] CrossReferenceDbSqlite:203 - Set database path to: C:\Users\megha\.stmcufinder\plugins\mcufinder//mcu/cs/
2025-12-17 18:56:16,428 [INFO] ApplicationProperties:184 - Using Application install path: C:\ST\STM32CubeIDE_1.19.0\STM32CubeIDE\plugins\com.st.stm32cube.common.mx_6.15.0.202507011659
2025-12-17 18:56:16,430 [INFO] PluginManage:196 - Search for loadable plugins [exclusion list=, ]
2025-12-17 18:56:16,432 [INFO] PluginManage:310 - Check plugin analytics
2025-12-17 18:56:16,647 [INFO] AnalyticsPlugin:253 - Accepted Software Licenses: 
2025-12-17 18:56:16,648 [INFO] AnalyticsPlugin:255 - Accepted CMSIS Pack Licenses: 
2025-12-17 18:56:16,648 [INFO] AnalyticsPlugin:257 - Accepted Firmware Licenses: FW.F4.1.28.0
2025-12-17 18:56:16,651 [INFO] PluginManage:359 - Loaded plugin analytics (category:tool,tabindex:-1)
2025-12-17 18:56:16,651 [INFO] PluginManage:310 - Check plugin cadmodel
2025-12-17 18:56:16,660 [INFO] CADModel:105 - Init CAD model plugin
2025-12-17 18:56:16,660 [INFO] PluginManage:359 - Loaded plugin cadmodel (category:power,tabindex:5)
2025-12-17 18:56:16,660 [INFO] PluginManage:310 - Check plugin clock
2025-12-17 18:56:16,673 [INFO] PluginManage:359 - Loaded plugin clock (category:base,tabindex:2)
2025-12-17 18:56:16,673 [INFO] PluginManage:310 - Check plugin ddr
2025-12-17 18:56:16,676 [INFO] PluginManage:359 - Loaded plugin ddr (category:tool,tabindex:6)
2025-12-17 18:56:16,676 [INFO] PluginManage:310 - Check plugin filemanager
2025-12-17 18:56:16,854 [INFO] PluginManage:359 - Loaded plugin filemanager (category:base,tabindex:10)
2025-12-17 18:56:16,854 [INFO] PluginManage:310 - Check plugin ipmanager
2025-12-17 18:56:16,863 [INFO] PluginManage:359 - Loaded plugin ipmanager (category:base,tabindex:5)
2025-12-17 18:56:16,863 [INFO] PluginManage:310 - Check plugin lpbam
2025-12-17 18:56:16,873 [INFO] PluginManage:359 - Loaded plugin lpbam (category:base,tabindex:0)
2025-12-17 18:56:16,873 [INFO] PluginManage:310 - Check plugin memorymap
2025-12-17 18:56:16,890 [INFO] PluginManage:359 - Loaded plugin memorymap (category:base,tabindex:4)
2025-12-17 18:56:16,890 [INFO] PluginManage:310 - Check plugin pinoutandconfiguration
2025-12-17 18:56:16,902 [INFO] PluginManage:359 - Loaded plugin pinoutandconfiguration (category:base,tabindex:1)
2025-12-17 18:56:16,902 [INFO] PluginManage:310 - Check plugin pinoutconfig
2025-12-17 18:56:17,000 [WARN] SupportedApi:132 - Cannot load RTOS API schema: s4s-elt-must-match.1: The content of 'definitions' must match (annotation?, (simpleType | complexType)?, (unique | key | keyref)*)). A problem was found starting at: attribute.
2025-12-17 18:56:17,166 [INFO] PluginManage:359 - Loaded plugin pinoutconfig (category:base,tabindex:0)
2025-12-17 18:56:17,166 [INFO] PluginManage:310 - Check plugin power
2025-12-17 18:56:17,178 [INFO] PluginManage:359 - Loaded plugin power (category:power,tabindex:4)
2025-12-17 18:56:17,179 [INFO] PluginManage:310 - Check plugin projectmanager
2025-12-17 18:56:17,196 [INFO] PluginManage:359 - Loaded plugin projectmanager (category:projectmanager,tabindex:4)
2025-12-17 18:56:17,196 [INFO] PluginManage:310 - Check plugin rif
2025-12-17 18:56:17,209 [INFO] PluginManage:359 - Loaded plugin rif (category:base,tabindex:3)
2025-12-17 18:56:17,209 [INFO] PluginManage:310 - Check plugin thirdparty
2025-12-17 18:56:17,375 [INFO] PluginManage:359 - Loaded plugin thirdparty (category:base,tabindex:-1)
2025-12-17 18:56:17,375 [WARN] IntegrityCheckThread:84 - waiting for thirdparty lock release [integrity check]
2025-12-17 18:56:17,376 [INFO] PluginManage:310 - Check plugin tools
2025-12-17 18:56:17,376 [INFO] IntegrityCheckThread:86 - entering critical section [integrity check]
2025-12-17 18:56:17,376 [INFO] ThirdPartyUpdaterWithRetryManager:70 - Updater plugin not ready yet. [1/15]
2025-12-17 18:56:17,379 [INFO] PluginManage:359 - Loaded plugin tools (category:base,tabindex:7)
2025-12-17 18:56:17,379 [INFO] PluginManage:310 - Check plugin tutovideos
2025-12-17 18:56:17,615 [INFO] PluginManage:359 - Loaded plugin tutovideos (category:base,tabindex:-1)
2025-12-17 18:56:17,615 [INFO] PluginManage:310 - Check plugin updater
2025-12-17 18:56:17,638 [INFO] PluginManage:359 - Loaded plugin updater (category:base,tabindex:12)
2025-12-17 18:56:17,638 [INFO] PluginManage:310 - Check plugin userauth
2025-12-17 18:56:17,643 [INFO] UserAuth:118 - Init User Auth plugin
2025-12-17 18:56:17,643 [INFO] PluginManage:359 - Loaded plugin userauth (category:base,tabindex:14)
2025-12-17 18:56:17,644 [INFO] PluginManage:283 - PluginManage : Loaded plugins [18]
2025-12-17 18:56:17,880 [INFO] PinOutPanel:1589 - setPackage(No Configuration,No Configuration)
2025-12-17 18:56:17,974 [INFO] CADModel:165 - CPN selected for project level
2025-12-17 18:56:17,974 [INFO] CADModel:114 - Register for checkConnection events
2025-12-17 18:56:17,997 [INFO] IPUIPlugin:80 - create IPUIPlugin
2025-12-17 18:56:17,997 [INFO] PluginManager:220 - loadIPPluginJar : add adc
2025-12-17 18:56:18,001 [INFO] IPUIPlugin:80 - create IPUIPlugin
2025-12-17 18:56:18,001 [INFO] PluginManager:220 - loadIPPluginJar : add aes
2025-12-17 18:56:18,004 [INFO] IPUIPlugin:80 - create IPUIPlugin
2025-12-17 18:56:18,004 [INFO] PluginManager:220 - loadIPPluginJar : add can
2025-12-17 18:56:18,006 [INFO] IPUIPlugin:80 - create IPUIPlugin
2025-12-17 18:56:18,006 [INFO] PluginManager:220 - loadIPPluginJar : add comp
2025-12-17 18:56:18,010 [INFO] IPUIPlugin:80 - create IPUIPlugin
2025-12-17 18:56:18,010 [INFO] PluginManager:220 - loadIPPluginJar : add cryp
2025-12-17 18:56:18,014 [INFO] IPUIPlugin:80 - create IPUIPlugin
2025-12-17 18:56:18,015 [INFO] PluginManager:220 - loadIPPluginJar : add ddr_ctrl_phy
2025-12-17 18:56:18,018 [INFO] IPUIPlugin:80 - create IPUIPlugin
2025-12-17 18:56:18,018 [INFO] PluginManager:220 - loadIPPluginJar : add dfsdm
2025-12-17 18:56:18,027 [INFO] IPUIPlugin:80 - create IPUIPlugin
2025-12-17 18:56:18,027 [INFO] PluginManager:220 - loadIPPluginJar : add dma
2025-12-17 18:56:18,032 [INFO] IPUIPlugin:80 - create IPUIPlugin
2025-12-17 18:56:18,032 [INFO] PluginManager:220 - loadIPPluginJar : add dma3
2025-12-17 18:56:18,036 [INFO] IPUIPlugin:80 - create IPUIPlugin
2025-12-17 18:56:18,036 [INFO] PluginManager:220 - loadIPPluginJar : add extmemmanager
2025-12-17 18:56:18,039 [INFO] IPUIPlugin:80 - create IPUIPlugin
2025-12-17 18:56:18,039 [INFO] PluginManager:220 - loadIPPluginJar : add fatfs
2025-12-17 18:56:18,044 [INFO] IPUIPlugin:80 - create IPUIPlugin
2025-12-17 18:56:18,044 [INFO] PluginManager:220 - loadIPPluginJar : add fmc
2025-12-17 18:56:18,061 [INFO] IPUIPlugin:80 - create IPUIPlugin
2025-12-17 18:56:18,061 [INFO] PluginManager:220 - loadIPPluginJar : add freertos
2025-12-17 18:56:18,064 [INFO] IPUIPlugin:80 - create IPUIPlugin
2025-12-17 18:56:18,064 [INFO] PluginManager:220 - loadIPPluginJar : add genericplugin
2025-12-17 18:56:18,067 [INFO] IPUIPlugin:80 - create IPUIPlugin
2025-12-17 18:56:18,067 [INFO] PluginManager:220 - loadIPPluginJar : add gfxmmu
2025-12-17 18:56:18,073 [INFO] IPUIPlugin:80 - create IPUIPlugin
2025-12-17 18:56:18,074 [INFO] PluginManager:220 - loadIPPluginJar : add gic
2025-12-17 18:56:18,079 [INFO] IPUIPlugin:80 - create IPUIPlugin
2025-12-17 18:56:18,079 [INFO] PluginManager:220 - loadIPPluginJar : add gpio
2025-12-17 18:56:18,083 [INFO] IPUIPlugin:80 - create IPUIPlugin
2025-12-17 18:56:18,083 [INFO] PluginManager:220 - loadIPPluginJar : add gtzc
2025-12-17 18:56:18,085 [INFO] IPUIPlugin:80 - create IPUIPlugin
2025-12-17 18:56:18,085 [INFO] PluginManager:220 - loadIPPluginJar : add hash
2025-12-17 18:56:18,089 [INFO] IPUIPlugin:80 - create IPUIPlugin
2025-12-17 18:56:18,090 [INFO] PluginManager:220 - loadIPPluginJar : add i2c
2025-12-17 18:56:18,094 [INFO] IPUIPlugin:80 - create IPUIPlugin
2025-12-17 18:56:18,094 [INFO] PluginManager:220 - loadIPPluginJar : add i2s
2025-12-17 18:56:18,098 [INFO] IPUIPlugin:80 - create IPUIPlugin
2025-12-17 18:56:18,098 [INFO] PluginManager:220 - loadIPPluginJar : add i3c
2025-12-17 18:56:18,103 [INFO] IPUIPlugin:80 - create IPUIPlugin
2025-12-17 18:56:18,103 [INFO] PluginManager:220 - loadIPPluginJar : add ipddr
2025-12-17 18:56:18,110 [INFO] IPUIPlugin:80 - create IPUIPlugin
2025-12-17 18:56:18,111 [INFO] PluginManager:220 - loadIPPluginJar : add linkedlist
2025-12-17 18:56:18,116 [INFO] IPUIPlugin:80 - create IPUIPlugin
2025-12-17 18:56:18,116 [INFO] PluginManager:220 - loadIPPluginJar : add lorawan
2025-12-17 18:56:18,118 [INFO] IPUIPlugin:80 - create IPUIPlugin
2025-12-17 18:56:18,118 [INFO] PluginManager:220 - loadIPPluginJar : add ltdc
2025-12-17 18:56:18,124 [INFO] IPUIPlugin:80 - create IPUIPlugin
2025-12-17 18:56:18,124 [INFO] PluginManager:220 - loadIPPluginJar : add mdma
2025-12-17 18:56:18,128 [INFO] IPUIPlugin:80 - create IPUIPlugin
2025-12-17 18:56:18,128 [INFO] PluginManager:220 - loadIPPluginJar : add nvic
2025-12-17 18:56:18,132 [INFO] IPUIPlugin:80 - create IPUIPlugin
2025-12-17 18:56:18,133 [INFO] PluginManager:220 - loadIPPluginJar : add opamp
2025-12-17 18:56:18,137 [INFO] IPUIPlugin:80 - create IPUIPlugin
2025-12-17 18:56:18,138 [INFO] PluginManager:220 - loadIPPluginJar : add openamp
2025-12-17 18:56:18,142 [INFO] IPUIPlugin:80 - create IPUIPlugin
2025-12-17 18:56:18,143 [INFO] PluginManager:220 - loadIPPluginJar : add pdm2pcm
2025-12-17 18:56:18,150 [INFO] IPUIPlugin:80 - create IPUIPlugin
2025-12-17 18:56:18,153 [INFO] PluginManager:220 - loadIPPluginJar : add plateformsettings
2025-12-17 18:56:18,157 [INFO] IPUIPlugin:80 - create IPUIPlugin
2025-12-17 18:56:18,157 [INFO] PluginManager:220 - loadIPPluginJar : add quadspi
2025-12-17 18:56:18,160 [INFO] IPUIPlugin:80 - create IPUIPlugin
2025-12-17 18:56:18,161 [INFO] PluginManager:220 - loadIPPluginJar : add radio
2025-12-17 18:56:18,166 [INFO] IPUIPlugin:80 - create IPUIPlugin
2025-12-17 18:56:18,166 [INFO] PluginManager:220 - loadIPPluginJar : add resmgrutility
2025-12-17 18:56:18,171 [INFO] IPUIPlugin:80 - create IPUIPlugin
2025-12-17 18:56:18,171 [INFO] PluginManager:220 - loadIPPluginJar : add sai
2025-12-17 18:56:18,176 [INFO] IPUIPlugin:80 - create IPUIPlugin
2025-12-17 18:56:18,176 [INFO] PluginManager:220 - loadIPPluginJar : add spi
2025-12-17 18:56:18,188 [INFO] IPUIPlugin:80 - create IPUIPlugin
2025-12-17 18:56:18,189 [INFO] PluginManager:220 - loadIPPluginJar : add stm32_wpan
2025-12-17 18:56:18,192 [INFO] IPUIPlugin:80 - create IPUIPlugin
2025-12-17 18:56:18,192 [INFO] PluginManager:220 - loadIPPluginJar : add tim
2025-12-17 18:56:18,196 [INFO] IPUIPlugin:80 - create IPUIPlugin
2025-12-17 18:56:18,196 [INFO] PluginManager:220 - loadIPPluginJar : add touchsensing
2025-12-17 18:56:18,199 [INFO] IPUIPlugin:80 - create IPUIPlugin
2025-12-17 18:56:18,199 [INFO] PluginManager:220 - loadIPPluginJar : add tracer_emb
2025-12-17 18:56:18,202 [INFO] IPUIPlugin:80 - create IPUIPlugin
2025-12-17 18:56:18,202 [INFO] PluginManager:220 - loadIPPluginJar : add ts
2025-12-17 18:56:18,204 [INFO] IPUIPlugin:80 - create IPUIPlugin
2025-12-17 18:56:18,204 [INFO] PluginManager:220 - loadIPPluginJar : add tsc
2025-12-17 18:56:18,207 [INFO] IPUIPlugin:80 - create IPUIPlugin
2025-12-17 18:56:18,208 [INFO] PluginManager:220 - loadIPPluginJar : add ucpd
2025-12-17 18:56:18,211 [INFO] IPUIPlugin:80 - create IPUIPlugin
2025-12-17 18:56:18,211 [INFO] PluginManager:220 - loadIPPluginJar : add usart
2025-12-17 18:56:18,216 [INFO] IPUIPlugin:80 - create IPUIPlugin
2025-12-17 18:56:18,216 [INFO] PluginManager:220 - loadIPPluginJar : add usbx
2025-12-17 18:56:18,349 [FATAL] Updater:351 - Updater called before beeing initialized
2025-12-17 18:56:18,378 [INFO] RulesReader:64 - Compatibility file has been processed (317 Rules)
2025-12-17 18:56:18,389 [INFO] RulesReader:64 - Compatibility file has been processed (317 Rules)
2025-12-17 18:56:18,401 [INFO] CADModel:165 - CPN selected for project level
2025-12-17 18:56:18,401 [INFO] CADModel:114 - Register for checkConnection events
2025-12-17 18:56:18,401 [FATAL] Updater:351 - Updater called before beeing initialized
2025-12-17 18:56:18,401 [ERROR] CADModel:125 - Updater not yet initialized, retry later 
2025-12-17 18:56:18,579 [FATAL] Updater:351 - Updater called before beeing initialized
2025-12-17 18:56:18,581 [INFO] CADModel:165 - CPN selected for project level
2025-12-17 18:56:18,581 [INFO] CADModel:114 - Register for checkConnection events
2025-12-17 18:56:18,581 [FATAL] Updater:351 - Updater called before beeing initialized
2025-12-17 18:56:18,581 [ERROR] CADModel:125 - Updater not yet initialized, retry later 
2025-12-17 18:56:18,585 [FATAL] Updater:351 - Updater called before beeing initialized
2025-12-17 18:56:18,701 [FATAL] Updater:351 - Updater called before beeing initialized
2025-12-17 18:56:18,706 [INFO] DbMcusAds:53 - JSON generation date=Mon Dec 08 19:58:09 IST 2025 (1765204089911)
2025-12-17 18:56:18,706 [FATAL] Updater:351 - Updater called before beeing initialized
2025-12-17 18:56:18,747 [WARN] DetailPanel:346 - Failed to get advertising image, set to default
2025-12-17 18:56:18,836 [FATAL] Updater:351 - Updater called before beeing initialized
2025-12-17 18:56:18,838 [FATAL] Updater:351 - Updater called before beeing initialized
2025-12-17 18:56:18,838 [FATAL] Updater:351 - Updater called before beeing initialized
2025-12-17 18:56:18,838 [WARN] DetailPanel:346 - Failed to get advertising image, set to default
2025-12-17 18:56:18,839 [FATAL] Updater:351 - Updater called before beeing initialized
2025-12-17 18:56:18,894 [ERROR] Updater:1198 - MainUpdater not yet initialized. External WinMGr cannot be set.
2025-12-17 18:56:18,896 [INFO] Updater:1134 - Updater Version found : 6.15.0
2025-12-17 18:56:18,916 [INFO] ApplicationProperties:184 - Using Application install path: C:\ST\STM32CubeIDE_1.19.0\STM32CubeIDE\plugins\com.st.stm32cube.common.mx_6.15.0.202507011659
2025-12-17 18:56:20,378 [INFO] ThirdPartyUpdaterWithRetryManager:70 - Updater plugin not ready yet. [2/15]
2025-12-17 18:56:20,502 [ERROR] LogOutputStream:75 - [STDERR_REDIRECT] Dec 17, 2025 6:56:20 PM java.util.prefs.WindowsPreferences <init>
2025-12-17 18:56:20,504 [ERROR] LogOutputStream:75 - [STDERR_REDIRECT] WARNING: Could not open/create prefs root node Software\JavaSoft\Prefs at root 0xffffffff80000002. Windows RegCreateKeyEx(...) returned error code 5.
2025-12-17 18:56:20,504 [ERROR] LogOutputStream:75 - [STDERR_REDIRECT] 
2025-12-17 18:56:22,049 [INFO] MainUpdater:2872 - connection check result : 10
2025-12-17 18:56:22,050 [INFO] MainUpdater:289 - Updater Check For Update Now.
2025-12-17 18:56:22,050 [INFO] MicroXplorer:498 - Change Database Version : DB.6.0.150
2025-12-17 18:56:22,067 [INFO] McuFinderGlobals:63 - Set McuFinder mode to 2 (CubeIDE integrated)
2025-12-17 18:56:22,069 [INFO] UserAuth:487 - Internet connection configuration mode: 1
2025-12-17 18:56:22,105 [INFO] JxBrowserEngine:152 - Initiate JxBrowser Engine with user profile folder
2025-12-17 18:56:22,243 [INFO] CheckServerUpdateThread:120 - End of CheckServer Thread
2025-12-17 18:56:23,332 [INFO] WebApp:169 - Instantiating new browser for Auth
2025-12-17 18:56:23,809 [WARN] PackLoader:240 - Cannot read IP mode file for STMicroelectronics.FP-SNS-MOTENVWB1.1.4.0
2025-12-17 18:56:23,825 [WARN] PackLoader:240 - Cannot read IP mode file for STMicroelectronics.FP-ATR-ASTRA1.2.0.2
2025-12-17 18:56:23,844 [WARN] PackLoader:240 - Cannot read IP mode file for STMicroelectronics.X-CUBE-SMBUS.2.1.0
2025-12-17 18:56:23,902 [WARN] PackLoader:240 - Cannot read IP mode file for STMicroelectronics.X-CUBE-AZRTOS-F7.1.1.0
2025-12-17 18:56:23,916 [WARN] PackLoader:240 - Cannot read IP mode file for STMicroelectronics.FP-SNS-MOTENV1.5.1.0
2025-12-17 18:56:23,938 [WARN] PackLoader:240 - Cannot read IP mode file for WES.I-CUBE-Cesium.1.4.0
2025-12-17 18:56:23,980 [WARN] PackLoader:240 - Cannot read IP mode file for STMicroelectronics.X-CUBE-AZRTOS-H7.3.4.0
2025-12-17 18:56:23,999 [WARN] PackLoader:240 - Cannot read IP mode file for STMicroelectronics.X-CUBE-DISPLAY.3.0.0
2025-12-17 18:56:24,020 [WARN] PackLoader:240 - Cannot read IP mode file for STMicroelectronics.X-CUBE-NFC10.1.0.0
2025-12-17 18:56:24,030 [WARN] PackLoader:240 - Cannot read IP mode file for STMicroelectronics.X-CUBE-ST60.1.1.0
2025-12-17 18:56:24,042 [WARN] PackLoader:240 - Cannot read IP mode file for emotas.I-CUBE-CANOPEN.1.3.0
2025-12-17 18:56:24,053 [WARN] PackLoader:240 - Cannot read IP mode file for STMicroelectronics.X-CUBE-GNSS1.7.1.0
2025-12-17 18:56:24,069 [WARN] PackLoader:240 - Cannot read IP mode file for STMicroelectronics.FP-SNS-STBOX1.2.1.0
2025-12-17 18:56:24,083 [WARN] PackLoader:240 - Cannot read IP mode file for STMicroelectronics.FP-SNS-SMARTAG2.1.2.0
2025-12-17 18:56:24,090 [WARN] PackLoader:240 - Cannot read IP mode file for STMicroelectronics.FP-SNS-FLIGHT1.5.1.0
2025-12-17 18:56:24,103 [INFO] LogOutputStream:77 - [STDOUT_REDIRECT] 1 : Invalid condition id : UX_CORESTACK_Condition cause : null
2025-12-17 18:56:24,105 [INFO] LogOutputStream:77 - [STDOUT_REDIRECT] 1 : Invalid condition id : UX_CORESTACK_Condition cause : null
2025-12-17 18:56:24,106 [INFO] LogOutputStream:77 - [STDOUT_REDIRECT] 1 : Invalid condition id : UX_CORESTACK_Condition cause : null
2025-12-17 18:56:24,107 [INFO] LogOutputStream:77 - [STDOUT_REDIRECT] 1 : Invalid condition id : UX_CORESTACK_Condition cause : null
2025-12-17 18:56:24,109 [INFO] LogOutputStream:77 - [STDOUT_REDIRECT] 1 : Invalid condition id : UX_CORESTACK_Condition cause : null
2025-12-17 18:56:24,113 [WARN] PackLoader:240 - Cannot read IP mode file for STMicroelectronics.X-CUBE-AZRTOS-WL.2.0.0
2025-12-17 18:56:24,142 [WARN] PackLoader:240 - Cannot read IP mode file for STMicroelectronics.X-CUBE-AZRTOS-H7RS.1.2.0
2025-12-17 18:56:24,156 [WARN] PackLoader:240 - Cannot read IP mode file for STMicroelectronics.X-CUBE-BLE2.3.3.0
2025-12-17 18:56:24,209 [WARN] PackLoader:240 - Cannot read IP mode file for Infineon.AIROC-Wi-Fi-Bluetooth-STM32.1.8.0
2025-12-17 18:56:24,227 [WARN] PackLoader:240 - Cannot read IP mode file for STMicroelectronics.X-CUBE-NFC9.1.0.0
2025-12-17 18:56:24,240 [WARN] PackLoader:240 - Cannot read IP mode file for STMicroelectronics.X-CUBE-BLE1.7.1.0
2025-12-17 18:56:24,249 [WARN] PackLoader:240 - Cannot read IP mode file for wolfSSL.I-CUBE-wolfMQTT.1.19.2
2025-12-17 18:56:24,260 [WARN] PackLoader:240 - Cannot read IP mode file for STMicroelectronics.X-CUBE-FREERTOS.1.4.0
2025-12-17 18:56:24,270 [WARN] PackLoader:240 - Cannot read IP mode file for STMicroelectronics.X-CUBE-EEPRMA1.5.2.0
2025-12-17 18:56:24,279 [WARN] PackLoader:240 - Cannot read IP mode file for wolfSSL.I-CUBE-wolfSSL.5.8.4
2025-12-17 18:56:24,287 [WARN] PackLoader:240 - Cannot read IP mode file for Cesanta.I-CUBE-Mongoose.7.20.0
2025-12-17 18:56:24,312 [WARN] PackLoader:240 - Cannot read IP mode file for STMicroelectronics.X-CUBE-ST67W61.1.1.0
2025-12-17 18:56:24,420 [WARN] PackLoader:240 - Cannot read IP mode file for STMicroelectronics.X-CUBE-MEMS1.12.0.0
2025-12-17 18:56:24,543 [WARN] PackLoader:240 - Cannot read IP mode file for STMicroelectronics.X-CUBE-AZRTOS-G0.1.1.0
2025-12-17 18:56:24,552 [WARN] PackLoader:240 - Cannot read IP mode file for STMicroelectronics.X-CUBE-NFC4.3.0.0
2025-12-17 18:56:24,564 [WARN] PackLoader:240 - Cannot read IP mode file for EmbeddedOffice.I-CUBE-FS-RTOS.1.0.1
2025-12-17 18:56:24,572 [WARN] PackLoader:240 - Cannot read IP mode file for STMicroelectronics.X-CUBE-WB05N.2.0.0
2025-12-17 18:56:24,577 [WARN] PackLoader:240 - Cannot read IP mode file for wolfSSL.I-CUBE-wolfTPM.3.8.0
2025-12-17 18:56:24,586 [WARN] PackLoader:240 - Cannot read IP mode file for STMicroelectronics.X-CUBE-TCPP.4.2.0
2025-12-17 18:56:24,595 [WARN] PackLoader:240 - Cannot read IP mode file for RealThread.X-CUBE-RT-Thread_Nano.4.1.1
2025-12-17 18:56:24,603 [WARN] PackLoader:240 - Cannot read IP mode file for STMicroelectronics.FP-ATR-SIGFOX1.3.2.0
2025-12-17 18:56:24,611 [WARN] PackLoader:240 - Cannot read IP mode file for ITTIA_DB.I-CUBE-ITTIADB.8.9.0
2025-12-17 18:56:24,616 [WARN] PackLoader:240 - Cannot read IP mode file for STMicroelectronics.X-CUBE-AI.10.2.0
2025-12-17 18:56:24,655 [WARN] PackLoader:240 - Cannot read IP mode file for SEGGER.I-CUBE-embOS.1.3.1
2025-12-17 18:56:24,711 [WARN] PackLoader:240 - Cannot read IP mode file for STMicroelectronics.X-CUBE-ALGOBUILD.1.4.0
2025-12-17 18:56:24,722 [WARN] PackLoader:240 - Cannot read IP mode file for STMicroelectronics.X-CUBE-PM33A1.1.0.0
2025-12-17 18:56:24,749 [WARN] PackLoader:240 - Cannot read IP mode file for STMicroelectronics.X-CUBE-AZRTOS-F4.1.1.0
2025-12-17 18:56:24,759 [WARN] PackLoader:240 - Cannot read IP mode file for STMicroelectronics.X-CUBE-ISPU.2.1.0
2025-12-17 18:56:24,777 [WARN] PackLoader:240 - Cannot read IP mode file for STMicroelectronics.X-CUBE-IPS.3.2.0
2025-12-17 18:56:24,795 [WARN] PackLoader:240 - Cannot read IP mode file for STMicroelectronics.X-CUBE-NFC12.1.0.0
2025-12-17 18:56:24,814 [WARN] PackLoader:240 - Cannot read IP mode file for STMicroelectronics.X-CUBE-AZRTOS-L5.2.0.0
2025-12-17 18:56:24,826 [WARN] PackLoader:240 - Cannot read IP mode file for STMicroelectronics.X-CUBE-NFC6.3.1.0
2025-12-17 18:56:24,832 [WARN] PackLoader:240 - Cannot read IP mode file for STMicroelectronics.X-CUBE-TOUCHGFX.4.26.0
2025-12-17 18:56:24,839 [WARN] PackLoader:240 - Cannot read IP mode file for STMicroelectronics.FP-SNS-STAIOTCFT.1.0.0
2025-12-17 18:56:24,848 [WARN] PackLoader:240 - Cannot read IP mode file for STMicroelectronics.X-CUBE-DPower.1.3.0
2025-12-17 18:56:24,868 [WARN] ConditionMgr:438 - getConditionDescription Invalid condition id : LAN8742 Phy interface Condition cause : null
2025-12-17 18:56:24,869 [WARN] PackLoader:240 - Cannot read IP mode file for STMicroelectronics.X-CUBE-AZRTOS-L4.2.0.0
2025-12-17 18:56:24,870 [WARN] ConditionMgr:1044 - genDependencies : Invalid condition id : LAN8742 Phy interface Condition cause : null
2025-12-17 18:56:24,871 [WARN] ConditionMgr:1044 - genDependencies : Invalid condition id : LAN8742 Phy interface Condition cause : null
2025-12-17 18:56:24,871 [WARN] ConditionMgr:1044 - genDependencies : Invalid condition id : LAN8742 Phy interface Condition cause : null
2025-12-17 18:56:24,880 [WARN] PackLoader:240 - Cannot read IP mode file for STMicroelectronics.X-CUBE-SFXS2LP1.4.0.0
2025-12-17 18:56:24,892 [WARN] PackLoader:240 - Cannot read IP mode file for STMicroelectronics.X-CUBE-BLEMGR.4.1.0
2025-12-17 18:56:24,911 [WARN] ConditionMgr:438 - getConditionDescription Invalid condition id : UX DEVICE CLASS RTOS Condition cause : null
2025-12-17 18:56:24,912 [WARN] ConditionMgr:438 - getConditionDescription Invalid condition id : UX DEVICE CLASS RTOS Condition cause : null
2025-12-17 18:56:24,915 [WARN] PackLoader:240 - Cannot read IP mode file for STMicroelectronics.X-CUBE-AZRTOS-WB.2.0.0
2025-12-17 18:56:24,915 [WARN] ConditionMgr:1044 - genDependencies : Invalid condition id : UX DEVICE CLASS RTOS Condition cause : null
2025-12-17 18:56:24,915 [WARN] ConditionMgr:1044 - genDependencies : Invalid condition id : UX DEVICE CLASS RTOS Condition cause : null
2025-12-17 18:56:24,916 [WARN] ConditionMgr:1044 - genDependencies : Invalid condition id : UX DEVICE CLASS RTOS Condition cause : null
2025-12-17 18:56:24,916 [WARN] ConditionMgr:1044 - genDependencies : Invalid condition id : UX DEVICE CLASS RTOS Condition cause : null
2025-12-17 18:56:24,916 [WARN] ConditionMgr:1044 - genDependencies : Invalid condition id : UX DEVICE CLASS RTOS Condition cause : null
2025-12-17 18:56:24,923 [WARN] ConditionMgr:438 - getConditionDescription Invalid condition id : Cortex-A Device cause : null
2025-12-17 18:56:24,933 [WARN] ConditionMgr:1044 - genDependencies : Invalid condition id : Cortex-A Device cause : null
2025-12-17 18:56:24,933 [WARN] ConditionMgr:1044 - genDependencies : Invalid condition id : Cortex-A Device cause : null
2025-12-17 18:56:24,933 [WARN] ConditionMgr:1044 - genDependencies : Invalid condition id : Cortex-A Device cause : null
2025-12-17 18:56:24,954 [WARN] PackLoader:240 - Cannot read IP mode file for STMicroelectronics.X-CUBE-SUBG2.5.0.0
2025-12-17 18:56:24,977 [WARN] PackLoader:240 - Cannot read IP mode file for STMicroelectronics.X-CUBE-AZRTOS-G4.2.0.0
2025-12-17 18:56:24,985 [WARN] PackLoader:240 - Cannot read IP mode file for wolfSSL.I-CUBE-wolfSSH.1.4.20
2025-12-17 18:56:24,991 [WARN] PackLoader:240 - Cannot read IP mode file for STMicroelectronics.X-CUBE-NFC7.2.0.0
2025-12-17 18:56:24,997 [WARN] PackLoader:240 - Cannot read IP mode file for STMicroelectronics.X-CUBE-ALS.1.0.2
2025-12-17 18:56:25,004 [WARN] PackLoader:240 - Cannot read IP mode file for STMicroelectronics.X-CUBE-STSE01.1.0.0
2025-12-17 18:56:25,017 [WARN] PackLoader:240 - Cannot read IP mode file for STMicroelectronics.X-CUBE-TOF1.3.4.3
2025-12-17 18:56:25,025 [INFO] ThirdParty:978 - Integrity check success = true
2025-12-17 18:56:25,025 [INFO] IntegrityCheckThread:100 - exiting critical section [integrity check]
2025-12-17 18:56:25,025 [INFO] IntegrityCheckThread:103 - End integrity checks thread
2025-12-17 18:56:25,085 [INFO] WebApp:463 - Apply proxy settings
2025-12-17 18:56:25,086 [INFO] WebApp:548 - Chromium requires no authentication
2025-12-17 18:56:25,105 [INFO] WebApp:491 - Direct internet connection detected
2025-12-17 18:56:25,146 [INFO] WebApp:900 - Register for checkConnection events
2025-12-17 18:56:25,147 [INFO] WebApp:463 - Apply proxy settings
2025-12-17 18:56:25,147 [INFO] WebApp:548 - Chromium requires no authentication
2025-12-17 18:56:25,147 [INFO] WebApp:491 - Direct internet connection detected
2025-12-17 18:56:25,396 [INFO] WebApp:225 - Starting web application
2025-12-17 18:56:25,397 [INFO] WebApp:593 - Web application path used C:\ST\STM32CubeIDE_1.19.0\STM32CubeIDE\plugins\com.st.stm32cube.common.mx_6.15.0.202507011659\db\plugins\mcufinder\reactClient1\index.html
2025-12-17 18:56:25,513 [INFO] UserAuth:487 - Internet connection configuration mode: 1
2025-12-17 18:56:25,645 [ERROR] LogOutputStream:75 - [STDERR_REDIRECT] [Fatal Error] :1:1: Premature end of file.
2025-12-17 18:56:25,646 [ERROR] LogOutputStream:75 - [STDERR_REDIRECT] 
2025-12-17 18:56:26,626 [ERROR] LogOutputStream:75 - [STDERR_REDIRECT] [Fatal Error] :1:1: Premature end of file.
2025-12-17 18:56:26,626 [ERROR] LogOutputStream:75 - [STDERR_REDIRECT] 
2025-12-17 18:56:27,628 [ERROR] LogOutputStream:75 - [STDERR_REDIRECT] [Fatal Error] :1:1: Premature end of file.
2025-12-17 18:56:27,629 [ERROR] LogOutputStream:75 - [STDERR_REDIRECT] 
2025-12-17 18:56:28,321 [INFO] WebApp:191 - Connection restablished
2025-12-17 18:56:28,624 [ERROR] LogOutputStream:75 - [STDERR_REDIRECT] [Fatal Error] :1:1: Premature end of file.
2025-12-17 18:56:28,625 [ERROR] LogOutputStream:75 - [STDERR_REDIRECT] 
2025-12-17 18:56:29,620 [ERROR] LogOutputStream:75 - [STDERR_REDIRECT] [Fatal Error] :1:1: Premature end of file.
2025-12-17 18:56:29,620 [ERROR] LogOutputStream:75 - [STDERR_REDIRECT] 
2025-12-17 18:56:30,614 [ERROR] LogOutputStream:75 - [STDERR_REDIRECT] [Fatal Error] :1:1: Premature end of file.
2025-12-17 18:56:30,616 [ERROR] LogOutputStream:75 - [STDERR_REDIRECT] 
2025-12-17 18:56:31,623 [ERROR] LogOutputStream:75 - [STDERR_REDIRECT] [Fatal Error] :1:1: Premature end of file.
2025-12-17 18:56:31,624 [ERROR] LogOutputStream:75 - [STDERR_REDIRECT] 
2025-12-17 18:56:32,625 [ERROR] LogOutputStream:75 - [STDERR_REDIRECT] [Fatal Error] :1:1: Premature end of file.
2025-12-17 18:56:32,625 [ERROR] LogOutputStream:75 - [STDERR_REDIRECT] 
2025-12-17 18:56:33,627 [ERROR] LogOutputStream:75 - [STDERR_REDIRECT] [Fatal Error] :1:1: Premature end of file.
2025-12-17 18:56:33,627 [ERROR] LogOutputStream:75 - [STDERR_REDIRECT] 
2025-12-17 18:56:34,625 [ERROR] LogOutputStream:75 - [STDERR_REDIRECT] [Fatal Error] :1:1: Premature end of file.
2025-12-17 18:56:34,625 [ERROR] LogOutputStream:75 - [STDERR_REDIRECT] 
2025-12-17 18:56:35,623 [ERROR] LogOutputStream:75 - [STDERR_REDIRECT] [Fatal Error] :1:1: Premature end of file.
2025-12-17 18:56:35,623 [ERROR] LogOutputStream:75 - [STDERR_REDIRECT] 
2025-12-17 18:56:36,624 [ERROR] LogOutputStream:75 - [STDERR_REDIRECT] [Fatal Error] :1:1: Premature end of file.
2025-12-17 18:56:36,625 [ERROR] LogOutputStream:75 - [STDERR_REDIRECT] 
2025-12-17 18:56:37,625 [ERROR] LogOutputStream:75 - [STDERR_REDIRECT] [Fatal Error] :1:1: Premature end of file.
2025-12-17 18:56:37,625 [ERROR] LogOutputStream:75 - [STDERR_REDIRECT] 
2025-12-17 18:56:38,624 [ERROR] LogOutputStream:75 - [STDERR_REDIRECT] [Fatal Error] :1:1: Premature end of file.
2025-12-17 18:56:38,624 [ERROR] LogOutputStream:75 - [STDERR_REDIRECT] 
2025-12-17 18:56:39,626 [ERROR] LogOutputStream:75 - [STDERR_REDIRECT] [Fatal Error] :1:1: Premature end of file.
2025-12-17 18:56:39,627 [ERROR] LogOutputStream:75 - [STDERR_REDIRECT] 
2025-12-17 18:56:40,623 [ERROR] LogOutputStream:75 - [STDERR_REDIRECT] [Fatal Error] :1:1: Premature end of file.
2025-12-17 18:56:40,623 [ERROR] LogOutputStream:75 - [STDERR_REDIRECT] 
2025-12-17 18:56:41,626 [ERROR] LogOutputStream:75 - [STDERR_REDIRECT] [Fatal Error] :1:1: Premature end of file.
2025-12-17 18:56:41,627 [ERROR] LogOutputStream:75 - [STDERR_REDIRECT] 
2025-12-17 18:56:42,639 [ERROR] LogOutputStream:75 - [STDERR_REDIRECT] [Fatal Error] :1:1: Premature end of file.
2025-12-17 18:56:42,639 [ERROR] LogOutputStream:75 - [STDERR_REDIRECT] 
2025-12-17 18:56:43,624 [ERROR] LogOutputStream:75 - [STDERR_REDIRECT] [Fatal Error] :1:1: Premature end of file.
2025-12-17 18:56:43,624 [ERROR] LogOutputStream:75 - [STDERR_REDIRECT] 
2025-12-17 18:56:44,625 [ERROR] LogOutputStream:75 - [STDERR_REDIRECT] [Fatal Error] :1:1: Premature end of file.
2025-12-17 18:56:44,625 [ERROR] LogOutputStream:75 - [STDERR_REDIRECT] 
2025-12-17 18:56:45,626 [ERROR] LogOutputStream:75 - [STDERR_REDIRECT] [Fatal Error] :1:1: Premature end of file.
2025-12-17 18:56:45,627 [ERROR] LogOutputStream:75 - [STDERR_REDIRECT] 
2025-12-17 18:56:46,630 [ERROR] LogOutputStream:75 - [STDERR_REDIRECT] [Fatal Error] :1:1: Premature end of file.
2025-12-17 18:56:46,630 [ERROR] LogOutputStream:75 - [STDERR_REDIRECT] 
2025-12-17 18:56:47,622 [ERROR] LogOutputStream:75 - [STDERR_REDIRECT] [Fatal Error] :1:1: Premature end of file.
2025-12-17 18:56:47,622 [ERROR] LogOutputStream:75 - [STDERR_REDIRECT] 
2025-12-17 18:56:48,641 [ERROR] LogOutputStream:75 - [STDERR_REDIRECT] [Fatal Error] :1:1: Premature end of file.
2025-12-17 18:56:48,642 [ERROR] LogOutputStream:75 - [STDERR_REDIRECT] 
2025-12-17 18:56:49,626 [ERROR] LogOutputStream:75 - [STDERR_REDIRECT] [Fatal Error] :1:1: Premature end of file.
2025-12-17 18:56:49,627 [ERROR] LogOutputStream:75 - [STDERR_REDIRECT] 
2025-12-17 18:56:50,626 [ERROR] LogOutputStream:75 - [STDERR_REDIRECT] [Fatal Error] :1:1: Premature end of file.
2025-12-17 18:56:50,626 [ERROR] LogOutputStream:75 - [STDERR_REDIRECT] 
2025-12-17 18:56:51,624 [ERROR] LogOutputStream:75 - [STDERR_REDIRECT] [Fatal Error] :1:1: Premature end of file.
2025-12-17 18:56:51,625 [ERROR] LogOutputStream:75 - [STDERR_REDIRECT] 
2025-12-17 18:56:52,631 [ERROR] LogOutputStream:75 - [STDERR_REDIRECT] [Fatal Error] :1:1: Premature end of file.
2025-12-17 18:56:52,631 [ERROR] LogOutputStream:75 - [STDERR_REDIRECT] 
2025-12-17 18:56:53,617 [ERROR] LogOutputStream:75 - [STDERR_REDIRECT] [Fatal Error] :1:1: Premature end of file.
2025-12-17 18:56:53,618 [ERROR] LogOutputStream:75 - [STDERR_REDIRECT] 
2025-12-17 18:56:54,613 [ERROR] LogOutputStream:75 - [STDERR_REDIRECT] [Fatal Error] :1:1: Premature end of file.
2025-12-17 18:56:54,614 [ERROR] LogOutputStream:75 - [STDERR_REDIRECT] 
2025-12-17 18:56:55,235 [INFO] WebApp:194 - Connection lost
2025-12-17 18:56:55,498 [INFO] WebApp:191 - Connection restablished
2025-12-17 18:56:55,632 [ERROR] LogOutputStream:75 - [STDERR_REDIRECT] [Fatal Error] :1:1: Premature end of file.
2025-12-17 18:56:55,632 [ERROR] LogOutputStream:75 - [STDERR_REDIRECT] 
2025-12-17 18:56:56,625 [ERROR] LogOutputStream:75 - [STDERR_REDIRECT] [Fatal Error] :1:1: Premature end of file.
2025-12-17 18:56:56,625 [ERROR] LogOutputStream:75 - [STDERR_REDIRECT] 
2025-12-17 18:56:57,619 [ERROR] LogOutputStream:75 - [STDERR_REDIRECT] [Fatal Error] :1:1: Premature end of file.
2025-12-17 18:56:57,619 [ERROR] LogOutputStream:75 - [STDERR_REDIRECT] 
2025-12-17 18:56:58,614 [ERROR] LogOutputStream:75 - [STDERR_REDIRECT] [Fatal Error] :1:1: Premature end of file.
2025-12-17 18:56:58,615 [ERROR] LogOutputStream:75 - [STDERR_REDIRECT] 
2025-12-17 18:56:59,623 [ERROR] LogOutputStream:75 - [STDERR_REDIRECT] [Fatal Error] :1:1: Premature end of file.
2025-12-17 18:56:59,623 [ERROR] LogOutputStream:75 - [STDERR_REDIRECT] 
2025-12-17 18:57:00,634 [ERROR] LogOutputStream:75 - [STDERR_REDIRECT] [Fatal Error] :1:1: Premature end of file.
2025-12-17 18:57:00,635 [ERROR] LogOutputStream:75 - [STDERR_REDIRECT] 
2025-12-17 18:57:01,624 [ERROR] LogOutputStream:75 - [STDERR_REDIRECT] [Fatal Error] :1:1: Premature end of file.
2025-12-17 18:57:01,624 [ERROR] LogOutputStream:75 - [STDERR_REDIRECT] 
2025-12-17 18:57:02,624 [ERROR] LogOutputStream:75 - [STDERR_REDIRECT] [Fatal Error] :1:1: Premature end of file.
2025-12-17 18:57:02,624 [ERROR] LogOutputStream:75 - [STDERR_REDIRECT] 
2025-12-17 18:57:03,624 [ERROR] LogOutputStream:75 - [STDERR_REDIRECT] [Fatal Error] :1:1: Premature end of file.
2025-12-17 18:57:03,625 [ERROR] LogOutputStream:75 - [STDERR_REDIRECT] 
2025-12-17 18:57:04,624 [ERROR] LogOutputStream:75 - [STDERR_REDIRECT] [Fatal Error] :1:1: Premature end of file.
2025-12-17 18:57:04,624 [ERROR] LogOutputStream:75 - [STDERR_REDIRECT] 
2025-12-17 18:57:05,623 [ERROR] LogOutputStream:75 - [STDERR_REDIRECT] [Fatal Error] :1:1: Premature end of file.
2025-12-17 18:57:05,623 [ERROR] LogOutputStream:75 - [STDERR_REDIRECT] 
2025-12-17 18:57:06,630 [ERROR] LogOutputStream:75 - [STDERR_REDIRECT] [Fatal Error] :1:1: Premature end of file.
2025-12-17 18:57:06,630 [ERROR] LogOutputStream:75 - [STDERR_REDIRECT] 
2025-12-17 18:57:07,621 [ERROR] LogOutputStream:75 - [STDERR_REDIRECT] [Fatal Error] :1:1: Premature end of file.
2025-12-17 18:57:07,623 [ERROR] LogOutputStream:75 - [STDERR_REDIRECT] 
2025-12-17 18:57:08,621 [ERROR] LogOutputStream:75 - [STDERR_REDIRECT] [Fatal Error] :1:1: Premature end of file.
2025-12-17 18:57:08,621 [ERROR] LogOutputStream:75 - [STDERR_REDIRECT] 
2025-12-17 18:57:09,625 [ERROR] LogOutputStream:75 - [STDERR_REDIRECT] [Fatal Error] :1:1: Premature end of file.
2025-12-17 18:57:09,625 [ERROR] LogOutputStream:75 - [STDERR_REDIRECT] 
2025-12-17 18:57:10,631 [ERROR] LogOutputStream:75 - [STDERR_REDIRECT] [Fatal Error] :1:1: Premature end of file.
2025-12-17 18:57:10,632 [ERROR] LogOutputStream:75 - [STDERR_REDIRECT] 
2025-12-17 18:57:11,622 [ERROR] LogOutputStream:75 - [STDERR_REDIRECT] [Fatal Error] :1:1: Premature end of file.
2025-12-17 18:57:11,622 [ERROR] LogOutputStream:75 - [STDERR_REDIRECT] 
2025-12-17 18:57:12,624 [ERROR] LogOutputStream:75 - [STDERR_REDIRECT] [Fatal Error] :1:1: Premature end of file.
2025-12-17 18:57:12,625 [ERROR] LogOutputStream:75 - [STDERR_REDIRECT] 
2025-12-17 18:57:13,627 [ERROR] LogOutputStream:75 - [STDERR_REDIRECT] [Fatal Error] :1:1: Premature end of file.
2025-12-17 18:57:13,627 [ERROR] LogOutputStream:75 - [STDERR_REDIRECT] 
2025-12-17 18:57:14,623 [ERROR] LogOutputStream:75 - [STDERR_REDIRECT] [Fatal Error] :1:1: Premature end of file.
2025-12-17 18:57:14,623 [ERROR] LogOutputStream:75 - [STDERR_REDIRECT] 
2025-12-17 18:57:15,626 [ERROR] LogOutputStream:75 - [STDERR_REDIRECT] [Fatal Error] :1:1: Premature end of file.
2025-12-17 18:57:15,626 [ERROR] LogOutputStream:75 - [STDERR_REDIRECT] 
2025-12-17 18:57:16,622 [ERROR] LogOutputStream:75 - [STDERR_REDIRECT] [Fatal Error] :1:1: Premature end of file.
2025-12-17 18:57:16,622 [ERROR] LogOutputStream:75 - [STDERR_REDIRECT] 
2025-12-17 18:57:17,620 [ERROR] LogOutputStream:75 - [STDERR_REDIRECT] [Fatal Error] :1:1: Premature end of file.
2025-12-17 18:57:17,620 [ERROR] LogOutputStream:75 - [STDERR_REDIRECT] 
2025-12-17 18:57:18,624 [ERROR] LogOutputStream:75 - [STDERR_REDIRECT] [Fatal Error] :1:1: Premature end of file.
2025-12-17 18:57:18,624 [ERROR] LogOutputStream:75 - [STDERR_REDIRECT] 
2025-12-17 18:57:19,622 [ERROR] LogOutputStream:75 - [STDERR_REDIRECT] [Fatal Error] :1:1: Premature end of file.
2025-12-17 18:57:19,623 [ERROR] LogOutputStream:75 - [STDERR_REDIRECT] 
2025-12-17 18:57:20,628 [ERROR] LogOutputStream:75 - [STDERR_REDIRECT] [Fatal Error] :1:1: Premature end of file.
2025-12-17 18:57:20,629 [ERROR] LogOutputStream:75 - [STDERR_REDIRECT] 
2025-12-17 18:57:21,627 [ERROR] LogOutputStream:75 - [STDERR_REDIRECT] [Fatal Error] :1:1: Premature end of file.
2025-12-17 18:57:21,628 [ERROR] LogOutputStream:75 - [STDERR_REDIRECT] 
2025-12-17 18:57:22,621 [ERROR] LogOutputStream:75 - [STDERR_REDIRECT] [Fatal Error] :1:1: Premature end of file.
2025-12-17 18:57:22,622 [ERROR] LogOutputStream:75 - [STDERR_REDIRECT] 
2025-12-17 18:57:23,628 [ERROR] LogOutputStream:75 - [STDERR_REDIRECT] [Fatal Error] :1:1: Premature end of file.
2025-12-17 18:57:23,629 [ERROR] LogOutputStream:75 - [STDERR_REDIRECT] 
2025-12-17 18:57:24,623 [ERROR] LogOutputStream:75 - [STDERR_REDIRECT] [Fatal Error] :1:1: Premature end of file.
2025-12-17 18:57:24,623 [ERROR] LogOutputStream:75 - [STDERR_REDIRECT] 
2025-12-17 18:57:25,627 [ERROR] LogOutputStream:75 - [STDERR_REDIRECT] [Fatal Error] :1:1: Premature end of file.
2025-12-17 18:57:25,628 [ERROR] LogOutputStream:75 - [STDERR_REDIRECT] 
2025-12-17 18:57:26,653 [ERROR] LogOutputStream:75 - [STDERR_REDIRECT] [Fatal Error] :1:1: Premature end of file.
2025-12-17 18:57:26,654 [ERROR] LogOutputStream:75 - [STDERR_REDIRECT] 
2025-12-17 18:57:27,626 [ERROR] LogOutputStream:75 - [STDERR_REDIRECT] [Fatal Error] :1:1: Premature end of file.
2025-12-17 18:57:27,627 [ERROR] LogOutputStream:75 - [STDERR_REDIRECT] 
2025-12-17 18:57:28,623 [ERROR] LogOutputStream:75 - [STDERR_REDIRECT] [Fatal Error] :1:1: Premature end of file.
2025-12-17 18:57:28,623 [ERROR] LogOutputStream:75 - [STDERR_REDIRECT] 
2025-12-17 18:57:29,623 [ERROR] LogOutputStream:75 - [STDERR_REDIRECT] [Fatal Error] :1:1: Premature end of file.
2025-12-17 18:57:29,623 [ERROR] LogOutputStream:75 - [STDERR_REDIRECT] 
2025-12-17 18:57:30,623 [ERROR] LogOutputStream:75 - [STDERR_REDIRECT] [Fatal Error] :1:1: Premature end of file.
2025-12-17 18:57:30,623 [ERROR] LogOutputStream:75 - [STDERR_REDIRECT] 
2025-12-17 18:57:31,624 [ERROR] LogOutputStream:75 - [STDERR_REDIRECT] [Fatal Error] :1:1: Premature end of file.
2025-12-17 18:57:31,624 [ERROR] LogOutputStream:75 - [STDERR_REDIRECT] 
2025-12-17 18:57:32,623 [ERROR] LogOutputStream:75 - [STDERR_REDIRECT] [Fatal Error] :1:1: Premature end of file.
2025-12-17 18:57:32,624 [ERROR] LogOutputStream:75 - [STDERR_REDIRECT] 
2025-12-17 18:57:33,631 [ERROR] LogOutputStream:75 - [STDERR_REDIRECT] [Fatal Error] :1:1: Premature end of file.
2025-12-17 18:57:33,631 [ERROR] LogOutputStream:75 - [STDERR_REDIRECT] 
2025-12-17 18:57:34,622 [ERROR] LogOutputStream:75 - [STDERR_REDIRECT] [Fatal Error] :1:1: Premature end of file.
2025-12-17 18:57:34,622 [ERROR] LogOutputStream:75 - [STDERR_REDIRECT] 
2025-12-17 18:57:35,626 [ERROR] LogOutputStream:75 - [STDERR_REDIRECT] [Fatal Error] :1:1: Premature end of file.
2025-12-17 18:57:35,626 [ERROR] LogOutputStream:75 - [STDERR_REDIRECT] 
2025-12-17 18:57:36,625 [ERROR] LogOutputStream:75 - [STDERR_REDIRECT] [Fatal Error] :1:1: Premature end of file.
2025-12-17 18:57:36,626 [ERROR] LogOutputStream:75 - [STDERR_REDIRECT] 
2025-12-17 18:57:37,630 [ERROR] LogOutputStream:75 - [STDERR_REDIRECT] [Fatal Error] :1:1: Premature end of file.
2025-12-17 18:57:37,631 [ERROR] LogOutputStream:75 - [STDERR_REDIRECT] 
2025-12-17 18:57:38,620 [ERROR] LogOutputStream:75 - [STDERR_REDIRECT] [Fatal Error] :1:1: Premature end of file.
2025-12-17 18:57:38,620 [ERROR] LogOutputStream:75 - [STDERR_REDIRECT] 
2025-12-17 18:57:39,626 [ERROR] LogOutputStream:75 - [STDERR_REDIRECT] [Fatal Error] :1:1: Premature end of file.
2025-12-17 18:57:39,627 [ERROR] LogOutputStream:75 - [STDERR_REDIRECT] 
2025-12-17 18:57:40,622 [ERROR] LogOutputStream:75 - [STDERR_REDIRECT] [Fatal Error] :1:1: Premature end of file.
2025-12-17 18:57:40,622 [ERROR] LogOutputStream:75 - [STDERR_REDIRECT] 
2025-12-17 18:57:41,622 [ERROR] LogOutputStream:75 - [STDERR_REDIRECT] [Fatal Error] :1:1: Premature end of file.
2025-12-17 18:57:41,622 [ERROR] LogOutputStream:75 - [STDERR_REDIRECT] 
2025-12-17 18:57:42,623 [ERROR] LogOutputStream:75 - [STDERR_REDIRECT] [Fatal Error] :1:1: Premature end of file.
2025-12-17 18:57:42,623 [ERROR] LogOutputStream:75 - [STDERR_REDIRECT] 
2025-12-17 18:57:43,621 [ERROR] LogOutputStream:75 - [STDERR_REDIRECT] [Fatal Error] :1:1: Premature end of file.
2025-12-17 18:57:43,621 [ERROR] LogOutputStream:75 - [STDERR_REDIRECT] 
2025-12-17 18:57:44,621 [ERROR] LogOutputStream:75 - [STDERR_REDIRECT] [Fatal Error] :1:1: Premature end of file.
2025-12-17 18:57:44,621 [ERROR] LogOutputStream:75 - [STDERR_REDIRECT] 
2025-12-17 18:57:45,624 [ERROR] LogOutputStream:75 - [STDERR_REDIRECT] [Fatal Error] :1:1: Premature end of file.
2025-12-17 18:57:45,624 [ERROR] LogOutputStream:75 - [STDERR_REDIRECT] 
2025-12-17 18:57:46,624 [ERROR] LogOutputStream:75 - [STDERR_REDIRECT] [Fatal Error] :1:1: Premature end of file.
2025-12-17 18:57:46,624 [ERROR] LogOutputStream:75 - [STDERR_REDIRECT] 
2025-12-17 18:57:47,622 [ERROR] LogOutputStream:75 - [STDERR_REDIRECT] [Fatal Error] :1:1: Premature end of file.
2025-12-17 18:57:47,624 [ERROR] LogOutputStream:75 - [STDERR_REDIRECT] 
2025-12-17 18:57:48,622 [ERROR] LogOutputStream:75 - [STDERR_REDIRECT] [Fatal Error] :1:1: Premature end of file.
2025-12-17 18:57:48,622 [ERROR] LogOutputStream:75 - [STDERR_REDIRECT] 
2025-12-17 18:57:49,624 [ERROR] LogOutputStream:75 - [STDERR_REDIRECT] [Fatal Error] :1:1: Premature end of file.
2025-12-17 18:57:49,624 [ERROR] LogOutputStream:75 - [STDERR_REDIRECT] 
2025-12-17 18:57:50,625 [ERROR] LogOutputStream:75 - [STDERR_REDIRECT] [Fatal Error] :1:1: Premature end of file.
2025-12-17 18:57:50,625 [ERROR] LogOutputStream:75 - [STDERR_REDIRECT] 
2025-12-17 18:57:51,623 [ERROR] LogOutputStream:75 - [STDERR_REDIRECT] [Fatal Error] :1:1: Premature end of file.
2025-12-17 18:57:51,623 [ERROR] LogOutputStream:75 - [STDERR_REDIRECT] 
2025-12-17 18:57:52,621 [ERROR] LogOutputStream:75 - [STDERR_REDIRECT] [Fatal Error] :1:1: Premature end of file.
2025-12-17 18:57:52,621 [ERROR] LogOutputStream:75 - [STDERR_REDIRECT] 
2025-12-17 18:57:53,638 [ERROR] LogOutputStream:75 - [STDERR_REDIRECT] [Fatal Error] :1:1: Premature end of file.
2025-12-17 18:57:53,639 [ERROR] LogOutputStream:75 - [STDERR_REDIRECT] 
2025-12-17 18:57:54,623 [ERROR] LogOutputStream:75 - [STDERR_REDIRECT] [Fatal Error] :1:1: Premature end of file.
2025-12-17 18:57:54,623 [ERROR] LogOutputStream:75 - [STDERR_REDIRECT] 
2025-12-17 18:57:55,621 [ERROR] LogOutputStream:75 - [STDERR_REDIRECT] [Fatal Error] :1:1: Premature end of file.
2025-12-17 18:57:55,622 [ERROR] LogOutputStream:75 - [STDERR_REDIRECT] 
2025-12-17 18:57:56,626 [ERROR] LogOutputStream:75 - [STDERR_REDIRECT] [Fatal Error] :1:1: Premature end of file.
2025-12-17 18:57:56,626 [ERROR] LogOutputStream:75 - [STDERR_REDIRECT] 
2025-12-17 18:57:57,648 [ERROR] LogOutputStream:75 - [STDERR_REDIRECT] [Fatal Error] :1:1: Premature end of file.
2025-12-17 18:57:57,650 [ERROR] LogOutputStream:75 - [STDERR_REDIRECT] 
2025-12-17 18:57:58,626 [ERROR] LogOutputStream:75 - [STDERR_REDIRECT] [Fatal Error] :1:1: Premature end of file.
2025-12-17 18:57:58,626 [ERROR] LogOutputStream:75 - [STDERR_REDIRECT] 
2025-12-17 18:57:59,622 [ERROR] LogOutputStream:75 - [STDERR_REDIRECT] [Fatal Error] :1:1: Premature end of file.
2025-12-17 18:57:59,622 [ERROR] LogOutputStream:75 - [STDERR_REDIRECT] 
2025-12-17 18:58:00,629 [ERROR] LogOutputStream:75 - [STDERR_REDIRECT] [Fatal Error] :1:1: Premature end of file.
2025-12-17 18:58:00,629 [ERROR] LogOutputStream:75 - [STDERR_REDIRECT] 
2025-12-17 18:58:01,622 [ERROR] LogOutputStream:75 - [STDERR_REDIRECT] [Fatal Error] :1:1: Premature end of file.
2025-12-17 18:58:01,622 [ERROR] LogOutputStream:75 - [STDERR_REDIRECT] 
2025-12-17 18:58:02,622 [ERROR] LogOutputStream:75 - [STDERR_REDIRECT] [Fatal Error] :1:1: Premature end of file.
2025-12-17 18:58:02,622 [ERROR] LogOutputStream:75 - [STDERR_REDIRECT] 
2025-12-17 18:58:03,623 [ERROR] LogOutputStream:75 - [STDERR_REDIRECT] [Fatal Error] :1:1: Premature end of file.
2025-12-17 18:58:03,624 [ERROR] LogOutputStream:75 - [STDERR_REDIRECT] 
2025-12-17 18:58:04,632 [ERROR] LogOutputStream:75 - [STDERR_REDIRECT] [Fatal Error] :1:1: Premature end of file.
2025-12-17 18:58:04,633 [ERROR] LogOutputStream:75 - [STDERR_REDIRECT] 
2025-12-17 18:58:05,621 [ERROR] LogOutputStream:75 - [STDERR_REDIRECT] [Fatal Error] :1:1: Premature end of file.
2025-12-17 18:58:05,622 [ERROR] LogOutputStream:75 - [STDERR_REDIRECT] 
2025-12-17 18:58:06,622 [ERROR] LogOutputStream:75 - [STDERR_REDIRECT] [Fatal Error] :1:1: Premature end of file.
2025-12-17 18:58:06,622 [ERROR] LogOutputStream:75 - [STDERR_REDIRECT] 
2025-12-17 18:58:07,624 [ERROR] LogOutputStream:75 - [STDERR_REDIRECT] [Fatal Error] :1:1: Premature end of file.
2025-12-17 18:58:07,624 [ERROR] LogOutputStream:75 - [STDERR_REDIRECT] 
2025-12-17 18:58:08,622 [ERROR] LogOutputStream:75 - [STDERR_REDIRECT] [Fatal Error] :1:1: Premature end of file.
2025-12-17 18:58:08,623 [ERROR] LogOutputStream:75 - [STDERR_REDIRECT] 
2025-12-17 18:58:09,629 [ERROR] LogOutputStream:75 - [STDERR_REDIRECT] [Fatal Error] :1:1: Premature end of file.
2025-12-17 18:58:09,630 [ERROR] LogOutputStream:75 - [STDERR_REDIRECT] 
2025-12-17 18:58:10,632 [ERROR] LogOutputStream:75 - [STDERR_REDIRECT] [Fatal Error] :1:1: Premature end of file.
2025-12-17 18:58:10,632 [ERROR] LogOutputStream:75 - [STDERR_REDIRECT] 
2025-12-17 18:58:11,622 [ERROR] LogOutputStream:75 - [STDERR_REDIRECT] [Fatal Error] :1:1: Premature end of file.
2025-12-17 18:58:11,622 [ERROR] LogOutputStream:75 - [STDERR_REDIRECT] 
2025-12-17 18:58:12,622 [ERROR] LogOutputStream:75 - [STDERR_REDIRECT] [Fatal Error] :1:1: Premature end of file.
2025-12-17 18:58:12,623 [ERROR] LogOutputStream:75 - [STDERR_REDIRECT] 
2025-12-17 18:58:13,621 [ERROR] LogOutputStream:75 - [STDERR_REDIRECT] [Fatal Error] :1:1: Premature end of file.
2025-12-17 18:58:13,622 [ERROR] LogOutputStream:75 - [STDERR_REDIRECT] 
2025-12-17 18:58:14,623 [ERROR] LogOutputStream:75 - [STDERR_REDIRECT] [Fatal Error] :1:1: Premature end of file.
2025-12-17 18:58:14,624 [ERROR] LogOutputStream:75 - [STDERR_REDIRECT] 
2025-12-17 18:58:15,651 [ERROR] LogOutputStream:75 - [STDERR_REDIRECT] [Fatal Error] :1:1: Premature end of file.
2025-12-17 18:58:15,653 [ERROR] LogOutputStream:75 - [STDERR_REDIRECT] 
2025-12-17 18:58:16,621 [ERROR] LogOutputStream:75 - [STDERR_REDIRECT] [Fatal Error] :1:1: Premature end of file.
2025-12-17 18:58:16,621 [ERROR] LogOutputStream:75 - [STDERR_REDIRECT] 
2025-12-17 18:58:17,620 [ERROR] LogOutputStream:75 - [STDERR_REDIRECT] [Fatal Error] :1:1: Premature end of file.
2025-12-17 18:58:17,620 [ERROR] LogOutputStream:75 - [STDERR_REDIRECT] 
2025-12-17 18:58:18,623 [ERROR] LogOutputStream:75 - [STDERR_REDIRECT] [Fatal Error] :1:1: Premature end of file.
2025-12-17 18:58:18,624 [ERROR] LogOutputStream:75 - [STDERR_REDIRECT] 
2025-12-17 18:58:19,626 [ERROR] LogOutputStream:75 - [STDERR_REDIRECT] [Fatal Error] :1:1: Premature end of file.
2025-12-17 18:58:19,627 [ERROR] LogOutputStream:75 - [STDERR_REDIRECT] 
2025-12-17 18:58:20,622 [ERROR] LogOutputStream:75 - [STDERR_REDIRECT] [Fatal Error] :1:1: Premature end of file.
2025-12-17 18:58:20,622 [ERROR] LogOutputStream:75 - [STDERR_REDIRECT] 
2025-12-17 18:58:21,624 [ERROR] LogOutputStream:75 - [STDERR_REDIRECT] [Fatal Error] :1:1: Premature end of file.
2025-12-17 18:58:21,625 [ERROR] LogOutputStream:75 - [STDERR_REDIRECT] 
2025-12-17 18:58:22,622 [ERROR] LogOutputStream:75 - [STDERR_REDIRECT] [Fatal Error] :1:1: Premature end of file.
2025-12-17 18:58:22,623 [ERROR] LogOutputStream:75 - [STDERR_REDIRECT] 
2025-12-17 18:58:23,625 [ERROR] LogOutputStream:75 - [STDERR_REDIRECT] [Fatal Error] :1:1: Premature end of file.
2025-12-17 18:58:23,625 [ERROR] LogOutputStream:75 - [STDERR_REDIRECT] 
2025-12-17 18:58:24,632 [ERROR] LogOutputStream:75 - [STDERR_REDIRECT] [Fatal Error] :1:1: Premature end of file.
2025-12-17 18:58:24,633 [ERROR] LogOutputStream:75 - [STDERR_REDIRECT] 
2025-12-17 18:58:25,632 [ERROR] LogOutputStream:75 - [STDERR_REDIRECT] [Fatal Error] :1:1: Premature end of file.
2025-12-17 18:58:25,633 [ERROR] LogOutputStream:75 - [STDERR_REDIRECT] 
2025-12-17 18:58:26,645 [ERROR] LogOutputStream:75 - [STDERR_REDIRECT] [Fatal Error] :1:1: Premature end of file.
2025-12-17 18:58:26,645 [ERROR] LogOutputStream:75 - [STDERR_REDIRECT] 
2025-12-17 18:58:27,625 [ERROR] LogOutputStream:75 - [STDERR_REDIRECT] [Fatal Error] :1:1: Premature end of file.
2025-12-17 18:58:27,626 [ERROR] LogOutputStream:75 - [STDERR_REDIRECT] 
2025-12-17 18:58:28,623 [ERROR] LogOutputStream:75 - [STDERR_REDIRECT] [Fatal Error] :1:1: Premature end of file.
2025-12-17 18:58:28,623 [ERROR] LogOutputStream:75 - [STDERR_REDIRECT] 
2025-12-17 18:58:29,622 [ERROR] LogOutputStream:75 - [STDERR_REDIRECT] [Fatal Error] :1:1: Premature end of file.
2025-12-17 18:58:29,623 [ERROR] LogOutputStream:75 - [STDERR_REDIRECT] 
2025-12-17 18:58:30,621 [ERROR] LogOutputStream:75 - [STDERR_REDIRECT] [Fatal Error] :1:1: Premature end of file.
2025-12-17 18:58:30,621 [ERROR] LogOutputStream:75 - [STDERR_REDIRECT] 
2025-12-17 18:58:31,622 [ERROR] LogOutputStream:75 - [STDERR_REDIRECT] [Fatal Error] :1:1: Premature end of file.
2025-12-17 18:58:31,622 [ERROR] LogOutputStream:75 - [STDERR_REDIRECT] 
2025-12-17 18:58:32,630 [ERROR] LogOutputStream:75 - [STDERR_REDIRECT] [Fatal Error] :1:1: Premature end of file.
2025-12-17 18:58:32,631 [ERROR] LogOutputStream:75 - [STDERR_REDIRECT] 
2025-12-17 18:58:33,622 [ERROR] LogOutputStream:75 - [STDERR_REDIRECT] [Fatal Error] :1:1: Premature end of file.
2025-12-17 18:58:33,622 [ERROR] LogOutputStream:75 - [STDERR_REDIRECT] 
2025-12-17 18:58:34,620 [ERROR] LogOutputStream:75 - [STDERR_REDIRECT] [Fatal Error] :1:1: Premature end of file.
2025-12-17 18:58:34,620 [ERROR] LogOutputStream:75 - [STDERR_REDIRECT] 
2025-12-17 18:58:35,623 [ERROR] LogOutputStream:75 - [STDERR_REDIRECT] [Fatal Error] :1:1: Premature end of file.
2025-12-17 18:58:35,623 [ERROR] LogOutputStream:75 - [STDERR_REDIRECT] 
2025-12-17 18:58:36,618 [ERROR] LogOutputStream:75 - [STDERR_REDIRECT] [Fatal Error] :1:1: Premature end of file.
2025-12-17 18:58:36,619 [ERROR] LogOutputStream:75 - [STDERR_REDIRECT] 
2025-12-17 18:58:37,620 [ERROR] LogOutputStream:75 - [STDERR_REDIRECT] [Fatal Error] :1:1: Premature end of file.
2025-12-17 18:58:37,620 [ERROR] LogOutputStream:75 - [STDERR_REDIRECT] 
2025-12-17 18:58:38,620 [ERROR] LogOutputStream:75 - [STDERR_REDIRECT] [Fatal Error] :1:1: Premature end of file.
2025-12-17 18:58:38,620 [ERROR] LogOutputStream:75 - [STDERR_REDIRECT] 
2025-12-17 18:58:39,623 [ERROR] LogOutputStream:75 - [STDERR_REDIRECT] [Fatal Error] :1:1: Premature end of file.
2025-12-17 18:58:39,624 [ERROR] LogOutputStream:75 - [STDERR_REDIRECT] 
2025-12-17 18:58:40,622 [ERROR] LogOutputStream:75 - [STDERR_REDIRECT] [Fatal Error] :1:1: Premature end of file.
2025-12-17 18:58:40,622 [ERROR] LogOutputStream:75 - [STDERR_REDIRECT] 
2025-12-17 18:58:41,622 [ERROR] LogOutputStream:75 - [STDERR_REDIRECT] [Fatal Error] :1:1: Premature end of file.
2025-12-17 18:58:41,622 [ERROR] LogOutputStream:75 - [STDERR_REDIRECT] 
2025-12-17 18:58:42,622 [ERROR] LogOutputStream:75 - [STDERR_REDIRECT] [Fatal Error] :1:1: Premature end of file.
2025-12-17 18:58:42,622 [ERROR] LogOutputStream:75 - [STDERR_REDIRECT] 
2025-12-17 18:58:43,620 [ERROR] LogOutputStream:75 - [STDERR_REDIRECT] [Fatal Error] :1:1: Premature end of file.
2025-12-17 18:58:43,621 [ERROR] LogOutputStream:75 - [STDERR_REDIRECT] 
2025-12-17 18:58:44,623 [ERROR] LogOutputStream:75 - [STDERR_REDIRECT] [Fatal Error] :1:1: Premature end of file.
2025-12-17 18:58:44,624 [ERROR] LogOutputStream:75 - [STDERR_REDIRECT] 
2025-12-17 18:58:45,621 [ERROR] LogOutputStream:75 - [STDERR_REDIRECT] [Fatal Error] :1:1: Premature end of file.
2025-12-17 18:58:45,622 [ERROR] LogOutputStream:75 - [STDERR_REDIRECT] 
2025-12-17 18:58:46,621 [ERROR] LogOutputStream:75 - [STDERR_REDIRECT] [Fatal Error] :1:1: Premature end of file.
2025-12-17 18:58:46,621 [ERROR] LogOutputStream:75 - [STDERR_REDIRECT] 
2025-12-17 18:58:47,622 [ERROR] LogOutputStream:75 - [STDERR_REDIRECT] [Fatal Error] :1:1: Premature end of file.
2025-12-17 18:58:47,622 [ERROR] LogOutputStream:75 - [STDERR_REDIRECT] 
2025-12-17 18:58:48,621 [ERROR] LogOutputStream:75 - [STDERR_REDIRECT] [Fatal Error] :1:1: Premature end of file.
2025-12-17 18:58:48,622 [ERROR] LogOutputStream:75 - [STDERR_REDIRECT] 
2025-12-17 18:58:49,620 [ERROR] LogOutputStream:75 - [STDERR_REDIRECT] [Fatal Error] :1:1: Premature end of file.
2025-12-17 18:58:49,620 [ERROR] LogOutputStream:75 - [STDERR_REDIRECT] 
2025-12-17 18:58:50,621 [ERROR] LogOutputStream:75 - [STDERR_REDIRECT] [Fatal Error] :1:1: Premature end of file.
2025-12-17 18:58:50,622 [ERROR] LogOutputStream:75 - [STDERR_REDIRECT] 
2025-12-17 18:58:51,622 [ERROR] LogOutputStream:75 - [STDERR_REDIRECT] [Fatal Error] :1:1: Premature end of file.
2025-12-17 18:58:51,622 [ERROR] LogOutputStream:75 - [STDERR_REDIRECT] 
2025-12-17 18:58:52,622 [ERROR] LogOutputStream:75 - [STDERR_REDIRECT] [Fatal Error] :1:1: Premature end of file.
2025-12-17 18:58:52,623 [ERROR] LogOutputStream:75 - [STDERR_REDIRECT] 
2025-12-17 18:58:53,620 [ERROR] LogOutputStream:75 - [STDERR_REDIRECT] [Fatal Error] :1:1: Premature end of file.
2025-12-17 18:58:53,620 [ERROR] LogOutputStream:75 - [STDERR_REDIRECT] 
2025-12-17 18:58:54,621 [ERROR] LogOutputStream:75 - [STDERR_REDIRECT] [Fatal Error] :1:1: Premature end of file.
2025-12-17 18:58:54,621 [ERROR] LogOutputStream:75 - [STDERR_REDIRECT] 
2025-12-17 18:58:55,622 [ERROR] LogOutputStream:75 - [STDERR_REDIRECT] [Fatal Error] :1:1: Premature end of file.
2025-12-17 18:58:55,622 [ERROR] LogOutputStream:75 - [STDERR_REDIRECT] 
2025-12-17 18:58:56,636 [ERROR] LogOutputStream:75 - [STDERR_REDIRECT] [Fatal Error] :1:1: Premature end of file.
2025-12-17 18:58:56,636 [ERROR] LogOutputStream:75 - [STDERR_REDIRECT] 
2025-12-17 18:58:57,618 [ERROR] LogOutputStream:75 - [STDERR_REDIRECT] [Fatal Error] :1:1: Premature end of file.
2025-12-17 18:58:57,619 [ERROR] LogOutputStream:75 - [STDERR_REDIRECT] 
2025-12-17 18:58:58,619 [ERROR] LogOutputStream:75 - [STDERR_REDIRECT] [Fatal Error] :1:1: Premature end of file.
2025-12-17 18:58:58,619 [ERROR] LogOutputStream:75 - [STDERR_REDIRECT] 
2025-12-17 18:58:59,623 [ERROR] LogOutputStream:75 - [STDERR_REDIRECT] [Fatal Error] :1:1: Premature end of file.
2025-12-17 18:58:59,623 [ERROR] LogOutputStream:75 - [STDERR_REDIRECT] 
2025-12-17 18:59:00,619 [ERROR] LogOutputStream:75 - [STDERR_REDIRECT] [Fatal Error] :1:1: Premature end of file.
2025-12-17 18:59:00,621 [ERROR] LogOutputStream:75 - [STDERR_REDIRECT] 
2025-12-17 18:59:01,620 [ERROR] LogOutputStream:75 - [STDERR_REDIRECT] [Fatal Error] :1:1: Premature end of file.
2025-12-17 18:59:01,620 [ERROR] LogOutputStream:75 - [STDERR_REDIRECT] 
2025-12-17 18:59:02,621 [ERROR] LogOutputStream:75 - [STDERR_REDIRECT] [Fatal Error] :1:1: Premature end of file.
2025-12-17 18:59:02,621 [ERROR] LogOutputStream:75 - [STDERR_REDIRECT] 
2025-12-17 18:59:03,621 [ERROR] LogOutputStream:75 - [STDERR_REDIRECT] [Fatal Error] :1:1: Premature end of file.
2025-12-17 18:59:03,622 [ERROR] LogOutputStream:75 - [STDERR_REDIRECT] 
2025-12-17 18:59:04,620 [ERROR] LogOutputStream:75 - [STDERR_REDIRECT] [Fatal Error] :1:1: Premature end of file.
2025-12-17 18:59:04,621 [ERROR] LogOutputStream:75 - [STDERR_REDIRECT] 
2025-12-17 18:59:05,621 [ERROR] LogOutputStream:75 - [STDERR_REDIRECT] [Fatal Error] :1:1: Premature end of file.
2025-12-17 18:59:05,622 [ERROR] LogOutputStream:75 - [STDERR_REDIRECT] 
2025-12-17 18:59:06,623 [ERROR] LogOutputStream:75 - [STDERR_REDIRECT] [Fatal Error] :1:1: Premature end of file.
2025-12-17 18:59:06,623 [ERROR] LogOutputStream:75 - [STDERR_REDIRECT] 
2025-12-17 18:59:07,623 [ERROR] LogOutputStream:75 - [STDERR_REDIRECT] [Fatal Error] :1:1: Premature end of file.
2025-12-17 18:59:07,624 [ERROR] LogOutputStream:75 - [STDERR_REDIRECT] 
2025-12-17 18:59:08,616 [ERROR] LogOutputStream:75 - [STDERR_REDIRECT] [Fatal Error] :1:1: Premature end of file.
2025-12-17 18:59:08,617 [ERROR] LogOutputStream:75 - [STDERR_REDIRECT] 
2025-12-17 18:59:09,610 [ERROR] LogOutputStream:75 - [STDERR_REDIRECT] [Fatal Error] :1:1: Premature end of file.
2025-12-17 18:59:09,611 [ERROR] LogOutputStream:75 - [STDERR_REDIRECT] 
2025-12-17 18:59:10,628 [ERROR] LogOutputStream:75 - [STDERR_REDIRECT] [Fatal Error] :1:1: Premature end of file.
2025-12-17 18:59:10,629 [ERROR] LogOutputStream:75 - [STDERR_REDIRECT] 
2025-12-17 18:59:11,621 [ERROR] LogOutputStream:75 - [STDERR_REDIRECT] [Fatal Error] :1:1: Premature end of file.
2025-12-17 18:59:11,621 [ERROR] LogOutputStream:75 - [STDERR_REDIRECT] 
2025-12-17 18:59:12,623 [ERROR] LogOutputStream:75 - [STDERR_REDIRECT] [Fatal Error] :1:1: Premature end of file.
2025-12-17 18:59:12,623 [ERROR] LogOutputStream:75 - [STDERR_REDIRECT] 
2025-12-17 18:59:13,623 [ERROR] LogOutputStream:75 - [STDERR_REDIRECT] [Fatal Error] :1:1: Premature end of file.
2025-12-17 18:59:13,623 [ERROR] LogOutputStream:75 - [STDERR_REDIRECT] 
2025-12-17 18:59:14,620 [ERROR] LogOutputStream:75 - [STDERR_REDIRECT] [Fatal Error] :1:1: Premature end of file.
2025-12-17 18:59:14,621 [ERROR] LogOutputStream:75 - [STDERR_REDIRECT] 
2025-12-17 18:59:15,622 [ERROR] LogOutputStream:75 - [STDERR_REDIRECT] [Fatal Error] :1:1: Premature end of file.
2025-12-17 18:59:15,623 [ERROR] LogOutputStream:75 - [STDERR_REDIRECT] 
2025-12-17 18:59:16,622 [ERROR] LogOutputStream:75 - [STDERR_REDIRECT] [Fatal Error] :1:1: Premature end of file.
2025-12-17 18:59:16,624 [ERROR] LogOutputStream:75 - [STDERR_REDIRECT] 
2025-12-17 18:59:17,623 [ERROR] LogOutputStream:75 - [STDERR_REDIRECT] [Fatal Error] :1:1: Premature end of file.
2025-12-17 18:59:17,624 [ERROR] LogOutputStream:75 - [STDERR_REDIRECT] 
2025-12-17 18:59:18,624 [ERROR] LogOutputStream:75 - [STDERR_REDIRECT] [Fatal Error] :1:1: Premature end of file.
2025-12-17 18:59:18,625 [ERROR] LogOutputStream:75 - [STDERR_REDIRECT] 
2025-12-17 18:59:19,623 [ERROR] LogOutputStream:75 - [STDERR_REDIRECT] [Fatal Error] :1:1: Premature end of file.
2025-12-17 18:59:19,623 [ERROR] LogOutputStream:75 - [STDERR_REDIRECT] 
2025-12-17 18:59:20,619 [ERROR] LogOutputStream:75 - [STDERR_REDIRECT] [Fatal Error] :1:1: Premature end of file.
2025-12-17 18:59:20,619 [ERROR] LogOutputStream:75 - [STDERR_REDIRECT] 
2025-12-17 18:59:21,623 [ERROR] LogOutputStream:75 - [STDERR_REDIRECT] [Fatal Error] :1:1: Premature end of file.
2025-12-17 18:59:21,623 [ERROR] LogOutputStream:75 - [STDERR_REDIRECT] 
2025-12-17 18:59:22,623 [ERROR] LogOutputStream:75 - [STDERR_REDIRECT] [Fatal Error] :1:1: Premature end of file.
2025-12-17 18:59:22,623 [ERROR] LogOutputStream:75 - [STDERR_REDIRECT] 
2025-12-17 18:59:23,622 [ERROR] LogOutputStream:75 - [STDERR_REDIRECT] [Fatal Error] :1:1: Premature end of file.
2025-12-17 18:59:23,622 [ERROR] LogOutputStream:75 - [STDERR_REDIRECT] 
2025-12-17 18:59:24,621 [ERROR] LogOutputStream:75 - [STDERR_REDIRECT] [Fatal Error] :1:1: Premature end of file.
2025-12-17 18:59:24,622 [ERROR] LogOutputStream:75 - [STDERR_REDIRECT] 
2025-12-17 18:59:25,621 [ERROR] LogOutputStream:75 - [STDERR_REDIRECT] [Fatal Error] :1:1: Premature end of file.
2025-12-17 18:59:25,622 [ERROR] LogOutputStream:75 - [STDERR_REDIRECT] 
2025-12-17 18:59:26,623 [ERROR] LogOutputStream:75 - [STDERR_REDIRECT] [Fatal Error] :1:1: Premature end of file.
2025-12-17 18:59:26,623 [ERROR] LogOutputStream:75 - [STDERR_REDIRECT] 
2025-12-17 18:59:27,619 [ERROR] LogOutputStream:75 - [STDERR_REDIRECT] [Fatal Error] :1:1: Premature end of file.
2025-12-17 18:59:27,619 [ERROR] LogOutputStream:75 - [STDERR_REDIRECT] 
2025-12-17 18:59:28,609 [ERROR] LogOutputStream:75 - [STDERR_REDIRECT] [Fatal Error] :1:1: Premature end of file.
2025-12-17 18:59:28,610 [ERROR] LogOutputStream:75 - [STDERR_REDIRECT] 
2025-12-17 18:59:29,611 [ERROR] LogOutputStream:75 - [STDERR_REDIRECT] [Fatal Error] :1:1: Premature end of file.
2025-12-17 18:59:29,612 [ERROR] LogOutputStream:75 - [STDERR_REDIRECT] 
2025-12-17 18:59:30,611 [ERROR] LogOutputStream:75 - [STDERR_REDIRECT] [Fatal Error] :1:1: Premature end of file.
2025-12-17 18:59:30,611 [ERROR] LogOutputStream:75 - [STDERR_REDIRECT] 
2025-12-17 18:59:31,614 [ERROR] LogOutputStream:75 - [STDERR_REDIRECT] [Fatal Error] :1:1: Premature end of file.
2025-12-17 18:59:31,614 [ERROR] LogOutputStream:75 - [STDERR_REDIRECT] 
2025-12-17 18:59:32,625 [ERROR] LogOutputStream:75 - [STDERR_REDIRECT] [Fatal Error] :1:1: Premature end of file.
2025-12-17 18:59:32,625 [ERROR] LogOutputStream:75 - [STDERR_REDIRECT] 
2025-12-17 18:59:33,620 [ERROR] LogOutputStream:75 - [STDERR_REDIRECT] [Fatal Error] :1:1: Premature end of file.
2025-12-17 18:59:33,620 [ERROR] LogOutputStream:75 - [STDERR_REDIRECT] 
2025-12-17 18:59:34,623 [ERROR] LogOutputStream:75 - [STDERR_REDIRECT] [Fatal Error] :1:1: Premature end of file.
2025-12-17 18:59:34,623 [ERROR] LogOutputStream:75 - [STDERR_REDIRECT] 
2025-12-17 18:59:35,618 [ERROR] LogOutputStream:75 - [STDERR_REDIRECT] [Fatal Error] :1:1: Premature end of file.
2025-12-17 18:59:35,619 [ERROR] LogOutputStream:75 - [STDERR_REDIRECT] 
2025-12-17 18:59:36,625 [ERROR] LogOutputStream:75 - [STDERR_REDIRECT] [Fatal Error] :1:1: Premature end of file.
2025-12-17 18:59:36,626 [ERROR] LogOutputStream:75 - [STDERR_REDIRECT] 
2025-12-17 18:59:37,620 [ERROR] LogOutputStream:75 - [STDERR_REDIRECT] [Fatal Error] :1:1: Premature end of file.
2025-12-17 18:59:37,621 [ERROR] LogOutputStream:75 - [STDERR_REDIRECT] 
2025-12-17 18:59:38,626 [ERROR] LogOutputStream:75 - [STDERR_REDIRECT] [Fatal Error] :1:1: Premature end of file.
2025-12-17 18:59:38,626 [ERROR] LogOutputStream:75 - [STDERR_REDIRECT] 
2025-12-17 18:59:39,620 [ERROR] LogOutputStream:75 - [STDERR_REDIRECT] [Fatal Error] :1:1: Premature end of file.
2025-12-17 18:59:39,620 [ERROR] LogOutputStream:75 - [STDERR_REDIRECT] 
2025-12-17 18:59:40,622 [ERROR] LogOutputStream:75 - [STDERR_REDIRECT] [Fatal Error] :1:1: Premature end of file.
2025-12-17 18:59:40,622 [ERROR] LogOutputStream:75 - [STDERR_REDIRECT] 
2025-12-17 18:59:41,624 [ERROR] LogOutputStream:75 - [STDERR_REDIRECT] [Fatal Error] :1:1: Premature end of file.
2025-12-17 18:59:41,624 [ERROR] LogOutputStream:75 - [STDERR_REDIRECT] 
2025-12-17 18:59:42,622 [ERROR] LogOutputStream:75 - [STDERR_REDIRECT] [Fatal Error] :1:1: Premature end of file.
2025-12-17 18:59:42,623 [ERROR] LogOutputStream:75 - [STDERR_REDIRECT] 
2025-12-17 18:59:43,625 [ERROR] LogOutputStream:75 - [STDERR_REDIRECT] [Fatal Error] :1:1: Premature end of file.
2025-12-17 18:59:43,625 [ERROR] LogOutputStream:75 - [STDERR_REDIRECT] 
2025-12-17 18:59:44,621 [ERROR] LogOutputStream:75 - [STDERR_REDIRECT] [Fatal Error] :1:1: Premature end of file.
2025-12-17 18:59:44,622 [ERROR] LogOutputStream:75 - [STDERR_REDIRECT] 
2025-12-17 18:59:45,622 [ERROR] LogOutputStream:75 - [STDERR_REDIRECT] [Fatal Error] :1:1: Premature end of file.
2025-12-17 18:59:45,622 [ERROR] LogOutputStream:75 - [STDERR_REDIRECT] 
2025-12-17 18:59:46,622 [ERROR] LogOutputStream:75 - [STDERR_REDIRECT] [Fatal Error] :1:1: Premature end of file.
2025-12-17 18:59:46,622 [ERROR] LogOutputStream:75 - [STDERR_REDIRECT] 
2025-12-17 18:59:47,621 [ERROR] LogOutputStream:75 - [STDERR_REDIRECT] [Fatal Error] :1:1: Premature end of file.
2025-12-17 18:59:47,621 [ERROR] LogOutputStream:75 - [STDERR_REDIRECT] 
2025-12-17 18:59:48,624 [ERROR] LogOutputStream:75 - [STDERR_REDIRECT] [Fatal Error] :1:1: Premature end of file.
2025-12-17 18:59:48,624 [ERROR] LogOutputStream:75 - [STDERR_REDIRECT] 
2025-12-17 18:59:49,620 [ERROR] LogOutputStream:75 - [STDERR_REDIRECT] [Fatal Error] :1:1: Premature end of file.
2025-12-17 18:59:49,621 [ERROR] LogOutputStream:75 - [STDERR_REDIRECT] 
2025-12-17 18:59:50,628 [ERROR] LogOutputStream:75 - [STDERR_REDIRECT] [Fatal Error] :1:1: Premature end of file.
2025-12-17 18:59:50,628 [ERROR] LogOutputStream:75 - [STDERR_REDIRECT] 
2025-12-17 18:59:51,626 [ERROR] LogOutputStream:75 - [STDERR_REDIRECT] [Fatal Error] :1:1: Premature end of file.
2025-12-17 18:59:51,626 [ERROR] LogOutputStream:75 - [STDERR_REDIRECT] 
2025-12-17 18:59:52,622 [ERROR] LogOutputStream:75 - [STDERR_REDIRECT] [Fatal Error] :1:1: Premature end of file.
2025-12-17 18:59:52,623 [ERROR] LogOutputStream:75 - [STDERR_REDIRECT] 
2025-12-17 18:59:53,622 [ERROR] LogOutputStream:75 - [STDERR_REDIRECT] [Fatal Error] :1:1: Premature end of file.
2025-12-17 18:59:53,622 [ERROR] LogOutputStream:75 - [STDERR_REDIRECT] 
2025-12-17 18:59:54,620 [ERROR] LogOutputStream:75 - [STDERR_REDIRECT] [Fatal Error] :1:1: Premature end of file.
2025-12-17 18:59:54,621 [ERROR] LogOutputStream:75 - [STDERR_REDIRECT] 
2025-12-17 18:59:55,622 [ERROR] LogOutputStream:75 - [STDERR_REDIRECT] [Fatal Error] :1:1: Premature end of file.
2025-12-17 18:59:55,622 [ERROR] LogOutputStream:75 - [STDERR_REDIRECT] 
2025-12-17 18:59:56,622 [ERROR] LogOutputStream:75 - [STDERR_REDIRECT] [Fatal Error] :1:1: Premature end of file.
2025-12-17 18:59:56,623 [ERROR] LogOutputStream:75 - [STDERR_REDIRECT] 
2025-12-17 18:59:57,623 [ERROR] LogOutputStream:75 - [STDERR_REDIRECT] [Fatal Error] :1:1: Premature end of file.
2025-12-17 18:59:57,624 [ERROR] LogOutputStream:75 - [STDERR_REDIRECT] 
2025-12-17 18:59:58,623 [ERROR] LogOutputStream:75 - [STDERR_REDIRECT] [Fatal Error] :1:1: Premature end of file.
2025-12-17 18:59:58,623 [ERROR] LogOutputStream:75 - [STDERR_REDIRECT] 
2025-12-17 18:59:59,624 [ERROR] LogOutputStream:75 - [STDERR_REDIRECT] [Fatal Error] :1:1: Premature end of file.
2025-12-17 18:59:59,624 [ERROR] LogOutputStream:75 - [STDERR_REDIRECT] 
2025-12-17 19:00:00,625 [ERROR] LogOutputStream:75 - [STDERR_REDIRECT] [Fatal Error] :1:1: Premature end of file.
2025-12-17 19:00:00,625 [ERROR] LogOutputStream:75 - [STDERR_REDIRECT] 
2025-12-17 19:00:01,621 [ERROR] LogOutputStream:75 - [STDERR_REDIRECT] [Fatal Error] :1:1: Premature end of file.
2025-12-17 19:00:01,621 [ERROR] LogOutputStream:75 - [STDERR_REDIRECT] 
2025-12-17 19:00:02,621 [ERROR] LogOutputStream:75 - [STDERR_REDIRECT] [Fatal Error] :1:1: Premature end of file.
2025-12-17 19:00:02,621 [ERROR] LogOutputStream:75 - [STDERR_REDIRECT] 
2025-12-17 19:00:03,621 [ERROR] LogOutputStream:75 - [STDERR_REDIRECT] [Fatal Error] :1:1: Premature end of file.
2025-12-17 19:00:03,621 [ERROR] LogOutputStream:75 - [STDERR_REDIRECT] 
2025-12-17 19:00:04,621 [ERROR] LogOutputStream:75 - [STDERR_REDIRECT] [Fatal Error] :1:1: Premature end of file.
2025-12-17 19:00:04,621 [ERROR] LogOutputStream:75 - [STDERR_REDIRECT] 
2025-12-17 19:00:05,623 [ERROR] LogOutputStream:75 - [STDERR_REDIRECT] [Fatal Error] :1:1: Premature end of file.
2025-12-17 19:00:05,623 [ERROR] LogOutputStream:75 - [STDERR_REDIRECT] 
2025-12-17 19:00:06,623 [ERROR] LogOutputStream:75 - [STDERR_REDIRECT] [Fatal Error] :1:1: Premature end of file.
2025-12-17 19:00:06,623 [ERROR] LogOutputStream:75 - [STDERR_REDIRECT] 
2025-12-17 19:00:07,670 [ERROR] LogOutputStream:75 - [STDERR_REDIRECT] [Fatal Error] :1:1: Premature end of file.
2025-12-17 19:00:07,671 [ERROR] LogOutputStream:75 - [STDERR_REDIRECT] 
2025-12-17 19:00:08,623 [ERROR] LogOutputStream:75 - [STDERR_REDIRECT] [Fatal Error] :1:1: Premature end of file.
2025-12-17 19:00:08,624 [ERROR] LogOutputStream:75 - [STDERR_REDIRECT] 
2025-12-17 19:00:09,623 [ERROR] LogOutputStream:75 - [STDERR_REDIRECT] [Fatal Error] :1:1: Premature end of file.
2025-12-17 19:00:09,623 [ERROR] LogOutputStream:75 - [STDERR_REDIRECT] 
2025-12-17 19:00:10,622 [ERROR] LogOutputStream:75 - [STDERR_REDIRECT] [Fatal Error] :1:1: Premature end of file.
2025-12-17 19:00:10,623 [ERROR] LogOutputStream:75 - [STDERR_REDIRECT] 
2025-12-17 19:00:11,620 [ERROR] LogOutputStream:75 - [STDERR_REDIRECT] [Fatal Error] :1:1: Premature end of file.
2025-12-17 19:00:11,620 [ERROR] LogOutputStream:75 - [STDERR_REDIRECT] 
2025-12-17 19:00:12,623 [ERROR] LogOutputStream:75 - [STDERR_REDIRECT] [Fatal Error] :1:1: Premature end of file.
2025-12-17 19:00:12,623 [ERROR] LogOutputStream:75 - [STDERR_REDIRECT] 
2025-12-17 19:00:13,621 [ERROR] LogOutputStream:75 - [STDERR_REDIRECT] [Fatal Error] :1:1: Premature end of file.
2025-12-17 19:00:13,622 [ERROR] LogOutputStream:75 - [STDERR_REDIRECT] 
2025-12-17 19:00:14,622 [ERROR] LogOutputStream:75 - [STDERR_REDIRECT] [Fatal Error] :1:1: Premature end of file.
2025-12-17 19:00:14,622 [ERROR] LogOutputStream:75 - [STDERR_REDIRECT] 
2025-12-17 19:00:15,634 [ERROR] LogOutputStream:75 - [STDERR_REDIRECT] [Fatal Error] :1:1: Premature end of file.
2025-12-17 19:00:15,635 [ERROR] LogOutputStream:75 - [STDERR_REDIRECT] 
2025-12-17 19:00:16,624 [ERROR] LogOutputStream:75 - [STDERR_REDIRECT] [Fatal Error] :1:1: Premature end of file.
2025-12-17 19:00:16,625 [ERROR] LogOutputStream:75 - [STDERR_REDIRECT] 
2025-12-17 19:00:17,612 [ERROR] LogOutputStream:75 - [STDERR_REDIRECT] [Fatal Error] :1:1: Premature end of file.
2025-12-17 19:00:17,612 [ERROR] LogOutputStream:75 - [STDERR_REDIRECT] 
2025-12-17 19:00:18,618 [ERROR] LogOutputStream:75 - [STDERR_REDIRECT] [Fatal Error] :1:1: Premature end of file.
2025-12-17 19:00:18,619 [ERROR] LogOutputStream:75 - [STDERR_REDIRECT] 
2025-12-17 19:00:19,612 [ERROR] LogOutputStream:75 - [STDERR_REDIRECT] [Fatal Error] :1:1: Premature end of file.
2025-12-17 19:00:19,612 [ERROR] LogOutputStream:75 - [STDERR_REDIRECT] 
2025-12-17 19:00:20,609 [ERROR] LogOutputStream:75 - [STDERR_REDIRECT] [Fatal Error] :1:1: Premature end of file.
2025-12-17 19:00:20,609 [ERROR] LogOutputStream:75 - [STDERR_REDIRECT] 
2025-12-17 19:00:21,620 [ERROR] LogOutputStream:75 - [STDERR_REDIRECT] [Fatal Error] :1:1: Premature end of file.
2025-12-17 19:00:21,620 [ERROR] LogOutputStream:75 - [STDERR_REDIRECT] 
2025-12-17 19:00:22,624 [ERROR] LogOutputStream:75 - [STDERR_REDIRECT] [Fatal Error] :1:1: Premature end of file.
2025-12-17 19:00:22,624 [ERROR] LogOutputStream:75 - [STDERR_REDIRECT] 
2025-12-17 19:00:23,621 [ERROR] LogOutputStream:75 - [STDERR_REDIRECT] [Fatal Error] :1:1: Premature end of file.
2025-12-17 19:00:23,623 [ERROR] LogOutputStream:75 - [STDERR_REDIRECT] 
2025-12-17 19:00:24,620 [ERROR] LogOutputStream:75 - [STDERR_REDIRECT] [Fatal Error] :1:1: Premature end of file.
2025-12-17 19:00:24,620 [ERROR] LogOutputStream:75 - [STDERR_REDIRECT] 
2025-12-17 19:00:25,626 [ERROR] LogOutputStream:75 - [STDERR_REDIRECT] [Fatal Error] :1:1: Premature end of file.
2025-12-17 19:00:25,626 [ERROR] LogOutputStream:75 - [STDERR_REDIRECT] 
2025-12-17 19:00:26,623 [ERROR] LogOutputStream:75 - [STDERR_REDIRECT] [Fatal Error] :1:1: Premature end of file.
2025-12-17 19:00:26,623 [ERROR] LogOutputStream:75 - [STDERR_REDIRECT] 
2025-12-17 19:00:27,621 [ERROR] LogOutputStream:75 - [STDERR_REDIRECT] [Fatal Error] :1:1: Premature end of file.
2025-12-17 19:00:27,621 [ERROR] LogOutputStream:75 - [STDERR_REDIRECT] 
2025-12-17 19:00:28,627 [ERROR] LogOutputStream:75 - [STDERR_REDIRECT] [Fatal Error] :1:1: Premature end of file.
2025-12-17 19:00:28,628 [ERROR] LogOutputStream:75 - [STDERR_REDIRECT] 
2025-12-17 19:00:29,623 [ERROR] LogOutputStream:75 - [STDERR_REDIRECT] [Fatal Error] :1:1: Premature end of file.
2025-12-17 19:00:29,624 [ERROR] LogOutputStream:75 - [STDERR_REDIRECT] 
2025-12-17 19:00:30,626 [ERROR] LogOutputStream:75 - [STDERR_REDIRECT] [Fatal Error] :1:1: Premature end of file.
2025-12-17 19:00:30,626 [ERROR] LogOutputStream:75 - [STDERR_REDIRECT] 
2025-12-17 19:00:31,626 [ERROR] LogOutputStream:75 - [STDERR_REDIRECT] [Fatal Error] :1:1: Premature end of file.
2025-12-17 19:00:31,627 [ERROR] LogOutputStream:75 - [STDERR_REDIRECT] 
2025-12-17 19:00:32,621 [ERROR] LogOutputStream:75 - [STDERR_REDIRECT] [Fatal Error] :1:1: Premature end of file.
2025-12-17 19:00:32,622 [ERROR] LogOutputStream:75 - [STDERR_REDIRECT] 
2025-12-17 19:00:33,625 [ERROR] LogOutputStream:75 - [STDERR_REDIRECT] [Fatal Error] :1:1: Premature end of file.
2025-12-17 19:00:33,625 [ERROR] LogOutputStream:75 - [STDERR_REDIRECT] 
2025-12-17 19:00:34,625 [ERROR] LogOutputStream:75 - [STDERR_REDIRECT] [Fatal Error] :1:1: Premature end of file.
2025-12-17 19:00:34,626 [ERROR] LogOutputStream:75 - [STDERR_REDIRECT] 
2025-12-17 19:00:35,623 [ERROR] LogOutputStream:75 - [STDERR_REDIRECT] [Fatal Error] :1:1: Premature end of file.
2025-12-17 19:00:35,624 [ERROR] LogOutputStream:75 - [STDERR_REDIRECT] 
2025-12-17 19:00:36,624 [ERROR] LogOutputStream:75 - [STDERR_REDIRECT] [Fatal Error] :1:1: Premature end of file.
2025-12-17 19:00:36,625 [ERROR] LogOutputStream:75 - [STDERR_REDIRECT] 
2025-12-17 19:00:37,624 [ERROR] LogOutputStream:75 - [STDERR_REDIRECT] [Fatal Error] :1:1: Premature end of file.
2025-12-17 19:00:37,624 [ERROR] LogOutputStream:75 - [STDERR_REDIRECT] 
2025-12-17 19:00:38,625 [ERROR] LogOutputStream:75 - [STDERR_REDIRECT] [Fatal Error] :1:1: Premature end of file.
2025-12-17 19:00:38,625 [ERROR] LogOutputStream:75 - [STDERR_REDIRECT] 
2025-12-17 19:00:39,623 [ERROR] LogOutputStream:75 - [STDERR_REDIRECT] [Fatal Error] :1:1: Premature end of file.
2025-12-17 19:00:39,624 [ERROR] LogOutputStream:75 - [STDERR_REDIRECT] 
2025-12-17 19:00:40,624 [ERROR] LogOutputStream:75 - [STDERR_REDIRECT] [Fatal Error] :1:1: Premature end of file.
2025-12-17 19:00:40,624 [ERROR] LogOutputStream:75 - [STDERR_REDIRECT] 
2025-12-17 19:00:41,622 [ERROR] LogOutputStream:75 - [STDERR_REDIRECT] [Fatal Error] :1:1: Premature end of file.
2025-12-17 19:00:41,622 [ERROR] LogOutputStream:75 - [STDERR_REDIRECT] 
2025-12-17 19:00:42,619 [ERROR] LogOutputStream:75 - [STDERR_REDIRECT] [Fatal Error] :1:1: Premature end of file.
2025-12-17 19:00:42,619 [ERROR] LogOutputStream:75 - [STDERR_REDIRECT] 
2025-12-17 19:00:43,623 [ERROR] LogOutputStream:75 - [STDERR_REDIRECT] [Fatal Error] :1:1: Premature end of file.
2025-12-17 19:00:43,623 [ERROR] LogOutputStream:75 - [STDERR_REDIRECT] 
2025-12-17 19:00:44,622 [ERROR] LogOutputStream:75 - [STDERR_REDIRECT] [Fatal Error] :1:1: Premature end of file.
2025-12-17 19:00:44,624 [ERROR] LogOutputStream:75 - [STDERR_REDIRECT] 
2025-12-17 19:00:45,618 [ERROR] LogOutputStream:75 - [STDERR_REDIRECT] [Fatal Error] :1:1: Premature end of file.
2025-12-17 19:00:45,618 [ERROR] LogOutputStream:75 - [STDERR_REDIRECT] 
2025-12-17 19:00:46,630 [ERROR] LogOutputStream:75 - [STDERR_REDIRECT] [Fatal Error] :1:1: Premature end of file.
2025-12-17 19:00:46,630 [ERROR] LogOutputStream:75 - [STDERR_REDIRECT] 
2025-12-17 19:00:47,610 [ERROR] LogOutputStream:75 - [STDERR_REDIRECT] [Fatal Error] :1:1: Premature end of file.
2025-12-17 19:00:47,611 [ERROR] LogOutputStream:75 - [STDERR_REDIRECT] 
2025-12-17 19:00:48,621 [ERROR] LogOutputStream:75 - [STDERR_REDIRECT] [Fatal Error] :1:1: Premature end of file.
2025-12-17 19:00:48,621 [ERROR] LogOutputStream:75 - [STDERR_REDIRECT] 
2025-12-17 19:00:49,615 [ERROR] LogOutputStream:75 - [STDERR_REDIRECT] [Fatal Error] :1:1: Premature end of file.
2025-12-17 19:00:49,616 [ERROR] LogOutputStream:75 - [STDERR_REDIRECT] 
2025-12-17 19:00:50,614 [ERROR] LogOutputStream:75 - [STDERR_REDIRECT] [Fatal Error] :1:1: Premature end of file.
2025-12-17 19:00:50,614 [ERROR] LogOutputStream:75 - [STDERR_REDIRECT] 
2025-12-17 19:00:51,615 [ERROR] LogOutputStream:75 - [STDERR_REDIRECT] [Fatal Error] :1:1: Premature end of file.
2025-12-17 19:00:51,615 [ERROR] LogOutputStream:75 - [STDERR_REDIRECT] 
2025-12-17 19:00:52,601 [ERROR] LogOutputStream:75 - [STDERR_REDIRECT] [Fatal Error] :1:1: Premature end of file.
2025-12-17 19:00:52,601 [ERROR] LogOutputStream:75 - [STDERR_REDIRECT] 
2025-12-17 19:00:53,611 [ERROR] LogOutputStream:75 - [STDERR_REDIRECT] [Fatal Error] :1:1: Premature end of file.
2025-12-17 19:00:53,611 [ERROR] LogOutputStream:75 - [STDERR_REDIRECT] 
2025-12-17 19:00:54,611 [ERROR] LogOutputStream:75 - [STDERR_REDIRECT] [Fatal Error] :1:1: Premature end of file.
2025-12-17 19:00:54,611 [ERROR] LogOutputStream:75 - [STDERR_REDIRECT] 
2025-12-17 19:00:55,622 [ERROR] LogOutputStream:75 - [STDERR_REDIRECT] [Fatal Error] :1:1: Premature end of file.
2025-12-17 19:00:55,623 [ERROR] LogOutputStream:75 - [STDERR_REDIRECT] 
2025-12-17 19:00:56,620 [ERROR] LogOutputStream:75 - [STDERR_REDIRECT] [Fatal Error] :1:1: Premature end of file.
2025-12-17 19:00:56,621 [ERROR] LogOutputStream:75 - [STDERR_REDIRECT] 
2025-12-17 19:00:57,620 [ERROR] LogOutputStream:75 - [STDERR_REDIRECT] [Fatal Error] :1:1: Premature end of file.
2025-12-17 19:00:57,621 [ERROR] LogOutputStream:75 - [STDERR_REDIRECT] 
2025-12-17 19:00:58,621 [ERROR] LogOutputStream:75 - [STDERR_REDIRECT] [Fatal Error] :1:1: Premature end of file.
2025-12-17 19:00:58,622 [ERROR] LogOutputStream:75 - [STDERR_REDIRECT] 
2025-12-17 19:00:59,627 [ERROR] LogOutputStream:75 - [STDERR_REDIRECT] [Fatal Error] :1:1: Premature end of file.
2025-12-17 19:00:59,627 [ERROR] LogOutputStream:75 - [STDERR_REDIRECT] 
2025-12-17 19:01:00,623 [ERROR] LogOutputStream:75 - [STDERR_REDIRECT] [Fatal Error] :1:1: Premature end of file.
2025-12-17 19:01:00,623 [ERROR] LogOutputStream:75 - [STDERR_REDIRECT] 
2025-12-17 19:01:01,647 [ERROR] LogOutputStream:75 - [STDERR_REDIRECT] [Fatal Error] :1:1: Premature end of file.
2025-12-17 19:01:01,648 [ERROR] LogOutputStream:75 - [STDERR_REDIRECT] 
2025-12-17 19:01:02,637 [ERROR] LogOutputStream:75 - [STDERR_REDIRECT] [Fatal Error] :1:1: Premature end of file.
2025-12-17 19:01:02,637 [ERROR] LogOutputStream:75 - [STDERR_REDIRECT] 
2025-12-17 19:01:03,621 [ERROR] LogOutputStream:75 - [STDERR_REDIRECT] [Fatal Error] :1:1: Premature end of file.
2025-12-17 19:01:03,622 [ERROR] LogOutputStream:75 - [STDERR_REDIRECT] 
2025-12-17 19:01:04,622 [ERROR] LogOutputStream:75 - [STDERR_REDIRECT] [Fatal Error] :1:1: Premature end of file.
2025-12-17 19:01:04,622 [ERROR] LogOutputStream:75 - [STDERR_REDIRECT] 
2025-12-17 19:01:05,622 [ERROR] LogOutputStream:75 - [STDERR_REDIRECT] [Fatal Error] :1:1: Premature end of file.
2025-12-17 19:01:05,623 [ERROR] LogOutputStream:75 - [STDERR_REDIRECT] 
2025-12-17 19:01:06,624 [ERROR] LogOutputStream:75 - [STDERR_REDIRECT] [Fatal Error] :1:1: Premature end of file.
2025-12-17 19:01:06,624 [ERROR] LogOutputStream:75 - [STDERR_REDIRECT] 
2025-12-17 19:01:07,621 [ERROR] LogOutputStream:75 - [STDERR_REDIRECT] [Fatal Error] :1:1: Premature end of file.
2025-12-17 19:01:07,621 [ERROR] LogOutputStream:75 - [STDERR_REDIRECT] 
2025-12-17 19:01:08,617 [ERROR] LogOutputStream:75 - [STDERR_REDIRECT] [Fatal Error] :1:1: Premature end of file.
2025-12-17 19:01:08,617 [ERROR] LogOutputStream:75 - [STDERR_REDIRECT] 
2025-12-17 19:01:09,620 [ERROR] LogOutputStream:75 - [STDERR_REDIRECT] [Fatal Error] :1:1: Premature end of file.
2025-12-17 19:01:09,620 [ERROR] LogOutputStream:75 - [STDERR_REDIRECT] 
2025-12-17 19:01:10,619 [ERROR] LogOutputStream:75 - [STDERR_REDIRECT] [Fatal Error] :1:1: Premature end of file.
2025-12-17 19:01:10,620 [ERROR] LogOutputStream:75 - [STDERR_REDIRECT] 
2025-12-17 19:01:11,622 [ERROR] LogOutputStream:75 - [STDERR_REDIRECT] [Fatal Error] :1:1: Premature end of file.
2025-12-17 19:01:11,622 [ERROR] LogOutputStream:75 - [STDERR_REDIRECT] 
2025-12-17 19:01:12,621 [ERROR] LogOutputStream:75 - [STDERR_REDIRECT] [Fatal Error] :1:1: Premature end of file.
2025-12-17 19:01:12,621 [ERROR] LogOutputStream:75 - [STDERR_REDIRECT] 
2025-12-17 19:01:13,622 [ERROR] LogOutputStream:75 - [STDERR_REDIRECT] [Fatal Error] :1:1: Premature end of file.
2025-12-17 19:01:13,622 [ERROR] LogOutputStream:75 - [STDERR_REDIRECT] 
2025-12-17 19:01:14,621 [ERROR] LogOutputStream:75 - [STDERR_REDIRECT] [Fatal Error] :1:1: Premature end of file.
2025-12-17 19:01:14,621 [ERROR] LogOutputStream:75 - [STDERR_REDIRECT] 
2025-12-17 19:01:15,621 [ERROR] LogOutputStream:75 - [STDERR_REDIRECT] [Fatal Error] :1:1: Premature end of file.
2025-12-17 19:01:15,621 [ERROR] LogOutputStream:75 - [STDERR_REDIRECT] 
2025-12-17 19:01:16,624 [ERROR] LogOutputStream:75 - [STDERR_REDIRECT] [Fatal Error] :1:1: Premature end of file.
2025-12-17 19:01:16,624 [ERROR] LogOutputStream:75 - [STDERR_REDIRECT] 
2025-12-17 19:01:17,623 [ERROR] LogOutputStream:75 - [STDERR_REDIRECT] [Fatal Error] :1:1: Premature end of file.
2025-12-17 19:01:17,623 [ERROR] LogOutputStream:75 - [STDERR_REDIRECT] 
2025-12-17 19:01:18,634 [ERROR] LogOutputStream:75 - [STDERR_REDIRECT] [Fatal Error] :1:1: Premature end of file.
2025-12-17 19:01:18,634 [ERROR] LogOutputStream:75 - [STDERR_REDIRECT] 
2025-12-17 19:01:19,612 [ERROR] LogOutputStream:75 - [STDERR_REDIRECT] [Fatal Error] :1:1: Premature end of file.
2025-12-17 19:01:19,612 [ERROR] LogOutputStream:75 - [STDERR_REDIRECT] 
2025-12-17 19:01:20,613 [ERROR] LogOutputStream:75 - [STDERR_REDIRECT] [Fatal Error] :1:1: Premature end of file.
2025-12-17 19:01:20,613 [ERROR] LogOutputStream:75 - [STDERR_REDIRECT] 
2025-12-17 19:01:21,611 [ERROR] LogOutputStream:75 - [STDERR_REDIRECT] [Fatal Error] :1:1: Premature end of file.
2025-12-17 19:01:21,611 [ERROR] LogOutputStream:75 - [STDERR_REDIRECT] 
2025-12-17 19:01:22,624 [ERROR] LogOutputStream:75 - [STDERR_REDIRECT] [Fatal Error] :1:1: Premature end of file.
2025-12-17 19:01:22,624 [ERROR] LogOutputStream:75 - [STDERR_REDIRECT] 
2025-12-17 19:01:23,621 [ERROR] LogOutputStream:75 - [STDERR_REDIRECT] [Fatal Error] :1:1: Premature end of file.
2025-12-17 19:01:23,622 [ERROR] LogOutputStream:75 - [STDERR_REDIRECT] 
2025-12-17 19:01:24,621 [ERROR] LogOutputStream:75 - [STDERR_REDIRECT] [Fatal Error] :1:1: Premature end of file.
2025-12-17 19:01:24,621 [ERROR] LogOutputStream:75 - [STDERR_REDIRECT] 
2025-12-17 19:01:25,621 [ERROR] LogOutputStream:75 - [STDERR_REDIRECT] [Fatal Error] :1:1: Premature end of file.
2025-12-17 19:01:25,622 [ERROR] LogOutputStream:75 - [STDERR_REDIRECT] 
2025-12-17 19:01:26,621 [ERROR] LogOutputStream:75 - [STDERR_REDIRECT] [Fatal Error] :1:1: Premature end of file.
2025-12-17 19:01:26,621 [ERROR] LogOutputStream:75 - [STDERR_REDIRECT] 
2025-12-17 19:01:27,619 [ERROR] LogOutputStream:75 - [STDERR_REDIRECT] [Fatal Error] :1:1: Premature end of file.
2025-12-17 19:01:27,619 [ERROR] LogOutputStream:75 - [STDERR_REDIRECT] 
2025-12-17 19:01:28,620 [ERROR] LogOutputStream:75 - [STDERR_REDIRECT] [Fatal Error] :1:1: Premature end of file.
2025-12-17 19:01:28,620 [ERROR] LogOutputStream:75 - [STDERR_REDIRECT] 
2025-12-17 19:01:29,623 [ERROR] LogOutputStream:75 - [STDERR_REDIRECT] [Fatal Error] :1:1: Premature end of file.
2025-12-17 19:01:29,623 [ERROR] LogOutputStream:75 - [STDERR_REDIRECT] 
2025-12-17 19:01:30,620 [ERROR] LogOutputStream:75 - [STDERR_REDIRECT] [Fatal Error] :1:1: Premature end of file.
2025-12-17 19:01:30,620 [ERROR] LogOutputStream:75 - [STDERR_REDIRECT] 
2025-12-17 19:01:31,620 [ERROR] LogOutputStream:75 - [STDERR_REDIRECT] [Fatal Error] :1:1: Premature end of file.
2025-12-17 19:01:31,622 [ERROR] LogOutputStream:75 - [STDERR_REDIRECT] 
2025-12-17 19:01:32,620 [ERROR] LogOutputStream:75 - [STDERR_REDIRECT] [Fatal Error] :1:1: Premature end of file.
2025-12-17 19:01:32,621 [ERROR] LogOutputStream:75 - [STDERR_REDIRECT] 
2025-12-17 19:01:33,621 [ERROR] LogOutputStream:75 - [STDERR_REDIRECT] [Fatal Error] :1:1: Premature end of file.
2025-12-17 19:01:33,622 [ERROR] LogOutputStream:75 - [STDERR_REDIRECT] 
2025-12-17 19:01:34,622 [ERROR] LogOutputStream:75 - [STDERR_REDIRECT] [Fatal Error] :1:1: Premature end of file.
2025-12-17 19:01:34,622 [ERROR] LogOutputStream:75 - [STDERR_REDIRECT] 
2025-12-17 19:01:35,622 [ERROR] LogOutputStream:75 - [STDERR_REDIRECT] [Fatal Error] :1:1: Premature end of file.
2025-12-17 19:01:35,623 [ERROR] LogOutputStream:75 - [STDERR_REDIRECT] 
2025-12-17 19:01:36,622 [ERROR] LogOutputStream:75 - [STDERR_REDIRECT] [Fatal Error] :1:1: Premature end of file.
2025-12-17 19:01:36,623 [ERROR] LogOutputStream:75 - [STDERR_REDIRECT] 
2025-12-17 19:01:37,620 [ERROR] LogOutputStream:75 - [STDERR_REDIRECT] [Fatal Error] :1:1: Premature end of file.
2025-12-17 19:01:37,620 [ERROR] LogOutputStream:75 - [STDERR_REDIRECT] 
2025-12-17 19:01:38,621 [ERROR] LogOutputStream:75 - [STDERR_REDIRECT] [Fatal Error] :1:1: Premature end of file.
2025-12-17 19:01:38,621 [ERROR] LogOutputStream:75 - [STDERR_REDIRECT] 
2025-12-17 19:01:39,623 [ERROR] LogOutputStream:75 - [STDERR_REDIRECT] [Fatal Error] :1:1: Premature end of file.
2025-12-17 19:01:39,624 [ERROR] LogOutputStream:75 - [STDERR_REDIRECT] 
2025-12-17 19:01:40,620 [ERROR] LogOutputStream:75 - [STDERR_REDIRECT] [Fatal Error] :1:1: Premature end of file.
2025-12-17 19:01:40,621 [ERROR] LogOutputStream:75 - [STDERR_REDIRECT] 
2025-12-17 19:01:41,620 [ERROR] LogOutputStream:75 - [STDERR_REDIRECT] [Fatal Error] :1:1: Premature end of file.
2025-12-17 19:01:41,620 [ERROR] LogOutputStream:75 - [STDERR_REDIRECT] 
2025-12-17 19:01:42,621 [ERROR] LogOutputStream:75 - [STDERR_REDIRECT] [Fatal Error] :1:1: Premature end of file.
2025-12-17 19:01:42,622 [ERROR] LogOutputStream:75 - [STDERR_REDIRECT] 
2025-12-17 19:01:43,620 [ERROR] LogOutputStream:75 - [STDERR_REDIRECT] [Fatal Error] :1:1: Premature end of file.
2025-12-17 19:01:43,621 [ERROR] LogOutputStream:75 - [STDERR_REDIRECT] 
2025-12-17 19:01:44,621 [ERROR] LogOutputStream:75 - [STDERR_REDIRECT] [Fatal Error] :1:1: Premature end of file.
2025-12-17 19:01:44,621 [ERROR] LogOutputStream:75 - [STDERR_REDIRECT] 
2025-12-17 19:01:45,622 [ERROR] LogOutputStream:75 - [STDERR_REDIRECT] [Fatal Error] :1:1: Premature end of file.
2025-12-17 19:01:45,622 [ERROR] LogOutputStream:75 - [STDERR_REDIRECT] 
2025-12-17 19:01:46,622 [ERROR] LogOutputStream:75 - [STDERR_REDIRECT] [Fatal Error] :1:1: Premature end of file.
2025-12-17 19:01:46,623 [ERROR] LogOutputStream:75 - [STDERR_REDIRECT] 
2025-12-17 19:01:47,621 [ERROR] LogOutputStream:75 - [STDERR_REDIRECT] [Fatal Error] :1:1: Premature end of file.
2025-12-17 19:01:47,621 [ERROR] LogOutputStream:75 - [STDERR_REDIRECT] 
2025-12-17 19:01:48,620 [ERROR] LogOutputStream:75 - [STDERR_REDIRECT] [Fatal Error] :1:1: Premature end of file.
2025-12-17 19:01:48,620 [ERROR] LogOutputStream:75 - [STDERR_REDIRECT] 
2025-12-17 19:01:49,621 [ERROR] LogOutputStream:75 - [STDERR_REDIRECT] [Fatal Error] :1:1: Premature end of file.
2025-12-17 19:01:49,622 [ERROR] LogOutputStream:75 - [STDERR_REDIRECT] 
2025-12-17 19:01:50,619 [ERROR] LogOutputStream:75 - [STDERR_REDIRECT] [Fatal Error] :1:1: Premature end of file.
2025-12-17 19:01:50,620 [ERROR] LogOutputStream:75 - [STDERR_REDIRECT] 
2025-12-17 19:01:51,621 [ERROR] LogOutputStream:75 - [STDERR_REDIRECT] [Fatal Error] :1:1: Premature end of file.
2025-12-17 19:01:51,621 [ERROR] LogOutputStream:75 - [STDERR_REDIRECT] 
2025-12-17 19:01:52,621 [ERROR] LogOutputStream:75 - [STDERR_REDIRECT] [Fatal Error] :1:1: Premature end of file.
2025-12-17 19:01:52,623 [ERROR] LogOutputStream:75 - [STDERR_REDIRECT] 
2025-12-17 19:01:53,621 [ERROR] LogOutputStream:75 - [STDERR_REDIRECT] [Fatal Error] :1:1: Premature end of file.
2025-12-17 19:01:53,621 [ERROR] LogOutputStream:75 - [STDERR_REDIRECT] 
2025-12-17 19:01:54,620 [ERROR] LogOutputStream:75 - [STDERR_REDIRECT] [Fatal Error] :1:1: Premature end of file.
2025-12-17 19:01:54,620 [ERROR] LogOutputStream:75 - [STDERR_REDIRECT] 
2025-12-17 19:01:55,620 [ERROR] LogOutputStream:75 - [STDERR_REDIRECT] [Fatal Error] :1:1: Premature end of file.
2025-12-17 19:01:55,621 [ERROR] LogOutputStream:75 - [STDERR_REDIRECT] 
2025-12-17 19:01:56,620 [ERROR] LogOutputStream:75 - [STDERR_REDIRECT] [Fatal Error] :1:1: Premature end of file.
2025-12-17 19:01:56,620 [ERROR] LogOutputStream:75 - [STDERR_REDIRECT] 
2025-12-17 19:01:57,619 [ERROR] LogOutputStream:75 - [STDERR_REDIRECT] [Fatal Error] :1:1: Premature end of file.
2025-12-17 19:01:57,619 [ERROR] LogOutputStream:75 - [STDERR_REDIRECT] 
2025-12-17 19:01:58,624 [ERROR] LogOutputStream:75 - [STDERR_REDIRECT] [Fatal Error] :1:1: Premature end of file.
2025-12-17 19:01:58,624 [ERROR] LogOutputStream:75 - [STDERR_REDIRECT] 
2025-12-17 19:01:59,621 [ERROR] LogOutputStream:75 - [STDERR_REDIRECT] [Fatal Error] :1:1: Premature end of file.
2025-12-17 19:01:59,621 [ERROR] LogOutputStream:75 - [STDERR_REDIRECT] 
2025-12-17 19:02:00,622 [ERROR] LogOutputStream:75 - [STDERR_REDIRECT] [Fatal Error] :1:1: Premature end of file.
2025-12-17 19:02:00,623 [ERROR] LogOutputStream:75 - [STDERR_REDIRECT] 
2025-12-17 19:02:01,620 [ERROR] LogOutputStream:75 - [STDERR_REDIRECT] [Fatal Error] :1:1: Premature end of file.
2025-12-17 19:02:01,620 [ERROR] LogOutputStream:75 - [STDERR_REDIRECT] 
2025-12-17 19:02:02,620 [ERROR] LogOutputStream:75 - [STDERR_REDIRECT] [Fatal Error] :1:1: Premature end of file.
2025-12-17 19:02:02,620 [ERROR] LogOutputStream:75 - [STDERR_REDIRECT] 
2025-12-17 19:02:03,622 [ERROR] LogOutputStream:75 - [STDERR_REDIRECT] [Fatal Error] :1:1: Premature end of file.
2025-12-17 19:02:03,622 [ERROR] LogOutputStream:75 - [STDERR_REDIRECT] 
2025-12-17 19:02:04,619 [ERROR] LogOutputStream:75 - [STDERR_REDIRECT] [Fatal Error] :1:1: Premature end of file.
2025-12-17 19:02:04,620 [ERROR] LogOutputStream:75 - [STDERR_REDIRECT] 
2025-12-17 19:02:05,622 [ERROR] LogOutputStream:75 - [STDERR_REDIRECT] [Fatal Error] :1:1: Premature end of file.
2025-12-17 19:02:05,623 [ERROR] LogOutputStream:75 - [STDERR_REDIRECT] 
2025-12-17 19:02:06,621 [ERROR] LogOutputStream:75 - [STDERR_REDIRECT] [Fatal Error] :1:1: Premature end of file.
2025-12-17 19:02:06,621 [ERROR] LogOutputStream:75 - [STDERR_REDIRECT] 
2025-12-17 19:02:07,622 [ERROR] LogOutputStream:75 - [STDERR_REDIRECT] [Fatal Error] :1:1: Premature end of file.
2025-12-17 19:02:07,623 [ERROR] LogOutputStream:75 - [STDERR_REDIRECT] 
2025-12-17 19:02:08,623 [ERROR] LogOutputStream:75 - [STDERR_REDIRECT] [Fatal Error] :1:1: Premature end of file.
2025-12-17 19:02:08,623 [ERROR] LogOutputStream:75 - [STDERR_REDIRECT] 
2025-12-17 19:02:09,621 [ERROR] LogOutputStream:75 - [STDERR_REDIRECT] [Fatal Error] :1:1: Premature end of file.
2025-12-17 19:02:09,621 [ERROR] LogOutputStream:75 - [STDERR_REDIRECT] 
2025-12-17 19:02:10,623 [ERROR] LogOutputStream:75 - [STDERR_REDIRECT] [Fatal Error] :1:1: Premature end of file.
2025-12-17 19:02:10,623 [ERROR] LogOutputStream:75 - [STDERR_REDIRECT] 
2025-12-17 19:02:11,649 [ERROR] LogOutputStream:75 - [STDERR_REDIRECT] [Fatal Error] :1:1: Premature end of file.
2025-12-17 19:02:11,650 [ERROR] LogOutputStream:75 - [STDERR_REDIRECT] 
2025-12-17 19:02:12,598 [ERROR] LogOutputStream:75 - [STDERR_REDIRECT] [Fatal Error] :1:1: Premature end of file.
2025-12-17 19:02:12,598 [ERROR] LogOutputStream:75 - [STDERR_REDIRECT] 
2025-12-17 19:02:13,624 [ERROR] LogOutputStream:75 - [STDERR_REDIRECT] [Fatal Error] :1:1: Premature end of file.
2025-12-17 19:02:13,624 [ERROR] LogOutputStream:75 - [STDERR_REDIRECT] 
2025-12-17 19:02:14,624 [ERROR] LogOutputStream:75 - [STDERR_REDIRECT] [Fatal Error] :1:1: Premature end of file.
2025-12-17 19:02:14,625 [ERROR] LogOutputStream:75 - [STDERR_REDIRECT] 
2025-12-17 19:02:15,619 [ERROR] LogOutputStream:75 - [STDERR_REDIRECT] [Fatal Error] :1:1: Premature end of file.
2025-12-17 19:02:15,620 [ERROR] LogOutputStream:75 - [STDERR_REDIRECT] 
2025-12-17 19:02:16,626 [ERROR] LogOutputStream:75 - [STDERR_REDIRECT] [Fatal Error] :1:1: Premature end of file.
2025-12-17 19:02:16,626 [ERROR] LogOutputStream:75 - [STDERR_REDIRECT] 
2025-12-17 19:02:17,623 [ERROR] LogOutputStream:75 - [STDERR_REDIRECT] [Fatal Error] :1:1: Premature end of file.
2025-12-17 19:02:17,623 [ERROR] LogOutputStream:75 - [STDERR_REDIRECT] 
2025-12-17 19:02:18,626 [ERROR] LogOutputStream:75 - [STDERR_REDIRECT] [Fatal Error] :1:1: Premature end of file.
2025-12-17 19:02:18,626 [ERROR] LogOutputStream:75 - [STDERR_REDIRECT] 
2025-12-17 19:02:19,628 [ERROR] LogOutputStream:75 - [STDERR_REDIRECT] [Fatal Error] :1:1: Premature end of file.
2025-12-17 19:02:19,630 [ERROR] LogOutputStream:75 - [STDERR_REDIRECT] 
2025-12-17 19:02:20,622 [ERROR] LogOutputStream:75 - [STDERR_REDIRECT] [Fatal Error] :1:1: Premature end of file.
2025-12-17 19:02:20,622 [ERROR] LogOutputStream:75 - [STDERR_REDIRECT] 
2025-12-17 19:02:21,621 [ERROR] LogOutputStream:75 - [STDERR_REDIRECT] [Fatal Error] :1:1: Premature end of file.
2025-12-17 19:02:21,621 [ERROR] LogOutputStream:75 - [STDERR_REDIRECT] 
2025-12-17 19:02:22,623 [ERROR] LogOutputStream:75 - [STDERR_REDIRECT] [Fatal Error] :1:1: Premature end of file.
2025-12-17 19:02:22,623 [ERROR] LogOutputStream:75 - [STDERR_REDIRECT] 
2025-12-17 19:02:24,276 [ERROR] LogOutputStream:75 - [STDERR_REDIRECT] [Fatal Error] :1:1: Premature end of file.
2025-12-17 19:02:24,276 [ERROR] LogOutputStream:75 - [STDERR_REDIRECT] 
2025-12-17 19:02:24,615 [ERROR] LogOutputStream:75 - [STDERR_REDIRECT] [Fatal Error] :1:1: Premature end of file.
2025-12-17 19:02:24,615 [ERROR] LogOutputStream:75 - [STDERR_REDIRECT] 
2025-12-17 19:02:25,630 [ERROR] LogOutputStream:75 - [STDERR_REDIRECT] [Fatal Error] :1:1: Premature end of file.
2025-12-17 19:02:25,630 [ERROR] LogOutputStream:75 - [STDERR_REDIRECT] 
2025-12-17 19:02:26,611 [ERROR] LogOutputStream:75 - [STDERR_REDIRECT] [Fatal Error] :1:1: Premature end of file.
2025-12-17 19:02:26,611 [ERROR] LogOutputStream:75 - [STDERR_REDIRECT] 
2025-12-17 19:02:27,616 [ERROR] LogOutputStream:75 - [STDERR_REDIRECT] [Fatal Error] :1:1: Premature end of file.
2025-12-17 19:02:27,617 [ERROR] LogOutputStream:75 - [STDERR_REDIRECT] 
2025-12-17 19:02:28,616 [ERROR] LogOutputStream:75 - [STDERR_REDIRECT] [Fatal Error] :1:1: Premature end of file.
2025-12-17 19:02:28,616 [ERROR] LogOutputStream:75 - [STDERR_REDIRECT] 
2025-12-17 19:02:29,623 [ERROR] LogOutputStream:75 - [STDERR_REDIRECT] [Fatal Error] :1:1: Premature end of file.
2025-12-17 19:02:29,623 [ERROR] LogOutputStream:75 - [STDERR_REDIRECT] 
2025-12-17 19:02:30,626 [ERROR] LogOutputStream:75 - [STDERR_REDIRECT] [Fatal Error] :1:1: Premature end of file.
2025-12-17 19:02:30,626 [ERROR] LogOutputStream:75 - [STDERR_REDIRECT] 
2025-12-17 19:02:31,626 [ERROR] LogOutputStream:75 - [STDERR_REDIRECT] [Fatal Error] :1:1: Premature end of file.
2025-12-17 19:02:31,626 [ERROR] LogOutputStream:75 - [STDERR_REDIRECT] 
2025-12-17 19:02:32,629 [ERROR] LogOutputStream:75 - [STDERR_REDIRECT] [Fatal Error] :1:1: Premature end of file.
2025-12-17 19:02:32,629 [ERROR] LogOutputStream:75 - [STDERR_REDIRECT] 
2025-12-17 19:02:33,641 [ERROR] LogOutputStream:75 - [STDERR_REDIRECT] [Fatal Error] :1:1: Premature end of file.
2025-12-17 19:02:33,641 [ERROR] LogOutputStream:75 - [STDERR_REDIRECT] 
2025-12-17 19:02:34,615 [ERROR] LogOutputStream:75 - [STDERR_REDIRECT] [Fatal Error] :1:1: Premature end of file.
2025-12-17 19:02:34,615 [ERROR] LogOutputStream:75 - [STDERR_REDIRECT] 
2025-12-17 19:02:35,614 [ERROR] LogOutputStream:75 - [STDERR_REDIRECT] [Fatal Error] :1:1: Premature end of file.
2025-12-17 19:02:35,614 [ERROR] LogOutputStream:75 - [STDERR_REDIRECT] 
2025-12-17 19:02:36,622 [ERROR] LogOutputStream:75 - [STDERR_REDIRECT] [Fatal Error] :1:1: Premature end of file.
2025-12-17 19:02:36,622 [ERROR] LogOutputStream:75 - [STDERR_REDIRECT] 
2025-12-17 19:02:37,619 [ERROR] LogOutputStream:75 - [STDERR_REDIRECT] [Fatal Error] :1:1: Premature end of file.
2025-12-17 19:02:37,620 [ERROR] LogOutputStream:75 - [STDERR_REDIRECT] 
2025-12-17 19:02:38,617 [ERROR] LogOutputStream:75 - [STDERR_REDIRECT] [Fatal Error] :1:1: Premature end of file.
2025-12-17 19:02:38,617 [ERROR] LogOutputStream:75 - [STDERR_REDIRECT] 
2025-12-17 19:02:39,621 [ERROR] LogOutputStream:75 - [STDERR_REDIRECT] [Fatal Error] :1:1: Premature end of file.
2025-12-17 19:02:39,621 [ERROR] LogOutputStream:75 - [STDERR_REDIRECT] 
2025-12-17 19:02:40,618 [ERROR] LogOutputStream:75 - [STDERR_REDIRECT] [Fatal Error] :1:1: Premature end of file.
2025-12-17 19:02:40,619 [ERROR] LogOutputStream:75 - [STDERR_REDIRECT] 
2025-12-17 19:02:41,627 [ERROR] LogOutputStream:75 - [STDERR_REDIRECT] [Fatal Error] :1:1: Premature end of file.
2025-12-17 19:02:41,627 [ERROR] LogOutputStream:75 - [STDERR_REDIRECT] 
2025-12-17 19:02:42,624 [ERROR] LogOutputStream:75 - [STDERR_REDIRECT] [Fatal Error] :1:1: Premature end of file.
2025-12-17 19:02:42,624 [ERROR] LogOutputStream:75 - [STDERR_REDIRECT] 
2025-12-17 19:02:43,622 [ERROR] LogOutputStream:75 - [STDERR_REDIRECT] [Fatal Error] :1:1: Premature end of file.
2025-12-17 19:02:43,623 [ERROR] LogOutputStream:75 - [STDERR_REDIRECT] 
2025-12-17 19:02:44,624 [ERROR] LogOutputStream:75 - [STDERR_REDIRECT] [Fatal Error] :1:1: Premature end of file.
2025-12-17 19:02:44,624 [ERROR] LogOutputStream:75 - [STDERR_REDIRECT] 
2025-12-17 19:02:45,620 [ERROR] LogOutputStream:75 - [STDERR_REDIRECT] [Fatal Error] :1:1: Premature end of file.
2025-12-17 19:02:45,621 [ERROR] LogOutputStream:75 - [STDERR_REDIRECT] 
2025-12-17 19:02:46,622 [ERROR] LogOutputStream:75 - [STDERR_REDIRECT] [Fatal Error] :1:1: Premature end of file.
2025-12-17 19:02:46,623 [ERROR] LogOutputStream:75 - [STDERR_REDIRECT] 
2025-12-17 19:02:47,623 [ERROR] LogOutputStream:75 - [STDERR_REDIRECT] [Fatal Error] :1:1: Premature end of file.
2025-12-17 19:02:47,623 [ERROR] LogOutputStream:75 - [STDERR_REDIRECT] 
2025-12-17 19:02:48,625 [ERROR] LogOutputStream:75 - [STDERR_REDIRECT] [Fatal Error] :1:1: Premature end of file.
2025-12-17 19:02:48,625 [ERROR] LogOutputStream:75 - [STDERR_REDIRECT] 
2025-12-17 19:02:49,623 [ERROR] LogOutputStream:75 - [STDERR_REDIRECT] [Fatal Error] :1:1: Premature end of file.
2025-12-17 19:02:49,623 [ERROR] LogOutputStream:75 - [STDERR_REDIRECT] 
2025-12-17 19:02:50,623 [ERROR] LogOutputStream:75 - [STDERR_REDIRECT] [Fatal Error] :1:1: Premature end of file.
2025-12-17 19:02:50,623 [ERROR] LogOutputStream:75 - [STDERR_REDIRECT] 
2025-12-17 19:02:51,625 [ERROR] LogOutputStream:75 - [STDERR_REDIRECT] [Fatal Error] :1:1: Premature end of file.
2025-12-17 19:02:51,625 [ERROR] LogOutputStream:75 - [STDERR_REDIRECT] 
2025-12-17 19:02:52,625 [ERROR] LogOutputStream:75 - [STDERR_REDIRECT] [Fatal Error] :1:1: Premature end of file.
2025-12-17 19:02:52,625 [ERROR] LogOutputStream:75 - [STDERR_REDIRECT] 
2025-12-17 19:02:53,626 [ERROR] LogOutputStream:75 - [STDERR_REDIRECT] [Fatal Error] :1:1: Premature end of file.
2025-12-17 19:02:53,626 [ERROR] LogOutputStream:75 - [STDERR_REDIRECT] 
2025-12-17 19:02:54,626 [ERROR] LogOutputStream:75 - [STDERR_REDIRECT] [Fatal Error] :1:1: Premature end of file.
2025-12-17 19:02:54,626 [ERROR] LogOutputStream:75 - [STDERR_REDIRECT] 
2025-12-17 19:02:55,622 [ERROR] LogOutputStream:75 - [STDERR_REDIRECT] [Fatal Error] :1:1: Premature end of file.
2025-12-17 19:02:55,622 [ERROR] LogOutputStream:75 - [STDERR_REDIRECT] 
2025-12-17 19:02:56,621 [ERROR] LogOutputStream:75 - [STDERR_REDIRECT] [Fatal Error] :1:1: Premature end of file.
2025-12-17 19:02:56,621 [ERROR] LogOutputStream:75 - [STDERR_REDIRECT] 
2025-12-17 19:02:57,624 [ERROR] LogOutputStream:75 - [STDERR_REDIRECT] [Fatal Error] :1:1: Premature end of file.
2025-12-17 19:02:57,624 [ERROR] LogOutputStream:75 - [STDERR_REDIRECT] 
2025-12-17 19:02:58,622 [ERROR] LogOutputStream:75 - [STDERR_REDIRECT] [Fatal Error] :1:1: Premature end of file.
2025-12-17 19:02:58,623 [ERROR] LogOutputStream:75 - [STDERR_REDIRECT] 
2025-12-17 19:02:59,624 [ERROR] LogOutputStream:75 - [STDERR_REDIRECT] [Fatal Error] :1:1: Premature end of file.
2025-12-17 19:02:59,626 [ERROR] LogOutputStream:75 - [STDERR_REDIRECT] 
2025-12-17 19:03:00,623 [ERROR] LogOutputStream:75 - [STDERR_REDIRECT] [Fatal Error] :1:1: Premature end of file.
2025-12-17 19:03:00,623 [ERROR] LogOutputStream:75 - [STDERR_REDIRECT] 
2025-12-17 19:03:01,623 [ERROR] LogOutputStream:75 - [STDERR_REDIRECT] [Fatal Error] :1:1: Premature end of file.
2025-12-17 19:03:01,623 [ERROR] LogOutputStream:75 - [STDERR_REDIRECT] 
2025-12-17 19:03:02,621 [ERROR] LogOutputStream:75 - [STDERR_REDIRECT] [Fatal Error] :1:1: Premature end of file.
2025-12-17 19:03:02,621 [ERROR] LogOutputStream:75 - [STDERR_REDIRECT] 
2025-12-17 19:03:03,622 [ERROR] LogOutputStream:75 - [STDERR_REDIRECT] [Fatal Error] :1:1: Premature end of file.
2025-12-17 19:03:03,622 [ERROR] LogOutputStream:75 - [STDERR_REDIRECT] 
2025-12-17 19:03:04,622 [ERROR] LogOutputStream:75 - [STDERR_REDIRECT] [Fatal Error] :1:1: Premature end of file.
2025-12-17 19:03:04,622 [ERROR] LogOutputStream:75 - [STDERR_REDIRECT] 
2025-12-17 19:03:05,627 [ERROR] LogOutputStream:75 - [STDERR_REDIRECT] [Fatal Error] :1:1: Premature end of file.
2025-12-17 19:03:05,627 [ERROR] LogOutputStream:75 - [STDERR_REDIRECT] 
2025-12-17 19:03:06,626 [ERROR] LogOutputStream:75 - [STDERR_REDIRECT] [Fatal Error] :1:1: Premature end of file.
2025-12-17 19:03:06,626 [ERROR] LogOutputStream:75 - [STDERR_REDIRECT] 
2025-12-17 19:03:07,626 [ERROR] LogOutputStream:75 - [STDERR_REDIRECT] [Fatal Error] :1:1: Premature end of file.
2025-12-17 19:03:07,626 [ERROR] LogOutputStream:75 - [STDERR_REDIRECT] 
2025-12-17 19:03:08,626 [ERROR] LogOutputStream:75 - [STDERR_REDIRECT] [Fatal Error] :1:1: Premature end of file.
2025-12-17 19:03:08,626 [ERROR] LogOutputStream:75 - [STDERR_REDIRECT] 
2025-12-17 19:03:09,637 [ERROR] LogOutputStream:75 - [STDERR_REDIRECT] [Fatal Error] :1:1: Premature end of file.
2025-12-17 19:03:09,637 [ERROR] LogOutputStream:75 - [STDERR_REDIRECT] 
2025-12-17 19:03:10,623 [ERROR] LogOutputStream:75 - [STDERR_REDIRECT] [Fatal Error] :1:1: Premature end of file.
2025-12-17 19:03:10,625 [ERROR] LogOutputStream:75 - [STDERR_REDIRECT] 
2025-12-17 19:03:11,621 [ERROR] LogOutputStream:75 - [STDERR_REDIRECT] [Fatal Error] :1:1: Premature end of file.
2025-12-17 19:03:11,622 [ERROR] LogOutputStream:75 - [STDERR_REDIRECT] 
2025-12-17 19:03:12,629 [ERROR] LogOutputStream:75 - [STDERR_REDIRECT] [Fatal Error] :1:1: Premature end of file.
2025-12-17 19:03:12,630 [ERROR] LogOutputStream:75 - [STDERR_REDIRECT] 
2025-12-17 19:03:13,639 [ERROR] LogOutputStream:75 - [STDERR_REDIRECT] [Fatal Error] :1:1: Premature end of file.
2025-12-17 19:03:13,640 [ERROR] LogOutputStream:75 - [STDERR_REDIRECT] 
2025-12-17 19:03:14,626 [ERROR] LogOutputStream:75 - [STDERR_REDIRECT] [Fatal Error] :1:1: Premature end of file.
2025-12-17 19:03:14,626 [ERROR] LogOutputStream:75 - [STDERR_REDIRECT] 
2025-12-17 19:03:15,585 [INFO] LogOutputStream:77 - [STDOUT_REDIRECT] StartTraceHandler.execute(), success : Collect=true
2025-12-17 19:03:15,626 [ERROR] LogOutputStream:75 - [STDERR_REDIRECT] [Fatal Error] :1:1: Premature end of file.
2025-12-17 19:03:15,626 [ERROR] LogOutputStream:75 - [STDERR_REDIRECT] 
2025-12-17 19:03:16,619 [ERROR] LogOutputStream:75 - [STDERR_REDIRECT] [Fatal Error] :1:1: Premature end of file.
2025-12-17 19:03:16,620 [ERROR] LogOutputStream:75 - [STDERR_REDIRECT] 
2025-12-17 19:03:17,624 [ERROR] LogOutputStream:75 - [STDERR_REDIRECT] [Fatal Error] :1:1: Premature end of file.
2025-12-17 19:03:17,624 [ERROR] LogOutputStream:75 - [STDERR_REDIRECT] 
2025-12-17 19:03:18,621 [ERROR] LogOutputStream:75 - [STDERR_REDIRECT] [Fatal Error] :1:1: Premature end of file.
2025-12-17 19:03:18,621 [ERROR] LogOutputStream:75 - [STDERR_REDIRECT] 
2025-12-17 19:03:19,623 [ERROR] LogOutputStream:75 - [STDERR_REDIRECT] [Fatal Error] :1:1: Premature end of file.
2025-12-17 19:03:19,624 [ERROR] LogOutputStream:75 - [STDERR_REDIRECT] 
2025-12-17 19:03:20,621 [ERROR] LogOutputStream:75 - [STDERR_REDIRECT] [Fatal Error] :1:1: Premature end of file.
2025-12-17 19:03:20,621 [ERROR] LogOutputStream:75 - [STDERR_REDIRECT] 
2025-12-17 19:03:21,625 [ERROR] LogOutputStream:75 - [STDERR_REDIRECT] [Fatal Error] :1:1: Premature end of file.
2025-12-17 19:03:21,625 [ERROR] LogOutputStream:75 - [STDERR_REDIRECT] 
2025-12-17 19:03:22,620 [ERROR] LogOutputStream:75 - [STDERR_REDIRECT] [Fatal Error] :1:1: Premature end of file.
2025-12-17 19:03:22,621 [ERROR] LogOutputStream:75 - [STDERR_REDIRECT] 
2025-12-17 19:03:23,620 [ERROR] LogOutputStream:75 - [STDERR_REDIRECT] [Fatal Error] :1:1: Premature end of file.
2025-12-17 19:03:23,620 [ERROR] LogOutputStream:75 - [STDERR_REDIRECT] 
2025-12-17 19:03:24,623 [ERROR] LogOutputStream:75 - [STDERR_REDIRECT] [Fatal Error] :1:1: Premature end of file.
2025-12-17 19:03:24,624 [ERROR] LogOutputStream:75 - [STDERR_REDIRECT] 
2025-12-17 19:03:25,621 [ERROR] LogOutputStream:75 - [STDERR_REDIRECT] [Fatal Error] :1:1: Premature end of file.
2025-12-17 19:03:25,621 [ERROR] LogOutputStream:75 - [STDERR_REDIRECT] 
2025-12-17 19:03:26,622 [ERROR] LogOutputStream:75 - [STDERR_REDIRECT] [Fatal Error] :1:1: Premature end of file.
2025-12-17 19:03:26,622 [ERROR] LogOutputStream:75 - [STDERR_REDIRECT] 
2025-12-17 19:03:27,622 [ERROR] LogOutputStream:75 - [STDERR_REDIRECT] [Fatal Error] :1:1: Premature end of file.
2025-12-17 19:03:27,622 [ERROR] LogOutputStream:75 - [STDERR_REDIRECT] 
2025-12-17 19:03:28,619 [ERROR] LogOutputStream:75 - [STDERR_REDIRECT] [Fatal Error] :1:1: Premature end of file.
2025-12-17 19:03:28,620 [ERROR] LogOutputStream:75 - [STDERR_REDIRECT] 
2025-12-17 19:03:29,620 [ERROR] LogOutputStream:75 - [STDERR_REDIRECT] [Fatal Error] :1:1: Premature end of file.
2025-12-17 19:03:29,620 [ERROR] LogOutputStream:75 - [STDERR_REDIRECT] 
2025-12-17 19:03:30,622 [ERROR] LogOutputStream:75 - [STDERR_REDIRECT] [Fatal Error] :1:1: Premature end of file.
2025-12-17 19:03:30,624 [ERROR] LogOutputStream:75 - [STDERR_REDIRECT] 
2025-12-17 19:03:31,621 [ERROR] LogOutputStream:75 - [STDERR_REDIRECT] [Fatal Error] :1:1: Premature end of file.
2025-12-17 19:03:31,622 [ERROR] LogOutputStream:75 - [STDERR_REDIRECT] 
2025-12-17 19:03:32,624 [ERROR] LogOutputStream:75 - [STDERR_REDIRECT] [Fatal Error] :1:1: Premature end of file.
2025-12-17 19:03:32,624 [ERROR] LogOutputStream:75 - [STDERR_REDIRECT] 
2025-12-17 19:03:33,624 [ERROR] LogOutputStream:75 - [STDERR_REDIRECT] [Fatal Error] :1:1: Premature end of file.
2025-12-17 19:03:33,624 [ERROR] LogOutputStream:75 - [STDERR_REDIRECT] 
2025-12-17 19:03:34,621 [ERROR] LogOutputStream:75 - [STDERR_REDIRECT] [Fatal Error] :1:1: Premature end of file.
2025-12-17 19:03:34,621 [ERROR] LogOutputStream:75 - [STDERR_REDIRECT] 
2025-12-17 19:03:35,625 [ERROR] LogOutputStream:75 - [STDERR_REDIRECT] [Fatal Error] :1:1: Premature end of file.
2025-12-17 19:03:35,625 [ERROR] LogOutputStream:75 - [STDERR_REDIRECT] 
2025-12-17 19:03:36,624 [ERROR] LogOutputStream:75 - [STDERR_REDIRECT] [Fatal Error] :1:1: Premature end of file.
2025-12-17 19:03:36,624 [ERROR] LogOutputStream:75 - [STDERR_REDIRECT] 
2025-12-17 19:03:37,622 [ERROR] LogOutputStream:75 - [STDERR_REDIRECT] [Fatal Error] :1:1: Premature end of file.
2025-12-17 19:03:37,622 [ERROR] LogOutputStream:75 - [STDERR_REDIRECT] 
2025-12-17 19:03:38,626 [ERROR] LogOutputStream:75 - [STDERR_REDIRECT] [Fatal Error] :1:1: Premature end of file.
2025-12-17 19:03:38,626 [ERROR] LogOutputStream:75 - [STDERR_REDIRECT] 
2025-12-17 19:03:39,622 [ERROR] LogOutputStream:75 - [STDERR_REDIRECT] [Fatal Error] :1:1: Premature end of file.
2025-12-17 19:03:39,623 [ERROR] LogOutputStream:75 - [STDERR_REDIRECT] 
2025-12-17 19:03:40,621 [ERROR] LogOutputStream:75 - [STDERR_REDIRECT] [Fatal Error] :1:1: Premature end of file.
2025-12-17 19:03:40,622 [ERROR] LogOutputStream:75 - [STDERR_REDIRECT] 
2025-12-17 19:03:41,627 [ERROR] LogOutputStream:75 - [STDERR_REDIRECT] [Fatal Error] :1:1: Premature end of file.
2025-12-17 19:03:41,627 [ERROR] LogOutputStream:75 - [STDERR_REDIRECT] 
2025-12-17 19:03:42,625 [ERROR] LogOutputStream:75 - [STDERR_REDIRECT] [Fatal Error] :1:1: Premature end of file.
2025-12-17 19:03:42,625 [ERROR] LogOutputStream:75 - [STDERR_REDIRECT] 
2025-12-17 19:03:43,620 [ERROR] LogOutputStream:75 - [STDERR_REDIRECT] [Fatal Error] :1:1: Premature end of file.
2025-12-17 19:03:43,620 [ERROR] LogOutputStream:75 - [STDERR_REDIRECT] 
2025-12-17 19:03:44,621 [ERROR] LogOutputStream:75 - [STDERR_REDIRECT] [Fatal Error] :1:1: Premature end of file.
2025-12-17 19:03:44,621 [ERROR] LogOutputStream:75 - [STDERR_REDIRECT] 
2025-12-17 19:03:45,624 [ERROR] LogOutputStream:75 - [STDERR_REDIRECT] [Fatal Error] :1:1: Premature end of file.
2025-12-17 19:03:45,624 [ERROR] LogOutputStream:75 - [STDERR_REDIRECT] 
2025-12-17 19:03:46,624 [ERROR] LogOutputStream:75 - [STDERR_REDIRECT] [Fatal Error] :1:1: Premature end of file.
2025-12-17 19:03:46,625 [ERROR] LogOutputStream:75 - [STDERR_REDIRECT] 
2025-12-17 19:03:47,623 [ERROR] LogOutputStream:75 - [STDERR_REDIRECT] [Fatal Error] :1:1: Premature end of file.
2025-12-17 19:03:47,623 [ERROR] LogOutputStream:75 - [STDERR_REDIRECT] 
2025-12-17 19:03:48,621 [ERROR] LogOutputStream:75 - [STDERR_REDIRECT] [Fatal Error] :1:1: Premature end of file.
2025-12-17 19:03:48,621 [ERROR] LogOutputStream:75 - [STDERR_REDIRECT] 
2025-12-17 19:03:49,622 [ERROR] LogOutputStream:75 - [STDERR_REDIRECT] [Fatal Error] :1:1: Premature end of file.
2025-12-17 19:03:49,622 [ERROR] LogOutputStream:75 - [STDERR_REDIRECT] 
2025-12-17 19:03:50,626 [ERROR] LogOutputStream:75 - [STDERR_REDIRECT] [Fatal Error] :1:1: Premature end of file.
2025-12-17 19:03:50,626 [ERROR] LogOutputStream:75 - [STDERR_REDIRECT] 
2025-12-17 19:03:51,625 [ERROR] LogOutputStream:75 - [STDERR_REDIRECT] [Fatal Error] :1:1: Premature end of file.
2025-12-17 19:03:51,625 [ERROR] LogOutputStream:75 - [STDERR_REDIRECT] 
2025-12-17 19:03:52,622 [ERROR] LogOutputStream:75 - [STDERR_REDIRECT] [Fatal Error] :1:1: Premature end of file.
2025-12-17 19:03:52,622 [ERROR] LogOutputStream:75 - [STDERR_REDIRECT] 
2025-12-17 19:03:53,622 [ERROR] LogOutputStream:75 - [STDERR_REDIRECT] [Fatal Error] :1:1: Premature end of file.
2025-12-17 19:03:53,622 [ERROR] LogOutputStream:75 - [STDERR_REDIRECT] 
2025-12-17 19:03:54,621 [ERROR] LogOutputStream:75 - [STDERR_REDIRECT] [Fatal Error] :1:1: Premature end of file.
2025-12-17 19:03:54,621 [ERROR] LogOutputStream:75 - [STDERR_REDIRECT] 
2025-12-17 19:03:55,621 [ERROR] LogOutputStream:75 - [STDERR_REDIRECT] [Fatal Error] :1:1: Premature end of file.
2025-12-17 19:03:55,621 [ERROR] LogOutputStream:75 - [STDERR_REDIRECT] 
2025-12-17 19:03:56,624 [ERROR] LogOutputStream:75 - [STDERR_REDIRECT] [Fatal Error] :1:1: Premature end of file.
2025-12-17 19:03:56,624 [ERROR] LogOutputStream:75 - [STDERR_REDIRECT] 
2025-12-17 19:03:57,624 [ERROR] LogOutputStream:75 - [STDERR_REDIRECT] [Fatal Error] :1:1: Premature end of file.
2025-12-17 19:03:57,625 [ERROR] LogOutputStream:75 - [STDERR_REDIRECT] 
2025-12-17 19:03:58,620 [ERROR] LogOutputStream:75 - [STDERR_REDIRECT] [Fatal Error] :1:1: Premature end of file.
2025-12-17 19:03:58,620 [ERROR] LogOutputStream:75 - [STDERR_REDIRECT] 
2025-12-17 19:03:59,623 [ERROR] LogOutputStream:75 - [STDERR_REDIRECT] [Fatal Error] :1:1: Premature end of file.
2025-12-17 19:03:59,623 [ERROR] LogOutputStream:75 - [STDERR_REDIRECT] 
2025-12-17 19:04:00,619 [ERROR] LogOutputStream:75 - [STDERR_REDIRECT] [Fatal Error] :1:1: Premature end of file.
2025-12-17 19:04:00,620 [ERROR] LogOutputStream:75 - [STDERR_REDIRECT] 
2025-12-17 19:04:01,623 [ERROR] LogOutputStream:75 - [STDERR_REDIRECT] [Fatal Error] :1:1: Premature end of file.
2025-12-17 19:04:01,624 [ERROR] LogOutputStream:75 - [STDERR_REDIRECT] 
2025-12-17 19:04:02,623 [ERROR] LogOutputStream:75 - [STDERR_REDIRECT] [Fatal Error] :1:1: Premature end of file.
2025-12-17 19:04:02,623 [ERROR] LogOutputStream:75 - [STDERR_REDIRECT] 
2025-12-17 19:04:03,621 [ERROR] LogOutputStream:75 - [STDERR_REDIRECT] [Fatal Error] :1:1: Premature end of file.
2025-12-17 19:04:03,621 [ERROR] LogOutputStream:75 - [STDERR_REDIRECT] 
2025-12-17 19:04:04,622 [ERROR] LogOutputStream:75 - [STDERR_REDIRECT] [Fatal Error] :1:1: Premature end of file.
2025-12-17 19:04:04,622 [ERROR] LogOutputStream:75 - [STDERR_REDIRECT] 
2025-12-17 19:04:05,619 [ERROR] LogOutputStream:75 - [STDERR_REDIRECT] [Fatal Error] :1:1: Premature end of file.
2025-12-17 19:04:05,620 [ERROR] LogOutputStream:75 - [STDERR_REDIRECT] 
2025-12-17 19:04:06,624 [ERROR] LogOutputStream:75 - [STDERR_REDIRECT] [Fatal Error] :1:1: Premature end of file.
2025-12-17 19:04:06,624 [ERROR] LogOutputStream:75 - [STDERR_REDIRECT] 
2025-12-17 19:04:07,619 [ERROR] LogOutputStream:75 - [STDERR_REDIRECT] [Fatal Error] :1:1: Premature end of file.
2025-12-17 19:04:07,619 [ERROR] LogOutputStream:75 - [STDERR_REDIRECT] 
2025-12-17 19:04:08,620 [ERROR] LogOutputStream:75 - [STDERR_REDIRECT] [Fatal Error] :1:1: Premature end of file.
2025-12-17 19:04:08,620 [ERROR] LogOutputStream:75 - [STDERR_REDIRECT] 
2025-12-17 19:04:09,624 [ERROR] LogOutputStream:75 - [STDERR_REDIRECT] [Fatal Error] :1:1: Premature end of file.
2025-12-17 19:04:09,625 [ERROR] LogOutputStream:75 - [STDERR_REDIRECT] 
2025-12-17 19:04:10,624 [ERROR] LogOutputStream:75 - [STDERR_REDIRECT] [Fatal Error] :1:1: Premature end of file.
2025-12-17 19:04:10,624 [ERROR] LogOutputStream:75 - [STDERR_REDIRECT] 
2025-12-17 19:04:11,622 [ERROR] LogOutputStream:75 - [STDERR_REDIRECT] [Fatal Error] :1:1: Premature end of file.
2025-12-17 19:04:11,622 [ERROR] LogOutputStream:75 - [STDERR_REDIRECT] 
2025-12-17 19:04:12,621 [ERROR] LogOutputStream:75 - [STDERR_REDIRECT] [Fatal Error] :1:1: Premature end of file.
2025-12-17 19:04:12,621 [ERROR] LogOutputStream:75 - [STDERR_REDIRECT] 
2025-12-17 19:04:13,622 [ERROR] LogOutputStream:75 - [STDERR_REDIRECT] [Fatal Error] :1:1: Premature end of file.
2025-12-17 19:04:13,622 [ERROR] LogOutputStream:75 - [STDERR_REDIRECT] 
2025-12-17 19:04:14,621 [ERROR] LogOutputStream:75 - [STDERR_REDIRECT] [Fatal Error] :1:1: Premature end of file.
2025-12-17 19:04:14,621 [ERROR] LogOutputStream:75 - [STDERR_REDIRECT] 
2025-12-17 19:04:15,621 [ERROR] LogOutputStream:75 - [STDERR_REDIRECT] [Fatal Error] :1:1: Premature end of file.
2025-12-17 19:04:15,622 [ERROR] LogOutputStream:75 - [STDERR_REDIRECT] 
2025-12-17 19:04:16,622 [ERROR] LogOutputStream:75 - [STDERR_REDIRECT] [Fatal Error] :1:1: Premature end of file.
2025-12-17 19:04:16,622 [ERROR] LogOutputStream:75 - [STDERR_REDIRECT] 
2025-12-17 19:04:17,620 [ERROR] LogOutputStream:75 - [STDERR_REDIRECT] [Fatal Error] :1:1: Premature end of file.
2025-12-17 19:04:17,620 [ERROR] LogOutputStream:75 - [STDERR_REDIRECT] 
2025-12-17 19:04:18,621 [ERROR] LogOutputStream:75 - [STDERR_REDIRECT] [Fatal Error] :1:1: Premature end of file.
2025-12-17 19:04:18,621 [ERROR] LogOutputStream:75 - [STDERR_REDIRECT] 
2025-12-17 19:04:19,620 [ERROR] LogOutputStream:75 - [STDERR_REDIRECT] [Fatal Error] :1:1: Premature end of file.
2025-12-17 19:04:19,620 [ERROR] LogOutputStream:75 - [STDERR_REDIRECT] 
2025-12-17 19:04:20,622 [ERROR] LogOutputStream:75 - [STDERR_REDIRECT] [Fatal Error] :1:1: Premature end of file.
2025-12-17 19:04:20,623 [ERROR] LogOutputStream:75 - [STDERR_REDIRECT] 
2025-12-17 19:04:21,620 [ERROR] LogOutputStream:75 - [STDERR_REDIRECT] [Fatal Error] :1:1: Premature end of file.
2025-12-17 19:04:21,621 [ERROR] LogOutputStream:75 - [STDERR_REDIRECT] 
2025-12-17 19:04:22,622 [ERROR] LogOutputStream:75 - [STDERR_REDIRECT] [Fatal Error] :1:1: Premature end of file.
2025-12-17 19:04:22,623 [ERROR] LogOutputStream:75 - [STDERR_REDIRECT] 
2025-12-17 19:04:23,622 [ERROR] LogOutputStream:75 - [STDERR_REDIRECT] [Fatal Error] :1:1: Premature end of file.
2025-12-17 19:04:23,622 [ERROR] LogOutputStream:75 - [STDERR_REDIRECT] 
2025-12-17 19:04:24,623 [ERROR] LogOutputStream:75 - [STDERR_REDIRECT] [Fatal Error] :1:1: Premature end of file.
2025-12-17 19:04:24,623 [ERROR] LogOutputStream:75 - [STDERR_REDIRECT] 
2025-12-17 19:04:25,621 [ERROR] LogOutputStream:75 - [STDERR_REDIRECT] [Fatal Error] :1:1: Premature end of file.
2025-12-17 19:04:25,621 [ERROR] LogOutputStream:75 - [STDERR_REDIRECT] 
2025-12-17 19:04:26,622 [ERROR] LogOutputStream:75 - [STDERR_REDIRECT] [Fatal Error] :1:1: Premature end of file.
2025-12-17 19:04:26,622 [ERROR] LogOutputStream:75 - [STDERR_REDIRECT] 
2025-12-17 19:04:27,621 [ERROR] LogOutputStream:75 - [STDERR_REDIRECT] [Fatal Error] :1:1: Premature end of file.
2025-12-17 19:04:27,621 [ERROR] LogOutputStream:75 - [STDERR_REDIRECT] 
2025-12-17 19:04:28,621 [ERROR] LogOutputStream:75 - [STDERR_REDIRECT] [Fatal Error] :1:1: Premature end of file.
2025-12-17 19:04:28,621 [ERROR] LogOutputStream:75 - [STDERR_REDIRECT] 
2025-12-17 19:04:29,624 [ERROR] LogOutputStream:75 - [STDERR_REDIRECT] [Fatal Error] :1:1: Premature end of file.
2025-12-17 19:04:29,624 [ERROR] LogOutputStream:75 - [STDERR_REDIRECT] 
2025-12-17 19:04:30,622 [ERROR] LogOutputStream:75 - [STDERR_REDIRECT] [Fatal Error] :1:1: Premature end of file.
2025-12-17 19:04:30,622 [ERROR] LogOutputStream:75 - [STDERR_REDIRECT] 
2025-12-17 19:04:31,622 [ERROR] LogOutputStream:75 - [STDERR_REDIRECT] [Fatal Error] :1:1: Premature end of file.
2025-12-17 19:04:31,623 [ERROR] LogOutputStream:75 - [STDERR_REDIRECT] 
2025-12-17 19:04:32,623 [ERROR] LogOutputStream:75 - [STDERR_REDIRECT] [Fatal Error] :1:1: Premature end of file.
2025-12-17 19:04:32,624 [ERROR] LogOutputStream:75 - [STDERR_REDIRECT] 
2025-12-17 19:04:33,623 [ERROR] LogOutputStream:75 - [STDERR_REDIRECT] [Fatal Error] :1:1: Premature end of file.
2025-12-17 19:04:33,624 [ERROR] LogOutputStream:75 - [STDERR_REDIRECT] 
2025-12-17 19:04:34,621 [ERROR] LogOutputStream:75 - [STDERR_REDIRECT] [Fatal Error] :1:1: Premature end of file.
2025-12-17 19:04:34,621 [ERROR] LogOutputStream:75 - [STDERR_REDIRECT] 
2025-12-17 19:04:35,633 [ERROR] LogOutputStream:75 - [STDERR_REDIRECT] [Fatal Error] :1:1: Premature end of file.
2025-12-17 19:04:35,634 [ERROR] LogOutputStream:75 - [STDERR_REDIRECT] 
2025-12-17 19:04:36,665 [ERROR] LogOutputStream:75 - [STDERR_REDIRECT] [Fatal Error] :1:1: Premature end of file.
2025-12-17 19:04:36,665 [ERROR] LogOutputStream:75 - [STDERR_REDIRECT] 
2025-12-17 19:04:37,607 [ERROR] LogOutputStream:75 - [STDERR_REDIRECT] [Fatal Error] :1:1: Premature end of file.
2025-12-17 19:04:37,607 [ERROR] LogOutputStream:75 - [STDERR_REDIRECT] 
2025-12-17 19:04:38,627 [ERROR] LogOutputStream:75 - [STDERR_REDIRECT] [Fatal Error] :1:1: Premature end of file.
2025-12-17 19:04:38,628 [ERROR] LogOutputStream:75 - [STDERR_REDIRECT] 
2025-12-17 19:04:39,625 [ERROR] LogOutputStream:75 - [STDERR_REDIRECT] [Fatal Error] :1:1: Premature end of file.
2025-12-17 19:04:39,625 [ERROR] LogOutputStream:75 - [STDERR_REDIRECT] 
2025-12-17 19:04:40,617 [ERROR] LogOutputStream:75 - [STDERR_REDIRECT] [Fatal Error] :1:1: Premature end of file.
2025-12-17 19:04:40,618 [ERROR] LogOutputStream:75 - [STDERR_REDIRECT] 
2025-12-17 19:04:41,620 [ERROR] LogOutputStream:75 - [STDERR_REDIRECT] [Fatal Error] :1:1: Premature end of file.
2025-12-17 19:04:41,620 [ERROR] LogOutputStream:75 - [STDERR_REDIRECT] 
2025-12-17 19:04:42,620 [ERROR] LogOutputStream:75 - [STDERR_REDIRECT] [Fatal Error] :1:1: Premature end of file.
2025-12-17 19:04:42,620 [ERROR] LogOutputStream:75 - [STDERR_REDIRECT] 
2025-12-17 19:04:43,618 [ERROR] LogOutputStream:75 - [STDERR_REDIRECT] [Fatal Error] :1:1: Premature end of file.
2025-12-17 19:04:43,618 [ERROR] LogOutputStream:75 - [STDERR_REDIRECT] 
2025-12-17 19:04:44,616 [ERROR] LogOutputStream:75 - [STDERR_REDIRECT] [Fatal Error] :1:1: Premature end of file.
2025-12-17 19:04:44,618 [ERROR] LogOutputStream:75 - [STDERR_REDIRECT] 
2025-12-17 19:04:45,614 [ERROR] LogOutputStream:75 - [STDERR_REDIRECT] [Fatal Error] :1:1: Premature end of file.
2025-12-17 19:04:45,615 [ERROR] LogOutputStream:75 - [STDERR_REDIRECT] 
2025-12-17 19:04:46,621 [ERROR] LogOutputStream:75 - [STDERR_REDIRECT] [Fatal Error] :1:1: Premature end of file.
2025-12-17 19:04:46,621 [ERROR] LogOutputStream:75 - [STDERR_REDIRECT] 
2025-12-17 19:04:47,633 [ERROR] LogOutputStream:75 - [STDERR_REDIRECT] [Fatal Error] :1:1: Premature end of file.
2025-12-17 19:04:47,634 [ERROR] LogOutputStream:75 - [STDERR_REDIRECT] 
2025-12-17 19:04:48,629 [ERROR] LogOutputStream:75 - [STDERR_REDIRECT] [Fatal Error] :1:1: Premature end of file.
2025-12-17 19:04:48,630 [ERROR] LogOutputStream:75 - [STDERR_REDIRECT] 
2025-12-17 19:04:49,626 [ERROR] LogOutputStream:75 - [STDERR_REDIRECT] [Fatal Error] :1:1: Premature end of file.
2025-12-17 19:04:49,626 [ERROR] LogOutputStream:75 - [STDERR_REDIRECT] 
2025-12-17 19:04:50,631 [ERROR] LogOutputStream:75 - [STDERR_REDIRECT] [Fatal Error] :1:1: Premature end of file.
2025-12-17 19:04:50,631 [ERROR] LogOutputStream:75 - [STDERR_REDIRECT] 
2025-12-17 19:04:51,628 [ERROR] LogOutputStream:75 - [STDERR_REDIRECT] [Fatal Error] :1:1: Premature end of file.
2025-12-17 19:04:51,628 [ERROR] LogOutputStream:75 - [STDERR_REDIRECT] 
2025-12-17 19:04:52,624 [ERROR] LogOutputStream:75 - [STDERR_REDIRECT] [Fatal Error] :1:1: Premature end of file.
2025-12-17 19:04:52,624 [ERROR] LogOutputStream:75 - [STDERR_REDIRECT] 
2025-12-17 19:04:53,627 [ERROR] LogOutputStream:75 - [STDERR_REDIRECT] [Fatal Error] :1:1: Premature end of file.
2025-12-17 19:04:53,627 [ERROR] LogOutputStream:75 - [STDERR_REDIRECT] 
2025-12-17 19:04:54,611 [ERROR] LogOutputStream:75 - [STDERR_REDIRECT] [Fatal Error] :1:1: Premature end of file.
2025-12-17 19:04:54,612 [ERROR] LogOutputStream:75 - [STDERR_REDIRECT] 
2025-12-17 19:04:55,626 [ERROR] LogOutputStream:75 - [STDERR_REDIRECT] [Fatal Error] :1:1: Premature end of file.
2025-12-17 19:04:55,626 [ERROR] LogOutputStream:75 - [STDERR_REDIRECT] 
2025-12-17 19:04:56,627 [ERROR] LogOutputStream:75 - [STDERR_REDIRECT] [Fatal Error] :1:1: Premature end of file.
2025-12-17 19:04:56,627 [ERROR] LogOutputStream:75 - [STDERR_REDIRECT] 
2025-12-17 19:04:57,623 [ERROR] LogOutputStream:75 - [STDERR_REDIRECT] [Fatal Error] :1:1: Premature end of file.
2025-12-17 19:04:57,623 [ERROR] LogOutputStream:75 - [STDERR_REDIRECT] 
2025-12-17 19:04:58,622 [ERROR] LogOutputStream:75 - [STDERR_REDIRECT] [Fatal Error] :1:1: Premature end of file.
2025-12-17 19:04:58,623 [ERROR] LogOutputStream:75 - [STDERR_REDIRECT] 
2025-12-17 19:04:59,629 [ERROR] LogOutputStream:75 - [STDERR_REDIRECT] [Fatal Error] :1:1: Premature end of file.
2025-12-17 19:04:59,630 [ERROR] LogOutputStream:75 - [STDERR_REDIRECT] 
2025-12-17 19:05:00,624 [ERROR] LogOutputStream:75 - [STDERR_REDIRECT] [Fatal Error] :1:1: Premature end of file.
2025-12-17 19:05:00,624 [ERROR] LogOutputStream:75 - [STDERR_REDIRECT] 
2025-12-17 19:05:01,624 [ERROR] LogOutputStream:75 - [STDERR_REDIRECT] [Fatal Error] :1:1: Premature end of file.
2025-12-17 19:05:01,624 [ERROR] LogOutputStream:75 - [STDERR_REDIRECT] 
2025-12-17 19:05:02,625 [ERROR] LogOutputStream:75 - [STDERR_REDIRECT] [Fatal Error] :1:1: Premature end of file.
2025-12-17 19:05:02,625 [ERROR] LogOutputStream:75 - [STDERR_REDIRECT] 
2025-12-17 19:05:03,630 [ERROR] LogOutputStream:75 - [STDERR_REDIRECT] [Fatal Error] :1:1: Premature end of file.
2025-12-17 19:05:03,630 [ERROR] LogOutputStream:75 - [STDERR_REDIRECT] 
2025-12-17 19:05:04,637 [ERROR] LogOutputStream:75 - [STDERR_REDIRECT] [Fatal Error] :1:1: Premature end of file.
2025-12-17 19:05:04,637 [ERROR] LogOutputStream:75 - [STDERR_REDIRECT] 
2025-12-17 19:05:05,627 [ERROR] LogOutputStream:75 - [STDERR_REDIRECT] [Fatal Error] :1:1: Premature end of file.
2025-12-17 19:05:05,627 [ERROR] LogOutputStream:75 - [STDERR_REDIRECT] 
2025-12-17 19:05:06,627 [ERROR] LogOutputStream:75 - [STDERR_REDIRECT] [Fatal Error] :1:1: Premature end of file.
2025-12-17 19:05:06,628 [ERROR] LogOutputStream:75 - [STDERR_REDIRECT] 
2025-12-17 19:05:07,629 [ERROR] LogOutputStream:75 - [STDERR_REDIRECT] [Fatal Error] :1:1: Premature end of file.
2025-12-17 19:05:07,629 [ERROR] LogOutputStream:75 - [STDERR_REDIRECT] 
2025-12-17 19:05:08,625 [ERROR] LogOutputStream:75 - [STDERR_REDIRECT] [Fatal Error] :1:1: Premature end of file.
2025-12-17 19:05:08,626 [ERROR] LogOutputStream:75 - [STDERR_REDIRECT] 
2025-12-17 19:05:09,642 [ERROR] LogOutputStream:75 - [STDERR_REDIRECT] [Fatal Error] :1:1: Premature end of file.
2025-12-17 19:05:09,642 [ERROR] LogOutputStream:75 - [STDERR_REDIRECT] 
2025-12-17 19:05:10,627 [ERROR] LogOutputStream:75 - [STDERR_REDIRECT] [Fatal Error] :1:1: Premature end of file.
2025-12-17 19:05:10,627 [ERROR] LogOutputStream:75 - [STDERR_REDIRECT] 
2025-12-17 19:05:11,626 [ERROR] LogOutputStream:75 - [STDERR_REDIRECT] [Fatal Error] :1:1: Premature end of file.
2025-12-17 19:05:11,626 [ERROR] LogOutputStream:75 - [STDERR_REDIRECT] 
2025-12-17 19:05:12,625 [ERROR] LogOutputStream:75 - [STDERR_REDIRECT] [Fatal Error] :1:1: Premature end of file.
2025-12-17 19:05:12,626 [ERROR] LogOutputStream:75 - [STDERR_REDIRECT] 
2025-12-17 19:05:13,625 [ERROR] LogOutputStream:75 - [STDERR_REDIRECT] [Fatal Error] :1:1: Premature end of file.
2025-12-17 19:05:13,625 [ERROR] LogOutputStream:75 - [STDERR_REDIRECT] 
2025-12-17 19:05:14,630 [ERROR] LogOutputStream:75 - [STDERR_REDIRECT] [Fatal Error] :1:1: Premature end of file.
2025-12-17 19:05:14,630 [ERROR] LogOutputStream:75 - [STDERR_REDIRECT] 
2025-12-17 19:05:15,626 [ERROR] LogOutputStream:75 - [STDERR_REDIRECT] [Fatal Error] :1:1: Premature end of file.
2025-12-17 19:05:15,627 [ERROR] LogOutputStream:75 - [STDERR_REDIRECT] 
2025-12-17 19:05:16,623 [ERROR] LogOutputStream:75 - [STDERR_REDIRECT] [Fatal Error] :1:1: Premature end of file.
2025-12-17 19:05:16,623 [ERROR] LogOutputStream:75 - [STDERR_REDIRECT] 
2025-12-17 19:05:17,624 [ERROR] LogOutputStream:75 - [STDERR_REDIRECT] [Fatal Error] :1:1: Premature end of file.
2025-12-17 19:05:17,624 [ERROR] LogOutputStream:75 - [STDERR_REDIRECT] 
2025-12-17 19:05:18,626 [ERROR] LogOutputStream:75 - [STDERR_REDIRECT] [Fatal Error] :1:1: Premature end of file.
2025-12-17 19:05:18,626 [ERROR] LogOutputStream:75 - [STDERR_REDIRECT] 
2025-12-17 19:05:19,623 [ERROR] LogOutputStream:75 - [STDERR_REDIRECT] [Fatal Error] :1:1: Premature end of file.
2025-12-17 19:05:19,623 [ERROR] LogOutputStream:75 - [STDERR_REDIRECT] 
2025-12-17 19:05:20,625 [ERROR] LogOutputStream:75 - [STDERR_REDIRECT] [Fatal Error] :1:1: Premature end of file.
2025-12-17 19:05:20,625 [ERROR] LogOutputStream:75 - [STDERR_REDIRECT] 
2025-12-17 19:05:21,624 [ERROR] LogOutputStream:75 - [STDERR_REDIRECT] [Fatal Error] :1:1: Premature end of file.
2025-12-17 19:05:21,624 [ERROR] LogOutputStream:75 - [STDERR_REDIRECT] 
2025-12-17 19:05:22,622 [ERROR] LogOutputStream:75 - [STDERR_REDIRECT] [Fatal Error] :1:1: Premature end of file.
2025-12-17 19:05:22,622 [ERROR] LogOutputStream:75 - [STDERR_REDIRECT] 
2025-12-17 19:05:23,625 [ERROR] LogOutputStream:75 - [STDERR_REDIRECT] [Fatal Error] :1:1: Premature end of file.
2025-12-17 19:05:23,626 [ERROR] LogOutputStream:75 - [STDERR_REDIRECT] 
2025-12-17 19:05:24,625 [ERROR] LogOutputStream:75 - [STDERR_REDIRECT] [Fatal Error] :1:1: Premature end of file.
2025-12-17 19:05:24,625 [ERROR] LogOutputStream:75 - [STDERR_REDIRECT] 
2025-12-17 19:05:25,627 [ERROR] LogOutputStream:75 - [STDERR_REDIRECT] [Fatal Error] :1:1: Premature end of file.
2025-12-17 19:05:25,627 [ERROR] LogOutputStream:75 - [STDERR_REDIRECT] 
2025-12-17 19:05:26,735 [ERROR] LogOutputStream:75 - [STDERR_REDIRECT] [Fatal Error] :1:1: Premature end of file.
2025-12-17 19:05:26,735 [ERROR] LogOutputStream:75 - [STDERR_REDIRECT] 
2025-12-17 19:05:27,612 [ERROR] LogOutputStream:75 - [STDERR_REDIRECT] [Fatal Error] :1:1: Premature end of file.
2025-12-17 19:05:27,613 [ERROR] LogOutputStream:75 - [STDERR_REDIRECT] 
2025-12-17 19:05:28,612 [ERROR] LogOutputStream:75 - [STDERR_REDIRECT] [Fatal Error] :1:1: Premature end of file.
2025-12-17 19:05:28,612 [ERROR] LogOutputStream:75 - [STDERR_REDIRECT] 
2025-12-17 19:05:29,614 [ERROR] LogOutputStream:75 - [STDERR_REDIRECT] [Fatal Error] :1:1: Premature end of file.
2025-12-17 19:05:29,614 [ERROR] LogOutputStream:75 - [STDERR_REDIRECT] 
2025-12-17 19:05:30,629 [ERROR] LogOutputStream:75 - [STDERR_REDIRECT] [Fatal Error] :1:1: Premature end of file.
2025-12-17 19:05:30,629 [ERROR] LogOutputStream:75 - [STDERR_REDIRECT] 
2025-12-17 19:05:31,628 [ERROR] LogOutputStream:75 - [STDERR_REDIRECT] [Fatal Error] :1:1: Premature end of file.
2025-12-17 19:05:31,629 [ERROR] LogOutputStream:75 - [STDERR_REDIRECT] 
2025-12-17 19:05:32,629 [ERROR] LogOutputStream:75 - [STDERR_REDIRECT] [Fatal Error] :1:1: Premature end of file.
2025-12-17 19:05:32,629 [ERROR] LogOutputStream:75 - [STDERR_REDIRECT] 
2025-12-17 19:05:33,648 [ERROR] LogOutputStream:75 - [STDERR_REDIRECT] [Fatal Error] :1:1: Premature end of file.
2025-12-17 19:05:33,649 [ERROR] LogOutputStream:75 - [STDERR_REDIRECT] 
2025-12-17 19:05:34,630 [ERROR] LogOutputStream:75 - [STDERR_REDIRECT] [Fatal Error] :1:1: Premature end of file.
2025-12-17 19:05:34,630 [ERROR] LogOutputStream:75 - [STDERR_REDIRECT] 
2025-12-17 19:05:35,635 [ERROR] LogOutputStream:75 - [STDERR_REDIRECT] [Fatal Error] :1:1: Premature end of file.
2025-12-17 19:05:35,635 [ERROR] LogOutputStream:75 - [STDERR_REDIRECT] 
2025-12-17 19:05:36,626 [ERROR] LogOutputStream:75 - [STDERR_REDIRECT] [Fatal Error] :1:1: Premature end of file.
2025-12-17 19:05:36,627 [ERROR] LogOutputStream:75 - [STDERR_REDIRECT] 
2025-12-17 19:05:37,623 [ERROR] LogOutputStream:75 - [STDERR_REDIRECT] [Fatal Error] :1:1: Premature end of file.
2025-12-17 19:05:37,623 [ERROR] LogOutputStream:75 - [STDERR_REDIRECT] 
2025-12-17 19:05:38,629 [ERROR] LogOutputStream:75 - [STDERR_REDIRECT] [Fatal Error] :1:1: Premature end of file.
2025-12-17 19:05:38,629 [ERROR] LogOutputStream:75 - [STDERR_REDIRECT] 
2025-12-17 19:05:39,639 [ERROR] LogOutputStream:75 - [STDERR_REDIRECT] [Fatal Error] :1:1: Premature end of file.
2025-12-17 19:05:39,639 [ERROR] LogOutputStream:75 - [STDERR_REDIRECT] 
2025-12-17 19:05:40,623 [ERROR] LogOutputStream:75 - [STDERR_REDIRECT] [Fatal Error] :1:1: Premature end of file.
2025-12-17 19:05:40,623 [ERROR] LogOutputStream:75 - [STDERR_REDIRECT] 
2025-12-17 19:05:41,625 [ERROR] LogOutputStream:75 - [STDERR_REDIRECT] [Fatal Error] :1:1: Premature end of file.
2025-12-17 19:05:41,625 [ERROR] LogOutputStream:75 - [STDERR_REDIRECT] 
2025-12-17 19:05:42,627 [ERROR] LogOutputStream:75 - [STDERR_REDIRECT] [Fatal Error] :1:1: Premature end of file.
2025-12-17 19:05:42,627 [ERROR] LogOutputStream:75 - [STDERR_REDIRECT] 
2025-12-17 19:05:43,621 [ERROR] LogOutputStream:75 - [STDERR_REDIRECT] [Fatal Error] :1:1: Premature end of file.
2025-12-17 19:05:43,622 [ERROR] LogOutputStream:75 - [STDERR_REDIRECT] 
2025-12-17 19:05:44,628 [ERROR] LogOutputStream:75 - [STDERR_REDIRECT] [Fatal Error] :1:1: Premature end of file.
2025-12-17 19:05:44,628 [ERROR] LogOutputStream:75 - [STDERR_REDIRECT] 
2025-12-17 19:05:45,618 [ERROR] LogOutputStream:75 - [STDERR_REDIRECT] [Fatal Error] :1:1: Premature end of file.
2025-12-17 19:05:45,618 [ERROR] LogOutputStream:75 - [STDERR_REDIRECT] 
2025-12-17 19:05:46,616 [ERROR] LogOutputStream:75 - [STDERR_REDIRECT] [Fatal Error] :1:1: Premature end of file.
2025-12-17 19:05:46,616 [ERROR] LogOutputStream:75 - [STDERR_REDIRECT] 
2025-12-17 19:05:47,615 [ERROR] LogOutputStream:75 - [STDERR_REDIRECT] [Fatal Error] :1:1: Premature end of file.
2025-12-17 19:05:47,615 [ERROR] LogOutputStream:75 - [STDERR_REDIRECT] 
2025-12-17 19:05:48,616 [ERROR] LogOutputStream:75 - [STDERR_REDIRECT] [Fatal Error] :1:1: Premature end of file.
2025-12-17 19:05:48,616 [ERROR] LogOutputStream:75 - [STDERR_REDIRECT] 
2025-12-17 19:05:49,619 [ERROR] LogOutputStream:75 - [STDERR_REDIRECT] [Fatal Error] :1:1: Premature end of file.
2025-12-17 19:05:49,620 [ERROR] LogOutputStream:75 - [STDERR_REDIRECT] 
2025-12-17 19:05:50,616 [ERROR] LogOutputStream:75 - [STDERR_REDIRECT] [Fatal Error] :1:1: Premature end of file.
2025-12-17 19:05:50,616 [ERROR] LogOutputStream:75 - [STDERR_REDIRECT] 
2025-12-17 19:05:51,619 [ERROR] LogOutputStream:75 - [STDERR_REDIRECT] [Fatal Error] :1:1: Premature end of file.
2025-12-17 19:05:51,619 [ERROR] LogOutputStream:75 - [STDERR_REDIRECT] 
2025-12-17 19:05:52,616 [ERROR] LogOutputStream:75 - [STDERR_REDIRECT] [Fatal Error] :1:1: Premature end of file.
2025-12-17 19:05:52,616 [ERROR] LogOutputStream:75 - [STDERR_REDIRECT] 
2025-12-17 19:05:53,615 [ERROR] LogOutputStream:75 - [STDERR_REDIRECT] [Fatal Error] :1:1: Premature end of file.
2025-12-17 19:05:53,615 [ERROR] LogOutputStream:75 - [STDERR_REDIRECT] 
2025-12-17 19:05:54,615 [ERROR] LogOutputStream:75 - [STDERR_REDIRECT] [Fatal Error] :1:1: Premature end of file.
2025-12-17 19:05:54,615 [ERROR] LogOutputStream:75 - [STDERR_REDIRECT] 
2025-12-17 19:05:55,615 [ERROR] LogOutputStream:75 - [STDERR_REDIRECT] [Fatal Error] :1:1: Premature end of file.
2025-12-17 19:05:55,615 [ERROR] LogOutputStream:75 - [STDERR_REDIRECT] 
2025-12-17 19:05:56,615 [ERROR] LogOutputStream:75 - [STDERR_REDIRECT] [Fatal Error] :1:1: Premature end of file.
2025-12-17 19:05:56,615 [ERROR] LogOutputStream:75 - [STDERR_REDIRECT] 
2025-12-17 19:05:57,617 [ERROR] LogOutputStream:75 - [STDERR_REDIRECT] [Fatal Error] :1:1: Premature end of file.
2025-12-17 19:05:57,617 [ERROR] LogOutputStream:75 - [STDERR_REDIRECT] 
2025-12-17 19:05:58,617 [ERROR] LogOutputStream:75 - [STDERR_REDIRECT] [Fatal Error] :1:1: Premature end of file.
2025-12-17 19:05:58,617 [ERROR] LogOutputStream:75 - [STDERR_REDIRECT] 
2025-12-17 19:05:59,617 [ERROR] LogOutputStream:75 - [STDERR_REDIRECT] [Fatal Error] :1:1: Premature end of file.
2025-12-17 19:05:59,617 [ERROR] LogOutputStream:75 - [STDERR_REDIRECT] 
2025-12-17 19:06:00,616 [ERROR] LogOutputStream:75 - [STDERR_REDIRECT] [Fatal Error] :1:1: Premature end of file.
2025-12-17 19:06:00,616 [ERROR] LogOutputStream:75 - [STDERR_REDIRECT] 
2025-12-17 19:06:01,617 [ERROR] LogOutputStream:75 - [STDERR_REDIRECT] [Fatal Error] :1:1: Premature end of file.
2025-12-17 19:06:01,617 [ERROR] LogOutputStream:75 - [STDERR_REDIRECT] 
2025-12-17 19:06:02,627 [ERROR] LogOutputStream:75 - [STDERR_REDIRECT] [Fatal Error] :1:1: Premature end of file.
2025-12-17 19:06:02,627 [ERROR] LogOutputStream:75 - [STDERR_REDIRECT] 
2025-12-17 19:06:03,616 [ERROR] LogOutputStream:75 - [STDERR_REDIRECT] [Fatal Error] :1:1: Premature end of file.
2025-12-17 19:06:03,616 [ERROR] LogOutputStream:75 - [STDERR_REDIRECT] 
2025-12-17 19:06:04,619 [ERROR] LogOutputStream:75 - [STDERR_REDIRECT] [Fatal Error] :1:1: Premature end of file.
2025-12-17 19:06:04,619 [ERROR] LogOutputStream:75 - [STDERR_REDIRECT] 
2025-12-17 19:06:05,615 [ERROR] LogOutputStream:75 - [STDERR_REDIRECT] [Fatal Error] :1:1: Premature end of file.
2025-12-17 19:06:05,615 [ERROR] LogOutputStream:75 - [STDERR_REDIRECT] 
2025-12-17 19:06:06,617 [ERROR] LogOutputStream:75 - [STDERR_REDIRECT] [Fatal Error] :1:1: Premature end of file.
2025-12-17 19:06:06,617 [ERROR] LogOutputStream:75 - [STDERR_REDIRECT] 
2025-12-17 19:06:07,615 [ERROR] LogOutputStream:75 - [STDERR_REDIRECT] [Fatal Error] :1:1: Premature end of file.
2025-12-17 19:06:07,616 [ERROR] LogOutputStream:75 - [STDERR_REDIRECT] 
2025-12-17 19:06:08,626 [ERROR] LogOutputStream:75 - [STDERR_REDIRECT] [Fatal Error] :1:1: Premature end of file.
2025-12-17 19:06:08,627 [ERROR] LogOutputStream:75 - [STDERR_REDIRECT] 
2025-12-17 19:06:09,628 [ERROR] LogOutputStream:75 - [STDERR_REDIRECT] [Fatal Error] :1:1: Premature end of file.
2025-12-17 19:06:09,628 [ERROR] LogOutputStream:75 - [STDERR_REDIRECT] 
2025-12-17 19:06:10,632 [ERROR] LogOutputStream:75 - [STDERR_REDIRECT] [Fatal Error] :1:1: Premature end of file.
2025-12-17 19:06:10,632 [ERROR] LogOutputStream:75 - [STDERR_REDIRECT] 
2025-12-17 19:06:11,639 [ERROR] LogOutputStream:75 - [STDERR_REDIRECT] [Fatal Error] :1:1: Premature end of file.
2025-12-17 19:06:11,639 [ERROR] LogOutputStream:75 - [STDERR_REDIRECT] 
2025-12-17 19:06:12,636 [ERROR] LogOutputStream:75 - [STDERR_REDIRECT] [Fatal Error] :1:1: Premature end of file.
2025-12-17 19:06:12,636 [ERROR] LogOutputStream:75 - [STDERR_REDIRECT] 
2025-12-17 19:06:13,630 [ERROR] LogOutputStream:75 - [STDERR_REDIRECT] [Fatal Error] :1:1: Premature end of file.
2025-12-17 19:06:13,630 [ERROR] LogOutputStream:75 - [STDERR_REDIRECT] 
2025-12-17 19:06:14,625 [ERROR] LogOutputStream:75 - [STDERR_REDIRECT] [Fatal Error] :1:1: Premature end of file.
2025-12-17 19:06:14,625 [ERROR] LogOutputStream:75 - [STDERR_REDIRECT] 
2025-12-17 19:06:15,626 [ERROR] LogOutputStream:75 - [STDERR_REDIRECT] [Fatal Error] :1:1: Premature end of file.
2025-12-17 19:06:15,626 [ERROR] LogOutputStream:75 - [STDERR_REDIRECT] 
2025-12-17 19:06:16,628 [ERROR] LogOutputStream:75 - [STDERR_REDIRECT] [Fatal Error] :1:1: Premature end of file.
2025-12-17 19:06:16,628 [ERROR] LogOutputStream:75 - [STDERR_REDIRECT] 
2025-12-17 19:06:17,638 [ERROR] LogOutputStream:75 - [STDERR_REDIRECT] [Fatal Error] :1:1: Premature end of file.
2025-12-17 19:06:17,640 [ERROR] LogOutputStream:75 - [STDERR_REDIRECT] 
2025-12-17 19:06:18,616 [ERROR] LogOutputStream:75 - [STDERR_REDIRECT] [Fatal Error] :1:1: Premature end of file.
2025-12-17 19:06:18,616 [ERROR] LogOutputStream:75 - [STDERR_REDIRECT] 
2025-12-17 19:06:19,620 [ERROR] LogOutputStream:75 - [STDERR_REDIRECT] [Fatal Error] :1:1: Premature end of file.
2025-12-17 19:06:19,620 [ERROR] LogOutputStream:75 - [STDERR_REDIRECT] 
2025-12-17 19:06:20,614 [ERROR] LogOutputStream:75 - [STDERR_REDIRECT] [Fatal Error] :1:1: Premature end of file.
2025-12-17 19:06:20,614 [ERROR] LogOutputStream:75 - [STDERR_REDIRECT] 
2025-12-17 19:06:21,624 [ERROR] LogOutputStream:75 - [STDERR_REDIRECT] [Fatal Error] :1:1: Premature end of file.
2025-12-17 19:06:21,625 [ERROR] LogOutputStream:75 - [STDERR_REDIRECT] 
2025-12-17 19:06:22,635 [ERROR] LogOutputStream:75 - [STDERR_REDIRECT] [Fatal Error] :1:1: Premature end of file.
2025-12-17 19:06:22,635 [ERROR] LogOutputStream:75 - [STDERR_REDIRECT] 
2025-12-17 19:06:23,631 [ERROR] LogOutputStream:75 - [STDERR_REDIRECT] [Fatal Error] :1:1: Premature end of file.
2025-12-17 19:06:23,631 [ERROR] LogOutputStream:75 - [STDERR_REDIRECT] 
2025-12-17 19:06:24,646 [ERROR] LogOutputStream:75 - [STDERR_REDIRECT] [Fatal Error] :1:1: Premature end of file.
2025-12-17 19:06:24,647 [ERROR] LogOutputStream:75 - [STDERR_REDIRECT] 
2025-12-17 19:06:25,622 [ERROR] LogOutputStream:75 - [STDERR_REDIRECT] [Fatal Error] :1:1: Premature end of file.
2025-12-17 19:06:25,622 [ERROR] LogOutputStream:75 - [STDERR_REDIRECT] 
2025-12-17 19:06:26,633 [ERROR] LogOutputStream:75 - [STDERR_REDIRECT] [Fatal Error] :1:1: Premature end of file.
2025-12-17 19:06:26,633 [ERROR] LogOutputStream:75 - [STDERR_REDIRECT] 
2025-12-17 19:06:27,633 [ERROR] LogOutputStream:75 - [STDERR_REDIRECT] [Fatal Error] :1:1: Premature end of file.
2025-12-17 19:06:27,634 [ERROR] LogOutputStream:75 - [STDERR_REDIRECT] 
2025-12-17 19:06:28,616 [ERROR] LogOutputStream:75 - [STDERR_REDIRECT] [Fatal Error] :1:1: Premature end of file.
2025-12-17 19:06:28,616 [ERROR] LogOutputStream:75 - [STDERR_REDIRECT] 
2025-12-17 19:06:29,627 [ERROR] LogOutputStream:75 - [STDERR_REDIRECT] [Fatal Error] :1:1: Premature end of file.
2025-12-17 19:06:29,627 [ERROR] LogOutputStream:75 - [STDERR_REDIRECT] 
2025-12-17 19:06:30,625 [ERROR] LogOutputStream:75 - [STDERR_REDIRECT] [Fatal Error] :1:1: Premature end of file.
2025-12-17 19:06:30,626 [ERROR] LogOutputStream:75 - [STDERR_REDIRECT] 
2025-12-17 19:06:31,630 [ERROR] LogOutputStream:75 - [STDERR_REDIRECT] [Fatal Error] :1:1: Premature end of file.
2025-12-17 19:06:31,631 [ERROR] LogOutputStream:75 - [STDERR_REDIRECT] 
2025-12-17 19:06:32,625 [ERROR] LogOutputStream:75 - [STDERR_REDIRECT] [Fatal Error] :1:1: Premature end of file.
2025-12-17 19:06:32,626 [ERROR] LogOutputStream:75 - [STDERR_REDIRECT] 
2025-12-17 19:06:33,623 [ERROR] LogOutputStream:75 - [STDERR_REDIRECT] [Fatal Error] :1:1: Premature end of file.
2025-12-17 19:06:33,623 [ERROR] LogOutputStream:75 - [STDERR_REDIRECT] 
2025-12-17 19:06:34,623 [ERROR] LogOutputStream:75 - [STDERR_REDIRECT] [Fatal Error] :1:1: Premature end of file.
2025-12-17 19:06:34,624 [ERROR] LogOutputStream:75 - [STDERR_REDIRECT] 
2025-12-17 19:06:35,625 [ERROR] LogOutputStream:75 - [STDERR_REDIRECT] [Fatal Error] :1:1: Premature end of file.
2025-12-17 19:06:35,625 [ERROR] LogOutputStream:75 - [STDERR_REDIRECT] 
2025-12-17 19:06:36,654 [ERROR] LogOutputStream:75 - [STDERR_REDIRECT] [Fatal Error] :1:1: Premature end of file.
2025-12-17 19:06:36,655 [ERROR] LogOutputStream:75 - [STDERR_REDIRECT] 
2025-12-17 19:06:37,627 [ERROR] LogOutputStream:75 - [STDERR_REDIRECT] [Fatal Error] :1:1: Premature end of file.
2025-12-17 19:06:37,627 [ERROR] LogOutputStream:75 - [STDERR_REDIRECT] 
2025-12-17 19:06:38,623 [ERROR] LogOutputStream:75 - [STDERR_REDIRECT] [Fatal Error] :1:1: Premature end of file.
2025-12-17 19:06:38,623 [ERROR] LogOutputStream:75 - [STDERR_REDIRECT] 
2025-12-17 19:06:39,623 [ERROR] LogOutputStream:75 - [STDERR_REDIRECT] [Fatal Error] :1:1: Premature end of file.
2025-12-17 19:06:39,623 [ERROR] LogOutputStream:75 - [STDERR_REDIRECT] 
2025-12-17 19:06:40,622 [ERROR] LogOutputStream:75 - [STDERR_REDIRECT] [Fatal Error] :1:1: Premature end of file.
2025-12-17 19:06:40,622 [ERROR] LogOutputStream:75 - [STDERR_REDIRECT] 
2025-12-17 19:06:41,623 [ERROR] LogOutputStream:75 - [STDERR_REDIRECT] [Fatal Error] :1:1: Premature end of file.
2025-12-17 19:06:41,623 [ERROR] LogOutputStream:75 - [STDERR_REDIRECT] 
2025-12-17 19:06:42,626 [ERROR] LogOutputStream:75 - [STDERR_REDIRECT] [Fatal Error] :1:1: Premature end of file.
2025-12-17 19:06:42,627 [ERROR] LogOutputStream:75 - [STDERR_REDIRECT] 
2025-12-17 19:06:43,622 [ERROR] LogOutputStream:75 - [STDERR_REDIRECT] [Fatal Error] :1:1: Premature end of file.
2025-12-17 19:06:43,622 [ERROR] LogOutputStream:75 - [STDERR_REDIRECT] 
2025-12-17 19:06:44,624 [ERROR] LogOutputStream:75 - [STDERR_REDIRECT] [Fatal Error] :1:1: Premature end of file.
2025-12-17 19:06:44,624 [ERROR] LogOutputStream:75 - [STDERR_REDIRECT] 
2025-12-17 19:06:45,623 [ERROR] LogOutputStream:75 - [STDERR_REDIRECT] [Fatal Error] :1:1: Premature end of file.
2025-12-17 19:06:45,623 [ERROR] LogOutputStream:75 - [STDERR_REDIRECT] 
2025-12-17 19:06:46,624 [ERROR] LogOutputStream:75 - [STDERR_REDIRECT] [Fatal Error] :1:1: Premature end of file.
2025-12-17 19:06:46,624 [ERROR] LogOutputStream:75 - [STDERR_REDIRECT] 
2025-12-17 19:06:47,624 [ERROR] LogOutputStream:75 - [STDERR_REDIRECT] [Fatal Error] :1:1: Premature end of file.
2025-12-17 19:06:47,624 [ERROR] LogOutputStream:75 - [STDERR_REDIRECT] 
2025-12-17 19:06:48,625 [ERROR] LogOutputStream:75 - [STDERR_REDIRECT] [Fatal Error] :1:1: Premature end of file.
2025-12-17 19:06:48,625 [ERROR] LogOutputStream:75 - [STDERR_REDIRECT] 
2025-12-17 19:06:49,654 [ERROR] LogOutputStream:75 - [STDERR_REDIRECT] [Fatal Error] :1:1: Premature end of file.
2025-12-17 19:06:49,655 [ERROR] LogOutputStream:75 - [STDERR_REDIRECT] 
2025-12-17 19:06:50,614 [ERROR] LogOutputStream:75 - [STDERR_REDIRECT] [Fatal Error] :1:1: Premature end of file.
2025-12-17 19:06:50,615 [ERROR] LogOutputStream:75 - [STDERR_REDIRECT] 
2025-12-17 19:06:51,628 [ERROR] LogOutputStream:75 - [STDERR_REDIRECT] [Fatal Error] :1:1: Premature end of file.
2025-12-17 19:06:51,628 [ERROR] LogOutputStream:75 - [STDERR_REDIRECT] 
2025-12-17 19:06:52,630 [ERROR] LogOutputStream:75 - [STDERR_REDIRECT] [Fatal Error] :1:1: Premature end of file.
2025-12-17 19:06:52,630 [ERROR] LogOutputStream:75 - [STDERR_REDIRECT] 
2025-12-17 19:06:53,630 [ERROR] LogOutputStream:75 - [STDERR_REDIRECT] [Fatal Error] :1:1: Premature end of file.
2025-12-17 19:06:53,630 [ERROR] LogOutputStream:75 - [STDERR_REDIRECT] 
2025-12-17 19:06:54,629 [ERROR] LogOutputStream:75 - [STDERR_REDIRECT] [Fatal Error] :1:1: Premature end of file.
2025-12-17 19:06:54,630 [ERROR] LogOutputStream:75 - [STDERR_REDIRECT] 
2025-12-17 19:06:55,620 [ERROR] LogOutputStream:75 - [STDERR_REDIRECT] [Fatal Error] :1:1: Premature end of file.
2025-12-17 19:06:55,620 [ERROR] LogOutputStream:75 - [STDERR_REDIRECT] 
2025-12-17 19:06:56,611 [ERROR] LogOutputStream:75 - [STDERR_REDIRECT] [Fatal Error] :1:1: Premature end of file.
2025-12-17 19:06:56,613 [ERROR] LogOutputStream:75 - [STDERR_REDIRECT] 
2025-12-17 19:06:57,620 [ERROR] LogOutputStream:75 - [STDERR_REDIRECT] [Fatal Error] :1:1: Premature end of file.
2025-12-17 19:06:57,621 [ERROR] LogOutputStream:75 - [STDERR_REDIRECT] 
2025-12-17 19:06:58,624 [ERROR] LogOutputStream:75 - [STDERR_REDIRECT] [Fatal Error] :1:1: Premature end of file.
2025-12-17 19:06:58,624 [ERROR] LogOutputStream:75 - [STDERR_REDIRECT] 
2025-12-17 19:06:59,627 [ERROR] LogOutputStream:75 - [STDERR_REDIRECT] [Fatal Error] :1:1: Premature end of file.
2025-12-17 19:06:59,627 [ERROR] LogOutputStream:75 - [STDERR_REDIRECT] 
2025-12-17 19:07:00,626 [ERROR] LogOutputStream:75 - [STDERR_REDIRECT] [Fatal Error] :1:1: Premature end of file.
2025-12-17 19:07:00,626 [ERROR] LogOutputStream:75 - [STDERR_REDIRECT] 
2025-12-17 19:07:01,625 [ERROR] LogOutputStream:75 - [STDERR_REDIRECT] [Fatal Error] :1:1: Premature end of file.
2025-12-17 19:07:01,626 [ERROR] LogOutputStream:75 - [STDERR_REDIRECT] 
2025-12-17 19:07:02,625 [ERROR] LogOutputStream:75 - [STDERR_REDIRECT] [Fatal Error] :1:1: Premature end of file.
2025-12-17 19:07:02,625 [ERROR] LogOutputStream:75 - [STDERR_REDIRECT] 
2025-12-17 19:07:03,623 [ERROR] LogOutputStream:75 - [STDERR_REDIRECT] [Fatal Error] :1:1: Premature end of file.
2025-12-17 19:07:03,624 [ERROR] LogOutputStream:75 - [STDERR_REDIRECT] 
2025-12-17 19:07:04,629 [ERROR] LogOutputStream:75 - [STDERR_REDIRECT] [Fatal Error] :1:1: Premature end of file.
2025-12-17 19:07:04,629 [ERROR] LogOutputStream:75 - [STDERR_REDIRECT] 
2025-12-17 19:07:05,628 [ERROR] LogOutputStream:75 - [STDERR_REDIRECT] [Fatal Error] :1:1: Premature end of file.
2025-12-17 19:07:05,628 [ERROR] LogOutputStream:75 - [STDERR_REDIRECT] 
2025-12-17 19:07:06,614 [ERROR] LogOutputStream:75 - [STDERR_REDIRECT] [Fatal Error] :1:1: Premature end of file.
2025-12-17 19:07:06,614 [ERROR] LogOutputStream:75 - [STDERR_REDIRECT] 
2025-12-17 19:07:07,619 [ERROR] LogOutputStream:75 - [STDERR_REDIRECT] [Fatal Error] :1:1: Premature end of file.
2025-12-17 19:07:07,619 [ERROR] LogOutputStream:75 - [STDERR_REDIRECT] 
2025-12-17 19:07:08,626 [ERROR] LogOutputStream:75 - [STDERR_REDIRECT] [Fatal Error] :1:1: Premature end of file.
2025-12-17 19:07:08,627 [ERROR] LogOutputStream:75 - [STDERR_REDIRECT] 
2025-12-17 19:07:09,630 [ERROR] LogOutputStream:75 - [STDERR_REDIRECT] [Fatal Error] :1:1: Premature end of file.
2025-12-17 19:07:09,630 [ERROR] LogOutputStream:75 - [STDERR_REDIRECT] 
2025-12-17 19:07:10,626 [ERROR] LogOutputStream:75 - [STDERR_REDIRECT] [Fatal Error] :1:1: Premature end of file.
2025-12-17 19:07:10,626 [ERROR] LogOutputStream:75 - [STDERR_REDIRECT] 
2025-12-17 19:07:11,628 [ERROR] LogOutputStream:75 - [STDERR_REDIRECT] [Fatal Error] :1:1: Premature end of file.
2025-12-17 19:07:11,628 [ERROR] LogOutputStream:75 - [STDERR_REDIRECT] 
2025-12-17 19:07:12,629 [ERROR] LogOutputStream:75 - [STDERR_REDIRECT] [Fatal Error] :1:1: Premature end of file.
2025-12-17 19:07:12,629 [ERROR] LogOutputStream:75 - [STDERR_REDIRECT] 
2025-12-17 19:07:13,641 [ERROR] LogOutputStream:75 - [STDERR_REDIRECT] [Fatal Error] :1:1: Premature end of file.
2025-12-17 19:07:13,641 [ERROR] LogOutputStream:75 - [STDERR_REDIRECT] 
2025-12-17 19:07:14,617 [ERROR] LogOutputStream:75 - [STDERR_REDIRECT] [Fatal Error] :1:1: Premature end of file.
2025-12-17 19:07:14,617 [ERROR] LogOutputStream:75 - [STDERR_REDIRECT] 
2025-12-17 19:07:15,641 [ERROR] LogOutputStream:75 - [STDERR_REDIRECT] [Fatal Error] :1:1: Premature end of file.
2025-12-17 19:07:15,641 [ERROR] LogOutputStream:75 - [STDERR_REDIRECT] 
2025-12-17 19:07:16,627 [ERROR] LogOutputStream:75 - [STDERR_REDIRECT] [Fatal Error] :1:1: Premature end of file.
2025-12-17 19:07:16,627 [ERROR] LogOutputStream:75 - [STDERR_REDIRECT] 
2025-12-17 19:07:17,626 [ERROR] LogOutputStream:75 - [STDERR_REDIRECT] [Fatal Error] :1:1: Premature end of file.
2025-12-17 19:07:17,626 [ERROR] LogOutputStream:75 - [STDERR_REDIRECT] 
2025-12-17 19:07:18,628 [ERROR] LogOutputStream:75 - [STDERR_REDIRECT] [Fatal Error] :1:1: Premature end of file.
2025-12-17 19:07:18,628 [ERROR] LogOutputStream:75 - [STDERR_REDIRECT] 
2025-12-17 19:07:19,623 [ERROR] LogOutputStream:75 - [STDERR_REDIRECT] [Fatal Error] :1:1: Premature end of file.
2025-12-17 19:07:19,623 [ERROR] LogOutputStream:75 - [STDERR_REDIRECT] 
2025-12-17 19:07:20,624 [ERROR] LogOutputStream:75 - [STDERR_REDIRECT] [Fatal Error] :1:1: Premature end of file.
2025-12-17 19:07:20,624 [ERROR] LogOutputStream:75 - [STDERR_REDIRECT] 
2025-12-17 19:07:21,625 [ERROR] LogOutputStream:75 - [STDERR_REDIRECT] [Fatal Error] :1:1: Premature end of file.
2025-12-17 19:07:21,626 [ERROR] LogOutputStream:75 - [STDERR_REDIRECT] 
2025-12-17 19:07:22,628 [ERROR] LogOutputStream:75 - [STDERR_REDIRECT] [Fatal Error] :1:1: Premature end of file.
2025-12-17 19:07:22,628 [ERROR] LogOutputStream:75 - [STDERR_REDIRECT] 
2025-12-17 19:07:23,635 [ERROR] LogOutputStream:75 - [STDERR_REDIRECT] [Fatal Error] :1:1: Premature end of file.
2025-12-17 19:07:23,635 [ERROR] LogOutputStream:75 - [STDERR_REDIRECT] 
2025-12-17 19:07:24,631 [ERROR] LogOutputStream:75 - [STDERR_REDIRECT] [Fatal Error] :1:1: Premature end of file.
2025-12-17 19:07:24,631 [ERROR] LogOutputStream:75 - [STDERR_REDIRECT] 
2025-12-17 19:07:25,618 [ERROR] LogOutputStream:75 - [STDERR_REDIRECT] [Fatal Error] :1:1: Premature end of file.
2025-12-17 19:07:25,618 [ERROR] LogOutputStream:75 - [STDERR_REDIRECT] 
2025-12-17 19:07:26,624 [ERROR] LogOutputStream:75 - [STDERR_REDIRECT] [Fatal Error] :1:1: Premature end of file.
2025-12-17 19:07:26,624 [ERROR] LogOutputStream:75 - [STDERR_REDIRECT] 
2025-12-17 19:07:27,618 [ERROR] LogOutputStream:75 - [STDERR_REDIRECT] [Fatal Error] :1:1: Premature end of file.
2025-12-17 19:07:27,618 [ERROR] LogOutputStream:75 - [STDERR_REDIRECT] 
2025-12-17 19:07:28,617 [ERROR] LogOutputStream:75 - [STDERR_REDIRECT] [Fatal Error] :1:1: Premature end of file.
2025-12-17 19:07:28,617 [ERROR] LogOutputStream:75 - [STDERR_REDIRECT] 
2025-12-17 19:07:29,623 [ERROR] LogOutputStream:75 - [STDERR_REDIRECT] [Fatal Error] :1:1: Premature end of file.
2025-12-17 19:07:29,623 [ERROR] LogOutputStream:75 - [STDERR_REDIRECT] 
2025-12-17 19:07:30,616 [ERROR] LogOutputStream:75 - [STDERR_REDIRECT] [Fatal Error] :1:1: Premature end of file.
2025-12-17 19:07:30,616 [ERROR] LogOutputStream:75 - [STDERR_REDIRECT] 
2025-12-17 19:07:31,617 [ERROR] LogOutputStream:75 - [STDERR_REDIRECT] [Fatal Error] :1:1: Premature end of file.
2025-12-17 19:07:31,617 [ERROR] LogOutputStream:75 - [STDERR_REDIRECT] 
2025-12-17 19:07:32,618 [ERROR] LogOutputStream:75 - [STDERR_REDIRECT] [Fatal Error] :1:1: Premature end of file.
2025-12-17 19:07:32,618 [ERROR] LogOutputStream:75 - [STDERR_REDIRECT] 
2025-12-17 19:07:33,617 [ERROR] LogOutputStream:75 - [STDERR_REDIRECT] [Fatal Error] :1:1: Premature end of file.
2025-12-17 19:07:33,617 [ERROR] LogOutputStream:75 - [STDERR_REDIRECT] 
2025-12-17 19:07:34,616 [ERROR] LogOutputStream:75 - [STDERR_REDIRECT] [Fatal Error] :1:1: Premature end of file.
2025-12-17 19:07:34,616 [ERROR] LogOutputStream:75 - [STDERR_REDIRECT] 
2025-12-17 19:07:35,616 [ERROR] LogOutputStream:75 - [STDERR_REDIRECT] [Fatal Error] :1:1: Premature end of file.
2025-12-17 19:07:35,616 [ERROR] LogOutputStream:75 - [STDERR_REDIRECT] 
2025-12-17 19:07:36,618 [ERROR] LogOutputStream:75 - [STDERR_REDIRECT] [Fatal Error] :1:1: Premature end of file.
2025-12-17 19:07:36,619 [ERROR] LogOutputStream:75 - [STDERR_REDIRECT] 
2025-12-17 19:07:37,586 [INFO] LogOutputStream:77 - [STDOUT_REDIRECT] StartTraceHandler.execute(), success : Collect=false
2025-12-17 19:07:37,631 [ERROR] LogOutputStream:75 - [STDERR_REDIRECT] [Fatal Error] :1:1: Premature end of file.
2025-12-17 19:07:37,632 [ERROR] LogOutputStream:75 - [STDERR_REDIRECT] 
2025-12-17 19:07:38,617 [ERROR] LogOutputStream:75 - [STDERR_REDIRECT] [Fatal Error] :1:1: Premature end of file.
2025-12-17 19:07:38,617 [ERROR] LogOutputStream:75 - [STDERR_REDIRECT] 
2025-12-17 19:07:39,615 [ERROR] LogOutputStream:75 - [STDERR_REDIRECT] [Fatal Error] :1:1: Premature end of file.
2025-12-17 19:07:39,615 [ERROR] LogOutputStream:75 - [STDERR_REDIRECT] 
2025-12-17 19:07:40,614 [ERROR] LogOutputStream:75 - [STDERR_REDIRECT] [Fatal Error] :1:1: Premature end of file.
2025-12-17 19:07:40,614 [ERROR] LogOutputStream:75 - [STDERR_REDIRECT] 
2025-12-17 19:07:40,923 [INFO] LogOutputStream:77 - [STDOUT_REDIRECT] StartTraceHandler.execute(), success : Collect=true
2025-12-17 19:07:41,620 [ERROR] LogOutputStream:75 - [STDERR_REDIRECT] [Fatal Error] :1:1: Premature end of file.
2025-12-17 19:07:41,620 [ERROR] LogOutputStream:75 - [STDERR_REDIRECT] 
2025-12-17 19:07:42,619 [ERROR] LogOutputStream:75 - [STDERR_REDIRECT] [Fatal Error] :1:1: Premature end of file.
2025-12-17 19:07:42,619 [ERROR] LogOutputStream:75 - [STDERR_REDIRECT] 
2025-12-17 19:07:43,617 [ERROR] LogOutputStream:75 - [STDERR_REDIRECT] [Fatal Error] :1:1: Premature end of file.
2025-12-17 19:07:43,617 [ERROR] LogOutputStream:75 - [STDERR_REDIRECT] 
2025-12-17 19:07:44,618 [ERROR] LogOutputStream:75 - [STDERR_REDIRECT] [Fatal Error] :1:1: Premature end of file.
2025-12-17 19:07:44,618 [ERROR] LogOutputStream:75 - [STDERR_REDIRECT] 
2025-12-17 19:07:45,618 [ERROR] LogOutputStream:75 - [STDERR_REDIRECT] [Fatal Error] :1:1: Premature end of file.
2025-12-17 19:07:45,618 [ERROR] LogOutputStream:75 - [STDERR_REDIRECT] 
2025-12-17 19:07:46,617 [ERROR] LogOutputStream:75 - [STDERR_REDIRECT] [Fatal Error] :1:1: Premature end of file.
2025-12-17 19:07:46,617 [ERROR] LogOutputStream:75 - [STDERR_REDIRECT] 
2025-12-17 19:07:47,617 [ERROR] LogOutputStream:75 - [STDERR_REDIRECT] [Fatal Error] :1:1: Premature end of file.
2025-12-17 19:07:47,617 [ERROR] LogOutputStream:75 - [STDERR_REDIRECT] 
2025-12-17 19:07:48,616 [ERROR] LogOutputStream:75 - [STDERR_REDIRECT] [Fatal Error] :1:1: Premature end of file.
2025-12-17 19:07:48,616 [ERROR] LogOutputStream:75 - [STDERR_REDIRECT] 
2025-12-17 19:07:49,617 [ERROR] LogOutputStream:75 - [STDERR_REDIRECT] [Fatal Error] :1:1: Premature end of file.
2025-12-17 19:07:49,617 [ERROR] LogOutputStream:75 - [STDERR_REDIRECT] 
2025-12-17 19:07:50,617 [ERROR] LogOutputStream:75 - [STDERR_REDIRECT] [Fatal Error] :1:1: Premature end of file.
2025-12-17 19:07:50,617 [ERROR] LogOutputStream:75 - [STDERR_REDIRECT] 
2025-12-17 19:07:51,617 [ERROR] LogOutputStream:75 - [STDERR_REDIRECT] [Fatal Error] :1:1: Premature end of file.
2025-12-17 19:07:51,617 [ERROR] LogOutputStream:75 - [STDERR_REDIRECT] 
2025-12-17 19:07:52,617 [ERROR] LogOutputStream:75 - [STDERR_REDIRECT] [Fatal Error] :1:1: Premature end of file.
2025-12-17 19:07:52,617 [ERROR] LogOutputStream:75 - [STDERR_REDIRECT] 
2025-12-17 19:07:53,622 [ERROR] LogOutputStream:75 - [STDERR_REDIRECT] [Fatal Error] :1:1: Premature end of file.
2025-12-17 19:07:53,622 [ERROR] LogOutputStream:75 - [STDERR_REDIRECT] 
2025-12-17 19:07:54,616 [ERROR] LogOutputStream:75 - [STDERR_REDIRECT] [Fatal Error] :1:1: Premature end of file.
2025-12-17 19:07:54,616 [ERROR] LogOutputStream:75 - [STDERR_REDIRECT] 
2025-12-17 19:07:55,625 [ERROR] LogOutputStream:75 - [STDERR_REDIRECT] [Fatal Error] :1:1: Premature end of file.
2025-12-17 19:07:55,625 [ERROR] LogOutputStream:75 - [STDERR_REDIRECT] 
2025-12-17 19:07:56,630 [ERROR] LogOutputStream:75 - [STDERR_REDIRECT] [Fatal Error] :1:1: Premature end of file.
2025-12-17 19:07:56,630 [ERROR] LogOutputStream:75 - [STDERR_REDIRECT] 
2025-12-17 19:07:57,627 [ERROR] LogOutputStream:75 - [STDERR_REDIRECT] [Fatal Error] :1:1: Premature end of file.
2025-12-17 19:07:57,628 [ERROR] LogOutputStream:75 - [STDERR_REDIRECT] 
2025-12-17 19:07:58,634 [ERROR] LogOutputStream:75 - [STDERR_REDIRECT] [Fatal Error] :1:1: Premature end of file.
2025-12-17 19:07:58,634 [ERROR] LogOutputStream:75 - [STDERR_REDIRECT] 
2025-12-17 19:07:59,616 [ERROR] LogOutputStream:75 - [STDERR_REDIRECT] [Fatal Error] :1:1: Premature end of file.
2025-12-17 19:07:59,616 [ERROR] LogOutputStream:75 - [STDERR_REDIRECT] 
2025-12-17 19:08:00,613 [ERROR] LogOutputStream:75 - [STDERR_REDIRECT] [Fatal Error] :1:1: Premature end of file.
2025-12-17 19:08:00,613 [ERROR] LogOutputStream:75 - [STDERR_REDIRECT] 
2025-12-17 19:08:01,617 [ERROR] LogOutputStream:75 - [STDERR_REDIRECT] [Fatal Error] :1:1: Premature end of file.
2025-12-17 19:08:01,617 [ERROR] LogOutputStream:75 - [STDERR_REDIRECT] 
2025-12-17 19:08:02,612 [ERROR] LogOutputStream:75 - [STDERR_REDIRECT] [Fatal Error] :1:1: Premature end of file.
2025-12-17 19:08:02,612 [ERROR] LogOutputStream:75 - [STDERR_REDIRECT] 
2025-12-17 19:08:03,627 [ERROR] LogOutputStream:75 - [STDERR_REDIRECT] [Fatal Error] :1:1: Premature end of file.
2025-12-17 19:08:03,628 [ERROR] LogOutputStream:75 - [STDERR_REDIRECT] 
2025-12-17 19:08:04,626 [ERROR] LogOutputStream:75 - [STDERR_REDIRECT] [Fatal Error] :1:1: Premature end of file.
2025-12-17 19:08:04,626 [ERROR] LogOutputStream:75 - [STDERR_REDIRECT] 
2025-12-17 19:08:05,624 [ERROR] LogOutputStream:75 - [STDERR_REDIRECT] [Fatal Error] :1:1: Premature end of file.
2025-12-17 19:08:05,625 [ERROR] LogOutputStream:75 - [STDERR_REDIRECT] 
2025-12-17 19:08:06,635 [ERROR] LogOutputStream:75 - [STDERR_REDIRECT] [Fatal Error] :1:1: Premature end of file.
2025-12-17 19:08:06,636 [ERROR] LogOutputStream:75 - [STDERR_REDIRECT] 
2025-12-17 19:08:07,626 [ERROR] LogOutputStream:75 - [STDERR_REDIRECT] [Fatal Error] :1:1: Premature end of file.
2025-12-17 19:08:07,627 [ERROR] LogOutputStream:75 - [STDERR_REDIRECT] 
2025-12-17 19:08:08,630 [ERROR] LogOutputStream:75 - [STDERR_REDIRECT] [Fatal Error] :1:1: Premature end of file.
2025-12-17 19:08:08,630 [ERROR] LogOutputStream:75 - [STDERR_REDIRECT] 
2025-12-17 19:08:09,630 [ERROR] LogOutputStream:75 - [STDERR_REDIRECT] [Fatal Error] :1:1: Premature end of file.
2025-12-17 19:08:09,630 [ERROR] LogOutputStream:75 - [STDERR_REDIRECT] 
2025-12-17 19:08:10,623 [ERROR] LogOutputStream:75 - [STDERR_REDIRECT] [Fatal Error] :1:1: Premature end of file.
2025-12-17 19:08:10,623 [ERROR] LogOutputStream:75 - [STDERR_REDIRECT] 
2025-12-17 19:08:11,625 [ERROR] LogOutputStream:75 - [STDERR_REDIRECT] [Fatal Error] :1:1: Premature end of file.
2025-12-17 19:08:11,625 [ERROR] LogOutputStream:75 - [STDERR_REDIRECT] 
2025-12-17 19:08:12,626 [ERROR] LogOutputStream:75 - [STDERR_REDIRECT] [Fatal Error] :1:1: Premature end of file.
2025-12-17 19:08:12,626 [ERROR] LogOutputStream:75 - [STDERR_REDIRECT] 
2025-12-17 19:08:13,626 [ERROR] LogOutputStream:75 - [STDERR_REDIRECT] [Fatal Error] :1:1: Premature end of file.
2025-12-17 19:08:13,626 [ERROR] LogOutputStream:75 - [STDERR_REDIRECT] 
2025-12-17 19:08:14,624 [ERROR] LogOutputStream:75 - [STDERR_REDIRECT] [Fatal Error] :1:1: Premature end of file.
2025-12-17 19:08:14,625 [ERROR] LogOutputStream:75 - [STDERR_REDIRECT] 
2025-12-17 19:08:15,632 [ERROR] LogOutputStream:75 - [STDERR_REDIRECT] [Fatal Error] :1:1: Premature end of file.
2025-12-17 19:08:15,633 [ERROR] LogOutputStream:75 - [STDERR_REDIRECT] 
2025-12-17 19:08:16,626 [ERROR] LogOutputStream:75 - [STDERR_REDIRECT] [Fatal Error] :1:1: Premature end of file.
2025-12-17 19:08:16,626 [ERROR] LogOutputStream:75 - [STDERR_REDIRECT] 
2025-12-17 19:08:17,627 [ERROR] LogOutputStream:75 - [STDERR_REDIRECT] [Fatal Error] :1:1: Premature end of file.
2025-12-17 19:08:17,627 [ERROR] LogOutputStream:75 - [STDERR_REDIRECT] 
2025-12-17 19:08:18,624 [ERROR] LogOutputStream:75 - [STDERR_REDIRECT] [Fatal Error] :1:1: Premature end of file.
2025-12-17 19:08:18,624 [ERROR] LogOutputStream:75 - [STDERR_REDIRECT] 
2025-12-17 19:08:19,622 [ERROR] LogOutputStream:75 - [STDERR_REDIRECT] [Fatal Error] :1:1: Premature end of file.
2025-12-17 19:08:19,622 [ERROR] LogOutputStream:75 - [STDERR_REDIRECT] 
2025-12-17 19:08:20,624 [ERROR] LogOutputStream:75 - [STDERR_REDIRECT] [Fatal Error] :1:1: Premature end of file.
2025-12-17 19:08:20,624 [ERROR] LogOutputStream:75 - [STDERR_REDIRECT] 
2025-12-17 19:08:21,623 [ERROR] LogOutputStream:75 - [STDERR_REDIRECT] [Fatal Error] :1:1: Premature end of file.
2025-12-17 19:08:21,623 [ERROR] LogOutputStream:75 - [STDERR_REDIRECT] 
2025-12-17 19:08:22,624 [ERROR] LogOutputStream:75 - [STDERR_REDIRECT] [Fatal Error] :1:1: Premature end of file.
2025-12-17 19:08:22,625 [ERROR] LogOutputStream:75 - [STDERR_REDIRECT] 
2025-12-17 19:08:23,622 [ERROR] LogOutputStream:75 - [STDERR_REDIRECT] [Fatal Error] :1:1: Premature end of file.
2025-12-17 19:08:23,622 [ERROR] LogOutputStream:75 - [STDERR_REDIRECT] 
2025-12-17 19:08:24,623 [ERROR] LogOutputStream:75 - [STDERR_REDIRECT] [Fatal Error] :1:1: Premature end of file.
2025-12-17 19:08:24,623 [ERROR] LogOutputStream:75 - [STDERR_REDIRECT] 
2025-12-17 19:08:25,623 [ERROR] LogOutputStream:75 - [STDERR_REDIRECT] [Fatal Error] :1:1: Premature end of file.
2025-12-17 19:08:25,623 [ERROR] LogOutputStream:75 - [STDERR_REDIRECT] 
2025-12-17 19:08:26,624 [ERROR] LogOutputStream:75 - [STDERR_REDIRECT] [Fatal Error] :1:1: Premature end of file.
2025-12-17 19:08:26,626 [ERROR] LogOutputStream:75 - [STDERR_REDIRECT] 
2025-12-17 19:08:27,623 [ERROR] LogOutputStream:75 - [STDERR_REDIRECT] [Fatal Error] :1:1: Premature end of file.
2025-12-17 19:08:27,623 [ERROR] LogOutputStream:75 - [STDERR_REDIRECT] 
2025-12-17 19:08:28,635 [ERROR] LogOutputStream:75 - [STDERR_REDIRECT] [Fatal Error] :1:1: Premature end of file.
2025-12-17 19:08:28,635 [ERROR] LogOutputStream:75 - [STDERR_REDIRECT] 
2025-12-17 19:08:29,621 [ERROR] LogOutputStream:75 - [STDERR_REDIRECT] [Fatal Error] :1:1: Premature end of file.
2025-12-17 19:08:29,621 [ERROR] LogOutputStream:75 - [STDERR_REDIRECT] 
2025-12-17 19:08:30,633 [ERROR] LogOutputStream:75 - [STDERR_REDIRECT] [Fatal Error] :1:1: Premature end of file.
2025-12-17 19:08:30,633 [ERROR] LogOutputStream:75 - [STDERR_REDIRECT] 
2025-12-17 19:08:31,625 [ERROR] LogOutputStream:75 - [STDERR_REDIRECT] [Fatal Error] :1:1: Premature end of file.
2025-12-17 19:08:31,626 [ERROR] LogOutputStream:75 - [STDERR_REDIRECT] 
2025-12-17 19:08:32,639 [ERROR] LogOutputStream:75 - [STDERR_REDIRECT] [Fatal Error] :1:1: Premature end of file.
2025-12-17 19:08:32,639 [ERROR] LogOutputStream:75 - [STDERR_REDIRECT] 
2025-12-17 19:08:33,624 [ERROR] LogOutputStream:75 - [STDERR_REDIRECT] [Fatal Error] :1:1: Premature end of file.
2025-12-17 19:08:33,624 [ERROR] LogOutputStream:75 - [STDERR_REDIRECT] 
2025-12-17 19:08:34,624 [ERROR] LogOutputStream:75 - [STDERR_REDIRECT] [Fatal Error] :1:1: Premature end of file.
2025-12-17 19:08:34,624 [ERROR] LogOutputStream:75 - [STDERR_REDIRECT] 
2025-12-17 19:08:35,640 [ERROR] LogOutputStream:75 - [STDERR_REDIRECT] [Fatal Error] :1:1: Premature end of file.
2025-12-17 19:08:35,640 [ERROR] LogOutputStream:75 - [STDERR_REDIRECT] 
2025-12-17 19:08:36,631 [ERROR] LogOutputStream:75 - [STDERR_REDIRECT] [Fatal Error] :1:1: Premature end of file.
2025-12-17 19:08:36,631 [ERROR] LogOutputStream:75 - [STDERR_REDIRECT] 
2025-12-17 19:08:37,622 [ERROR] LogOutputStream:75 - [STDERR_REDIRECT] [Fatal Error] :1:1: Premature end of file.
2025-12-17 19:08:37,622 [ERROR] LogOutputStream:75 - [STDERR_REDIRECT] 
2025-12-17 19:08:38,622 [ERROR] LogOutputStream:75 - [STDERR_REDIRECT] [Fatal Error] :1:1: Premature end of file.
2025-12-17 19:08:38,623 [ERROR] LogOutputStream:75 - [STDERR_REDIRECT] 
2025-12-17 19:08:39,623 [ERROR] LogOutputStream:75 - [STDERR_REDIRECT] [Fatal Error] :1:1: Premature end of file.
2025-12-17 19:08:39,623 [ERROR] LogOutputStream:75 - [STDERR_REDIRECT] 
2025-12-17 19:08:40,623 [ERROR] LogOutputStream:75 - [STDERR_REDIRECT] [Fatal Error] :1:1: Premature end of file.
2025-12-17 19:08:40,623 [ERROR] LogOutputStream:75 - [STDERR_REDIRECT] 
2025-12-17 19:08:41,625 [ERROR] LogOutputStream:75 - [STDERR_REDIRECT] [Fatal Error] :1:1: Premature end of file.
2025-12-17 19:08:41,626 [ERROR] LogOutputStream:75 - [STDERR_REDIRECT] 
2025-12-17 19:08:42,625 [ERROR] LogOutputStream:75 - [STDERR_REDIRECT] [Fatal Error] :1:1: Premature end of file.
2025-12-17 19:08:42,626 [ERROR] LogOutputStream:75 - [STDERR_REDIRECT] 
2025-12-17 19:08:43,622 [ERROR] LogOutputStream:75 - [STDERR_REDIRECT] [Fatal Error] :1:1: Premature end of file.
2025-12-17 19:08:43,623 [ERROR] LogOutputStream:75 - [STDERR_REDIRECT] 
2025-12-17 19:08:44,623 [ERROR] LogOutputStream:75 - [STDERR_REDIRECT] [Fatal Error] :1:1: Premature end of file.
2025-12-17 19:08:44,623 [ERROR] LogOutputStream:75 - [STDERR_REDIRECT] 
2025-12-17 19:08:45,638 [ERROR] LogOutputStream:75 - [STDERR_REDIRECT] [Fatal Error] :1:1: Premature end of file.
2025-12-17 19:08:45,639 [ERROR] LogOutputStream:75 - [STDERR_REDIRECT] 
2025-12-17 19:08:46,624 [ERROR] LogOutputStream:75 - [STDERR_REDIRECT] [Fatal Error] :1:1: Premature end of file.
2025-12-17 19:08:46,624 [ERROR] LogOutputStream:75 - [STDERR_REDIRECT] 
2025-12-17 19:08:47,632 [ERROR] LogOutputStream:75 - [STDERR_REDIRECT] [Fatal Error] :1:1: Premature end of file.
2025-12-17 19:08:47,633 [ERROR] LogOutputStream:75 - [STDERR_REDIRECT] 
2025-12-17 19:08:48,624 [ERROR] LogOutputStream:75 - [STDERR_REDIRECT] [Fatal Error] :1:1: Premature end of file.
2025-12-17 19:08:48,624 [ERROR] LogOutputStream:75 - [STDERR_REDIRECT] 
2025-12-17 19:08:49,624 [ERROR] LogOutputStream:75 - [STDERR_REDIRECT] [Fatal Error] :1:1: Premature end of file.
2025-12-17 19:08:49,624 [ERROR] LogOutputStream:75 - [STDERR_REDIRECT] 
2025-12-17 19:08:50,624 [ERROR] LogOutputStream:75 - [STDERR_REDIRECT] [Fatal Error] :1:1: Premature end of file.
2025-12-17 19:08:50,624 [ERROR] LogOutputStream:75 - [STDERR_REDIRECT] 
2025-12-17 19:08:51,625 [ERROR] LogOutputStream:75 - [STDERR_REDIRECT] [Fatal Error] :1:1: Premature end of file.
2025-12-17 19:08:51,625 [ERROR] LogOutputStream:75 - [STDERR_REDIRECT] 
2025-12-17 19:08:52,624 [ERROR] LogOutputStream:75 - [STDERR_REDIRECT] [Fatal Error] :1:1: Premature end of file.
2025-12-17 19:08:52,624 [ERROR] LogOutputStream:75 - [STDERR_REDIRECT] 
2025-12-17 19:08:53,623 [ERROR] LogOutputStream:75 - [STDERR_REDIRECT] [Fatal Error] :1:1: Premature end of file.
2025-12-17 19:08:53,623 [ERROR] LogOutputStream:75 - [STDERR_REDIRECT] 
2025-12-17 19:08:54,623 [ERROR] LogOutputStream:75 - [STDERR_REDIRECT] [Fatal Error] :1:1: Premature end of file.
2025-12-17 19:08:54,623 [ERROR] LogOutputStream:75 - [STDERR_REDIRECT] 
2025-12-17 19:08:55,623 [ERROR] LogOutputStream:75 - [STDERR_REDIRECT] [Fatal Error] :1:1: Premature end of file.
2025-12-17 19:08:55,624 [ERROR] LogOutputStream:75 - [STDERR_REDIRECT] 
2025-12-17 19:08:56,624 [ERROR] LogOutputStream:75 - [STDERR_REDIRECT] [Fatal Error] :1:1: Premature end of file.
2025-12-17 19:08:56,624 [ERROR] LogOutputStream:75 - [STDERR_REDIRECT] 
2025-12-17 19:08:57,628 [ERROR] LogOutputStream:75 - [STDERR_REDIRECT] [Fatal Error] :1:1: Premature end of file.
2025-12-17 19:08:57,628 [ERROR] LogOutputStream:75 - [STDERR_REDIRECT] 
2025-12-17 19:08:58,630 [ERROR] LogOutputStream:75 - [STDERR_REDIRECT] [Fatal Error] :1:1: Premature end of file.
2025-12-17 19:08:58,630 [ERROR] LogOutputStream:75 - [STDERR_REDIRECT] 
2025-12-17 19:08:59,625 [ERROR] LogOutputStream:75 - [STDERR_REDIRECT] [Fatal Error] :1:1: Premature end of file.
2025-12-17 19:08:59,625 [ERROR] LogOutputStream:75 - [STDERR_REDIRECT] 
2025-12-17 19:09:00,626 [ERROR] LogOutputStream:75 - [STDERR_REDIRECT] [Fatal Error] :1:1: Premature end of file.
2025-12-17 19:09:00,626 [ERROR] LogOutputStream:75 - [STDERR_REDIRECT] 
2025-12-17 19:09:01,639 [ERROR] LogOutputStream:75 - [STDERR_REDIRECT] [Fatal Error] :1:1: Premature end of file.
2025-12-17 19:09:01,639 [ERROR] LogOutputStream:75 - [STDERR_REDIRECT] 
2025-12-17 19:09:02,624 [ERROR] LogOutputStream:75 - [STDERR_REDIRECT] [Fatal Error] :1:1: Premature end of file.
2025-12-17 19:09:02,624 [ERROR] LogOutputStream:75 - [STDERR_REDIRECT] 
2025-12-17 19:09:03,624 [ERROR] LogOutputStream:75 - [STDERR_REDIRECT] [Fatal Error] :1:1: Premature end of file.
2025-12-17 19:09:03,624 [ERROR] LogOutputStream:75 - [STDERR_REDIRECT] 
2025-12-17 19:09:04,621 [ERROR] LogOutputStream:75 - [STDERR_REDIRECT] [Fatal Error] :1:1: Premature end of file.
2025-12-17 19:09:04,621 [ERROR] LogOutputStream:75 - [STDERR_REDIRECT] 
2025-12-17 19:09:05,621 [ERROR] LogOutputStream:75 - [STDERR_REDIRECT] [Fatal Error] :1:1: Premature end of file.
2025-12-17 19:09:05,621 [ERROR] LogOutputStream:75 - [STDERR_REDIRECT] 
2025-12-17 19:09:06,622 [ERROR] LogOutputStream:75 - [STDERR_REDIRECT] [Fatal Error] :1:1: Premature end of file.
2025-12-17 19:09:06,622 [ERROR] LogOutputStream:75 - [STDERR_REDIRECT] 
2025-12-17 19:09:07,628 [ERROR] LogOutputStream:75 - [STDERR_REDIRECT] [Fatal Error] :1:1: Premature end of file.
2025-12-17 19:09:07,628 [ERROR] LogOutputStream:75 - [STDERR_REDIRECT] 
2025-12-17 19:09:08,620 [ERROR] LogOutputStream:75 - [STDERR_REDIRECT] [Fatal Error] :1:1: Premature end of file.
2025-12-17 19:09:08,621 [ERROR] LogOutputStream:75 - [STDERR_REDIRECT] 
2025-12-17 19:09:09,621 [ERROR] LogOutputStream:75 - [STDERR_REDIRECT] [Fatal Error] :1:1: Premature end of file.
2025-12-17 19:09:09,621 [ERROR] LogOutputStream:75 - [STDERR_REDIRECT] 
2025-12-17 19:09:10,621 [ERROR] LogOutputStream:75 - [STDERR_REDIRECT] [Fatal Error] :1:1: Premature end of file.
2025-12-17 19:09:10,621 [ERROR] LogOutputStream:75 - [STDERR_REDIRECT] 
2025-12-17 19:09:11,622 [ERROR] LogOutputStream:75 - [STDERR_REDIRECT] [Fatal Error] :1:1: Premature end of file.
2025-12-17 19:09:11,623 [ERROR] LogOutputStream:75 - [STDERR_REDIRECT] 
2025-12-17 19:09:12,621 [ERROR] LogOutputStream:75 - [STDERR_REDIRECT] [Fatal Error] :1:1: Premature end of file.
2025-12-17 19:09:12,621 [ERROR] LogOutputStream:75 - [STDERR_REDIRECT] 
2025-12-17 19:09:13,624 [ERROR] LogOutputStream:75 - [STDERR_REDIRECT] [Fatal Error] :1:1: Premature end of file.
2025-12-17 19:09:13,625 [ERROR] LogOutputStream:75 - [STDERR_REDIRECT] 
2025-12-17 19:09:14,623 [ERROR] LogOutputStream:75 - [STDERR_REDIRECT] [Fatal Error] :1:1: Premature end of file.
2025-12-17 19:09:14,623 [ERROR] LogOutputStream:75 - [STDERR_REDIRECT] 
2025-12-17 19:09:15,622 [ERROR] LogOutputStream:75 - [STDERR_REDIRECT] [Fatal Error] :1:1: Premature end of file.
2025-12-17 19:09:15,622 [ERROR] LogOutputStream:75 - [STDERR_REDIRECT] 
2025-12-17 19:09:16,622 [ERROR] LogOutputStream:75 - [STDERR_REDIRECT] [Fatal Error] :1:1: Premature end of file.
2025-12-17 19:09:16,622 [ERROR] LogOutputStream:75 - [STDERR_REDIRECT] 
2025-12-17 19:09:17,622 [ERROR] LogOutputStream:75 - [STDERR_REDIRECT] [Fatal Error] :1:1: Premature end of file.
2025-12-17 19:09:17,622 [ERROR] LogOutputStream:75 - [STDERR_REDIRECT] 
2025-12-17 19:09:18,620 [ERROR] LogOutputStream:75 - [STDERR_REDIRECT] [Fatal Error] :1:1: Premature end of file.
2025-12-17 19:09:18,620 [ERROR] LogOutputStream:75 - [STDERR_REDIRECT] 
2025-12-17 19:09:19,622 [ERROR] LogOutputStream:75 - [STDERR_REDIRECT] [Fatal Error] :1:1: Premature end of file.
2025-12-17 19:09:19,622 [ERROR] LogOutputStream:75 - [STDERR_REDIRECT] 
2025-12-17 19:09:20,624 [ERROR] LogOutputStream:75 - [STDERR_REDIRECT] [Fatal Error] :1:1: Premature end of file.
2025-12-17 19:09:20,624 [ERROR] LogOutputStream:75 - [STDERR_REDIRECT] 
2025-12-17 19:09:21,623 [ERROR] LogOutputStream:75 - [STDERR_REDIRECT] [Fatal Error] :1:1: Premature end of file.
2025-12-17 19:09:21,623 [ERROR] LogOutputStream:75 - [STDERR_REDIRECT] 
2025-12-17 19:09:22,622 [ERROR] LogOutputStream:75 - [STDERR_REDIRECT] [Fatal Error] :1:1: Premature end of file.
2025-12-17 19:09:22,623 [ERROR] LogOutputStream:75 - [STDERR_REDIRECT] 
2025-12-17 19:09:23,623 [ERROR] LogOutputStream:75 - [STDERR_REDIRECT] [Fatal Error] :1:1: Premature end of file.
2025-12-17 19:09:23,623 [ERROR] LogOutputStream:75 - [STDERR_REDIRECT] 
2025-12-17 19:09:24,623 [ERROR] LogOutputStream:75 - [STDERR_REDIRECT] [Fatal Error] :1:1: Premature end of file.
2025-12-17 19:09:24,623 [ERROR] LogOutputStream:75 - [STDERR_REDIRECT] 
2025-12-17 19:09:25,621 [ERROR] LogOutputStream:75 - [STDERR_REDIRECT] [Fatal Error] :1:1: Premature end of file.
2025-12-17 19:09:25,621 [ERROR] LogOutputStream:75 - [STDERR_REDIRECT] 
2025-12-17 19:09:26,623 [ERROR] LogOutputStream:75 - [STDERR_REDIRECT] [Fatal Error] :1:1: Premature end of file.
2025-12-17 19:09:26,623 [ERROR] LogOutputStream:75 - [STDERR_REDIRECT] 
2025-12-17 19:09:27,622 [ERROR] LogOutputStream:75 - [STDERR_REDIRECT] [Fatal Error] :1:1: Premature end of file.
2025-12-17 19:09:27,622 [ERROR] LogOutputStream:75 - [STDERR_REDIRECT] 
2025-12-17 19:09:28,622 [ERROR] LogOutputStream:75 - [STDERR_REDIRECT] [Fatal Error] :1:1: Premature end of file.
2025-12-17 19:09:28,622 [ERROR] LogOutputStream:75 - [STDERR_REDIRECT] 
2025-12-17 19:09:29,621 [ERROR] LogOutputStream:75 - [STDERR_REDIRECT] [Fatal Error] :1:1: Premature end of file.
2025-12-17 19:09:29,621 [ERROR] LogOutputStream:75 - [STDERR_REDIRECT] 
2025-12-17 19:09:30,623 [ERROR] LogOutputStream:75 - [STDERR_REDIRECT] [Fatal Error] :1:1: Premature end of file.
2025-12-17 19:09:30,623 [ERROR] LogOutputStream:75 - [STDERR_REDIRECT] 
2025-12-17 19:09:31,620 [ERROR] LogOutputStream:75 - [STDERR_REDIRECT] [Fatal Error] :1:1: Premature end of file.
2025-12-17 19:09:31,620 [ERROR] LogOutputStream:75 - [STDERR_REDIRECT] 
2025-12-17 19:09:32,622 [ERROR] LogOutputStream:75 - [STDERR_REDIRECT] [Fatal Error] :1:1: Premature end of file.
2025-12-17 19:09:32,622 [ERROR] LogOutputStream:75 - [STDERR_REDIRECT] 
2025-12-17 19:09:33,621 [ERROR] LogOutputStream:75 - [STDERR_REDIRECT] [Fatal Error] :1:1: Premature end of file.
2025-12-17 19:09:33,621 [ERROR] LogOutputStream:75 - [STDERR_REDIRECT] 
2025-12-17 19:09:34,621 [ERROR] LogOutputStream:75 - [STDERR_REDIRECT] [Fatal Error] :1:1: Premature end of file.
2025-12-17 19:09:34,621 [ERROR] LogOutputStream:75 - [STDERR_REDIRECT] 
2025-12-17 19:09:35,623 [ERROR] LogOutputStream:75 - [STDERR_REDIRECT] [Fatal Error] :1:1: Premature end of file.
2025-12-17 19:09:35,623 [ERROR] LogOutputStream:75 - [STDERR_REDIRECT] 
2025-12-17 19:09:36,627 [ERROR] LogOutputStream:75 - [STDERR_REDIRECT] [Fatal Error] :1:1: Premature end of file.
2025-12-17 19:09:36,627 [ERROR] LogOutputStream:75 - [STDERR_REDIRECT] 
2025-12-17 19:09:37,623 [ERROR] LogOutputStream:75 - [STDERR_REDIRECT] [Fatal Error] :1:1: Premature end of file.
2025-12-17 19:09:37,623 [ERROR] LogOutputStream:75 - [STDERR_REDIRECT] 
2025-12-17 19:09:38,623 [ERROR] LogOutputStream:75 - [STDERR_REDIRECT] [Fatal Error] :1:1: Premature end of file.
2025-12-17 19:09:38,623 [ERROR] LogOutputStream:75 - [STDERR_REDIRECT] 
2025-12-17 19:09:39,622 [ERROR] LogOutputStream:75 - [STDERR_REDIRECT] [Fatal Error] :1:1: Premature end of file.
2025-12-17 19:09:39,622 [ERROR] LogOutputStream:75 - [STDERR_REDIRECT] 
2025-12-17 19:09:40,620 [ERROR] LogOutputStream:75 - [STDERR_REDIRECT] [Fatal Error] :1:1: Premature end of file.
2025-12-17 19:09:40,620 [ERROR] LogOutputStream:75 - [STDERR_REDIRECT] 
2025-12-17 19:09:41,623 [ERROR] LogOutputStream:75 - [STDERR_REDIRECT] [Fatal Error] :1:1: Premature end of file.
2025-12-17 19:09:41,623 [ERROR] LogOutputStream:75 - [STDERR_REDIRECT] 
2025-12-17 19:09:42,621 [ERROR] LogOutputStream:75 - [STDERR_REDIRECT] [Fatal Error] :1:1: Premature end of file.
2025-12-17 19:09:42,622 [ERROR] LogOutputStream:75 - [STDERR_REDIRECT] 
2025-12-17 19:09:43,621 [ERROR] LogOutputStream:75 - [STDERR_REDIRECT] [Fatal Error] :1:1: Premature end of file.
2025-12-17 19:09:43,621 [ERROR] LogOutputStream:75 - [STDERR_REDIRECT] 
2025-12-17 19:09:44,624 [ERROR] LogOutputStream:75 - [STDERR_REDIRECT] [Fatal Error] :1:1: Premature end of file.
2025-12-17 19:09:44,624 [ERROR] LogOutputStream:75 - [STDERR_REDIRECT] 
2025-12-17 19:09:45,624 [ERROR] LogOutputStream:75 - [STDERR_REDIRECT] [Fatal Error] :1:1: Premature end of file.
2025-12-17 19:09:45,625 [ERROR] LogOutputStream:75 - [STDERR_REDIRECT] 
2025-12-17 19:09:46,620 [ERROR] LogOutputStream:75 - [STDERR_REDIRECT] [Fatal Error] :1:1: Premature end of file.
2025-12-17 19:09:46,620 [ERROR] LogOutputStream:75 - [STDERR_REDIRECT] 
2025-12-17 19:09:47,625 [ERROR] LogOutputStream:75 - [STDERR_REDIRECT] [Fatal Error] :1:1: Premature end of file.
2025-12-17 19:09:47,625 [ERROR] LogOutputStream:75 - [STDERR_REDIRECT] 
2025-12-17 19:09:48,621 [ERROR] LogOutputStream:75 - [STDERR_REDIRECT] [Fatal Error] :1:1: Premature end of file.
2025-12-17 19:09:48,622 [ERROR] LogOutputStream:75 - [STDERR_REDIRECT] 
2025-12-17 19:09:49,624 [ERROR] LogOutputStream:75 - [STDERR_REDIRECT] [Fatal Error] :1:1: Premature end of file.
2025-12-17 19:09:49,624 [ERROR] LogOutputStream:75 - [STDERR_REDIRECT] 
2025-12-17 19:09:50,625 [ERROR] LogOutputStream:75 - [STDERR_REDIRECT] [Fatal Error] :1:1: Premature end of file.
2025-12-17 19:09:50,625 [ERROR] LogOutputStream:75 - [STDERR_REDIRECT] 
2025-12-17 19:09:51,632 [ERROR] LogOutputStream:75 - [STDERR_REDIRECT] [Fatal Error] :1:1: Premature end of file.
2025-12-17 19:09:51,632 [ERROR] LogOutputStream:75 - [STDERR_REDIRECT] 
2025-12-17 19:09:52,624 [ERROR] LogOutputStream:75 - [STDERR_REDIRECT] [Fatal Error] :1:1: Premature end of file.
2025-12-17 19:09:52,624 [ERROR] LogOutputStream:75 - [STDERR_REDIRECT] 
2025-12-17 19:09:53,623 [ERROR] LogOutputStream:75 - [STDERR_REDIRECT] [Fatal Error] :1:1: Premature end of file.
2025-12-17 19:09:53,623 [ERROR] LogOutputStream:75 - [STDERR_REDIRECT] 
2025-12-17 19:09:54,634 [ERROR] LogOutputStream:75 - [STDERR_REDIRECT] [Fatal Error] :1:1: Premature end of file.
2025-12-17 19:09:54,634 [ERROR] LogOutputStream:75 - [STDERR_REDIRECT] 
2025-12-17 19:09:55,619 [ERROR] LogOutputStream:75 - [STDERR_REDIRECT] [Fatal Error] :1:1: Premature end of file.
2025-12-17 19:09:55,619 [ERROR] LogOutputStream:75 - [STDERR_REDIRECT] 
2025-12-17 19:09:56,622 [ERROR] LogOutputStream:75 - [STDERR_REDIRECT] [Fatal Error] :1:1: Premature end of file.
2025-12-17 19:09:56,622 [ERROR] LogOutputStream:75 - [STDERR_REDIRECT] 
2025-12-17 19:09:57,623 [ERROR] LogOutputStream:75 - [STDERR_REDIRECT] [Fatal Error] :1:1: Premature end of file.
2025-12-17 19:09:57,623 [ERROR] LogOutputStream:75 - [STDERR_REDIRECT] 
2025-12-17 19:09:58,623 [ERROR] LogOutputStream:75 - [STDERR_REDIRECT] [Fatal Error] :1:1: Premature end of file.
2025-12-17 19:09:58,623 [ERROR] LogOutputStream:75 - [STDERR_REDIRECT] 
2025-12-17 19:09:59,624 [ERROR] LogOutputStream:75 - [STDERR_REDIRECT] [Fatal Error] :1:1: Premature end of file.
2025-12-17 19:09:59,624 [ERROR] LogOutputStream:75 - [STDERR_REDIRECT] 
2025-12-17 19:10:00,622 [ERROR] LogOutputStream:75 - [STDERR_REDIRECT] [Fatal Error] :1:1: Premature end of file.
2025-12-17 19:10:00,622 [ERROR] LogOutputStream:75 - [STDERR_REDIRECT] 
2025-12-17 19:10:01,635 [ERROR] LogOutputStream:75 - [STDERR_REDIRECT] [Fatal Error] :1:1: Premature end of file.
2025-12-17 19:10:01,635 [ERROR] LogOutputStream:75 - [STDERR_REDIRECT] 
2025-12-17 19:10:02,615 [ERROR] LogOutputStream:75 - [STDERR_REDIRECT] [Fatal Error] :1:1: Premature end of file.
2025-12-17 19:10:02,615 [ERROR] LogOutputStream:75 - [STDERR_REDIRECT] 
2025-12-17 19:10:03,618 [ERROR] LogOutputStream:75 - [STDERR_REDIRECT] [Fatal Error] :1:1: Premature end of file.
2025-12-17 19:10:03,618 [ERROR] LogOutputStream:75 - [STDERR_REDIRECT] 
2025-12-17 19:10:04,625 [ERROR] LogOutputStream:75 - [STDERR_REDIRECT] [Fatal Error] :1:1: Premature end of file.
2025-12-17 19:10:04,625 [ERROR] LogOutputStream:75 - [STDERR_REDIRECT] 
2025-12-17 19:10:05,625 [ERROR] LogOutputStream:75 - [STDERR_REDIRECT] [Fatal Error] :1:1: Premature end of file.
2025-12-17 19:10:05,625 [ERROR] LogOutputStream:75 - [STDERR_REDIRECT] 
2025-12-17 19:10:06,627 [ERROR] LogOutputStream:75 - [STDERR_REDIRECT] [Fatal Error] :1:1: Premature end of file.
2025-12-17 19:10:06,629 [ERROR] LogOutputStream:75 - [STDERR_REDIRECT] 
2025-12-17 19:10:07,611 [ERROR] LogOutputStream:75 - [STDERR_REDIRECT] [Fatal Error] :1:1: Premature end of file.
2025-12-17 19:10:07,613 [ERROR] LogOutputStream:75 - [STDERR_REDIRECT] 
2025-12-17 19:10:08,614 [ERROR] LogOutputStream:75 - [STDERR_REDIRECT] [Fatal Error] :1:1: Premature end of file.
2025-12-17 19:10:08,614 [ERROR] LogOutputStream:75 - [STDERR_REDIRECT] 
2025-12-17 19:10:09,627 [ERROR] LogOutputStream:75 - [STDERR_REDIRECT] [Fatal Error] :1:1: Premature end of file.
2025-12-17 19:10:09,627 [ERROR] LogOutputStream:75 - [STDERR_REDIRECT] 
2025-12-17 19:10:10,630 [ERROR] LogOutputStream:75 - [STDERR_REDIRECT] [Fatal Error] :1:1: Premature end of file.
2025-12-17 19:10:10,631 [ERROR] LogOutputStream:75 - [STDERR_REDIRECT] 
2025-12-17 19:10:11,622 [ERROR] LogOutputStream:75 - [STDERR_REDIRECT] [Fatal Error] :1:1: Premature end of file.
2025-12-17 19:10:11,623 [ERROR] LogOutputStream:75 - [STDERR_REDIRECT] 
2025-12-17 19:10:12,623 [ERROR] LogOutputStream:75 - [STDERR_REDIRECT] [Fatal Error] :1:1: Premature end of file.
2025-12-17 19:10:12,623 [ERROR] LogOutputStream:75 - [STDERR_REDIRECT] 
2025-12-17 19:10:13,624 [ERROR] LogOutputStream:75 - [STDERR_REDIRECT] [Fatal Error] :1:1: Premature end of file.
2025-12-17 19:10:13,624 [ERROR] LogOutputStream:75 - [STDERR_REDIRECT] 
2025-12-17 19:10:14,623 [ERROR] LogOutputStream:75 - [STDERR_REDIRECT] [Fatal Error] :1:1: Premature end of file.
2025-12-17 19:10:14,623 [ERROR] LogOutputStream:75 - [STDERR_REDIRECT] 
2025-12-17 19:10:14,897 [INFO] McuFinderGlobals:63 - Set McuFinder mode to 2 (CubeIDE integrated)
2025-12-17 19:10:14,904 [INFO] MainUpdater:2872 - connection check result : 10
2025-12-17 19:10:15,443 [INFO] ApiDb:581 - Connected to CubeFinder SQLite database (C:\Users\megha\.stmcufinder\plugins\mcufinder\mcu\cube-finder-db.db)
2025-12-17 19:10:15,628 [ERROR] LogOutputStream:75 - [STDERR_REDIRECT] [Fatal Error] :1:1: Premature end of file.
2025-12-17 19:10:15,628 [ERROR] LogOutputStream:75 - [STDERR_REDIRECT] 
2025-12-17 19:10:15,634 [INFO] ApiDb:668 - CubeFinder database Data Model version=2.1
2025-12-17 19:10:15,634 [INFO] ApiDb:669 - CubeFinder database Configuration version=3.0.39
2025-12-17 19:10:15,634 [INFO] ApiDb:670 - CubeFinder database generation date=2025-11-05 (1762334721)
2025-12-17 19:10:15,634 [INFO] ApiDb:671 - CubeFinder database FW Pack versions=[FP-ATR-ASTRA1_V2.0.0, FP-SNS-FLIGHT1_V5.1.0, FP-SNS-MOTENV1_V5.1.0, FP-SNS-MOTENVWB1_V1.4.0, FP-SNS-SMARTAG2_V1.2.0, FP-SNS-STBOX1_V2.1.0, STM32Cube_FW_C0_V1.4.0, STM32Cube_FW_F4_V1.28.3, STM32Cube_FW_F7_V1.17.4, STM32Cube_FW_G0_V1.6.2, STM32Cube_FW_G4_V1.6.1, STM32Cube_FW_H5_V1.5.1, STM32Cube_FW_H7RS_V1.3.0, STM32Cube_FW_H7_V1.12.1, STM32Cube_FW_L0_V1.12.2, STM32Cube_FW_L4_V1.18.1, STM32Cube_FW_L5_V1.6.0, STM32Cube_FW_N6_V1.3.0, STM32Cube_FW_U0_V1.3.0, STM32Cube_FW_U3_V1.2.1, STM32Cube_FW_U5_V1.8.0, STM32Cube_FW_WB0_V1.4.0, STM32Cube_FW_WBA_V1.8.0, STM32Cube_FW_WB_V1.24.0, STM32Cube_FW_WL3_V1.3.0, STM32Cube_FW_WL_V1.4.0, X-CUBE-ALGOBUILD_V1.4.0, X-CUBE-ALS_V1.0.2, X-CUBE-AZRTOS-F4_V1.1.0, X-CUBE-AZRTOS-F7_V1.1.0, X-CUBE-AZRTOS-G0_V1.1.0, X-CUBE-AZRTOS-G4_V2.0.0, X-CUBE-AZRTOS-H7RS_V1.1.0, X-CUBE-AZRTOS-H7_V3.4.0, X-CUBE-AZRTOS-L4_V2.0.0, X-CUBE-AZRTOS-L5_V2.0.0, X-CUBE-AZRTOS-WB_V2.0.0, X-CUBE-AZRTOS-WL_V2.0.0, X-CUBE-BLE1_V7.1.0, X-CUBE-BLE2_V3.3.0, X-CUBE-BLEMGR_V4.1.0, X-CUBE-EEPRMA1_V5.2.0, X-CUBE-FREERTOS_V1.3.1, X-CUBE-GNSS1_V6.0.0, X-CUBE-MEMS1_V11.3.0, X-CUBE-NFC4_V3.0.0, X-CUBE-NFC7_V2.0.0, X-CUBE-SFXS2LP1_V4.0.0, X-CUBE-ST67W61_V1.1.0, X-CUBE-SUBG2_V5.0.0, X-CUBE-TOF1_V3.4.3]
2025-12-17 19:10:16,615 [ERROR] LogOutputStream:75 - [STDERR_REDIRECT] [Fatal Error] :1:1: Premature end of file.
2025-12-17 19:10:16,615 [ERROR] LogOutputStream:75 - [STDERR_REDIRECT] 
2025-12-17 19:10:17,611 [ERROR] LogOutputStream:75 - [STDERR_REDIRECT] [Fatal Error] :1:1: Premature end of file.
2025-12-17 19:10:17,612 [ERROR] LogOutputStream:75 - [STDERR_REDIRECT] 
2025-12-17 19:10:18,614 [ERROR] LogOutputStream:75 - [STDERR_REDIRECT] [Fatal Error] :1:1: Premature end of file.
2025-12-17 19:10:18,614 [ERROR] LogOutputStream:75 - [STDERR_REDIRECT] 
2025-12-17 19:10:19,612 [ERROR] LogOutputStream:75 - [STDERR_REDIRECT] [Fatal Error] :1:1: Premature end of file.
2025-12-17 19:10:19,612 [ERROR] LogOutputStream:75 - [STDERR_REDIRECT] 
2025-12-17 19:10:20,398 [INFO] ApiDb:240 - Found 880 in-development CPN: [B-G473E-ZEST1S, B-WB1M-WPAN1, B-WBA5M-WPAN, B-WL5M-SUBG1, NUCLEO-C031C6, NUCLEO-C051C8, NUCLEO-C071RB, NUCLEO-C092RC, NUCLEO-H503RB, NUCLEO-H533RE, NUCLEO-H563ZI, NUCLEO-H7S3L8, NUCLEO-N657X0-Q, NUCLEO-U031R8, NUCLEO-U083RC, NUCLEO-U385RG-Q, NUCLEO-U545RE-Q, NUCLEO-U5A5ZJ-Q, NUCLEO-WB05KZ, NUCLEO-WB07CC, NUCLEO-WB09KE, NUCLEO-WBA52CG, NUCLEO-WBA55CG, NUCLEO-WL33CC1, NUCLEO-WL33CC2, STEVAL-PROTEUS1, STEVAL-SMARTAG2, STEVAL-STWINBX1, STM320518-EVAL, STM32C0116-DK, STM32C011D6Y3TR, STM32C011D6Y6TR, STM32C011F4P3, STM32C011F4P6, STM32C011F4U3, STM32C011F4U6TR, STM32C011F6P3, STM32C011F6P6, STM32C011F6U3, STM32C011F6U6TR, STM32C011J4M3, STM32C011J4M6, STM32C011J6M3, STM32C011J6M6, STM32C0316-DK, STM32C031C4T3, STM32C031C4T6, STM32C031C4U3, STM32C031C4U6, STM32C031C6T3, STM32C031C6T6, STM32C031C6U3, STM32C031C6U6, STM32C031F4P3, STM32C031F4P6, STM32C031F6P3, STM32C031F6P6, STM32C031G4U3, STM32C031G4U6, STM32C031G6U3, STM32C031G6U6, STM32C031K4T3, STM32C031K4T6, STM32C031K4U3, STM32C031K4U6, STM32C031K6T3, STM32C031K6T6, STM32C031K6U3, STM32C031K6U6, STM32C051C6T6, STM32C051C6U6, STM32C051C8T6, STM32C051C8U6, STM32C051D8Y6TR, STM32C051F6P6, STM32C051F8P6, STM32C051G6U6, STM32C051G8U6, STM32C051K6T6, STM32C051K6U6, STM32C051K8T6, STM32C071C8T6, STM32C071C8T6N, STM32C071C8U6, STM32C071C8U6N, STM32C071CBT6, STM32C071CBT6N, STM32C071CBU6, STM32C071CBU6N, STM32C071F8P6, STM32C071F8P6N, STM32C071FBP6, STM32C071FBP6N, STM32C071FBY6TR, STM32C071G8U6, STM32C071G8U6N, STM32C071GBU6, STM32C071GBU6N, STM32C071K8T6, STM32C071K8T6N, STM32C071K8U6, STM32C071K8U6N, STM32C071KBT6, STM32C071KBT6N, STM32C071KBU6, STM32C071KBU6N, STM32C071R8T6, STM32C071R8T6N, STM32C071RBI6N, STM32C071RBT6, STM32C071RBT6N, STM32C091CBT6, STM32C091CBU6, STM32C091CCT6, STM32C091CCU6, STM32C091ECY6TR, STM32C091FBP6, STM32C091FCP6, STM32C091GBU6, STM32C091GCU6, STM32C091KBT6, STM32C091KBU6, STM32C091KCT6, STM32C091KCU6, STM32C091RBT6, STM32C091RCI6, STM32C091RCT6, STM32C092CBT6, STM32C092CBU6, STM32C092CCT6, STM32C092CCU6, STM32C092ECY6TR, STM32C092FBP6, STM32C092FCP6, STM32C092GBU6, STM32C092GCU6, STM32C092KBT6, STM32C092KBU6, STM32C092KCT6, STM32C092KCU6, STM32C092RBT6, STM32C092RCI6, STM32C092RCT6, STM32G071K8TXN, STM32G071K8UXN, STM32G081GBU6N, STM32G081KBT6N, STM32G081KBUXN, STM32G0B1CCT6N, STM32G0B1KCT6, STM32G0B1NEY6TR, STM32G0B1RCT6N, STM32G0C1CCT6, STM32G0C1CCT6N, STM32G0C1CCU6N, STM32G0C1CET6N, STM32G0C1CEU6N, STM32G0C1KCT6, STM32G0C1NEY6TR, STM32G0C1RCI6N, STM32G0C1RCT6N, STM32G0C1REI6N, STM32G0C1RET6N, STM32G0C1VCI6, STM32G0C1VEI6, STM32G411C6T3, STM32G411C6T6, STM32G411C6U3, STM32G411C6U6, STM32G411C8T3, STM32G411C8T6, STM32G411C8U3, STM32G411C8U6, STM32G411CBT3, STM32G411CBT6, STM32G411CBU3, STM32G411CBU6, STM32G411K6T3, STM32G411K6T6, STM32G411K6U3, STM32G411K6U6, STM32G411K8T3, STM32G411K8T6, STM32G411K8U3, STM32G411K8U6, STM32G411KBT3, STM32G411KBT6, STM32G411KBU3, STM32G411KBU6, STM32G411M6T3, STM32G411M6T6, STM32G411M8T3, STM32G411M8T6, STM32G411MBT3, STM32G411MBT6, STM32G411R6T3, STM32G411R6T6, STM32G411R8T3, STM32G411R8T6, STM32G411RBT3, STM32G411RBT6, STM32G414CBT3, STM32G414CBT6, STM32G414CBU3, STM32G414CBU6, STM32G414CCT3, STM32G414CCT6, STM32G414CCU3, STM32G414CCU6, STM32G414MBT3, STM32G414MBT6, STM32G414MCT3, STM32G414MCT6, STM32G414RBT3, STM32G414RBT6, STM32G414RCT3, STM32G414RCT6, STM32G414VBT3, STM32G414VBT6, STM32G414VCT3, STM32G414VCT6, STM32G431CBT3Z, STM32G431RBT3Z, STM32G471CCT6, STM32G471CCU6, STM32G471CET3, STM32G471CET6, STM32G471CEU3, STM32G471CEU6, STM32G471MCT6, STM32G471MET3, STM32G471MET6, STM32G471MEY6TR, STM32G471QCT6, STM32G471QET3, STM32G471RCT6, STM32G471RET3, STM32G471RET6, STM32G471VCH6, STM32G471VCI6, STM32G471VCT6, STM32G471VEH3, STM32G471VEH6, STM32G471VEI3, STM32G471VEI6, STM32G471VET3, STM32G471VET6, STM32G473QET3Z, STM32G473RET3Z, STM32G474CCT6, STM32G491RET3Z, STM32H503CBT6, STM32H503CBU6, STM32H503EBY6TR, STM32H503KBU6, STM32H503RBT6, STM32H523CCT6, STM32H523CCU6, STM32H523CET6, STM32H523CEU6, STM32H523HEY6TR, STM32H523RCT6, STM32H523RET6, STM32H523VCI6, STM32H523VCT6, STM32H523VEI6, STM32H523VET6, STM32H523ZCJ6, STM32H523ZCT6, STM32H523ZEJ6, STM32H523ZET6, STM32H533CET6, STM32H533CEU6, STM32H533HEY6TR, STM32H533RET6, STM32H533VEI6, STM32H533VET6, STM32H533ZEJ6, STM32H533ZET6, STM32H562AGI6, STM32H562AII6, STM32H562IGK6, STM32H562IGT6, STM32H562IIK6, STM32H562IIT6, STM32H562RGT6, STM32H562RGV6, STM32H562RIT6, STM32H562RIV6, STM32H562VGT6, STM32H562VIT6, STM32H562ZGT6, STM32H562ZIT6, STM32H563AGI6, STM32H563AII3Q, STM32H563AII6, STM32H563IGK6, STM32H563IGT6, STM32H563IIK3Q, STM32H563IIK6, STM32H563IIT3Q, STM32H563IIT6, STM32H563MIY3QTR, STM32H563RGT6, STM32H563RGV6, STM32H563RIT6, STM32H563RIV6, STM32H563VGT6, STM32H563VIT3Q, STM32H563VIT6, STM32H563ZGT6, STM32H563ZIT3Q, STM32H563ZIT6, STM32H573AII3Q, STM32H573AII6, STM32H573I-DK, STM32H573IIK3Q, STM32H573IIK6, STM32H573IIT3Q, STM32H573IIT6, STM32H573MIY3QTR, STM32H573RIT6, STM32H573RIV6, STM32H573VIT3Q, STM32H573VIT6, STM32H573ZIT3Q, STM32H573ZIT6, STM32H7R3A8I6, STM32H7R3I8K6, STM32H7R3I8T6, STM32H7R3L8H6, STM32H7R3L8H6H, STM32H7R3R8V6, STM32H7R3V8H6, STM32H7R3V8T6, STM32H7R3V8Y6TR, STM32H7R3Z8J6, STM32H7R3Z8T6, STM32H7R7A8I6, STM32H7R7I8K6, STM32H7R7I8T6, STM32H7R7L8H6, STM32H7R7L8H6H, STM32H7R7Z8J6, STM32H7S3A8I6, STM32H7S3I8K6, STM32H7S3I8T6, STM32H7S3L8H6, STM32H7S3L8H6H, STM32H7S3R8V6, STM32H7S3V8H6, STM32H7S3V8T6, STM32H7S3V8Y6TR, STM32H7S3Z8J6, STM32H7S3Z8T6, STM32H7S78-DK, STM32H7S7A8I6, STM32H7S7I8K6, STM32H7S7I8T6, STM32H7S7L8H6, STM32H7S7L8H6H, STM32H7S7Z8J6, STM32L4R5QGI6STR, STM32MP131AAE3, STM32MP131AAF3, STM32MP131AAG3, STM32MP131CAE3, STM32MP131CAF3, STM32MP131CAG3, STM32MP131DAE7, STM32MP131DAF7, STM32MP131DAG7, STM32MP131FAE7, STM32MP131FAF7, STM32MP131FAG7, STM32MP133AAE3, STM32MP133AAF3, STM32MP133AAG3, STM32MP133CAE3, STM32MP133CAF3, STM32MP133CAG3, STM32MP133DAE7, STM32MP133DAF7, STM32MP133DAG7, STM32MP133FAE7, STM32MP133FAF7, STM32MP133FAG7, STM32MP135AAE3, STM32MP135AAF3, STM32MP135AAG3, STM32MP135CAE3, STM32MP135CAF3, STM32MP135CAG3, STM32MP135DAE7, STM32MP135DAF7, STM32MP135DAG7, STM32MP135F-DK, STM32MP135FAE7, STM32MP135FAF7, STM32MP135FAF7T, STM32MP135FAF7U, STM32MP135FAG7, STM32MP211AAL3, STM32MP211AAM3, STM32MP211AAN3, STM32MP211AAO3, STM32MP211CAL3, STM32MP211CAM3, STM32MP211CAN3, STM32MP211CAO3, STM32MP211DAL3, STM32MP211DAM3, STM32MP211DAN3, STM32MP211DAO3, STM32MP211FAL3, STM32MP211FAM3, STM32MP211FAN3, STM32MP211FAO3, STM32MP213AAL3, STM32MP213AAM3, STM32MP213AAN3, STM32MP213AAO3, STM32MP213CAL3, STM32MP213CAM3, STM32MP213CAN3, STM32MP213CAO3, STM32MP213DAL3, STM32MP213DAM3, STM32MP213DAN3, STM32MP213DAO3, STM32MP213FAL3, STM32MP213FAM3, STM32MP213FAN3, STM32MP213FAO3, STM32MP215AAL3, STM32MP215AAM3, STM32MP215AAN3, STM32MP215AAO3, STM32MP215CAL3, STM32MP215CAM3, STM32MP215CAN3, STM32MP215CAO3, STM32MP215DAL3, STM32MP215DAM3, STM32MP215DAN3, STM32MP215DAO3, STM32MP215F-DK, STM32MP215FAL3, STM32MP215FAM3, STM32MP215FAN3, STM32MP215FAO3, STM32MP231AAJ3, STM32MP231AAK3, STM32MP231AAL3, STM32MP231CAJ3, STM32MP231CAK3, STM32MP231CAL3, STM32MP231DAJ3, STM32MP231DAK3, STM32MP231DAL3, STM32MP231FAJ3, STM32MP231FAK3, STM32MP231FAL3, STM32MP233AAJ3, STM32MP233AAK3, STM32MP233AAL3, STM32MP233CAJ3, STM32MP233CAK3, STM32MP233CAL3, STM32MP233DAJ3, STM32MP233DAK3, STM32MP233DAL3, STM32MP233FAJ3, STM32MP233FAK3, STM32MP233FAL3, STM32MP235AAJ3, STM32MP235AAK3, STM32MP235AAL3, STM32MP235CAJ3, STM32MP235CAK3, STM32MP235CAL3, STM32MP235DAJ3, STM32MP235DAK3, STM32MP235DAL3, STM32MP235FAJ3, STM32MP235FAK3, STM32MP235FAL3, STM32MP251AAI3, STM32MP251AAK3, STM32MP251AAL3, STM32MP251CAI3, STM32MP251CAK3, STM32MP251CAL3, STM32MP251DAI3, STM32MP251DAK3, STM32MP251DAL3, STM32MP251FAI3, STM32MP251FAK3, STM32MP251FAL3, STM32MP253AAI3, STM32MP253AAK3, STM32MP253AAL3, STM32MP253CAI3, STM32MP253CAK3, STM32MP253CAL3, STM32MP253DAI3, STM32MP253DAK3, STM32MP253DAL3, STM32MP253FAI3, STM32MP253FAK3, STM32MP253FAL3, STM32MP255AAI3, STM32MP255AAK3, STM32MP255AAL3, STM32MP255CAI3, STM32MP255CAK3, STM32MP255CAL3, STM32MP255DAI3, STM32MP255DAK3, STM32MP255DAL3, STM32MP255FAI3, STM32MP255FAK3, STM32MP255FAL3, STM32MP257AAI3, STM32MP257AAK3, STM32MP257AAL3, STM32MP257CAI3, STM32MP257CAK3, STM32MP257CAL3, STM32MP257DAI3, STM32MP257DAK3, STM32MP257DAL3, STM32MP257F-DK, STM32MP257F-EV1, STM32MP257FAI3, STM32MP257FAK3, STM32MP257FAL3, STM32N645A0H3Q, STM32N645B0H3Q, STM32N645I0H3Q, STM32N645L0H3Q, STM32N645X0H3Q, STM32N645Z0H3Q, STM32N647A0H3Q, STM32N647B0H3Q, STM32N647I0H3Q, STM32N647L0H3Q, STM32N647X0H3Q, STM32N647Z0H3Q, STM32N655A0H3Q, STM32N655B0H3Q, STM32N655I0H3Q, STM32N655L0H3Q, STM32N655X0H3Q, STM32N655Z0H3Q, STM32N6570-DK, STM32N657A0H3Q, STM32N657B0H3Q, STM32N657I0H3Q, STM32N657L0H3Q, STM32N657X0H3Q, STM32N657Z0H3Q, STM32U031C6T6, STM32U031C6U6, STM32U031C8T6, STM32U031C8U6, STM32U031F4P6, STM32U031F6P6, STM32U031F8P6, STM32U031G6Y6TR, STM32U031G8Y6TR, STM32U031K4U6, STM32U031K6U6, STM32U031K8U6, STM32U031R6I6, STM32U031R6T6, STM32U031R8I6, STM32U031R8T6, STM32U073C8T6, STM32U073C8U6, STM32U073CBT6, STM32U073CBU6, STM32U073CCT6, STM32U073CCU6, STM32U073H8Y6TR, STM32U073HBY6TR, STM32U073HCY6TR, STM32U073K8U6, STM32U073KBU6, STM32U073KCU6, STM32U073M8I6, STM32U073M8T6, STM32U073MBI6, STM32U073MBT6, STM32U073MCI6, STM32U073MCT6, STM32U073R8I6, STM32U073R8T6, STM32U073RBI6, STM32U073RBT6, STM32U073RCI6, STM32U073RCT6, STM32U083C-DK, STM32U083CCT6, STM32U083CCU6, STM32U083HCY6TR, STM32U083KCU6, STM32U083MCI6, STM32U083MCT6, STM32U083RCI6, STM32U083RCT6, STM32U375CET6, STM32U375CET6Q, STM32U375CEU6, STM32U375CEU6Q, STM32U375CEY6QTR, STM32U375CGT6, STM32U375CGT6Q, STM32U375CGU6, STM32U375CGU6Q, STM32U375CGY6QTR, STM32U375KEU6, STM32U375KGU6, STM32U375REI6, STM32U375REI6Q, STM32U375RET6, STM32U375RET6Q, STM32U375REY6GTR, STM32U375REY6QTR, STM32U375RGI6, STM32U375RGI6Q, STM32U375RGT6, STM32U375RGT6Q, STM32U375RGY6GTR, STM32U375RGY6QTR, STM32U375VEI6, STM32U375VEI6Q, STM32U375VET6, STM32U375VET6Q, STM32U375VGI6, STM32U375VGI6Q, STM32U375VGT6, STM32U375VGT6Q, STM32U385CGT6, STM32U385CGT6Q, STM32U385CGU6, STM32U385CGU6Q, STM32U385CGY6QTR, STM32U385KGU6, STM32U385RGI6, STM32U385RGI6Q, STM32U385RGT6, STM32U385RGT6Q, STM32U385RGY6GTR, STM32U385RGY6QTR, STM32U385VGI6, STM32U385VGI6Q, STM32U385VGT6, STM32U385VGT6Q, STM32U535CBT6, STM32U535CBT6Q, STM32U535CBU6, STM32U535CBU6Q, STM32U535CCT6, STM32U535CCT6Q, STM32U535CCU6, STM32U535CCU6Q, STM32U535CET6, STM32U535CET6Q, STM32U535CEU6, STM32U535CEU6Q, STM32U535JEY6QTR, STM32U535NCY6QTR, STM32U535NEY6QTR, STM32U535RBI6, STM32U535RBI6Q, STM32U535RBT6, STM32U535RBT6Q, STM32U535RCI6, STM32U535RCI6Q, STM32U535RCT6, STM32U535RCT6Q, STM32U535REI6, STM32U535REI6Q, STM32U535RET6, STM32U535RET6Q, STM32U535VCI6, STM32U535VCI6Q, STM32U535VCT6, STM32U535VCT6Q, STM32U535VEI6, STM32U535VEI6Q, STM32U535VET6, STM32U535VET6Q, STM32U545CET6, STM32U545CET6Q, STM32U545CEU6, STM32U545CEU6Q, STM32U545JEY6QTR, STM32U545NEY6QTR, STM32U545REI6, STM32U545REI6Q, STM32U545RET6, STM32U545RET6Q, STM32U545VEI6, STM32U545VEI6Q, STM32U545VET6, STM32U545VET6Q, STM32U595AIH6, STM32U595AIH6Q, STM32U595AJH6, STM32U595AJH6Q, STM32U595QII6, STM32U595QII6Q, STM32U595QJI6, STM32U595QJI6Q, STM32U595RIT6, STM32U595RIT6Q, STM32U595RJT6, STM32U595RJT6Q, STM32U595VIT6, STM32U595VIT6Q, STM32U595VJT6, STM32U595VJT6Q, STM32U595ZIT6, STM32U595ZIT6Q, STM32U595ZIY6QTR, STM32U595ZJT6, STM32U595ZJT6Q, STM32U595ZJY6QTR, STM32U599BJY6QTR, STM32U599NIH6Q, STM32U599NJH6Q, STM32U599VIT6Q, STM32U599VJT6, STM32U599VJT6Q, STM32U599ZIT6Q, STM32U599ZIY6QTR, STM32U599ZJT6Q, STM32U599ZJY6QTR, STM32U5A5AJH6, STM32U5A5AJH6Q, STM32U5A5QII3Q , STM32U5A5QJI6, STM32U5A5QJI6Q, STM32U5A5RJT6, STM32U5A5RJT6Q, STM32U5A5VJT6, STM32U5A5VJT6Q, STM32U5A5ZJT6, STM32U5A5ZJT6Q, STM32U5A5ZJY6QTR, STM32U5A9BJY6QTR, STM32U5A9J-DK, STM32U5A9NJH6Q, STM32U5A9VJT6Q, STM32U5A9ZJT6Q, STM32U5A9ZJY6QTR, STM32U5F7VIT6, STM32U5F7VIT6Q, STM32U5F7VJT6, STM32U5F7VJT6Q, STM32U5F9BJY6QTR, STM32U5F9NJH6Q, STM32U5F9VIT6Q, STM32U5F9VJT6Q, STM32U5F9ZIJ6QTR, STM32U5F9ZIT6Q, STM32U5F9ZJJ6QTR, STM32U5F9ZJT6Q, STM32U5G7VJT6, STM32U5G7VJT6Q, STM32U5G9BJY6QTR, STM32U5G9J-DK1, STM32U5G9J-DK2, STM32U5G9NJH6Q, STM32U5G9VJT6Q, STM32U5G9ZJJ6QTR, STM32U5G9ZJT6Q, STM32WB05KZV6TR, STM32WB05KZV7TR, STM32WB05TZF6TR, STM32WB05TZF7TR, STM32WB06CCF6TR, STM32WB06CCF7TR, STM32WB06CCV6TR, STM32WB06CCV7TR, STM32WB06KCV6TR, STM32WB06KCV7TR, STM32WB07CCF6TR, STM32WB07CCF7TR, STM32WB07CCV6TR, STM32WB07CCV7TR, STM32WB07KCV6TR, STM32WB07KCV7TR, STM32WB09KEV6TR, STM32WB09KEV7TR, STM32WB09TEF6TR, STM32WB09TEF7TR, STM32WB1MMCH6, STM32WBA50KGU6, STM32WBA50KGU6TR, STM32WBA52CEU6, STM32WBA52CEU6TR, STM32WBA52CEU7, STM32WBA52CEU7TR, STM32WBA52CGU6, STM32WBA52CGU6TR, STM32WBA52CGU6U, STM32WBA52CGU7, STM32WBA52CGU7TR, STM32WBA52KEU6, STM32WBA52KEU6TR, STM32WBA52KGU6, STM32WBA52KGU6TR, STM32WBA54CEU6, STM32WBA54CEU6TR, STM32WBA54CEU7, STM32WBA54CEU7TR, STM32WBA54CGU6, STM32WBA54CGU6TR, STM32WBA54CGU7, STM32WBA54CGU7TR, STM32WBA54KEU6, STM32WBA54KEU6TR, STM32WBA54KEU7, STM32WBA54KEU7TR, STM32WBA54KGU6, STM32WBA54KGU6TR, STM32WBA54KGU7, STM32WBA54KGU7TR, STM32WBA55CEU6, STM32WBA55CEU6TR, STM32WBA55CEU7, STM32WBA55CEU7TR, STM32WBA55CGU6, STM32WBA55CGU6TR, STM32WBA55CGU6U, STM32WBA55CGU7, STM32WBA55CGU7TR, STM32WBA55G-DK1, STM32WBA55HEF6, STM32WBA55HEF7, STM32WBA55HGF6, STM32WBA55HGF7, STM32WBA55UEI6, STM32WBA55UEI6TR, STM32WBA55UEI7, STM32WBA55UEI7TR, STM32WBA55UGI6, STM32WBA55UGI6TR, STM32WBA55UGI7, STM32WBA55UGI7TR, STM32WBA5MMGH6TR, STM32WBA62MGF6, STM32WBA62MIF6, STM32WBA65MGF7, STM32WBA65MIF6, STM32WBA65MIF7, STM32WL30K8V6, STM32WL30KBV6, STM32WL31C8V6, STM32WL31CBV6, STM32WL31K8V6, STM32WL31KBV6, STM32WL33C8V6, STM32WL33C8V6X, STM32WL33CBV6, STM32WL33CBV6X, STM32WL33CCV6, STM32WL33CCV6A, STM32WL33CCV6X, STM32WL33K8V7, STM32WL33K8V7X, STM32WL33KBV7 , STM32WL33KBV7X, STM32WL33KCV7, STM32WL33KCV7X, STM32WL5MOCH6, STM32WL5MOCH6TR]
2025-12-17 19:10:20,404 [INFO] DbMcus:218 - Found 4876 MCUs, 4876 are supported
2025-12-17 19:10:20,405 [INFO] ApiDb:423 - Load user favorites file C:\Users\megha/.stm32cubeide/favorites.mcus.txt: 0 item(s)
2025-12-17 19:10:20,405 [INFO] ApiDb:427 - User favorites MCUs=[]
2025-12-17 19:10:20,405 [INFO] DbMcus:224 - Set 0 / 0 favorites MCUs
2025-12-17 19:10:20,614 [ERROR] LogOutputStream:75 - [STDERR_REDIRECT] [Fatal Error] :1:1: Premature end of file.
2025-12-17 19:10:20,614 [ERROR] LogOutputStream:75 - [STDERR_REDIRECT] 
2025-12-17 19:10:21,013 [INFO] ApiDb:668 - CubeFinder database Data Model version=2.1
2025-12-17 19:10:21,013 [INFO] ApiDb:669 - CubeFinder database Configuration version=3.0.39
2025-12-17 19:10:21,013 [INFO] ApiDb:670 - CubeFinder database generation date=2025-11-05 (1762334721)
2025-12-17 19:10:21,013 [INFO] ApiDb:671 - CubeFinder database FW Pack versions=[FP-ATR-ASTRA1_V2.0.0, FP-SNS-FLIGHT1_V5.1.0, FP-SNS-MOTENV1_V5.1.0, FP-SNS-MOTENVWB1_V1.4.0, FP-SNS-SMARTAG2_V1.2.0, FP-SNS-STBOX1_V2.1.0, STM32Cube_FW_C0_V1.4.0, STM32Cube_FW_F4_V1.28.3, STM32Cube_FW_F7_V1.17.4, STM32Cube_FW_G0_V1.6.2, STM32Cube_FW_G4_V1.6.1, STM32Cube_FW_H5_V1.5.1, STM32Cube_FW_H7RS_V1.3.0, STM32Cube_FW_H7_V1.12.1, STM32Cube_FW_L0_V1.12.2, STM32Cube_FW_L4_V1.18.1, STM32Cube_FW_L5_V1.6.0, STM32Cube_FW_N6_V1.3.0, STM32Cube_FW_U0_V1.3.0, STM32Cube_FW_U3_V1.2.1, STM32Cube_FW_U5_V1.8.0, STM32Cube_FW_WB0_V1.4.0, STM32Cube_FW_WBA_V1.8.0, STM32Cube_FW_WB_V1.24.0, STM32Cube_FW_WL3_V1.3.0, STM32Cube_FW_WL_V1.4.0, X-CUBE-ALGOBUILD_V1.4.0, X-CUBE-ALS_V1.0.2, X-CUBE-AZRTOS-F4_V1.1.0, X-CUBE-AZRTOS-F7_V1.1.0, X-CUBE-AZRTOS-G0_V1.1.0, X-CUBE-AZRTOS-G4_V2.0.0, X-CUBE-AZRTOS-H7RS_V1.1.0, X-CUBE-AZRTOS-H7_V3.4.0, X-CUBE-AZRTOS-L4_V2.0.0, X-CUBE-AZRTOS-L5_V2.0.0, X-CUBE-AZRTOS-WB_V2.0.0, X-CUBE-AZRTOS-WL_V2.0.0, X-CUBE-BLE1_V7.1.0, X-CUBE-BLE2_V3.3.0, X-CUBE-BLEMGR_V4.1.0, X-CUBE-EEPRMA1_V5.2.0, X-CUBE-FREERTOS_V1.3.1, X-CUBE-GNSS1_V6.0.0, X-CUBE-MEMS1_V11.3.0, X-CUBE-NFC4_V3.0.0, X-CUBE-NFC7_V2.0.0, X-CUBE-SFXS2LP1_V4.0.0, X-CUBE-ST67W61_V1.1.0, X-CUBE-SUBG2_V5.0.0, X-CUBE-TOF1_V3.4.3]
2025-12-17 19:10:21,120 [INFO] DbBoardsSqlite:226 - include board P-NUCLEO-WB55-NUCLEO as a kit item of type 'Nucleo-64'
2025-12-17 19:10:21,120 [INFO] DbBoardsSqlite:226 - include board P-NUCLEO-WB55-USBDONGLE as a kit item of type 'Nucleo USB Dongle'
2025-12-17 19:10:21,120 [INFO] DbBoardsSqlite:226 - include board STEVAL-IDP005V1 as a kit item of type 'Evaluation Board'
2025-12-17 19:10:21,121 [INFO] DbBoardsSqlite:226 - include board STEVAL-IDP005V2 as a kit item of type 'Evaluation Board'
2025-12-17 19:10:21,255 [INFO] ApiDb:240 - Found 880 in-development CPN: [B-G473E-ZEST1S, B-WB1M-WPAN1, B-WBA5M-WPAN, B-WL5M-SUBG1, NUCLEO-C031C6, NUCLEO-C051C8, NUCLEO-C071RB, NUCLEO-C092RC, NUCLEO-H503RB, NUCLEO-H533RE, NUCLEO-H563ZI, NUCLEO-H7S3L8, NUCLEO-N657X0-Q, NUCLEO-U031R8, NUCLEO-U083RC, NUCLEO-U385RG-Q, NUCLEO-U545RE-Q, NUCLEO-U5A5ZJ-Q, NUCLEO-WB05KZ, NUCLEO-WB07CC, NUCLEO-WB09KE, NUCLEO-WBA52CG, NUCLEO-WBA55CG, NUCLEO-WL33CC1, NUCLEO-WL33CC2, STEVAL-PROTEUS1, STEVAL-SMARTAG2, STEVAL-STWINBX1, STM320518-EVAL, STM32C0116-DK, STM32C011D6Y3TR, STM32C011D6Y6TR, STM32C011F4P3, STM32C011F4P6, STM32C011F4U3, STM32C011F4U6TR, STM32C011F6P3, STM32C011F6P6, STM32C011F6U3, STM32C011F6U6TR, STM32C011J4M3, STM32C011J4M6, STM32C011J6M3, STM32C011J6M6, STM32C0316-DK, STM32C031C4T3, STM32C031C4T6, STM32C031C4U3, STM32C031C4U6, STM32C031C6T3, STM32C031C6T6, STM32C031C6U3, STM32C031C6U6, STM32C031F4P3, STM32C031F4P6, STM32C031F6P3, STM32C031F6P6, STM32C031G4U3, STM32C031G4U6, STM32C031G6U3, STM32C031G6U6, STM32C031K4T3, STM32C031K4T6, STM32C031K4U3, STM32C031K4U6, STM32C031K6T3, STM32C031K6T6, STM32C031K6U3, STM32C031K6U6, STM32C051C6T6, STM32C051C6U6, STM32C051C8T6, STM32C051C8U6, STM32C051D8Y6TR, STM32C051F6P6, STM32C051F8P6, STM32C051G6U6, STM32C051G8U6, STM32C051K6T6, STM32C051K6U6, STM32C051K8T6, STM32C071C8T6, STM32C071C8T6N, STM32C071C8U6, STM32C071C8U6N, STM32C071CBT6, STM32C071CBT6N, STM32C071CBU6, STM32C071CBU6N, STM32C071F8P6, STM32C071F8P6N, STM32C071FBP6, STM32C071FBP6N, STM32C071FBY6TR, STM32C071G8U6, STM32C071G8U6N, STM32C071GBU6, STM32C071GBU6N, STM32C071K8T6, STM32C071K8T6N, STM32C071K8U6, STM32C071K8U6N, STM32C071KBT6, STM32C071KBT6N, STM32C071KBU6, STM32C071KBU6N, STM32C071R8T6, STM32C071R8T6N, STM32C071RBI6N, STM32C071RBT6, STM32C071RBT6N, STM32C091CBT6, STM32C091CBU6, STM32C091CCT6, STM32C091CCU6, STM32C091ECY6TR, STM32C091FBP6, STM32C091FCP6, STM32C091GBU6, STM32C091GCU6, STM32C091KBT6, STM32C091KBU6, STM32C091KCT6, STM32C091KCU6, STM32C091RBT6, STM32C091RCI6, STM32C091RCT6, STM32C092CBT6, STM32C092CBU6, STM32C092CCT6, STM32C092CCU6, STM32C092ECY6TR, STM32C092FBP6, STM32C092FCP6, STM32C092GBU6, STM32C092GCU6, STM32C092KBT6, STM32C092KBU6, STM32C092KCT6, STM32C092KCU6, STM32C092RBT6, STM32C092RCI6, STM32C092RCT6, STM32G071K8TXN, STM32G071K8UXN, STM32G081GBU6N, STM32G081KBT6N, STM32G081KBUXN, STM32G0B1CCT6N, STM32G0B1KCT6, STM32G0B1NEY6TR, STM32G0B1RCT6N, STM32G0C1CCT6, STM32G0C1CCT6N, STM32G0C1CCU6N, STM32G0C1CET6N, STM32G0C1CEU6N, STM32G0C1KCT6, STM32G0C1NEY6TR, STM32G0C1RCI6N, STM32G0C1RCT6N, STM32G0C1REI6N, STM32G0C1RET6N, STM32G0C1VCI6, STM32G0C1VEI6, STM32G411C6T3, STM32G411C6T6, STM32G411C6U3, STM32G411C6U6, STM32G411C8T3, STM32G411C8T6, STM32G411C8U3, STM32G411C8U6, STM32G411CBT3, STM32G411CBT6, STM32G411CBU3, STM32G411CBU6, STM32G411K6T3, STM32G411K6T6, STM32G411K6U3, STM32G411K6U6, STM32G411K8T3, STM32G411K8T6, STM32G411K8U3, STM32G411K8U6, STM32G411KBT3, STM32G411KBT6, STM32G411KBU3, STM32G411KBU6, STM32G411M6T3, STM32G411M6T6, STM32G411M8T3, STM32G411M8T6, STM32G411MBT3, STM32G411MBT6, STM32G411R6T3, STM32G411R6T6, STM32G411R8T3, STM32G411R8T6, STM32G411RBT3, STM32G411RBT6, STM32G414CBT3, STM32G414CBT6, STM32G414CBU3, STM32G414CBU6, STM32G414CCT3, STM32G414CCT6, STM32G414CCU3, STM32G414CCU6, STM32G414MBT3, STM32G414MBT6, STM32G414MCT3, STM32G414MCT6, STM32G414RBT3, STM32G414RBT6, STM32G414RCT3, STM32G414RCT6, STM32G414VBT3, STM32G414VBT6, STM32G414VCT3, STM32G414VCT6, STM32G431CBT3Z, STM32G431RBT3Z, STM32G471CCT6, STM32G471CCU6, STM32G471CET3, STM32G471CET6, STM32G471CEU3, STM32G471CEU6, STM32G471MCT6, STM32G471MET3, STM32G471MET6, STM32G471MEY6TR, STM32G471QCT6, STM32G471QET3, STM32G471RCT6, STM32G471RET3, STM32G471RET6, STM32G471VCH6, STM32G471VCI6, STM32G471VCT6, STM32G471VEH3, STM32G471VEH6, STM32G471VEI3, STM32G471VEI6, STM32G471VET3, STM32G471VET6, STM32G473QET3Z, STM32G473RET3Z, STM32G474CCT6, STM32G491RET3Z, STM32H503CBT6, STM32H503CBU6, STM32H503EBY6TR, STM32H503KBU6, STM32H503RBT6, STM32H523CCT6, STM32H523CCU6, STM32H523CET6, STM32H523CEU6, STM32H523HEY6TR, STM32H523RCT6, STM32H523RET6, STM32H523VCI6, STM32H523VCT6, STM32H523VEI6, STM32H523VET6, STM32H523ZCJ6, STM32H523ZCT6, STM32H523ZEJ6, STM32H523ZET6, STM32H533CET6, STM32H533CEU6, STM32H533HEY6TR, STM32H533RET6, STM32H533VEI6, STM32H533VET6, STM32H533ZEJ6, STM32H533ZET6, STM32H562AGI6, STM32H562AII6, STM32H562IGK6, STM32H562IGT6, STM32H562IIK6, STM32H562IIT6, STM32H562RGT6, STM32H562RGV6, STM32H562RIT6, STM32H562RIV6, STM32H562VGT6, STM32H562VIT6, STM32H562ZGT6, STM32H562ZIT6, STM32H563AGI6, STM32H563AII3Q, STM32H563AII6, STM32H563IGK6, STM32H563IGT6, STM32H563IIK3Q, STM32H563IIK6, STM32H563IIT3Q, STM32H563IIT6, STM32H563MIY3QTR, STM32H563RGT6, STM32H563RGV6, STM32H563RIT6, STM32H563RIV6, STM32H563VGT6, STM32H563VIT3Q, STM32H563VIT6, STM32H563ZGT6, STM32H563ZIT3Q, STM32H563ZIT6, STM32H573AII3Q, STM32H573AII6, STM32H573I-DK, STM32H573IIK3Q, STM32H573IIK6, STM32H573IIT3Q, STM32H573IIT6, STM32H573MIY3QTR, STM32H573RIT6, STM32H573RIV6, STM32H573VIT3Q, STM32H573VIT6, STM32H573ZIT3Q, STM32H573ZIT6, STM32H7R3A8I6, STM32H7R3I8K6, STM32H7R3I8T6, STM32H7R3L8H6, STM32H7R3L8H6H, STM32H7R3R8V6, STM32H7R3V8H6, STM32H7R3V8T6, STM32H7R3V8Y6TR, STM32H7R3Z8J6, STM32H7R3Z8T6, STM32H7R7A8I6, STM32H7R7I8K6, STM32H7R7I8T6, STM32H7R7L8H6, STM32H7R7L8H6H, STM32H7R7Z8J6, STM32H7S3A8I6, STM32H7S3I8K6, STM32H7S3I8T6, STM32H7S3L8H6, STM32H7S3L8H6H, STM32H7S3R8V6, STM32H7S3V8H6, STM32H7S3V8T6, STM32H7S3V8Y6TR, STM32H7S3Z8J6, STM32H7S3Z8T6, STM32H7S78-DK, STM32H7S7A8I6, STM32H7S7I8K6, STM32H7S7I8T6, STM32H7S7L8H6, STM32H7S7L8H6H, STM32H7S7Z8J6, STM32L4R5QGI6STR, STM32MP131AAE3, STM32MP131AAF3, STM32MP131AAG3, STM32MP131CAE3, STM32MP131CAF3, STM32MP131CAG3, STM32MP131DAE7, STM32MP131DAF7, STM32MP131DAG7, STM32MP131FAE7, STM32MP131FAF7, STM32MP131FAG7, STM32MP133AAE3, STM32MP133AAF3, STM32MP133AAG3, STM32MP133CAE3, STM32MP133CAF3, STM32MP133CAG3, STM32MP133DAE7, STM32MP133DAF7, STM32MP133DAG7, STM32MP133FAE7, STM32MP133FAF7, STM32MP133FAG7, STM32MP135AAE3, STM32MP135AAF3, STM32MP135AAG3, STM32MP135CAE3, STM32MP135CAF3, STM32MP135CAG3, STM32MP135DAE7, STM32MP135DAF7, STM32MP135DAG7, STM32MP135F-DK, STM32MP135FAE7, STM32MP135FAF7, STM32MP135FAF7T, STM32MP135FAF7U, STM32MP135FAG7, STM32MP211AAL3, STM32MP211AAM3, STM32MP211AAN3, STM32MP211AAO3, STM32MP211CAL3, STM32MP211CAM3, STM32MP211CAN3, STM32MP211CAO3, STM32MP211DAL3, STM32MP211DAM3, STM32MP211DAN3, STM32MP211DAO3, STM32MP211FAL3, STM32MP211FAM3, STM32MP211FAN3, STM32MP211FAO3, STM32MP213AAL3, STM32MP213AAM3, STM32MP213AAN3, STM32MP213AAO3, STM32MP213CAL3, STM32MP213CAM3, STM32MP213CAN3, STM32MP213CAO3, STM32MP213DAL3, STM32MP213DAM3, STM32MP213DAN3, STM32MP213DAO3, STM32MP213FAL3, STM32MP213FAM3, STM32MP213FAN3, STM32MP213FAO3, STM32MP215AAL3, STM32MP215AAM3, STM32MP215AAN3, STM32MP215AAO3, STM32MP215CAL3, STM32MP215CAM3, STM32MP215CAN3, STM32MP215CAO3, STM32MP215DAL3, STM32MP215DAM3, STM32MP215DAN3, STM32MP215DAO3, STM32MP215F-DK, STM32MP215FAL3, STM32MP215FAM3, STM32MP215FAN3, STM32MP215FAO3, STM32MP231AAJ3, STM32MP231AAK3, STM32MP231AAL3, STM32MP231CAJ3, STM32MP231CAK3, STM32MP231CAL3, STM32MP231DAJ3, STM32MP231DAK3, STM32MP231DAL3, STM32MP231FAJ3, STM32MP231FAK3, STM32MP231FAL3, STM32MP233AAJ3, STM32MP233AAK3, STM32MP233AAL3, STM32MP233CAJ3, STM32MP233CAK3, STM32MP233CAL3, STM32MP233DAJ3, STM32MP233DAK3, STM32MP233DAL3, STM32MP233FAJ3, STM32MP233FAK3, STM32MP233FAL3, STM32MP235AAJ3, STM32MP235AAK3, STM32MP235AAL3, STM32MP235CAJ3, STM32MP235CAK3, STM32MP235CAL3, STM32MP235DAJ3, STM32MP235DAK3, STM32MP235DAL3, STM32MP235FAJ3, STM32MP235FAK3, STM32MP235FAL3, STM32MP251AAI3, STM32MP251AAK3, STM32MP251AAL3, STM32MP251CAI3, STM32MP251CAK3, STM32MP251CAL3, STM32MP251DAI3, STM32MP251DAK3, STM32MP251DAL3, STM32MP251FAI3, STM32MP251FAK3, STM32MP251FAL3, STM32MP253AAI3, STM32MP253AAK3, STM32MP253AAL3, STM32MP253CAI3, STM32MP253CAK3, STM32MP253CAL3, STM32MP253DAI3, STM32MP253DAK3, STM32MP253DAL3, STM32MP253FAI3, STM32MP253FAK3, STM32MP253FAL3, STM32MP255AAI3, STM32MP255AAK3, STM32MP255AAL3, STM32MP255CAI3, STM32MP255CAK3, STM32MP255CAL3, STM32MP255DAI3, STM32MP255DAK3, STM32MP255DAL3, STM32MP255FAI3, STM32MP255FAK3, STM32MP255FAL3, STM32MP257AAI3, STM32MP257AAK3, STM32MP257AAL3, STM32MP257CAI3, STM32MP257CAK3, STM32MP257CAL3, STM32MP257DAI3, STM32MP257DAK3, STM32MP257DAL3, STM32MP257F-DK, STM32MP257F-EV1, STM32MP257FAI3, STM32MP257FAK3, STM32MP257FAL3, STM32N645A0H3Q, STM32N645B0H3Q, STM32N645I0H3Q, STM32N645L0H3Q, STM32N645X0H3Q, STM32N645Z0H3Q, STM32N647A0H3Q, STM32N647B0H3Q, STM32N647I0H3Q, STM32N647L0H3Q, STM32N647X0H3Q, STM32N647Z0H3Q, STM32N655A0H3Q, STM32N655B0H3Q, STM32N655I0H3Q, STM32N655L0H3Q, STM32N655X0H3Q, STM32N655Z0H3Q, STM32N6570-DK, STM32N657A0H3Q, STM32N657B0H3Q, STM32N657I0H3Q, STM32N657L0H3Q, STM32N657X0H3Q, STM32N657Z0H3Q, STM32U031C6T6, STM32U031C6U6, STM32U031C8T6, STM32U031C8U6, STM32U031F4P6, STM32U031F6P6, STM32U031F8P6, STM32U031G6Y6TR, STM32U031G8Y6TR, STM32U031K4U6, STM32U031K6U6, STM32U031K8U6, STM32U031R6I6, STM32U031R6T6, STM32U031R8I6, STM32U031R8T6, STM32U073C8T6, STM32U073C8U6, STM32U073CBT6, STM32U073CBU6, STM32U073CCT6, STM32U073CCU6, STM32U073H8Y6TR, STM32U073HBY6TR, STM32U073HCY6TR, STM32U073K8U6, STM32U073KBU6, STM32U073KCU6, STM32U073M8I6, STM32U073M8T6, STM32U073MBI6, STM32U073MBT6, STM32U073MCI6, STM32U073MCT6, STM32U073R8I6, STM32U073R8T6, STM32U073RBI6, STM32U073RBT6, STM32U073RCI6, STM32U073RCT6, STM32U083C-DK, STM32U083CCT6, STM32U083CCU6, STM32U083HCY6TR, STM32U083KCU6, STM32U083MCI6, STM32U083MCT6, STM32U083RCI6, STM32U083RCT6, STM32U375CET6, STM32U375CET6Q, STM32U375CEU6, STM32U375CEU6Q, STM32U375CEY6QTR, STM32U375CGT6, STM32U375CGT6Q, STM32U375CGU6, STM32U375CGU6Q, STM32U375CGY6QTR, STM32U375KEU6, STM32U375KGU6, STM32U375REI6, STM32U375REI6Q, STM32U375RET6, STM32U375RET6Q, STM32U375REY6GTR, STM32U375REY6QTR, STM32U375RGI6, STM32U375RGI6Q, STM32U375RGT6, STM32U375RGT6Q, STM32U375RGY6GTR, STM32U375RGY6QTR, STM32U375VEI6, STM32U375VEI6Q, STM32U375VET6, STM32U375VET6Q, STM32U375VGI6, STM32U375VGI6Q, STM32U375VGT6, STM32U375VGT6Q, STM32U385CGT6, STM32U385CGT6Q, STM32U385CGU6, STM32U385CGU6Q, STM32U385CGY6QTR, STM32U385KGU6, STM32U385RGI6, STM32U385RGI6Q, STM32U385RGT6, STM32U385RGT6Q, STM32U385RGY6GTR, STM32U385RGY6QTR, STM32U385VGI6, STM32U385VGI6Q, STM32U385VGT6, STM32U385VGT6Q, STM32U535CBT6, STM32U535CBT6Q, STM32U535CBU6, STM32U535CBU6Q, STM32U535CCT6, STM32U535CCT6Q, STM32U535CCU6, STM32U535CCU6Q, STM32U535CET6, STM32U535CET6Q, STM32U535CEU6, STM32U535CEU6Q, STM32U535JEY6QTR, STM32U535NCY6QTR, STM32U535NEY6QTR, STM32U535RBI6, STM32U535RBI6Q, STM32U535RBT6, STM32U535RBT6Q, STM32U535RCI6, STM32U535RCI6Q, STM32U535RCT6, STM32U535RCT6Q, STM32U535REI6, STM32U535REI6Q, STM32U535RET6, STM32U535RET6Q, STM32U535VCI6, STM32U535VCI6Q, STM32U535VCT6, STM32U535VCT6Q, STM32U535VEI6, STM32U535VEI6Q, STM32U535VET6, STM32U535VET6Q, STM32U545CET6, STM32U545CET6Q, STM32U545CEU6, STM32U545CEU6Q, STM32U545JEY6QTR, STM32U545NEY6QTR, STM32U545REI6, STM32U545REI6Q, STM32U545RET6, STM32U545RET6Q, STM32U545VEI6, STM32U545VEI6Q, STM32U545VET6, STM32U545VET6Q, STM32U595AIH6, STM32U595AIH6Q, STM32U595AJH6, STM32U595AJH6Q, STM32U595QII6, STM32U595QII6Q, STM32U595QJI6, STM32U595QJI6Q, STM32U595RIT6, STM32U595RIT6Q, STM32U595RJT6, STM32U595RJT6Q, STM32U595VIT6, STM32U595VIT6Q, STM32U595VJT6, STM32U595VJT6Q, STM32U595ZIT6, STM32U595ZIT6Q, STM32U595ZIY6QTR, STM32U595ZJT6, STM32U595ZJT6Q, STM32U595ZJY6QTR, STM32U599BJY6QTR, STM32U599NIH6Q, STM32U599NJH6Q, STM32U599VIT6Q, STM32U599VJT6, STM32U599VJT6Q, STM32U599ZIT6Q, STM32U599ZIY6QTR, STM32U599ZJT6Q, STM32U599ZJY6QTR, STM32U5A5AJH6, STM32U5A5AJH6Q, STM32U5A5QII3Q , STM32U5A5QJI6, STM32U5A5QJI6Q, STM32U5A5RJT6, STM32U5A5RJT6Q, STM32U5A5VJT6, STM32U5A5VJT6Q, STM32U5A5ZJT6, STM32U5A5ZJT6Q, STM32U5A5ZJY6QTR, STM32U5A9BJY6QTR, STM32U5A9J-DK, STM32U5A9NJH6Q, STM32U5A9VJT6Q, STM32U5A9ZJT6Q, STM32U5A9ZJY6QTR, STM32U5F7VIT6, STM32U5F7VIT6Q, STM32U5F7VJT6, STM32U5F7VJT6Q, STM32U5F9BJY6QTR, STM32U5F9NJH6Q, STM32U5F9VIT6Q, STM32U5F9VJT6Q, STM32U5F9ZIJ6QTR, STM32U5F9ZIT6Q, STM32U5F9ZJJ6QTR, STM32U5F9ZJT6Q, STM32U5G7VJT6, STM32U5G7VJT6Q, STM32U5G9BJY6QTR, STM32U5G9J-DK1, STM32U5G9J-DK2, STM32U5G9NJH6Q, STM32U5G9VJT6Q, STM32U5G9ZJJ6QTR, STM32U5G9ZJT6Q, STM32WB05KZV6TR, STM32WB05KZV7TR, STM32WB05TZF6TR, STM32WB05TZF7TR, STM32WB06CCF6TR, STM32WB06CCF7TR, STM32WB06CCV6TR, STM32WB06CCV7TR, STM32WB06KCV6TR, STM32WB06KCV7TR, STM32WB07CCF6TR, STM32WB07CCF7TR, STM32WB07CCV6TR, STM32WB07CCV7TR, STM32WB07KCV6TR, STM32WB07KCV7TR, STM32WB09KEV6TR, STM32WB09KEV7TR, STM32WB09TEF6TR, STM32WB09TEF7TR, STM32WB1MMCH6, STM32WBA50KGU6, STM32WBA50KGU6TR, STM32WBA52CEU6, STM32WBA52CEU6TR, STM32WBA52CEU7, STM32WBA52CEU7TR, STM32WBA52CGU6, STM32WBA52CGU6TR, STM32WBA52CGU6U, STM32WBA52CGU7, STM32WBA52CGU7TR, STM32WBA52KEU6, STM32WBA52KEU6TR, STM32WBA52KGU6, STM32WBA52KGU6TR, STM32WBA54CEU6, STM32WBA54CEU6TR, STM32WBA54CEU7, STM32WBA54CEU7TR, STM32WBA54CGU6, STM32WBA54CGU6TR, STM32WBA54CGU7, STM32WBA54CGU7TR, STM32WBA54KEU6, STM32WBA54KEU6TR, STM32WBA54KEU7, STM32WBA54KEU7TR, STM32WBA54KGU6, STM32WBA54KGU6TR, STM32WBA54KGU7, STM32WBA54KGU7TR, STM32WBA55CEU6, STM32WBA55CEU6TR, STM32WBA55CEU7, STM32WBA55CEU7TR, STM32WBA55CGU6, STM32WBA55CGU6TR, STM32WBA55CGU6U, STM32WBA55CGU7, STM32WBA55CGU7TR, STM32WBA55G-DK1, STM32WBA55HEF6, STM32WBA55HEF7, STM32WBA55HGF6, STM32WBA55HGF7, STM32WBA55UEI6, STM32WBA55UEI6TR, STM32WBA55UEI7, STM32WBA55UEI7TR, STM32WBA55UGI6, STM32WBA55UGI6TR, STM32WBA55UGI7, STM32WBA55UGI7TR, STM32WBA5MMGH6TR, STM32WBA62MGF6, STM32WBA62MIF6, STM32WBA65MGF7, STM32WBA65MIF6, STM32WBA65MIF7, STM32WL30K8V6, STM32WL30KBV6, STM32WL31C8V6, STM32WL31CBV6, STM32WL31K8V6, STM32WL31KBV6, STM32WL33C8V6, STM32WL33C8V6X, STM32WL33CBV6, STM32WL33CBV6X, STM32WL33CCV6, STM32WL33CCV6A, STM32WL33CCV6X, STM32WL33K8V7, STM32WL33K8V7X, STM32WL33KBV7 , STM32WL33KBV7X, STM32WL33KCV7, STM32WL33KCV7X, STM32WL5MOCH6, STM32WL5MOCH6TR]
2025-12-17 19:10:21,612 [ERROR] LogOutputStream:75 - [STDERR_REDIRECT] [Fatal Error] :1:1: Premature end of file.
2025-12-17 19:10:21,612 [ERROR] LogOutputStream:75 - [STDERR_REDIRECT] 
2025-12-17 19:10:21,644 [INFO] BoardInfo:889 - No configuration file found for board P-NUCLEO-WB55
2025-12-17 19:10:21,647 [INFO] DbBoards:161 - Kit is not supported: P-NUCLEO-WB55
2025-12-17 19:10:21,657 [INFO] BoardInfo:889 - No configuration file found for board STEVAL-BFA001V1B
2025-12-17 19:10:21,660 [INFO] DbBoards:161 - Kit is not supported: STEVAL-BFA001V1B
2025-12-17 19:10:21,661 [INFO] BoardInfo:889 - No configuration file found for board STEVAL-BFA001V2B
2025-12-17 19:10:21,663 [INFO] DbBoards:161 - Kit is not supported: STEVAL-BFA001V2B
2025-12-17 19:10:22,002 [INFO] DbBoards:168 - Found 212 boards, 209 are supported
2025-12-17 19:10:22,002 [INFO] DbBoards:169 - Found 212 boards, 43 of them is supported for  Bsp
2025-12-17 19:10:22,006 [INFO] ApiDb:423 - Load user favorites file C:\Users\megha/.stm32cubeide/favorites.boards.txt: 0 item(s)
2025-12-17 19:10:22,006 [INFO] ApiDb:427 - User favorites Boards=[]
2025-12-17 19:10:22,006 [INFO] DbBoards:198 - Set 0 / 0 favorites Boards
2025-12-17 19:10:22,007 [INFO] McuFinderGlobals:76 - Set McuFinderConnectedMode to true
2025-12-17 19:10:22,027 [INFO] MultiScanPanel:200 - Auto-refresh data requested => check proxy status ongoing
2025-12-17 19:10:22,031 [INFO] FinderPluginLoader:96 - Searching for filters in installed packs
2025-12-17 19:10:22,612 [ERROR] LogOutputStream:75 - [STDERR_REDIRECT] [Fatal Error] :1:1: Premature end of file.
2025-12-17 19:10:22,612 [ERROR] LogOutputStream:75 - [STDERR_REDIRECT] 
2025-12-17 19:10:23,620 [ERROR] LogOutputStream:75 - [STDERR_REDIRECT] [Fatal Error] :1:1: Premature end of file.
2025-12-17 19:10:23,621 [ERROR] LogOutputStream:75 - [STDERR_REDIRECT] 
2025-12-17 19:10:23,906 [INFO] LoadUrlFilesThread:185 - End of LoadServerUrlFiles without Thread
2025-12-17 19:10:23,941 [INFO] DetailPanel:341 - Set advertising image to C:/Users/megha/STM32Cube/Repository/\en.prom-st67w-expansion-board.png
2025-12-17 19:10:24,617 [ERROR] LogOutputStream:75 - [STDERR_REDIRECT] [Fatal Error] :1:1: Premature end of file.
2025-12-17 19:10:24,618 [ERROR] LogOutputStream:75 - [STDERR_REDIRECT] 
2025-12-17 19:10:25,647 [ERROR] LogOutputStream:75 - [STDERR_REDIRECT] [Fatal Error] :1:1: Premature end of file.
2025-12-17 19:10:25,648 [ERROR] LogOutputStream:75 - [STDERR_REDIRECT] 
2025-12-17 19:10:26,611 [ERROR] LogOutputStream:75 - [STDERR_REDIRECT] [Fatal Error] :1:1: Premature end of file.
2025-12-17 19:10:26,612 [ERROR] LogOutputStream:75 - [STDERR_REDIRECT] 
2025-12-17 19:10:27,606 [ERROR] LogOutputStream:75 - [STDERR_REDIRECT] [Fatal Error] :1:1: Premature end of file.
2025-12-17 19:10:27,606 [ERROR] LogOutputStream:75 - [STDERR_REDIRECT] 
2025-12-17 19:10:27,877 [INFO] MultiScanPanel:200 - Auto-refresh data requested => check proxy status ongoing
2025-12-17 19:10:28,021 [INFO] LoadUrlFilesThread:185 - End of LoadServerUrlFiles without Thread
2025-12-17 19:10:28,021 [INFO] DetailPanel:341 - Set advertising image to C:/Users/megha/STM32Cube/Repository/\en.prom-st67w-expansion-board.png
2025-12-17 19:10:28,034 [INFO] DbBoards:642 - Loading board mini-images...
2025-12-17 19:10:28,605 [ERROR] LogOutputStream:75 - [STDERR_REDIRECT] [Fatal Error] :1:1: Premature end of file.
2025-12-17 19:10:28,605 [ERROR] LogOutputStream:75 - [STDERR_REDIRECT] 
2025-12-17 19:10:29,605 [ERROR] LogOutputStream:75 - [STDERR_REDIRECT] [Fatal Error] :1:1: Premature end of file.
2025-12-17 19:10:29,605 [ERROR] LogOutputStream:75 - [STDERR_REDIRECT] 
2025-12-17 19:10:30,504 [ERROR] DbBoards:659 - Image file not found for board STM32MP215F-DK: C:\Users\megha\.stmcufinder\plugins\mcufinder//mcu//boards_images/STM32MP215F-DK.jpg
2025-12-17 19:10:30,640 [ERROR] LogOutputStream:75 - [STDERR_REDIRECT] [Fatal Error] :1:1: Premature end of file.
2025-12-17 19:10:30,640 [ERROR] LogOutputStream:75 - [STDERR_REDIRECT] 
2025-12-17 19:10:31,041 [INFO] DbBoards:665 - Loaded 211 board mini-images
2025-12-17 19:10:31,603 [ERROR] LogOutputStream:75 - [STDERR_REDIRECT] [Fatal Error] :1:1: Premature end of file.
2025-12-17 19:10:31,605 [ERROR] LogOutputStream:75 - [STDERR_REDIRECT] 
2025-12-17 19:10:32,624 [ERROR] LogOutputStream:75 - [STDERR_REDIRECT] [Fatal Error] :1:1: Premature end of file.
2025-12-17 19:10:32,624 [ERROR] LogOutputStream:75 - [STDERR_REDIRECT] 
2025-12-17 19:10:33,624 [ERROR] LogOutputStream:75 - [STDERR_REDIRECT] [Fatal Error] :1:1: Premature end of file.
2025-12-17 19:10:33,624 [ERROR] LogOutputStream:75 - [STDERR_REDIRECT] 
2025-12-17 19:10:34,622 [ERROR] LogOutputStream:75 - [STDERR_REDIRECT] [Fatal Error] :1:1: Premature end of file.
2025-12-17 19:10:34,622 [ERROR] LogOutputStream:75 - [STDERR_REDIRECT] 
2025-12-17 19:10:35,625 [ERROR] LogOutputStream:75 - [STDERR_REDIRECT] [Fatal Error] :1:1: Premature end of file.
2025-12-17 19:10:35,626 [ERROR] LogOutputStream:75 - [STDERR_REDIRECT] 
2025-12-17 19:10:36,623 [ERROR] LogOutputStream:75 - [STDERR_REDIRECT] [Fatal Error] :1:1: Premature end of file.
2025-12-17 19:10:36,623 [ERROR] LogOutputStream:75 - [STDERR_REDIRECT] 
2025-12-17 19:10:37,623 [ERROR] LogOutputStream:75 - [STDERR_REDIRECT] [Fatal Error] :1:1: Premature end of file.
2025-12-17 19:10:37,623 [ERROR] LogOutputStream:75 - [STDERR_REDIRECT] 
2025-12-17 19:10:38,624 [ERROR] LogOutputStream:75 - [STDERR_REDIRECT] [Fatal Error] :1:1: Premature end of file.
2025-12-17 19:10:38,624 [ERROR] LogOutputStream:75 - [STDERR_REDIRECT] 
2025-12-17 19:10:39,624 [ERROR] LogOutputStream:75 - [STDERR_REDIRECT] [Fatal Error] :1:1: Premature end of file.
2025-12-17 19:10:39,624 [ERROR] LogOutputStream:75 - [STDERR_REDIRECT] 
2025-12-17 19:10:40,623 [ERROR] LogOutputStream:75 - [STDERR_REDIRECT] [Fatal Error] :1:1: Premature end of file.
2025-12-17 19:10:40,623 [ERROR] LogOutputStream:75 - [STDERR_REDIRECT] 
2025-12-17 19:10:41,623 [ERROR] LogOutputStream:75 - [STDERR_REDIRECT] [Fatal Error] :1:1: Premature end of file.
2025-12-17 19:10:41,625 [ERROR] LogOutputStream:75 - [STDERR_REDIRECT] 
2025-12-17 19:10:42,622 [ERROR] LogOutputStream:75 - [STDERR_REDIRECT] [Fatal Error] :1:1: Premature end of file.
2025-12-17 19:10:42,622 [ERROR] LogOutputStream:75 - [STDERR_REDIRECT] 
2025-12-17 19:10:43,622 [ERROR] LogOutputStream:75 - [STDERR_REDIRECT] [Fatal Error] :1:1: Premature end of file.
2025-12-17 19:10:43,622 [ERROR] LogOutputStream:75 - [STDERR_REDIRECT] 
2025-12-17 19:10:44,622 [ERROR] LogOutputStream:75 - [STDERR_REDIRECT] [Fatal Error] :1:1: Premature end of file.
2025-12-17 19:10:44,622 [ERROR] LogOutputStream:75 - [STDERR_REDIRECT] 
2025-12-17 19:10:45,624 [ERROR] LogOutputStream:75 - [STDERR_REDIRECT] [Fatal Error] :1:1: Premature end of file.
2025-12-17 19:10:45,624 [ERROR] LogOutputStream:75 - [STDERR_REDIRECT] 
2025-12-17 19:10:46,624 [ERROR] LogOutputStream:75 - [STDERR_REDIRECT] [Fatal Error] :1:1: Premature end of file.
2025-12-17 19:10:46,624 [ERROR] LogOutputStream:75 - [STDERR_REDIRECT] 
2025-12-17 19:10:47,635 [ERROR] LogOutputStream:75 - [STDERR_REDIRECT] [Fatal Error] :1:1: Premature end of file.
2025-12-17 19:10:47,635 [ERROR] LogOutputStream:75 - [STDERR_REDIRECT] 
2025-12-17 19:10:48,621 [ERROR] LogOutputStream:75 - [STDERR_REDIRECT] [Fatal Error] :1:1: Premature end of file.
2025-12-17 19:10:48,621 [ERROR] LogOutputStream:75 - [STDERR_REDIRECT] 
2025-12-17 19:10:49,621 [ERROR] LogOutputStream:75 - [STDERR_REDIRECT] [Fatal Error] :1:1: Premature end of file.
2025-12-17 19:10:49,621 [ERROR] LogOutputStream:75 - [STDERR_REDIRECT] 
2025-12-17 19:10:50,627 [ERROR] LogOutputStream:75 - [STDERR_REDIRECT] [Fatal Error] :1:1: Premature end of file.
2025-12-17 19:10:50,627 [ERROR] LogOutputStream:75 - [STDERR_REDIRECT] 
2025-12-17 19:10:51,628 [ERROR] LogOutputStream:75 - [STDERR_REDIRECT] [Fatal Error] :1:1: Premature end of file.
2025-12-17 19:10:51,629 [ERROR] LogOutputStream:75 - [STDERR_REDIRECT] 
2025-12-17 19:10:52,644 [ERROR] LogOutputStream:75 - [STDERR_REDIRECT] [Fatal Error] :1:1: Premature end of file.
2025-12-17 19:10:52,644 [ERROR] LogOutputStream:75 - [STDERR_REDIRECT] 
2025-12-17 19:10:53,624 [ERROR] LogOutputStream:75 - [STDERR_REDIRECT] [Fatal Error] :1:1: Premature end of file.
2025-12-17 19:10:53,624 [ERROR] LogOutputStream:75 - [STDERR_REDIRECT] 
2025-12-17 19:10:54,625 [ERROR] LogOutputStream:75 - [STDERR_REDIRECT] [Fatal Error] :1:1: Premature end of file.
2025-12-17 19:10:54,625 [ERROR] LogOutputStream:75 - [STDERR_REDIRECT] 
2025-12-17 19:10:55,649 [ERROR] LogOutputStream:75 - [STDERR_REDIRECT] [Fatal Error] :1:1: Premature end of file.
2025-12-17 19:10:55,650 [ERROR] LogOutputStream:75 - [STDERR_REDIRECT] 
2025-12-17 19:10:56,628 [ERROR] LogOutputStream:75 - [STDERR_REDIRECT] [Fatal Error] :1:1: Premature end of file.
2025-12-17 19:10:56,628 [ERROR] LogOutputStream:75 - [STDERR_REDIRECT] 
2025-12-17 19:10:57,626 [ERROR] LogOutputStream:75 - [STDERR_REDIRECT] [Fatal Error] :1:1: Premature end of file.
2025-12-17 19:10:57,626 [ERROR] LogOutputStream:75 - [STDERR_REDIRECT] 
2025-12-17 19:10:58,641 [ERROR] LogOutputStream:75 - [STDERR_REDIRECT] [Fatal Error] :1:1: Premature end of file.
2025-12-17 19:10:58,642 [ERROR] LogOutputStream:75 - [STDERR_REDIRECT] 
2025-12-17 19:10:59,624 [ERROR] LogOutputStream:75 - [STDERR_REDIRECT] [Fatal Error] :1:1: Premature end of file.
2025-12-17 19:10:59,624 [ERROR] LogOutputStream:75 - [STDERR_REDIRECT] 
2025-12-17 19:11:00,621 [ERROR] LogOutputStream:75 - [STDERR_REDIRECT] [Fatal Error] :1:1: Premature end of file.
2025-12-17 19:11:00,622 [ERROR] LogOutputStream:75 - [STDERR_REDIRECT] 
2025-12-17 19:11:01,622 [ERROR] LogOutputStream:75 - [STDERR_REDIRECT] [Fatal Error] :1:1: Premature end of file.
2025-12-17 19:11:01,622 [ERROR] LogOutputStream:75 - [STDERR_REDIRECT] 
2025-12-17 19:11:02,622 [ERROR] LogOutputStream:75 - [STDERR_REDIRECT] [Fatal Error] :1:1: Premature end of file.
2025-12-17 19:11:02,622 [ERROR] LogOutputStream:75 - [STDERR_REDIRECT] 
2025-12-17 19:11:03,622 [ERROR] LogOutputStream:75 - [STDERR_REDIRECT] [Fatal Error] :1:1: Premature end of file.
2025-12-17 19:11:03,622 [ERROR] LogOutputStream:75 - [STDERR_REDIRECT] 
2025-12-17 19:11:04,623 [ERROR] LogOutputStream:75 - [STDERR_REDIRECT] [Fatal Error] :1:1: Premature end of file.
2025-12-17 19:11:04,624 [ERROR] LogOutputStream:75 - [STDERR_REDIRECT] 
2025-12-17 19:11:05,623 [ERROR] LogOutputStream:75 - [STDERR_REDIRECT] [Fatal Error] :1:1: Premature end of file.
2025-12-17 19:11:05,624 [ERROR] LogOutputStream:75 - [STDERR_REDIRECT] 
2025-12-17 19:11:06,623 [ERROR] LogOutputStream:75 - [STDERR_REDIRECT] [Fatal Error] :1:1: Premature end of file.
2025-12-17 19:11:06,624 [ERROR] LogOutputStream:75 - [STDERR_REDIRECT] 
2025-12-17 19:11:07,624 [ERROR] LogOutputStream:75 - [STDERR_REDIRECT] [Fatal Error] :1:1: Premature end of file.
2025-12-17 19:11:07,624 [ERROR] LogOutputStream:75 - [STDERR_REDIRECT] 
2025-12-17 19:11:08,624 [ERROR] LogOutputStream:75 - [STDERR_REDIRECT] [Fatal Error] :1:1: Premature end of file.
2025-12-17 19:11:08,624 [ERROR] LogOutputStream:75 - [STDERR_REDIRECT] 
2025-12-17 19:11:09,622 [ERROR] LogOutputStream:75 - [STDERR_REDIRECT] [Fatal Error] :1:1: Premature end of file.
2025-12-17 19:11:09,622 [ERROR] LogOutputStream:75 - [STDERR_REDIRECT] 
2025-12-17 19:11:10,623 [ERROR] LogOutputStream:75 - [STDERR_REDIRECT] [Fatal Error] :1:1: Premature end of file.
2025-12-17 19:11:10,623 [ERROR] LogOutputStream:75 - [STDERR_REDIRECT] 
2025-12-17 19:11:11,624 [ERROR] LogOutputStream:75 - [STDERR_REDIRECT] [Fatal Error] :1:1: Premature end of file.
2025-12-17 19:11:11,624 [ERROR] LogOutputStream:75 - [STDERR_REDIRECT] 
2025-12-17 19:11:12,623 [ERROR] LogOutputStream:75 - [STDERR_REDIRECT] [Fatal Error] :1:1: Premature end of file.
2025-12-17 19:11:12,623 [ERROR] LogOutputStream:75 - [STDERR_REDIRECT] 
2025-12-17 19:11:13,623 [ERROR] LogOutputStream:75 - [STDERR_REDIRECT] [Fatal Error] :1:1: Premature end of file.
2025-12-17 19:11:13,623 [ERROR] LogOutputStream:75 - [STDERR_REDIRECT] 
2025-12-17 19:11:14,643 [ERROR] LogOutputStream:75 - [STDERR_REDIRECT] [Fatal Error] :1:1: Premature end of file.
2025-12-17 19:11:14,643 [ERROR] LogOutputStream:75 - [STDERR_REDIRECT] 
2025-12-17 19:11:15,612 [ERROR] LogOutputStream:75 - [STDERR_REDIRECT] [Fatal Error] :1:1: Premature end of file.
2025-12-17 19:11:15,612 [ERROR] LogOutputStream:75 - [STDERR_REDIRECT] 
2025-12-17 19:11:16,634 [ERROR] LogOutputStream:75 - [STDERR_REDIRECT] [Fatal Error] :1:1: Premature end of file.
2025-12-17 19:11:16,635 [ERROR] LogOutputStream:75 - [STDERR_REDIRECT] 
2025-12-17 19:11:17,621 [ERROR] LogOutputStream:75 - [STDERR_REDIRECT] [Fatal Error] :1:1: Premature end of file.
2025-12-17 19:11:17,621 [ERROR] LogOutputStream:75 - [STDERR_REDIRECT] 
2025-12-17 19:11:18,611 [ERROR] LogOutputStream:75 - [STDERR_REDIRECT] [Fatal Error] :1:1: Premature end of file.
2025-12-17 19:11:18,611 [ERROR] LogOutputStream:75 - [STDERR_REDIRECT] 
2025-12-17 19:11:19,077 [INFO] McuFinderGlobals:76 - Set McuFinderConnectedMode to true
2025-12-17 19:11:19,080 [INFO] ApiDb:448 - Save user favorites file C:\Users\megha/.stm32cubeide/favorites.mcus.txt: 0 item(s)
2025-12-17 19:11:19,080 [INFO] ApiDb:452 - User favorites MCUs=[]
2025-12-17 19:11:19,082 [INFO] ApiDb:448 - Save user favorites file C:\Users\megha/.stm32cubeide/favorites.boards.txt: 0 item(s)
2025-12-17 19:11:19,082 [INFO] ApiDb:452 - User favorites Boards=[]
2025-12-17 19:11:19,620 [ERROR] LogOutputStream:75 - [STDERR_REDIRECT] [Fatal Error] :1:1: Premature end of file.
2025-12-17 19:11:19,620 [ERROR] LogOutputStream:75 - [STDERR_REDIRECT] 
2025-12-17 19:11:20,623 [ERROR] LogOutputStream:75 - [STDERR_REDIRECT] [Fatal Error] :1:1: Premature end of file.
2025-12-17 19:11:20,623 [ERROR] LogOutputStream:75 - [STDERR_REDIRECT] 
2025-12-17 19:11:21,624 [ERROR] LogOutputStream:75 - [STDERR_REDIRECT] [Fatal Error] :1:1: Premature end of file.
2025-12-17 19:11:21,624 [ERROR] LogOutputStream:75 - [STDERR_REDIRECT] 
2025-12-17 19:11:22,622 [ERROR] LogOutputStream:75 - [STDERR_REDIRECT] [Fatal Error] :1:1: Premature end of file.
2025-12-17 19:11:22,622 [ERROR] LogOutputStream:75 - [STDERR_REDIRECT] 
2025-12-17 19:11:23,622 [ERROR] LogOutputStream:75 - [STDERR_REDIRECT] [Fatal Error] :1:1: Premature end of file.
2025-12-17 19:11:23,622 [ERROR] LogOutputStream:75 - [STDERR_REDIRECT] 
2025-12-17 19:11:24,622 [ERROR] LogOutputStream:75 - [STDERR_REDIRECT] [Fatal Error] :1:1: Premature end of file.
2025-12-17 19:11:24,622 [ERROR] LogOutputStream:75 - [STDERR_REDIRECT] 
2025-12-17 19:11:25,623 [ERROR] LogOutputStream:75 - [STDERR_REDIRECT] [Fatal Error] :1:1: Premature end of file.
2025-12-17 19:11:25,623 [ERROR] LogOutputStream:75 - [STDERR_REDIRECT] 
2025-12-17 19:11:26,623 [ERROR] LogOutputStream:75 - [STDERR_REDIRECT] [Fatal Error] :1:1: Premature end of file.
2025-12-17 19:11:26,624 [ERROR] LogOutputStream:75 - [STDERR_REDIRECT] 
2025-12-17 19:11:27,621 [ERROR] LogOutputStream:75 - [STDERR_REDIRECT] [Fatal Error] :1:1: Premature end of file.
2025-12-17 19:11:27,621 [ERROR] LogOutputStream:75 - [STDERR_REDIRECT] 
2025-12-17 19:11:28,625 [ERROR] LogOutputStream:75 - [STDERR_REDIRECT] [Fatal Error] :1:1: Premature end of file.
2025-12-17 19:11:28,625 [ERROR] LogOutputStream:75 - [STDERR_REDIRECT] 
2025-12-17 19:11:29,622 [ERROR] LogOutputStream:75 - [STDERR_REDIRECT] [Fatal Error] :1:1: Premature end of file.
2025-12-17 19:11:29,622 [ERROR] LogOutputStream:75 - [STDERR_REDIRECT] 
2025-12-17 19:11:30,623 [ERROR] LogOutputStream:75 - [STDERR_REDIRECT] [Fatal Error] :1:1: Premature end of file.
2025-12-17 19:11:30,624 [ERROR] LogOutputStream:75 - [STDERR_REDIRECT] 
2025-12-17 19:11:31,622 [ERROR] LogOutputStream:75 - [STDERR_REDIRECT] [Fatal Error] :1:1: Premature end of file.
2025-12-17 19:11:31,622 [ERROR] LogOutputStream:75 - [STDERR_REDIRECT] 
2025-12-17 19:11:32,622 [ERROR] LogOutputStream:75 - [STDERR_REDIRECT] [Fatal Error] :1:1: Premature end of file.
2025-12-17 19:11:32,622 [ERROR] LogOutputStream:75 - [STDERR_REDIRECT] 
2025-12-17 19:11:33,623 [ERROR] LogOutputStream:75 - [STDERR_REDIRECT] [Fatal Error] :1:1: Premature end of file.
2025-12-17 19:11:33,623 [ERROR] LogOutputStream:75 - [STDERR_REDIRECT] 
2025-12-17 19:11:34,622 [ERROR] LogOutputStream:75 - [STDERR_REDIRECT] [Fatal Error] :1:1: Premature end of file.
2025-12-17 19:11:34,622 [ERROR] LogOutputStream:75 - [STDERR_REDIRECT] 
2025-12-17 19:11:35,636 [ERROR] LogOutputStream:75 - [STDERR_REDIRECT] [Fatal Error] :1:1: Premature end of file.
2025-12-17 19:11:35,636 [ERROR] LogOutputStream:75 - [STDERR_REDIRECT] 
2025-12-17 19:11:36,615 [ERROR] LogOutputStream:75 - [STDERR_REDIRECT] [Fatal Error] :1:1: Premature end of file.
2025-12-17 19:11:36,615 [ERROR] LogOutputStream:75 - [STDERR_REDIRECT] 
2025-12-17 19:11:37,623 [ERROR] LogOutputStream:75 - [STDERR_REDIRECT] [Fatal Error] :1:1: Premature end of file.
2025-12-17 19:11:37,624 [ERROR] LogOutputStream:75 - [STDERR_REDIRECT] 
2025-12-17 19:11:38,621 [ERROR] LogOutputStream:75 - [STDERR_REDIRECT] [Fatal Error] :1:1: Premature end of file.
2025-12-17 19:11:38,621 [ERROR] LogOutputStream:75 - [STDERR_REDIRECT] 
2025-12-17 19:11:39,622 [ERROR] LogOutputStream:75 - [STDERR_REDIRECT] [Fatal Error] :1:1: Premature end of file.
2025-12-17 19:11:39,623 [ERROR] LogOutputStream:75 - [STDERR_REDIRECT] 
2025-12-17 19:11:40,623 [ERROR] LogOutputStream:75 - [STDERR_REDIRECT] [Fatal Error] :1:1: Premature end of file.
2025-12-17 19:11:40,624 [ERROR] LogOutputStream:75 - [STDERR_REDIRECT] 
2025-12-17 19:11:41,623 [ERROR] LogOutputStream:75 - [STDERR_REDIRECT] [Fatal Error] :1:1: Premature end of file.
2025-12-17 19:11:41,623 [ERROR] LogOutputStream:75 - [STDERR_REDIRECT] 
2025-12-17 19:11:42,623 [ERROR] LogOutputStream:75 - [STDERR_REDIRECT] [Fatal Error] :1:1: Premature end of file.
2025-12-17 19:11:42,623 [ERROR] LogOutputStream:75 - [STDERR_REDIRECT] 
2025-12-17 19:11:43,622 [ERROR] LogOutputStream:75 - [STDERR_REDIRECT] [Fatal Error] :1:1: Premature end of file.
2025-12-17 19:11:43,622 [ERROR] LogOutputStream:75 - [STDERR_REDIRECT] 
2025-12-17 19:11:44,621 [ERROR] LogOutputStream:75 - [STDERR_REDIRECT] [Fatal Error] :1:1: Premature end of file.
2025-12-17 19:11:44,621 [ERROR] LogOutputStream:75 - [STDERR_REDIRECT] 
2025-12-17 19:11:45,620 [ERROR] LogOutputStream:75 - [STDERR_REDIRECT] [Fatal Error] :1:1: Premature end of file.
2025-12-17 19:11:45,620 [ERROR] LogOutputStream:75 - [STDERR_REDIRECT] 
2025-12-17 19:11:46,621 [ERROR] LogOutputStream:75 - [STDERR_REDIRECT] [Fatal Error] :1:1: Premature end of file.
2025-12-17 19:11:46,621 [ERROR] LogOutputStream:75 - [STDERR_REDIRECT] 
2025-12-17 19:11:47,625 [ERROR] LogOutputStream:75 - [STDERR_REDIRECT] [Fatal Error] :1:1: Premature end of file.
2025-12-17 19:11:47,625 [ERROR] LogOutputStream:75 - [STDERR_REDIRECT] 
2025-12-17 19:11:48,626 [ERROR] LogOutputStream:75 - [STDERR_REDIRECT] [Fatal Error] :1:1: Premature end of file.
2025-12-17 19:11:48,626 [ERROR] LogOutputStream:75 - [STDERR_REDIRECT] 
2025-12-17 19:11:49,627 [ERROR] LogOutputStream:75 - [STDERR_REDIRECT] [Fatal Error] :1:1: Premature end of file.
2025-12-17 19:11:49,628 [ERROR] LogOutputStream:75 - [STDERR_REDIRECT] 
2025-12-17 19:11:50,622 [ERROR] LogOutputStream:75 - [STDERR_REDIRECT] [Fatal Error] :1:1: Premature end of file.
2025-12-17 19:11:50,622 [ERROR] LogOutputStream:75 - [STDERR_REDIRECT] 
2025-12-17 19:11:51,629 [ERROR] LogOutputStream:75 - [STDERR_REDIRECT] [Fatal Error] :1:1: Premature end of file.
2025-12-17 19:11:51,629 [ERROR] LogOutputStream:75 - [STDERR_REDIRECT] 
2025-12-17 19:11:52,622 [ERROR] LogOutputStream:75 - [STDERR_REDIRECT] [Fatal Error] :1:1: Premature end of file.
2025-12-17 19:11:52,622 [ERROR] LogOutputStream:75 - [STDERR_REDIRECT] 
2025-12-17 19:11:53,624 [ERROR] LogOutputStream:75 - [STDERR_REDIRECT] [Fatal Error] :1:1: Premature end of file.
2025-12-17 19:11:53,624 [ERROR] LogOutputStream:75 - [STDERR_REDIRECT] 
2025-12-17 19:11:54,621 [ERROR] LogOutputStream:75 - [STDERR_REDIRECT] [Fatal Error] :1:1: Premature end of file.
2025-12-17 19:11:54,621 [ERROR] LogOutputStream:75 - [STDERR_REDIRECT] 
2025-12-17 19:11:55,626 [ERROR] LogOutputStream:75 - [STDERR_REDIRECT] [Fatal Error] :1:1: Premature end of file.
2025-12-17 19:11:55,626 [ERROR] LogOutputStream:75 - [STDERR_REDIRECT] 
2025-12-17 19:11:56,623 [ERROR] LogOutputStream:75 - [STDERR_REDIRECT] [Fatal Error] :1:1: Premature end of file.
2025-12-17 19:11:56,624 [ERROR] LogOutputStream:75 - [STDERR_REDIRECT] 
2025-12-17 19:11:57,625 [ERROR] LogOutputStream:75 - [STDERR_REDIRECT] [Fatal Error] :1:1: Premature end of file.
2025-12-17 19:11:57,625 [ERROR] LogOutputStream:75 - [STDERR_REDIRECT] 
2025-12-17 19:11:58,622 [ERROR] LogOutputStream:75 - [STDERR_REDIRECT] [Fatal Error] :1:1: Premature end of file.
2025-12-17 19:11:58,622 [ERROR] LogOutputStream:75 - [STDERR_REDIRECT] 
2025-12-17 19:11:59,651 [ERROR] LogOutputStream:75 - [STDERR_REDIRECT] [Fatal Error] :1:1: Premature end of file.
2025-12-17 19:11:59,651 [ERROR] LogOutputStream:75 - [STDERR_REDIRECT] 
2025-12-17 19:12:00,621 [ERROR] LogOutputStream:75 - [STDERR_REDIRECT] [Fatal Error] :1:1: Premature end of file.
2025-12-17 19:12:00,621 [ERROR] LogOutputStream:75 - [STDERR_REDIRECT] 
2025-12-17 19:12:01,621 [ERROR] LogOutputStream:75 - [STDERR_REDIRECT] [Fatal Error] :1:1: Premature end of file.
2025-12-17 19:12:01,623 [ERROR] LogOutputStream:75 - [STDERR_REDIRECT] 
2025-12-17 19:12:02,634 [ERROR] LogOutputStream:75 - [STDERR_REDIRECT] [Fatal Error] :1:1: Premature end of file.
2025-12-17 19:12:02,635 [ERROR] LogOutputStream:75 - [STDERR_REDIRECT] 
2025-12-17 19:12:03,622 [ERROR] LogOutputStream:75 - [STDERR_REDIRECT] [Fatal Error] :1:1: Premature end of file.
2025-12-17 19:12:03,622 [ERROR] LogOutputStream:75 - [STDERR_REDIRECT] 
2025-12-17 19:12:04,623 [ERROR] LogOutputStream:75 - [STDERR_REDIRECT] [Fatal Error] :1:1: Premature end of file.
2025-12-17 19:12:04,623 [ERROR] LogOutputStream:75 - [STDERR_REDIRECT] 
2025-12-17 19:12:05,622 [ERROR] LogOutputStream:75 - [STDERR_REDIRECT] [Fatal Error] :1:1: Premature end of file.
2025-12-17 19:12:05,622 [ERROR] LogOutputStream:75 - [STDERR_REDIRECT] 
2025-12-17 19:12:06,624 [ERROR] LogOutputStream:75 - [STDERR_REDIRECT] [Fatal Error] :1:1: Premature end of file.
2025-12-17 19:12:06,625 [ERROR] LogOutputStream:75 - [STDERR_REDIRECT] 
2025-12-17 19:12:07,622 [ERROR] LogOutputStream:75 - [STDERR_REDIRECT] [Fatal Error] :1:1: Premature end of file.
2025-12-17 19:12:07,622 [ERROR] LogOutputStream:75 - [STDERR_REDIRECT] 
2025-12-17 19:12:08,623 [ERROR] LogOutputStream:75 - [STDERR_REDIRECT] [Fatal Error] :1:1: Premature end of file.
2025-12-17 19:12:08,623 [ERROR] LogOutputStream:75 - [STDERR_REDIRECT] 
2025-12-17 19:12:09,621 [ERROR] LogOutputStream:75 - [STDERR_REDIRECT] [Fatal Error] :1:1: Premature end of file.
2025-12-17 19:12:09,621 [ERROR] LogOutputStream:75 - [STDERR_REDIRECT] 
2025-12-17 19:12:10,622 [ERROR] LogOutputStream:75 - [STDERR_REDIRECT] [Fatal Error] :1:1: Premature end of file.
2025-12-17 19:12:10,623 [ERROR] LogOutputStream:75 - [STDERR_REDIRECT] 
2025-12-17 19:12:11,622 [ERROR] LogOutputStream:75 - [STDERR_REDIRECT] [Fatal Error] :1:1: Premature end of file.
2025-12-17 19:12:11,622 [ERROR] LogOutputStream:75 - [STDERR_REDIRECT] 
2025-12-17 19:12:12,620 [ERROR] LogOutputStream:75 - [STDERR_REDIRECT] [Fatal Error] :1:1: Premature end of file.
2025-12-17 19:12:12,620 [ERROR] LogOutputStream:75 - [STDERR_REDIRECT] 
2025-12-17 19:12:13,622 [ERROR] LogOutputStream:75 - [STDERR_REDIRECT] [Fatal Error] :1:1: Premature end of file.
2025-12-17 19:12:13,622 [ERROR] LogOutputStream:75 - [STDERR_REDIRECT] 
2025-12-17 19:12:14,622 [ERROR] LogOutputStream:75 - [STDERR_REDIRECT] [Fatal Error] :1:1: Premature end of file.
2025-12-17 19:12:14,623 [ERROR] LogOutputStream:75 - [STDERR_REDIRECT] 
2025-12-17 19:12:15,621 [ERROR] LogOutputStream:75 - [STDERR_REDIRECT] [Fatal Error] :1:1: Premature end of file.
2025-12-17 19:12:15,622 [ERROR] LogOutputStream:75 - [STDERR_REDIRECT] 
2025-12-17 19:12:16,622 [ERROR] LogOutputStream:75 - [STDERR_REDIRECT] [Fatal Error] :1:1: Premature end of file.
2025-12-17 19:12:16,622 [ERROR] LogOutputStream:75 - [STDERR_REDIRECT] 
2025-12-17 19:12:17,622 [ERROR] LogOutputStream:75 - [STDERR_REDIRECT] [Fatal Error] :1:1: Premature end of file.
2025-12-17 19:12:17,622 [ERROR] LogOutputStream:75 - [STDERR_REDIRECT] 
2025-12-17 19:12:18,621 [ERROR] LogOutputStream:75 - [STDERR_REDIRECT] [Fatal Error] :1:1: Premature end of file.
2025-12-17 19:12:18,621 [ERROR] LogOutputStream:75 - [STDERR_REDIRECT] 
2025-12-17 19:12:19,623 [ERROR] LogOutputStream:75 - [STDERR_REDIRECT] [Fatal Error] :1:1: Premature end of file.
2025-12-17 19:12:19,624 [ERROR] LogOutputStream:75 - [STDERR_REDIRECT] 
2025-12-17 19:12:20,621 [ERROR] LogOutputStream:75 - [STDERR_REDIRECT] [Fatal Error] :1:1: Premature end of file.
2025-12-17 19:12:20,621 [ERROR] LogOutputStream:75 - [STDERR_REDIRECT] 
2025-12-17 19:12:21,623 [ERROR] LogOutputStream:75 - [STDERR_REDIRECT] [Fatal Error] :1:1: Premature end of file.
2025-12-17 19:12:21,623 [ERROR] LogOutputStream:75 - [STDERR_REDIRECT] 
2025-12-17 19:12:22,621 [ERROR] LogOutputStream:75 - [STDERR_REDIRECT] [Fatal Error] :1:1: Premature end of file.
2025-12-17 19:12:22,621 [ERROR] LogOutputStream:75 - [STDERR_REDIRECT] 
2025-12-17 19:12:23,624 [ERROR] LogOutputStream:75 - [STDERR_REDIRECT] [Fatal Error] :1:1: Premature end of file.
2025-12-17 19:12:23,624 [ERROR] LogOutputStream:75 - [STDERR_REDIRECT] 
2025-12-17 19:12:24,622 [ERROR] LogOutputStream:75 - [STDERR_REDIRECT] [Fatal Error] :1:1: Premature end of file.
2025-12-17 19:12:24,622 [ERROR] LogOutputStream:75 - [STDERR_REDIRECT] 
2025-12-17 19:12:25,621 [ERROR] LogOutputStream:75 - [STDERR_REDIRECT] [Fatal Error] :1:1: Premature end of file.
2025-12-17 19:12:25,621 [ERROR] LogOutputStream:75 - [STDERR_REDIRECT] 
2025-12-17 19:12:26,621 [ERROR] LogOutputStream:75 - [STDERR_REDIRECT] [Fatal Error] :1:1: Premature end of file.
2025-12-17 19:12:26,621 [ERROR] LogOutputStream:75 - [STDERR_REDIRECT] 
2025-12-17 19:12:27,643 [ERROR] LogOutputStream:75 - [STDERR_REDIRECT] [Fatal Error] :1:1: Premature end of file.
2025-12-17 19:12:27,643 [ERROR] LogOutputStream:75 - [STDERR_REDIRECT] 
2025-12-17 19:12:28,629 [ERROR] LogOutputStream:75 - [STDERR_REDIRECT] [Fatal Error] :1:1: Premature end of file.
2025-12-17 19:12:28,629 [ERROR] LogOutputStream:75 - [STDERR_REDIRECT] 
2025-12-17 19:12:29,620 [ERROR] LogOutputStream:75 - [STDERR_REDIRECT] [Fatal Error] :1:1: Premature end of file.
2025-12-17 19:12:29,620 [ERROR] LogOutputStream:75 - [STDERR_REDIRECT] 
2025-12-17 19:12:30,621 [ERROR] LogOutputStream:75 - [STDERR_REDIRECT] [Fatal Error] :1:1: Premature end of file.
2025-12-17 19:12:30,621 [ERROR] LogOutputStream:75 - [STDERR_REDIRECT] 
2025-12-17 19:12:31,623 [ERROR] LogOutputStream:75 - [STDERR_REDIRECT] [Fatal Error] :1:1: Premature end of file.
2025-12-17 19:12:31,623 [ERROR] LogOutputStream:75 - [STDERR_REDIRECT] 
2025-12-17 19:12:32,621 [ERROR] LogOutputStream:75 - [STDERR_REDIRECT] [Fatal Error] :1:1: Premature end of file.
2025-12-17 19:12:32,622 [ERROR] LogOutputStream:75 - [STDERR_REDIRECT] 
2025-12-17 19:12:33,623 [ERROR] LogOutputStream:75 - [STDERR_REDIRECT] [Fatal Error] :1:1: Premature end of file.
2025-12-17 19:12:33,623 [ERROR] LogOutputStream:75 - [STDERR_REDIRECT] 
2025-12-17 19:12:34,623 [ERROR] LogOutputStream:75 - [STDERR_REDIRECT] [Fatal Error] :1:1: Premature end of file.
2025-12-17 19:12:34,623 [ERROR] LogOutputStream:75 - [STDERR_REDIRECT] 
2025-12-17 19:12:35,623 [ERROR] LogOutputStream:75 - [STDERR_REDIRECT] [Fatal Error] :1:1: Premature end of file.
2025-12-17 19:12:35,623 [ERROR] LogOutputStream:75 - [STDERR_REDIRECT] 
2025-12-17 19:12:36,621 [ERROR] LogOutputStream:75 - [STDERR_REDIRECT] [Fatal Error] :1:1: Premature end of file.
2025-12-17 19:12:36,621 [ERROR] LogOutputStream:75 - [STDERR_REDIRECT] 
2025-12-17 19:12:37,622 [ERROR] LogOutputStream:75 - [STDERR_REDIRECT] [Fatal Error] :1:1: Premature end of file.
2025-12-17 19:12:37,622 [ERROR] LogOutputStream:75 - [STDERR_REDIRECT] 
2025-12-17 19:12:38,621 [ERROR] LogOutputStream:75 - [STDERR_REDIRECT] [Fatal Error] :1:1: Premature end of file.
2025-12-17 19:12:38,621 [ERROR] LogOutputStream:75 - [STDERR_REDIRECT] 
2025-12-17 19:12:39,620 [ERROR] LogOutputStream:75 - [STDERR_REDIRECT] [Fatal Error] :1:1: Premature end of file.
2025-12-17 19:12:39,621 [ERROR] LogOutputStream:75 - [STDERR_REDIRECT] 
2025-12-17 19:12:40,622 [ERROR] LogOutputStream:75 - [STDERR_REDIRECT] [Fatal Error] :1:1: Premature end of file.
2025-12-17 19:12:40,622 [ERROR] LogOutputStream:75 - [STDERR_REDIRECT] 
2025-12-17 19:12:41,620 [ERROR] LogOutputStream:75 - [STDERR_REDIRECT] [Fatal Error] :1:1: Premature end of file.
2025-12-17 19:12:41,620 [ERROR] LogOutputStream:75 - [STDERR_REDIRECT] 
2025-12-17 19:12:42,623 [ERROR] LogOutputStream:75 - [STDERR_REDIRECT] [Fatal Error] :1:1: Premature end of file.
2025-12-17 19:12:42,623 [ERROR] LogOutputStream:75 - [STDERR_REDIRECT] 
2025-12-17 19:12:43,620 [ERROR] LogOutputStream:75 - [STDERR_REDIRECT] [Fatal Error] :1:1: Premature end of file.
2025-12-17 19:12:43,620 [ERROR] LogOutputStream:75 - [STDERR_REDIRECT] 
2025-12-17 19:12:44,622 [ERROR] LogOutputStream:75 - [STDERR_REDIRECT] [Fatal Error] :1:1: Premature end of file.
2025-12-17 19:12:44,622 [ERROR] LogOutputStream:75 - [STDERR_REDIRECT] 
2025-12-17 19:12:45,620 [ERROR] LogOutputStream:75 - [STDERR_REDIRECT] [Fatal Error] :1:1: Premature end of file.
2025-12-17 19:12:45,620 [ERROR] LogOutputStream:75 - [STDERR_REDIRECT] 
2025-12-17 19:12:46,623 [ERROR] LogOutputStream:75 - [STDERR_REDIRECT] [Fatal Error] :1:1: Premature end of file.
2025-12-17 19:12:46,623 [ERROR] LogOutputStream:75 - [STDERR_REDIRECT] 
2025-12-17 19:12:47,622 [ERROR] LogOutputStream:75 - [STDERR_REDIRECT] [Fatal Error] :1:1: Premature end of file.
2025-12-17 19:12:47,623 [ERROR] LogOutputStream:75 - [STDERR_REDIRECT] 
2025-12-17 19:12:48,622 [ERROR] LogOutputStream:75 - [STDERR_REDIRECT] [Fatal Error] :1:1: Premature end of file.
2025-12-17 19:12:48,622 [ERROR] LogOutputStream:75 - [STDERR_REDIRECT] 
2025-12-17 19:12:49,624 [ERROR] LogOutputStream:75 - [STDERR_REDIRECT] [Fatal Error] :1:1: Premature end of file.
2025-12-17 19:12:49,624 [ERROR] LogOutputStream:75 - [STDERR_REDIRECT] 
2025-12-17 19:12:50,622 [ERROR] LogOutputStream:75 - [STDERR_REDIRECT] [Fatal Error] :1:1: Premature end of file.
2025-12-17 19:12:50,622 [ERROR] LogOutputStream:75 - [STDERR_REDIRECT] 
2025-12-17 19:12:51,623 [ERROR] LogOutputStream:75 - [STDERR_REDIRECT] [Fatal Error] :1:1: Premature end of file.
2025-12-17 19:12:51,623 [ERROR] LogOutputStream:75 - [STDERR_REDIRECT] 
2025-12-17 19:12:52,621 [ERROR] LogOutputStream:75 - [STDERR_REDIRECT] [Fatal Error] :1:1: Premature end of file.
2025-12-17 19:12:52,621 [ERROR] LogOutputStream:75 - [STDERR_REDIRECT] 
2025-12-17 19:12:53,622 [ERROR] LogOutputStream:75 - [STDERR_REDIRECT] [Fatal Error] :1:1: Premature end of file.
2025-12-17 19:12:53,622 [ERROR] LogOutputStream:75 - [STDERR_REDIRECT] 
2025-12-17 19:12:54,620 [ERROR] LogOutputStream:75 - [STDERR_REDIRECT] [Fatal Error] :1:1: Premature end of file.
2025-12-17 19:12:54,620 [ERROR] LogOutputStream:75 - [STDERR_REDIRECT] 
2025-12-17 19:12:55,622 [ERROR] LogOutputStream:75 - [STDERR_REDIRECT] [Fatal Error] :1:1: Premature end of file.
2025-12-17 19:12:55,623 [ERROR] LogOutputStream:75 - [STDERR_REDIRECT] 
2025-12-17 19:12:56,621 [ERROR] LogOutputStream:75 - [STDERR_REDIRECT] [Fatal Error] :1:1: Premature end of file.
2025-12-17 19:12:56,621 [ERROR] LogOutputStream:75 - [STDERR_REDIRECT] 
2025-12-17 19:12:57,623 [ERROR] LogOutputStream:75 - [STDERR_REDIRECT] [Fatal Error] :1:1: Premature end of file.
2025-12-17 19:12:57,623 [ERROR] LogOutputStream:75 - [STDERR_REDIRECT] 
2025-12-17 19:12:58,622 [ERROR] LogOutputStream:75 - [STDERR_REDIRECT] [Fatal Error] :1:1: Premature end of file.
2025-12-17 19:12:58,622 [ERROR] LogOutputStream:75 - [STDERR_REDIRECT] 
2025-12-17 19:12:59,620 [ERROR] LogOutputStream:75 - [STDERR_REDIRECT] [Fatal Error] :1:1: Premature end of file.
2025-12-17 19:12:59,620 [ERROR] LogOutputStream:75 - [STDERR_REDIRECT] 
2025-12-17 19:13:00,620 [ERROR] LogOutputStream:75 - [STDERR_REDIRECT] [Fatal Error] :1:1: Premature end of file.
2025-12-17 19:13:00,621 [ERROR] LogOutputStream:75 - [STDERR_REDIRECT] 
2025-12-17 19:13:01,623 [ERROR] LogOutputStream:75 - [STDERR_REDIRECT] [Fatal Error] :1:1: Premature end of file.
2025-12-17 19:13:01,624 [ERROR] LogOutputStream:75 - [STDERR_REDIRECT] 
2025-12-17 19:13:02,622 [ERROR] LogOutputStream:75 - [STDERR_REDIRECT] [Fatal Error] :1:1: Premature end of file.
2025-12-17 19:13:02,622 [ERROR] LogOutputStream:75 - [STDERR_REDIRECT] 
2025-12-17 19:13:03,621 [ERROR] LogOutputStream:75 - [STDERR_REDIRECT] [Fatal Error] :1:1: Premature end of file.
2025-12-17 19:13:03,622 [ERROR] LogOutputStream:75 - [STDERR_REDIRECT] 
2025-12-17 19:13:04,623 [ERROR] LogOutputStream:75 - [STDERR_REDIRECT] [Fatal Error] :1:1: Premature end of file.
2025-12-17 19:13:04,623 [ERROR] LogOutputStream:75 - [STDERR_REDIRECT] 
2025-12-17 19:13:05,620 [ERROR] LogOutputStream:75 - [STDERR_REDIRECT] [Fatal Error] :1:1: Premature end of file.
2025-12-17 19:13:05,620 [ERROR] LogOutputStream:75 - [STDERR_REDIRECT] 
2025-12-17 19:13:06,622 [ERROR] LogOutputStream:75 - [STDERR_REDIRECT] [Fatal Error] :1:1: Premature end of file.
2025-12-17 19:13:06,622 [ERROR] LogOutputStream:75 - [STDERR_REDIRECT] 
2025-12-17 19:13:07,621 [ERROR] LogOutputStream:75 - [STDERR_REDIRECT] [Fatal Error] :1:1: Premature end of file.
2025-12-17 19:13:07,621 [ERROR] LogOutputStream:75 - [STDERR_REDIRECT] 
2025-12-17 19:13:08,622 [ERROR] LogOutputStream:75 - [STDERR_REDIRECT] [Fatal Error] :1:1: Premature end of file.
2025-12-17 19:13:08,622 [ERROR] LogOutputStream:75 - [STDERR_REDIRECT] 
2025-12-17 19:13:09,623 [ERROR] LogOutputStream:75 - [STDERR_REDIRECT] [Fatal Error] :1:1: Premature end of file.
2025-12-17 19:13:09,623 [ERROR] LogOutputStream:75 - [STDERR_REDIRECT] 
2025-12-17 19:13:10,620 [ERROR] LogOutputStream:75 - [STDERR_REDIRECT] [Fatal Error] :1:1: Premature end of file.
2025-12-17 19:13:10,620 [ERROR] LogOutputStream:75 - [STDERR_REDIRECT] 
2025-12-17 19:13:11,622 [ERROR] LogOutputStream:75 - [STDERR_REDIRECT] [Fatal Error] :1:1: Premature end of file.
2025-12-17 19:13:11,622 [ERROR] LogOutputStream:75 - [STDERR_REDIRECT] 
2025-12-17 19:13:12,621 [ERROR] LogOutputStream:75 - [STDERR_REDIRECT] [Fatal Error] :1:1: Premature end of file.
2025-12-17 19:13:12,622 [ERROR] LogOutputStream:75 - [STDERR_REDIRECT] 
2025-12-17 19:13:13,621 [ERROR] LogOutputStream:75 - [STDERR_REDIRECT] [Fatal Error] :1:1: Premature end of file.
2025-12-17 19:13:13,621 [ERROR] LogOutputStream:75 - [STDERR_REDIRECT] 
2025-12-17 19:13:14,621 [ERROR] LogOutputStream:75 - [STDERR_REDIRECT] [Fatal Error] :1:1: Premature end of file.
2025-12-17 19:13:14,621 [ERROR] LogOutputStream:75 - [STDERR_REDIRECT] 
2025-12-17 19:13:15,620 [ERROR] LogOutputStream:75 - [STDERR_REDIRECT] [Fatal Error] :1:1: Premature end of file.
2025-12-17 19:13:15,620 [ERROR] LogOutputStream:75 - [STDERR_REDIRECT] 
2025-12-17 19:13:16,623 [ERROR] LogOutputStream:75 - [STDERR_REDIRECT] [Fatal Error] :1:1: Premature end of file.
2025-12-17 19:13:16,623 [ERROR] LogOutputStream:75 - [STDERR_REDIRECT] 
2025-12-17 19:13:17,620 [ERROR] LogOutputStream:75 - [STDERR_REDIRECT] [Fatal Error] :1:1: Premature end of file.
2025-12-17 19:13:17,620 [ERROR] LogOutputStream:75 - [STDERR_REDIRECT] 
2025-12-17 19:13:18,621 [ERROR] LogOutputStream:75 - [STDERR_REDIRECT] [Fatal Error] :1:1: Premature end of file.
2025-12-17 19:13:18,621 [ERROR] LogOutputStream:75 - [STDERR_REDIRECT] 
2025-12-17 19:13:19,628 [ERROR] LogOutputStream:75 - [STDERR_REDIRECT] [Fatal Error] :1:1: Premature end of file.
2025-12-17 19:13:19,629 [ERROR] LogOutputStream:75 - [STDERR_REDIRECT] 
2025-12-17 19:13:20,622 [ERROR] LogOutputStream:75 - [STDERR_REDIRECT] [Fatal Error] :1:1: Premature end of file.
2025-12-17 19:13:20,622 [ERROR] LogOutputStream:75 - [STDERR_REDIRECT] 
2025-12-17 19:13:21,621 [ERROR] LogOutputStream:75 - [STDERR_REDIRECT] [Fatal Error] :1:1: Premature end of file.
2025-12-17 19:13:21,621 [ERROR] LogOutputStream:75 - [STDERR_REDIRECT] 
2025-12-17 19:13:22,623 [ERROR] LogOutputStream:75 - [STDERR_REDIRECT] [Fatal Error] :1:1: Premature end of file.
2025-12-17 19:13:22,623 [ERROR] LogOutputStream:75 - [STDERR_REDIRECT] 
2025-12-17 19:13:23,623 [ERROR] LogOutputStream:75 - [STDERR_REDIRECT] [Fatal Error] :1:1: Premature end of file.
2025-12-17 19:13:23,624 [ERROR] LogOutputStream:75 - [STDERR_REDIRECT] 
2025-12-17 19:13:24,625 [ERROR] LogOutputStream:75 - [STDERR_REDIRECT] [Fatal Error] :1:1: Premature end of file.
2025-12-17 19:13:24,625 [ERROR] LogOutputStream:75 - [STDERR_REDIRECT] 
2025-12-17 19:13:25,622 [ERROR] LogOutputStream:75 - [STDERR_REDIRECT] [Fatal Error] :1:1: Premature end of file.
2025-12-17 19:13:25,622 [ERROR] LogOutputStream:75 - [STDERR_REDIRECT] 
2025-12-17 19:13:26,622 [ERROR] LogOutputStream:75 - [STDERR_REDIRECT] [Fatal Error] :1:1: Premature end of file.
2025-12-17 19:13:26,622 [ERROR] LogOutputStream:75 - [STDERR_REDIRECT] 
2025-12-17 19:13:27,621 [ERROR] LogOutputStream:75 - [STDERR_REDIRECT] [Fatal Error] :1:1: Premature end of file.
2025-12-17 19:13:27,621 [ERROR] LogOutputStream:75 - [STDERR_REDIRECT] 
2025-12-17 19:13:28,621 [ERROR] LogOutputStream:75 - [STDERR_REDIRECT] [Fatal Error] :1:1: Premature end of file.
2025-12-17 19:13:28,621 [ERROR] LogOutputStream:75 - [STDERR_REDIRECT] 
2025-12-17 19:13:29,623 [ERROR] LogOutputStream:75 - [STDERR_REDIRECT] [Fatal Error] :1:1: Premature end of file.
2025-12-17 19:13:29,623 [ERROR] LogOutputStream:75 - [STDERR_REDIRECT] 
2025-12-17 19:13:30,623 [ERROR] LogOutputStream:75 - [STDERR_REDIRECT] [Fatal Error] :1:1: Premature end of file.
2025-12-17 19:13:30,623 [ERROR] LogOutputStream:75 - [STDERR_REDIRECT] 
2025-12-17 19:13:31,622 [ERROR] LogOutputStream:75 - [STDERR_REDIRECT] [Fatal Error] :1:1: Premature end of file.
2025-12-17 19:13:31,622 [ERROR] LogOutputStream:75 - [STDERR_REDIRECT] 
2025-12-17 19:13:32,622 [ERROR] LogOutputStream:75 - [STDERR_REDIRECT] [Fatal Error] :1:1: Premature end of file.
2025-12-17 19:13:32,622 [ERROR] LogOutputStream:75 - [STDERR_REDIRECT] 
2025-12-17 19:13:33,621 [ERROR] LogOutputStream:75 - [STDERR_REDIRECT] [Fatal Error] :1:1: Premature end of file.
2025-12-17 19:13:33,621 [ERROR] LogOutputStream:75 - [STDERR_REDIRECT] 
2025-12-17 19:13:34,621 [ERROR] LogOutputStream:75 - [STDERR_REDIRECT] [Fatal Error] :1:1: Premature end of file.
2025-12-17 19:13:34,621 [ERROR] LogOutputStream:75 - [STDERR_REDIRECT] 
2025-12-17 19:13:35,624 [ERROR] LogOutputStream:75 - [STDERR_REDIRECT] [Fatal Error] :1:1: Premature end of file.
2025-12-17 19:13:35,624 [ERROR] LogOutputStream:75 - [STDERR_REDIRECT] 
2025-12-17 19:13:36,623 [ERROR] LogOutputStream:75 - [STDERR_REDIRECT] [Fatal Error] :1:1: Premature end of file.
2025-12-17 19:13:36,623 [ERROR] LogOutputStream:75 - [STDERR_REDIRECT] 
2025-12-17 19:13:37,624 [ERROR] LogOutputStream:75 - [STDERR_REDIRECT] [Fatal Error] :1:1: Premature end of file.
2025-12-17 19:13:37,624 [ERROR] LogOutputStream:75 - [STDERR_REDIRECT] 
2025-12-17 19:13:38,626 [ERROR] LogOutputStream:75 - [STDERR_REDIRECT] [Fatal Error] :1:1: Premature end of file.
2025-12-17 19:13:38,626 [ERROR] LogOutputStream:75 - [STDERR_REDIRECT] 
2025-12-17 19:13:39,619 [ERROR] LogOutputStream:75 - [STDERR_REDIRECT] [Fatal Error] :1:1: Premature end of file.
2025-12-17 19:13:39,619 [ERROR] LogOutputStream:75 - [STDERR_REDIRECT] 
2025-12-17 19:13:40,621 [ERROR] LogOutputStream:75 - [STDERR_REDIRECT] [Fatal Error] :1:1: Premature end of file.
2025-12-17 19:13:40,621 [ERROR] LogOutputStream:75 - [STDERR_REDIRECT] 
2025-12-17 19:13:41,622 [ERROR] LogOutputStream:75 - [STDERR_REDIRECT] [Fatal Error] :1:1: Premature end of file.
2025-12-17 19:13:41,622 [ERROR] LogOutputStream:75 - [STDERR_REDIRECT] 
2025-12-17 19:13:42,620 [ERROR] LogOutputStream:75 - [STDERR_REDIRECT] [Fatal Error] :1:1: Premature end of file.
2025-12-17 19:13:42,620 [ERROR] LogOutputStream:75 - [STDERR_REDIRECT] 
2025-12-17 19:13:43,623 [ERROR] LogOutputStream:75 - [STDERR_REDIRECT] [Fatal Error] :1:1: Premature end of file.
2025-12-17 19:13:43,624 [ERROR] LogOutputStream:75 - [STDERR_REDIRECT] 
2025-12-17 19:13:44,625 [ERROR] LogOutputStream:75 - [STDERR_REDIRECT] [Fatal Error] :1:1: Premature end of file.
2025-12-17 19:13:44,625 [ERROR] LogOutputStream:75 - [STDERR_REDIRECT] 
2025-12-17 19:13:45,621 [ERROR] LogOutputStream:75 - [STDERR_REDIRECT] [Fatal Error] :1:1: Premature end of file.
2025-12-17 19:13:45,622 [ERROR] LogOutputStream:75 - [STDERR_REDIRECT] 
2025-12-17 19:13:46,620 [ERROR] LogOutputStream:75 - [STDERR_REDIRECT] [Fatal Error] :1:1: Premature end of file.
2025-12-17 19:13:46,620 [ERROR] LogOutputStream:75 - [STDERR_REDIRECT] 
2025-12-17 19:13:47,624 [ERROR] LogOutputStream:75 - [STDERR_REDIRECT] [Fatal Error] :1:1: Premature end of file.
2025-12-17 19:13:47,624 [ERROR] LogOutputStream:75 - [STDERR_REDIRECT] 
2025-12-17 19:13:48,619 [ERROR] LogOutputStream:75 - [STDERR_REDIRECT] [Fatal Error] :1:1: Premature end of file.
2025-12-17 19:13:48,620 [ERROR] LogOutputStream:75 - [STDERR_REDIRECT] 
2025-12-17 19:13:49,621 [ERROR] LogOutputStream:75 - [STDERR_REDIRECT] [Fatal Error] :1:1: Premature end of file.
2025-12-17 19:13:49,622 [ERROR] LogOutputStream:75 - [STDERR_REDIRECT] 
2025-12-17 19:13:50,621 [ERROR] LogOutputStream:75 - [STDERR_REDIRECT] [Fatal Error] :1:1: Premature end of file.
2025-12-17 19:13:50,621 [ERROR] LogOutputStream:75 - [STDERR_REDIRECT] 
2025-12-17 19:13:51,622 [ERROR] LogOutputStream:75 - [STDERR_REDIRECT] [Fatal Error] :1:1: Premature end of file.
2025-12-17 19:13:51,622 [ERROR] LogOutputStream:75 - [STDERR_REDIRECT] 
2025-12-17 19:13:52,620 [ERROR] LogOutputStream:75 - [STDERR_REDIRECT] [Fatal Error] :1:1: Premature end of file.
2025-12-17 19:13:52,620 [ERROR] LogOutputStream:75 - [STDERR_REDIRECT] 
2025-12-17 19:13:53,622 [ERROR] LogOutputStream:75 - [STDERR_REDIRECT] [Fatal Error] :1:1: Premature end of file.
2025-12-17 19:13:53,622 [ERROR] LogOutputStream:75 - [STDERR_REDIRECT] 
2025-12-17 19:13:54,624 [ERROR] LogOutputStream:75 - [STDERR_REDIRECT] [Fatal Error] :1:1: Premature end of file.
2025-12-17 19:13:54,624 [ERROR] LogOutputStream:75 - [STDERR_REDIRECT] 
2025-12-17 19:13:55,623 [ERROR] LogOutputStream:75 - [STDERR_REDIRECT] [Fatal Error] :1:1: Premature end of file.
2025-12-17 19:13:55,623 [ERROR] LogOutputStream:75 - [STDERR_REDIRECT] 
2025-12-17 19:13:56,624 [ERROR] LogOutputStream:75 - [STDERR_REDIRECT] [Fatal Error] :1:1: Premature end of file.
2025-12-17 19:13:56,624 [ERROR] LogOutputStream:75 - [STDERR_REDIRECT] 
2025-12-17 19:13:57,623 [ERROR] LogOutputStream:75 - [STDERR_REDIRECT] [Fatal Error] :1:1: Premature end of file.
2025-12-17 19:13:57,624 [ERROR] LogOutputStream:75 - [STDERR_REDIRECT] 
2025-12-17 19:13:58,626 [ERROR] LogOutputStream:75 - [STDERR_REDIRECT] [Fatal Error] :1:1: Premature end of file.
2025-12-17 19:13:58,626 [ERROR] LogOutputStream:75 - [STDERR_REDIRECT] 
2025-12-17 19:13:59,621 [ERROR] LogOutputStream:75 - [STDERR_REDIRECT] [Fatal Error] :1:1: Premature end of file.
2025-12-17 19:13:59,621 [ERROR] LogOutputStream:75 - [STDERR_REDIRECT] 
2025-12-17 19:14:00,621 [ERROR] LogOutputStream:75 - [STDERR_REDIRECT] [Fatal Error] :1:1: Premature end of file.
2025-12-17 19:14:00,621 [ERROR] LogOutputStream:75 - [STDERR_REDIRECT] 
2025-12-17 19:14:01,622 [ERROR] LogOutputStream:75 - [STDERR_REDIRECT] [Fatal Error] :1:1: Premature end of file.
2025-12-17 19:14:01,622 [ERROR] LogOutputStream:75 - [STDERR_REDIRECT] 
2025-12-17 19:14:02,622 [ERROR] LogOutputStream:75 - [STDERR_REDIRECT] [Fatal Error] :1:1: Premature end of file.
2025-12-17 19:14:02,622 [ERROR] LogOutputStream:75 - [STDERR_REDIRECT] 
2025-12-17 19:14:03,621 [ERROR] LogOutputStream:75 - [STDERR_REDIRECT] [Fatal Error] :1:1: Premature end of file.
2025-12-17 19:14:03,621 [ERROR] LogOutputStream:75 - [STDERR_REDIRECT] 
2025-12-17 19:14:04,621 [ERROR] LogOutputStream:75 - [STDERR_REDIRECT] [Fatal Error] :1:1: Premature end of file.
2025-12-17 19:14:04,621 [ERROR] LogOutputStream:75 - [STDERR_REDIRECT] 
2025-12-17 19:14:05,620 [ERROR] LogOutputStream:75 - [STDERR_REDIRECT] [Fatal Error] :1:1: Premature end of file.
2025-12-17 19:14:05,620 [ERROR] LogOutputStream:75 - [STDERR_REDIRECT] 
2025-12-17 19:14:06,621 [ERROR] LogOutputStream:75 - [STDERR_REDIRECT] [Fatal Error] :1:1: Premature end of file.
2025-12-17 19:14:06,621 [ERROR] LogOutputStream:75 - [STDERR_REDIRECT] 
2025-12-17 19:14:07,622 [ERROR] LogOutputStream:75 - [STDERR_REDIRECT] [Fatal Error] :1:1: Premature end of file.
2025-12-17 19:14:07,623 [ERROR] LogOutputStream:75 - [STDERR_REDIRECT] 
2025-12-17 19:14:08,621 [ERROR] LogOutputStream:75 - [STDERR_REDIRECT] [Fatal Error] :1:1: Premature end of file.
2025-12-17 19:14:08,621 [ERROR] LogOutputStream:75 - [STDERR_REDIRECT] 
2025-12-17 19:14:09,623 [ERROR] LogOutputStream:75 - [STDERR_REDIRECT] [Fatal Error] :1:1: Premature end of file.
2025-12-17 19:14:09,623 [ERROR] LogOutputStream:75 - [STDERR_REDIRECT] 
2025-12-17 19:14:10,620 [ERROR] LogOutputStream:75 - [STDERR_REDIRECT] [Fatal Error] :1:1: Premature end of file.
2025-12-17 19:14:10,620 [ERROR] LogOutputStream:75 - [STDERR_REDIRECT] 
2025-12-17 19:14:11,622 [ERROR] LogOutputStream:75 - [STDERR_REDIRECT] [Fatal Error] :1:1: Premature end of file.
2025-12-17 19:14:11,622 [ERROR] LogOutputStream:75 - [STDERR_REDIRECT] 
2025-12-17 19:14:12,625 [ERROR] LogOutputStream:75 - [STDERR_REDIRECT] [Fatal Error] :1:1: Premature end of file.
2025-12-17 19:14:12,625 [ERROR] LogOutputStream:75 - [STDERR_REDIRECT] 
2025-12-17 19:14:13,621 [ERROR] LogOutputStream:75 - [STDERR_REDIRECT] [Fatal Error] :1:1: Premature end of file.
2025-12-17 19:14:13,621 [ERROR] LogOutputStream:75 - [STDERR_REDIRECT] 
2025-12-17 19:14:14,621 [ERROR] LogOutputStream:75 - [STDERR_REDIRECT] [Fatal Error] :1:1: Premature end of file.
2025-12-17 19:14:14,621 [ERROR] LogOutputStream:75 - [STDERR_REDIRECT] 
2025-12-17 19:14:15,625 [ERROR] LogOutputStream:75 - [STDERR_REDIRECT] [Fatal Error] :1:1: Premature end of file.
2025-12-17 19:14:15,625 [ERROR] LogOutputStream:75 - [STDERR_REDIRECT] 
2025-12-17 19:14:16,620 [ERROR] LogOutputStream:75 - [STDERR_REDIRECT] [Fatal Error] :1:1: Premature end of file.
2025-12-17 19:14:16,620 [ERROR] LogOutputStream:75 - [STDERR_REDIRECT] 
2025-12-17 19:14:17,622 [ERROR] LogOutputStream:75 - [STDERR_REDIRECT] [Fatal Error] :1:1: Premature end of file.
2025-12-17 19:14:17,622 [ERROR] LogOutputStream:75 - [STDERR_REDIRECT] 
2025-12-17 19:14:18,623 [ERROR] LogOutputStream:75 - [STDERR_REDIRECT] [Fatal Error] :1:1: Premature end of file.
2025-12-17 19:14:18,623 [ERROR] LogOutputStream:75 - [STDERR_REDIRECT] 
2025-12-17 19:14:19,622 [ERROR] LogOutputStream:75 - [STDERR_REDIRECT] [Fatal Error] :1:1: Premature end of file.
2025-12-17 19:14:19,622 [ERROR] LogOutputStream:75 - [STDERR_REDIRECT] 
2025-12-17 19:14:20,621 [ERROR] LogOutputStream:75 - [STDERR_REDIRECT] [Fatal Error] :1:1: Premature end of file.
2025-12-17 19:14:20,621 [ERROR] LogOutputStream:75 - [STDERR_REDIRECT] 
2025-12-17 19:14:21,622 [ERROR] LogOutputStream:75 - [STDERR_REDIRECT] [Fatal Error] :1:1: Premature end of file.
2025-12-17 19:14:21,622 [ERROR] LogOutputStream:75 - [STDERR_REDIRECT] 
2025-12-17 19:14:22,619 [ERROR] LogOutputStream:75 - [STDERR_REDIRECT] [Fatal Error] :1:1: Premature end of file.
2025-12-17 19:14:22,619 [ERROR] LogOutputStream:75 - [STDERR_REDIRECT] 
2025-12-17 19:14:23,623 [ERROR] LogOutputStream:75 - [STDERR_REDIRECT] [Fatal Error] :1:1: Premature end of file.
2025-12-17 19:14:23,623 [ERROR] LogOutputStream:75 - [STDERR_REDIRECT] 
2025-12-17 19:14:24,623 [ERROR] LogOutputStream:75 - [STDERR_REDIRECT] [Fatal Error] :1:1: Premature end of file.
2025-12-17 19:14:24,624 [ERROR] LogOutputStream:75 - [STDERR_REDIRECT] 
2025-12-17 19:14:25,625 [ERROR] LogOutputStream:75 - [STDERR_REDIRECT] [Fatal Error] :1:1: Premature end of file.
2025-12-17 19:14:25,625 [ERROR] LogOutputStream:75 - [STDERR_REDIRECT] 
2025-12-17 19:14:26,729 [ERROR] LogOutputStream:75 - [STDERR_REDIRECT] [Fatal Error] :1:1: Premature end of file.
2025-12-17 19:14:26,729 [ERROR] LogOutputStream:75 - [STDERR_REDIRECT] 
2025-12-17 19:14:27,626 [ERROR] LogOutputStream:75 - [STDERR_REDIRECT] [Fatal Error] :1:1: Premature end of file.
2025-12-17 19:14:27,627 [ERROR] LogOutputStream:75 - [STDERR_REDIRECT] 
2025-12-17 19:14:28,625 [ERROR] LogOutputStream:75 - [STDERR_REDIRECT] [Fatal Error] :1:1: Premature end of file.
2025-12-17 19:14:28,625 [ERROR] LogOutputStream:75 - [STDERR_REDIRECT] 
2025-12-17 19:14:29,630 [ERROR] LogOutputStream:75 - [STDERR_REDIRECT] [Fatal Error] :1:1: Premature end of file.
2025-12-17 19:14:29,630 [ERROR] LogOutputStream:75 - [STDERR_REDIRECT] 
2025-12-17 19:14:30,626 [ERROR] LogOutputStream:75 - [STDERR_REDIRECT] [Fatal Error] :1:1: Premature end of file.
2025-12-17 19:14:30,626 [ERROR] LogOutputStream:75 - [STDERR_REDIRECT] 
2025-12-17 19:14:31,619 [ERROR] LogOutputStream:75 - [STDERR_REDIRECT] [Fatal Error] :1:1: Premature end of file.
2025-12-17 19:14:31,620 [ERROR] LogOutputStream:75 - [STDERR_REDIRECT] 
2025-12-17 19:14:32,627 [ERROR] LogOutputStream:75 - [STDERR_REDIRECT] [Fatal Error] :1:1: Premature end of file.
2025-12-17 19:14:32,628 [ERROR] LogOutputStream:75 - [STDERR_REDIRECT] 
2025-12-17 19:14:33,626 [ERROR] LogOutputStream:75 - [STDERR_REDIRECT] [Fatal Error] :1:1: Premature end of file.
2025-12-17 19:14:33,626 [ERROR] LogOutputStream:75 - [STDERR_REDIRECT] 
2025-12-17 19:14:34,635 [ERROR] LogOutputStream:75 - [STDERR_REDIRECT] [Fatal Error] :1:1: Premature end of file.
2025-12-17 19:14:34,635 [ERROR] LogOutputStream:75 - [STDERR_REDIRECT] 
2025-12-17 19:14:35,645 [ERROR] LogOutputStream:75 - [STDERR_REDIRECT] [Fatal Error] :1:1: Premature end of file.
2025-12-17 19:14:35,646 [ERROR] LogOutputStream:75 - [STDERR_REDIRECT] 
2025-12-17 19:14:36,630 [ERROR] LogOutputStream:75 - [STDERR_REDIRECT] [Fatal Error] :1:1: Premature end of file.
2025-12-17 19:14:36,631 [ERROR] LogOutputStream:75 - [STDERR_REDIRECT] 
2025-12-17 19:14:37,626 [ERROR] LogOutputStream:75 - [STDERR_REDIRECT] [Fatal Error] :1:1: Premature end of file.
2025-12-17 19:14:37,627 [ERROR] LogOutputStream:75 - [STDERR_REDIRECT] 
2025-12-17 19:14:38,612 [ERROR] LogOutputStream:75 - [STDERR_REDIRECT] [Fatal Error] :1:1: Premature end of file.
2025-12-17 19:14:38,612 [ERROR] LogOutputStream:75 - [STDERR_REDIRECT] 
2025-12-17 19:14:39,616 [ERROR] LogOutputStream:75 - [STDERR_REDIRECT] [Fatal Error] :1:1: Premature end of file.
2025-12-17 19:14:39,616 [ERROR] LogOutputStream:75 - [STDERR_REDIRECT] 
2025-12-17 19:14:40,622 [ERROR] LogOutputStream:75 - [STDERR_REDIRECT] [Fatal Error] :1:1: Premature end of file.
2025-12-17 19:14:40,624 [ERROR] LogOutputStream:75 - [STDERR_REDIRECT] 
2025-12-17 19:14:41,615 [ERROR] LogOutputStream:75 - [STDERR_REDIRECT] [Fatal Error] :1:1: Premature end of file.
2025-12-17 19:14:41,616 [ERROR] LogOutputStream:75 - [STDERR_REDIRECT] 
2025-12-17 19:14:42,626 [ERROR] LogOutputStream:75 - [STDERR_REDIRECT] [Fatal Error] :1:1: Premature end of file.
2025-12-17 19:14:42,626 [ERROR] LogOutputStream:75 - [STDERR_REDIRECT] 
2025-12-17 19:14:43,629 [ERROR] LogOutputStream:75 - [STDERR_REDIRECT] [Fatal Error] :1:1: Premature end of file.
2025-12-17 19:14:43,629 [ERROR] LogOutputStream:75 - [STDERR_REDIRECT] 
2025-12-17 19:14:44,629 [ERROR] LogOutputStream:75 - [STDERR_REDIRECT] [Fatal Error] :1:1: Premature end of file.
2025-12-17 19:14:44,629 [ERROR] LogOutputStream:75 - [STDERR_REDIRECT] 
2025-12-17 19:14:45,653 [ERROR] LogOutputStream:75 - [STDERR_REDIRECT] [Fatal Error] :1:1: Premature end of file.
2025-12-17 19:14:45,655 [ERROR] LogOutputStream:75 - [STDERR_REDIRECT] 
2025-12-17 19:14:46,626 [ERROR] LogOutputStream:75 - [STDERR_REDIRECT] [Fatal Error] :1:1: Premature end of file.
2025-12-17 19:14:46,626 [ERROR] LogOutputStream:75 - [STDERR_REDIRECT] 
2025-12-17 19:14:47,628 [ERROR] LogOutputStream:75 - [STDERR_REDIRECT] [Fatal Error] :1:1: Premature end of file.
2025-12-17 19:14:47,628 [ERROR] LogOutputStream:75 - [STDERR_REDIRECT] 
2025-12-17 19:14:48,641 [ERROR] LogOutputStream:75 - [STDERR_REDIRECT] [Fatal Error] :1:1: Premature end of file.
2025-12-17 19:14:48,642 [ERROR] LogOutputStream:75 - [STDERR_REDIRECT] 
2025-12-17 19:14:49,620 [ERROR] LogOutputStream:75 - [STDERR_REDIRECT] [Fatal Error] :1:1: Premature end of file.
2025-12-17 19:14:49,621 [ERROR] LogOutputStream:75 - [STDERR_REDIRECT] 
2025-12-17 19:14:50,629 [ERROR] LogOutputStream:75 - [STDERR_REDIRECT] [Fatal Error] :1:1: Premature end of file.
2025-12-17 19:14:50,629 [ERROR] LogOutputStream:75 - [STDERR_REDIRECT] 
2025-12-17 19:14:51,635 [ERROR] LogOutputStream:75 - [STDERR_REDIRECT] [Fatal Error] :1:1: Premature end of file.
2025-12-17 19:14:51,635 [ERROR] LogOutputStream:75 - [STDERR_REDIRECT] 
2025-12-17 19:14:52,627 [ERROR] LogOutputStream:75 - [STDERR_REDIRECT] [Fatal Error] :1:1: Premature end of file.
2025-12-17 19:14:52,627 [ERROR] LogOutputStream:75 - [STDERR_REDIRECT] 
2025-12-17 19:14:53,628 [ERROR] LogOutputStream:75 - [STDERR_REDIRECT] [Fatal Error] :1:1: Premature end of file.
2025-12-17 19:14:53,628 [ERROR] LogOutputStream:75 - [STDERR_REDIRECT] 
2025-12-17 19:14:54,630 [ERROR] LogOutputStream:75 - [STDERR_REDIRECT] [Fatal Error] :1:1: Premature end of file.
2025-12-17 19:14:54,631 [ERROR] LogOutputStream:75 - [STDERR_REDIRECT] 
2025-12-17 19:14:55,631 [ERROR] LogOutputStream:75 - [STDERR_REDIRECT] [Fatal Error] :1:1: Premature end of file.
2025-12-17 19:14:55,632 [ERROR] LogOutputStream:75 - [STDERR_REDIRECT] 
2025-12-17 19:14:56,618 [ERROR] LogOutputStream:75 - [STDERR_REDIRECT] [Fatal Error] :1:1: Premature end of file.
2025-12-17 19:14:56,618 [ERROR] LogOutputStream:75 - [STDERR_REDIRECT] 
2025-12-17 19:14:57,618 [ERROR] LogOutputStream:75 - [STDERR_REDIRECT] [Fatal Error] :1:1: Premature end of file.
2025-12-17 19:14:57,618 [ERROR] LogOutputStream:75 - [STDERR_REDIRECT] 
2025-12-17 19:14:58,631 [ERROR] LogOutputStream:75 - [STDERR_REDIRECT] [Fatal Error] :1:1: Premature end of file.
2025-12-17 19:14:58,631 [ERROR] LogOutputStream:75 - [STDERR_REDIRECT] 
2025-12-17 19:14:59,615 [ERROR] LogOutputStream:75 - [STDERR_REDIRECT] [Fatal Error] :1:1: Premature end of file.
2025-12-17 19:14:59,617 [ERROR] LogOutputStream:75 - [STDERR_REDIRECT] 
2025-12-17 19:15:00,636 [ERROR] LogOutputStream:75 - [STDERR_REDIRECT] [Fatal Error] :1:1: Premature end of file.
2025-12-17 19:15:00,636 [ERROR] LogOutputStream:75 - [STDERR_REDIRECT] 
2025-12-17 19:15:01,632 [ERROR] LogOutputStream:75 - [STDERR_REDIRECT] [Fatal Error] :1:1: Premature end of file.
2025-12-17 19:15:01,633 [ERROR] LogOutputStream:75 - [STDERR_REDIRECT] 
2025-12-17 19:15:02,629 [ERROR] LogOutputStream:75 - [STDERR_REDIRECT] [Fatal Error] :1:1: Premature end of file.
2025-12-17 19:15:02,629 [ERROR] LogOutputStream:75 - [STDERR_REDIRECT] 
2025-12-17 19:15:03,630 [ERROR] LogOutputStream:75 - [STDERR_REDIRECT] [Fatal Error] :1:1: Premature end of file.
2025-12-17 19:15:03,631 [ERROR] LogOutputStream:75 - [STDERR_REDIRECT] 
2025-12-17 19:15:04,626 [ERROR] LogOutputStream:75 - [STDERR_REDIRECT] [Fatal Error] :1:1: Premature end of file.
2025-12-17 19:15:04,626 [ERROR] LogOutputStream:75 - [STDERR_REDIRECT] 
2025-12-17 19:15:05,630 [ERROR] LogOutputStream:75 - [STDERR_REDIRECT] [Fatal Error] :1:1: Premature end of file.
2025-12-17 19:15:05,631 [ERROR] LogOutputStream:75 - [STDERR_REDIRECT] 
2025-12-17 19:15:06,628 [ERROR] LogOutputStream:75 - [STDERR_REDIRECT] [Fatal Error] :1:1: Premature end of file.
2025-12-17 19:15:06,628 [ERROR] LogOutputStream:75 - [STDERR_REDIRECT] 
2025-12-17 19:15:07,635 [ERROR] LogOutputStream:75 - [STDERR_REDIRECT] [Fatal Error] :1:1: Premature end of file.
2025-12-17 19:15:07,635 [ERROR] LogOutputStream:75 - [STDERR_REDIRECT] 
2025-12-17 19:15:08,617 [ERROR] LogOutputStream:75 - [STDERR_REDIRECT] [Fatal Error] :1:1: Premature end of file.
2025-12-17 19:15:08,617 [ERROR] LogOutputStream:75 - [STDERR_REDIRECT] 
2025-12-17 19:15:09,631 [ERROR] LogOutputStream:75 - [STDERR_REDIRECT] [Fatal Error] :1:1: Premature end of file.
2025-12-17 19:15:09,631 [ERROR] LogOutputStream:75 - [STDERR_REDIRECT] 
2025-12-17 19:15:10,626 [ERROR] LogOutputStream:75 - [STDERR_REDIRECT] [Fatal Error] :1:1: Premature end of file.
2025-12-17 19:15:10,626 [ERROR] LogOutputStream:75 - [STDERR_REDIRECT] 
2025-12-17 19:15:11,623 [ERROR] LogOutputStream:75 - [STDERR_REDIRECT] [Fatal Error] :1:1: Premature end of file.
2025-12-17 19:15:11,624 [ERROR] LogOutputStream:75 - [STDERR_REDIRECT] 
2025-12-17 19:15:12,630 [ERROR] LogOutputStream:75 - [STDERR_REDIRECT] [Fatal Error] :1:1: Premature end of file.
2025-12-17 19:15:12,630 [ERROR] LogOutputStream:75 - [STDERR_REDIRECT] 
2025-12-17 19:15:13,630 [ERROR] LogOutputStream:75 - [STDERR_REDIRECT] [Fatal Error] :1:1: Premature end of file.
2025-12-17 19:15:13,630 [ERROR] LogOutputStream:75 - [STDERR_REDIRECT] 
2025-12-17 19:15:14,623 [ERROR] LogOutputStream:75 - [STDERR_REDIRECT] [Fatal Error] :1:1: Premature end of file.
2025-12-17 19:15:14,623 [ERROR] LogOutputStream:75 - [STDERR_REDIRECT] 
2025-12-17 19:15:15,630 [ERROR] LogOutputStream:75 - [STDERR_REDIRECT] [Fatal Error] :1:1: Premature end of file.
2025-12-17 19:15:15,630 [ERROR] LogOutputStream:75 - [STDERR_REDIRECT] 
2025-12-17 19:15:16,627 [ERROR] LogOutputStream:75 - [STDERR_REDIRECT] [Fatal Error] :1:1: Premature end of file.
2025-12-17 19:15:16,627 [ERROR] LogOutputStream:75 - [STDERR_REDIRECT] 
2025-12-17 19:15:17,622 [ERROR] LogOutputStream:75 - [STDERR_REDIRECT] [Fatal Error] :1:1: Premature end of file.
2025-12-17 19:15:17,622 [ERROR] LogOutputStream:75 - [STDERR_REDIRECT] 
2025-12-17 19:15:18,627 [ERROR] LogOutputStream:75 - [STDERR_REDIRECT] [Fatal Error] :1:1: Premature end of file.
2025-12-17 19:15:18,627 [ERROR] LogOutputStream:75 - [STDERR_REDIRECT] 
2025-12-17 19:15:19,636 [ERROR] LogOutputStream:75 - [STDERR_REDIRECT] [Fatal Error] :1:1: Premature end of file.
2025-12-17 19:15:19,636 [ERROR] LogOutputStream:75 - [STDERR_REDIRECT] 
2025-12-17 19:15:20,634 [ERROR] LogOutputStream:75 - [STDERR_REDIRECT] [Fatal Error] :1:1: Premature end of file.
2025-12-17 19:15:20,634 [ERROR] LogOutputStream:75 - [STDERR_REDIRECT] 
2025-12-17 19:15:21,623 [ERROR] LogOutputStream:75 - [STDERR_REDIRECT] [Fatal Error] :1:1: Premature end of file.
2025-12-17 19:15:21,623 [ERROR] LogOutputStream:75 - [STDERR_REDIRECT] 
2025-12-17 19:15:22,625 [ERROR] LogOutputStream:75 - [STDERR_REDIRECT] [Fatal Error] :1:1: Premature end of file.
2025-12-17 19:15:22,626 [ERROR] LogOutputStream:75 - [STDERR_REDIRECT] 
2025-12-17 19:15:23,623 [ERROR] LogOutputStream:75 - [STDERR_REDIRECT] [Fatal Error] :1:1: Premature end of file.
2025-12-17 19:15:23,623 [ERROR] LogOutputStream:75 - [STDERR_REDIRECT] 
2025-12-17 19:15:24,628 [ERROR] LogOutputStream:75 - [STDERR_REDIRECT] [Fatal Error] :1:1: Premature end of file.
2025-12-17 19:15:24,628 [ERROR] LogOutputStream:75 - [STDERR_REDIRECT] 
2025-12-17 19:15:25,625 [ERROR] LogOutputStream:75 - [STDERR_REDIRECT] [Fatal Error] :1:1: Premature end of file.
2025-12-17 19:15:25,625 [ERROR] LogOutputStream:75 - [STDERR_REDIRECT] 
2025-12-17 19:15:26,625 [ERROR] LogOutputStream:75 - [STDERR_REDIRECT] [Fatal Error] :1:1: Premature end of file.
2025-12-17 19:15:26,625 [ERROR] LogOutputStream:75 - [STDERR_REDIRECT] 
2025-12-17 19:15:27,624 [ERROR] LogOutputStream:75 - [STDERR_REDIRECT] [Fatal Error] :1:1: Premature end of file.
2025-12-17 19:15:27,624 [ERROR] LogOutputStream:75 - [STDERR_REDIRECT] 
2025-12-17 19:15:28,626 [ERROR] LogOutputStream:75 - [STDERR_REDIRECT] [Fatal Error] :1:1: Premature end of file.
2025-12-17 19:15:28,626 [ERROR] LogOutputStream:75 - [STDERR_REDIRECT] 
2025-12-17 19:15:29,629 [ERROR] LogOutputStream:75 - [STDERR_REDIRECT] [Fatal Error] :1:1: Premature end of file.
2025-12-17 19:15:29,629 [ERROR] LogOutputStream:75 - [STDERR_REDIRECT] 
2025-12-17 19:15:30,639 [ERROR] LogOutputStream:75 - [STDERR_REDIRECT] [Fatal Error] :1:1: Premature end of file.
2025-12-17 19:15:30,639 [ERROR] LogOutputStream:75 - [STDERR_REDIRECT] 
2025-12-17 19:15:31,635 [ERROR] LogOutputStream:75 - [STDERR_REDIRECT] [Fatal Error] :1:1: Premature end of file.
2025-12-17 19:15:31,635 [ERROR] LogOutputStream:75 - [STDERR_REDIRECT] 
2025-12-17 19:15:32,630 [ERROR] LogOutputStream:75 - [STDERR_REDIRECT] [Fatal Error] :1:1: Premature end of file.
2025-12-17 19:15:32,630 [ERROR] LogOutputStream:75 - [STDERR_REDIRECT] 
2025-12-17 19:15:33,632 [ERROR] LogOutputStream:75 - [STDERR_REDIRECT] [Fatal Error] :1:1: Premature end of file.
2025-12-17 19:15:33,632 [ERROR] LogOutputStream:75 - [STDERR_REDIRECT] 
2025-12-17 19:15:34,633 [ERROR] LogOutputStream:75 - [STDERR_REDIRECT] [Fatal Error] :1:1: Premature end of file.
2025-12-17 19:15:34,633 [ERROR] LogOutputStream:75 - [STDERR_REDIRECT] 
2025-12-17 19:15:35,630 [ERROR] LogOutputStream:75 - [STDERR_REDIRECT] [Fatal Error] :1:1: Premature end of file.
2025-12-17 19:15:35,630 [ERROR] LogOutputStream:75 - [STDERR_REDIRECT] 
2025-12-17 19:15:36,643 [ERROR] LogOutputStream:75 - [STDERR_REDIRECT] [Fatal Error] :1:1: Premature end of file.
2025-12-17 19:15:36,643 [ERROR] LogOutputStream:75 - [STDERR_REDIRECT] 
2025-12-17 19:15:37,629 [ERROR] LogOutputStream:75 - [STDERR_REDIRECT] [Fatal Error] :1:1: Premature end of file.
2025-12-17 19:15:37,630 [ERROR] LogOutputStream:75 - [STDERR_REDIRECT] 
2025-12-17 19:15:38,632 [ERROR] LogOutputStream:75 - [STDERR_REDIRECT] [Fatal Error] :1:1: Premature end of file.
2025-12-17 19:15:38,633 [ERROR] LogOutputStream:75 - [STDERR_REDIRECT] 
2025-12-17 19:15:39,631 [ERROR] LogOutputStream:75 - [STDERR_REDIRECT] [Fatal Error] :1:1: Premature end of file.
2025-12-17 19:15:39,631 [ERROR] LogOutputStream:75 - [STDERR_REDIRECT] 
2025-12-17 19:15:40,627 [ERROR] LogOutputStream:75 - [STDERR_REDIRECT] [Fatal Error] :1:1: Premature end of file.
2025-12-17 19:15:40,627 [ERROR] LogOutputStream:75 - [STDERR_REDIRECT] 
2025-12-17 19:15:41,634 [ERROR] LogOutputStream:75 - [STDERR_REDIRECT] [Fatal Error] :1:1: Premature end of file.
2025-12-17 19:15:41,634 [ERROR] LogOutputStream:75 - [STDERR_REDIRECT] 
2025-12-17 19:15:42,633 [ERROR] LogOutputStream:75 - [STDERR_REDIRECT] [Fatal Error] :1:1: Premature end of file.
2025-12-17 19:15:42,634 [ERROR] LogOutputStream:75 - [STDERR_REDIRECT] 
2025-12-17 19:15:43,627 [ERROR] LogOutputStream:75 - [STDERR_REDIRECT] [Fatal Error] :1:1: Premature end of file.
2025-12-17 19:15:43,627 [ERROR] LogOutputStream:75 - [STDERR_REDIRECT] 
2025-12-17 19:15:44,629 [ERROR] LogOutputStream:75 - [STDERR_REDIRECT] [Fatal Error] :1:1: Premature end of file.
2025-12-17 19:15:44,629 [ERROR] LogOutputStream:75 - [STDERR_REDIRECT] 
2025-12-17 19:15:45,632 [ERROR] LogOutputStream:75 - [STDERR_REDIRECT] [Fatal Error] :1:1: Premature end of file.
2025-12-17 19:15:45,634 [ERROR] LogOutputStream:75 - [STDERR_REDIRECT] 
2025-12-17 19:15:46,633 [ERROR] LogOutputStream:75 - [STDERR_REDIRECT] [Fatal Error] :1:1: Premature end of file.
2025-12-17 19:15:46,634 [ERROR] LogOutputStream:75 - [STDERR_REDIRECT] 
2025-12-17 19:15:47,626 [ERROR] LogOutputStream:75 - [STDERR_REDIRECT] [Fatal Error] :1:1: Premature end of file.
2025-12-17 19:15:47,626 [ERROR] LogOutputStream:75 - [STDERR_REDIRECT] 
2025-12-17 19:15:48,628 [ERROR] LogOutputStream:75 - [STDERR_REDIRECT] [Fatal Error] :1:1: Premature end of file.
2025-12-17 19:15:48,628 [ERROR] LogOutputStream:75 - [STDERR_REDIRECT] 
2025-12-17 19:15:49,638 [ERROR] LogOutputStream:75 - [STDERR_REDIRECT] [Fatal Error] :1:1: Premature end of file.
2025-12-17 19:15:49,638 [ERROR] LogOutputStream:75 - [STDERR_REDIRECT] 
2025-12-17 19:15:50,625 [ERROR] LogOutputStream:75 - [STDERR_REDIRECT] [Fatal Error] :1:1: Premature end of file.
2025-12-17 19:15:50,625 [ERROR] LogOutputStream:75 - [STDERR_REDIRECT] 
2025-12-17 19:15:51,626 [ERROR] LogOutputStream:75 - [STDERR_REDIRECT] [Fatal Error] :1:1: Premature end of file.
2025-12-17 19:15:51,627 [ERROR] LogOutputStream:75 - [STDERR_REDIRECT] 
2025-12-17 19:15:52,630 [ERROR] LogOutputStream:75 - [STDERR_REDIRECT] [Fatal Error] :1:1: Premature end of file.
2025-12-17 19:15:52,631 [ERROR] LogOutputStream:75 - [STDERR_REDIRECT] 
2025-12-17 19:15:53,618 [ERROR] LogOutputStream:75 - [STDERR_REDIRECT] [Fatal Error] :1:1: Premature end of file.
2025-12-17 19:15:53,618 [ERROR] LogOutputStream:75 - [STDERR_REDIRECT] 
2025-12-17 19:15:54,617 [ERROR] LogOutputStream:75 - [STDERR_REDIRECT] [Fatal Error] :1:1: Premature end of file.
2025-12-17 19:15:54,617 [ERROR] LogOutputStream:75 - [STDERR_REDIRECT] 
2025-12-17 19:15:55,623 [ERROR] LogOutputStream:75 - [STDERR_REDIRECT] [Fatal Error] :1:1: Premature end of file.
2025-12-17 19:15:55,623 [ERROR] LogOutputStream:75 - [STDERR_REDIRECT] 
2025-12-17 19:15:56,629 [ERROR] LogOutputStream:75 - [STDERR_REDIRECT] [Fatal Error] :1:1: Premature end of file.
2025-12-17 19:15:56,629 [ERROR] LogOutputStream:75 - [STDERR_REDIRECT] 
2025-12-17 19:15:57,622 [ERROR] LogOutputStream:75 - [STDERR_REDIRECT] [Fatal Error] :1:1: Premature end of file.
2025-12-17 19:15:57,622 [ERROR] LogOutputStream:75 - [STDERR_REDIRECT] 
2025-12-17 19:15:58,628 [ERROR] LogOutputStream:75 - [STDERR_REDIRECT] [Fatal Error] :1:1: Premature end of file.
2025-12-17 19:15:58,628 [ERROR] LogOutputStream:75 - [STDERR_REDIRECT] 
2025-12-17 19:15:59,623 [ERROR] LogOutputStream:75 - [STDERR_REDIRECT] [Fatal Error] :1:1: Premature end of file.
2025-12-17 19:15:59,623 [ERROR] LogOutputStream:75 - [STDERR_REDIRECT] 
2025-12-17 19:16:00,634 [ERROR] LogOutputStream:75 - [STDERR_REDIRECT] [Fatal Error] :1:1: Premature end of file.
2025-12-17 19:16:00,634 [ERROR] LogOutputStream:75 - [STDERR_REDIRECT] 
2025-12-17 19:16:01,638 [ERROR] LogOutputStream:75 - [STDERR_REDIRECT] [Fatal Error] :1:1: Premature end of file.
2025-12-17 19:16:01,639 [ERROR] LogOutputStream:75 - [STDERR_REDIRECT] 
2025-12-17 19:16:02,617 [ERROR] LogOutputStream:75 - [STDERR_REDIRECT] [Fatal Error] :1:1: Premature end of file.
2025-12-17 19:16:02,617 [ERROR] LogOutputStream:75 - [STDERR_REDIRECT] 
2025-12-17 19:16:03,619 [ERROR] LogOutputStream:75 - [STDERR_REDIRECT] [Fatal Error] :1:1: Premature end of file.
2025-12-17 19:16:03,620 [ERROR] LogOutputStream:75 - [STDERR_REDIRECT] 
2025-12-17 19:16:04,637 [ERROR] LogOutputStream:75 - [STDERR_REDIRECT] [Fatal Error] :1:1: Premature end of file.
2025-12-17 19:16:04,637 [ERROR] LogOutputStream:75 - [STDERR_REDIRECT] 
2025-12-17 19:16:05,623 [ERROR] LogOutputStream:75 - [STDERR_REDIRECT] [Fatal Error] :1:1: Premature end of file.
2025-12-17 19:16:05,625 [ERROR] LogOutputStream:75 - [STDERR_REDIRECT] 
2025-12-17 19:16:06,627 [ERROR] LogOutputStream:75 - [STDERR_REDIRECT] [Fatal Error] :1:1: Premature end of file.
2025-12-17 19:16:06,627 [ERROR] LogOutputStream:75 - [STDERR_REDIRECT] 
2025-12-17 19:16:07,623 [ERROR] LogOutputStream:75 - [STDERR_REDIRECT] [Fatal Error] :1:1: Premature end of file.
2025-12-17 19:16:07,623 [ERROR] LogOutputStream:75 - [STDERR_REDIRECT] 
2025-12-17 19:16:08,630 [ERROR] LogOutputStream:75 - [STDERR_REDIRECT] [Fatal Error] :1:1: Premature end of file.
2025-12-17 19:16:08,630 [ERROR] LogOutputStream:75 - [STDERR_REDIRECT] 
2025-12-17 19:16:09,623 [ERROR] LogOutputStream:75 - [STDERR_REDIRECT] [Fatal Error] :1:1: Premature end of file.
2025-12-17 19:16:09,623 [ERROR] LogOutputStream:75 - [STDERR_REDIRECT] 
2025-12-17 19:16:10,630 [ERROR] LogOutputStream:75 - [STDERR_REDIRECT] [Fatal Error] :1:1: Premature end of file.
2025-12-17 19:16:10,631 [ERROR] LogOutputStream:75 - [STDERR_REDIRECT] 
2025-12-17 19:16:11,637 [ERROR] LogOutputStream:75 - [STDERR_REDIRECT] [Fatal Error] :1:1: Premature end of file.
2025-12-17 19:16:11,638 [ERROR] LogOutputStream:75 - [STDERR_REDIRECT] 
2025-12-17 19:16:12,625 [ERROR] LogOutputStream:75 - [STDERR_REDIRECT] [Fatal Error] :1:1: Premature end of file.
2025-12-17 19:16:12,625 [ERROR] LogOutputStream:75 - [STDERR_REDIRECT] 
2025-12-17 19:16:13,630 [ERROR] LogOutputStream:75 - [STDERR_REDIRECT] [Fatal Error] :1:1: Premature end of file.
2025-12-17 19:16:13,630 [ERROR] LogOutputStream:75 - [STDERR_REDIRECT] 
2025-12-17 19:16:14,629 [ERROR] LogOutputStream:75 - [STDERR_REDIRECT] [Fatal Error] :1:1: Premature end of file.
2025-12-17 19:16:14,629 [ERROR] LogOutputStream:75 - [STDERR_REDIRECT] 
2025-12-17 19:16:15,627 [ERROR] LogOutputStream:75 - [STDERR_REDIRECT] [Fatal Error] :1:1: Premature end of file.
2025-12-17 19:16:15,627 [ERROR] LogOutputStream:75 - [STDERR_REDIRECT] 
2025-12-17 19:16:16,624 [ERROR] LogOutputStream:75 - [STDERR_REDIRECT] [Fatal Error] :1:1: Premature end of file.
2025-12-17 19:16:16,624 [ERROR] LogOutputStream:75 - [STDERR_REDIRECT] 
2025-12-17 19:16:17,625 [ERROR] LogOutputStream:75 - [STDERR_REDIRECT] [Fatal Error] :1:1: Premature end of file.
2025-12-17 19:16:17,625 [ERROR] LogOutputStream:75 - [STDERR_REDIRECT] 
2025-12-17 19:16:18,636 [ERROR] LogOutputStream:75 - [STDERR_REDIRECT] [Fatal Error] :1:1: Premature end of file.
2025-12-17 19:16:18,637 [ERROR] LogOutputStream:75 - [STDERR_REDIRECT] 
2025-12-17 19:16:19,635 [ERROR] LogOutputStream:75 - [STDERR_REDIRECT] [Fatal Error] :1:1: Premature end of file.
2025-12-17 19:16:19,635 [ERROR] LogOutputStream:75 - [STDERR_REDIRECT] 
2025-12-17 19:16:20,645 [ERROR] LogOutputStream:75 - [STDERR_REDIRECT] [Fatal Error] :1:1: Premature end of file.
2025-12-17 19:16:20,646 [ERROR] LogOutputStream:75 - [STDERR_REDIRECT] 
2025-12-17 19:16:21,628 [ERROR] LogOutputStream:75 - [STDERR_REDIRECT] [Fatal Error] :1:1: Premature end of file.
2025-12-17 19:16:21,628 [ERROR] LogOutputStream:75 - [STDERR_REDIRECT] 
2025-12-17 19:16:22,621 [ERROR] LogOutputStream:75 - [STDERR_REDIRECT] [Fatal Error] :1:1: Premature end of file.
2025-12-17 19:16:22,621 [ERROR] LogOutputStream:75 - [STDERR_REDIRECT] 
2025-12-17 19:16:23,621 [ERROR] LogOutputStream:75 - [STDERR_REDIRECT] [Fatal Error] :1:1: Premature end of file.
2025-12-17 19:16:23,621 [ERROR] LogOutputStream:75 - [STDERR_REDIRECT] 
2025-12-17 19:16:24,621 [ERROR] LogOutputStream:75 - [STDERR_REDIRECT] [Fatal Error] :1:1: Premature end of file.
2025-12-17 19:16:24,621 [ERROR] LogOutputStream:75 - [STDERR_REDIRECT] 
2025-12-17 19:16:25,613 [ERROR] LogOutputStream:75 - [STDERR_REDIRECT] [Fatal Error] :1:1: Premature end of file.
2025-12-17 19:16:25,613 [ERROR] LogOutputStream:75 - [STDERR_REDIRECT] 
2025-12-17 19:16:26,625 [ERROR] LogOutputStream:75 - [STDERR_REDIRECT] [Fatal Error] :1:1: Premature end of file.
2025-12-17 19:16:26,625 [ERROR] LogOutputStream:75 - [STDERR_REDIRECT] 
2025-12-17 19:16:27,627 [ERROR] LogOutputStream:75 - [STDERR_REDIRECT] [Fatal Error] :1:1: Premature end of file.
2025-12-17 19:16:27,628 [ERROR] LogOutputStream:75 - [STDERR_REDIRECT] 
2025-12-17 19:16:28,623 [ERROR] LogOutputStream:75 - [STDERR_REDIRECT] [Fatal Error] :1:1: Premature end of file.
2025-12-17 19:16:28,624 [ERROR] LogOutputStream:75 - [STDERR_REDIRECT] 
2025-12-17 19:16:29,619 [ERROR] LogOutputStream:75 - [STDERR_REDIRECT] [Fatal Error] :1:1: Premature end of file.
2025-12-17 19:16:29,619 [ERROR] LogOutputStream:75 - [STDERR_REDIRECT] 
2025-12-17 19:16:30,623 [ERROR] LogOutputStream:75 - [STDERR_REDIRECT] [Fatal Error] :1:1: Premature end of file.
2025-12-17 19:16:30,623 [ERROR] LogOutputStream:75 - [STDERR_REDIRECT] 
2025-12-17 19:16:31,624 [ERROR] LogOutputStream:75 - [STDERR_REDIRECT] [Fatal Error] :1:1: Premature end of file.
2025-12-17 19:16:31,625 [ERROR] LogOutputStream:75 - [STDERR_REDIRECT] 
2025-12-17 19:16:32,623 [ERROR] LogOutputStream:75 - [STDERR_REDIRECT] [Fatal Error] :1:1: Premature end of file.
2025-12-17 19:16:32,623 [ERROR] LogOutputStream:75 - [STDERR_REDIRECT] 
2025-12-17 19:16:33,621 [ERROR] LogOutputStream:75 - [STDERR_REDIRECT] [Fatal Error] :1:1: Premature end of file.
2025-12-17 19:16:33,621 [ERROR] LogOutputStream:75 - [STDERR_REDIRECT] 
2025-12-17 19:16:34,622 [ERROR] LogOutputStream:75 - [STDERR_REDIRECT] [Fatal Error] :1:1: Premature end of file.
2025-12-17 19:16:34,622 [ERROR] LogOutputStream:75 - [STDERR_REDIRECT] 
2025-12-17 19:16:35,632 [ERROR] LogOutputStream:75 - [STDERR_REDIRECT] [Fatal Error] :1:1: Premature end of file.
2025-12-17 19:16:35,633 [ERROR] LogOutputStream:75 - [STDERR_REDIRECT] 
2025-12-17 19:16:36,620 [ERROR] LogOutputStream:75 - [STDERR_REDIRECT] [Fatal Error] :1:1: Premature end of file.
2025-12-17 19:16:36,620 [ERROR] LogOutputStream:75 - [STDERR_REDIRECT] 
2025-12-17 19:16:37,618 [ERROR] LogOutputStream:75 - [STDERR_REDIRECT] [Fatal Error] :1:1: Premature end of file.
2025-12-17 19:16:37,618 [ERROR] LogOutputStream:75 - [STDERR_REDIRECT] 
2025-12-17 19:16:38,615 [ERROR] LogOutputStream:75 - [STDERR_REDIRECT] [Fatal Error] :1:1: Premature end of file.
2025-12-17 19:16:38,615 [ERROR] LogOutputStream:75 - [STDERR_REDIRECT] 
2025-12-17 19:16:39,631 [ERROR] LogOutputStream:75 - [STDERR_REDIRECT] [Fatal Error] :1:1: Premature end of file.
2025-12-17 19:16:39,631 [ERROR] LogOutputStream:75 - [STDERR_REDIRECT] 
2025-12-17 19:16:40,624 [ERROR] LogOutputStream:75 - [STDERR_REDIRECT] [Fatal Error] :1:1: Premature end of file.
2025-12-17 19:16:40,625 [ERROR] LogOutputStream:75 - [STDERR_REDIRECT] 
2025-12-17 19:16:41,645 [ERROR] LogOutputStream:75 - [STDERR_REDIRECT] [Fatal Error] :1:1: Premature end of file.
2025-12-17 19:16:41,645 [ERROR] LogOutputStream:75 - [STDERR_REDIRECT] 
2025-12-17 19:16:42,631 [ERROR] LogOutputStream:75 - [STDERR_REDIRECT] [Fatal Error] :1:1: Premature end of file.
2025-12-17 19:16:42,631 [ERROR] LogOutputStream:75 - [STDERR_REDIRECT] 
2025-12-17 19:16:43,635 [ERROR] LogOutputStream:75 - [STDERR_REDIRECT] [Fatal Error] :1:1: Premature end of file.
2025-12-17 19:16:43,635 [ERROR] LogOutputStream:75 - [STDERR_REDIRECT] 
2025-12-17 19:16:44,624 [ERROR] LogOutputStream:75 - [STDERR_REDIRECT] [Fatal Error] :1:1: Premature end of file.
2025-12-17 19:16:44,625 [ERROR] LogOutputStream:75 - [STDERR_REDIRECT] 
2025-12-17 19:16:45,615 [ERROR] LogOutputStream:75 - [STDERR_REDIRECT] [Fatal Error] :1:1: Premature end of file.
2025-12-17 19:16:45,615 [ERROR] LogOutputStream:75 - [STDERR_REDIRECT] 
2025-12-17 19:16:46,615 [ERROR] LogOutputStream:75 - [STDERR_REDIRECT] [Fatal Error] :1:1: Premature end of file.
2025-12-17 19:16:46,615 [ERROR] LogOutputStream:75 - [STDERR_REDIRECT] 
2025-12-17 19:16:47,630 [ERROR] LogOutputStream:75 - [STDERR_REDIRECT] [Fatal Error] :1:1: Premature end of file.
2025-12-17 19:16:47,630 [ERROR] LogOutputStream:75 - [STDERR_REDIRECT] 
2025-12-17 19:16:48,627 [ERROR] LogOutputStream:75 - [STDERR_REDIRECT] [Fatal Error] :1:1: Premature end of file.
2025-12-17 19:16:48,628 [ERROR] LogOutputStream:75 - [STDERR_REDIRECT] 
2025-12-17 19:16:49,617 [ERROR] LogOutputStream:75 - [STDERR_REDIRECT] [Fatal Error] :1:1: Premature end of file.
2025-12-17 19:16:49,617 [ERROR] LogOutputStream:75 - [STDERR_REDIRECT] 
2025-12-17 19:16:50,617 [ERROR] LogOutputStream:75 - [STDERR_REDIRECT] [Fatal Error] :1:1: Premature end of file.
2025-12-17 19:16:50,618 [ERROR] LogOutputStream:75 - [STDERR_REDIRECT] 
2025-12-17 19:16:51,625 [ERROR] LogOutputStream:75 - [STDERR_REDIRECT] [Fatal Error] :1:1: Premature end of file.
2025-12-17 19:16:51,625 [ERROR] LogOutputStream:75 - [STDERR_REDIRECT] 
2025-12-17 19:16:52,631 [ERROR] LogOutputStream:75 - [STDERR_REDIRECT] [Fatal Error] :1:1: Premature end of file.
2025-12-17 19:16:52,631 [ERROR] LogOutputStream:75 - [STDERR_REDIRECT] 
2025-12-17 19:16:53,617 [ERROR] LogOutputStream:75 - [STDERR_REDIRECT] [Fatal Error] :1:1: Premature end of file.
2025-12-17 19:16:53,617 [ERROR] LogOutputStream:75 - [STDERR_REDIRECT] 
2025-12-17 19:16:54,618 [ERROR] LogOutputStream:75 - [STDERR_REDIRECT] [Fatal Error] :1:1: Premature end of file.
2025-12-17 19:16:54,618 [ERROR] LogOutputStream:75 - [STDERR_REDIRECT] 
2025-12-17 19:16:55,611 [ERROR] LogOutputStream:75 - [STDERR_REDIRECT] [Fatal Error] :1:1: Premature end of file.
2025-12-17 19:16:55,611 [ERROR] LogOutputStream:75 - [STDERR_REDIRECT] 
2025-12-17 19:16:56,636 [ERROR] LogOutputStream:75 - [STDERR_REDIRECT] [Fatal Error] :1:1: Premature end of file.
2025-12-17 19:16:56,636 [ERROR] LogOutputStream:75 - [STDERR_REDIRECT] 
2025-12-17 19:16:57,632 [ERROR] LogOutputStream:75 - [STDERR_REDIRECT] [Fatal Error] :1:1: Premature end of file.
2025-12-17 19:16:57,632 [ERROR] LogOutputStream:75 - [STDERR_REDIRECT] 
2025-12-17 19:16:58,615 [ERROR] LogOutputStream:75 - [STDERR_REDIRECT] [Fatal Error] :1:1: Premature end of file.
2025-12-17 19:16:58,615 [ERROR] LogOutputStream:75 - [STDERR_REDIRECT] 
2025-12-17 19:16:59,618 [ERROR] LogOutputStream:75 - [STDERR_REDIRECT] [Fatal Error] :1:1: Premature end of file.
2025-12-17 19:16:59,619 [ERROR] LogOutputStream:75 - [STDERR_REDIRECT] 
2025-12-17 19:17:00,626 [ERROR] LogOutputStream:75 - [STDERR_REDIRECT] [Fatal Error] :1:1: Premature end of file.
2025-12-17 19:17:00,626 [ERROR] LogOutputStream:75 - [STDERR_REDIRECT] 
2025-12-17 19:17:01,637 [ERROR] LogOutputStream:75 - [STDERR_REDIRECT] [Fatal Error] :1:1: Premature end of file.
2025-12-17 19:17:01,637 [ERROR] LogOutputStream:75 - [STDERR_REDIRECT] 
2025-12-17 19:17:02,621 [ERROR] LogOutputStream:75 - [STDERR_REDIRECT] [Fatal Error] :1:1: Premature end of file.
2025-12-17 19:17:02,622 [ERROR] LogOutputStream:75 - [STDERR_REDIRECT] 
2025-12-17 19:17:03,627 [ERROR] LogOutputStream:75 - [STDERR_REDIRECT] [Fatal Error] :1:1: Premature end of file.
2025-12-17 19:17:03,629 [ERROR] LogOutputStream:75 - [STDERR_REDIRECT] 
2025-12-17 19:17:04,631 [ERROR] LogOutputStream:75 - [STDERR_REDIRECT] [Fatal Error] :1:1: Premature end of file.
2025-12-17 19:17:04,632 [ERROR] LogOutputStream:75 - [STDERR_REDIRECT] 
2025-12-17 19:17:05,624 [ERROR] LogOutputStream:75 - [STDERR_REDIRECT] [Fatal Error] :1:1: Premature end of file.
2025-12-17 19:17:05,624 [ERROR] LogOutputStream:75 - [STDERR_REDIRECT] 
2025-12-17 19:17:06,634 [ERROR] LogOutputStream:75 - [STDERR_REDIRECT] [Fatal Error] :1:1: Premature end of file.
2025-12-17 19:17:06,634 [ERROR] LogOutputStream:75 - [STDERR_REDIRECT] 
2025-12-17 19:17:07,631 [ERROR] LogOutputStream:75 - [STDERR_REDIRECT] [Fatal Error] :1:1: Premature end of file.
2025-12-17 19:17:07,632 [ERROR] LogOutputStream:75 - [STDERR_REDIRECT] 
2025-12-17 19:17:08,642 [ERROR] LogOutputStream:75 - [STDERR_REDIRECT] [Fatal Error] :1:1: Premature end of file.
2025-12-17 19:17:08,642 [ERROR] LogOutputStream:75 - [STDERR_REDIRECT] 
2025-12-17 19:17:09,625 [ERROR] LogOutputStream:75 - [STDERR_REDIRECT] [Fatal Error] :1:1: Premature end of file.
2025-12-17 19:17:09,626 [ERROR] LogOutputStream:75 - [STDERR_REDIRECT] 
2025-12-17 19:17:10,631 [ERROR] LogOutputStream:75 - [STDERR_REDIRECT] [Fatal Error] :1:1: Premature end of file.
2025-12-17 19:17:10,633 [ERROR] LogOutputStream:75 - [STDERR_REDIRECT] 
2025-12-17 19:17:11,632 [ERROR] LogOutputStream:75 - [STDERR_REDIRECT] [Fatal Error] :1:1: Premature end of file.
2025-12-17 19:17:11,633 [ERROR] LogOutputStream:75 - [STDERR_REDIRECT] 
2025-12-17 19:17:12,624 [ERROR] LogOutputStream:75 - [STDERR_REDIRECT] [Fatal Error] :1:1: Premature end of file.
2025-12-17 19:17:12,625 [ERROR] LogOutputStream:75 - [STDERR_REDIRECT] 
2025-12-17 19:17:13,624 [ERROR] LogOutputStream:75 - [STDERR_REDIRECT] [Fatal Error] :1:1: Premature end of file.
2025-12-17 19:17:13,624 [ERROR] LogOutputStream:75 - [STDERR_REDIRECT] 
2025-12-17 19:17:14,624 [ERROR] LogOutputStream:75 - [STDERR_REDIRECT] [Fatal Error] :1:1: Premature end of file.
2025-12-17 19:17:14,624 [ERROR] LogOutputStream:75 - [STDERR_REDIRECT] 
2025-12-17 19:17:15,629 [ERROR] LogOutputStream:75 - [STDERR_REDIRECT] [Fatal Error] :1:1: Premature end of file.
2025-12-17 19:17:15,629 [ERROR] LogOutputStream:75 - [STDERR_REDIRECT] 
2025-12-17 19:17:16,632 [ERROR] LogOutputStream:75 - [STDERR_REDIRECT] [Fatal Error] :1:1: Premature end of file.
2025-12-17 19:17:16,632 [ERROR] LogOutputStream:75 - [STDERR_REDIRECT] 
2025-12-17 19:17:17,615 [ERROR] LogOutputStream:75 - [STDERR_REDIRECT] [Fatal Error] :1:1: Premature end of file.
2025-12-17 19:17:17,615 [ERROR] LogOutputStream:75 - [STDERR_REDIRECT] 
2025-12-17 19:17:18,627 [ERROR] LogOutputStream:75 - [STDERR_REDIRECT] [Fatal Error] :1:1: Premature end of file.
2025-12-17 19:17:18,627 [ERROR] LogOutputStream:75 - [STDERR_REDIRECT] 
2025-12-17 19:17:19,625 [ERROR] LogOutputStream:75 - [STDERR_REDIRECT] [Fatal Error] :1:1: Premature end of file.
2025-12-17 19:17:19,625 [ERROR] LogOutputStream:75 - [STDERR_REDIRECT] 
2025-12-17 19:17:20,631 [ERROR] LogOutputStream:75 - [STDERR_REDIRECT] [Fatal Error] :1:1: Premature end of file.
2025-12-17 19:17:20,631 [ERROR] LogOutputStream:75 - [STDERR_REDIRECT] 
2025-12-17 19:17:21,633 [ERROR] LogOutputStream:75 - [STDERR_REDIRECT] [Fatal Error] :1:1: Premature end of file.
2025-12-17 19:17:21,633 [ERROR] LogOutputStream:75 - [STDERR_REDIRECT] 
2025-12-17 19:17:22,627 [ERROR] LogOutputStream:75 - [STDERR_REDIRECT] [Fatal Error] :1:1: Premature end of file.
2025-12-17 19:17:22,627 [ERROR] LogOutputStream:75 - [STDERR_REDIRECT] 
2025-12-17 19:17:23,627 [ERROR] LogOutputStream:75 - [STDERR_REDIRECT] [Fatal Error] :1:1: Premature end of file.
2025-12-17 19:17:23,627 [ERROR] LogOutputStream:75 - [STDERR_REDIRECT] 
2025-12-17 19:17:24,630 [ERROR] LogOutputStream:75 - [STDERR_REDIRECT] [Fatal Error] :1:1: Premature end of file.
2025-12-17 19:17:24,630 [ERROR] LogOutputStream:75 - [STDERR_REDIRECT] 
2025-12-17 19:17:25,627 [ERROR] LogOutputStream:75 - [STDERR_REDIRECT] [Fatal Error] :1:1: Premature end of file.
2025-12-17 19:17:25,628 [ERROR] LogOutputStream:75 - [STDERR_REDIRECT] 
2025-12-17 19:17:26,627 [ERROR] LogOutputStream:75 - [STDERR_REDIRECT] [Fatal Error] :1:1: Premature end of file.
2025-12-17 19:17:26,627 [ERROR] LogOutputStream:75 - [STDERR_REDIRECT] 
2025-12-17 19:17:27,625 [ERROR] LogOutputStream:75 - [STDERR_REDIRECT] [Fatal Error] :1:1: Premature end of file.
2025-12-17 19:17:27,625 [ERROR] LogOutputStream:75 - [STDERR_REDIRECT] 
2025-12-17 19:17:28,623 [ERROR] LogOutputStream:75 - [STDERR_REDIRECT] [Fatal Error] :1:1: Premature end of file.
2025-12-17 19:17:28,623 [ERROR] LogOutputStream:75 - [STDERR_REDIRECT] 
2025-12-17 19:17:29,625 [ERROR] LogOutputStream:75 - [STDERR_REDIRECT] [Fatal Error] :1:1: Premature end of file.
2025-12-17 19:17:29,625 [ERROR] LogOutputStream:75 - [STDERR_REDIRECT] 
2025-12-17 19:17:30,637 [ERROR] LogOutputStream:75 - [STDERR_REDIRECT] [Fatal Error] :1:1: Premature end of file.
2025-12-17 19:17:30,637 [ERROR] LogOutputStream:75 - [STDERR_REDIRECT] 
2025-12-17 19:17:31,629 [ERROR] LogOutputStream:75 - [STDERR_REDIRECT] [Fatal Error] :1:1: Premature end of file.
2025-12-17 19:17:31,629 [ERROR] LogOutputStream:75 - [STDERR_REDIRECT] 
2025-12-17 19:17:32,630 [ERROR] LogOutputStream:75 - [STDERR_REDIRECT] [Fatal Error] :1:1: Premature end of file.
2025-12-17 19:17:32,630 [ERROR] LogOutputStream:75 - [STDERR_REDIRECT] 
2025-12-17 19:17:33,627 [ERROR] LogOutputStream:75 - [STDERR_REDIRECT] [Fatal Error] :1:1: Premature end of file.
2025-12-17 19:17:33,627 [ERROR] LogOutputStream:75 - [STDERR_REDIRECT] 
2025-12-17 19:17:34,631 [ERROR] LogOutputStream:75 - [STDERR_REDIRECT] [Fatal Error] :1:1: Premature end of file.
2025-12-17 19:17:34,631 [ERROR] LogOutputStream:75 - [STDERR_REDIRECT] 
2025-12-17 19:17:35,628 [ERROR] LogOutputStream:75 - [STDERR_REDIRECT] [Fatal Error] :1:1: Premature end of file.
2025-12-17 19:17:35,628 [ERROR] LogOutputStream:75 - [STDERR_REDIRECT] 
2025-12-17 19:17:36,622 [ERROR] LogOutputStream:75 - [STDERR_REDIRECT] [Fatal Error] :1:1: Premature end of file.
2025-12-17 19:17:36,622 [ERROR] LogOutputStream:75 - [STDERR_REDIRECT] 
2025-12-17 19:17:37,625 [ERROR] LogOutputStream:75 - [STDERR_REDIRECT] [Fatal Error] :1:1: Premature end of file.
2025-12-17 19:17:37,625 [ERROR] LogOutputStream:75 - [STDERR_REDIRECT] 
2025-12-17 19:17:38,634 [ERROR] LogOutputStream:75 - [STDERR_REDIRECT] [Fatal Error] :1:1: Premature end of file.
2025-12-17 19:17:38,635 [ERROR] LogOutputStream:75 - [STDERR_REDIRECT] 
2025-12-17 19:17:39,624 [ERROR] LogOutputStream:75 - [STDERR_REDIRECT] [Fatal Error] :1:1: Premature end of file.
2025-12-17 19:17:39,624 [ERROR] LogOutputStream:75 - [STDERR_REDIRECT] 
2025-12-17 19:17:40,627 [ERROR] LogOutputStream:75 - [STDERR_REDIRECT] [Fatal Error] :1:1: Premature end of file.
2025-12-17 19:17:40,627 [ERROR] LogOutputStream:75 - [STDERR_REDIRECT] 
2025-12-17 19:17:41,627 [ERROR] LogOutputStream:75 - [STDERR_REDIRECT] [Fatal Error] :1:1: Premature end of file.
2025-12-17 19:17:41,627 [ERROR] LogOutputStream:75 - [STDERR_REDIRECT] 
2025-12-17 19:17:42,634 [ERROR] LogOutputStream:75 - [STDERR_REDIRECT] [Fatal Error] :1:1: Premature end of file.
2025-12-17 19:17:42,634 [ERROR] LogOutputStream:75 - [STDERR_REDIRECT] 
2025-12-17 19:17:43,623 [ERROR] LogOutputStream:75 - [STDERR_REDIRECT] [Fatal Error] :1:1: Premature end of file.
2025-12-17 19:17:43,624 [ERROR] LogOutputStream:75 - [STDERR_REDIRECT] 
2025-12-17 19:17:44,629 [ERROR] LogOutputStream:75 - [STDERR_REDIRECT] [Fatal Error] :1:1: Premature end of file.
2025-12-17 19:17:44,629 [ERROR] LogOutputStream:75 - [STDERR_REDIRECT] 
2025-12-17 19:17:45,627 [ERROR] LogOutputStream:75 - [STDERR_REDIRECT] [Fatal Error] :1:1: Premature end of file.
2025-12-17 19:17:45,628 [ERROR] LogOutputStream:75 - [STDERR_REDIRECT] 
2025-12-17 19:17:46,623 [ERROR] LogOutputStream:75 - [STDERR_REDIRECT] [Fatal Error] :1:1: Premature end of file.
2025-12-17 19:17:46,623 [ERROR] LogOutputStream:75 - [STDERR_REDIRECT] 
2025-12-17 19:17:47,621 [ERROR] LogOutputStream:75 - [STDERR_REDIRECT] [Fatal Error] :1:1: Premature end of file.
2025-12-17 19:17:47,621 [ERROR] LogOutputStream:75 - [STDERR_REDIRECT] 
2025-12-17 19:17:48,627 [ERROR] LogOutputStream:75 - [STDERR_REDIRECT] [Fatal Error] :1:1: Premature end of file.
2025-12-17 19:17:48,627 [ERROR] LogOutputStream:75 - [STDERR_REDIRECT] 
2025-12-17 19:17:49,633 [ERROR] LogOutputStream:75 - [STDERR_REDIRECT] [Fatal Error] :1:1: Premature end of file.
2025-12-17 19:17:49,633 [ERROR] LogOutputStream:75 - [STDERR_REDIRECT] 
2025-12-17 19:17:50,636 [ERROR] LogOutputStream:75 - [STDERR_REDIRECT] [Fatal Error] :1:1: Premature end of file.
2025-12-17 19:17:50,636 [ERROR] LogOutputStream:75 - [STDERR_REDIRECT] 
2025-12-17 19:17:51,623 [ERROR] LogOutputStream:75 - [STDERR_REDIRECT] [Fatal Error] :1:1: Premature end of file.
2025-12-17 19:17:51,623 [ERROR] LogOutputStream:75 - [STDERR_REDIRECT] 
2025-12-17 19:17:52,626 [ERROR] LogOutputStream:75 - [STDERR_REDIRECT] [Fatal Error] :1:1: Premature end of file.
2025-12-17 19:17:52,626 [ERROR] LogOutputStream:75 - [STDERR_REDIRECT] 
2025-12-17 19:17:53,623 [ERROR] LogOutputStream:75 - [STDERR_REDIRECT] [Fatal Error] :1:1: Premature end of file.
2025-12-17 19:17:53,623 [ERROR] LogOutputStream:75 - [STDERR_REDIRECT] 
2025-12-17 19:17:54,625 [ERROR] LogOutputStream:75 - [STDERR_REDIRECT] [Fatal Error] :1:1: Premature end of file.
2025-12-17 19:17:54,625 [ERROR] LogOutputStream:75 - [STDERR_REDIRECT] 
2025-12-17 19:17:55,625 [ERROR] LogOutputStream:75 - [STDERR_REDIRECT] [Fatal Error] :1:1: Premature end of file.
2025-12-17 19:17:55,625 [ERROR] LogOutputStream:75 - [STDERR_REDIRECT] 
2025-12-17 19:17:56,630 [ERROR] LogOutputStream:75 - [STDERR_REDIRECT] [Fatal Error] :1:1: Premature end of file.
2025-12-17 19:17:56,630 [ERROR] LogOutputStream:75 - [STDERR_REDIRECT] 
2025-12-17 19:17:57,625 [ERROR] LogOutputStream:75 - [STDERR_REDIRECT] [Fatal Error] :1:1: Premature end of file.
2025-12-17 19:17:57,625 [ERROR] LogOutputStream:75 - [STDERR_REDIRECT] 
2025-12-17 19:17:58,637 [ERROR] LogOutputStream:75 - [STDERR_REDIRECT] [Fatal Error] :1:1: Premature end of file.
2025-12-17 19:17:58,637 [ERROR] LogOutputStream:75 - [STDERR_REDIRECT] 
2025-12-17 19:17:59,632 [ERROR] LogOutputStream:75 - [STDERR_REDIRECT] [Fatal Error] :1:1: Premature end of file.
2025-12-17 19:17:59,632 [ERROR] LogOutputStream:75 - [STDERR_REDIRECT] 
2025-12-17 19:18:00,627 [ERROR] LogOutputStream:75 - [STDERR_REDIRECT] [Fatal Error] :1:1: Premature end of file.
2025-12-17 19:18:00,627 [ERROR] LogOutputStream:75 - [STDERR_REDIRECT] 
2025-12-17 19:18:01,624 [ERROR] LogOutputStream:75 - [STDERR_REDIRECT] [Fatal Error] :1:1: Premature end of file.
2025-12-17 19:18:01,625 [ERROR] LogOutputStream:75 - [STDERR_REDIRECT] 
2025-12-17 19:18:02,644 [ERROR] LogOutputStream:75 - [STDERR_REDIRECT] [Fatal Error] :1:1: Premature end of file.
2025-12-17 19:18:02,644 [ERROR] LogOutputStream:75 - [STDERR_REDIRECT] 
2025-12-17 19:18:03,624 [ERROR] LogOutputStream:75 - [STDERR_REDIRECT] [Fatal Error] :1:1: Premature end of file.
2025-12-17 19:18:03,625 [ERROR] LogOutputStream:75 - [STDERR_REDIRECT] 
2025-12-17 19:18:04,627 [ERROR] LogOutputStream:75 - [STDERR_REDIRECT] [Fatal Error] :1:1: Premature end of file.
2025-12-17 19:18:04,628 [ERROR] LogOutputStream:75 - [STDERR_REDIRECT] 
2025-12-17 19:18:05,630 [ERROR] LogOutputStream:75 - [STDERR_REDIRECT] [Fatal Error] :1:1: Premature end of file.
2025-12-17 19:18:05,630 [ERROR] LogOutputStream:75 - [STDERR_REDIRECT] 
2025-12-17 19:18:06,625 [ERROR] LogOutputStream:75 - [STDERR_REDIRECT] [Fatal Error] :1:1: Premature end of file.
2025-12-17 19:18:06,625 [ERROR] LogOutputStream:75 - [STDERR_REDIRECT] 
2025-12-17 19:18:07,635 [ERROR] LogOutputStream:75 - [STDERR_REDIRECT] [Fatal Error] :1:1: Premature end of file.
2025-12-17 19:18:07,636 [ERROR] LogOutputStream:75 - [STDERR_REDIRECT] 
2025-12-17 19:18:08,626 [ERROR] LogOutputStream:75 - [STDERR_REDIRECT] [Fatal Error] :1:1: Premature end of file.
2025-12-17 19:18:08,626 [ERROR] LogOutputStream:75 - [STDERR_REDIRECT] 
2025-12-17 19:18:09,626 [ERROR] LogOutputStream:75 - [STDERR_REDIRECT] [Fatal Error] :1:1: Premature end of file.
2025-12-17 19:18:09,626 [ERROR] LogOutputStream:75 - [STDERR_REDIRECT] 
2025-12-17 19:18:10,633 [ERROR] LogOutputStream:75 - [STDERR_REDIRECT] [Fatal Error] :1:1: Premature end of file.
2025-12-17 19:18:10,633 [ERROR] LogOutputStream:75 - [STDERR_REDIRECT] 
2025-12-17 19:18:11,623 [ERROR] LogOutputStream:75 - [STDERR_REDIRECT] [Fatal Error] :1:1: Premature end of file.
2025-12-17 19:18:11,623 [ERROR] LogOutputStream:75 - [STDERR_REDIRECT] 
2025-12-17 19:18:12,627 [ERROR] LogOutputStream:75 - [STDERR_REDIRECT] [Fatal Error] :1:1: Premature end of file.
2025-12-17 19:18:12,627 [ERROR] LogOutputStream:75 - [STDERR_REDIRECT] 
2025-12-17 19:18:13,626 [ERROR] LogOutputStream:75 - [STDERR_REDIRECT] [Fatal Error] :1:1: Premature end of file.
2025-12-17 19:18:13,627 [ERROR] LogOutputStream:75 - [STDERR_REDIRECT] 
2025-12-17 19:18:14,622 [ERROR] LogOutputStream:75 - [STDERR_REDIRECT] [Fatal Error] :1:1: Premature end of file.
2025-12-17 19:18:14,622 [ERROR] LogOutputStream:75 - [STDERR_REDIRECT] 
2025-12-17 19:18:15,627 [ERROR] LogOutputStream:75 - [STDERR_REDIRECT] [Fatal Error] :1:1: Premature end of file.
2025-12-17 19:18:15,627 [ERROR] LogOutputStream:75 - [STDERR_REDIRECT] 
2025-12-17 19:18:16,628 [ERROR] LogOutputStream:75 - [STDERR_REDIRECT] [Fatal Error] :1:1: Premature end of file.
2025-12-17 19:18:16,628 [ERROR] LogOutputStream:75 - [STDERR_REDIRECT] 
2025-12-17 19:18:17,626 [ERROR] LogOutputStream:75 - [STDERR_REDIRECT] [Fatal Error] :1:1: Premature end of file.
2025-12-17 19:18:17,626 [ERROR] LogOutputStream:75 - [STDERR_REDIRECT] 
2025-12-17 19:18:18,629 [ERROR] LogOutputStream:75 - [STDERR_REDIRECT] [Fatal Error] :1:1: Premature end of file.
2025-12-17 19:18:18,629 [ERROR] LogOutputStream:75 - [STDERR_REDIRECT] 
2025-12-17 19:18:19,629 [ERROR] LogOutputStream:75 - [STDERR_REDIRECT] [Fatal Error] :1:1: Premature end of file.
2025-12-17 19:18:19,629 [ERROR] LogOutputStream:75 - [STDERR_REDIRECT] 
2025-12-17 19:18:20,627 [ERROR] LogOutputStream:75 - [STDERR_REDIRECT] [Fatal Error] :1:1: Premature end of file.
2025-12-17 19:18:20,628 [ERROR] LogOutputStream:75 - [STDERR_REDIRECT] 
2025-12-17 19:18:21,624 [ERROR] LogOutputStream:75 - [STDERR_REDIRECT] [Fatal Error] :1:1: Premature end of file.
2025-12-17 19:18:21,624 [ERROR] LogOutputStream:75 - [STDERR_REDIRECT] 
2025-12-17 19:18:22,626 [ERROR] LogOutputStream:75 - [STDERR_REDIRECT] [Fatal Error] :1:1: Premature end of file.
2025-12-17 19:18:22,626 [ERROR] LogOutputStream:75 - [STDERR_REDIRECT] 
2025-12-17 19:18:23,630 [ERROR] LogOutputStream:75 - [STDERR_REDIRECT] [Fatal Error] :1:1: Premature end of file.
2025-12-17 19:18:23,630 [ERROR] LogOutputStream:75 - [STDERR_REDIRECT] 
2025-12-17 19:18:24,624 [ERROR] LogOutputStream:75 - [STDERR_REDIRECT] [Fatal Error] :1:1: Premature end of file.
2025-12-17 19:18:24,624 [ERROR] LogOutputStream:75 - [STDERR_REDIRECT] 
2025-12-17 19:18:25,631 [ERROR] LogOutputStream:75 - [STDERR_REDIRECT] [Fatal Error] :1:1: Premature end of file.
2025-12-17 19:18:25,631 [ERROR] LogOutputStream:75 - [STDERR_REDIRECT] 
2025-12-17 19:18:26,628 [ERROR] LogOutputStream:75 - [STDERR_REDIRECT] [Fatal Error] :1:1: Premature end of file.
2025-12-17 19:18:26,629 [ERROR] LogOutputStream:75 - [STDERR_REDIRECT] 
2025-12-17 19:18:27,625 [ERROR] LogOutputStream:75 - [STDERR_REDIRECT] [Fatal Error] :1:1: Premature end of file.
2025-12-17 19:18:27,625 [ERROR] LogOutputStream:75 - [STDERR_REDIRECT] 
2025-12-17 19:18:28,625 [ERROR] LogOutputStream:75 - [STDERR_REDIRECT] [Fatal Error] :1:1: Premature end of file.
2025-12-17 19:18:28,625 [ERROR] LogOutputStream:75 - [STDERR_REDIRECT] 
2025-12-17 19:18:29,628 [ERROR] LogOutputStream:75 - [STDERR_REDIRECT] [Fatal Error] :1:1: Premature end of file.
2025-12-17 19:18:29,628 [ERROR] LogOutputStream:75 - [STDERR_REDIRECT] 
2025-12-17 19:18:30,626 [ERROR] LogOutputStream:75 - [STDERR_REDIRECT] [Fatal Error] :1:1: Premature end of file.
2025-12-17 19:18:30,627 [ERROR] LogOutputStream:75 - [STDERR_REDIRECT] 
2025-12-17 19:18:31,630 [ERROR] LogOutputStream:75 - [STDERR_REDIRECT] [Fatal Error] :1:1: Premature end of file.
2025-12-17 19:18:31,630 [ERROR] LogOutputStream:75 - [STDERR_REDIRECT] 
2025-12-17 19:18:32,626 [ERROR] LogOutputStream:75 - [STDERR_REDIRECT] [Fatal Error] :1:1: Premature end of file.
2025-12-17 19:18:32,626 [ERROR] LogOutputStream:75 - [STDERR_REDIRECT] 
2025-12-17 19:18:33,625 [ERROR] LogOutputStream:75 - [STDERR_REDIRECT] [Fatal Error] :1:1: Premature end of file.
2025-12-17 19:18:33,625 [ERROR] LogOutputStream:75 - [STDERR_REDIRECT] 
2025-12-17 19:18:34,634 [ERROR] LogOutputStream:75 - [STDERR_REDIRECT] [Fatal Error] :1:1: Premature end of file.
2025-12-17 19:18:34,634 [ERROR] LogOutputStream:75 - [STDERR_REDIRECT] 
2025-12-17 19:18:35,626 [ERROR] LogOutputStream:75 - [STDERR_REDIRECT] [Fatal Error] :1:1: Premature end of file.
2025-12-17 19:18:35,626 [ERROR] LogOutputStream:75 - [STDERR_REDIRECT] 
2025-12-17 19:18:36,624 [ERROR] LogOutputStream:75 - [STDERR_REDIRECT] [Fatal Error] :1:1: Premature end of file.
2025-12-17 19:18:36,624 [ERROR] LogOutputStream:75 - [STDERR_REDIRECT] 
2025-12-17 19:18:37,623 [ERROR] LogOutputStream:75 - [STDERR_REDIRECT] [Fatal Error] :1:1: Premature end of file.
2025-12-17 19:18:37,625 [ERROR] LogOutputStream:75 - [STDERR_REDIRECT] 
2025-12-17 19:18:38,627 [ERROR] LogOutputStream:75 - [STDERR_REDIRECT] [Fatal Error] :1:1: Premature end of file.
2025-12-17 19:18:38,628 [ERROR] LogOutputStream:75 - [STDERR_REDIRECT] 
2025-12-17 19:18:39,640 [ERROR] LogOutputStream:75 - [STDERR_REDIRECT] [Fatal Error] :1:1: Premature end of file.
2025-12-17 19:18:39,640 [ERROR] LogOutputStream:75 - [STDERR_REDIRECT] 
2025-12-17 19:18:40,614 [ERROR] LogOutputStream:75 - [STDERR_REDIRECT] [Fatal Error] :1:1: Premature end of file.
2025-12-17 19:18:40,614 [ERROR] LogOutputStream:75 - [STDERR_REDIRECT] 
2025-12-17 19:18:41,626 [ERROR] LogOutputStream:75 - [STDERR_REDIRECT] [Fatal Error] :1:1: Premature end of file.
2025-12-17 19:18:41,626 [ERROR] LogOutputStream:75 - [STDERR_REDIRECT] 
2025-12-17 19:18:42,636 [ERROR] LogOutputStream:75 - [STDERR_REDIRECT] [Fatal Error] :1:1: Premature end of file.
2025-12-17 19:18:42,636 [ERROR] LogOutputStream:75 - [STDERR_REDIRECT] 
2025-12-17 19:18:43,625 [ERROR] LogOutputStream:75 - [STDERR_REDIRECT] [Fatal Error] :1:1: Premature end of file.
2025-12-17 19:18:43,625 [ERROR] LogOutputStream:75 - [STDERR_REDIRECT] 
2025-12-17 19:18:44,624 [ERROR] LogOutputStream:75 - [STDERR_REDIRECT] [Fatal Error] :1:1: Premature end of file.
2025-12-17 19:18:44,624 [ERROR] LogOutputStream:75 - [STDERR_REDIRECT] 
2025-12-17 19:18:45,627 [ERROR] LogOutputStream:75 - [STDERR_REDIRECT] [Fatal Error] :1:1: Premature end of file.
2025-12-17 19:18:45,628 [ERROR] LogOutputStream:75 - [STDERR_REDIRECT] 
2025-12-17 19:18:46,632 [ERROR] LogOutputStream:75 - [STDERR_REDIRECT] [Fatal Error] :1:1: Premature end of file.
2025-12-17 19:18:46,632 [ERROR] LogOutputStream:75 - [STDERR_REDIRECT] 
2025-12-17 19:18:47,623 [ERROR] LogOutputStream:75 - [STDERR_REDIRECT] [Fatal Error] :1:1: Premature end of file.
2025-12-17 19:18:47,623 [ERROR] LogOutputStream:75 - [STDERR_REDIRECT] 
2025-12-17 19:18:48,622 [ERROR] LogOutputStream:75 - [STDERR_REDIRECT] [Fatal Error] :1:1: Premature end of file.
2025-12-17 19:18:48,622 [ERROR] LogOutputStream:75 - [STDERR_REDIRECT] 
2025-12-17 19:18:49,626 [ERROR] LogOutputStream:75 - [STDERR_REDIRECT] [Fatal Error] :1:1: Premature end of file.
2025-12-17 19:18:49,626 [ERROR] LogOutputStream:75 - [STDERR_REDIRECT] 
2025-12-17 19:18:50,627 [ERROR] LogOutputStream:75 - [STDERR_REDIRECT] [Fatal Error] :1:1: Premature end of file.
2025-12-17 19:18:50,628 [ERROR] LogOutputStream:75 - [STDERR_REDIRECT] 
2025-12-17 19:18:51,624 [ERROR] LogOutputStream:75 - [STDERR_REDIRECT] [Fatal Error] :1:1: Premature end of file.
2025-12-17 19:18:51,625 [ERROR] LogOutputStream:75 - [STDERR_REDIRECT] 
2025-12-17 19:18:52,626 [ERROR] LogOutputStream:75 - [STDERR_REDIRECT] [Fatal Error] :1:1: Premature end of file.
2025-12-17 19:18:52,626 [ERROR] LogOutputStream:75 - [STDERR_REDIRECT] 
2025-12-17 19:18:53,637 [ERROR] LogOutputStream:75 - [STDERR_REDIRECT] [Fatal Error] :1:1: Premature end of file.
2025-12-17 19:18:53,637 [ERROR] LogOutputStream:75 - [STDERR_REDIRECT] 
2025-12-17 19:18:54,640 [ERROR] LogOutputStream:75 - [STDERR_REDIRECT] [Fatal Error] :1:1: Premature end of file.
2025-12-17 19:18:54,640 [ERROR] LogOutputStream:75 - [STDERR_REDIRECT] 
2025-12-17 19:18:55,626 [ERROR] LogOutputStream:75 - [STDERR_REDIRECT] [Fatal Error] :1:1: Premature end of file.
2025-12-17 19:18:55,627 [ERROR] LogOutputStream:75 - [STDERR_REDIRECT] 
2025-12-17 19:18:56,623 [ERROR] LogOutputStream:75 - [STDERR_REDIRECT] [Fatal Error] :1:1: Premature end of file.
2025-12-17 19:18:56,623 [ERROR] LogOutputStream:75 - [STDERR_REDIRECT] 
2025-12-17 19:18:57,625 [ERROR] LogOutputStream:75 - [STDERR_REDIRECT] [Fatal Error] :1:1: Premature end of file.
2025-12-17 19:18:57,625 [ERROR] LogOutputStream:75 - [STDERR_REDIRECT] 
2025-12-17 19:18:58,623 [ERROR] LogOutputStream:75 - [STDERR_REDIRECT] [Fatal Error] :1:1: Premature end of file.
2025-12-17 19:18:58,623 [ERROR] LogOutputStream:75 - [STDERR_REDIRECT] 
2025-12-17 19:18:59,630 [ERROR] LogOutputStream:75 - [STDERR_REDIRECT] [Fatal Error] :1:1: Premature end of file.
2025-12-17 19:18:59,630 [ERROR] LogOutputStream:75 - [STDERR_REDIRECT] 
2025-12-17 19:19:00,644 [ERROR] LogOutputStream:75 - [STDERR_REDIRECT] [Fatal Error] :1:1: Premature end of file.
2025-12-17 19:19:00,645 [ERROR] LogOutputStream:75 - [STDERR_REDIRECT] 
2025-12-17 19:19:01,623 [ERROR] LogOutputStream:75 - [STDERR_REDIRECT] [Fatal Error] :1:1: Premature end of file.
2025-12-17 19:19:01,623 [ERROR] LogOutputStream:75 - [STDERR_REDIRECT] 
2025-12-17 19:19:02,636 [ERROR] LogOutputStream:75 - [STDERR_REDIRECT] [Fatal Error] :1:1: Premature end of file.
2025-12-17 19:19:02,637 [ERROR] LogOutputStream:75 - [STDERR_REDIRECT] 
2025-12-17 19:19:03,627 [ERROR] LogOutputStream:75 - [STDERR_REDIRECT] [Fatal Error] :1:1: Premature end of file.
2025-12-17 19:19:03,627 [ERROR] LogOutputStream:75 - [STDERR_REDIRECT] 
2025-12-17 19:19:04,623 [ERROR] LogOutputStream:75 - [STDERR_REDIRECT] [Fatal Error] :1:1: Premature end of file.
2025-12-17 19:19:04,623 [ERROR] LogOutputStream:75 - [STDERR_REDIRECT] 
2025-12-17 19:19:05,621 [ERROR] LogOutputStream:75 - [STDERR_REDIRECT] [Fatal Error] :1:1: Premature end of file.
2025-12-17 19:19:05,622 [ERROR] LogOutputStream:75 - [STDERR_REDIRECT] 
2025-12-17 19:19:06,626 [ERROR] LogOutputStream:75 - [STDERR_REDIRECT] [Fatal Error] :1:1: Premature end of file.
2025-12-17 19:19:06,627 [ERROR] LogOutputStream:75 - [STDERR_REDIRECT] 
2025-12-17 19:19:07,623 [ERROR] LogOutputStream:75 - [STDERR_REDIRECT] [Fatal Error] :1:1: Premature end of file.
2025-12-17 19:19:07,623 [ERROR] LogOutputStream:75 - [STDERR_REDIRECT] 
2025-12-17 19:19:08,628 [ERROR] LogOutputStream:75 - [STDERR_REDIRECT] [Fatal Error] :1:1: Premature end of file.
2025-12-17 19:19:08,628 [ERROR] LogOutputStream:75 - [STDERR_REDIRECT] 
2025-12-17 19:19:09,629 [ERROR] LogOutputStream:75 - [STDERR_REDIRECT] [Fatal Error] :1:1: Premature end of file.
2025-12-17 19:19:09,630 [ERROR] LogOutputStream:75 - [STDERR_REDIRECT] 
2025-12-17 19:19:10,623 [ERROR] LogOutputStream:75 - [STDERR_REDIRECT] [Fatal Error] :1:1: Premature end of file.
2025-12-17 19:19:10,623 [ERROR] LogOutputStream:75 - [STDERR_REDIRECT] 
2025-12-17 19:19:11,633 [ERROR] LogOutputStream:75 - [STDERR_REDIRECT] [Fatal Error] :1:1: Premature end of file.
2025-12-17 19:19:11,633 [ERROR] LogOutputStream:75 - [STDERR_REDIRECT] 
2025-12-17 19:19:12,626 [ERROR] LogOutputStream:75 - [STDERR_REDIRECT] [Fatal Error] :1:1: Premature end of file.
2025-12-17 19:19:12,626 [ERROR] LogOutputStream:75 - [STDERR_REDIRECT] 
2025-12-17 19:19:13,623 [ERROR] LogOutputStream:75 - [STDERR_REDIRECT] [Fatal Error] :1:1: Premature end of file.
2025-12-17 19:19:13,623 [ERROR] LogOutputStream:75 - [STDERR_REDIRECT] 
2025-12-17 19:19:14,626 [ERROR] LogOutputStream:75 - [STDERR_REDIRECT] [Fatal Error] :1:1: Premature end of file.
2025-12-17 19:19:14,627 [ERROR] LogOutputStream:75 - [STDERR_REDIRECT] 
2025-12-17 19:19:15,624 [ERROR] LogOutputStream:75 - [STDERR_REDIRECT] [Fatal Error] :1:1: Premature end of file.
2025-12-17 19:19:15,624 [ERROR] LogOutputStream:75 - [STDERR_REDIRECT] 
2025-12-17 19:19:16,625 [ERROR] LogOutputStream:75 - [STDERR_REDIRECT] [Fatal Error] :1:1: Premature end of file.
2025-12-17 19:19:16,625 [ERROR] LogOutputStream:75 - [STDERR_REDIRECT] 
2025-12-17 19:19:17,624 [ERROR] LogOutputStream:75 - [STDERR_REDIRECT] [Fatal Error] :1:1: Premature end of file.
2025-12-17 19:19:17,624 [ERROR] LogOutputStream:75 - [STDERR_REDIRECT] 
2025-12-17 19:19:18,627 [ERROR] LogOutputStream:75 - [STDERR_REDIRECT] [Fatal Error] :1:1: Premature end of file.
2025-12-17 19:19:18,627 [ERROR] LogOutputStream:75 - [STDERR_REDIRECT] 
2025-12-17 19:19:19,623 [ERROR] LogOutputStream:75 - [STDERR_REDIRECT] [Fatal Error] :1:1: Premature end of file.
2025-12-17 19:19:19,623 [ERROR] LogOutputStream:75 - [STDERR_REDIRECT] 
2025-12-17 19:19:20,626 [ERROR] LogOutputStream:75 - [STDERR_REDIRECT] [Fatal Error] :1:1: Premature end of file.
2025-12-17 19:19:20,627 [ERROR] LogOutputStream:75 - [STDERR_REDIRECT] 
2025-12-17 19:19:21,623 [ERROR] LogOutputStream:75 - [STDERR_REDIRECT] [Fatal Error] :1:1: Premature end of file.
2025-12-17 19:19:21,623 [ERROR] LogOutputStream:75 - [STDERR_REDIRECT] 
2025-12-17 19:19:22,628 [ERROR] LogOutputStream:75 - [STDERR_REDIRECT] [Fatal Error] :1:1: Premature end of file.
2025-12-17 19:19:22,628 [ERROR] LogOutputStream:75 - [STDERR_REDIRECT] 
2025-12-17 19:19:23,623 [ERROR] LogOutputStream:75 - [STDERR_REDIRECT] [Fatal Error] :1:1: Premature end of file.
2025-12-17 19:19:23,624 [ERROR] LogOutputStream:75 - [STDERR_REDIRECT] 
2025-12-17 19:19:24,626 [ERROR] LogOutputStream:75 - [STDERR_REDIRECT] [Fatal Error] :1:1: Premature end of file.
2025-12-17 19:19:24,626 [ERROR] LogOutputStream:75 - [STDERR_REDIRECT] 
2025-12-17 19:19:25,627 [ERROR] LogOutputStream:75 - [STDERR_REDIRECT] [Fatal Error] :1:1: Premature end of file.
2025-12-17 19:19:25,627 [ERROR] LogOutputStream:75 - [STDERR_REDIRECT] 
2025-12-17 19:19:26,624 [ERROR] LogOutputStream:75 - [STDERR_REDIRECT] [Fatal Error] :1:1: Premature end of file.
2025-12-17 19:19:26,625 [ERROR] LogOutputStream:75 - [STDERR_REDIRECT] 
2025-12-17 19:19:27,629 [ERROR] LogOutputStream:75 - [STDERR_REDIRECT] [Fatal Error] :1:1: Premature end of file.
2025-12-17 19:19:27,630 [ERROR] LogOutputStream:75 - [STDERR_REDIRECT] 
2025-12-17 19:19:28,629 [ERROR] LogOutputStream:75 - [STDERR_REDIRECT] [Fatal Error] :1:1: Premature end of file.
2025-12-17 19:19:28,629 [ERROR] LogOutputStream:75 - [STDERR_REDIRECT] 
2025-12-17 19:19:29,628 [ERROR] LogOutputStream:75 - [STDERR_REDIRECT] [Fatal Error] :1:1: Premature end of file.
2025-12-17 19:19:29,628 [ERROR] LogOutputStream:75 - [STDERR_REDIRECT] 
2025-12-17 19:19:30,628 [ERROR] LogOutputStream:75 - [STDERR_REDIRECT] [Fatal Error] :1:1: Premature end of file.
2025-12-17 19:19:30,628 [ERROR] LogOutputStream:75 - [STDERR_REDIRECT] 
2025-12-17 19:19:31,626 [ERROR] LogOutputStream:75 - [STDERR_REDIRECT] [Fatal Error] :1:1: Premature end of file.
2025-12-17 19:19:31,627 [ERROR] LogOutputStream:75 - [STDERR_REDIRECT] 
2025-12-17 19:19:32,624 [ERROR] LogOutputStream:75 - [STDERR_REDIRECT] [Fatal Error] :1:1: Premature end of file.
2025-12-17 19:19:32,625 [ERROR] LogOutputStream:75 - [STDERR_REDIRECT] 
2025-12-17 19:19:33,623 [ERROR] LogOutputStream:75 - [STDERR_REDIRECT] [Fatal Error] :1:1: Premature end of file.
2025-12-17 19:19:33,623 [ERROR] LogOutputStream:75 - [STDERR_REDIRECT] 
2025-12-17 19:19:34,626 [ERROR] LogOutputStream:75 - [STDERR_REDIRECT] [Fatal Error] :1:1: Premature end of file.
2025-12-17 19:19:34,626 [ERROR] LogOutputStream:75 - [STDERR_REDIRECT] 
2025-12-17 19:19:35,626 [ERROR] LogOutputStream:75 - [STDERR_REDIRECT] [Fatal Error] :1:1: Premature end of file.
2025-12-17 19:19:35,626 [ERROR] LogOutputStream:75 - [STDERR_REDIRECT] 
2025-12-17 19:19:36,632 [ERROR] LogOutputStream:75 - [STDERR_REDIRECT] [Fatal Error] :1:1: Premature end of file.
2025-12-17 19:19:36,633 [ERROR] LogOutputStream:75 - [STDERR_REDIRECT] 
2025-12-17 19:19:37,625 [ERROR] LogOutputStream:75 - [STDERR_REDIRECT] [Fatal Error] :1:1: Premature end of file.
2025-12-17 19:19:37,625 [ERROR] LogOutputStream:75 - [STDERR_REDIRECT] 
2025-12-17 19:19:38,631 [ERROR] LogOutputStream:75 - [STDERR_REDIRECT] [Fatal Error] :1:1: Premature end of file.
2025-12-17 19:19:38,631 [ERROR] LogOutputStream:75 - [STDERR_REDIRECT] 
2025-12-17 19:19:39,624 [ERROR] LogOutputStream:75 - [STDERR_REDIRECT] [Fatal Error] :1:1: Premature end of file.
2025-12-17 19:19:39,624 [ERROR] LogOutputStream:75 - [STDERR_REDIRECT] 
2025-12-17 19:19:40,627 [ERROR] LogOutputStream:75 - [STDERR_REDIRECT] [Fatal Error] :1:1: Premature end of file.
2025-12-17 19:19:40,627 [ERROR] LogOutputStream:75 - [STDERR_REDIRECT] 
2025-12-17 19:19:41,631 [ERROR] LogOutputStream:75 - [STDERR_REDIRECT] [Fatal Error] :1:1: Premature end of file.
2025-12-17 19:19:41,631 [ERROR] LogOutputStream:75 - [STDERR_REDIRECT] 
2025-12-17 19:19:42,627 [ERROR] LogOutputStream:75 - [STDERR_REDIRECT] [Fatal Error] :1:1: Premature end of file.
2025-12-17 19:19:42,627 [ERROR] LogOutputStream:75 - [STDERR_REDIRECT] 
2025-12-17 19:19:43,625 [ERROR] LogOutputStream:75 - [STDERR_REDIRECT] [Fatal Error] :1:1: Premature end of file.
2025-12-17 19:19:43,625 [ERROR] LogOutputStream:75 - [STDERR_REDIRECT] 
2025-12-17 19:19:44,629 [ERROR] LogOutputStream:75 - [STDERR_REDIRECT] [Fatal Error] :1:1: Premature end of file.
2025-12-17 19:19:44,629 [ERROR] LogOutputStream:75 - [STDERR_REDIRECT] 
2025-12-17 19:19:45,626 [ERROR] LogOutputStream:75 - [STDERR_REDIRECT] [Fatal Error] :1:1: Premature end of file.
2025-12-17 19:19:45,626 [ERROR] LogOutputStream:75 - [STDERR_REDIRECT] 
2025-12-17 19:19:46,624 [ERROR] LogOutputStream:75 - [STDERR_REDIRECT] [Fatal Error] :1:1: Premature end of file.
2025-12-17 19:19:46,625 [ERROR] LogOutputStream:75 - [STDERR_REDIRECT] 
2025-12-17 19:19:47,627 [ERROR] LogOutputStream:75 - [STDERR_REDIRECT] [Fatal Error] :1:1: Premature end of file.
2025-12-17 19:19:47,627 [ERROR] LogOutputStream:75 - [STDERR_REDIRECT] 
2025-12-17 19:19:48,623 [ERROR] LogOutputStream:75 - [STDERR_REDIRECT] [Fatal Error] :1:1: Premature end of file.
2025-12-17 19:19:48,623 [ERROR] LogOutputStream:75 - [STDERR_REDIRECT] 
2025-12-17 19:19:49,627 [ERROR] LogOutputStream:75 - [STDERR_REDIRECT] [Fatal Error] :1:1: Premature end of file.
2025-12-17 19:19:49,627 [ERROR] LogOutputStream:75 - [STDERR_REDIRECT] 
2025-12-17 19:19:50,628 [ERROR] LogOutputStream:75 - [STDERR_REDIRECT] [Fatal Error] :1:1: Premature end of file.
2025-12-17 19:19:50,628 [ERROR] LogOutputStream:75 - [STDERR_REDIRECT] 
2025-12-17 19:19:51,627 [ERROR] LogOutputStream:75 - [STDERR_REDIRECT] [Fatal Error] :1:1: Premature end of file.
2025-12-17 19:19:51,627 [ERROR] LogOutputStream:75 - [STDERR_REDIRECT] 
2025-12-17 19:19:52,624 [ERROR] LogOutputStream:75 - [STDERR_REDIRECT] [Fatal Error] :1:1: Premature end of file.
2025-12-17 19:19:52,624 [ERROR] LogOutputStream:75 - [STDERR_REDIRECT] 
2025-12-17 19:19:53,627 [ERROR] LogOutputStream:75 - [STDERR_REDIRECT] [Fatal Error] :1:1: Premature end of file.
2025-12-17 19:19:53,627 [ERROR] LogOutputStream:75 - [STDERR_REDIRECT] 
2025-12-17 19:19:54,626 [ERROR] LogOutputStream:75 - [STDERR_REDIRECT] [Fatal Error] :1:1: Premature end of file.
2025-12-17 19:19:54,626 [ERROR] LogOutputStream:75 - [STDERR_REDIRECT] 
2025-12-17 19:19:55,635 [ERROR] LogOutputStream:75 - [STDERR_REDIRECT] [Fatal Error] :1:1: Premature end of file.
2025-12-17 19:19:55,635 [ERROR] LogOutputStream:75 - [STDERR_REDIRECT] 
2025-12-17 19:19:56,625 [ERROR] LogOutputStream:75 - [STDERR_REDIRECT] [Fatal Error] :1:1: Premature end of file.
2025-12-17 19:19:56,625 [ERROR] LogOutputStream:75 - [STDERR_REDIRECT] 
2025-12-17 19:19:57,624 [ERROR] LogOutputStream:75 - [STDERR_REDIRECT] [Fatal Error] :1:1: Premature end of file.
2025-12-17 19:19:57,624 [ERROR] LogOutputStream:75 - [STDERR_REDIRECT] 
2025-12-17 19:19:58,634 [ERROR] LogOutputStream:75 - [STDERR_REDIRECT] [Fatal Error] :1:1: Premature end of file.
2025-12-17 19:19:58,634 [ERROR] LogOutputStream:75 - [STDERR_REDIRECT] 
2025-12-17 19:19:59,629 [ERROR] LogOutputStream:75 - [STDERR_REDIRECT] [Fatal Error] :1:1: Premature end of file.
2025-12-17 19:19:59,629 [ERROR] LogOutputStream:75 - [STDERR_REDIRECT] 
2025-12-17 19:20:00,625 [ERROR] LogOutputStream:75 - [STDERR_REDIRECT] [Fatal Error] :1:1: Premature end of file.
2025-12-17 19:20:00,625 [ERROR] LogOutputStream:75 - [STDERR_REDIRECT] 
2025-12-17 19:20:01,629 [ERROR] LogOutputStream:75 - [STDERR_REDIRECT] [Fatal Error] :1:1: Premature end of file.
2025-12-17 19:20:01,629 [ERROR] LogOutputStream:75 - [STDERR_REDIRECT] 
2025-12-17 19:20:02,626 [ERROR] LogOutputStream:75 - [STDERR_REDIRECT] [Fatal Error] :1:1: Premature end of file.
2025-12-17 19:20:02,626 [ERROR] LogOutputStream:75 - [STDERR_REDIRECT] 
2025-12-17 19:20:03,632 [ERROR] LogOutputStream:75 - [STDERR_REDIRECT] [Fatal Error] :1:1: Premature end of file.
2025-12-17 19:20:03,632 [ERROR] LogOutputStream:75 - [STDERR_REDIRECT] 
2025-12-17 19:20:04,629 [ERROR] LogOutputStream:75 - [STDERR_REDIRECT] [Fatal Error] :1:1: Premature end of file.
2025-12-17 19:20:04,629 [ERROR] LogOutputStream:75 - [STDERR_REDIRECT] 
2025-12-17 19:20:05,636 [ERROR] LogOutputStream:75 - [STDERR_REDIRECT] [Fatal Error] :1:1: Premature end of file.
2025-12-17 19:20:05,636 [ERROR] LogOutputStream:75 - [STDERR_REDIRECT] 
2025-12-17 19:20:06,643 [ERROR] LogOutputStream:75 - [STDERR_REDIRECT] [Fatal Error] :1:1: Premature end of file.
2025-12-17 19:20:06,643 [ERROR] LogOutputStream:75 - [STDERR_REDIRECT] 
2025-12-17 19:20:07,630 [ERROR] LogOutputStream:75 - [STDERR_REDIRECT] [Fatal Error] :1:1: Premature end of file.
2025-12-17 19:20:07,630 [ERROR] LogOutputStream:75 - [STDERR_REDIRECT] 
2025-12-17 19:20:08,630 [ERROR] LogOutputStream:75 - [STDERR_REDIRECT] [Fatal Error] :1:1: Premature end of file.
2025-12-17 19:20:08,630 [ERROR] LogOutputStream:75 - [STDERR_REDIRECT] 
2025-12-17 19:20:09,630 [ERROR] LogOutputStream:75 - [STDERR_REDIRECT] [Fatal Error] :1:1: Premature end of file.
2025-12-17 19:20:09,630 [ERROR] LogOutputStream:75 - [STDERR_REDIRECT] 
2025-12-17 19:20:10,633 [ERROR] LogOutputStream:75 - [STDERR_REDIRECT] [Fatal Error] :1:1: Premature end of file.
2025-12-17 19:20:10,633 [ERROR] LogOutputStream:75 - [STDERR_REDIRECT] 
2025-12-17 19:20:11,633 [ERROR] LogOutputStream:75 - [STDERR_REDIRECT] [Fatal Error] :1:1: Premature end of file.
2025-12-17 19:20:11,633 [ERROR] LogOutputStream:75 - [STDERR_REDIRECT] 
2025-12-17 19:20:12,626 [ERROR] LogOutputStream:75 - [STDERR_REDIRECT] [Fatal Error] :1:1: Premature end of file.
2025-12-17 19:20:12,626 [ERROR] LogOutputStream:75 - [STDERR_REDIRECT] 
2025-12-17 19:20:13,615 [ERROR] LogOutputStream:75 - [STDERR_REDIRECT] [Fatal Error] :1:1: Premature end of file.
2025-12-17 19:20:13,616 [ERROR] LogOutputStream:75 - [STDERR_REDIRECT] 
2025-12-17 19:20:14,615 [ERROR] LogOutputStream:75 - [STDERR_REDIRECT] [Fatal Error] :1:1: Premature end of file.
2025-12-17 19:20:14,615 [ERROR] LogOutputStream:75 - [STDERR_REDIRECT] 
2025-12-17 19:20:15,615 [ERROR] LogOutputStream:75 - [STDERR_REDIRECT] [Fatal Error] :1:1: Premature end of file.
2025-12-17 19:20:15,615 [ERROR] LogOutputStream:75 - [STDERR_REDIRECT] 
2025-12-17 19:20:16,626 [ERROR] LogOutputStream:75 - [STDERR_REDIRECT] [Fatal Error] :1:1: Premature end of file.
2025-12-17 19:20:16,626 [ERROR] LogOutputStream:75 - [STDERR_REDIRECT] 
2025-12-17 19:20:17,628 [ERROR] LogOutputStream:75 - [STDERR_REDIRECT] [Fatal Error] :1:1: Premature end of file.
2025-12-17 19:20:17,628 [ERROR] LogOutputStream:75 - [STDERR_REDIRECT] 
2025-12-17 19:20:18,623 [ERROR] LogOutputStream:75 - [STDERR_REDIRECT] [Fatal Error] :1:1: Premature end of file.
2025-12-17 19:20:18,623 [ERROR] LogOutputStream:75 - [STDERR_REDIRECT] 
2025-12-17 19:20:19,628 [ERROR] LogOutputStream:75 - [STDERR_REDIRECT] [Fatal Error] :1:1: Premature end of file.
2025-12-17 19:20:19,628 [ERROR] LogOutputStream:75 - [STDERR_REDIRECT] 
2025-12-17 19:20:20,625 [ERROR] LogOutputStream:75 - [STDERR_REDIRECT] [Fatal Error] :1:1: Premature end of file.
2025-12-17 19:20:20,626 [ERROR] LogOutputStream:75 - [STDERR_REDIRECT] 
2025-12-17 19:20:21,628 [ERROR] LogOutputStream:75 - [STDERR_REDIRECT] [Fatal Error] :1:1: Premature end of file.
2025-12-17 19:20:21,628 [ERROR] LogOutputStream:75 - [STDERR_REDIRECT] 
2025-12-17 19:20:22,628 [ERROR] LogOutputStream:75 - [STDERR_REDIRECT] [Fatal Error] :1:1: Premature end of file.
2025-12-17 19:20:22,629 [ERROR] LogOutputStream:75 - [STDERR_REDIRECT] 
2025-12-17 19:20:23,626 [ERROR] LogOutputStream:75 - [STDERR_REDIRECT] [Fatal Error] :1:1: Premature end of file.
2025-12-17 19:20:23,626 [ERROR] LogOutputStream:75 - [STDERR_REDIRECT] 
2025-12-17 19:20:24,628 [ERROR] LogOutputStream:75 - [STDERR_REDIRECT] [Fatal Error] :1:1: Premature end of file.
2025-12-17 19:20:24,628 [ERROR] LogOutputStream:75 - [STDERR_REDIRECT] 
2025-12-17 19:20:25,624 [ERROR] LogOutputStream:75 - [STDERR_REDIRECT] [Fatal Error] :1:1: Premature end of file.
2025-12-17 19:20:25,625 [ERROR] LogOutputStream:75 - [STDERR_REDIRECT] 
2025-12-17 19:20:26,627 [ERROR] LogOutputStream:75 - [STDERR_REDIRECT] [Fatal Error] :1:1: Premature end of file.
2025-12-17 19:20:26,627 [ERROR] LogOutputStream:75 - [STDERR_REDIRECT] 
2025-12-17 19:20:27,626 [ERROR] LogOutputStream:75 - [STDERR_REDIRECT] [Fatal Error] :1:1: Premature end of file.
2025-12-17 19:20:27,627 [ERROR] LogOutputStream:75 - [STDERR_REDIRECT] 
2025-12-17 19:20:28,627 [ERROR] LogOutputStream:75 - [STDERR_REDIRECT] [Fatal Error] :1:1: Premature end of file.
2025-12-17 19:20:28,627 [ERROR] LogOutputStream:75 - [STDERR_REDIRECT] 
2025-12-17 19:20:29,626 [ERROR] LogOutputStream:75 - [STDERR_REDIRECT] [Fatal Error] :1:1: Premature end of file.
2025-12-17 19:20:29,627 [ERROR] LogOutputStream:75 - [STDERR_REDIRECT] 
2025-12-17 19:20:30,627 [ERROR] LogOutputStream:75 - [STDERR_REDIRECT] [Fatal Error] :1:1: Premature end of file.
2025-12-17 19:20:30,627 [ERROR] LogOutputStream:75 - [STDERR_REDIRECT] 
2025-12-17 19:20:31,623 [ERROR] LogOutputStream:75 - [STDERR_REDIRECT] [Fatal Error] :1:1: Premature end of file.
2025-12-17 19:20:31,623 [ERROR] LogOutputStream:75 - [STDERR_REDIRECT] 
2025-12-17 19:20:32,625 [ERROR] LogOutputStream:75 - [STDERR_REDIRECT] [Fatal Error] :1:1: Premature end of file.
2025-12-17 19:20:32,625 [ERROR] LogOutputStream:75 - [STDERR_REDIRECT] 
2025-12-17 19:20:33,627 [ERROR] LogOutputStream:75 - [STDERR_REDIRECT] [Fatal Error] :1:1: Premature end of file.
2025-12-17 19:20:33,627 [ERROR] LogOutputStream:75 - [STDERR_REDIRECT] 
2025-12-17 19:20:34,624 [ERROR] LogOutputStream:75 - [STDERR_REDIRECT] [Fatal Error] :1:1: Premature end of file.
2025-12-17 19:20:34,624 [ERROR] LogOutputStream:75 - [STDERR_REDIRECT] 
2025-12-17 19:20:35,638 [ERROR] LogOutputStream:75 - [STDERR_REDIRECT] [Fatal Error] :1:1: Premature end of file.
2025-12-17 19:20:35,638 [ERROR] LogOutputStream:75 - [STDERR_REDIRECT] 
2025-12-17 19:20:36,631 [ERROR] LogOutputStream:75 - [STDERR_REDIRECT] [Fatal Error] :1:1: Premature end of file.
2025-12-17 19:20:36,632 [ERROR] LogOutputStream:75 - [STDERR_REDIRECT] 
2025-12-17 19:20:37,638 [ERROR] LogOutputStream:75 - [STDERR_REDIRECT] [Fatal Error] :1:1: Premature end of file.
2025-12-17 19:20:37,638 [ERROR] LogOutputStream:75 - [STDERR_REDIRECT] 
2025-12-17 19:20:38,633 [ERROR] LogOutputStream:75 - [STDERR_REDIRECT] [Fatal Error] :1:1: Premature end of file.
2025-12-17 19:20:38,633 [ERROR] LogOutputStream:75 - [STDERR_REDIRECT] 
2025-12-17 19:20:39,626 [ERROR] LogOutputStream:75 - [STDERR_REDIRECT] [Fatal Error] :1:1: Premature end of file.
2025-12-17 19:20:39,626 [ERROR] LogOutputStream:75 - [STDERR_REDIRECT] 
2025-12-17 19:20:40,627 [ERROR] LogOutputStream:75 - [STDERR_REDIRECT] [Fatal Error] :1:1: Premature end of file.
2025-12-17 19:20:40,628 [ERROR] LogOutputStream:75 - [STDERR_REDIRECT] 
2025-12-17 19:20:41,635 [ERROR] LogOutputStream:75 - [STDERR_REDIRECT] [Fatal Error] :1:1: Premature end of file.
2025-12-17 19:20:41,635 [ERROR] LogOutputStream:75 - [STDERR_REDIRECT] 
2025-12-17 19:20:42,626 [ERROR] LogOutputStream:75 - [STDERR_REDIRECT] [Fatal Error] :1:1: Premature end of file.
2025-12-17 19:20:42,626 [ERROR] LogOutputStream:75 - [STDERR_REDIRECT] 
2025-12-17 19:20:43,627 [ERROR] LogOutputStream:75 - [STDERR_REDIRECT] [Fatal Error] :1:1: Premature end of file.
2025-12-17 19:20:43,627 [ERROR] LogOutputStream:75 - [STDERR_REDIRECT] 
2025-12-17 19:20:44,631 [ERROR] LogOutputStream:75 - [STDERR_REDIRECT] [Fatal Error] :1:1: Premature end of file.
2025-12-17 19:20:44,631 [ERROR] LogOutputStream:75 - [STDERR_REDIRECT] 
2025-12-17 19:20:45,628 [ERROR] LogOutputStream:75 - [STDERR_REDIRECT] [Fatal Error] :1:1: Premature end of file.
2025-12-17 19:20:45,628 [ERROR] LogOutputStream:75 - [STDERR_REDIRECT] 
2025-12-17 19:20:46,623 [ERROR] LogOutputStream:75 - [STDERR_REDIRECT] [Fatal Error] :1:1: Premature end of file.
2025-12-17 19:20:46,623 [ERROR] LogOutputStream:75 - [STDERR_REDIRECT] 
2025-12-17 19:20:47,625 [ERROR] LogOutputStream:75 - [STDERR_REDIRECT] [Fatal Error] :1:1: Premature end of file.
2025-12-17 19:20:47,625 [ERROR] LogOutputStream:75 - [STDERR_REDIRECT] 
2025-12-17 19:20:48,657 [ERROR] LogOutputStream:75 - [STDERR_REDIRECT] [Fatal Error] :1:1: Premature end of file.
2025-12-17 19:20:48,658 [ERROR] LogOutputStream:75 - [STDERR_REDIRECT] 
2025-12-17 19:20:49,632 [ERROR] LogOutputStream:75 - [STDERR_REDIRECT] [Fatal Error] :1:1: Premature end of file.
2025-12-17 19:20:49,633 [ERROR] LogOutputStream:75 - [STDERR_REDIRECT] 
2025-12-17 19:20:50,628 [ERROR] LogOutputStream:75 - [STDERR_REDIRECT] [Fatal Error] :1:1: Premature end of file.
2025-12-17 19:20:50,628 [ERROR] LogOutputStream:75 - [STDERR_REDIRECT] 
2025-12-17 19:20:51,624 [ERROR] LogOutputStream:75 - [STDERR_REDIRECT] [Fatal Error] :1:1: Premature end of file.
2025-12-17 19:20:51,624 [ERROR] LogOutputStream:75 - [STDERR_REDIRECT] 
2025-12-17 19:20:52,622 [ERROR] LogOutputStream:75 - [STDERR_REDIRECT] [Fatal Error] :1:1: Premature end of file.
2025-12-17 19:20:52,622 [ERROR] LogOutputStream:75 - [STDERR_REDIRECT] 
2025-12-17 19:20:53,625 [ERROR] LogOutputStream:75 - [STDERR_REDIRECT] [Fatal Error] :1:1: Premature end of file.
2025-12-17 19:20:53,625 [ERROR] LogOutputStream:75 - [STDERR_REDIRECT] 
2025-12-17 19:20:54,623 [ERROR] LogOutputStream:75 - [STDERR_REDIRECT] [Fatal Error] :1:1: Premature end of file.
2025-12-17 19:20:54,623 [ERROR] LogOutputStream:75 - [STDERR_REDIRECT] 
2025-12-17 19:20:55,626 [ERROR] LogOutputStream:75 - [STDERR_REDIRECT] [Fatal Error] :1:1: Premature end of file.
2025-12-17 19:20:55,626 [ERROR] LogOutputStream:75 - [STDERR_REDIRECT] 
2025-12-17 19:20:56,626 [ERROR] LogOutputStream:75 - [STDERR_REDIRECT] [Fatal Error] :1:1: Premature end of file.
2025-12-17 19:20:56,626 [ERROR] LogOutputStream:75 - [STDERR_REDIRECT] 
2025-12-17 19:20:57,631 [ERROR] LogOutputStream:75 - [STDERR_REDIRECT] [Fatal Error] :1:1: Premature end of file.
2025-12-17 19:20:57,631 [ERROR] LogOutputStream:75 - [STDERR_REDIRECT] 
2025-12-17 19:20:58,626 [ERROR] LogOutputStream:75 - [STDERR_REDIRECT] [Fatal Error] :1:1: Premature end of file.
2025-12-17 19:20:58,626 [ERROR] LogOutputStream:75 - [STDERR_REDIRECT] 
2025-12-17 19:20:59,624 [ERROR] LogOutputStream:75 - [STDERR_REDIRECT] [Fatal Error] :1:1: Premature end of file.
2025-12-17 19:20:59,624 [ERROR] LogOutputStream:75 - [STDERR_REDIRECT] 
2025-12-17 19:21:00,624 [ERROR] LogOutputStream:75 - [STDERR_REDIRECT] [Fatal Error] :1:1: Premature end of file.
2025-12-17 19:21:00,624 [ERROR] LogOutputStream:75 - [STDERR_REDIRECT] 
2025-12-17 19:21:01,625 [ERROR] LogOutputStream:75 - [STDERR_REDIRECT] [Fatal Error] :1:1: Premature end of file.
2025-12-17 19:21:01,626 [ERROR] LogOutputStream:75 - [STDERR_REDIRECT] 
2025-12-17 19:21:02,624 [ERROR] LogOutputStream:75 - [STDERR_REDIRECT] [Fatal Error] :1:1: Premature end of file.
2025-12-17 19:21:02,624 [ERROR] LogOutputStream:75 - [STDERR_REDIRECT] 
2025-12-17 19:21:03,626 [ERROR] LogOutputStream:75 - [STDERR_REDIRECT] [Fatal Error] :1:1: Premature end of file.
2025-12-17 19:21:03,626 [ERROR] LogOutputStream:75 - [STDERR_REDIRECT] 
2025-12-17 19:21:04,623 [ERROR] LogOutputStream:75 - [STDERR_REDIRECT] [Fatal Error] :1:1: Premature end of file.
2025-12-17 19:21:04,623 [ERROR] LogOutputStream:75 - [STDERR_REDIRECT] 
2025-12-17 19:21:05,623 [ERROR] LogOutputStream:75 - [STDERR_REDIRECT] [Fatal Error] :1:1: Premature end of file.
2025-12-17 19:21:05,623 [ERROR] LogOutputStream:75 - [STDERR_REDIRECT] 
2025-12-17 19:21:06,628 [ERROR] LogOutputStream:75 - [STDERR_REDIRECT] [Fatal Error] :1:1: Premature end of file.
2025-12-17 19:21:06,628 [ERROR] LogOutputStream:75 - [STDERR_REDIRECT] 
2025-12-17 19:21:07,632 [ERROR] LogOutputStream:75 - [STDERR_REDIRECT] [Fatal Error] :1:1: Premature end of file.
2025-12-17 19:21:07,632 [ERROR] LogOutputStream:75 - [STDERR_REDIRECT] 
2025-12-17 19:21:08,629 [ERROR] LogOutputStream:75 - [STDERR_REDIRECT] [Fatal Error] :1:1: Premature end of file.
2025-12-17 19:21:08,629 [ERROR] LogOutputStream:75 - [STDERR_REDIRECT] 
2025-12-17 19:21:09,625 [ERROR] LogOutputStream:75 - [STDERR_REDIRECT] [Fatal Error] :1:1: Premature end of file.
2025-12-17 19:21:09,625 [ERROR] LogOutputStream:75 - [STDERR_REDIRECT] 
2025-12-17 19:21:10,623 [ERROR] LogOutputStream:75 - [STDERR_REDIRECT] [Fatal Error] :1:1: Premature end of file.
2025-12-17 19:21:10,623 [ERROR] LogOutputStream:75 - [STDERR_REDIRECT] 
2025-12-17 19:21:11,627 [ERROR] LogOutputStream:75 - [STDERR_REDIRECT] [Fatal Error] :1:1: Premature end of file.
2025-12-17 19:21:11,628 [ERROR] LogOutputStream:75 - [STDERR_REDIRECT] 
2025-12-17 19:21:12,626 [ERROR] LogOutputStream:75 - [STDERR_REDIRECT] [Fatal Error] :1:1: Premature end of file.
2025-12-17 19:21:12,626 [ERROR] LogOutputStream:75 - [STDERR_REDIRECT] 
2025-12-17 19:21:13,637 [ERROR] LogOutputStream:75 - [STDERR_REDIRECT] [Fatal Error] :1:1: Premature end of file.
2025-12-17 19:21:13,637 [ERROR] LogOutputStream:75 - [STDERR_REDIRECT] 
2025-12-17 19:21:14,631 [ERROR] LogOutputStream:75 - [STDERR_REDIRECT] [Fatal Error] :1:1: Premature end of file.
2025-12-17 19:21:14,631 [ERROR] LogOutputStream:75 - [STDERR_REDIRECT] 
2025-12-17 19:21:15,629 [ERROR] LogOutputStream:75 - [STDERR_REDIRECT] [Fatal Error] :1:1: Premature end of file.
2025-12-17 19:21:15,629 [ERROR] LogOutputStream:75 - [STDERR_REDIRECT] 
2025-12-17 19:21:16,642 [ERROR] LogOutputStream:75 - [STDERR_REDIRECT] [Fatal Error] :1:1: Premature end of file.
2025-12-17 19:21:16,642 [ERROR] LogOutputStream:75 - [STDERR_REDIRECT] 
2025-12-17 19:21:17,623 [ERROR] LogOutputStream:75 - [STDERR_REDIRECT] [Fatal Error] :1:1: Premature end of file.
2025-12-17 19:21:17,623 [ERROR] LogOutputStream:75 - [STDERR_REDIRECT] 
2025-12-17 19:21:18,627 [ERROR] LogOutputStream:75 - [STDERR_REDIRECT] [Fatal Error] :1:1: Premature end of file.
2025-12-17 19:21:18,627 [ERROR] LogOutputStream:75 - [STDERR_REDIRECT] 
2025-12-17 19:21:19,631 [ERROR] LogOutputStream:75 - [STDERR_REDIRECT] [Fatal Error] :1:1: Premature end of file.
2025-12-17 19:21:19,631 [ERROR] LogOutputStream:75 - [STDERR_REDIRECT] 
2025-12-17 19:21:20,621 [ERROR] LogOutputStream:75 - [STDERR_REDIRECT] [Fatal Error] :1:1: Premature end of file.
2025-12-17 19:21:20,622 [ERROR] LogOutputStream:75 - [STDERR_REDIRECT] 
2025-12-17 19:21:21,624 [ERROR] LogOutputStream:75 - [STDERR_REDIRECT] [Fatal Error] :1:1: Premature end of file.
2025-12-17 19:21:21,624 [ERROR] LogOutputStream:75 - [STDERR_REDIRECT] 
2025-12-17 19:21:22,653 [ERROR] LogOutputStream:75 - [STDERR_REDIRECT] [Fatal Error] :1:1: Premature end of file.
2025-12-17 19:21:22,653 [ERROR] LogOutputStream:75 - [STDERR_REDIRECT] 
2025-12-17 19:21:23,634 [ERROR] LogOutputStream:75 - [STDERR_REDIRECT] [Fatal Error] :1:1: Premature end of file.
2025-12-17 19:21:23,634 [ERROR] LogOutputStream:75 - [STDERR_REDIRECT] 
2025-12-17 19:21:24,627 [ERROR] LogOutputStream:75 - [STDERR_REDIRECT] [Fatal Error] :1:1: Premature end of file.
2025-12-17 19:21:24,627 [ERROR] LogOutputStream:75 - [STDERR_REDIRECT] 
2025-12-17 19:21:25,629 [ERROR] LogOutputStream:75 - [STDERR_REDIRECT] [Fatal Error] :1:1: Premature end of file.
2025-12-17 19:21:25,629 [ERROR] LogOutputStream:75 - [STDERR_REDIRECT] 
2025-12-17 19:21:26,625 [ERROR] LogOutputStream:75 - [STDERR_REDIRECT] [Fatal Error] :1:1: Premature end of file.
2025-12-17 19:21:26,625 [ERROR] LogOutputStream:75 - [STDERR_REDIRECT] 
2025-12-17 19:21:27,635 [ERROR] LogOutputStream:75 - [STDERR_REDIRECT] [Fatal Error] :1:1: Premature end of file.
2025-12-17 19:21:27,636 [ERROR] LogOutputStream:75 - [STDERR_REDIRECT] 
2025-12-17 19:21:28,622 [ERROR] LogOutputStream:75 - [STDERR_REDIRECT] [Fatal Error] :1:1: Premature end of file.
2025-12-17 19:21:28,622 [ERROR] LogOutputStream:75 - [STDERR_REDIRECT] 
2025-12-17 19:21:29,623 [ERROR] LogOutputStream:75 - [STDERR_REDIRECT] [Fatal Error] :1:1: Premature end of file.
2025-12-17 19:21:29,623 [ERROR] LogOutputStream:75 - [STDERR_REDIRECT] 
2025-12-17 19:21:30,625 [ERROR] LogOutputStream:75 - [STDERR_REDIRECT] [Fatal Error] :1:1: Premature end of file.
2025-12-17 19:21:30,625 [ERROR] LogOutputStream:75 - [STDERR_REDIRECT] 
2025-12-17 19:21:31,626 [ERROR] LogOutputStream:75 - [STDERR_REDIRECT] [Fatal Error] :1:1: Premature end of file.
2025-12-17 19:21:31,626 [ERROR] LogOutputStream:75 - [STDERR_REDIRECT] 
2025-12-17 19:21:32,623 [ERROR] LogOutputStream:75 - [STDERR_REDIRECT] [Fatal Error] :1:1: Premature end of file.
2025-12-17 19:21:32,623 [ERROR] LogOutputStream:75 - [STDERR_REDIRECT] 
2025-12-17 19:21:33,627 [ERROR] LogOutputStream:75 - [STDERR_REDIRECT] [Fatal Error] :1:1: Premature end of file.
2025-12-17 19:21:33,628 [ERROR] LogOutputStream:75 - [STDERR_REDIRECT] 
2025-12-17 19:21:34,625 [ERROR] LogOutputStream:75 - [STDERR_REDIRECT] [Fatal Error] :1:1: Premature end of file.
2025-12-17 19:21:34,625 [ERROR] LogOutputStream:75 - [STDERR_REDIRECT] 
2025-12-17 19:21:35,628 [ERROR] LogOutputStream:75 - [STDERR_REDIRECT] [Fatal Error] :1:1: Premature end of file.
2025-12-17 19:21:35,628 [ERROR] LogOutputStream:75 - [STDERR_REDIRECT] 
2025-12-17 19:21:36,630 [ERROR] LogOutputStream:75 - [STDERR_REDIRECT] [Fatal Error] :1:1: Premature end of file.
2025-12-17 19:21:36,631 [ERROR] LogOutputStream:75 - [STDERR_REDIRECT] 
2025-12-17 19:21:37,630 [ERROR] LogOutputStream:75 - [STDERR_REDIRECT] [Fatal Error] :1:1: Premature end of file.
2025-12-17 19:21:37,630 [ERROR] LogOutputStream:75 - [STDERR_REDIRECT] 
2025-12-17 19:21:38,627 [ERROR] LogOutputStream:75 - [STDERR_REDIRECT] [Fatal Error] :1:1: Premature end of file.
2025-12-17 19:21:38,627 [ERROR] LogOutputStream:75 - [STDERR_REDIRECT] 
2025-12-17 19:21:39,630 [ERROR] LogOutputStream:75 - [STDERR_REDIRECT] [Fatal Error] :1:1: Premature end of file.
2025-12-17 19:21:39,630 [ERROR] LogOutputStream:75 - [STDERR_REDIRECT] 
2025-12-17 19:21:40,613 [ERROR] LogOutputStream:75 - [STDERR_REDIRECT] [Fatal Error] :1:1: Premature end of file.
2025-12-17 19:21:40,613 [ERROR] LogOutputStream:75 - [STDERR_REDIRECT] 
2025-12-17 19:21:41,626 [ERROR] LogOutputStream:75 - [STDERR_REDIRECT] [Fatal Error] :1:1: Premature end of file.
2025-12-17 19:21:41,627 [ERROR] LogOutputStream:75 - [STDERR_REDIRECT] 
2025-12-17 19:21:42,656 [ERROR] LogOutputStream:75 - [STDERR_REDIRECT] [Fatal Error] :1:1: Premature end of file.
2025-12-17 19:21:42,656 [ERROR] LogOutputStream:75 - [STDERR_REDIRECT] 
2025-12-17 19:21:43,622 [ERROR] LogOutputStream:75 - [STDERR_REDIRECT] [Fatal Error] :1:1: Premature end of file.
2025-12-17 19:21:43,622 [ERROR] LogOutputStream:75 - [STDERR_REDIRECT] 
2025-12-17 19:21:44,630 [ERROR] LogOutputStream:75 - [STDERR_REDIRECT] [Fatal Error] :1:1: Premature end of file.
2025-12-17 19:21:44,630 [ERROR] LogOutputStream:75 - [STDERR_REDIRECT] 
2025-12-17 19:21:45,617 [ERROR] LogOutputStream:75 - [STDERR_REDIRECT] [Fatal Error] :1:1: Premature end of file.
2025-12-17 19:21:45,617 [ERROR] LogOutputStream:75 - [STDERR_REDIRECT] 
2025-12-17 19:21:46,638 [ERROR] LogOutputStream:75 - [STDERR_REDIRECT] [Fatal Error] :1:1: Premature end of file.
2025-12-17 19:21:46,638 [ERROR] LogOutputStream:75 - [STDERR_REDIRECT] 
2025-12-17 19:21:47,616 [ERROR] LogOutputStream:75 - [STDERR_REDIRECT] [Fatal Error] :1:1: Premature end of file.
2025-12-17 19:21:47,616 [ERROR] LogOutputStream:75 - [STDERR_REDIRECT] 
2025-12-17 19:21:48,619 [ERROR] LogOutputStream:75 - [STDERR_REDIRECT] [Fatal Error] :1:1: Premature end of file.
2025-12-17 19:21:48,619 [ERROR] LogOutputStream:75 - [STDERR_REDIRECT] 
2025-12-17 19:21:49,630 [ERROR] LogOutputStream:75 - [STDERR_REDIRECT] [Fatal Error] :1:1: Premature end of file.
2025-12-17 19:21:49,630 [ERROR] LogOutputStream:75 - [STDERR_REDIRECT] 
2025-12-17 19:21:50,619 [ERROR] LogOutputStream:75 - [STDERR_REDIRECT] [Fatal Error] :1:1: Premature end of file.
2025-12-17 19:21:50,619 [ERROR] LogOutputStream:75 - [STDERR_REDIRECT] 
2025-12-17 19:21:51,618 [ERROR] LogOutputStream:75 - [STDERR_REDIRECT] [Fatal Error] :1:1: Premature end of file.
2025-12-17 19:21:51,618 [ERROR] LogOutputStream:75 - [STDERR_REDIRECT] 
2025-12-17 19:21:52,613 [ERROR] LogOutputStream:75 - [STDERR_REDIRECT] [Fatal Error] :1:1: Premature end of file.
2025-12-17 19:21:52,613 [ERROR] LogOutputStream:75 - [STDERR_REDIRECT] 
2025-12-17 19:21:53,623 [ERROR] LogOutputStream:75 - [STDERR_REDIRECT] [Fatal Error] :1:1: Premature end of file.
2025-12-17 19:21:53,623 [ERROR] LogOutputStream:75 - [STDERR_REDIRECT] 
2025-12-17 19:21:54,631 [ERROR] LogOutputStream:75 - [STDERR_REDIRECT] [Fatal Error] :1:1: Premature end of file.
2025-12-17 19:21:54,631 [ERROR] LogOutputStream:75 - [STDERR_REDIRECT] 
2025-12-17 19:21:55,623 [ERROR] LogOutputStream:75 - [STDERR_REDIRECT] [Fatal Error] :1:1: Premature end of file.
2025-12-17 19:21:55,623 [ERROR] LogOutputStream:75 - [STDERR_REDIRECT] 
2025-12-17 19:21:56,625 [ERROR] LogOutputStream:75 - [STDERR_REDIRECT] [Fatal Error] :1:1: Premature end of file.
2025-12-17 19:21:56,625 [ERROR] LogOutputStream:75 - [STDERR_REDIRECT] 
2025-12-17 19:21:57,629 [ERROR] LogOutputStream:75 - [STDERR_REDIRECT] [Fatal Error] :1:1: Premature end of file.
2025-12-17 19:21:57,629 [ERROR] LogOutputStream:75 - [STDERR_REDIRECT] 
2025-12-17 19:21:58,631 [ERROR] LogOutputStream:75 - [STDERR_REDIRECT] [Fatal Error] :1:1: Premature end of file.
2025-12-17 19:21:58,631 [ERROR] LogOutputStream:75 - [STDERR_REDIRECT] 
2025-12-17 19:21:59,624 [ERROR] LogOutputStream:75 - [STDERR_REDIRECT] [Fatal Error] :1:1: Premature end of file.
2025-12-17 19:21:59,624 [ERROR] LogOutputStream:75 - [STDERR_REDIRECT] 
2025-12-17 19:22:00,629 [ERROR] LogOutputStream:75 - [STDERR_REDIRECT] [Fatal Error] :1:1: Premature end of file.
2025-12-17 19:22:00,629 [ERROR] LogOutputStream:75 - [STDERR_REDIRECT] 
2025-12-17 19:22:01,613 [ERROR] LogOutputStream:75 - [STDERR_REDIRECT] [Fatal Error] :1:1: Premature end of file.
2025-12-17 19:22:01,613 [ERROR] LogOutputStream:75 - [STDERR_REDIRECT] 
2025-12-17 19:22:02,624 [ERROR] LogOutputStream:75 - [STDERR_REDIRECT] [Fatal Error] :1:1: Premature end of file.
2025-12-17 19:22:02,624 [ERROR] LogOutputStream:75 - [STDERR_REDIRECT] 
2025-12-17 19:22:03,619 [ERROR] LogOutputStream:75 - [STDERR_REDIRECT] [Fatal Error] :1:1: Premature end of file.
2025-12-17 19:22:03,619 [ERROR] LogOutputStream:75 - [STDERR_REDIRECT] 
2025-12-17 19:22:04,613 [ERROR] LogOutputStream:75 - [STDERR_REDIRECT] [Fatal Error] :1:1: Premature end of file.
2025-12-17 19:22:04,613 [ERROR] LogOutputStream:75 - [STDERR_REDIRECT] 
2025-12-17 19:22:05,618 [ERROR] LogOutputStream:75 - [STDERR_REDIRECT] [Fatal Error] :1:1: Premature end of file.
2025-12-17 19:22:05,618 [ERROR] LogOutputStream:75 - [STDERR_REDIRECT] 
2025-12-17 19:22:06,617 [ERROR] LogOutputStream:75 - [STDERR_REDIRECT] [Fatal Error] :1:1: Premature end of file.
2025-12-17 19:22:06,617 [ERROR] LogOutputStream:75 - [STDERR_REDIRECT] 
2025-12-17 19:22:07,625 [ERROR] LogOutputStream:75 - [STDERR_REDIRECT] [Fatal Error] :1:1: Premature end of file.
2025-12-17 19:22:07,625 [ERROR] LogOutputStream:75 - [STDERR_REDIRECT] 
2025-12-17 19:22:08,631 [ERROR] LogOutputStream:75 - [STDERR_REDIRECT] [Fatal Error] :1:1: Premature end of file.
2025-12-17 19:22:08,631 [ERROR] LogOutputStream:75 - [STDERR_REDIRECT] 
2025-12-17 19:22:09,625 [ERROR] LogOutputStream:75 - [STDERR_REDIRECT] [Fatal Error] :1:1: Premature end of file.
2025-12-17 19:22:09,626 [ERROR] LogOutputStream:75 - [STDERR_REDIRECT] 
2025-12-17 19:22:10,637 [ERROR] LogOutputStream:75 - [STDERR_REDIRECT] [Fatal Error] :1:1: Premature end of file.
2025-12-17 19:22:10,637 [ERROR] LogOutputStream:75 - [STDERR_REDIRECT] 
2025-12-17 19:22:11,623 [ERROR] LogOutputStream:75 - [STDERR_REDIRECT] [Fatal Error] :1:1: Premature end of file.
2025-12-17 19:22:11,623 [ERROR] LogOutputStream:75 - [STDERR_REDIRECT] 
2025-12-17 19:22:12,624 [ERROR] LogOutputStream:75 - [STDERR_REDIRECT] [Fatal Error] :1:1: Premature end of file.
2025-12-17 19:22:12,624 [ERROR] LogOutputStream:75 - [STDERR_REDIRECT] 
2025-12-17 19:22:13,630 [ERROR] LogOutputStream:75 - [STDERR_REDIRECT] [Fatal Error] :1:1: Premature end of file.
2025-12-17 19:22:13,630 [ERROR] LogOutputStream:75 - [STDERR_REDIRECT] 
2025-12-17 19:22:14,626 [ERROR] LogOutputStream:75 - [STDERR_REDIRECT] [Fatal Error] :1:1: Premature end of file.
2025-12-17 19:22:14,626 [ERROR] LogOutputStream:75 - [STDERR_REDIRECT] 
2025-12-17 19:22:15,625 [ERROR] LogOutputStream:75 - [STDERR_REDIRECT] [Fatal Error] :1:1: Premature end of file.
2025-12-17 19:22:15,625 [ERROR] LogOutputStream:75 - [STDERR_REDIRECT] 
2025-12-17 19:22:16,635 [ERROR] LogOutputStream:75 - [STDERR_REDIRECT] [Fatal Error] :1:1: Premature end of file.
2025-12-17 19:22:16,635 [ERROR] LogOutputStream:75 - [STDERR_REDIRECT] 
2025-12-17 19:22:17,622 [ERROR] LogOutputStream:75 - [STDERR_REDIRECT] [Fatal Error] :1:1: Premature end of file.
2025-12-17 19:22:17,622 [ERROR] LogOutputStream:75 - [STDERR_REDIRECT] 
2025-12-17 19:22:18,625 [ERROR] LogOutputStream:75 - [STDERR_REDIRECT] [Fatal Error] :1:1: Premature end of file.
2025-12-17 19:22:18,625 [ERROR] LogOutputStream:75 - [STDERR_REDIRECT] 
2025-12-17 19:22:19,628 [ERROR] LogOutputStream:75 - [STDERR_REDIRECT] [Fatal Error] :1:1: Premature end of file.
2025-12-17 19:22:19,629 [ERROR] LogOutputStream:75 - [STDERR_REDIRECT] 
2025-12-17 19:22:20,628 [ERROR] LogOutputStream:75 - [STDERR_REDIRECT] [Fatal Error] :1:1: Premature end of file.
2025-12-17 19:22:20,628 [ERROR] LogOutputStream:75 - [STDERR_REDIRECT] 
2025-12-17 19:22:21,624 [ERROR] LogOutputStream:75 - [STDERR_REDIRECT] [Fatal Error] :1:1: Premature end of file.
2025-12-17 19:22:21,624 [ERROR] LogOutputStream:75 - [STDERR_REDIRECT] 
2025-12-17 19:22:22,624 [ERROR] LogOutputStream:75 - [STDERR_REDIRECT] [Fatal Error] :1:1: Premature end of file.
2025-12-17 19:22:22,624 [ERROR] LogOutputStream:75 - [STDERR_REDIRECT] 
2025-12-17 19:22:23,630 [ERROR] LogOutputStream:75 - [STDERR_REDIRECT] [Fatal Error] :1:1: Premature end of file.
2025-12-17 19:22:23,630 [ERROR] LogOutputStream:75 - [STDERR_REDIRECT] 
2025-12-17 19:22:24,624 [ERROR] LogOutputStream:75 - [STDERR_REDIRECT] [Fatal Error] :1:1: Premature end of file.
2025-12-17 19:22:24,624 [ERROR] LogOutputStream:75 - [STDERR_REDIRECT] 
2025-12-17 19:22:25,640 [ERROR] LogOutputStream:75 - [STDERR_REDIRECT] [Fatal Error] :1:1: Premature end of file.
2025-12-17 19:22:25,640 [ERROR] LogOutputStream:75 - [STDERR_REDIRECT] 
2025-12-17 19:22:26,625 [ERROR] LogOutputStream:75 - [STDERR_REDIRECT] [Fatal Error] :1:1: Premature end of file.
2025-12-17 19:22:26,625 [ERROR] LogOutputStream:75 - [STDERR_REDIRECT] 
2025-12-17 19:22:27,626 [ERROR] LogOutputStream:75 - [STDERR_REDIRECT] [Fatal Error] :1:1: Premature end of file.
2025-12-17 19:22:27,627 [ERROR] LogOutputStream:75 - [STDERR_REDIRECT] 
2025-12-17 19:22:28,624 [ERROR] LogOutputStream:75 - [STDERR_REDIRECT] [Fatal Error] :1:1: Premature end of file.
2025-12-17 19:22:28,625 [ERROR] LogOutputStream:75 - [STDERR_REDIRECT] 
2025-12-17 19:22:29,627 [ERROR] LogOutputStream:75 - [STDERR_REDIRECT] [Fatal Error] :1:1: Premature end of file.
2025-12-17 19:22:29,627 [ERROR] LogOutputStream:75 - [STDERR_REDIRECT] 
2025-12-17 19:22:30,625 [ERROR] LogOutputStream:75 - [STDERR_REDIRECT] [Fatal Error] :1:1: Premature end of file.
2025-12-17 19:22:30,625 [ERROR] LogOutputStream:75 - [STDERR_REDIRECT] 
2025-12-17 19:22:31,625 [ERROR] LogOutputStream:75 - [STDERR_REDIRECT] [Fatal Error] :1:1: Premature end of file.
2025-12-17 19:22:31,625 [ERROR] LogOutputStream:75 - [STDERR_REDIRECT] 
2025-12-17 19:22:32,623 [ERROR] LogOutputStream:75 - [STDERR_REDIRECT] [Fatal Error] :1:1: Premature end of file.
2025-12-17 19:22:32,624 [ERROR] LogOutputStream:75 - [STDERR_REDIRECT] 
2025-12-17 19:22:33,626 [ERROR] LogOutputStream:75 - [STDERR_REDIRECT] [Fatal Error] :1:1: Premature end of file.
2025-12-17 19:22:33,626 [ERROR] LogOutputStream:75 - [STDERR_REDIRECT] 
2025-12-17 19:22:34,628 [ERROR] LogOutputStream:75 - [STDERR_REDIRECT] [Fatal Error] :1:1: Premature end of file.
2025-12-17 19:22:34,628 [ERROR] LogOutputStream:75 - [STDERR_REDIRECT] 
2025-12-17 19:22:35,626 [ERROR] LogOutputStream:75 - [STDERR_REDIRECT] [Fatal Error] :1:1: Premature end of file.
2025-12-17 19:22:35,626 [ERROR] LogOutputStream:75 - [STDERR_REDIRECT] 
2025-12-17 19:22:36,626 [ERROR] LogOutputStream:75 - [STDERR_REDIRECT] [Fatal Error] :1:1: Premature end of file.
2025-12-17 19:22:36,626 [ERROR] LogOutputStream:75 - [STDERR_REDIRECT] 
2025-12-17 19:22:37,621 [ERROR] LogOutputStream:75 - [STDERR_REDIRECT] [Fatal Error] :1:1: Premature end of file.
2025-12-17 19:22:37,622 [ERROR] LogOutputStream:75 - [STDERR_REDIRECT] 
2025-12-17 19:22:38,623 [ERROR] LogOutputStream:75 - [STDERR_REDIRECT] [Fatal Error] :1:1: Premature end of file.
2025-12-17 19:22:38,623 [ERROR] LogOutputStream:75 - [STDERR_REDIRECT] 
2025-12-17 19:22:39,631 [ERROR] LogOutputStream:75 - [STDERR_REDIRECT] [Fatal Error] :1:1: Premature end of file.
2025-12-17 19:22:39,631 [ERROR] LogOutputStream:75 - [STDERR_REDIRECT] 
2025-12-17 19:22:40,641 [ERROR] LogOutputStream:75 - [STDERR_REDIRECT] [Fatal Error] :1:1: Premature end of file.
2025-12-17 19:22:40,641 [ERROR] LogOutputStream:75 - [STDERR_REDIRECT] 
2025-12-17 19:22:41,622 [ERROR] LogOutputStream:75 - [STDERR_REDIRECT] [Fatal Error] :1:1: Premature end of file.
2025-12-17 19:22:41,622 [ERROR] LogOutputStream:75 - [STDERR_REDIRECT] 
2025-12-17 19:22:42,625 [ERROR] LogOutputStream:75 - [STDERR_REDIRECT] [Fatal Error] :1:1: Premature end of file.
2025-12-17 19:22:42,625 [ERROR] LogOutputStream:75 - [STDERR_REDIRECT] 
2025-12-17 19:22:43,625 [ERROR] LogOutputStream:75 - [STDERR_REDIRECT] [Fatal Error] :1:1: Premature end of file.
2025-12-17 19:22:43,625 [ERROR] LogOutputStream:75 - [STDERR_REDIRECT] 
2025-12-17 19:22:44,637 [ERROR] LogOutputStream:75 - [STDERR_REDIRECT] [Fatal Error] :1:1: Premature end of file.
2025-12-17 19:22:44,637 [ERROR] LogOutputStream:75 - [STDERR_REDIRECT] 
2025-12-17 19:22:45,634 [ERROR] LogOutputStream:75 - [STDERR_REDIRECT] [Fatal Error] :1:1: Premature end of file.
2025-12-17 19:22:45,634 [ERROR] LogOutputStream:75 - [STDERR_REDIRECT] 
2025-12-17 19:22:46,632 [ERROR] LogOutputStream:75 - [STDERR_REDIRECT] [Fatal Error] :1:1: Premature end of file.
2025-12-17 19:22:46,632 [ERROR] LogOutputStream:75 - [STDERR_REDIRECT] 
2025-12-17 19:22:47,635 [ERROR] LogOutputStream:75 - [STDERR_REDIRECT] [Fatal Error] :1:1: Premature end of file.
2025-12-17 19:22:47,635 [ERROR] LogOutputStream:75 - [STDERR_REDIRECT] 
2025-12-17 19:22:48,626 [ERROR] LogOutputStream:75 - [STDERR_REDIRECT] [Fatal Error] :1:1: Premature end of file.
2025-12-17 19:22:48,626 [ERROR] LogOutputStream:75 - [STDERR_REDIRECT] 
2025-12-17 19:22:49,627 [ERROR] LogOutputStream:75 - [STDERR_REDIRECT] [Fatal Error] :1:1: Premature end of file.
2025-12-17 19:22:49,627 [ERROR] LogOutputStream:75 - [STDERR_REDIRECT] 
2025-12-17 19:22:50,649 [ERROR] LogOutputStream:75 - [STDERR_REDIRECT] [Fatal Error] :1:1: Premature end of file.
2025-12-17 19:22:50,649 [ERROR] LogOutputStream:75 - [STDERR_REDIRECT] 
2025-12-17 19:22:51,630 [ERROR] LogOutputStream:75 - [STDERR_REDIRECT] [Fatal Error] :1:1: Premature end of file.
2025-12-17 19:22:51,630 [ERROR] LogOutputStream:75 - [STDERR_REDIRECT] 
2025-12-17 19:22:52,623 [ERROR] LogOutputStream:75 - [STDERR_REDIRECT] [Fatal Error] :1:1: Premature end of file.
2025-12-17 19:22:52,624 [ERROR] LogOutputStream:75 - [STDERR_REDIRECT] 
2025-12-17 19:22:53,628 [ERROR] LogOutputStream:75 - [STDERR_REDIRECT] [Fatal Error] :1:1: Premature end of file.
2025-12-17 19:22:53,629 [ERROR] LogOutputStream:75 - [STDERR_REDIRECT] 
2025-12-17 19:22:54,630 [ERROR] LogOutputStream:75 - [STDERR_REDIRECT] [Fatal Error] :1:1: Premature end of file.
2025-12-17 19:22:54,630 [ERROR] LogOutputStream:75 - [STDERR_REDIRECT] 
2025-12-17 19:22:55,628 [ERROR] LogOutputStream:75 - [STDERR_REDIRECT] [Fatal Error] :1:1: Premature end of file.
2025-12-17 19:22:55,629 [ERROR] LogOutputStream:75 - [STDERR_REDIRECT] 
2025-12-17 19:22:56,633 [ERROR] LogOutputStream:75 - [STDERR_REDIRECT] [Fatal Error] :1:1: Premature end of file.
2025-12-17 19:22:56,633 [ERROR] LogOutputStream:75 - [STDERR_REDIRECT] 
2025-12-17 19:22:57,634 [ERROR] LogOutputStream:75 - [STDERR_REDIRECT] [Fatal Error] :1:1: Premature end of file.
2025-12-17 19:22:57,634 [ERROR] LogOutputStream:75 - [STDERR_REDIRECT] 
2025-12-17 19:22:58,643 [ERROR] LogOutputStream:75 - [STDERR_REDIRECT] [Fatal Error] :1:1: Premature end of file.
2025-12-17 19:22:58,644 [ERROR] LogOutputStream:75 - [STDERR_REDIRECT] 
2025-12-17 19:22:59,618 [ERROR] LogOutputStream:75 - [STDERR_REDIRECT] [Fatal Error] :1:1: Premature end of file.
2025-12-17 19:22:59,618 [ERROR] LogOutputStream:75 - [STDERR_REDIRECT] 
2025-12-17 19:23:00,625 [ERROR] LogOutputStream:75 - [STDERR_REDIRECT] [Fatal Error] :1:1: Premature end of file.
2025-12-17 19:23:00,625 [ERROR] LogOutputStream:75 - [STDERR_REDIRECT] 
2025-12-17 19:23:01,634 [ERROR] LogOutputStream:75 - [STDERR_REDIRECT] [Fatal Error] :1:1: Premature end of file.
2025-12-17 19:23:01,634 [ERROR] LogOutputStream:75 - [STDERR_REDIRECT] 
2025-12-17 19:23:02,623 [ERROR] LogOutputStream:75 - [STDERR_REDIRECT] [Fatal Error] :1:1: Premature end of file.
2025-12-17 19:23:02,623 [ERROR] LogOutputStream:75 - [STDERR_REDIRECT] 
2025-12-17 19:23:03,621 [ERROR] LogOutputStream:75 - [STDERR_REDIRECT] [Fatal Error] :1:1: Premature end of file.
2025-12-17 19:23:03,622 [ERROR] LogOutputStream:75 - [STDERR_REDIRECT] 
2025-12-17 19:23:04,628 [ERROR] LogOutputStream:75 - [STDERR_REDIRECT] [Fatal Error] :1:1: Premature end of file.
2025-12-17 19:23:04,628 [ERROR] LogOutputStream:75 - [STDERR_REDIRECT] 
2025-12-17 19:23:05,630 [ERROR] LogOutputStream:75 - [STDERR_REDIRECT] [Fatal Error] :1:1: Premature end of file.
2025-12-17 19:23:05,630 [ERROR] LogOutputStream:75 - [STDERR_REDIRECT] 
2025-12-17 19:23:06,620 [ERROR] LogOutputStream:75 - [STDERR_REDIRECT] [Fatal Error] :1:1: Premature end of file.
2025-12-17 19:23:06,620 [ERROR] LogOutputStream:75 - [STDERR_REDIRECT] 
2025-12-17 19:23:07,627 [ERROR] LogOutputStream:75 - [STDERR_REDIRECT] [Fatal Error] :1:1: Premature end of file.
2025-12-17 19:23:07,628 [ERROR] LogOutputStream:75 - [STDERR_REDIRECT] 
2025-12-17 19:23:08,623 [ERROR] LogOutputStream:75 - [STDERR_REDIRECT] [Fatal Error] :1:1: Premature end of file.
2025-12-17 19:23:08,623 [ERROR] LogOutputStream:75 - [STDERR_REDIRECT] 
2025-12-17 19:23:09,625 [ERROR] LogOutputStream:75 - [STDERR_REDIRECT] [Fatal Error] :1:1: Premature end of file.
2025-12-17 19:23:09,626 [ERROR] LogOutputStream:75 - [STDERR_REDIRECT] 
2025-12-17 19:23:10,635 [ERROR] LogOutputStream:75 - [STDERR_REDIRECT] [Fatal Error] :1:1: Premature end of file.
2025-12-17 19:23:10,636 [ERROR] LogOutputStream:75 - [STDERR_REDIRECT] 
2025-12-17 19:23:11,624 [ERROR] LogOutputStream:75 - [STDERR_REDIRECT] [Fatal Error] :1:1: Premature end of file.
2025-12-17 19:23:11,625 [ERROR] LogOutputStream:75 - [STDERR_REDIRECT] 
2025-12-17 19:23:12,627 [ERROR] LogOutputStream:75 - [STDERR_REDIRECT] [Fatal Error] :1:1: Premature end of file.
2025-12-17 19:23:12,627 [ERROR] LogOutputStream:75 - [STDERR_REDIRECT] 
2025-12-17 19:23:13,625 [ERROR] LogOutputStream:75 - [STDERR_REDIRECT] [Fatal Error] :1:1: Premature end of file.
2025-12-17 19:23:13,625 [ERROR] LogOutputStream:75 - [STDERR_REDIRECT] 
2025-12-17 19:23:14,626 [ERROR] LogOutputStream:75 - [STDERR_REDIRECT] [Fatal Error] :1:1: Premature end of file.
2025-12-17 19:23:14,627 [ERROR] LogOutputStream:75 - [STDERR_REDIRECT] 
2025-12-17 19:23:15,626 [ERROR] LogOutputStream:75 - [STDERR_REDIRECT] [Fatal Error] :1:1: Premature end of file.
2025-12-17 19:23:15,626 [ERROR] LogOutputStream:75 - [STDERR_REDIRECT] 
2025-12-17 19:23:16,632 [ERROR] LogOutputStream:75 - [STDERR_REDIRECT] [Fatal Error] :1:1: Premature end of file.
2025-12-17 19:23:16,632 [ERROR] LogOutputStream:75 - [STDERR_REDIRECT] 
2025-12-17 19:23:17,631 [ERROR] LogOutputStream:75 - [STDERR_REDIRECT] [Fatal Error] :1:1: Premature end of file.
2025-12-17 19:23:17,631 [ERROR] LogOutputStream:75 - [STDERR_REDIRECT] 
2025-12-17 19:23:18,615 [ERROR] LogOutputStream:75 - [STDERR_REDIRECT] [Fatal Error] :1:1: Premature end of file.
2025-12-17 19:23:18,616 [ERROR] LogOutputStream:75 - [STDERR_REDIRECT] 
2025-12-17 19:23:19,630 [ERROR] LogOutputStream:75 - [STDERR_REDIRECT] [Fatal Error] :1:1: Premature end of file.
2025-12-17 19:23:19,630 [ERROR] LogOutputStream:75 - [STDERR_REDIRECT] 
2025-12-17 19:23:20,631 [ERROR] LogOutputStream:75 - [STDERR_REDIRECT] [Fatal Error] :1:1: Premature end of file.
2025-12-17 19:23:20,631 [ERROR] LogOutputStream:75 - [STDERR_REDIRECT] 
2025-12-17 19:23:21,624 [ERROR] LogOutputStream:75 - [STDERR_REDIRECT] [Fatal Error] :1:1: Premature end of file.
2025-12-17 19:23:21,624 [ERROR] LogOutputStream:75 - [STDERR_REDIRECT] 
2025-12-17 19:23:22,627 [ERROR] LogOutputStream:75 - [STDERR_REDIRECT] [Fatal Error] :1:1: Premature end of file.
2025-12-17 19:23:22,627 [ERROR] LogOutputStream:75 - [STDERR_REDIRECT] 
2025-12-17 19:23:23,628 [ERROR] LogOutputStream:75 - [STDERR_REDIRECT] [Fatal Error] :1:1: Premature end of file.
2025-12-17 19:23:23,628 [ERROR] LogOutputStream:75 - [STDERR_REDIRECT] 
2025-12-17 19:23:24,622 [ERROR] LogOutputStream:75 - [STDERR_REDIRECT] [Fatal Error] :1:1: Premature end of file.
2025-12-17 19:23:24,622 [ERROR] LogOutputStream:75 - [STDERR_REDIRECT] 
2025-12-17 19:23:25,625 [ERROR] LogOutputStream:75 - [STDERR_REDIRECT] [Fatal Error] :1:1: Premature end of file.
2025-12-17 19:23:25,625 [ERROR] LogOutputStream:75 - [STDERR_REDIRECT] 
2025-12-17 19:23:26,627 [ERROR] LogOutputStream:75 - [STDERR_REDIRECT] [Fatal Error] :1:1: Premature end of file.
2025-12-17 19:23:26,627 [ERROR] LogOutputStream:75 - [STDERR_REDIRECT] 
2025-12-17 19:23:27,626 [ERROR] LogOutputStream:75 - [STDERR_REDIRECT] [Fatal Error] :1:1: Premature end of file.
2025-12-17 19:23:27,626 [ERROR] LogOutputStream:75 - [STDERR_REDIRECT] 
2025-12-17 19:23:28,621 [ERROR] LogOutputStream:75 - [STDERR_REDIRECT] [Fatal Error] :1:1: Premature end of file.
2025-12-17 19:23:28,621 [ERROR] LogOutputStream:75 - [STDERR_REDIRECT] 
2025-12-17 19:23:29,625 [ERROR] LogOutputStream:75 - [STDERR_REDIRECT] [Fatal Error] :1:1: Premature end of file.
2025-12-17 19:23:29,625 [ERROR] LogOutputStream:75 - [STDERR_REDIRECT] 
2025-12-17 19:23:30,625 [ERROR] LogOutputStream:75 - [STDERR_REDIRECT] [Fatal Error] :1:1: Premature end of file.
2025-12-17 19:23:30,626 [ERROR] LogOutputStream:75 - [STDERR_REDIRECT] 
2025-12-17 19:23:31,625 [ERROR] LogOutputStream:75 - [STDERR_REDIRECT] [Fatal Error] :1:1: Premature end of file.
2025-12-17 19:23:31,626 [ERROR] LogOutputStream:75 - [STDERR_REDIRECT] 
2025-12-17 19:23:32,625 [ERROR] LogOutputStream:75 - [STDERR_REDIRECT] [Fatal Error] :1:1: Premature end of file.
2025-12-17 19:23:32,625 [ERROR] LogOutputStream:75 - [STDERR_REDIRECT] 
2025-12-17 19:23:33,623 [ERROR] LogOutputStream:75 - [STDERR_REDIRECT] [Fatal Error] :1:1: Premature end of file.
2025-12-17 19:23:33,623 [ERROR] LogOutputStream:75 - [STDERR_REDIRECT] 
2025-12-17 19:23:34,628 [ERROR] LogOutputStream:75 - [STDERR_REDIRECT] [Fatal Error] :1:1: Premature end of file.
2025-12-17 19:23:34,628 [ERROR] LogOutputStream:75 - [STDERR_REDIRECT] 
2025-12-17 19:23:35,622 [ERROR] LogOutputStream:75 - [STDERR_REDIRECT] [Fatal Error] :1:1: Premature end of file.
2025-12-17 19:23:35,622 [ERROR] LogOutputStream:75 - [STDERR_REDIRECT] 
2025-12-17 19:23:36,627 [ERROR] LogOutputStream:75 - [STDERR_REDIRECT] [Fatal Error] :1:1: Premature end of file.
2025-12-17 19:23:36,627 [ERROR] LogOutputStream:75 - [STDERR_REDIRECT] 
2025-12-17 19:23:37,624 [ERROR] LogOutputStream:75 - [STDERR_REDIRECT] [Fatal Error] :1:1: Premature end of file.
2025-12-17 19:23:37,625 [ERROR] LogOutputStream:75 - [STDERR_REDIRECT] 
2025-12-17 19:23:38,636 [ERROR] LogOutputStream:75 - [STDERR_REDIRECT] [Fatal Error] :1:1: Premature end of file.
2025-12-17 19:23:38,636 [ERROR] LogOutputStream:75 - [STDERR_REDIRECT] 
2025-12-17 19:23:39,626 [ERROR] LogOutputStream:75 - [STDERR_REDIRECT] [Fatal Error] :1:1: Premature end of file.
2025-12-17 19:23:39,626 [ERROR] LogOutputStream:75 - [STDERR_REDIRECT] 
2025-12-17 19:23:40,638 [ERROR] LogOutputStream:75 - [STDERR_REDIRECT] [Fatal Error] :1:1: Premature end of file.
2025-12-17 19:23:40,638 [ERROR] LogOutputStream:75 - [STDERR_REDIRECT] 
2025-12-17 19:23:41,626 [ERROR] LogOutputStream:75 - [STDERR_REDIRECT] [Fatal Error] :1:1: Premature end of file.
2025-12-17 19:23:41,626 [ERROR] LogOutputStream:75 - [STDERR_REDIRECT] 
2025-12-17 19:23:42,629 [ERROR] LogOutputStream:75 - [STDERR_REDIRECT] [Fatal Error] :1:1: Premature end of file.
2025-12-17 19:23:42,629 [ERROR] LogOutputStream:75 - [STDERR_REDIRECT] 
2025-12-17 19:23:43,624 [ERROR] LogOutputStream:75 - [STDERR_REDIRECT] [Fatal Error] :1:1: Premature end of file.
2025-12-17 19:23:43,624 [ERROR] LogOutputStream:75 - [STDERR_REDIRECT] 
2025-12-17 19:23:44,625 [ERROR] LogOutputStream:75 - [STDERR_REDIRECT] [Fatal Error] :1:1: Premature end of file.
2025-12-17 19:23:44,625 [ERROR] LogOutputStream:75 - [STDERR_REDIRECT] 
2025-12-17 19:23:45,634 [ERROR] LogOutputStream:75 - [STDERR_REDIRECT] [Fatal Error] :1:1: Premature end of file.
2025-12-17 19:23:45,635 [ERROR] LogOutputStream:75 - [STDERR_REDIRECT] 
2025-12-17 19:23:46,628 [ERROR] LogOutputStream:75 - [STDERR_REDIRECT] [Fatal Error] :1:1: Premature end of file.
2025-12-17 19:23:46,629 [ERROR] LogOutputStream:75 - [STDERR_REDIRECT] 
2025-12-17 19:23:47,636 [ERROR] LogOutputStream:75 - [STDERR_REDIRECT] [Fatal Error] :1:1: Premature end of file.
2025-12-17 19:23:47,637 [ERROR] LogOutputStream:75 - [STDERR_REDIRECT] 
2025-12-17 19:23:48,623 [ERROR] LogOutputStream:75 - [STDERR_REDIRECT] [Fatal Error] :1:1: Premature end of file.
2025-12-17 19:23:48,623 [ERROR] LogOutputStream:75 - [STDERR_REDIRECT] 
2025-12-17 19:23:49,635 [ERROR] LogOutputStream:75 - [STDERR_REDIRECT] [Fatal Error] :1:1: Premature end of file.
2025-12-17 19:23:49,635 [ERROR] LogOutputStream:75 - [STDERR_REDIRECT] 
2025-12-17 19:23:50,632 [ERROR] LogOutputStream:75 - [STDERR_REDIRECT] [Fatal Error] :1:1: Premature end of file.
2025-12-17 19:23:50,632 [ERROR] LogOutputStream:75 - [STDERR_REDIRECT] 
2025-12-17 19:23:51,632 [ERROR] LogOutputStream:75 - [STDERR_REDIRECT] [Fatal Error] :1:1: Premature end of file.
2025-12-17 19:23:51,632 [ERROR] LogOutputStream:75 - [STDERR_REDIRECT] 
2025-12-17 19:23:52,627 [ERROR] LogOutputStream:75 - [STDERR_REDIRECT] [Fatal Error] :1:1: Premature end of file.
2025-12-17 19:23:52,627 [ERROR] LogOutputStream:75 - [STDERR_REDIRECT] 
2025-12-17 19:23:53,623 [ERROR] LogOutputStream:75 - [STDERR_REDIRECT] [Fatal Error] :1:1: Premature end of file.
2025-12-17 19:23:53,623 [ERROR] LogOutputStream:75 - [STDERR_REDIRECT] 
2025-12-17 19:23:54,650 [ERROR] LogOutputStream:75 - [STDERR_REDIRECT] [Fatal Error] :1:1: Premature end of file.
2025-12-17 19:23:54,650 [ERROR] LogOutputStream:75 - [STDERR_REDIRECT] 
2025-12-17 19:23:55,648 [ERROR] LogOutputStream:75 - [STDERR_REDIRECT] [Fatal Error] :1:1: Premature end of file.
2025-12-17 19:23:55,648 [ERROR] LogOutputStream:75 - [STDERR_REDIRECT] 
2025-12-17 19:23:56,630 [ERROR] LogOutputStream:75 - [STDERR_REDIRECT] [Fatal Error] :1:1: Premature end of file.
2025-12-17 19:23:56,632 [ERROR] LogOutputStream:75 - [STDERR_REDIRECT] 
2025-12-17 19:23:57,623 [ERROR] LogOutputStream:75 - [STDERR_REDIRECT] [Fatal Error] :1:1: Premature end of file.
2025-12-17 19:23:57,623 [ERROR] LogOutputStream:75 - [STDERR_REDIRECT] 
2025-12-17 19:23:58,631 [ERROR] LogOutputStream:75 - [STDERR_REDIRECT] [Fatal Error] :1:1: Premature end of file.
2025-12-17 19:23:58,632 [ERROR] LogOutputStream:75 - [STDERR_REDIRECT] 
2025-12-17 19:23:59,630 [ERROR] LogOutputStream:75 - [STDERR_REDIRECT] [Fatal Error] :1:1: Premature end of file.
2025-12-17 19:23:59,630 [ERROR] LogOutputStream:75 - [STDERR_REDIRECT] 
2025-12-17 19:24:00,622 [ERROR] LogOutputStream:75 - [STDERR_REDIRECT] [Fatal Error] :1:1: Premature end of file.
2025-12-17 19:24:00,622 [ERROR] LogOutputStream:75 - [STDERR_REDIRECT] 
2025-12-17 19:24:01,627 [ERROR] LogOutputStream:75 - [STDERR_REDIRECT] [Fatal Error] :1:1: Premature end of file.
2025-12-17 19:24:01,627 [ERROR] LogOutputStream:75 - [STDERR_REDIRECT] 
2025-12-17 19:24:02,624 [ERROR] LogOutputStream:75 - [STDERR_REDIRECT] [Fatal Error] :1:1: Premature end of file.
2025-12-17 19:24:02,625 [ERROR] LogOutputStream:75 - [STDERR_REDIRECT] 
2025-12-17 19:24:03,633 [ERROR] LogOutputStream:75 - [STDERR_REDIRECT] [Fatal Error] :1:1: Premature end of file.
2025-12-17 19:24:03,633 [ERROR] LogOutputStream:75 - [STDERR_REDIRECT] 
2025-12-17 19:24:04,637 [ERROR] LogOutputStream:75 - [STDERR_REDIRECT] [Fatal Error] :1:1: Premature end of file.
2025-12-17 19:24:04,638 [ERROR] LogOutputStream:75 - [STDERR_REDIRECT] 
2025-12-17 19:24:05,630 [ERROR] LogOutputStream:75 - [STDERR_REDIRECT] [Fatal Error] :1:1: Premature end of file.
2025-12-17 19:24:05,630 [ERROR] LogOutputStream:75 - [STDERR_REDIRECT] 
2025-12-17 19:24:06,624 [ERROR] LogOutputStream:75 - [STDERR_REDIRECT] [Fatal Error] :1:1: Premature end of file.
2025-12-17 19:24:06,624 [ERROR] LogOutputStream:75 - [STDERR_REDIRECT] 
2025-12-17 19:24:07,637 [ERROR] LogOutputStream:75 - [STDERR_REDIRECT] [Fatal Error] :1:1: Premature end of file.
2025-12-17 19:24:07,637 [ERROR] LogOutputStream:75 - [STDERR_REDIRECT] 
2025-12-17 19:24:08,616 [ERROR] LogOutputStream:75 - [STDERR_REDIRECT] [Fatal Error] :1:1: Premature end of file.
2025-12-17 19:24:08,616 [ERROR] LogOutputStream:75 - [STDERR_REDIRECT] 
2025-12-17 19:24:09,625 [ERROR] LogOutputStream:75 - [STDERR_REDIRECT] [Fatal Error] :1:1: Premature end of file.
2025-12-17 19:24:09,625 [ERROR] LogOutputStream:75 - [STDERR_REDIRECT] 
2025-12-17 19:24:10,626 [ERROR] LogOutputStream:75 - [STDERR_REDIRECT] [Fatal Error] :1:1: Premature end of file.
2025-12-17 19:24:10,626 [ERROR] LogOutputStream:75 - [STDERR_REDIRECT] 
2025-12-17 19:24:11,641 [ERROR] LogOutputStream:75 - [STDERR_REDIRECT] [Fatal Error] :1:1: Premature end of file.
2025-12-17 19:24:11,641 [ERROR] LogOutputStream:75 - [STDERR_REDIRECT] 
2025-12-17 19:24:12,626 [ERROR] LogOutputStream:75 - [STDERR_REDIRECT] [Fatal Error] :1:1: Premature end of file.
2025-12-17 19:24:12,626 [ERROR] LogOutputStream:75 - [STDERR_REDIRECT] 
2025-12-17 19:24:13,623 [ERROR] LogOutputStream:75 - [STDERR_REDIRECT] [Fatal Error] :1:1: Premature end of file.
2025-12-17 19:24:13,623 [ERROR] LogOutputStream:75 - [STDERR_REDIRECT] 
2025-12-17 19:24:14,624 [ERROR] LogOutputStream:75 - [STDERR_REDIRECT] [Fatal Error] :1:1: Premature end of file.
2025-12-17 19:24:14,625 [ERROR] LogOutputStream:75 - [STDERR_REDIRECT] 
2025-12-17 19:24:15,631 [ERROR] LogOutputStream:75 - [STDERR_REDIRECT] [Fatal Error] :1:1: Premature end of file.
2025-12-17 19:24:15,631 [ERROR] LogOutputStream:75 - [STDERR_REDIRECT] 
2025-12-17 19:24:16,626 [ERROR] LogOutputStream:75 - [STDERR_REDIRECT] [Fatal Error] :1:1: Premature end of file.
2025-12-17 19:24:16,626 [ERROR] LogOutputStream:75 - [STDERR_REDIRECT] 
2025-12-17 19:24:17,626 [ERROR] LogOutputStream:75 - [STDERR_REDIRECT] [Fatal Error] :1:1: Premature end of file.
2025-12-17 19:24:17,626 [ERROR] LogOutputStream:75 - [STDERR_REDIRECT] 
2025-12-17 19:24:18,623 [ERROR] LogOutputStream:75 - [STDERR_REDIRECT] [Fatal Error] :1:1: Premature end of file.
2025-12-17 19:24:18,623 [ERROR] LogOutputStream:75 - [STDERR_REDIRECT] 
2025-12-17 19:24:19,625 [ERROR] LogOutputStream:75 - [STDERR_REDIRECT] [Fatal Error] :1:1: Premature end of file.
2025-12-17 19:24:19,625 [ERROR] LogOutputStream:75 - [STDERR_REDIRECT] 
2025-12-17 19:24:20,629 [ERROR] LogOutputStream:75 - [STDERR_REDIRECT] [Fatal Error] :1:1: Premature end of file.
2025-12-17 19:24:20,630 [ERROR] LogOutputStream:75 - [STDERR_REDIRECT] 
2025-12-17 19:24:21,629 [ERROR] LogOutputStream:75 - [STDERR_REDIRECT] [Fatal Error] :1:1: Premature end of file.
2025-12-17 19:24:21,629 [ERROR] LogOutputStream:75 - [STDERR_REDIRECT] 
2025-12-17 19:24:22,628 [ERROR] LogOutputStream:75 - [STDERR_REDIRECT] [Fatal Error] :1:1: Premature end of file.
2025-12-17 19:24:22,628 [ERROR] LogOutputStream:75 - [STDERR_REDIRECT] 
2025-12-17 19:24:23,630 [ERROR] LogOutputStream:75 - [STDERR_REDIRECT] [Fatal Error] :1:1: Premature end of file.
2025-12-17 19:24:23,630 [ERROR] LogOutputStream:75 - [STDERR_REDIRECT] 
2025-12-17 19:24:24,629 [ERROR] LogOutputStream:75 - [STDERR_REDIRECT] [Fatal Error] :1:1: Premature end of file.
2025-12-17 19:24:24,629 [ERROR] LogOutputStream:75 - [STDERR_REDIRECT] 
2025-12-17 19:24:25,621 [ERROR] LogOutputStream:75 - [STDERR_REDIRECT] [Fatal Error] :1:1: Premature end of file.
2025-12-17 19:24:25,621 [ERROR] LogOutputStream:75 - [STDERR_REDIRECT] 
2025-12-17 19:24:26,632 [ERROR] LogOutputStream:75 - [STDERR_REDIRECT] [Fatal Error] :1:1: Premature end of file.
2025-12-17 19:24:26,632 [ERROR] LogOutputStream:75 - [STDERR_REDIRECT] 
2025-12-17 19:24:27,633 [ERROR] LogOutputStream:75 - [STDERR_REDIRECT] [Fatal Error] :1:1: Premature end of file.
2025-12-17 19:24:27,633 [ERROR] LogOutputStream:75 - [STDERR_REDIRECT] 
2025-12-17 19:24:28,624 [ERROR] LogOutputStream:75 - [STDERR_REDIRECT] [Fatal Error] :1:1: Premature end of file.
2025-12-17 19:24:28,624 [ERROR] LogOutputStream:75 - [STDERR_REDIRECT] 
2025-12-17 19:24:29,626 [ERROR] LogOutputStream:75 - [STDERR_REDIRECT] [Fatal Error] :1:1: Premature end of file.
2025-12-17 19:24:29,626 [ERROR] LogOutputStream:75 - [STDERR_REDIRECT] 
2025-12-17 19:24:30,625 [ERROR] LogOutputStream:75 - [STDERR_REDIRECT] [Fatal Error] :1:1: Premature end of file.
2025-12-17 19:24:30,626 [ERROR] LogOutputStream:75 - [STDERR_REDIRECT] 
2025-12-17 19:24:31,624 [ERROR] LogOutputStream:75 - [STDERR_REDIRECT] [Fatal Error] :1:1: Premature end of file.
2025-12-17 19:24:31,624 [ERROR] LogOutputStream:75 - [STDERR_REDIRECT] 
2025-12-17 19:24:32,629 [ERROR] LogOutputStream:75 - [STDERR_REDIRECT] [Fatal Error] :1:1: Premature end of file.
2025-12-17 19:24:32,629 [ERROR] LogOutputStream:75 - [STDERR_REDIRECT] 
2025-12-17 19:24:33,627 [ERROR] LogOutputStream:75 - [STDERR_REDIRECT] [Fatal Error] :1:1: Premature end of file.
2025-12-17 19:24:33,627 [ERROR] LogOutputStream:75 - [STDERR_REDIRECT] 
2025-12-17 19:24:34,620 [ERROR] LogOutputStream:75 - [STDERR_REDIRECT] [Fatal Error] :1:1: Premature end of file.
2025-12-17 19:24:34,620 [ERROR] LogOutputStream:75 - [STDERR_REDIRECT] 
2025-12-17 19:24:35,614 [ERROR] LogOutputStream:75 - [STDERR_REDIRECT] [Fatal Error] :1:1: Premature end of file.
2025-12-17 19:24:35,614 [ERROR] LogOutputStream:75 - [STDERR_REDIRECT] 
2025-12-17 19:24:36,622 [ERROR] LogOutputStream:75 - [STDERR_REDIRECT] [Fatal Error] :1:1: Premature end of file.
2025-12-17 19:24:36,622 [ERROR] LogOutputStream:75 - [STDERR_REDIRECT] 
2025-12-17 19:24:37,629 [ERROR] LogOutputStream:75 - [STDERR_REDIRECT] [Fatal Error] :1:1: Premature end of file.
2025-12-17 19:24:37,629 [ERROR] LogOutputStream:75 - [STDERR_REDIRECT] 
2025-12-17 19:24:38,623 [ERROR] LogOutputStream:75 - [STDERR_REDIRECT] [Fatal Error] :1:1: Premature end of file.
2025-12-17 19:24:38,625 [ERROR] LogOutputStream:75 - [STDERR_REDIRECT] 
2025-12-17 19:24:39,628 [ERROR] LogOutputStream:75 - [STDERR_REDIRECT] [Fatal Error] :1:1: Premature end of file.
2025-12-17 19:24:39,628 [ERROR] LogOutputStream:75 - [STDERR_REDIRECT] 
2025-12-17 19:24:40,632 [ERROR] LogOutputStream:75 - [STDERR_REDIRECT] [Fatal Error] :1:1: Premature end of file.
2025-12-17 19:24:40,632 [ERROR] LogOutputStream:75 - [STDERR_REDIRECT] 
2025-12-17 19:24:41,624 [ERROR] LogOutputStream:75 - [STDERR_REDIRECT] [Fatal Error] :1:1: Premature end of file.
2025-12-17 19:24:41,624 [ERROR] LogOutputStream:75 - [STDERR_REDIRECT] 
2025-12-17 19:24:42,626 [ERROR] LogOutputStream:75 - [STDERR_REDIRECT] [Fatal Error] :1:1: Premature end of file.
2025-12-17 19:24:42,626 [ERROR] LogOutputStream:75 - [STDERR_REDIRECT] 
2025-12-17 19:24:43,629 [ERROR] LogOutputStream:75 - [STDERR_REDIRECT] [Fatal Error] :1:1: Premature end of file.
2025-12-17 19:24:43,629 [ERROR] LogOutputStream:75 - [STDERR_REDIRECT] 
2025-12-17 19:24:44,623 [ERROR] LogOutputStream:75 - [STDERR_REDIRECT] [Fatal Error] :1:1: Premature end of file.
2025-12-17 19:24:44,623 [ERROR] LogOutputStream:75 - [STDERR_REDIRECT] 
2025-12-17 19:24:45,625 [ERROR] LogOutputStream:75 - [STDERR_REDIRECT] [Fatal Error] :1:1: Premature end of file.
2025-12-17 19:24:45,625 [ERROR] LogOutputStream:75 - [STDERR_REDIRECT] 
2025-12-17 19:24:46,623 [ERROR] LogOutputStream:75 - [STDERR_REDIRECT] [Fatal Error] :1:1: Premature end of file.
2025-12-17 19:24:46,623 [ERROR] LogOutputStream:75 - [STDERR_REDIRECT] 
2025-12-17 19:24:47,627 [ERROR] LogOutputStream:75 - [STDERR_REDIRECT] [Fatal Error] :1:1: Premature end of file.
2025-12-17 19:24:47,627 [ERROR] LogOutputStream:75 - [STDERR_REDIRECT] 
2025-12-17 19:24:48,628 [ERROR] LogOutputStream:75 - [STDERR_REDIRECT] [Fatal Error] :1:1: Premature end of file.
2025-12-17 19:24:48,628 [ERROR] LogOutputStream:75 - [STDERR_REDIRECT] 
2025-12-17 19:24:49,626 [ERROR] LogOutputStream:75 - [STDERR_REDIRECT] [Fatal Error] :1:1: Premature end of file.
2025-12-17 19:24:49,626 [ERROR] LogOutputStream:75 - [STDERR_REDIRECT] 
2025-12-17 19:24:50,627 [ERROR] LogOutputStream:75 - [STDERR_REDIRECT] [Fatal Error] :1:1: Premature end of file.
2025-12-17 19:24:50,627 [ERROR] LogOutputStream:75 - [STDERR_REDIRECT] 
2025-12-17 19:24:51,626 [ERROR] LogOutputStream:75 - [STDERR_REDIRECT] [Fatal Error] :1:1: Premature end of file.
2025-12-17 19:24:51,626 [ERROR] LogOutputStream:75 - [STDERR_REDIRECT] 
2025-12-17 19:24:52,628 [ERROR] LogOutputStream:75 - [STDERR_REDIRECT] [Fatal Error] :1:1: Premature end of file.
2025-12-17 19:24:52,628 [ERROR] LogOutputStream:75 - [STDERR_REDIRECT] 
2025-12-17 19:24:53,624 [ERROR] LogOutputStream:75 - [STDERR_REDIRECT] [Fatal Error] :1:1: Premature end of file.
2025-12-17 19:24:53,624 [ERROR] LogOutputStream:75 - [STDERR_REDIRECT] 
2025-12-17 19:24:54,625 [ERROR] LogOutputStream:75 - [STDERR_REDIRECT] [Fatal Error] :1:1: Premature end of file.
2025-12-17 19:24:54,625 [ERROR] LogOutputStream:75 - [STDERR_REDIRECT] 
2025-12-17 19:24:55,623 [ERROR] LogOutputStream:75 - [STDERR_REDIRECT] [Fatal Error] :1:1: Premature end of file.
2025-12-17 19:24:55,623 [ERROR] LogOutputStream:75 - [STDERR_REDIRECT] 
2025-12-17 19:24:56,624 [ERROR] LogOutputStream:75 - [STDERR_REDIRECT] [Fatal Error] :1:1: Premature end of file.
2025-12-17 19:24:56,624 [ERROR] LogOutputStream:75 - [STDERR_REDIRECT] 
2025-12-17 19:24:57,625 [ERROR] LogOutputStream:75 - [STDERR_REDIRECT] [Fatal Error] :1:1: Premature end of file.
2025-12-17 19:24:57,626 [ERROR] LogOutputStream:75 - [STDERR_REDIRECT] 
2025-12-17 19:24:58,626 [ERROR] LogOutputStream:75 - [STDERR_REDIRECT] [Fatal Error] :1:1: Premature end of file.
2025-12-17 19:24:58,626 [ERROR] LogOutputStream:75 - [STDERR_REDIRECT] 
2025-12-17 19:24:59,625 [ERROR] LogOutputStream:75 - [STDERR_REDIRECT] [Fatal Error] :1:1: Premature end of file.
2025-12-17 19:24:59,626 [ERROR] LogOutputStream:75 - [STDERR_REDIRECT] 
2025-12-17 19:25:00,624 [ERROR] LogOutputStream:75 - [STDERR_REDIRECT] [Fatal Error] :1:1: Premature end of file.
2025-12-17 19:25:00,624 [ERROR] LogOutputStream:75 - [STDERR_REDIRECT] 
2025-12-17 19:25:01,631 [ERROR] LogOutputStream:75 - [STDERR_REDIRECT] [Fatal Error] :1:1: Premature end of file.
2025-12-17 19:25:01,631 [ERROR] LogOutputStream:75 - [STDERR_REDIRECT] 
2025-12-17 19:25:02,637 [ERROR] LogOutputStream:75 - [STDERR_REDIRECT] [Fatal Error] :1:1: Premature end of file.
2025-12-17 19:25:02,637 [ERROR] LogOutputStream:75 - [STDERR_REDIRECT] 
2025-12-17 19:25:03,622 [ERROR] LogOutputStream:75 - [STDERR_REDIRECT] [Fatal Error] :1:1: Premature end of file.
2025-12-17 19:25:03,622 [ERROR] LogOutputStream:75 - [STDERR_REDIRECT] 
2025-12-17 19:25:04,623 [ERROR] LogOutputStream:75 - [STDERR_REDIRECT] [Fatal Error] :1:1: Premature end of file.
2025-12-17 19:25:04,623 [ERROR] LogOutputStream:75 - [STDERR_REDIRECT] 
2025-12-17 19:25:05,622 [ERROR] LogOutputStream:75 - [STDERR_REDIRECT] [Fatal Error] :1:1: Premature end of file.
2025-12-17 19:25:05,622 [ERROR] LogOutputStream:75 - [STDERR_REDIRECT] 
2025-12-17 19:25:06,623 [ERROR] LogOutputStream:75 - [STDERR_REDIRECT] [Fatal Error] :1:1: Premature end of file.
2025-12-17 19:25:06,623 [ERROR] LogOutputStream:75 - [STDERR_REDIRECT] 
2025-12-17 19:25:07,625 [ERROR] LogOutputStream:75 - [STDERR_REDIRECT] [Fatal Error] :1:1: Premature end of file.
2025-12-17 19:25:07,625 [ERROR] LogOutputStream:75 - [STDERR_REDIRECT] 
2025-12-17 19:25:08,622 [ERROR] LogOutputStream:75 - [STDERR_REDIRECT] [Fatal Error] :1:1: Premature end of file.
2025-12-17 19:25:08,622 [ERROR] LogOutputStream:75 - [STDERR_REDIRECT] 
2025-12-17 19:25:09,624 [ERROR] LogOutputStream:75 - [STDERR_REDIRECT] [Fatal Error] :1:1: Premature end of file.
2025-12-17 19:25:09,624 [ERROR] LogOutputStream:75 - [STDERR_REDIRECT] 
2025-12-17 19:25:10,624 [ERROR] LogOutputStream:75 - [STDERR_REDIRECT] [Fatal Error] :1:1: Premature end of file.
2025-12-17 19:25:10,624 [ERROR] LogOutputStream:75 - [STDERR_REDIRECT] 
2025-12-17 19:25:11,622 [ERROR] LogOutputStream:75 - [STDERR_REDIRECT] [Fatal Error] :1:1: Premature end of file.
2025-12-17 19:25:11,622 [ERROR] LogOutputStream:75 - [STDERR_REDIRECT] 
2025-12-17 19:25:12,624 [ERROR] LogOutputStream:75 - [STDERR_REDIRECT] [Fatal Error] :1:1: Premature end of file.
2025-12-17 19:25:12,624 [ERROR] LogOutputStream:75 - [STDERR_REDIRECT] 
2025-12-17 19:25:13,621 [ERROR] LogOutputStream:75 - [STDERR_REDIRECT] [Fatal Error] :1:1: Premature end of file.
2025-12-17 19:25:13,621 [ERROR] LogOutputStream:75 - [STDERR_REDIRECT] 
2025-12-17 19:25:14,624 [ERROR] LogOutputStream:75 - [STDERR_REDIRECT] [Fatal Error] :1:1: Premature end of file.
2025-12-17 19:25:14,624 [ERROR] LogOutputStream:75 - [STDERR_REDIRECT] 
2025-12-17 19:25:15,627 [ERROR] LogOutputStream:75 - [STDERR_REDIRECT] [Fatal Error] :1:1: Premature end of file.
2025-12-17 19:25:15,627 [ERROR] LogOutputStream:75 - [STDERR_REDIRECT] 
2025-12-17 19:25:16,623 [ERROR] LogOutputStream:75 - [STDERR_REDIRECT] [Fatal Error] :1:1: Premature end of file.
2025-12-17 19:25:16,623 [ERROR] LogOutputStream:75 - [STDERR_REDIRECT] 
2025-12-17 19:25:17,621 [ERROR] LogOutputStream:75 - [STDERR_REDIRECT] [Fatal Error] :1:1: Premature end of file.
2025-12-17 19:25:17,621 [ERROR] LogOutputStream:75 - [STDERR_REDIRECT] 
2025-12-17 19:25:18,624 [ERROR] LogOutputStream:75 - [STDERR_REDIRECT] [Fatal Error] :1:1: Premature end of file.
2025-12-17 19:25:18,625 [ERROR] LogOutputStream:75 - [STDERR_REDIRECT] 
2025-12-17 19:25:19,625 [ERROR] LogOutputStream:75 - [STDERR_REDIRECT] [Fatal Error] :1:1: Premature end of file.
2025-12-17 19:25:19,625 [ERROR] LogOutputStream:75 - [STDERR_REDIRECT] 
2025-12-17 19:25:20,624 [ERROR] LogOutputStream:75 - [STDERR_REDIRECT] [Fatal Error] :1:1: Premature end of file.
2025-12-17 19:25:20,625 [ERROR] LogOutputStream:75 - [STDERR_REDIRECT] 
2025-12-17 19:25:21,628 [ERROR] LogOutputStream:75 - [STDERR_REDIRECT] [Fatal Error] :1:1: Premature end of file.
2025-12-17 19:25:21,629 [ERROR] LogOutputStream:75 - [STDERR_REDIRECT] 
2025-12-17 19:25:22,625 [ERROR] LogOutputStream:75 - [STDERR_REDIRECT] [Fatal Error] :1:1: Premature end of file.
2025-12-17 19:25:22,625 [ERROR] LogOutputStream:75 - [STDERR_REDIRECT] 
2025-12-17 19:25:23,625 [ERROR] LogOutputStream:75 - [STDERR_REDIRECT] [Fatal Error] :1:1: Premature end of file.
2025-12-17 19:25:23,625 [ERROR] LogOutputStream:75 - [STDERR_REDIRECT] 
2025-12-17 19:25:24,624 [ERROR] LogOutputStream:75 - [STDERR_REDIRECT] [Fatal Error] :1:1: Premature end of file.
2025-12-17 19:25:24,624 [ERROR] LogOutputStream:75 - [STDERR_REDIRECT] 
2025-12-17 19:25:25,628 [ERROR] LogOutputStream:75 - [STDERR_REDIRECT] [Fatal Error] :1:1: Premature end of file.
2025-12-17 19:25:25,628 [ERROR] LogOutputStream:75 - [STDERR_REDIRECT] 
2025-12-17 19:25:26,626 [ERROR] LogOutputStream:75 - [STDERR_REDIRECT] [Fatal Error] :1:1: Premature end of file.
2025-12-17 19:25:26,626 [ERROR] LogOutputStream:75 - [STDERR_REDIRECT] 
2025-12-17 19:25:27,623 [ERROR] LogOutputStream:75 - [STDERR_REDIRECT] [Fatal Error] :1:1: Premature end of file.
2025-12-17 19:25:27,624 [ERROR] LogOutputStream:75 - [STDERR_REDIRECT] 
2025-12-17 19:25:28,627 [ERROR] LogOutputStream:75 - [STDERR_REDIRECT] [Fatal Error] :1:1: Premature end of file.
2025-12-17 19:25:28,627 [ERROR] LogOutputStream:75 - [STDERR_REDIRECT] 
2025-12-17 19:25:29,623 [ERROR] LogOutputStream:75 - [STDERR_REDIRECT] [Fatal Error] :1:1: Premature end of file.
2025-12-17 19:25:29,623 [ERROR] LogOutputStream:75 - [STDERR_REDIRECT] 
2025-12-17 19:25:30,628 [ERROR] LogOutputStream:75 - [STDERR_REDIRECT] [Fatal Error] :1:1: Premature end of file.
2025-12-17 19:25:30,628 [ERROR] LogOutputStream:75 - [STDERR_REDIRECT] 
2025-12-17 19:25:31,624 [ERROR] LogOutputStream:75 - [STDERR_REDIRECT] [Fatal Error] :1:1: Premature end of file.
2025-12-17 19:25:31,624 [ERROR] LogOutputStream:75 - [STDERR_REDIRECT] 
2025-12-17 19:25:32,626 [ERROR] LogOutputStream:75 - [STDERR_REDIRECT] [Fatal Error] :1:1: Premature end of file.
2025-12-17 19:25:32,627 [ERROR] LogOutputStream:75 - [STDERR_REDIRECT] 
2025-12-17 19:25:33,631 [ERROR] LogOutputStream:75 - [STDERR_REDIRECT] [Fatal Error] :1:1: Premature end of file.
2025-12-17 19:25:33,631 [ERROR] LogOutputStream:75 - [STDERR_REDIRECT] 
2025-12-17 19:25:34,625 [ERROR] LogOutputStream:75 - [STDERR_REDIRECT] [Fatal Error] :1:1: Premature end of file.
2025-12-17 19:25:34,625 [ERROR] LogOutputStream:75 - [STDERR_REDIRECT] 
2025-12-17 19:25:35,630 [ERROR] LogOutputStream:75 - [STDERR_REDIRECT] [Fatal Error] :1:1: Premature end of file.
2025-12-17 19:25:35,630 [ERROR] LogOutputStream:75 - [STDERR_REDIRECT] 
2025-12-17 19:25:36,627 [ERROR] LogOutputStream:75 - [STDERR_REDIRECT] [Fatal Error] :1:1: Premature end of file.
2025-12-17 19:25:36,627 [ERROR] LogOutputStream:75 - [STDERR_REDIRECT] 
2025-12-17 19:25:37,622 [ERROR] LogOutputStream:75 - [STDERR_REDIRECT] [Fatal Error] :1:1: Premature end of file.
2025-12-17 19:25:37,622 [ERROR] LogOutputStream:75 - [STDERR_REDIRECT] 
2025-12-17 19:25:38,624 [ERROR] LogOutputStream:75 - [STDERR_REDIRECT] [Fatal Error] :1:1: Premature end of file.
2025-12-17 19:25:38,624 [ERROR] LogOutputStream:75 - [STDERR_REDIRECT] 
2025-12-17 19:25:39,626 [ERROR] LogOutputStream:75 - [STDERR_REDIRECT] [Fatal Error] :1:1: Premature end of file.
2025-12-17 19:25:39,626 [ERROR] LogOutputStream:75 - [STDERR_REDIRECT] 
2025-12-17 19:25:40,624 [ERROR] LogOutputStream:75 - [STDERR_REDIRECT] [Fatal Error] :1:1: Premature end of file.
2025-12-17 19:25:40,624 [ERROR] LogOutputStream:75 - [STDERR_REDIRECT] 
2025-12-17 19:25:41,623 [ERROR] LogOutputStream:75 - [STDERR_REDIRECT] [Fatal Error] :1:1: Premature end of file.
2025-12-17 19:25:41,624 [ERROR] LogOutputStream:75 - [STDERR_REDIRECT] 
2025-12-17 19:25:42,621 [ERROR] LogOutputStream:75 - [STDERR_REDIRECT] [Fatal Error] :1:1: Premature end of file.
2025-12-17 19:25:42,622 [ERROR] LogOutputStream:75 - [STDERR_REDIRECT] 
2025-12-17 19:25:43,626 [ERROR] LogOutputStream:75 - [STDERR_REDIRECT] [Fatal Error] :1:1: Premature end of file.
2025-12-17 19:25:43,626 [ERROR] LogOutputStream:75 - [STDERR_REDIRECT] 
2025-12-17 19:25:44,630 [ERROR] LogOutputStream:75 - [STDERR_REDIRECT] [Fatal Error] :1:1: Premature end of file.
2025-12-17 19:25:44,631 [ERROR] LogOutputStream:75 - [STDERR_REDIRECT] 
2025-12-17 19:25:45,623 [ERROR] LogOutputStream:75 - [STDERR_REDIRECT] [Fatal Error] :1:1: Premature end of file.
2025-12-17 19:25:45,623 [ERROR] LogOutputStream:75 - [STDERR_REDIRECT] 
2025-12-17 19:25:46,626 [ERROR] LogOutputStream:75 - [STDERR_REDIRECT] [Fatal Error] :1:1: Premature end of file.
2025-12-17 19:25:46,626 [ERROR] LogOutputStream:75 - [STDERR_REDIRECT] 
2025-12-17 19:25:47,624 [ERROR] LogOutputStream:75 - [STDERR_REDIRECT] [Fatal Error] :1:1: Premature end of file.
2025-12-17 19:25:47,624 [ERROR] LogOutputStream:75 - [STDERR_REDIRECT] 
2025-12-17 19:25:48,623 [ERROR] LogOutputStream:75 - [STDERR_REDIRECT] [Fatal Error] :1:1: Premature end of file.
2025-12-17 19:25:48,623 [ERROR] LogOutputStream:75 - [STDERR_REDIRECT] 
2025-12-17 19:25:49,625 [ERROR] LogOutputStream:75 - [STDERR_REDIRECT] [Fatal Error] :1:1: Premature end of file.
2025-12-17 19:25:49,625 [ERROR] LogOutputStream:75 - [STDERR_REDIRECT] 
2025-12-17 19:25:50,630 [ERROR] LogOutputStream:75 - [STDERR_REDIRECT] [Fatal Error] :1:1: Premature end of file.
2025-12-17 19:25:50,630 [ERROR] LogOutputStream:75 - [STDERR_REDIRECT] 
2025-12-17 19:25:51,624 [ERROR] LogOutputStream:75 - [STDERR_REDIRECT] [Fatal Error] :1:1: Premature end of file.
2025-12-17 19:25:51,625 [ERROR] LogOutputStream:75 - [STDERR_REDIRECT] 
2025-12-17 19:25:52,625 [ERROR] LogOutputStream:75 - [STDERR_REDIRECT] [Fatal Error] :1:1: Premature end of file.
2025-12-17 19:25:52,626 [ERROR] LogOutputStream:75 - [STDERR_REDIRECT] 
2025-12-17 19:25:53,627 [ERROR] LogOutputStream:75 - [STDERR_REDIRECT] [Fatal Error] :1:1: Premature end of file.
2025-12-17 19:25:53,627 [ERROR] LogOutputStream:75 - [STDERR_REDIRECT] 
2025-12-17 19:25:54,628 [ERROR] LogOutputStream:75 - [STDERR_REDIRECT] [Fatal Error] :1:1: Premature end of file.
2025-12-17 19:25:54,628 [ERROR] LogOutputStream:75 - [STDERR_REDIRECT] 
2025-12-17 19:25:55,627 [ERROR] LogOutputStream:75 - [STDERR_REDIRECT] [Fatal Error] :1:1: Premature end of file.
2025-12-17 19:25:55,627 [ERROR] LogOutputStream:75 - [STDERR_REDIRECT] 
2025-12-17 19:25:56,623 [ERROR] LogOutputStream:75 - [STDERR_REDIRECT] [Fatal Error] :1:1: Premature end of file.
2025-12-17 19:25:56,624 [ERROR] LogOutputStream:75 - [STDERR_REDIRECT] 
2025-12-17 19:25:57,624 [ERROR] LogOutputStream:75 - [STDERR_REDIRECT] [Fatal Error] :1:1: Premature end of file.
2025-12-17 19:25:57,624 [ERROR] LogOutputStream:75 - [STDERR_REDIRECT] 
2025-12-17 19:25:58,625 [ERROR] LogOutputStream:75 - [STDERR_REDIRECT] [Fatal Error] :1:1: Premature end of file.
2025-12-17 19:25:58,625 [ERROR] LogOutputStream:75 - [STDERR_REDIRECT] 
2025-12-17 19:25:59,626 [ERROR] LogOutputStream:75 - [STDERR_REDIRECT] [Fatal Error] :1:1: Premature end of file.
2025-12-17 19:25:59,627 [ERROR] LogOutputStream:75 - [STDERR_REDIRECT] 
2025-12-17 19:26:00,628 [ERROR] LogOutputStream:75 - [STDERR_REDIRECT] [Fatal Error] :1:1: Premature end of file.
2025-12-17 19:26:00,628 [ERROR] LogOutputStream:75 - [STDERR_REDIRECT] 
2025-12-17 19:26:01,626 [ERROR] LogOutputStream:75 - [STDERR_REDIRECT] [Fatal Error] :1:1: Premature end of file.
2025-12-17 19:26:01,626 [ERROR] LogOutputStream:75 - [STDERR_REDIRECT] 
2025-12-17 19:26:02,629 [ERROR] LogOutputStream:75 - [STDERR_REDIRECT] [Fatal Error] :1:1: Premature end of file.
2025-12-17 19:26:02,630 [ERROR] LogOutputStream:75 - [STDERR_REDIRECT] 
2025-12-17 19:26:03,628 [ERROR] LogOutputStream:75 - [STDERR_REDIRECT] [Fatal Error] :1:1: Premature end of file.
2025-12-17 19:26:03,628 [ERROR] LogOutputStream:75 - [STDERR_REDIRECT] 
2025-12-17 19:26:04,626 [ERROR] LogOutputStream:75 - [STDERR_REDIRECT] [Fatal Error] :1:1: Premature end of file.
2025-12-17 19:26:04,626 [ERROR] LogOutputStream:75 - [STDERR_REDIRECT] 
2025-12-17 19:26:05,621 [ERROR] LogOutputStream:75 - [STDERR_REDIRECT] [Fatal Error] :1:1: Premature end of file.
2025-12-17 19:26:05,622 [ERROR] LogOutputStream:75 - [STDERR_REDIRECT] 
2025-12-17 19:26:06,624 [ERROR] LogOutputStream:75 - [STDERR_REDIRECT] [Fatal Error] :1:1: Premature end of file.
2025-12-17 19:26:06,624 [ERROR] LogOutputStream:75 - [STDERR_REDIRECT] 
2025-12-17 19:26:07,628 [ERROR] LogOutputStream:75 - [STDERR_REDIRECT] [Fatal Error] :1:1: Premature end of file.
2025-12-17 19:26:07,630 [ERROR] LogOutputStream:75 - [STDERR_REDIRECT] 
2025-12-17 19:26:08,628 [ERROR] LogOutputStream:75 - [STDERR_REDIRECT] [Fatal Error] :1:1: Premature end of file.
2025-12-17 19:26:08,630 [ERROR] LogOutputStream:75 - [STDERR_REDIRECT] 
2025-12-17 19:26:09,624 [ERROR] LogOutputStream:75 - [STDERR_REDIRECT] [Fatal Error] :1:1: Premature end of file.
2025-12-17 19:26:09,624 [ERROR] LogOutputStream:75 - [STDERR_REDIRECT] 
2025-12-17 19:26:10,625 [ERROR] LogOutputStream:75 - [STDERR_REDIRECT] [Fatal Error] :1:1: Premature end of file.
2025-12-17 19:26:10,625 [ERROR] LogOutputStream:75 - [STDERR_REDIRECT] 
2025-12-17 19:26:11,623 [ERROR] LogOutputStream:75 - [STDERR_REDIRECT] [Fatal Error] :1:1: Premature end of file.
2025-12-17 19:26:11,624 [ERROR] LogOutputStream:75 - [STDERR_REDIRECT] 
2025-12-17 19:26:12,628 [ERROR] LogOutputStream:75 - [STDERR_REDIRECT] [Fatal Error] :1:1: Premature end of file.
2025-12-17 19:26:12,629 [ERROR] LogOutputStream:75 - [STDERR_REDIRECT] 
2025-12-17 19:26:13,622 [ERROR] LogOutputStream:75 - [STDERR_REDIRECT] [Fatal Error] :1:1: Premature end of file.
2025-12-17 19:26:13,622 [ERROR] LogOutputStream:75 - [STDERR_REDIRECT] 
2025-12-17 19:26:14,623 [ERROR] LogOutputStream:75 - [STDERR_REDIRECT] [Fatal Error] :1:1: Premature end of file.
2025-12-17 19:26:14,623 [ERROR] LogOutputStream:75 - [STDERR_REDIRECT] 
2025-12-17 19:26:15,625 [ERROR] LogOutputStream:75 - [STDERR_REDIRECT] [Fatal Error] :1:1: Premature end of file.
2025-12-17 19:26:15,625 [ERROR] LogOutputStream:75 - [STDERR_REDIRECT] 
2025-12-17 19:26:16,630 [ERROR] LogOutputStream:75 - [STDERR_REDIRECT] [Fatal Error] :1:1: Premature end of file.
2025-12-17 19:26:16,630 [ERROR] LogOutputStream:75 - [STDERR_REDIRECT] 
2025-12-17 19:26:17,622 [ERROR] LogOutputStream:75 - [STDERR_REDIRECT] [Fatal Error] :1:1: Premature end of file.
2025-12-17 19:26:17,623 [ERROR] LogOutputStream:75 - [STDERR_REDIRECT] 
2025-12-17 19:26:18,629 [ERROR] LogOutputStream:75 - [STDERR_REDIRECT] [Fatal Error] :1:1: Premature end of file.
2025-12-17 19:26:18,629 [ERROR] LogOutputStream:75 - [STDERR_REDIRECT] 
2025-12-17 19:26:19,630 [ERROR] LogOutputStream:75 - [STDERR_REDIRECT] [Fatal Error] :1:1: Premature end of file.
2025-12-17 19:26:19,631 [ERROR] LogOutputStream:75 - [STDERR_REDIRECT] 
2025-12-17 19:26:20,630 [ERROR] LogOutputStream:75 - [STDERR_REDIRECT] [Fatal Error] :1:1: Premature end of file.
2025-12-17 19:26:20,630 [ERROR] LogOutputStream:75 - [STDERR_REDIRECT] 
2025-12-17 19:26:21,622 [ERROR] LogOutputStream:75 - [STDERR_REDIRECT] [Fatal Error] :1:1: Premature end of file.
2025-12-17 19:26:21,624 [ERROR] LogOutputStream:75 - [STDERR_REDIRECT] 
2025-12-17 19:26:22,632 [ERROR] LogOutputStream:75 - [STDERR_REDIRECT] [Fatal Error] :1:1: Premature end of file.
2025-12-17 19:26:22,632 [ERROR] LogOutputStream:75 - [STDERR_REDIRECT] 
2025-12-17 19:26:23,624 [ERROR] LogOutputStream:75 - [STDERR_REDIRECT] [Fatal Error] :1:1: Premature end of file.
2025-12-17 19:26:23,624 [ERROR] LogOutputStream:75 - [STDERR_REDIRECT] 
2025-12-17 19:26:24,627 [ERROR] LogOutputStream:75 - [STDERR_REDIRECT] [Fatal Error] :1:1: Premature end of file.
2025-12-17 19:26:24,627 [ERROR] LogOutputStream:75 - [STDERR_REDIRECT] 
2025-12-17 19:26:25,628 [ERROR] LogOutputStream:75 - [STDERR_REDIRECT] [Fatal Error] :1:1: Premature end of file.
2025-12-17 19:26:25,628 [ERROR] LogOutputStream:75 - [STDERR_REDIRECT] 
2025-12-17 19:26:26,632 [ERROR] LogOutputStream:75 - [STDERR_REDIRECT] [Fatal Error] :1:1: Premature end of file.
2025-12-17 19:26:26,632 [ERROR] LogOutputStream:75 - [STDERR_REDIRECT] 
2025-12-17 19:26:27,632 [ERROR] LogOutputStream:75 - [STDERR_REDIRECT] [Fatal Error] :1:1: Premature end of file.
2025-12-17 19:26:27,632 [ERROR] LogOutputStream:75 - [STDERR_REDIRECT] 
2025-12-17 19:26:28,628 [ERROR] LogOutputStream:75 - [STDERR_REDIRECT] [Fatal Error] :1:1: Premature end of file.
2025-12-17 19:26:28,628 [ERROR] LogOutputStream:75 - [STDERR_REDIRECT] 
2025-12-17 19:26:29,627 [ERROR] LogOutputStream:75 - [STDERR_REDIRECT] [Fatal Error] :1:1: Premature end of file.
2025-12-17 19:26:29,627 [ERROR] LogOutputStream:75 - [STDERR_REDIRECT] 
2025-12-17 19:26:30,623 [ERROR] LogOutputStream:75 - [STDERR_REDIRECT] [Fatal Error] :1:1: Premature end of file.
2025-12-17 19:26:30,623 [ERROR] LogOutputStream:75 - [STDERR_REDIRECT] 
2025-12-17 19:26:31,630 [ERROR] LogOutputStream:75 - [STDERR_REDIRECT] [Fatal Error] :1:1: Premature end of file.
2025-12-17 19:26:31,631 [ERROR] LogOutputStream:75 - [STDERR_REDIRECT] 
2025-12-17 19:26:32,623 [ERROR] LogOutputStream:75 - [STDERR_REDIRECT] [Fatal Error] :1:1: Premature end of file.
2025-12-17 19:26:32,623 [ERROR] LogOutputStream:75 - [STDERR_REDIRECT] 
2025-12-17 19:26:33,625 [ERROR] LogOutputStream:75 - [STDERR_REDIRECT] [Fatal Error] :1:1: Premature end of file.
2025-12-17 19:26:33,625 [ERROR] LogOutputStream:75 - [STDERR_REDIRECT] 
2025-12-17 19:26:34,630 [ERROR] LogOutputStream:75 - [STDERR_REDIRECT] [Fatal Error] :1:1: Premature end of file.
2025-12-17 19:26:34,630 [ERROR] LogOutputStream:75 - [STDERR_REDIRECT] 
2025-12-17 19:26:35,623 [ERROR] LogOutputStream:75 - [STDERR_REDIRECT] [Fatal Error] :1:1: Premature end of file.
2025-12-17 19:26:35,623 [ERROR] LogOutputStream:75 - [STDERR_REDIRECT] 
2025-12-17 19:26:36,624 [ERROR] LogOutputStream:75 - [STDERR_REDIRECT] [Fatal Error] :1:1: Premature end of file.
2025-12-17 19:26:36,624 [ERROR] LogOutputStream:75 - [STDERR_REDIRECT] 
2025-12-17 19:26:37,621 [ERROR] LogOutputStream:75 - [STDERR_REDIRECT] [Fatal Error] :1:1: Premature end of file.
2025-12-17 19:26:37,622 [ERROR] LogOutputStream:75 - [STDERR_REDIRECT] 
2025-12-17 19:26:38,622 [ERROR] LogOutputStream:75 - [STDERR_REDIRECT] [Fatal Error] :1:1: Premature end of file.
2025-12-17 19:26:38,622 [ERROR] LogOutputStream:75 - [STDERR_REDIRECT] 
2025-12-17 19:26:39,623 [ERROR] LogOutputStream:75 - [STDERR_REDIRECT] [Fatal Error] :1:1: Premature end of file.
2025-12-17 19:26:39,623 [ERROR] LogOutputStream:75 - [STDERR_REDIRECT] 
2025-12-17 19:26:40,624 [ERROR] LogOutputStream:75 - [STDERR_REDIRECT] [Fatal Error] :1:1: Premature end of file.
2025-12-17 19:26:40,624 [ERROR] LogOutputStream:75 - [STDERR_REDIRECT] 
2025-12-17 19:26:41,624 [ERROR] LogOutputStream:75 - [STDERR_REDIRECT] [Fatal Error] :1:1: Premature end of file.
2025-12-17 19:26:41,624 [ERROR] LogOutputStream:75 - [STDERR_REDIRECT] 
2025-12-17 19:26:42,623 [ERROR] LogOutputStream:75 - [STDERR_REDIRECT] [Fatal Error] :1:1: Premature end of file.
2025-12-17 19:26:42,623 [ERROR] LogOutputStream:75 - [STDERR_REDIRECT] 
2025-12-17 19:26:43,623 [ERROR] LogOutputStream:75 - [STDERR_REDIRECT] [Fatal Error] :1:1: Premature end of file.
2025-12-17 19:26:43,623 [ERROR] LogOutputStream:75 - [STDERR_REDIRECT] 
2025-12-17 19:26:44,624 [ERROR] LogOutputStream:75 - [STDERR_REDIRECT] [Fatal Error] :1:1: Premature end of file.
2025-12-17 19:26:44,624 [ERROR] LogOutputStream:75 - [STDERR_REDIRECT] 
2025-12-17 19:26:45,622 [ERROR] LogOutputStream:75 - [STDERR_REDIRECT] [Fatal Error] :1:1: Premature end of file.
2025-12-17 19:26:45,622 [ERROR] LogOutputStream:75 - [STDERR_REDIRECT] 
2025-12-17 19:26:46,629 [ERROR] LogOutputStream:75 - [STDERR_REDIRECT] [Fatal Error] :1:1: Premature end of file.
2025-12-17 19:26:46,630 [ERROR] LogOutputStream:75 - [STDERR_REDIRECT] 
2025-12-17 19:26:47,622 [ERROR] LogOutputStream:75 - [STDERR_REDIRECT] [Fatal Error] :1:1: Premature end of file.
2025-12-17 19:26:47,623 [ERROR] LogOutputStream:75 - [STDERR_REDIRECT] 
2025-12-17 19:26:48,624 [ERROR] LogOutputStream:75 - [STDERR_REDIRECT] [Fatal Error] :1:1: Premature end of file.
2025-12-17 19:26:48,624 [ERROR] LogOutputStream:75 - [STDERR_REDIRECT] 
2025-12-17 19:26:49,637 [ERROR] LogOutputStream:75 - [STDERR_REDIRECT] [Fatal Error] :1:1: Premature end of file.
2025-12-17 19:26:49,638 [ERROR] LogOutputStream:75 - [STDERR_REDIRECT] 
2025-12-17 19:26:50,623 [ERROR] LogOutputStream:75 - [STDERR_REDIRECT] [Fatal Error] :1:1: Premature end of file.
2025-12-17 19:26:50,623 [ERROR] LogOutputStream:75 - [STDERR_REDIRECT] 
2025-12-17 19:26:51,626 [ERROR] LogOutputStream:75 - [STDERR_REDIRECT] [Fatal Error] :1:1: Premature end of file.
2025-12-17 19:26:51,626 [ERROR] LogOutputStream:75 - [STDERR_REDIRECT] 
2025-12-17 19:26:52,613 [ERROR] LogOutputStream:75 - [STDERR_REDIRECT] [Fatal Error] :1:1: Premature end of file.
2025-12-17 19:26:52,613 [ERROR] LogOutputStream:75 - [STDERR_REDIRECT] 
2025-12-17 19:26:53,625 [ERROR] LogOutputStream:75 - [STDERR_REDIRECT] [Fatal Error] :1:1: Premature end of file.
2025-12-17 19:26:53,625 [ERROR] LogOutputStream:75 - [STDERR_REDIRECT] 
2025-12-17 19:26:54,627 [ERROR] LogOutputStream:75 - [STDERR_REDIRECT] [Fatal Error] :1:1: Premature end of file.
2025-12-17 19:26:54,627 [ERROR] LogOutputStream:75 - [STDERR_REDIRECT] 
2025-12-17 19:26:55,633 [ERROR] LogOutputStream:75 - [STDERR_REDIRECT] [Fatal Error] :1:1: Premature end of file.
2025-12-17 19:26:55,633 [ERROR] LogOutputStream:75 - [STDERR_REDIRECT] 
2025-12-17 19:26:56,624 [ERROR] LogOutputStream:75 - [STDERR_REDIRECT] [Fatal Error] :1:1: Premature end of file.
2025-12-17 19:26:56,625 [ERROR] LogOutputStream:75 - [STDERR_REDIRECT] 
2025-12-17 19:26:57,625 [ERROR] LogOutputStream:75 - [STDERR_REDIRECT] [Fatal Error] :1:1: Premature end of file.
2025-12-17 19:26:57,626 [ERROR] LogOutputStream:75 - [STDERR_REDIRECT] 
2025-12-17 19:26:58,624 [ERROR] LogOutputStream:75 - [STDERR_REDIRECT] [Fatal Error] :1:1: Premature end of file.
2025-12-17 19:26:58,624 [ERROR] LogOutputStream:75 - [STDERR_REDIRECT] 
2025-12-17 19:26:59,623 [ERROR] LogOutputStream:75 - [STDERR_REDIRECT] [Fatal Error] :1:1: Premature end of file.
2025-12-17 19:26:59,623 [ERROR] LogOutputStream:75 - [STDERR_REDIRECT] 
2025-12-17 19:27:00,623 [ERROR] LogOutputStream:75 - [STDERR_REDIRECT] [Fatal Error] :1:1: Premature end of file.
2025-12-17 19:27:00,624 [ERROR] LogOutputStream:75 - [STDERR_REDIRECT] 
2025-12-17 19:27:01,626 [ERROR] LogOutputStream:75 - [STDERR_REDIRECT] [Fatal Error] :1:1: Premature end of file.
2025-12-17 19:27:01,626 [ERROR] LogOutputStream:75 - [STDERR_REDIRECT] 
2025-12-17 19:27:02,626 [ERROR] LogOutputStream:75 - [STDERR_REDIRECT] [Fatal Error] :1:1: Premature end of file.
2025-12-17 19:27:02,627 [ERROR] LogOutputStream:75 - [STDERR_REDIRECT] 
2025-12-17 19:27:03,627 [ERROR] LogOutputStream:75 - [STDERR_REDIRECT] [Fatal Error] :1:1: Premature end of file.
2025-12-17 19:27:03,627 [ERROR] LogOutputStream:75 - [STDERR_REDIRECT] 
2025-12-17 19:27:04,623 [ERROR] LogOutputStream:75 - [STDERR_REDIRECT] [Fatal Error] :1:1: Premature end of file.
2025-12-17 19:27:04,623 [ERROR] LogOutputStream:75 - [STDERR_REDIRECT] 
2025-12-17 19:27:05,623 [ERROR] LogOutputStream:75 - [STDERR_REDIRECT] [Fatal Error] :1:1: Premature end of file.
2025-12-17 19:27:05,623 [ERROR] LogOutputStream:75 - [STDERR_REDIRECT] 
2025-12-17 19:27:06,624 [ERROR] LogOutputStream:75 - [STDERR_REDIRECT] [Fatal Error] :1:1: Premature end of file.
2025-12-17 19:27:06,624 [ERROR] LogOutputStream:75 - [STDERR_REDIRECT] 
2025-12-17 19:27:07,623 [ERROR] LogOutputStream:75 - [STDERR_REDIRECT] [Fatal Error] :1:1: Premature end of file.
2025-12-17 19:27:07,624 [ERROR] LogOutputStream:75 - [STDERR_REDIRECT] 
2025-12-17 19:27:08,623 [ERROR] LogOutputStream:75 - [STDERR_REDIRECT] [Fatal Error] :1:1: Premature end of file.
2025-12-17 19:27:08,623 [ERROR] LogOutputStream:75 - [STDERR_REDIRECT] 
2025-12-17 19:27:09,623 [ERROR] LogOutputStream:75 - [STDERR_REDIRECT] [Fatal Error] :1:1: Premature end of file.
2025-12-17 19:27:09,623 [ERROR] LogOutputStream:75 - [STDERR_REDIRECT] 
2025-12-17 19:27:10,620 [ERROR] LogOutputStream:75 - [STDERR_REDIRECT] [Fatal Error] :1:1: Premature end of file.
2025-12-17 19:27:10,621 [ERROR] LogOutputStream:75 - [STDERR_REDIRECT] 
2025-12-17 19:27:11,625 [ERROR] LogOutputStream:75 - [STDERR_REDIRECT] [Fatal Error] :1:1: Premature end of file.
2025-12-17 19:27:11,625 [ERROR] LogOutputStream:75 - [STDERR_REDIRECT] 
2025-12-17 19:27:12,625 [ERROR] LogOutputStream:75 - [STDERR_REDIRECT] [Fatal Error] :1:1: Premature end of file.
2025-12-17 19:27:12,625 [ERROR] LogOutputStream:75 - [STDERR_REDIRECT] 
2025-12-17 19:27:13,627 [ERROR] LogOutputStream:75 - [STDERR_REDIRECT] [Fatal Error] :1:1: Premature end of file.
2025-12-17 19:27:13,627 [ERROR] LogOutputStream:75 - [STDERR_REDIRECT] 
2025-12-17 19:27:14,628 [ERROR] LogOutputStream:75 - [STDERR_REDIRECT] [Fatal Error] :1:1: Premature end of file.
2025-12-17 19:27:14,628 [ERROR] LogOutputStream:75 - [STDERR_REDIRECT] 
2025-12-17 19:27:15,629 [ERROR] LogOutputStream:75 - [STDERR_REDIRECT] [Fatal Error] :1:1: Premature end of file.
2025-12-17 19:27:15,630 [ERROR] LogOutputStream:75 - [STDERR_REDIRECT] 
2025-12-17 19:27:16,625 [ERROR] LogOutputStream:75 - [STDERR_REDIRECT] [Fatal Error] :1:1: Premature end of file.
2025-12-17 19:27:16,626 [ERROR] LogOutputStream:75 - [STDERR_REDIRECT] 
2025-12-17 19:27:17,629 [ERROR] LogOutputStream:75 - [STDERR_REDIRECT] [Fatal Error] :1:1: Premature end of file.
2025-12-17 19:27:17,629 [ERROR] LogOutputStream:75 - [STDERR_REDIRECT] 
2025-12-17 19:27:18,623 [ERROR] LogOutputStream:75 - [STDERR_REDIRECT] [Fatal Error] :1:1: Premature end of file.
2025-12-17 19:27:18,623 [ERROR] LogOutputStream:75 - [STDERR_REDIRECT] 
2025-12-17 19:27:19,627 [ERROR] LogOutputStream:75 - [STDERR_REDIRECT] [Fatal Error] :1:1: Premature end of file.
2025-12-17 19:27:19,627 [ERROR] LogOutputStream:75 - [STDERR_REDIRECT] 
2025-12-17 19:27:20,624 [ERROR] LogOutputStream:75 - [STDERR_REDIRECT] [Fatal Error] :1:1: Premature end of file.
2025-12-17 19:27:20,624 [ERROR] LogOutputStream:75 - [STDERR_REDIRECT] 
2025-12-17 19:27:21,630 [ERROR] LogOutputStream:75 - [STDERR_REDIRECT] [Fatal Error] :1:1: Premature end of file.
2025-12-17 19:27:21,630 [ERROR] LogOutputStream:75 - [STDERR_REDIRECT] 
2025-12-17 19:27:22,629 [ERROR] LogOutputStream:75 - [STDERR_REDIRECT] [Fatal Error] :1:1: Premature end of file.
2025-12-17 19:27:22,630 [ERROR] LogOutputStream:75 - [STDERR_REDIRECT] 
2025-12-17 19:27:23,624 [ERROR] LogOutputStream:75 - [STDERR_REDIRECT] [Fatal Error] :1:1: Premature end of file.
2025-12-17 19:27:23,624 [ERROR] LogOutputStream:75 - [STDERR_REDIRECT] 
2025-12-17 19:27:24,626 [ERROR] LogOutputStream:75 - [STDERR_REDIRECT] [Fatal Error] :1:1: Premature end of file.
2025-12-17 19:27:24,626 [ERROR] LogOutputStream:75 - [STDERR_REDIRECT] 
2025-12-17 19:27:25,624 [ERROR] LogOutputStream:75 - [STDERR_REDIRECT] [Fatal Error] :1:1: Premature end of file.
2025-12-17 19:27:25,624 [ERROR] LogOutputStream:75 - [STDERR_REDIRECT] 
2025-12-17 19:27:26,625 [ERROR] LogOutputStream:75 - [STDERR_REDIRECT] [Fatal Error] :1:1: Premature end of file.
2025-12-17 19:27:26,625 [ERROR] LogOutputStream:75 - [STDERR_REDIRECT] 
2025-12-17 19:27:27,635 [ERROR] LogOutputStream:75 - [STDERR_REDIRECT] [Fatal Error] :1:1: Premature end of file.
2025-12-17 19:27:27,635 [ERROR] LogOutputStream:75 - [STDERR_REDIRECT] 
2025-12-17 19:27:28,620 [ERROR] LogOutputStream:75 - [STDERR_REDIRECT] [Fatal Error] :1:1: Premature end of file.
2025-12-17 19:27:28,621 [ERROR] LogOutputStream:75 - [STDERR_REDIRECT] 
2025-12-17 19:27:29,620 [ERROR] LogOutputStream:75 - [STDERR_REDIRECT] [Fatal Error] :1:1: Premature end of file.
2025-12-17 19:27:29,620 [ERROR] LogOutputStream:75 - [STDERR_REDIRECT] 
2025-12-17 19:27:30,621 [ERROR] LogOutputStream:75 - [STDERR_REDIRECT] [Fatal Error] :1:1: Premature end of file.
2025-12-17 19:27:30,621 [ERROR] LogOutputStream:75 - [STDERR_REDIRECT] 
2025-12-17 19:27:31,620 [ERROR] LogOutputStream:75 - [STDERR_REDIRECT] [Fatal Error] :1:1: Premature end of file.
2025-12-17 19:27:31,621 [ERROR] LogOutputStream:75 - [STDERR_REDIRECT] 
2025-12-17 19:27:32,623 [ERROR] LogOutputStream:75 - [STDERR_REDIRECT] [Fatal Error] :1:1: Premature end of file.
2025-12-17 19:27:32,623 [ERROR] LogOutputStream:75 - [STDERR_REDIRECT] 
2025-12-17 19:27:33,625 [ERROR] LogOutputStream:75 - [STDERR_REDIRECT] [Fatal Error] :1:1: Premature end of file.
2025-12-17 19:27:33,626 [ERROR] LogOutputStream:75 - [STDERR_REDIRECT] 
2025-12-17 19:28:24,529 [ERROR] LogOutputStream:75 - [STDERR_REDIRECT] [Fatal Error] :1:1: Premature end of file.
2025-12-17 19:28:24,529 [ERROR] LogOutputStream:75 - [STDERR_REDIRECT] 
2025-12-17 19:28:24,664 [ERROR] LogOutputStream:75 - [STDERR_REDIRECT] [Fatal Error] :1:1: Premature end of file.
2025-12-17 19:28:24,664 [ERROR] LogOutputStream:75 - [STDERR_REDIRECT] 
2025-12-17 19:28:24,740 [ERROR] LogOutputStream:75 - [STDERR_REDIRECT] [Fatal Error] :1:1: Premature end of file.
2025-12-17 19:28:24,740 [ERROR] LogOutputStream:75 - [STDERR_REDIRECT] 
2025-12-17 19:28:24,812 [ERROR] LogOutputStream:75 - [STDERR_REDIRECT] [Fatal Error] :1:1: Premature end of file.
2025-12-17 19:28:24,812 [ERROR] LogOutputStream:75 - [STDERR_REDIRECT] 
2025-12-17 19:28:24,878 [ERROR] LogOutputStream:75 - [STDERR_REDIRECT] [Fatal Error] :1:1: Premature end of file.
2025-12-17 19:28:24,878 [ERROR] LogOutputStream:75 - [STDERR_REDIRECT] 
2025-12-17 19:28:24,938 [ERROR] LogOutputStream:75 - [STDERR_REDIRECT] [Fatal Error] :1:1: Premature end of file.
2025-12-17 19:28:24,938 [ERROR] LogOutputStream:75 - [STDERR_REDIRECT] 
2025-12-17 19:28:25,006 [ERROR] LogOutputStream:75 - [STDERR_REDIRECT] [Fatal Error] :1:1: Premature end of file.
2025-12-17 19:28:25,006 [ERROR] LogOutputStream:75 - [STDERR_REDIRECT] 
2025-12-17 19:28:25,069 [ERROR] LogOutputStream:75 - [STDERR_REDIRECT] [Fatal Error] :1:1: Premature end of file.
2025-12-17 19:28:25,069 [ERROR] LogOutputStream:75 - [STDERR_REDIRECT] 
2025-12-17 19:28:25,142 [ERROR] LogOutputStream:75 - [STDERR_REDIRECT] [Fatal Error] :1:1: Premature end of file.
2025-12-17 19:28:25,142 [ERROR] LogOutputStream:75 - [STDERR_REDIRECT] 
2025-12-17 19:28:25,212 [ERROR] LogOutputStream:75 - [STDERR_REDIRECT] [Fatal Error] :1:1: Premature end of file.
2025-12-17 19:28:25,212 [ERROR] LogOutputStream:75 - [STDERR_REDIRECT] 
2025-12-17 19:28:25,284 [ERROR] LogOutputStream:75 - [STDERR_REDIRECT] [Fatal Error] :1:1: Premature end of file.
2025-12-17 19:28:25,284 [ERROR] LogOutputStream:75 - [STDERR_REDIRECT] 
2025-12-17 19:28:25,347 [ERROR] LogOutputStream:75 - [STDERR_REDIRECT] [Fatal Error] :1:1: Premature end of file.
2025-12-17 19:28:25,347 [ERROR] LogOutputStream:75 - [STDERR_REDIRECT] 
2025-12-17 19:28:25,410 [ERROR] LogOutputStream:75 - [STDERR_REDIRECT] [Fatal Error] :1:1: Premature end of file.
2025-12-17 19:28:25,411 [ERROR] LogOutputStream:75 - [STDERR_REDIRECT] 
2025-12-17 19:28:25,477 [ERROR] LogOutputStream:75 - [STDERR_REDIRECT] [Fatal Error] :1:1: Premature end of file.
2025-12-17 19:28:25,477 [ERROR] LogOutputStream:75 - [STDERR_REDIRECT] 
2025-12-17 19:28:25,549 [ERROR] LogOutputStream:75 - [STDERR_REDIRECT] [Fatal Error] :1:1: Premature end of file.
2025-12-17 19:28:25,551 [ERROR] LogOutputStream:75 - [STDERR_REDIRECT] 
2025-12-17 19:28:25,611 [ERROR] LogOutputStream:75 - [STDERR_REDIRECT] [Fatal Error] :1:1: Premature end of file.
2025-12-17 19:28:25,611 [ERROR] LogOutputStream:75 - [STDERR_REDIRECT] 
2025-12-17 19:28:25,669 [ERROR] LogOutputStream:75 - [STDERR_REDIRECT] [Fatal Error] :1:1: Premature end of file.
2025-12-17 19:28:25,670 [ERROR] LogOutputStream:75 - [STDERR_REDIRECT] 
2025-12-17 19:28:25,729 [ERROR] LogOutputStream:75 - [STDERR_REDIRECT] [Fatal Error] :1:1: Premature end of file.
2025-12-17 19:28:25,729 [ERROR] LogOutputStream:75 - [STDERR_REDIRECT] 
2025-12-17 19:28:25,789 [ERROR] LogOutputStream:75 - [STDERR_REDIRECT] [Fatal Error] :1:1: Premature end of file.
2025-12-17 19:28:25,789 [ERROR] LogOutputStream:75 - [STDERR_REDIRECT] 
2025-12-17 19:28:25,848 [ERROR] LogOutputStream:75 - [STDERR_REDIRECT] [Fatal Error] :1:1: Premature end of file.
2025-12-17 19:28:25,848 [ERROR] LogOutputStream:75 - [STDERR_REDIRECT] 
2025-12-17 19:28:25,911 [ERROR] LogOutputStream:75 - [STDERR_REDIRECT] [Fatal Error] :1:1: Premature end of file.
2025-12-17 19:28:25,912 [ERROR] LogOutputStream:75 - [STDERR_REDIRECT] 
2025-12-17 19:28:25,974 [ERROR] LogOutputStream:75 - [STDERR_REDIRECT] [Fatal Error] :1:1: Premature end of file.
2025-12-17 19:28:25,974 [ERROR] LogOutputStream:75 - [STDERR_REDIRECT] 
2025-12-17 19:28:26,034 [ERROR] LogOutputStream:75 - [STDERR_REDIRECT] [Fatal Error] :1:1: Premature end of file.
2025-12-17 19:28:26,034 [ERROR] LogOutputStream:75 - [STDERR_REDIRECT] 
2025-12-17 19:28:26,095 [ERROR] LogOutputStream:75 - [STDERR_REDIRECT] [Fatal Error] :1:1: Premature end of file.
2025-12-17 19:28:26,095 [ERROR] LogOutputStream:75 - [STDERR_REDIRECT] 
2025-12-17 19:28:26,158 [ERROR] LogOutputStream:75 - [STDERR_REDIRECT] [Fatal Error] :1:1: Premature end of file.
2025-12-17 19:28:26,158 [ERROR] LogOutputStream:75 - [STDERR_REDIRECT] 
2025-12-17 19:28:26,220 [ERROR] LogOutputStream:75 - [STDERR_REDIRECT] [Fatal Error] :1:1: Premature end of file.
2025-12-17 19:28:26,220 [ERROR] LogOutputStream:75 - [STDERR_REDIRECT] 
2025-12-17 19:28:26,281 [ERROR] LogOutputStream:75 - [STDERR_REDIRECT] [Fatal Error] :1:1: Premature end of file.
2025-12-17 19:28:26,282 [ERROR] LogOutputStream:75 - [STDERR_REDIRECT] 
2025-12-17 19:28:26,343 [ERROR] LogOutputStream:75 - [STDERR_REDIRECT] [Fatal Error] :1:1: Premature end of file.
2025-12-17 19:28:26,344 [ERROR] LogOutputStream:75 - [STDERR_REDIRECT] 
2025-12-17 19:28:26,402 [ERROR] LogOutputStream:75 - [STDERR_REDIRECT] [Fatal Error] :1:1: Premature end of file.
2025-12-17 19:28:26,402 [ERROR] LogOutputStream:75 - [STDERR_REDIRECT] 
2025-12-17 19:28:26,451 [ERROR] LogOutputStream:75 - [STDERR_REDIRECT] [Fatal Error] :1:1: Premature end of file.
2025-12-17 19:28:26,451 [ERROR] LogOutputStream:75 - [STDERR_REDIRECT] 
2025-12-17 19:28:26,500 [ERROR] LogOutputStream:75 - [STDERR_REDIRECT] [Fatal Error] :1:1: Premature end of file.
2025-12-17 19:28:26,500 [ERROR] LogOutputStream:75 - [STDERR_REDIRECT] 
2025-12-17 19:28:26,548 [ERROR] LogOutputStream:75 - [STDERR_REDIRECT] [Fatal Error] :1:1: Premature end of file.
2025-12-17 19:28:26,549 [ERROR] LogOutputStream:75 - [STDERR_REDIRECT] 
2025-12-17 19:28:26,599 [ERROR] LogOutputStream:75 - [STDERR_REDIRECT] [Fatal Error] :1:1: Premature end of file.
2025-12-17 19:28:26,599 [ERROR] LogOutputStream:75 - [STDERR_REDIRECT] 
2025-12-17 19:28:26,654 [ERROR] LogOutputStream:75 - [STDERR_REDIRECT] [Fatal Error] :1:1: Premature end of file.
2025-12-17 19:28:26,654 [ERROR] LogOutputStream:75 - [STDERR_REDIRECT] 
2025-12-17 19:28:26,703 [ERROR] LogOutputStream:75 - [STDERR_REDIRECT] [Fatal Error] :1:1: Premature end of file.
2025-12-17 19:28:26,703 [ERROR] LogOutputStream:75 - [STDERR_REDIRECT] 
2025-12-17 19:28:26,753 [ERROR] LogOutputStream:75 - [STDERR_REDIRECT] [Fatal Error] :1:1: Premature end of file.
2025-12-17 19:28:26,753 [ERROR] LogOutputStream:75 - [STDERR_REDIRECT] 
2025-12-17 19:28:26,802 [ERROR] LogOutputStream:75 - [STDERR_REDIRECT] [Fatal Error] :1:1: Premature end of file.
2025-12-17 19:28:26,802 [ERROR] LogOutputStream:75 - [STDERR_REDIRECT] 
2025-12-17 19:28:26,851 [ERROR] LogOutputStream:75 - [STDERR_REDIRECT] [Fatal Error] :1:1: Premature end of file.
2025-12-17 19:28:26,851 [ERROR] LogOutputStream:75 - [STDERR_REDIRECT] 
2025-12-17 19:28:26,899 [ERROR] LogOutputStream:75 - [STDERR_REDIRECT] [Fatal Error] :1:1: Premature end of file.
2025-12-17 19:28:26,899 [ERROR] LogOutputStream:75 - [STDERR_REDIRECT] 
2025-12-17 19:28:26,949 [ERROR] LogOutputStream:75 - [STDERR_REDIRECT] [Fatal Error] :1:1: Premature end of file.
2025-12-17 19:28:26,950 [ERROR] LogOutputStream:75 - [STDERR_REDIRECT] 
2025-12-17 19:28:27,004 [ERROR] LogOutputStream:75 - [STDERR_REDIRECT] [Fatal Error] :1:1: Premature end of file.
2025-12-17 19:28:27,005 [ERROR] LogOutputStream:75 - [STDERR_REDIRECT] 
2025-12-17 19:28:27,056 [ERROR] LogOutputStream:75 - [STDERR_REDIRECT] [Fatal Error] :1:1: Premature end of file.
2025-12-17 19:28:27,056 [ERROR] LogOutputStream:75 - [STDERR_REDIRECT] 
2025-12-17 19:28:27,105 [ERROR] LogOutputStream:75 - [STDERR_REDIRECT] [Fatal Error] :1:1: Premature end of file.
2025-12-17 19:28:27,105 [ERROR] LogOutputStream:75 - [STDERR_REDIRECT] 
2025-12-17 19:28:27,153 [ERROR] LogOutputStream:75 - [STDERR_REDIRECT] [Fatal Error] :1:1: Premature end of file.
2025-12-17 19:28:27,154 [ERROR] LogOutputStream:75 - [STDERR_REDIRECT] 
2025-12-17 19:28:27,202 [ERROR] LogOutputStream:75 - [STDERR_REDIRECT] [Fatal Error] :1:1: Premature end of file.
2025-12-17 19:28:27,202 [ERROR] LogOutputStream:75 - [STDERR_REDIRECT] 
2025-12-17 19:28:27,259 [ERROR] LogOutputStream:75 - [STDERR_REDIRECT] [Fatal Error] :1:1: Premature end of file.
2025-12-17 19:28:27,260 [ERROR] LogOutputStream:75 - [STDERR_REDIRECT] 
2025-12-17 19:28:27,325 [ERROR] LogOutputStream:75 - [STDERR_REDIRECT] [Fatal Error] :1:1: Premature end of file.
2025-12-17 19:28:27,325 [ERROR] LogOutputStream:75 - [STDERR_REDIRECT] 
2025-12-17 19:28:27,376 [ERROR] LogOutputStream:75 - [STDERR_REDIRECT] [Fatal Error] :1:1: Premature end of file.
2025-12-17 19:28:27,377 [ERROR] LogOutputStream:75 - [STDERR_REDIRECT] 
2025-12-17 19:28:27,431 [ERROR] LogOutputStream:75 - [STDERR_REDIRECT] [Fatal Error] :1:1: Premature end of file.
2025-12-17 19:28:27,432 [ERROR] LogOutputStream:75 - [STDERR_REDIRECT] 
2025-12-17 19:28:27,487 [ERROR] LogOutputStream:75 - [STDERR_REDIRECT] [Fatal Error] :1:1: Premature end of file.
2025-12-17 19:28:27,487 [ERROR] LogOutputStream:75 - [STDERR_REDIRECT] 
2025-12-17 19:28:27,538 [ERROR] LogOutputStream:75 - [STDERR_REDIRECT] [Fatal Error] :1:1: Premature end of file.
2025-12-17 19:28:27,538 [ERROR] LogOutputStream:75 - [STDERR_REDIRECT] 
2025-12-17 19:28:27,590 [ERROR] LogOutputStream:75 - [STDERR_REDIRECT] [Fatal Error] :1:1: Premature end of file.
2025-12-17 19:28:27,590 [ERROR] LogOutputStream:75 - [STDERR_REDIRECT] 
2025-12-17 19:28:27,642 [ERROR] LogOutputStream:75 - [STDERR_REDIRECT] [Fatal Error] :1:1: Premature end of file.
2025-12-17 19:28:27,642 [ERROR] LogOutputStream:75 - [STDERR_REDIRECT] 
2025-12-17 19:28:27,692 [ERROR] LogOutputStream:75 - [STDERR_REDIRECT] [Fatal Error] :1:1: Premature end of file.
2025-12-17 19:28:27,692 [ERROR] LogOutputStream:75 - [STDERR_REDIRECT] 
2025-12-17 19:28:28,617 [ERROR] LogOutputStream:75 - [STDERR_REDIRECT] [Fatal Error] :1:1: Premature end of file.
2025-12-17 19:28:28,618 [ERROR] LogOutputStream:75 - [STDERR_REDIRECT] 
2025-12-17 19:28:29,617 [ERROR] LogOutputStream:75 - [STDERR_REDIRECT] [Fatal Error] :1:1: Premature end of file.
2025-12-17 19:28:29,617 [ERROR] LogOutputStream:75 - [STDERR_REDIRECT] 
2025-12-17 19:28:30,634 [ERROR] LogOutputStream:75 - [STDERR_REDIRECT] [Fatal Error] :1:1: Premature end of file.
2025-12-17 19:28:30,634 [ERROR] LogOutputStream:75 - [STDERR_REDIRECT] 
2025-12-17 19:28:31,627 [ERROR] LogOutputStream:75 - [STDERR_REDIRECT] [Fatal Error] :1:1: Premature end of file.
2025-12-17 19:28:31,628 [ERROR] LogOutputStream:75 - [STDERR_REDIRECT] 
2025-12-17 19:28:32,629 [ERROR] LogOutputStream:75 - [STDERR_REDIRECT] [Fatal Error] :1:1: Premature end of file.
2025-12-17 19:28:32,629 [ERROR] LogOutputStream:75 - [STDERR_REDIRECT] 
2025-12-17 19:28:33,628 [ERROR] LogOutputStream:75 - [STDERR_REDIRECT] [Fatal Error] :1:1: Premature end of file.
2025-12-17 19:28:33,629 [ERROR] LogOutputStream:75 - [STDERR_REDIRECT] 
2025-12-17 19:28:34,627 [ERROR] LogOutputStream:75 - [STDERR_REDIRECT] [Fatal Error] :1:1: Premature end of file.
2025-12-17 19:28:34,628 [ERROR] LogOutputStream:75 - [STDERR_REDIRECT] 
2025-12-17 19:28:35,628 [ERROR] LogOutputStream:75 - [STDERR_REDIRECT] [Fatal Error] :1:1: Premature end of file.
2025-12-17 19:28:35,628 [ERROR] LogOutputStream:75 - [STDERR_REDIRECT] 
2025-12-17 19:28:36,641 [ERROR] LogOutputStream:75 - [STDERR_REDIRECT] [Fatal Error] :1:1: Premature end of file.
2025-12-17 19:28:36,641 [ERROR] LogOutputStream:75 - [STDERR_REDIRECT] 
2025-12-17 19:28:37,640 [ERROR] LogOutputStream:75 - [STDERR_REDIRECT] [Fatal Error] :1:1: Premature end of file.
2025-12-17 19:28:37,640 [ERROR] LogOutputStream:75 - [STDERR_REDIRECT] 
2025-12-17 19:28:38,619 [ERROR] LogOutputStream:75 - [STDERR_REDIRECT] [Fatal Error] :1:1: Premature end of file.
2025-12-17 19:28:38,619 [ERROR] LogOutputStream:75 - [STDERR_REDIRECT] 
2025-12-17 19:28:39,622 [ERROR] LogOutputStream:75 - [STDERR_REDIRECT] [Fatal Error] :1:1: Premature end of file.
2025-12-17 19:28:39,622 [ERROR] LogOutputStream:75 - [STDERR_REDIRECT] 
2025-12-17 19:28:40,615 [ERROR] LogOutputStream:75 - [STDERR_REDIRECT] [Fatal Error] :1:1: Premature end of file.
2025-12-17 19:28:40,615 [ERROR] LogOutputStream:75 - [STDERR_REDIRECT] 
2025-12-17 19:28:41,633 [ERROR] LogOutputStream:75 - [STDERR_REDIRECT] [Fatal Error] :1:1: Premature end of file.
2025-12-17 19:28:41,633 [ERROR] LogOutputStream:75 - [STDERR_REDIRECT] 
2025-12-17 19:28:42,625 [ERROR] LogOutputStream:75 - [STDERR_REDIRECT] [Fatal Error] :1:1: Premature end of file.
2025-12-17 19:28:42,625 [ERROR] LogOutputStream:75 - [STDERR_REDIRECT] 
2025-12-17 19:28:43,626 [ERROR] LogOutputStream:75 - [STDERR_REDIRECT] [Fatal Error] :1:1: Premature end of file.
2025-12-17 19:28:43,626 [ERROR] LogOutputStream:75 - [STDERR_REDIRECT] 
2025-12-17 19:28:44,628 [ERROR] LogOutputStream:75 - [STDERR_REDIRECT] [Fatal Error] :1:1: Premature end of file.
2025-12-17 19:28:44,628 [ERROR] LogOutputStream:75 - [STDERR_REDIRECT] 
2025-12-17 19:28:45,626 [ERROR] LogOutputStream:75 - [STDERR_REDIRECT] [Fatal Error] :1:1: Premature end of file.
2025-12-17 19:28:45,626 [ERROR] LogOutputStream:75 - [STDERR_REDIRECT] 
2025-12-17 19:28:46,633 [ERROR] LogOutputStream:75 - [STDERR_REDIRECT] [Fatal Error] :1:1: Premature end of file.
2025-12-17 19:28:46,633 [ERROR] LogOutputStream:75 - [STDERR_REDIRECT] 
2025-12-17 19:28:47,625 [ERROR] LogOutputStream:75 - [STDERR_REDIRECT] [Fatal Error] :1:1: Premature end of file.
2025-12-17 19:28:47,626 [ERROR] LogOutputStream:75 - [STDERR_REDIRECT] 
2025-12-17 19:28:48,625 [ERROR] LogOutputStream:75 - [STDERR_REDIRECT] [Fatal Error] :1:1: Premature end of file.
2025-12-17 19:28:48,625 [ERROR] LogOutputStream:75 - [STDERR_REDIRECT] 
2025-12-17 19:28:49,632 [ERROR] LogOutputStream:75 - [STDERR_REDIRECT] [Fatal Error] :1:1: Premature end of file.
2025-12-17 19:28:49,632 [ERROR] LogOutputStream:75 - [STDERR_REDIRECT] 
2025-12-17 19:28:50,624 [ERROR] LogOutputStream:75 - [STDERR_REDIRECT] [Fatal Error] :1:1: Premature end of file.
2025-12-17 19:28:50,625 [ERROR] LogOutputStream:75 - [STDERR_REDIRECT] 
2025-12-17 19:28:51,635 [ERROR] LogOutputStream:75 - [STDERR_REDIRECT] [Fatal Error] :1:1: Premature end of file.
2025-12-17 19:28:51,635 [ERROR] LogOutputStream:75 - [STDERR_REDIRECT] 
2025-12-17 19:28:52,630 [ERROR] LogOutputStream:75 - [STDERR_REDIRECT] [Fatal Error] :1:1: Premature end of file.
2025-12-17 19:28:52,630 [ERROR] LogOutputStream:75 - [STDERR_REDIRECT] 
2025-12-17 19:28:53,632 [ERROR] LogOutputStream:75 - [STDERR_REDIRECT] [Fatal Error] :1:1: Premature end of file.
2025-12-17 19:28:53,633 [ERROR] LogOutputStream:75 - [STDERR_REDIRECT] 
2025-12-17 19:28:54,637 [ERROR] LogOutputStream:75 - [STDERR_REDIRECT] [Fatal Error] :1:1: Premature end of file.
2025-12-17 19:28:54,637 [ERROR] LogOutputStream:75 - [STDERR_REDIRECT] 
2025-12-17 19:28:55,627 [ERROR] LogOutputStream:75 - [STDERR_REDIRECT] [Fatal Error] :1:1: Premature end of file.
2025-12-17 19:28:55,628 [ERROR] LogOutputStream:75 - [STDERR_REDIRECT] 
2025-12-17 19:28:56,634 [ERROR] LogOutputStream:75 - [STDERR_REDIRECT] [Fatal Error] :1:1: Premature end of file.
2025-12-17 19:28:56,634 [ERROR] LogOutputStream:75 - [STDERR_REDIRECT] 
2025-12-17 19:28:57,635 [ERROR] LogOutputStream:75 - [STDERR_REDIRECT] [Fatal Error] :1:1: Premature end of file.
2025-12-17 19:28:57,635 [ERROR] LogOutputStream:75 - [STDERR_REDIRECT] 
2025-12-17 19:28:58,605 [ERROR] LogOutputStream:75 - [STDERR_REDIRECT] [Fatal Error] :1:1: Premature end of file.
2025-12-17 19:28:58,605 [ERROR] LogOutputStream:75 - [STDERR_REDIRECT] 
2025-12-17 19:28:59,616 [ERROR] LogOutputStream:75 - [STDERR_REDIRECT] [Fatal Error] :1:1: Premature end of file.
2025-12-17 19:28:59,616 [ERROR] LogOutputStream:75 - [STDERR_REDIRECT] 
2025-12-17 19:29:00,618 [ERROR] LogOutputStream:75 - [STDERR_REDIRECT] [Fatal Error] :1:1: Premature end of file.
2025-12-17 19:29:00,618 [ERROR] LogOutputStream:75 - [STDERR_REDIRECT] 
2025-12-17 19:29:01,619 [ERROR] LogOutputStream:75 - [STDERR_REDIRECT] [Fatal Error] :1:1: Premature end of file.
2025-12-17 19:29:01,619 [ERROR] LogOutputStream:75 - [STDERR_REDIRECT] 
2025-12-17 19:29:02,616 [ERROR] LogOutputStream:75 - [STDERR_REDIRECT] [Fatal Error] :1:1: Premature end of file.
2025-12-17 19:29:02,616 [ERROR] LogOutputStream:75 - [STDERR_REDIRECT] 
2025-12-17 19:29:03,633 [ERROR] LogOutputStream:75 - [STDERR_REDIRECT] [Fatal Error] :1:1: Premature end of file.
2025-12-17 19:29:03,633 [ERROR] LogOutputStream:75 - [STDERR_REDIRECT] 
2025-12-17 19:29:04,629 [ERROR] LogOutputStream:75 - [STDERR_REDIRECT] [Fatal Error] :1:1: Premature end of file.
2025-12-17 19:29:04,629 [ERROR] LogOutputStream:75 - [STDERR_REDIRECT] 
2025-12-17 19:29:05,629 [ERROR] LogOutputStream:75 - [STDERR_REDIRECT] [Fatal Error] :1:1: Premature end of file.
2025-12-17 19:29:05,629 [ERROR] LogOutputStream:75 - [STDERR_REDIRECT] 
2025-12-17 19:29:06,628 [ERROR] LogOutputStream:75 - [STDERR_REDIRECT] [Fatal Error] :1:1: Premature end of file.
2025-12-17 19:29:06,628 [ERROR] LogOutputStream:75 - [STDERR_REDIRECT] 
2025-12-17 19:29:07,629 [ERROR] LogOutputStream:75 - [STDERR_REDIRECT] [Fatal Error] :1:1: Premature end of file.
2025-12-17 19:29:07,629 [ERROR] LogOutputStream:75 - [STDERR_REDIRECT] 
2025-12-17 19:29:08,630 [ERROR] LogOutputStream:75 - [STDERR_REDIRECT] [Fatal Error] :1:1: Premature end of file.
2025-12-17 19:29:08,630 [ERROR] LogOutputStream:75 - [STDERR_REDIRECT] 
2025-12-17 19:29:09,631 [ERROR] LogOutputStream:75 - [STDERR_REDIRECT] [Fatal Error] :1:1: Premature end of file.
2025-12-17 19:29:09,631 [ERROR] LogOutputStream:75 - [STDERR_REDIRECT] 
2025-12-17 19:29:10,628 [ERROR] LogOutputStream:75 - [STDERR_REDIRECT] [Fatal Error] :1:1: Premature end of file.
2025-12-17 19:29:10,628 [ERROR] LogOutputStream:75 - [STDERR_REDIRECT] 
2025-12-17 19:29:11,624 [ERROR] LogOutputStream:75 - [STDERR_REDIRECT] [Fatal Error] :1:1: Premature end of file.
2025-12-17 19:29:11,624 [ERROR] LogOutputStream:75 - [STDERR_REDIRECT] 
2025-12-17 19:29:12,624 [ERROR] LogOutputStream:75 - [STDERR_REDIRECT] [Fatal Error] :1:1: Premature end of file.
2025-12-17 19:29:12,624 [ERROR] LogOutputStream:75 - [STDERR_REDIRECT] 
2025-12-17 19:29:13,626 [ERROR] LogOutputStream:75 - [STDERR_REDIRECT] [Fatal Error] :1:1: Premature end of file.
2025-12-17 19:29:13,626 [ERROR] LogOutputStream:75 - [STDERR_REDIRECT] 
2025-12-17 19:29:14,626 [ERROR] LogOutputStream:75 - [STDERR_REDIRECT] [Fatal Error] :1:1: Premature end of file.
2025-12-17 19:29:14,626 [ERROR] LogOutputStream:75 - [STDERR_REDIRECT] 
2025-12-17 19:29:15,631 [ERROR] LogOutputStream:75 - [STDERR_REDIRECT] [Fatal Error] :1:1: Premature end of file.
2025-12-17 19:29:15,631 [ERROR] LogOutputStream:75 - [STDERR_REDIRECT] 
2025-12-17 19:29:16,626 [ERROR] LogOutputStream:75 - [STDERR_REDIRECT] [Fatal Error] :1:1: Premature end of file.
2025-12-17 19:29:16,627 [ERROR] LogOutputStream:75 - [STDERR_REDIRECT] 
2025-12-17 19:29:17,625 [ERROR] LogOutputStream:75 - [STDERR_REDIRECT] [Fatal Error] :1:1: Premature end of file.
2025-12-17 19:29:17,625 [ERROR] LogOutputStream:75 - [STDERR_REDIRECT] 
2025-12-17 19:29:18,626 [ERROR] LogOutputStream:75 - [STDERR_REDIRECT] [Fatal Error] :1:1: Premature end of file.
2025-12-17 19:29:18,626 [ERROR] LogOutputStream:75 - [STDERR_REDIRECT] 
2025-12-17 19:29:19,626 [ERROR] LogOutputStream:75 - [STDERR_REDIRECT] [Fatal Error] :1:1: Premature end of file.
2025-12-17 19:29:19,626 [ERROR] LogOutputStream:75 - [STDERR_REDIRECT] 
2025-12-17 19:29:20,628 [ERROR] LogOutputStream:75 - [STDERR_REDIRECT] [Fatal Error] :1:1: Premature end of file.
2025-12-17 19:29:20,628 [ERROR] LogOutputStream:75 - [STDERR_REDIRECT] 
2025-12-17 19:29:21,628 [ERROR] LogOutputStream:75 - [STDERR_REDIRECT] [Fatal Error] :1:1: Premature end of file.
2025-12-17 19:29:21,628 [ERROR] LogOutputStream:75 - [STDERR_REDIRECT] 
2025-12-17 19:29:22,629 [ERROR] LogOutputStream:75 - [STDERR_REDIRECT] [Fatal Error] :1:1: Premature end of file.
2025-12-17 19:29:22,629 [ERROR] LogOutputStream:75 - [STDERR_REDIRECT] 
2025-12-17 19:29:23,633 [ERROR] LogOutputStream:75 - [STDERR_REDIRECT] [Fatal Error] :1:1: Premature end of file.
2025-12-17 19:29:23,633 [ERROR] LogOutputStream:75 - [STDERR_REDIRECT] 
2025-12-17 19:29:24,629 [ERROR] LogOutputStream:75 - [STDERR_REDIRECT] [Fatal Error] :1:1: Premature end of file.
2025-12-17 19:29:24,630 [ERROR] LogOutputStream:75 - [STDERR_REDIRECT] 
2025-12-17 19:29:25,628 [ERROR] LogOutputStream:75 - [STDERR_REDIRECT] [Fatal Error] :1:1: Premature end of file.
2025-12-17 19:29:25,629 [ERROR] LogOutputStream:75 - [STDERR_REDIRECT] 
2025-12-17 19:29:26,626 [ERROR] LogOutputStream:75 - [STDERR_REDIRECT] [Fatal Error] :1:1: Premature end of file.
2025-12-17 19:29:26,626 [ERROR] LogOutputStream:75 - [STDERR_REDIRECT] 
2025-12-17 19:29:27,634 [ERROR] LogOutputStream:75 - [STDERR_REDIRECT] [Fatal Error] :1:1: Premature end of file.
2025-12-17 19:29:27,634 [ERROR] LogOutputStream:75 - [STDERR_REDIRECT] 
2025-12-17 19:29:28,636 [ERROR] LogOutputStream:75 - [STDERR_REDIRECT] [Fatal Error] :1:1: Premature end of file.
2025-12-17 19:29:28,636 [ERROR] LogOutputStream:75 - [STDERR_REDIRECT] 
2025-12-17 19:29:29,631 [ERROR] LogOutputStream:75 - [STDERR_REDIRECT] [Fatal Error] :1:1: Premature end of file.
2025-12-17 19:29:29,631 [ERROR] LogOutputStream:75 - [STDERR_REDIRECT] 
2025-12-17 19:29:30,629 [ERROR] LogOutputStream:75 - [STDERR_REDIRECT] [Fatal Error] :1:1: Premature end of file.
2025-12-17 19:29:30,630 [ERROR] LogOutputStream:75 - [STDERR_REDIRECT] 
2025-12-17 19:29:31,633 [ERROR] LogOutputStream:75 - [STDERR_REDIRECT] [Fatal Error] :1:1: Premature end of file.
2025-12-17 19:29:31,633 [ERROR] LogOutputStream:75 - [STDERR_REDIRECT] 
2025-12-17 19:29:32,630 [ERROR] LogOutputStream:75 - [STDERR_REDIRECT] [Fatal Error] :1:1: Premature end of file.
2025-12-17 19:29:32,630 [ERROR] LogOutputStream:75 - [STDERR_REDIRECT] 
2025-12-17 19:29:33,625 [ERROR] LogOutputStream:75 - [STDERR_REDIRECT] [Fatal Error] :1:1: Premature end of file.
2025-12-17 19:29:33,625 [ERROR] LogOutputStream:75 - [STDERR_REDIRECT] 
2025-12-17 19:29:34,629 [ERROR] LogOutputStream:75 - [STDERR_REDIRECT] [Fatal Error] :1:1: Premature end of file.
2025-12-17 19:29:34,629 [ERROR] LogOutputStream:75 - [STDERR_REDIRECT] 
2025-12-17 19:29:35,642 [ERROR] LogOutputStream:75 - [STDERR_REDIRECT] [Fatal Error] :1:1: Premature end of file.
2025-12-17 19:29:35,643 [ERROR] LogOutputStream:75 - [STDERR_REDIRECT] 
2025-12-17 19:29:36,621 [ERROR] LogOutputStream:75 - [STDERR_REDIRECT] [Fatal Error] :1:1: Premature end of file.
2025-12-17 19:29:36,621 [ERROR] LogOutputStream:75 - [STDERR_REDIRECT] 
2025-12-17 19:29:37,640 [ERROR] LogOutputStream:75 - [STDERR_REDIRECT] [Fatal Error] :1:1: Premature end of file.
2025-12-17 19:29:37,641 [ERROR] LogOutputStream:75 - [STDERR_REDIRECT] 
2025-12-17 19:29:38,631 [ERROR] LogOutputStream:75 - [STDERR_REDIRECT] [Fatal Error] :1:1: Premature end of file.
2025-12-17 19:29:38,632 [ERROR] LogOutputStream:75 - [STDERR_REDIRECT] 
2025-12-17 19:29:39,625 [ERROR] LogOutputStream:75 - [STDERR_REDIRECT] [Fatal Error] :1:1: Premature end of file.
2025-12-17 19:29:39,625 [ERROR] LogOutputStream:75 - [STDERR_REDIRECT] 
2025-12-17 19:29:40,638 [ERROR] LogOutputStream:75 - [STDERR_REDIRECT] [Fatal Error] :1:1: Premature end of file.
2025-12-17 19:29:40,639 [ERROR] LogOutputStream:75 - [STDERR_REDIRECT] 
2025-12-17 19:29:41,639 [ERROR] LogOutputStream:75 - [STDERR_REDIRECT] [Fatal Error] :1:1: Premature end of file.
2025-12-17 19:29:41,639 [ERROR] LogOutputStream:75 - [STDERR_REDIRECT] 
2025-12-17 19:29:42,629 [ERROR] LogOutputStream:75 - [STDERR_REDIRECT] [Fatal Error] :1:1: Premature end of file.
2025-12-17 19:29:42,630 [ERROR] LogOutputStream:75 - [STDERR_REDIRECT] 
2025-12-17 19:29:43,629 [ERROR] LogOutputStream:75 - [STDERR_REDIRECT] [Fatal Error] :1:1: Premature end of file.
2025-12-17 19:29:43,629 [ERROR] LogOutputStream:75 - [STDERR_REDIRECT] 
2025-12-17 19:29:44,630 [ERROR] LogOutputStream:75 - [STDERR_REDIRECT] [Fatal Error] :1:1: Premature end of file.
2025-12-17 19:29:44,631 [ERROR] LogOutputStream:75 - [STDERR_REDIRECT] 
2025-12-17 19:29:45,626 [ERROR] LogOutputStream:75 - [STDERR_REDIRECT] [Fatal Error] :1:1: Premature end of file.
2025-12-17 19:29:45,626 [ERROR] LogOutputStream:75 - [STDERR_REDIRECT] 
2025-12-17 19:29:46,625 [ERROR] LogOutputStream:75 - [STDERR_REDIRECT] [Fatal Error] :1:1: Premature end of file.
2025-12-17 19:29:46,625 [ERROR] LogOutputStream:75 - [STDERR_REDIRECT] 
2025-12-17 19:29:47,633 [ERROR] LogOutputStream:75 - [STDERR_REDIRECT] [Fatal Error] :1:1: Premature end of file.
2025-12-17 19:29:47,633 [ERROR] LogOutputStream:75 - [STDERR_REDIRECT] 
2025-12-17 19:29:48,624 [ERROR] LogOutputStream:75 - [STDERR_REDIRECT] [Fatal Error] :1:1: Premature end of file.
2025-12-17 19:29:48,624 [ERROR] LogOutputStream:75 - [STDERR_REDIRECT] 
2025-12-17 19:29:49,625 [ERROR] LogOutputStream:75 - [STDERR_REDIRECT] [Fatal Error] :1:1: Premature end of file.
2025-12-17 19:29:49,625 [ERROR] LogOutputStream:75 - [STDERR_REDIRECT] 
2025-12-17 19:29:50,625 [ERROR] LogOutputStream:75 - [STDERR_REDIRECT] [Fatal Error] :1:1: Premature end of file.
2025-12-17 19:29:50,626 [ERROR] LogOutputStream:75 - [STDERR_REDIRECT] 
2025-12-17 19:29:51,626 [ERROR] LogOutputStream:75 - [STDERR_REDIRECT] [Fatal Error] :1:1: Premature end of file.
2025-12-17 19:29:51,626 [ERROR] LogOutputStream:75 - [STDERR_REDIRECT] 
2025-12-17 19:29:52,616 [ERROR] LogOutputStream:75 - [STDERR_REDIRECT] [Fatal Error] :1:1: Premature end of file.
2025-12-17 19:29:52,616 [ERROR] LogOutputStream:75 - [STDERR_REDIRECT] 
2025-12-17 19:29:53,633 [ERROR] LogOutputStream:75 - [STDERR_REDIRECT] [Fatal Error] :1:1: Premature end of file.
2025-12-17 19:29:53,634 [ERROR] LogOutputStream:75 - [STDERR_REDIRECT] 
2025-12-17 19:29:54,625 [ERROR] LogOutputStream:75 - [STDERR_REDIRECT] [Fatal Error] :1:1: Premature end of file.
2025-12-17 19:29:54,626 [ERROR] LogOutputStream:75 - [STDERR_REDIRECT] 
2025-12-17 19:29:55,624 [ERROR] LogOutputStream:75 - [STDERR_REDIRECT] [Fatal Error] :1:1: Premature end of file.
2025-12-17 19:29:55,624 [ERROR] LogOutputStream:75 - [STDERR_REDIRECT] 
2025-12-17 19:29:56,625 [ERROR] LogOutputStream:75 - [STDERR_REDIRECT] [Fatal Error] :1:1: Premature end of file.
2025-12-17 19:29:56,626 [ERROR] LogOutputStream:75 - [STDERR_REDIRECT] 
2025-12-17 19:29:57,626 [ERROR] LogOutputStream:75 - [STDERR_REDIRECT] [Fatal Error] :1:1: Premature end of file.
2025-12-17 19:29:57,626 [ERROR] LogOutputStream:75 - [STDERR_REDIRECT] 
2025-12-17 19:29:58,625 [ERROR] LogOutputStream:75 - [STDERR_REDIRECT] [Fatal Error] :1:1: Premature end of file.
2025-12-17 19:29:58,625 [ERROR] LogOutputStream:75 - [STDERR_REDIRECT] 
2025-12-17 19:29:59,625 [ERROR] LogOutputStream:75 - [STDERR_REDIRECT] [Fatal Error] :1:1: Premature end of file.
2025-12-17 19:29:59,625 [ERROR] LogOutputStream:75 - [STDERR_REDIRECT] 
2025-12-17 19:30:00,624 [ERROR] LogOutputStream:75 - [STDERR_REDIRECT] [Fatal Error] :1:1: Premature end of file.
2025-12-17 19:30:00,624 [ERROR] LogOutputStream:75 - [STDERR_REDIRECT] 
2025-12-17 19:30:01,625 [ERROR] LogOutputStream:75 - [STDERR_REDIRECT] [Fatal Error] :1:1: Premature end of file.
2025-12-17 19:30:01,625 [ERROR] LogOutputStream:75 - [STDERR_REDIRECT] 
2025-12-17 19:30:02,626 [ERROR] LogOutputStream:75 - [STDERR_REDIRECT] [Fatal Error] :1:1: Premature end of file.
2025-12-17 19:30:02,626 [ERROR] LogOutputStream:75 - [STDERR_REDIRECT] 
2025-12-17 19:30:03,625 [ERROR] LogOutputStream:75 - [STDERR_REDIRECT] [Fatal Error] :1:1: Premature end of file.
2025-12-17 19:30:03,626 [ERROR] LogOutputStream:75 - [STDERR_REDIRECT] 
2025-12-17 19:30:04,625 [ERROR] LogOutputStream:75 - [STDERR_REDIRECT] [Fatal Error] :1:1: Premature end of file.
2025-12-17 19:30:04,625 [ERROR] LogOutputStream:75 - [STDERR_REDIRECT] 
2025-12-17 19:30:05,627 [ERROR] LogOutputStream:75 - [STDERR_REDIRECT] [Fatal Error] :1:1: Premature end of file.
2025-12-17 19:30:05,627 [ERROR] LogOutputStream:75 - [STDERR_REDIRECT] 
2025-12-17 19:30:06,628 [ERROR] LogOutputStream:75 - [STDERR_REDIRECT] [Fatal Error] :1:1: Premature end of file.
2025-12-17 19:30:06,628 [ERROR] LogOutputStream:75 - [STDERR_REDIRECT] 
2025-12-17 19:30:07,627 [ERROR] LogOutputStream:75 - [STDERR_REDIRECT] [Fatal Error] :1:1: Premature end of file.
2025-12-17 19:30:07,627 [ERROR] LogOutputStream:75 - [STDERR_REDIRECT] 
2025-12-17 19:30:08,624 [ERROR] LogOutputStream:75 - [STDERR_REDIRECT] [Fatal Error] :1:1: Premature end of file.
2025-12-17 19:30:08,624 [ERROR] LogOutputStream:75 - [STDERR_REDIRECT] 
2025-12-17 19:30:09,626 [ERROR] LogOutputStream:75 - [STDERR_REDIRECT] [Fatal Error] :1:1: Premature end of file.
2025-12-17 19:30:09,626 [ERROR] LogOutputStream:75 - [STDERR_REDIRECT] 
2025-12-17 19:30:10,626 [ERROR] LogOutputStream:75 - [STDERR_REDIRECT] [Fatal Error] :1:1: Premature end of file.
2025-12-17 19:30:10,626 [ERROR] LogOutputStream:75 - [STDERR_REDIRECT] 
2025-12-17 19:30:11,633 [ERROR] LogOutputStream:75 - [STDERR_REDIRECT] [Fatal Error] :1:1: Premature end of file.
2025-12-17 19:30:11,633 [ERROR] LogOutputStream:75 - [STDERR_REDIRECT] 
2025-12-17 19:30:12,625 [ERROR] LogOutputStream:75 - [STDERR_REDIRECT] [Fatal Error] :1:1: Premature end of file.
2025-12-17 19:30:12,625 [ERROR] LogOutputStream:75 - [STDERR_REDIRECT] 
2025-12-17 19:30:13,625 [ERROR] LogOutputStream:75 - [STDERR_REDIRECT] [Fatal Error] :1:1: Premature end of file.
2025-12-17 19:30:13,625 [ERROR] LogOutputStream:75 - [STDERR_REDIRECT] 
2025-12-17 19:30:14,632 [ERROR] LogOutputStream:75 - [STDERR_REDIRECT] [Fatal Error] :1:1: Premature end of file.
2025-12-17 19:30:14,632 [ERROR] LogOutputStream:75 - [STDERR_REDIRECT] 
2025-12-17 19:30:15,624 [ERROR] LogOutputStream:75 - [STDERR_REDIRECT] [Fatal Error] :1:1: Premature end of file.
2025-12-17 19:30:15,624 [ERROR] LogOutputStream:75 - [STDERR_REDIRECT] 
2025-12-17 19:30:16,625 [ERROR] LogOutputStream:75 - [STDERR_REDIRECT] [Fatal Error] :1:1: Premature end of file.
2025-12-17 19:30:16,625 [ERROR] LogOutputStream:75 - [STDERR_REDIRECT] 
2025-12-17 19:30:17,625 [ERROR] LogOutputStream:75 - [STDERR_REDIRECT] [Fatal Error] :1:1: Premature end of file.
2025-12-17 19:30:17,626 [ERROR] LogOutputStream:75 - [STDERR_REDIRECT] 
2025-12-17 19:30:18,622 [ERROR] LogOutputStream:75 - [STDERR_REDIRECT] [Fatal Error] :1:1: Premature end of file.
2025-12-17 19:30:18,622 [ERROR] LogOutputStream:75 - [STDERR_REDIRECT] 
2025-12-17 19:30:19,623 [ERROR] LogOutputStream:75 - [STDERR_REDIRECT] [Fatal Error] :1:1: Premature end of file.
2025-12-17 19:30:19,623 [ERROR] LogOutputStream:75 - [STDERR_REDIRECT] 
2025-12-17 19:30:20,628 [ERROR] LogOutputStream:75 - [STDERR_REDIRECT] [Fatal Error] :1:1: Premature end of file.
2025-12-17 19:30:20,628 [ERROR] LogOutputStream:75 - [STDERR_REDIRECT] 
2025-12-17 19:30:21,623 [ERROR] LogOutputStream:75 - [STDERR_REDIRECT] [Fatal Error] :1:1: Premature end of file.
2025-12-17 19:30:21,624 [ERROR] LogOutputStream:75 - [STDERR_REDIRECT] 
2025-12-17 19:30:22,626 [ERROR] LogOutputStream:75 - [STDERR_REDIRECT] [Fatal Error] :1:1: Premature end of file.
2025-12-17 19:30:22,626 [ERROR] LogOutputStream:75 - [STDERR_REDIRECT] 
2025-12-17 19:30:23,623 [ERROR] LogOutputStream:75 - [STDERR_REDIRECT] [Fatal Error] :1:1: Premature end of file.
2025-12-17 19:30:23,624 [ERROR] LogOutputStream:75 - [STDERR_REDIRECT] 
2025-12-17 19:30:24,624 [ERROR] LogOutputStream:75 - [STDERR_REDIRECT] [Fatal Error] :1:1: Premature end of file.
2025-12-17 19:30:24,624 [ERROR] LogOutputStream:75 - [STDERR_REDIRECT] 
2025-12-17 19:30:25,626 [ERROR] LogOutputStream:75 - [STDERR_REDIRECT] [Fatal Error] :1:1: Premature end of file.
2025-12-17 19:30:25,627 [ERROR] LogOutputStream:75 - [STDERR_REDIRECT] 
2025-12-17 19:30:26,625 [ERROR] LogOutputStream:75 - [STDERR_REDIRECT] [Fatal Error] :1:1: Premature end of file.
2025-12-17 19:30:26,625 [ERROR] LogOutputStream:75 - [STDERR_REDIRECT] 
2025-12-17 19:30:27,626 [ERROR] LogOutputStream:75 - [STDERR_REDIRECT] [Fatal Error] :1:1: Premature end of file.
2025-12-17 19:30:27,627 [ERROR] LogOutputStream:75 - [STDERR_REDIRECT] 
2025-12-17 19:30:28,624 [ERROR] LogOutputStream:75 - [STDERR_REDIRECT] [Fatal Error] :1:1: Premature end of file.
2025-12-17 19:30:28,624 [ERROR] LogOutputStream:75 - [STDERR_REDIRECT] 
2025-12-17 19:30:29,626 [ERROR] LogOutputStream:75 - [STDERR_REDIRECT] [Fatal Error] :1:1: Premature end of file.
2025-12-17 19:30:29,626 [ERROR] LogOutputStream:75 - [STDERR_REDIRECT] 
2025-12-17 19:30:30,624 [ERROR] LogOutputStream:75 - [STDERR_REDIRECT] [Fatal Error] :1:1: Premature end of file.
2025-12-17 19:30:30,625 [ERROR] LogOutputStream:75 - [STDERR_REDIRECT] 
2025-12-17 19:30:31,624 [ERROR] LogOutputStream:75 - [STDERR_REDIRECT] [Fatal Error] :1:1: Premature end of file.
2025-12-17 19:30:31,625 [ERROR] LogOutputStream:75 - [STDERR_REDIRECT] 
2025-12-17 19:30:32,633 [ERROR] LogOutputStream:75 - [STDERR_REDIRECT] [Fatal Error] :1:1: Premature end of file.
2025-12-17 19:30:32,633 [ERROR] LogOutputStream:75 - [STDERR_REDIRECT] 
2025-12-17 19:30:33,626 [ERROR] LogOutputStream:75 - [STDERR_REDIRECT] [Fatal Error] :1:1: Premature end of file.
2025-12-17 19:30:33,626 [ERROR] LogOutputStream:75 - [STDERR_REDIRECT] 
2025-12-17 19:30:34,632 [ERROR] LogOutputStream:75 - [STDERR_REDIRECT] [Fatal Error] :1:1: Premature end of file.
2025-12-17 19:30:34,632 [ERROR] LogOutputStream:75 - [STDERR_REDIRECT] 
2025-12-17 19:30:35,625 [ERROR] LogOutputStream:75 - [STDERR_REDIRECT] [Fatal Error] :1:1: Premature end of file.
2025-12-17 19:30:35,625 [ERROR] LogOutputStream:75 - [STDERR_REDIRECT] 
2025-12-17 19:30:36,624 [ERROR] LogOutputStream:75 - [STDERR_REDIRECT] [Fatal Error] :1:1: Premature end of file.
2025-12-17 19:30:36,624 [ERROR] LogOutputStream:75 - [STDERR_REDIRECT] 
2025-12-17 19:30:37,638 [ERROR] LogOutputStream:75 - [STDERR_REDIRECT] [Fatal Error] :1:1: Premature end of file.
2025-12-17 19:30:37,639 [ERROR] LogOutputStream:75 - [STDERR_REDIRECT] 
2025-12-17 19:30:38,628 [ERROR] LogOutputStream:75 - [STDERR_REDIRECT] [Fatal Error] :1:1: Premature end of file.
2025-12-17 19:30:38,628 [ERROR] LogOutputStream:75 - [STDERR_REDIRECT] 
2025-12-17 19:30:39,635 [ERROR] LogOutputStream:75 - [STDERR_REDIRECT] [Fatal Error] :1:1: Premature end of file.
2025-12-17 19:30:39,635 [ERROR] LogOutputStream:75 - [STDERR_REDIRECT] 
2025-12-17 19:30:40,625 [ERROR] LogOutputStream:75 - [STDERR_REDIRECT] [Fatal Error] :1:1: Premature end of file.
2025-12-17 19:30:40,625 [ERROR] LogOutputStream:75 - [STDERR_REDIRECT] 
2025-12-17 19:30:41,623 [ERROR] LogOutputStream:75 - [STDERR_REDIRECT] [Fatal Error] :1:1: Premature end of file.
2025-12-17 19:30:41,623 [ERROR] LogOutputStream:75 - [STDERR_REDIRECT] 
2025-12-17 19:30:42,631 [ERROR] LogOutputStream:75 - [STDERR_REDIRECT] [Fatal Error] :1:1: Premature end of file.
2025-12-17 19:30:42,631 [ERROR] LogOutputStream:75 - [STDERR_REDIRECT] 
2025-12-17 19:30:43,625 [ERROR] LogOutputStream:75 - [STDERR_REDIRECT] [Fatal Error] :1:1: Premature end of file.
2025-12-17 19:30:43,626 [ERROR] LogOutputStream:75 - [STDERR_REDIRECT] 
2025-12-17 19:30:44,623 [ERROR] LogOutputStream:75 - [STDERR_REDIRECT] [Fatal Error] :1:1: Premature end of file.
2025-12-17 19:30:44,623 [ERROR] LogOutputStream:75 - [STDERR_REDIRECT] 
2025-12-17 19:30:45,625 [ERROR] LogOutputStream:75 - [STDERR_REDIRECT] [Fatal Error] :1:1: Premature end of file.
2025-12-17 19:30:45,625 [ERROR] LogOutputStream:75 - [STDERR_REDIRECT] 
2025-12-17 19:30:46,626 [ERROR] LogOutputStream:75 - [STDERR_REDIRECT] [Fatal Error] :1:1: Premature end of file.
2025-12-17 19:30:46,626 [ERROR] LogOutputStream:75 - [STDERR_REDIRECT] 
2025-12-17 19:30:47,626 [ERROR] LogOutputStream:75 - [STDERR_REDIRECT] [Fatal Error] :1:1: Premature end of file.
2025-12-17 19:30:47,626 [ERROR] LogOutputStream:75 - [STDERR_REDIRECT] 
2025-12-17 19:30:48,625 [ERROR] LogOutputStream:75 - [STDERR_REDIRECT] [Fatal Error] :1:1: Premature end of file.
2025-12-17 19:30:48,625 [ERROR] LogOutputStream:75 - [STDERR_REDIRECT] 
2025-12-17 19:30:49,623 [ERROR] LogOutputStream:75 - [STDERR_REDIRECT] [Fatal Error] :1:1: Premature end of file.
2025-12-17 19:30:49,623 [ERROR] LogOutputStream:75 - [STDERR_REDIRECT] 
2025-12-17 19:30:50,625 [ERROR] LogOutputStream:75 - [STDERR_REDIRECT] [Fatal Error] :1:1: Premature end of file.
2025-12-17 19:30:50,625 [ERROR] LogOutputStream:75 - [STDERR_REDIRECT] 
2025-12-17 19:30:51,628 [ERROR] LogOutputStream:75 - [STDERR_REDIRECT] [Fatal Error] :1:1: Premature end of file.
2025-12-17 19:30:51,628 [ERROR] LogOutputStream:75 - [STDERR_REDIRECT] 
2025-12-17 19:30:52,625 [ERROR] LogOutputStream:75 - [STDERR_REDIRECT] [Fatal Error] :1:1: Premature end of file.
2025-12-17 19:30:52,625 [ERROR] LogOutputStream:75 - [STDERR_REDIRECT] 
2025-12-17 19:30:53,624 [ERROR] LogOutputStream:75 - [STDERR_REDIRECT] [Fatal Error] :1:1: Premature end of file.
2025-12-17 19:30:53,624 [ERROR] LogOutputStream:75 - [STDERR_REDIRECT] 
2025-12-17 19:30:54,627 [ERROR] LogOutputStream:75 - [STDERR_REDIRECT] [Fatal Error] :1:1: Premature end of file.
2025-12-17 19:30:54,627 [ERROR] LogOutputStream:75 - [STDERR_REDIRECT] 
2025-12-17 19:30:55,625 [ERROR] LogOutputStream:75 - [STDERR_REDIRECT] [Fatal Error] :1:1: Premature end of file.
2025-12-17 19:30:55,625 [ERROR] LogOutputStream:75 - [STDERR_REDIRECT] 
2025-12-17 19:30:56,623 [ERROR] LogOutputStream:75 - [STDERR_REDIRECT] [Fatal Error] :1:1: Premature end of file.
2025-12-17 19:30:56,624 [ERROR] LogOutputStream:75 - [STDERR_REDIRECT] 
2025-12-17 19:30:57,627 [ERROR] LogOutputStream:75 - [STDERR_REDIRECT] [Fatal Error] :1:1: Premature end of file.
2025-12-17 19:30:57,627 [ERROR] LogOutputStream:75 - [STDERR_REDIRECT] 
2025-12-17 19:30:58,624 [ERROR] LogOutputStream:75 - [STDERR_REDIRECT] [Fatal Error] :1:1: Premature end of file.
2025-12-17 19:30:58,624 [ERROR] LogOutputStream:75 - [STDERR_REDIRECT] 
2025-12-17 19:30:59,625 [ERROR] LogOutputStream:75 - [STDERR_REDIRECT] [Fatal Error] :1:1: Premature end of file.
2025-12-17 19:30:59,625 [ERROR] LogOutputStream:75 - [STDERR_REDIRECT] 
2025-12-17 19:31:00,631 [ERROR] LogOutputStream:75 - [STDERR_REDIRECT] [Fatal Error] :1:1: Premature end of file.
2025-12-17 19:31:00,631 [ERROR] LogOutputStream:75 - [STDERR_REDIRECT] 
2025-12-17 19:31:01,626 [ERROR] LogOutputStream:75 - [STDERR_REDIRECT] [Fatal Error] :1:1: Premature end of file.
2025-12-17 19:31:01,627 [ERROR] LogOutputStream:75 - [STDERR_REDIRECT] 
2025-12-17 19:31:02,625 [ERROR] LogOutputStream:75 - [STDERR_REDIRECT] [Fatal Error] :1:1: Premature end of file.
2025-12-17 19:31:02,625 [ERROR] LogOutputStream:75 - [STDERR_REDIRECT] 
2025-12-17 19:31:03,625 [ERROR] LogOutputStream:75 - [STDERR_REDIRECT] [Fatal Error] :1:1: Premature end of file.
2025-12-17 19:31:03,626 [ERROR] LogOutputStream:75 - [STDERR_REDIRECT] 
2025-12-17 19:31:04,621 [ERROR] LogOutputStream:75 - [STDERR_REDIRECT] [Fatal Error] :1:1: Premature end of file.
2025-12-17 19:31:04,622 [ERROR] LogOutputStream:75 - [STDERR_REDIRECT] 
2025-12-17 19:31:05,625 [ERROR] LogOutputStream:75 - [STDERR_REDIRECT] [Fatal Error] :1:1: Premature end of file.
2025-12-17 19:31:05,625 [ERROR] LogOutputStream:75 - [STDERR_REDIRECT] 
2025-12-17 19:31:06,625 [ERROR] LogOutputStream:75 - [STDERR_REDIRECT] [Fatal Error] :1:1: Premature end of file.
2025-12-17 19:31:06,625 [ERROR] LogOutputStream:75 - [STDERR_REDIRECT] 
2025-12-17 19:31:07,624 [ERROR] LogOutputStream:75 - [STDERR_REDIRECT] [Fatal Error] :1:1: Premature end of file.
2025-12-17 19:31:07,624 [ERROR] LogOutputStream:75 - [STDERR_REDIRECT] 
2025-12-17 19:31:08,623 [ERROR] LogOutputStream:75 - [STDERR_REDIRECT] [Fatal Error] :1:1: Premature end of file.
2025-12-17 19:31:08,623 [ERROR] LogOutputStream:75 - [STDERR_REDIRECT] 
2025-12-17 19:31:09,625 [ERROR] LogOutputStream:75 - [STDERR_REDIRECT] [Fatal Error] :1:1: Premature end of file.
2025-12-17 19:31:09,625 [ERROR] LogOutputStream:75 - [STDERR_REDIRECT] 
2025-12-17 19:31:10,625 [ERROR] LogOutputStream:75 - [STDERR_REDIRECT] [Fatal Error] :1:1: Premature end of file.
2025-12-17 19:31:10,626 [ERROR] LogOutputStream:75 - [STDERR_REDIRECT] 
2025-12-17 19:31:11,624 [ERROR] LogOutputStream:75 - [STDERR_REDIRECT] [Fatal Error] :1:1: Premature end of file.
2025-12-17 19:31:11,624 [ERROR] LogOutputStream:75 - [STDERR_REDIRECT] 
2025-12-17 19:31:12,623 [ERROR] LogOutputStream:75 - [STDERR_REDIRECT] [Fatal Error] :1:1: Premature end of file.
2025-12-17 19:31:12,623 [ERROR] LogOutputStream:75 - [STDERR_REDIRECT] 
2025-12-17 19:31:13,625 [ERROR] LogOutputStream:75 - [STDERR_REDIRECT] [Fatal Error] :1:1: Premature end of file.
2025-12-17 19:31:13,625 [ERROR] LogOutputStream:75 - [STDERR_REDIRECT] 
2025-12-17 19:31:14,624 [ERROR] LogOutputStream:75 - [STDERR_REDIRECT] [Fatal Error] :1:1: Premature end of file.
2025-12-17 19:31:14,624 [ERROR] LogOutputStream:75 - [STDERR_REDIRECT] 
2025-12-17 19:31:15,631 [ERROR] LogOutputStream:75 - [STDERR_REDIRECT] [Fatal Error] :1:1: Premature end of file.
2025-12-17 19:31:15,631 [ERROR] LogOutputStream:75 - [STDERR_REDIRECT] 
2025-12-17 19:31:16,622 [ERROR] LogOutputStream:75 - [STDERR_REDIRECT] [Fatal Error] :1:1: Premature end of file.
2025-12-17 19:31:16,622 [ERROR] LogOutputStream:75 - [STDERR_REDIRECT] 
2025-12-17 19:31:17,635 [ERROR] LogOutputStream:75 - [STDERR_REDIRECT] [Fatal Error] :1:1: Premature end of file.
2025-12-17 19:31:17,635 [ERROR] LogOutputStream:75 - [STDERR_REDIRECT] 
2025-12-17 19:31:18,621 [ERROR] LogOutputStream:75 - [STDERR_REDIRECT] [Fatal Error] :1:1: Premature end of file.
2025-12-17 19:31:18,621 [ERROR] LogOutputStream:75 - [STDERR_REDIRECT] 
2025-12-17 19:31:19,624 [ERROR] LogOutputStream:75 - [STDERR_REDIRECT] [Fatal Error] :1:1: Premature end of file.
2025-12-17 19:31:19,624 [ERROR] LogOutputStream:75 - [STDERR_REDIRECT] 
2025-12-17 19:31:20,624 [ERROR] LogOutputStream:75 - [STDERR_REDIRECT] [Fatal Error] :1:1: Premature end of file.
2025-12-17 19:31:20,624 [ERROR] LogOutputStream:75 - [STDERR_REDIRECT] 
2025-12-17 19:31:21,624 [ERROR] LogOutputStream:75 - [STDERR_REDIRECT] [Fatal Error] :1:1: Premature end of file.
2025-12-17 19:31:21,625 [ERROR] LogOutputStream:75 - [STDERR_REDIRECT] 
2025-12-17 19:31:22,624 [ERROR] LogOutputStream:75 - [STDERR_REDIRECT] [Fatal Error] :1:1: Premature end of file.
2025-12-17 19:31:22,624 [ERROR] LogOutputStream:75 - [STDERR_REDIRECT] 
2025-12-17 19:31:23,623 [ERROR] LogOutputStream:75 - [STDERR_REDIRECT] [Fatal Error] :1:1: Premature end of file.
2025-12-17 19:31:23,623 [ERROR] LogOutputStream:75 - [STDERR_REDIRECT] 
2025-12-17 19:31:24,622 [ERROR] LogOutputStream:75 - [STDERR_REDIRECT] [Fatal Error] :1:1: Premature end of file.
2025-12-17 19:31:24,622 [ERROR] LogOutputStream:75 - [STDERR_REDIRECT] 
2025-12-17 19:31:25,625 [ERROR] LogOutputStream:75 - [STDERR_REDIRECT] [Fatal Error] :1:1: Premature end of file.
2025-12-17 19:31:25,625 [ERROR] LogOutputStream:75 - [STDERR_REDIRECT] 
2025-12-17 19:31:26,622 [ERROR] LogOutputStream:75 - [STDERR_REDIRECT] [Fatal Error] :1:1: Premature end of file.
2025-12-17 19:31:26,623 [ERROR] LogOutputStream:75 - [STDERR_REDIRECT] 
2025-12-17 19:31:27,624 [ERROR] LogOutputStream:75 - [STDERR_REDIRECT] [Fatal Error] :1:1: Premature end of file.
2025-12-17 19:31:27,624 [ERROR] LogOutputStream:75 - [STDERR_REDIRECT] 
2025-12-17 19:31:28,623 [ERROR] LogOutputStream:75 - [STDERR_REDIRECT] [Fatal Error] :1:1: Premature end of file.
2025-12-17 19:31:28,623 [ERROR] LogOutputStream:75 - [STDERR_REDIRECT] 
2025-12-17 19:31:29,623 [ERROR] LogOutputStream:75 - [STDERR_REDIRECT] [Fatal Error] :1:1: Premature end of file.
2025-12-17 19:31:29,623 [ERROR] LogOutputStream:75 - [STDERR_REDIRECT] 
2025-12-17 19:31:30,623 [ERROR] LogOutputStream:75 - [STDERR_REDIRECT] [Fatal Error] :1:1: Premature end of file.
2025-12-17 19:31:30,624 [ERROR] LogOutputStream:75 - [STDERR_REDIRECT] 
2025-12-17 19:31:31,623 [ERROR] LogOutputStream:75 - [STDERR_REDIRECT] [Fatal Error] :1:1: Premature end of file.
2025-12-17 19:31:31,623 [ERROR] LogOutputStream:75 - [STDERR_REDIRECT] 
2025-12-17 19:31:32,623 [ERROR] LogOutputStream:75 - [STDERR_REDIRECT] [Fatal Error] :1:1: Premature end of file.
2025-12-17 19:31:32,623 [ERROR] LogOutputStream:75 - [STDERR_REDIRECT] 
2025-12-17 19:31:33,625 [ERROR] LogOutputStream:75 - [STDERR_REDIRECT] [Fatal Error] :1:1: Premature end of file.
2025-12-17 19:31:33,625 [ERROR] LogOutputStream:75 - [STDERR_REDIRECT] 
2025-12-17 19:31:34,622 [ERROR] LogOutputStream:75 - [STDERR_REDIRECT] [Fatal Error] :1:1: Premature end of file.
2025-12-17 19:31:34,622 [ERROR] LogOutputStream:75 - [STDERR_REDIRECT] 
2025-12-17 19:31:35,625 [ERROR] LogOutputStream:75 - [STDERR_REDIRECT] [Fatal Error] :1:1: Premature end of file.
2025-12-17 19:31:35,625 [ERROR] LogOutputStream:75 - [STDERR_REDIRECT] 
2025-12-17 19:31:36,623 [ERROR] LogOutputStream:75 - [STDERR_REDIRECT] [Fatal Error] :1:1: Premature end of file.
2025-12-17 19:31:36,623 [ERROR] LogOutputStream:75 - [STDERR_REDIRECT] 
2025-12-17 19:31:37,623 [ERROR] LogOutputStream:75 - [STDERR_REDIRECT] [Fatal Error] :1:1: Premature end of file.
2025-12-17 19:31:37,624 [ERROR] LogOutputStream:75 - [STDERR_REDIRECT] 
2025-12-17 19:31:38,625 [ERROR] LogOutputStream:75 - [STDERR_REDIRECT] [Fatal Error] :1:1: Premature end of file.
2025-12-17 19:31:38,625 [ERROR] LogOutputStream:75 - [STDERR_REDIRECT] 
2025-12-17 19:31:39,625 [ERROR] LogOutputStream:75 - [STDERR_REDIRECT] [Fatal Error] :1:1: Premature end of file.
2025-12-17 19:31:39,625 [ERROR] LogOutputStream:75 - [STDERR_REDIRECT] 
2025-12-17 19:31:40,625 [ERROR] LogOutputStream:75 - [STDERR_REDIRECT] [Fatal Error] :1:1: Premature end of file.
2025-12-17 19:31:40,625 [ERROR] LogOutputStream:75 - [STDERR_REDIRECT] 
2025-12-17 19:31:41,625 [ERROR] LogOutputStream:75 - [STDERR_REDIRECT] [Fatal Error] :1:1: Premature end of file.
2025-12-17 19:31:41,625 [ERROR] LogOutputStream:75 - [STDERR_REDIRECT] 
2025-12-17 19:31:42,624 [ERROR] LogOutputStream:75 - [STDERR_REDIRECT] [Fatal Error] :1:1: Premature end of file.
2025-12-17 19:31:42,624 [ERROR] LogOutputStream:75 - [STDERR_REDIRECT] 
2025-12-17 19:31:43,624 [ERROR] LogOutputStream:75 - [STDERR_REDIRECT] [Fatal Error] :1:1: Premature end of file.
2025-12-17 19:31:43,624 [ERROR] LogOutputStream:75 - [STDERR_REDIRECT] 
2025-12-17 19:31:44,623 [ERROR] LogOutputStream:75 - [STDERR_REDIRECT] [Fatal Error] :1:1: Premature end of file.
2025-12-17 19:31:44,623 [ERROR] LogOutputStream:75 - [STDERR_REDIRECT] 
2025-12-17 19:31:45,623 [ERROR] LogOutputStream:75 - [STDERR_REDIRECT] [Fatal Error] :1:1: Premature end of file.
2025-12-17 19:31:45,623 [ERROR] LogOutputStream:75 - [STDERR_REDIRECT] 
2025-12-17 19:31:46,623 [ERROR] LogOutputStream:75 - [STDERR_REDIRECT] [Fatal Error] :1:1: Premature end of file.
2025-12-17 19:31:46,623 [ERROR] LogOutputStream:75 - [STDERR_REDIRECT] 
2025-12-17 19:31:47,622 [ERROR] LogOutputStream:75 - [STDERR_REDIRECT] [Fatal Error] :1:1: Premature end of file.
2025-12-17 19:31:47,622 [ERROR] LogOutputStream:75 - [STDERR_REDIRECT] 
2025-12-17 19:31:48,624 [ERROR] LogOutputStream:75 - [STDERR_REDIRECT] [Fatal Error] :1:1: Premature end of file.
2025-12-17 19:31:48,624 [ERROR] LogOutputStream:75 - [STDERR_REDIRECT] 
2025-12-17 19:31:49,626 [ERROR] LogOutputStream:75 - [STDERR_REDIRECT] [Fatal Error] :1:1: Premature end of file.
2025-12-17 19:31:49,626 [ERROR] LogOutputStream:75 - [STDERR_REDIRECT] 
2025-12-17 19:31:50,622 [ERROR] LogOutputStream:75 - [STDERR_REDIRECT] [Fatal Error] :1:1: Premature end of file.
2025-12-17 19:31:50,622 [ERROR] LogOutputStream:75 - [STDERR_REDIRECT] 
2025-12-17 19:31:51,622 [ERROR] LogOutputStream:75 - [STDERR_REDIRECT] [Fatal Error] :1:1: Premature end of file.
2025-12-17 19:31:51,622 [ERROR] LogOutputStream:75 - [STDERR_REDIRECT] 
2025-12-17 19:31:52,623 [ERROR] LogOutputStream:75 - [STDERR_REDIRECT] [Fatal Error] :1:1: Premature end of file.
2025-12-17 19:31:52,623 [ERROR] LogOutputStream:75 - [STDERR_REDIRECT] 
2025-12-17 19:31:53,622 [ERROR] LogOutputStream:75 - [STDERR_REDIRECT] [Fatal Error] :1:1: Premature end of file.
2025-12-17 19:31:53,623 [ERROR] LogOutputStream:75 - [STDERR_REDIRECT] 
2025-12-17 19:31:54,622 [ERROR] LogOutputStream:75 - [STDERR_REDIRECT] [Fatal Error] :1:1: Premature end of file.
2025-12-17 19:31:54,622 [ERROR] LogOutputStream:75 - [STDERR_REDIRECT] 
2025-12-17 19:31:55,623 [ERROR] LogOutputStream:75 - [STDERR_REDIRECT] [Fatal Error] :1:1: Premature end of file.
2025-12-17 19:31:55,623 [ERROR] LogOutputStream:75 - [STDERR_REDIRECT] 
2025-12-17 19:31:56,624 [ERROR] LogOutputStream:75 - [STDERR_REDIRECT] [Fatal Error] :1:1: Premature end of file.
2025-12-17 19:31:56,624 [ERROR] LogOutputStream:75 - [STDERR_REDIRECT] 
2025-12-17 19:31:57,624 [ERROR] LogOutputStream:75 - [STDERR_REDIRECT] [Fatal Error] :1:1: Premature end of file.
2025-12-17 19:31:57,625 [ERROR] LogOutputStream:75 - [STDERR_REDIRECT] 
2025-12-17 19:31:58,622 [ERROR] LogOutputStream:75 - [STDERR_REDIRECT] [Fatal Error] :1:1: Premature end of file.
2025-12-17 19:31:58,622 [ERROR] LogOutputStream:75 - [STDERR_REDIRECT] 
2025-12-17 19:31:59,623 [ERROR] LogOutputStream:75 - [STDERR_REDIRECT] [Fatal Error] :1:1: Premature end of file.
2025-12-17 19:31:59,623 [ERROR] LogOutputStream:75 - [STDERR_REDIRECT] 
2025-12-17 19:32:00,626 [ERROR] LogOutputStream:75 - [STDERR_REDIRECT] [Fatal Error] :1:1: Premature end of file.
2025-12-17 19:32:00,626 [ERROR] LogOutputStream:75 - [STDERR_REDIRECT] 
2025-12-17 19:32:01,625 [ERROR] LogOutputStream:75 - [STDERR_REDIRECT] [Fatal Error] :1:1: Premature end of file.
2025-12-17 19:32:01,626 [ERROR] LogOutputStream:75 - [STDERR_REDIRECT] 
2025-12-17 19:32:02,626 [ERROR] LogOutputStream:75 - [STDERR_REDIRECT] [Fatal Error] :1:1: Premature end of file.
2025-12-17 19:32:02,626 [ERROR] LogOutputStream:75 - [STDERR_REDIRECT] 
2025-12-17 19:32:03,623 [ERROR] LogOutputStream:75 - [STDERR_REDIRECT] [Fatal Error] :1:1: Premature end of file.
2025-12-17 19:32:03,623 [ERROR] LogOutputStream:75 - [STDERR_REDIRECT] 
2025-12-17 19:32:04,622 [ERROR] LogOutputStream:75 - [STDERR_REDIRECT] [Fatal Error] :1:1: Premature end of file.
2025-12-17 19:32:04,622 [ERROR] LogOutputStream:75 - [STDERR_REDIRECT] 
2025-12-17 19:32:05,624 [ERROR] LogOutputStream:75 - [STDERR_REDIRECT] [Fatal Error] :1:1: Premature end of file.
2025-12-17 19:32:05,624 [ERROR] LogOutputStream:75 - [STDERR_REDIRECT] 
2025-12-17 19:32:06,626 [ERROR] LogOutputStream:75 - [STDERR_REDIRECT] [Fatal Error] :1:1: Premature end of file.
2025-12-17 19:32:06,626 [ERROR] LogOutputStream:75 - [STDERR_REDIRECT] 
2025-12-17 19:32:07,625 [ERROR] LogOutputStream:75 - [STDERR_REDIRECT] [Fatal Error] :1:1: Premature end of file.
2025-12-17 19:32:07,625 [ERROR] LogOutputStream:75 - [STDERR_REDIRECT] 
2025-12-17 19:32:08,625 [ERROR] LogOutputStream:75 - [STDERR_REDIRECT] [Fatal Error] :1:1: Premature end of file.
2025-12-17 19:32:08,626 [ERROR] LogOutputStream:75 - [STDERR_REDIRECT] 
2025-12-17 19:32:09,626 [ERROR] LogOutputStream:75 - [STDERR_REDIRECT] [Fatal Error] :1:1: Premature end of file.
2025-12-17 19:32:09,626 [ERROR] LogOutputStream:75 - [STDERR_REDIRECT] 
2025-12-17 19:32:10,626 [ERROR] LogOutputStream:75 - [STDERR_REDIRECT] [Fatal Error] :1:1: Premature end of file.
2025-12-17 19:32:10,626 [ERROR] LogOutputStream:75 - [STDERR_REDIRECT] 
2025-12-17 19:32:11,629 [ERROR] LogOutputStream:75 - [STDERR_REDIRECT] [Fatal Error] :1:1: Premature end of file.
2025-12-17 19:32:11,630 [ERROR] LogOutputStream:75 - [STDERR_REDIRECT] 
2025-12-17 19:32:12,624 [ERROR] LogOutputStream:75 - [STDERR_REDIRECT] [Fatal Error] :1:1: Premature end of file.
2025-12-17 19:32:12,625 [ERROR] LogOutputStream:75 - [STDERR_REDIRECT] 
2025-12-17 19:32:13,623 [ERROR] LogOutputStream:75 - [STDERR_REDIRECT] [Fatal Error] :1:1: Premature end of file.
2025-12-17 19:32:13,624 [ERROR] LogOutputStream:75 - [STDERR_REDIRECT] 
2025-12-17 19:32:14,623 [ERROR] LogOutputStream:75 - [STDERR_REDIRECT] [Fatal Error] :1:1: Premature end of file.
2025-12-17 19:32:14,623 [ERROR] LogOutputStream:75 - [STDERR_REDIRECT] 
2025-12-17 19:32:15,627 [ERROR] LogOutputStream:75 - [STDERR_REDIRECT] [Fatal Error] :1:1: Premature end of file.
2025-12-17 19:32:15,627 [ERROR] LogOutputStream:75 - [STDERR_REDIRECT] 
2025-12-17 19:32:16,624 [ERROR] LogOutputStream:75 - [STDERR_REDIRECT] [Fatal Error] :1:1: Premature end of file.
2025-12-17 19:32:16,625 [ERROR] LogOutputStream:75 - [STDERR_REDIRECT] 
2025-12-17 19:32:17,624 [ERROR] LogOutputStream:75 - [STDERR_REDIRECT] [Fatal Error] :1:1: Premature end of file.
2025-12-17 19:32:17,624 [ERROR] LogOutputStream:75 - [STDERR_REDIRECT] 
2025-12-17 19:32:18,624 [ERROR] LogOutputStream:75 - [STDERR_REDIRECT] [Fatal Error] :1:1: Premature end of file.
2025-12-17 19:32:18,624 [ERROR] LogOutputStream:75 - [STDERR_REDIRECT] 
2025-12-17 19:32:19,622 [ERROR] LogOutputStream:75 - [STDERR_REDIRECT] [Fatal Error] :1:1: Premature end of file.
2025-12-17 19:32:19,622 [ERROR] LogOutputStream:75 - [STDERR_REDIRECT] 
2025-12-17 19:32:20,626 [ERROR] LogOutputStream:75 - [STDERR_REDIRECT] [Fatal Error] :1:1: Premature end of file.
2025-12-17 19:32:20,626 [ERROR] LogOutputStream:75 - [STDERR_REDIRECT] 
2025-12-17 19:32:21,622 [ERROR] LogOutputStream:75 - [STDERR_REDIRECT] [Fatal Error] :1:1: Premature end of file.
2025-12-17 19:32:21,622 [ERROR] LogOutputStream:75 - [STDERR_REDIRECT] 
2025-12-17 19:32:22,625 [ERROR] LogOutputStream:75 - [STDERR_REDIRECT] [Fatal Error] :1:1: Premature end of file.
2025-12-17 19:32:22,625 [ERROR] LogOutputStream:75 - [STDERR_REDIRECT] 
2025-12-17 19:32:23,624 [ERROR] LogOutputStream:75 - [STDERR_REDIRECT] [Fatal Error] :1:1: Premature end of file.
2025-12-17 19:32:23,624 [ERROR] LogOutputStream:75 - [STDERR_REDIRECT] 
2025-12-17 19:32:24,624 [ERROR] LogOutputStream:75 - [STDERR_REDIRECT] [Fatal Error] :1:1: Premature end of file.
2025-12-17 19:32:24,624 [ERROR] LogOutputStream:75 - [STDERR_REDIRECT] 
2025-12-17 19:32:25,623 [ERROR] LogOutputStream:75 - [STDERR_REDIRECT] [Fatal Error] :1:1: Premature end of file.
2025-12-17 19:32:25,623 [ERROR] LogOutputStream:75 - [STDERR_REDIRECT] 
2025-12-17 19:32:26,625 [ERROR] LogOutputStream:75 - [STDERR_REDIRECT] [Fatal Error] :1:1: Premature end of file.
2025-12-17 19:32:26,625 [ERROR] LogOutputStream:75 - [STDERR_REDIRECT] 
2025-12-17 19:32:27,624 [ERROR] LogOutputStream:75 - [STDERR_REDIRECT] [Fatal Error] :1:1: Premature end of file.
2025-12-17 19:32:27,624 [ERROR] LogOutputStream:75 - [STDERR_REDIRECT] 
2025-12-17 19:32:28,624 [ERROR] LogOutputStream:75 - [STDERR_REDIRECT] [Fatal Error] :1:1: Premature end of file.
2025-12-17 19:32:28,624 [ERROR] LogOutputStream:75 - [STDERR_REDIRECT] 
2025-12-17 19:32:29,636 [ERROR] LogOutputStream:75 - [STDERR_REDIRECT] [Fatal Error] :1:1: Premature end of file.
2025-12-17 19:32:29,636 [ERROR] LogOutputStream:75 - [STDERR_REDIRECT] 
2025-12-17 19:32:30,623 [ERROR] LogOutputStream:75 - [STDERR_REDIRECT] [Fatal Error] :1:1: Premature end of file.
2025-12-17 19:32:30,624 [ERROR] LogOutputStream:75 - [STDERR_REDIRECT] 
2025-12-17 19:32:31,623 [ERROR] LogOutputStream:75 - [STDERR_REDIRECT] [Fatal Error] :1:1: Premature end of file.
2025-12-17 19:32:31,624 [ERROR] LogOutputStream:75 - [STDERR_REDIRECT] 
2025-12-17 19:32:32,625 [ERROR] LogOutputStream:75 - [STDERR_REDIRECT] [Fatal Error] :1:1: Premature end of file.
2025-12-17 19:32:32,625 [ERROR] LogOutputStream:75 - [STDERR_REDIRECT] 
2025-12-17 19:32:33,633 [ERROR] LogOutputStream:75 - [STDERR_REDIRECT] [Fatal Error] :1:1: Premature end of file.
2025-12-17 19:32:33,633 [ERROR] LogOutputStream:75 - [STDERR_REDIRECT] 
2025-12-17 19:32:34,623 [ERROR] LogOutputStream:75 - [STDERR_REDIRECT] [Fatal Error] :1:1: Premature end of file.
2025-12-17 19:32:34,623 [ERROR] LogOutputStream:75 - [STDERR_REDIRECT] 
2025-12-17 19:32:35,622 [ERROR] LogOutputStream:75 - [STDERR_REDIRECT] [Fatal Error] :1:1: Premature end of file.
2025-12-17 19:32:35,622 [ERROR] LogOutputStream:75 - [STDERR_REDIRECT] 
2025-12-17 19:32:36,624 [ERROR] LogOutputStream:75 - [STDERR_REDIRECT] [Fatal Error] :1:1: Premature end of file.
2025-12-17 19:32:36,625 [ERROR] LogOutputStream:75 - [STDERR_REDIRECT] 
2025-12-17 19:32:37,629 [ERROR] LogOutputStream:75 - [STDERR_REDIRECT] [Fatal Error] :1:1: Premature end of file.
2025-12-17 19:32:37,629 [ERROR] LogOutputStream:75 - [STDERR_REDIRECT] 
2025-12-17 19:32:38,624 [ERROR] LogOutputStream:75 - [STDERR_REDIRECT] [Fatal Error] :1:1: Premature end of file.
2025-12-17 19:32:38,624 [ERROR] LogOutputStream:75 - [STDERR_REDIRECT] 
2025-12-17 19:32:39,628 [ERROR] LogOutputStream:75 - [STDERR_REDIRECT] [Fatal Error] :1:1: Premature end of file.
2025-12-17 19:32:39,628 [ERROR] LogOutputStream:75 - [STDERR_REDIRECT] 
2025-12-17 19:32:40,624 [ERROR] LogOutputStream:75 - [STDERR_REDIRECT] [Fatal Error] :1:1: Premature end of file.
2025-12-17 19:32:40,624 [ERROR] LogOutputStream:75 - [STDERR_REDIRECT] 
2025-12-17 19:32:41,625 [ERROR] LogOutputStream:75 - [STDERR_REDIRECT] [Fatal Error] :1:1: Premature end of file.
2025-12-17 19:32:41,625 [ERROR] LogOutputStream:75 - [STDERR_REDIRECT] 
2025-12-17 19:32:42,626 [ERROR] LogOutputStream:75 - [STDERR_REDIRECT] [Fatal Error] :1:1: Premature end of file.
2025-12-17 19:32:42,626 [ERROR] LogOutputStream:75 - [STDERR_REDIRECT] 
2025-12-17 19:32:43,625 [ERROR] LogOutputStream:75 - [STDERR_REDIRECT] [Fatal Error] :1:1: Premature end of file.
2025-12-17 19:32:43,625 [ERROR] LogOutputStream:75 - [STDERR_REDIRECT] 
2025-12-17 19:32:44,624 [ERROR] LogOutputStream:75 - [STDERR_REDIRECT] [Fatal Error] :1:1: Premature end of file.
2025-12-17 19:32:44,625 [ERROR] LogOutputStream:75 - [STDERR_REDIRECT] 
2025-12-17 19:32:45,632 [ERROR] LogOutputStream:75 - [STDERR_REDIRECT] [Fatal Error] :1:1: Premature end of file.
2025-12-17 19:32:45,632 [ERROR] LogOutputStream:75 - [STDERR_REDIRECT] 
2025-12-17 19:32:46,625 [ERROR] LogOutputStream:75 - [STDERR_REDIRECT] [Fatal Error] :1:1: Premature end of file.
2025-12-17 19:32:46,625 [ERROR] LogOutputStream:75 - [STDERR_REDIRECT] 
2025-12-17 19:32:47,626 [ERROR] LogOutputStream:75 - [STDERR_REDIRECT] [Fatal Error] :1:1: Premature end of file.
2025-12-17 19:32:47,626 [ERROR] LogOutputStream:75 - [STDERR_REDIRECT] 
2025-12-17 19:32:48,628 [ERROR] LogOutputStream:75 - [STDERR_REDIRECT] [Fatal Error] :1:1: Premature end of file.
2025-12-17 19:32:48,628 [ERROR] LogOutputStream:75 - [STDERR_REDIRECT] 
2025-12-17 19:32:49,628 [ERROR] LogOutputStream:75 - [STDERR_REDIRECT] [Fatal Error] :1:1: Premature end of file.
2025-12-17 19:32:49,628 [ERROR] LogOutputStream:75 - [STDERR_REDIRECT] 
2025-12-17 19:32:50,636 [ERROR] LogOutputStream:75 - [STDERR_REDIRECT] [Fatal Error] :1:1: Premature end of file.
2025-12-17 19:32:50,636 [ERROR] LogOutputStream:75 - [STDERR_REDIRECT] 
2025-12-17 19:32:51,624 [ERROR] LogOutputStream:75 - [STDERR_REDIRECT] [Fatal Error] :1:1: Premature end of file.
2025-12-17 19:32:51,624 [ERROR] LogOutputStream:75 - [STDERR_REDIRECT] 
2025-12-17 19:32:52,624 [ERROR] LogOutputStream:75 - [STDERR_REDIRECT] [Fatal Error] :1:1: Premature end of file.
2025-12-17 19:32:52,624 [ERROR] LogOutputStream:75 - [STDERR_REDIRECT] 
2025-12-17 19:32:53,620 [ERROR] LogOutputStream:75 - [STDERR_REDIRECT] [Fatal Error] :1:1: Premature end of file.
2025-12-17 19:32:53,621 [ERROR] LogOutputStream:75 - [STDERR_REDIRECT] 
2025-12-17 19:32:54,627 [ERROR] LogOutputStream:75 - [STDERR_REDIRECT] [Fatal Error] :1:1: Premature end of file.
2025-12-17 19:32:54,628 [ERROR] LogOutputStream:75 - [STDERR_REDIRECT] 
2025-12-17 19:32:55,622 [ERROR] LogOutputStream:75 - [STDERR_REDIRECT] [Fatal Error] :1:1: Premature end of file.
2025-12-17 19:32:55,622 [ERROR] LogOutputStream:75 - [STDERR_REDIRECT] 
2025-12-17 19:32:56,623 [ERROR] LogOutputStream:75 - [STDERR_REDIRECT] [Fatal Error] :1:1: Premature end of file.
2025-12-17 19:32:56,623 [ERROR] LogOutputStream:75 - [STDERR_REDIRECT] 
2025-12-17 19:32:57,628 [ERROR] LogOutputStream:75 - [STDERR_REDIRECT] [Fatal Error] :1:1: Premature end of file.
2025-12-17 19:32:57,628 [ERROR] LogOutputStream:75 - [STDERR_REDIRECT] 
2025-12-17 19:32:58,625 [ERROR] LogOutputStream:75 - [STDERR_REDIRECT] [Fatal Error] :1:1: Premature end of file.
2025-12-17 19:32:58,625 [ERROR] LogOutputStream:75 - [STDERR_REDIRECT] 
2025-12-17 19:32:59,634 [ERROR] LogOutputStream:75 - [STDERR_REDIRECT] [Fatal Error] :1:1: Premature end of file.
2025-12-17 19:32:59,635 [ERROR] LogOutputStream:75 - [STDERR_REDIRECT] 
2025-12-17 19:33:00,643 [ERROR] LogOutputStream:75 - [STDERR_REDIRECT] [Fatal Error] :1:1: Premature end of file.
2025-12-17 19:33:00,643 [ERROR] LogOutputStream:75 - [STDERR_REDIRECT] 
2025-12-17 19:33:01,629 [ERROR] LogOutputStream:75 - [STDERR_REDIRECT] [Fatal Error] :1:1: Premature end of file.
2025-12-17 19:33:01,630 [ERROR] LogOutputStream:75 - [STDERR_REDIRECT] 
2025-12-17 19:33:02,630 [ERROR] LogOutputStream:75 - [STDERR_REDIRECT] [Fatal Error] :1:1: Premature end of file.
2025-12-17 19:33:02,631 [ERROR] LogOutputStream:75 - [STDERR_REDIRECT] 
2025-12-17 19:33:03,615 [ERROR] LogOutputStream:75 - [STDERR_REDIRECT] [Fatal Error] :1:1: Premature end of file.
2025-12-17 19:33:03,615 [ERROR] LogOutputStream:75 - [STDERR_REDIRECT] 
2025-12-17 19:33:04,633 [ERROR] LogOutputStream:75 - [STDERR_REDIRECT] [Fatal Error] :1:1: Premature end of file.
2025-12-17 19:33:04,633 [ERROR] LogOutputStream:75 - [STDERR_REDIRECT] 
2025-12-17 19:33:05,626 [ERROR] LogOutputStream:75 - [STDERR_REDIRECT] [Fatal Error] :1:1: Premature end of file.
2025-12-17 19:33:05,626 [ERROR] LogOutputStream:75 - [STDERR_REDIRECT] 
2025-12-17 19:33:06,624 [ERROR] LogOutputStream:75 - [STDERR_REDIRECT] [Fatal Error] :1:1: Premature end of file.
2025-12-17 19:33:06,624 [ERROR] LogOutputStream:75 - [STDERR_REDIRECT] 
2025-12-17 19:33:07,625 [ERROR] LogOutputStream:75 - [STDERR_REDIRECT] [Fatal Error] :1:1: Premature end of file.
2025-12-17 19:33:07,625 [ERROR] LogOutputStream:75 - [STDERR_REDIRECT] 
2025-12-17 19:33:08,635 [ERROR] LogOutputStream:75 - [STDERR_REDIRECT] [Fatal Error] :1:1: Premature end of file.
2025-12-17 19:33:08,635 [ERROR] LogOutputStream:75 - [STDERR_REDIRECT] 
2025-12-17 19:33:09,620 [ERROR] LogOutputStream:75 - [STDERR_REDIRECT] [Fatal Error] :1:1: Premature end of file.
2025-12-17 19:33:09,620 [ERROR] LogOutputStream:75 - [STDERR_REDIRECT] 
2025-12-17 19:33:10,634 [ERROR] LogOutputStream:75 - [STDERR_REDIRECT] [Fatal Error] :1:1: Premature end of file.
2025-12-17 19:33:10,634 [ERROR] LogOutputStream:75 - [STDERR_REDIRECT] 
2025-12-17 19:33:11,615 [ERROR] LogOutputStream:75 - [STDERR_REDIRECT] [Fatal Error] :1:1: Premature end of file.
2025-12-17 19:33:11,615 [ERROR] LogOutputStream:75 - [STDERR_REDIRECT] 
2025-12-17 19:33:12,623 [ERROR] LogOutputStream:75 - [STDERR_REDIRECT] [Fatal Error] :1:1: Premature end of file.
2025-12-17 19:33:12,623 [ERROR] LogOutputStream:75 - [STDERR_REDIRECT] 
2025-12-17 19:33:13,613 [ERROR] LogOutputStream:75 - [STDERR_REDIRECT] [Fatal Error] :1:1: Premature end of file.
2025-12-17 19:33:13,613 [ERROR] LogOutputStream:75 - [STDERR_REDIRECT] 
2025-12-17 19:33:14,613 [ERROR] LogOutputStream:75 - [STDERR_REDIRECT] [Fatal Error] :1:1: Premature end of file.
2025-12-17 19:33:14,615 [ERROR] LogOutputStream:75 - [STDERR_REDIRECT] 
2025-12-17 19:33:15,626 [ERROR] LogOutputStream:75 - [STDERR_REDIRECT] [Fatal Error] :1:1: Premature end of file.
2025-12-17 19:33:15,626 [ERROR] LogOutputStream:75 - [STDERR_REDIRECT] 
2025-12-17 19:33:16,612 [ERROR] LogOutputStream:75 - [STDERR_REDIRECT] [Fatal Error] :1:1: Premature end of file.
2025-12-17 19:33:16,612 [ERROR] LogOutputStream:75 - [STDERR_REDIRECT] 
2025-12-17 19:33:17,632 [ERROR] LogOutputStream:75 - [STDERR_REDIRECT] [Fatal Error] :1:1: Premature end of file.
2025-12-17 19:33:17,632 [ERROR] LogOutputStream:75 - [STDERR_REDIRECT] 
2025-12-17 19:33:18,628 [ERROR] LogOutputStream:75 - [STDERR_REDIRECT] [Fatal Error] :1:1: Premature end of file.
2025-12-17 19:33:18,628 [ERROR] LogOutputStream:75 - [STDERR_REDIRECT] 
2025-12-17 19:33:19,625 [ERROR] LogOutputStream:75 - [STDERR_REDIRECT] [Fatal Error] :1:1: Premature end of file.
2025-12-17 19:33:19,625 [ERROR] LogOutputStream:75 - [STDERR_REDIRECT] 
2025-12-17 19:33:20,627 [ERROR] LogOutputStream:75 - [STDERR_REDIRECT] [Fatal Error] :1:1: Premature end of file.
2025-12-17 19:33:20,627 [ERROR] LogOutputStream:75 - [STDERR_REDIRECT] 
2025-12-17 19:33:21,625 [ERROR] LogOutputStream:75 - [STDERR_REDIRECT] [Fatal Error] :1:1: Premature end of file.
2025-12-17 19:33:21,625 [ERROR] LogOutputStream:75 - [STDERR_REDIRECT] 
2025-12-17 19:33:22,625 [ERROR] LogOutputStream:75 - [STDERR_REDIRECT] [Fatal Error] :1:1: Premature end of file.
2025-12-17 19:33:22,625 [ERROR] LogOutputStream:75 - [STDERR_REDIRECT] 
2025-12-17 19:33:23,623 [ERROR] LogOutputStream:75 - [STDERR_REDIRECT] [Fatal Error] :1:1: Premature end of file.
2025-12-17 19:33:23,623 [ERROR] LogOutputStream:75 - [STDERR_REDIRECT] 
2025-12-17 19:33:24,613 [ERROR] LogOutputStream:75 - [STDERR_REDIRECT] [Fatal Error] :1:1: Premature end of file.
2025-12-17 19:33:24,613 [ERROR] LogOutputStream:75 - [STDERR_REDIRECT] 
2025-12-17 19:33:25,612 [ERROR] LogOutputStream:75 - [STDERR_REDIRECT] [Fatal Error] :1:1: Premature end of file.
2025-12-17 19:33:25,612 [ERROR] LogOutputStream:75 - [STDERR_REDIRECT] 
2025-12-17 19:33:26,612 [ERROR] LogOutputStream:75 - [STDERR_REDIRECT] [Fatal Error] :1:1: Premature end of file.
2025-12-17 19:33:26,613 [ERROR] LogOutputStream:75 - [STDERR_REDIRECT] 
2025-12-17 19:33:27,615 [ERROR] LogOutputStream:75 - [STDERR_REDIRECT] [Fatal Error] :1:1: Premature end of file.
2025-12-17 19:33:27,615 [ERROR] LogOutputStream:75 - [STDERR_REDIRECT] 
2025-12-17 19:33:28,612 [ERROR] LogOutputStream:75 - [STDERR_REDIRECT] [Fatal Error] :1:1: Premature end of file.
2025-12-17 19:33:28,612 [ERROR] LogOutputStream:75 - [STDERR_REDIRECT] 
2025-12-17 19:33:29,629 [ERROR] LogOutputStream:75 - [STDERR_REDIRECT] [Fatal Error] :1:1: Premature end of file.
2025-12-17 19:33:29,629 [ERROR] LogOutputStream:75 - [STDERR_REDIRECT] 
2025-12-17 19:33:30,629 [ERROR] LogOutputStream:75 - [STDERR_REDIRECT] [Fatal Error] :1:1: Premature end of file.
2025-12-17 19:33:30,629 [ERROR] LogOutputStream:75 - [STDERR_REDIRECT] 
2025-12-17 19:33:31,624 [ERROR] LogOutputStream:75 - [STDERR_REDIRECT] [Fatal Error] :1:1: Premature end of file.
2025-12-17 19:33:31,624 [ERROR] LogOutputStream:75 - [STDERR_REDIRECT] 
2025-12-17 19:33:32,626 [ERROR] LogOutputStream:75 - [STDERR_REDIRECT] [Fatal Error] :1:1: Premature end of file.
2025-12-17 19:33:32,627 [ERROR] LogOutputStream:75 - [STDERR_REDIRECT] 
2025-12-17 19:33:33,625 [ERROR] LogOutputStream:75 - [STDERR_REDIRECT] [Fatal Error] :1:1: Premature end of file.
2025-12-17 19:33:33,625 [ERROR] LogOutputStream:75 - [STDERR_REDIRECT] 
2025-12-17 19:33:34,626 [ERROR] LogOutputStream:75 - [STDERR_REDIRECT] [Fatal Error] :1:1: Premature end of file.
2025-12-17 19:33:34,626 [ERROR] LogOutputStream:75 - [STDERR_REDIRECT] 
2025-12-17 19:33:35,623 [ERROR] LogOutputStream:75 - [STDERR_REDIRECT] [Fatal Error] :1:1: Premature end of file.
2025-12-17 19:33:35,623 [ERROR] LogOutputStream:75 - [STDERR_REDIRECT] 
2025-12-17 19:33:36,629 [ERROR] LogOutputStream:75 - [STDERR_REDIRECT] [Fatal Error] :1:1: Premature end of file.
2025-12-17 19:33:36,629 [ERROR] LogOutputStream:75 - [STDERR_REDIRECT] 
2025-12-17 19:33:37,624 [ERROR] LogOutputStream:75 - [STDERR_REDIRECT] [Fatal Error] :1:1: Premature end of file.
2025-12-17 19:33:37,625 [ERROR] LogOutputStream:75 - [STDERR_REDIRECT] 
2025-12-17 19:33:38,635 [ERROR] LogOutputStream:75 - [STDERR_REDIRECT] [Fatal Error] :1:1: Premature end of file.
2025-12-17 19:33:38,635 [ERROR] LogOutputStream:75 - [STDERR_REDIRECT] 
2025-12-17 19:33:39,624 [ERROR] LogOutputStream:75 - [STDERR_REDIRECT] [Fatal Error] :1:1: Premature end of file.
2025-12-17 19:33:39,624 [ERROR] LogOutputStream:75 - [STDERR_REDIRECT] 
2025-12-17 19:33:40,626 [ERROR] LogOutputStream:75 - [STDERR_REDIRECT] [Fatal Error] :1:1: Premature end of file.
2025-12-17 19:33:40,626 [ERROR] LogOutputStream:75 - [STDERR_REDIRECT] 
2025-12-17 19:33:41,624 [ERROR] LogOutputStream:75 - [STDERR_REDIRECT] [Fatal Error] :1:1: Premature end of file.
2025-12-17 19:33:41,624 [ERROR] LogOutputStream:75 - [STDERR_REDIRECT] 
2025-12-17 19:33:42,622 [ERROR] LogOutputStream:75 - [STDERR_REDIRECT] [Fatal Error] :1:1: Premature end of file.
2025-12-17 19:33:42,622 [ERROR] LogOutputStream:75 - [STDERR_REDIRECT] 
2025-12-17 19:33:43,635 [ERROR] LogOutputStream:75 - [STDERR_REDIRECT] [Fatal Error] :1:1: Premature end of file.
2025-12-17 19:33:43,635 [ERROR] LogOutputStream:75 - [STDERR_REDIRECT] 
2025-12-17 19:33:44,625 [ERROR] LogOutputStream:75 - [STDERR_REDIRECT] [Fatal Error] :1:1: Premature end of file.
2025-12-17 19:33:44,625 [ERROR] LogOutputStream:75 - [STDERR_REDIRECT] 
2025-12-17 19:33:45,622 [ERROR] LogOutputStream:75 - [STDERR_REDIRECT] [Fatal Error] :1:1: Premature end of file.
2025-12-17 19:33:45,622 [ERROR] LogOutputStream:75 - [STDERR_REDIRECT] 
2025-12-17 19:33:46,625 [ERROR] LogOutputStream:75 - [STDERR_REDIRECT] [Fatal Error] :1:1: Premature end of file.
2025-12-17 19:33:46,625 [ERROR] LogOutputStream:75 - [STDERR_REDIRECT] 
2025-12-17 19:33:47,623 [ERROR] LogOutputStream:75 - [STDERR_REDIRECT] [Fatal Error] :1:1: Premature end of file.
2025-12-17 19:33:47,623 [ERROR] LogOutputStream:75 - [STDERR_REDIRECT] 
2025-12-17 19:33:48,628 [ERROR] LogOutputStream:75 - [STDERR_REDIRECT] [Fatal Error] :1:1: Premature end of file.
2025-12-17 19:33:48,628 [ERROR] LogOutputStream:75 - [STDERR_REDIRECT] 
2025-12-17 19:33:49,643 [ERROR] LogOutputStream:75 - [STDERR_REDIRECT] [Fatal Error] :1:1: Premature end of file.
2025-12-17 19:33:49,643 [ERROR] LogOutputStream:75 - [STDERR_REDIRECT] 
2025-12-17 19:33:50,638 [ERROR] LogOutputStream:75 - [STDERR_REDIRECT] [Fatal Error] :1:1: Premature end of file.
2025-12-17 19:33:50,639 [ERROR] LogOutputStream:75 - [STDERR_REDIRECT] 
2025-12-17 19:33:51,621 [ERROR] LogOutputStream:75 - [STDERR_REDIRECT] [Fatal Error] :1:1: Premature end of file.
2025-12-17 19:33:51,621 [ERROR] LogOutputStream:75 - [STDERR_REDIRECT] 
2025-12-17 19:33:52,623 [ERROR] LogOutputStream:75 - [STDERR_REDIRECT] [Fatal Error] :1:1: Premature end of file.
2025-12-17 19:33:52,624 [ERROR] LogOutputStream:75 - [STDERR_REDIRECT] 
2025-12-17 19:33:53,624 [ERROR] LogOutputStream:75 - [STDERR_REDIRECT] [Fatal Error] :1:1: Premature end of file.
2025-12-17 19:33:53,624 [ERROR] LogOutputStream:75 - [STDERR_REDIRECT] 
2025-12-17 19:33:54,624 [ERROR] LogOutputStream:75 - [STDERR_REDIRECT] [Fatal Error] :1:1: Premature end of file.
2025-12-17 19:33:54,624 [ERROR] LogOutputStream:75 - [STDERR_REDIRECT] 
2025-12-17 19:33:55,626 [ERROR] LogOutputStream:75 - [STDERR_REDIRECT] [Fatal Error] :1:1: Premature end of file.
2025-12-17 19:33:55,626 [ERROR] LogOutputStream:75 - [STDERR_REDIRECT] 
2025-12-17 19:33:56,624 [ERROR] LogOutputStream:75 - [STDERR_REDIRECT] [Fatal Error] :1:1: Premature end of file.
2025-12-17 19:33:56,625 [ERROR] LogOutputStream:75 - [STDERR_REDIRECT] 
2025-12-17 19:33:57,623 [ERROR] LogOutputStream:75 - [STDERR_REDIRECT] [Fatal Error] :1:1: Premature end of file.
2025-12-17 19:33:57,623 [ERROR] LogOutputStream:75 - [STDERR_REDIRECT] 
2025-12-17 19:33:58,624 [ERROR] LogOutputStream:75 - [STDERR_REDIRECT] [Fatal Error] :1:1: Premature end of file.
2025-12-17 19:33:58,624 [ERROR] LogOutputStream:75 - [STDERR_REDIRECT] 
2025-12-17 19:33:59,625 [ERROR] LogOutputStream:75 - [STDERR_REDIRECT] [Fatal Error] :1:1: Premature end of file.
2025-12-17 19:33:59,625 [ERROR] LogOutputStream:75 - [STDERR_REDIRECT] 
2025-12-17 19:34:00,620 [ERROR] LogOutputStream:75 - [STDERR_REDIRECT] [Fatal Error] :1:1: Premature end of file.
2025-12-17 19:34:00,620 [ERROR] LogOutputStream:75 - [STDERR_REDIRECT] 
2025-12-17 19:34:01,626 [ERROR] LogOutputStream:75 - [STDERR_REDIRECT] [Fatal Error] :1:1: Premature end of file.
2025-12-17 19:34:01,626 [ERROR] LogOutputStream:75 - [STDERR_REDIRECT] 
2025-12-17 19:34:02,622 [ERROR] LogOutputStream:75 - [STDERR_REDIRECT] [Fatal Error] :1:1: Premature end of file.
2025-12-17 19:34:02,622 [ERROR] LogOutputStream:75 - [STDERR_REDIRECT] 
2025-12-17 19:34:03,629 [ERROR] LogOutputStream:75 - [STDERR_REDIRECT] [Fatal Error] :1:1: Premature end of file.
2025-12-17 19:34:03,629 [ERROR] LogOutputStream:75 - [STDERR_REDIRECT] 
2025-12-17 19:34:04,624 [ERROR] LogOutputStream:75 - [STDERR_REDIRECT] [Fatal Error] :1:1: Premature end of file.
2025-12-17 19:34:04,625 [ERROR] LogOutputStream:75 - [STDERR_REDIRECT] 
2025-12-17 19:34:05,622 [ERROR] LogOutputStream:75 - [STDERR_REDIRECT] [Fatal Error] :1:1: Premature end of file.
2025-12-17 19:34:05,622 [ERROR] LogOutputStream:75 - [STDERR_REDIRECT] 
2025-12-17 19:34:06,623 [ERROR] LogOutputStream:75 - [STDERR_REDIRECT] [Fatal Error] :1:1: Premature end of file.
2025-12-17 19:34:06,623 [ERROR] LogOutputStream:75 - [STDERR_REDIRECT] 
2025-12-17 19:34:07,625 [ERROR] LogOutputStream:75 - [STDERR_REDIRECT] [Fatal Error] :1:1: Premature end of file.
2025-12-17 19:34:07,626 [ERROR] LogOutputStream:75 - [STDERR_REDIRECT] 
2025-12-17 19:34:08,626 [ERROR] LogOutputStream:75 - [STDERR_REDIRECT] [Fatal Error] :1:1: Premature end of file.
2025-12-17 19:34:08,627 [ERROR] LogOutputStream:75 - [STDERR_REDIRECT] 
2025-12-17 19:34:09,626 [ERROR] LogOutputStream:75 - [STDERR_REDIRECT] [Fatal Error] :1:1: Premature end of file.
2025-12-17 19:34:09,626 [ERROR] LogOutputStream:75 - [STDERR_REDIRECT] 
2025-12-17 19:34:10,629 [ERROR] LogOutputStream:75 - [STDERR_REDIRECT] [Fatal Error] :1:1: Premature end of file.
2025-12-17 19:34:10,629 [ERROR] LogOutputStream:75 - [STDERR_REDIRECT] 
2025-12-17 19:34:11,623 [ERROR] LogOutputStream:75 - [STDERR_REDIRECT] [Fatal Error] :1:1: Premature end of file.
2025-12-17 19:34:11,624 [ERROR] LogOutputStream:75 - [STDERR_REDIRECT] 
2025-12-17 19:34:12,621 [ERROR] LogOutputStream:75 - [STDERR_REDIRECT] [Fatal Error] :1:1: Premature end of file.
2025-12-17 19:34:12,621 [ERROR] LogOutputStream:75 - [STDERR_REDIRECT] 
2025-12-17 19:34:13,623 [ERROR] LogOutputStream:75 - [STDERR_REDIRECT] [Fatal Error] :1:1: Premature end of file.
2025-12-17 19:34:13,623 [ERROR] LogOutputStream:75 - [STDERR_REDIRECT] 
2025-12-17 19:34:14,623 [ERROR] LogOutputStream:75 - [STDERR_REDIRECT] [Fatal Error] :1:1: Premature end of file.
2025-12-17 19:34:14,624 [ERROR] LogOutputStream:75 - [STDERR_REDIRECT] 
2025-12-17 19:34:15,623 [ERROR] LogOutputStream:75 - [STDERR_REDIRECT] [Fatal Error] :1:1: Premature end of file.
2025-12-17 19:34:15,623 [ERROR] LogOutputStream:75 - [STDERR_REDIRECT] 
2025-12-17 19:34:16,622 [ERROR] LogOutputStream:75 - [STDERR_REDIRECT] [Fatal Error] :1:1: Premature end of file.
2025-12-17 19:34:16,623 [ERROR] LogOutputStream:75 - [STDERR_REDIRECT] 
2025-12-17 19:34:17,623 [ERROR] LogOutputStream:75 - [STDERR_REDIRECT] [Fatal Error] :1:1: Premature end of file.
2025-12-17 19:34:17,623 [ERROR] LogOutputStream:75 - [STDERR_REDIRECT] 
2025-12-17 19:34:18,623 [ERROR] LogOutputStream:75 - [STDERR_REDIRECT] [Fatal Error] :1:1: Premature end of file.
2025-12-17 19:34:18,623 [ERROR] LogOutputStream:75 - [STDERR_REDIRECT] 
2025-12-17 19:34:19,627 [ERROR] LogOutputStream:75 - [STDERR_REDIRECT] [Fatal Error] :1:1: Premature end of file.
2025-12-17 19:34:19,628 [ERROR] LogOutputStream:75 - [STDERR_REDIRECT] 
2025-12-17 19:34:20,625 [ERROR] LogOutputStream:75 - [STDERR_REDIRECT] [Fatal Error] :1:1: Premature end of file.
2025-12-17 19:34:20,626 [ERROR] LogOutputStream:75 - [STDERR_REDIRECT] 
2025-12-17 19:34:21,625 [ERROR] LogOutputStream:75 - [STDERR_REDIRECT] [Fatal Error] :1:1: Premature end of file.
2025-12-17 19:34:21,626 [ERROR] LogOutputStream:75 - [STDERR_REDIRECT] 
2025-12-17 19:34:22,621 [ERROR] LogOutputStream:75 - [STDERR_REDIRECT] [Fatal Error] :1:1: Premature end of file.
2025-12-17 19:34:22,621 [ERROR] LogOutputStream:75 - [STDERR_REDIRECT] 
2025-12-17 19:34:23,624 [ERROR] LogOutputStream:75 - [STDERR_REDIRECT] [Fatal Error] :1:1: Premature end of file.
2025-12-17 19:34:23,624 [ERROR] LogOutputStream:75 - [STDERR_REDIRECT] 
2025-12-17 19:34:24,624 [ERROR] LogOutputStream:75 - [STDERR_REDIRECT] [Fatal Error] :1:1: Premature end of file.
2025-12-17 19:34:24,625 [ERROR] LogOutputStream:75 - [STDERR_REDIRECT] 
2025-12-17 19:34:25,622 [ERROR] LogOutputStream:75 - [STDERR_REDIRECT] [Fatal Error] :1:1: Premature end of file.
2025-12-17 19:34:25,623 [ERROR] LogOutputStream:75 - [STDERR_REDIRECT] 
2025-12-17 19:34:26,624 [ERROR] LogOutputStream:75 - [STDERR_REDIRECT] [Fatal Error] :1:1: Premature end of file.
2025-12-17 19:34:26,624 [ERROR] LogOutputStream:75 - [STDERR_REDIRECT] 
2025-12-17 19:34:27,624 [ERROR] LogOutputStream:75 - [STDERR_REDIRECT] [Fatal Error] :1:1: Premature end of file.
2025-12-17 19:34:27,624 [ERROR] LogOutputStream:75 - [STDERR_REDIRECT] 
2025-12-17 19:34:28,623 [ERROR] LogOutputStream:75 - [STDERR_REDIRECT] [Fatal Error] :1:1: Premature end of file.
2025-12-17 19:34:28,623 [ERROR] LogOutputStream:75 - [STDERR_REDIRECT] 
2025-12-17 19:34:29,628 [ERROR] LogOutputStream:75 - [STDERR_REDIRECT] [Fatal Error] :1:1: Premature end of file.
2025-12-17 19:34:29,628 [ERROR] LogOutputStream:75 - [STDERR_REDIRECT] 
2025-12-17 19:34:30,628 [ERROR] LogOutputStream:75 - [STDERR_REDIRECT] [Fatal Error] :1:1: Premature end of file.
2025-12-17 19:34:30,628 [ERROR] LogOutputStream:75 - [STDERR_REDIRECT] 
2025-12-17 19:34:31,622 [ERROR] LogOutputStream:75 - [STDERR_REDIRECT] [Fatal Error] :1:1: Premature end of file.
2025-12-17 19:34:31,622 [ERROR] LogOutputStream:75 - [STDERR_REDIRECT] 
2025-12-17 19:34:32,627 [ERROR] LogOutputStream:75 - [STDERR_REDIRECT] [Fatal Error] :1:1: Premature end of file.
2025-12-17 19:34:32,628 [ERROR] LogOutputStream:75 - [STDERR_REDIRECT] 
2025-12-17 19:34:33,624 [ERROR] LogOutputStream:75 - [STDERR_REDIRECT] [Fatal Error] :1:1: Premature end of file.
2025-12-17 19:34:33,624 [ERROR] LogOutputStream:75 - [STDERR_REDIRECT] 
2025-12-17 19:34:34,623 [ERROR] LogOutputStream:75 - [STDERR_REDIRECT] [Fatal Error] :1:1: Premature end of file.
2025-12-17 19:34:34,623 [ERROR] LogOutputStream:75 - [STDERR_REDIRECT] 
2025-12-17 19:34:35,626 [ERROR] LogOutputStream:75 - [STDERR_REDIRECT] [Fatal Error] :1:1: Premature end of file.
2025-12-17 19:34:35,626 [ERROR] LogOutputStream:75 - [STDERR_REDIRECT] 
2025-12-17 19:34:36,621 [ERROR] LogOutputStream:75 - [STDERR_REDIRECT] [Fatal Error] :1:1: Premature end of file.
2025-12-17 19:34:36,621 [ERROR] LogOutputStream:75 - [STDERR_REDIRECT] 
2025-12-17 19:34:37,615 [ERROR] LogOutputStream:75 - [STDERR_REDIRECT] [Fatal Error] :1:1: Premature end of file.
2025-12-17 19:34:37,615 [ERROR] LogOutputStream:75 - [STDERR_REDIRECT] 
2025-12-17 19:34:38,625 [ERROR] LogOutputStream:75 - [STDERR_REDIRECT] [Fatal Error] :1:1: Premature end of file.
2025-12-17 19:34:38,625 [ERROR] LogOutputStream:75 - [STDERR_REDIRECT] 
2025-12-17 19:34:39,622 [ERROR] LogOutputStream:75 - [STDERR_REDIRECT] [Fatal Error] :1:1: Premature end of file.
2025-12-17 19:34:39,622 [ERROR] LogOutputStream:75 - [STDERR_REDIRECT] 
2025-12-17 19:34:40,627 [ERROR] LogOutputStream:75 - [STDERR_REDIRECT] [Fatal Error] :1:1: Premature end of file.
2025-12-17 19:34:40,627 [ERROR] LogOutputStream:75 - [STDERR_REDIRECT] 
2025-12-17 19:34:41,637 [ERROR] LogOutputStream:75 - [STDERR_REDIRECT] [Fatal Error] :1:1: Premature end of file.
2025-12-17 19:34:41,638 [ERROR] LogOutputStream:75 - [STDERR_REDIRECT] 
2025-12-17 19:34:42,625 [ERROR] LogOutputStream:75 - [STDERR_REDIRECT] [Fatal Error] :1:1: Premature end of file.
2025-12-17 19:34:42,625 [ERROR] LogOutputStream:75 - [STDERR_REDIRECT] 
2025-12-17 19:34:43,625 [ERROR] LogOutputStream:75 - [STDERR_REDIRECT] [Fatal Error] :1:1: Premature end of file.
2025-12-17 19:34:43,626 [ERROR] LogOutputStream:75 - [STDERR_REDIRECT] 
2025-12-17 19:34:44,625 [ERROR] LogOutputStream:75 - [STDERR_REDIRECT] [Fatal Error] :1:1: Premature end of file.
2025-12-17 19:34:44,625 [ERROR] LogOutputStream:75 - [STDERR_REDIRECT] 
2025-12-17 19:34:45,623 [ERROR] LogOutputStream:75 - [STDERR_REDIRECT] [Fatal Error] :1:1: Premature end of file.
2025-12-17 19:34:45,623 [ERROR] LogOutputStream:75 - [STDERR_REDIRECT] 
2025-12-17 19:34:46,627 [ERROR] LogOutputStream:75 - [STDERR_REDIRECT] [Fatal Error] :1:1: Premature end of file.
2025-12-17 19:34:46,627 [ERROR] LogOutputStream:75 - [STDERR_REDIRECT] 
2025-12-17 19:34:47,630 [ERROR] LogOutputStream:75 - [STDERR_REDIRECT] [Fatal Error] :1:1: Premature end of file.
2025-12-17 19:34:47,630 [ERROR] LogOutputStream:75 - [STDERR_REDIRECT] 
2025-12-17 19:34:48,624 [ERROR] LogOutputStream:75 - [STDERR_REDIRECT] [Fatal Error] :1:1: Premature end of file.
2025-12-17 19:34:48,624 [ERROR] LogOutputStream:75 - [STDERR_REDIRECT] 
2025-12-17 19:34:49,623 [ERROR] LogOutputStream:75 - [STDERR_REDIRECT] [Fatal Error] :1:1: Premature end of file.
2025-12-17 19:34:49,623 [ERROR] LogOutputStream:75 - [STDERR_REDIRECT] 
2025-12-17 19:34:50,623 [ERROR] LogOutputStream:75 - [STDERR_REDIRECT] [Fatal Error] :1:1: Premature end of file.
2025-12-17 19:34:50,623 [ERROR] LogOutputStream:75 - [STDERR_REDIRECT] 
2025-12-17 19:34:51,621 [ERROR] LogOutputStream:75 - [STDERR_REDIRECT] [Fatal Error] :1:1: Premature end of file.
2025-12-17 19:34:51,622 [ERROR] LogOutputStream:75 - [STDERR_REDIRECT] 
2025-12-17 19:34:52,626 [ERROR] LogOutputStream:75 - [STDERR_REDIRECT] [Fatal Error] :1:1: Premature end of file.
2025-12-17 19:34:52,627 [ERROR] LogOutputStream:75 - [STDERR_REDIRECT] 
2025-12-17 19:34:53,621 [ERROR] LogOutputStream:75 - [STDERR_REDIRECT] [Fatal Error] :1:1: Premature end of file.
2025-12-17 19:34:53,621 [ERROR] LogOutputStream:75 - [STDERR_REDIRECT] 
2025-12-17 19:34:54,625 [ERROR] LogOutputStream:75 - [STDERR_REDIRECT] [Fatal Error] :1:1: Premature end of file.
2025-12-17 19:34:54,626 [ERROR] LogOutputStream:75 - [STDERR_REDIRECT] 
2025-12-17 19:34:55,630 [ERROR] LogOutputStream:75 - [STDERR_REDIRECT] [Fatal Error] :1:1: Premature end of file.
2025-12-17 19:34:55,630 [ERROR] LogOutputStream:75 - [STDERR_REDIRECT] 
2025-12-17 19:34:56,611 [ERROR] LogOutputStream:75 - [STDERR_REDIRECT] [Fatal Error] :1:1: Premature end of file.
2025-12-17 19:34:56,611 [ERROR] LogOutputStream:75 - [STDERR_REDIRECT] 
2025-12-17 19:34:57,625 [ERROR] LogOutputStream:75 - [STDERR_REDIRECT] [Fatal Error] :1:1: Premature end of file.
2025-12-17 19:34:57,625 [ERROR] LogOutputStream:75 - [STDERR_REDIRECT] 
2025-12-17 19:34:58,633 [ERROR] LogOutputStream:75 - [STDERR_REDIRECT] [Fatal Error] :1:1: Premature end of file.
2025-12-17 19:34:58,633 [ERROR] LogOutputStream:75 - [STDERR_REDIRECT] 
2025-12-17 19:34:59,625 [ERROR] LogOutputStream:75 - [STDERR_REDIRECT] [Fatal Error] :1:1: Premature end of file.
2025-12-17 19:34:59,625 [ERROR] LogOutputStream:75 - [STDERR_REDIRECT] 
2025-12-17 19:35:00,631 [ERROR] LogOutputStream:75 - [STDERR_REDIRECT] [Fatal Error] :1:1: Premature end of file.
2025-12-17 19:35:00,631 [ERROR] LogOutputStream:75 - [STDERR_REDIRECT] 
2025-12-17 19:35:01,630 [ERROR] LogOutputStream:75 - [STDERR_REDIRECT] [Fatal Error] :1:1: Premature end of file.
2025-12-17 19:35:01,630 [ERROR] LogOutputStream:75 - [STDERR_REDIRECT] 
2025-12-17 19:35:02,623 [ERROR] LogOutputStream:75 - [STDERR_REDIRECT] [Fatal Error] :1:1: Premature end of file.
2025-12-17 19:35:02,623 [ERROR] LogOutputStream:75 - [STDERR_REDIRECT] 
2025-12-17 19:35:03,623 [ERROR] LogOutputStream:75 - [STDERR_REDIRECT] [Fatal Error] :1:1: Premature end of file.
2025-12-17 19:35:03,624 [ERROR] LogOutputStream:75 - [STDERR_REDIRECT] 
2025-12-17 19:35:04,626 [ERROR] LogOutputStream:75 - [STDERR_REDIRECT] [Fatal Error] :1:1: Premature end of file.
2025-12-17 19:35:04,626 [ERROR] LogOutputStream:75 - [STDERR_REDIRECT] 
2025-12-17 19:35:05,621 [ERROR] LogOutputStream:75 - [STDERR_REDIRECT] [Fatal Error] :1:1: Premature end of file.
2025-12-17 19:35:05,622 [ERROR] LogOutputStream:75 - [STDERR_REDIRECT] 
2025-12-17 19:35:06,628 [ERROR] LogOutputStream:75 - [STDERR_REDIRECT] [Fatal Error] :1:1: Premature end of file.
2025-12-17 19:35:06,628 [ERROR] LogOutputStream:75 - [STDERR_REDIRECT] 
2025-12-17 19:35:07,626 [ERROR] LogOutputStream:75 - [STDERR_REDIRECT] [Fatal Error] :1:1: Premature end of file.
2025-12-17 19:35:07,626 [ERROR] LogOutputStream:75 - [STDERR_REDIRECT] 
2025-12-17 19:35:08,632 [ERROR] LogOutputStream:75 - [STDERR_REDIRECT] [Fatal Error] :1:1: Premature end of file.
2025-12-17 19:35:08,632 [ERROR] LogOutputStream:75 - [STDERR_REDIRECT] 
2025-12-17 19:35:09,622 [ERROR] LogOutputStream:75 - [STDERR_REDIRECT] [Fatal Error] :1:1: Premature end of file.
2025-12-17 19:35:09,623 [ERROR] LogOutputStream:75 - [STDERR_REDIRECT] 
2025-12-17 19:35:10,632 [ERROR] LogOutputStream:75 - [STDERR_REDIRECT] [Fatal Error] :1:1: Premature end of file.
2025-12-17 19:35:10,632 [ERROR] LogOutputStream:75 - [STDERR_REDIRECT] 
2025-12-17 19:35:11,623 [ERROR] LogOutputStream:75 - [STDERR_REDIRECT] [Fatal Error] :1:1: Premature end of file.
2025-12-17 19:35:11,624 [ERROR] LogOutputStream:75 - [STDERR_REDIRECT] 
2025-12-17 19:35:12,624 [ERROR] LogOutputStream:75 - [STDERR_REDIRECT] [Fatal Error] :1:1: Premature end of file.
2025-12-17 19:35:12,624 [ERROR] LogOutputStream:75 - [STDERR_REDIRECT] 
2025-12-17 19:35:13,624 [ERROR] LogOutputStream:75 - [STDERR_REDIRECT] [Fatal Error] :1:1: Premature end of file.
2025-12-17 19:35:13,624 [ERROR] LogOutputStream:75 - [STDERR_REDIRECT] 
2025-12-17 19:35:14,624 [ERROR] LogOutputStream:75 - [STDERR_REDIRECT] [Fatal Error] :1:1: Premature end of file.
2025-12-17 19:35:14,624 [ERROR] LogOutputStream:75 - [STDERR_REDIRECT] 
2025-12-17 19:35:15,631 [ERROR] LogOutputStream:75 - [STDERR_REDIRECT] [Fatal Error] :1:1: Premature end of file.
2025-12-17 19:35:15,631 [ERROR] LogOutputStream:75 - [STDERR_REDIRECT] 
2025-12-17 19:35:16,633 [ERROR] LogOutputStream:75 - [STDERR_REDIRECT] [Fatal Error] :1:1: Premature end of file.
2025-12-17 19:35:16,633 [ERROR] LogOutputStream:75 - [STDERR_REDIRECT] 
2025-12-17 19:35:17,629 [ERROR] LogOutputStream:75 - [STDERR_REDIRECT] [Fatal Error] :1:1: Premature end of file.
2025-12-17 19:35:17,629 [ERROR] LogOutputStream:75 - [STDERR_REDIRECT] 
2025-12-17 19:35:18,623 [ERROR] LogOutputStream:75 - [STDERR_REDIRECT] [Fatal Error] :1:1: Premature end of file.
2025-12-17 19:35:18,623 [ERROR] LogOutputStream:75 - [STDERR_REDIRECT] 
2025-12-17 19:35:19,623 [ERROR] LogOutputStream:75 - [STDERR_REDIRECT] [Fatal Error] :1:1: Premature end of file.
2025-12-17 19:35:19,623 [ERROR] LogOutputStream:75 - [STDERR_REDIRECT] 
2025-12-17 19:35:20,624 [ERROR] LogOutputStream:75 - [STDERR_REDIRECT] [Fatal Error] :1:1: Premature end of file.
2025-12-17 19:35:20,624 [ERROR] LogOutputStream:75 - [STDERR_REDIRECT] 
2025-12-17 19:35:21,621 [ERROR] LogOutputStream:75 - [STDERR_REDIRECT] [Fatal Error] :1:1: Premature end of file.
2025-12-17 19:35:21,621 [ERROR] LogOutputStream:75 - [STDERR_REDIRECT] 
2025-12-17 19:35:22,622 [ERROR] LogOutputStream:75 - [STDERR_REDIRECT] [Fatal Error] :1:1: Premature end of file.
2025-12-17 19:35:22,622 [ERROR] LogOutputStream:75 - [STDERR_REDIRECT] 
2025-12-17 19:35:23,623 [ERROR] LogOutputStream:75 - [STDERR_REDIRECT] [Fatal Error] :1:1: Premature end of file.
2025-12-17 19:35:23,623 [ERROR] LogOutputStream:75 - [STDERR_REDIRECT] 
2025-12-17 19:35:24,626 [ERROR] LogOutputStream:75 - [STDERR_REDIRECT] [Fatal Error] :1:1: Premature end of file.
2025-12-17 19:35:24,627 [ERROR] LogOutputStream:75 - [STDERR_REDIRECT] 
2025-12-17 19:35:25,641 [ERROR] LogOutputStream:75 - [STDERR_REDIRECT] [Fatal Error] :1:1: Premature end of file.
2025-12-17 19:35:25,641 [ERROR] LogOutputStream:75 - [STDERR_REDIRECT] 
2025-12-17 19:35:26,629 [ERROR] LogOutputStream:75 - [STDERR_REDIRECT] [Fatal Error] :1:1: Premature end of file.
2025-12-17 19:35:26,629 [ERROR] LogOutputStream:75 - [STDERR_REDIRECT] 
2025-12-17 19:35:27,623 [ERROR] LogOutputStream:75 - [STDERR_REDIRECT] [Fatal Error] :1:1: Premature end of file.
2025-12-17 19:35:27,623 [ERROR] LogOutputStream:75 - [STDERR_REDIRECT] 
2025-12-17 19:35:28,622 [ERROR] LogOutputStream:75 - [STDERR_REDIRECT] [Fatal Error] :1:1: Premature end of file.
2025-12-17 19:35:28,623 [ERROR] LogOutputStream:75 - [STDERR_REDIRECT] 
2025-12-17 19:35:29,620 [ERROR] LogOutputStream:75 - [STDERR_REDIRECT] [Fatal Error] :1:1: Premature end of file.
2025-12-17 19:35:29,620 [ERROR] LogOutputStream:75 - [STDERR_REDIRECT] 
2025-12-17 19:35:30,622 [ERROR] LogOutputStream:75 - [STDERR_REDIRECT] [Fatal Error] :1:1: Premature end of file.
2025-12-17 19:35:30,622 [ERROR] LogOutputStream:75 - [STDERR_REDIRECT] 
2025-12-17 19:35:31,623 [ERROR] LogOutputStream:75 - [STDERR_REDIRECT] [Fatal Error] :1:1: Premature end of file.
2025-12-17 19:35:31,623 [ERROR] LogOutputStream:75 - [STDERR_REDIRECT] 
2025-12-17 19:35:32,623 [ERROR] LogOutputStream:75 - [STDERR_REDIRECT] [Fatal Error] :1:1: Premature end of file.
2025-12-17 19:35:32,623 [ERROR] LogOutputStream:75 - [STDERR_REDIRECT] 
2025-12-17 19:35:33,625 [ERROR] LogOutputStream:75 - [STDERR_REDIRECT] [Fatal Error] :1:1: Premature end of file.
2025-12-17 19:35:33,625 [ERROR] LogOutputStream:75 - [STDERR_REDIRECT] 
2025-12-17 19:35:34,627 [ERROR] LogOutputStream:75 - [STDERR_REDIRECT] [Fatal Error] :1:1: Premature end of file.
2025-12-17 19:35:34,627 [ERROR] LogOutputStream:75 - [STDERR_REDIRECT] 
2025-12-17 19:35:35,622 [ERROR] LogOutputStream:75 - [STDERR_REDIRECT] [Fatal Error] :1:1: Premature end of file.
2025-12-17 19:35:35,622 [ERROR] LogOutputStream:75 - [STDERR_REDIRECT] 
2025-12-17 19:35:36,640 [ERROR] LogOutputStream:75 - [STDERR_REDIRECT] [Fatal Error] :1:1: Premature end of file.
2025-12-17 19:35:36,640 [ERROR] LogOutputStream:75 - [STDERR_REDIRECT] 
2025-12-17 19:35:37,623 [ERROR] LogOutputStream:75 - [STDERR_REDIRECT] [Fatal Error] :1:1: Premature end of file.
2025-12-17 19:35:37,623 [ERROR] LogOutputStream:75 - [STDERR_REDIRECT] 
2025-12-17 19:35:38,639 [ERROR] LogOutputStream:75 - [STDERR_REDIRECT] [Fatal Error] :1:1: Premature end of file.
2025-12-17 19:35:38,640 [ERROR] LogOutputStream:75 - [STDERR_REDIRECT] 
2025-12-17 19:35:39,639 [ERROR] LogOutputStream:75 - [STDERR_REDIRECT] [Fatal Error] :1:1: Premature end of file.
2025-12-17 19:35:39,639 [ERROR] LogOutputStream:75 - [STDERR_REDIRECT] 
2025-12-17 19:35:40,631 [ERROR] LogOutputStream:75 - [STDERR_REDIRECT] [Fatal Error] :1:1: Premature end of file.
2025-12-17 19:35:40,631 [ERROR] LogOutputStream:75 - [STDERR_REDIRECT] 
2025-12-17 19:35:41,618 [ERROR] LogOutputStream:75 - [STDERR_REDIRECT] [Fatal Error] :1:1: Premature end of file.
2025-12-17 19:35:41,619 [ERROR] LogOutputStream:75 - [STDERR_REDIRECT] 
2025-12-17 19:35:42,622 [ERROR] LogOutputStream:75 - [STDERR_REDIRECT] [Fatal Error] :1:1: Premature end of file.
2025-12-17 19:35:42,623 [ERROR] LogOutputStream:75 - [STDERR_REDIRECT] 
2025-12-17 19:35:43,630 [ERROR] LogOutputStream:75 - [STDERR_REDIRECT] [Fatal Error] :1:1: Premature end of file.
2025-12-17 19:35:43,630 [ERROR] LogOutputStream:75 - [STDERR_REDIRECT] 
2025-12-17 19:35:44,623 [ERROR] LogOutputStream:75 - [STDERR_REDIRECT] [Fatal Error] :1:1: Premature end of file.
2025-12-17 19:35:44,623 [ERROR] LogOutputStream:75 - [STDERR_REDIRECT] 
2025-12-17 19:35:45,624 [ERROR] LogOutputStream:75 - [STDERR_REDIRECT] [Fatal Error] :1:1: Premature end of file.
2025-12-17 19:35:45,624 [ERROR] LogOutputStream:75 - [STDERR_REDIRECT] 
2025-12-17 19:35:46,626 [ERROR] LogOutputStream:75 - [STDERR_REDIRECT] [Fatal Error] :1:1: Premature end of file.
2025-12-17 19:35:46,626 [ERROR] LogOutputStream:75 - [STDERR_REDIRECT] 
2025-12-17 19:35:47,638 [ERROR] LogOutputStream:75 - [STDERR_REDIRECT] [Fatal Error] :1:1: Premature end of file.
2025-12-17 19:35:47,638 [ERROR] LogOutputStream:75 - [STDERR_REDIRECT] 
2025-12-17 19:35:48,628 [ERROR] LogOutputStream:75 - [STDERR_REDIRECT] [Fatal Error] :1:1: Premature end of file.
2025-12-17 19:35:48,628 [ERROR] LogOutputStream:75 - [STDERR_REDIRECT] 
2025-12-17 19:35:49,624 [ERROR] LogOutputStream:75 - [STDERR_REDIRECT] [Fatal Error] :1:1: Premature end of file.
2025-12-17 19:35:49,624 [ERROR] LogOutputStream:75 - [STDERR_REDIRECT] 
2025-12-17 19:35:50,622 [ERROR] LogOutputStream:75 - [STDERR_REDIRECT] [Fatal Error] :1:1: Premature end of file.
2025-12-17 19:35:50,622 [ERROR] LogOutputStream:75 - [STDERR_REDIRECT] 
2025-12-17 19:35:51,622 [ERROR] LogOutputStream:75 - [STDERR_REDIRECT] [Fatal Error] :1:1: Premature end of file.
2025-12-17 19:35:51,623 [ERROR] LogOutputStream:75 - [STDERR_REDIRECT] 
2025-12-17 19:35:52,629 [ERROR] LogOutputStream:75 - [STDERR_REDIRECT] [Fatal Error] :1:1: Premature end of file.
2025-12-17 19:35:52,629 [ERROR] LogOutputStream:75 - [STDERR_REDIRECT] 
2025-12-17 19:35:53,623 [ERROR] LogOutputStream:75 - [STDERR_REDIRECT] [Fatal Error] :1:1: Premature end of file.
2025-12-17 19:35:53,623 [ERROR] LogOutputStream:75 - [STDERR_REDIRECT] 
2025-12-17 19:35:54,624 [ERROR] LogOutputStream:75 - [STDERR_REDIRECT] [Fatal Error] :1:1: Premature end of file.
2025-12-17 19:35:54,624 [ERROR] LogOutputStream:75 - [STDERR_REDIRECT] 
2025-12-17 19:35:55,625 [ERROR] LogOutputStream:75 - [STDERR_REDIRECT] [Fatal Error] :1:1: Premature end of file.
2025-12-17 19:35:55,625 [ERROR] LogOutputStream:75 - [STDERR_REDIRECT] 
2025-12-17 19:35:56,630 [ERROR] LogOutputStream:75 - [STDERR_REDIRECT] [Fatal Error] :1:1: Premature end of file.
2025-12-17 19:35:56,631 [ERROR] LogOutputStream:75 - [STDERR_REDIRECT] 
2025-12-17 19:35:57,623 [ERROR] LogOutputStream:75 - [STDERR_REDIRECT] [Fatal Error] :1:1: Premature end of file.
2025-12-17 19:35:57,624 [ERROR] LogOutputStream:75 - [STDERR_REDIRECT] 
2025-12-17 19:35:58,622 [ERROR] LogOutputStream:75 - [STDERR_REDIRECT] [Fatal Error] :1:1: Premature end of file.
2025-12-17 19:35:58,622 [ERROR] LogOutputStream:75 - [STDERR_REDIRECT] 
2025-12-17 19:35:59,623 [ERROR] LogOutputStream:75 - [STDERR_REDIRECT] [Fatal Error] :1:1: Premature end of file.
2025-12-17 19:35:59,623 [ERROR] LogOutputStream:75 - [STDERR_REDIRECT] 
2025-12-17 19:36:00,623 [ERROR] LogOutputStream:75 - [STDERR_REDIRECT] [Fatal Error] :1:1: Premature end of file.
2025-12-17 19:36:00,624 [ERROR] LogOutputStream:75 - [STDERR_REDIRECT] 
2025-12-17 19:36:01,625 [ERROR] LogOutputStream:75 - [STDERR_REDIRECT] [Fatal Error] :1:1: Premature end of file.
2025-12-17 19:36:01,625 [ERROR] LogOutputStream:75 - [STDERR_REDIRECT] 
2025-12-17 19:36:02,625 [ERROR] LogOutputStream:75 - [STDERR_REDIRECT] [Fatal Error] :1:1: Premature end of file.
2025-12-17 19:36:02,625 [ERROR] LogOutputStream:75 - [STDERR_REDIRECT] 
2025-12-17 19:36:03,640 [ERROR] LogOutputStream:75 - [STDERR_REDIRECT] [Fatal Error] :1:1: Premature end of file.
2025-12-17 19:36:03,641 [ERROR] LogOutputStream:75 - [STDERR_REDIRECT] 
2025-12-17 19:36:04,625 [ERROR] LogOutputStream:75 - [STDERR_REDIRECT] [Fatal Error] :1:1: Premature end of file.
2025-12-17 19:36:04,625 [ERROR] LogOutputStream:75 - [STDERR_REDIRECT] 
2025-12-17 19:36:05,624 [ERROR] LogOutputStream:75 - [STDERR_REDIRECT] [Fatal Error] :1:1: Premature end of file.
2025-12-17 19:36:05,624 [ERROR] LogOutputStream:75 - [STDERR_REDIRECT] 
2025-12-17 19:36:06,631 [ERROR] LogOutputStream:75 - [STDERR_REDIRECT] [Fatal Error] :1:1: Premature end of file.
2025-12-17 19:36:06,631 [ERROR] LogOutputStream:75 - [STDERR_REDIRECT] 
2025-12-17 19:36:07,626 [ERROR] LogOutputStream:75 - [STDERR_REDIRECT] [Fatal Error] :1:1: Premature end of file.
2025-12-17 19:36:07,626 [ERROR] LogOutputStream:75 - [STDERR_REDIRECT] 
2025-12-17 19:36:08,622 [ERROR] LogOutputStream:75 - [STDERR_REDIRECT] [Fatal Error] :1:1: Premature end of file.
2025-12-17 19:36:08,622 [ERROR] LogOutputStream:75 - [STDERR_REDIRECT] 
2025-12-17 19:36:09,640 [ERROR] LogOutputStream:75 - [STDERR_REDIRECT] [Fatal Error] :1:1: Premature end of file.
2025-12-17 19:36:09,641 [ERROR] LogOutputStream:75 - [STDERR_REDIRECT] 
2025-12-17 19:36:10,633 [ERROR] LogOutputStream:75 - [STDERR_REDIRECT] [Fatal Error] :1:1: Premature end of file.
2025-12-17 19:36:10,633 [ERROR] LogOutputStream:75 - [STDERR_REDIRECT] 
2025-12-17 19:36:11,613 [ERROR] LogOutputStream:75 - [STDERR_REDIRECT] [Fatal Error] :1:1: Premature end of file.
2025-12-17 19:36:11,613 [ERROR] LogOutputStream:75 - [STDERR_REDIRECT] 
2025-12-17 19:36:12,617 [ERROR] LogOutputStream:75 - [STDERR_REDIRECT] [Fatal Error] :1:1: Premature end of file.
2025-12-17 19:36:12,617 [ERROR] LogOutputStream:75 - [STDERR_REDIRECT] 
2025-12-17 19:36:13,629 [ERROR] LogOutputStream:75 - [STDERR_REDIRECT] [Fatal Error] :1:1: Premature end of file.
2025-12-17 19:36:13,629 [ERROR] LogOutputStream:75 - [STDERR_REDIRECT] 
2025-12-17 19:36:14,627 [ERROR] LogOutputStream:75 - [STDERR_REDIRECT] [Fatal Error] :1:1: Premature end of file.
2025-12-17 19:36:14,627 [ERROR] LogOutputStream:75 - [STDERR_REDIRECT] 
2025-12-17 19:36:15,630 [ERROR] LogOutputStream:75 - [STDERR_REDIRECT] [Fatal Error] :1:1: Premature end of file.
2025-12-17 19:36:15,630 [ERROR] LogOutputStream:75 - [STDERR_REDIRECT] 
2025-12-17 19:36:16,636 [ERROR] LogOutputStream:75 - [STDERR_REDIRECT] [Fatal Error] :1:1: Premature end of file.
2025-12-17 19:36:16,636 [ERROR] LogOutputStream:75 - [STDERR_REDIRECT] 
2025-12-17 19:36:17,633 [ERROR] LogOutputStream:75 - [STDERR_REDIRECT] [Fatal Error] :1:1: Premature end of file.
2025-12-17 19:36:17,633 [ERROR] LogOutputStream:75 - [STDERR_REDIRECT] 
2025-12-17 19:36:18,625 [ERROR] LogOutputStream:75 - [STDERR_REDIRECT] [Fatal Error] :1:1: Premature end of file.
2025-12-17 19:36:18,625 [ERROR] LogOutputStream:75 - [STDERR_REDIRECT] 
2025-12-17 19:36:19,627 [ERROR] LogOutputStream:75 - [STDERR_REDIRECT] [Fatal Error] :1:1: Premature end of file.
2025-12-17 19:36:19,627 [ERROR] LogOutputStream:75 - [STDERR_REDIRECT] 
2025-12-17 19:36:20,624 [ERROR] LogOutputStream:75 - [STDERR_REDIRECT] [Fatal Error] :1:1: Premature end of file.
2025-12-17 19:36:20,624 [ERROR] LogOutputStream:75 - [STDERR_REDIRECT] 
2025-12-17 19:36:21,627 [ERROR] LogOutputStream:75 - [STDERR_REDIRECT] [Fatal Error] :1:1: Premature end of file.
2025-12-17 19:36:21,627 [ERROR] LogOutputStream:75 - [STDERR_REDIRECT] 
2025-12-17 19:36:22,614 [ERROR] LogOutputStream:75 - [STDERR_REDIRECT] [Fatal Error] :1:1: Premature end of file.
2025-12-17 19:36:22,614 [ERROR] LogOutputStream:75 - [STDERR_REDIRECT] 
2025-12-17 19:36:23,615 [ERROR] LogOutputStream:75 - [STDERR_REDIRECT] [Fatal Error] :1:1: Premature end of file.
2025-12-17 19:36:23,615 [ERROR] LogOutputStream:75 - [STDERR_REDIRECT] 
2025-12-17 19:36:24,629 [ERROR] LogOutputStream:75 - [STDERR_REDIRECT] [Fatal Error] :1:1: Premature end of file.
2025-12-17 19:36:24,629 [ERROR] LogOutputStream:75 - [STDERR_REDIRECT] 
2025-12-17 19:36:25,622 [ERROR] LogOutputStream:75 - [STDERR_REDIRECT] [Fatal Error] :1:1: Premature end of file.
2025-12-17 19:36:25,622 [ERROR] LogOutputStream:75 - [STDERR_REDIRECT] 
2025-12-17 19:36:26,629 [ERROR] LogOutputStream:75 - [STDERR_REDIRECT] [Fatal Error] :1:1: Premature end of file.
2025-12-17 19:36:26,629 [ERROR] LogOutputStream:75 - [STDERR_REDIRECT] 
2025-12-17 19:36:27,613 [ERROR] LogOutputStream:75 - [STDERR_REDIRECT] [Fatal Error] :1:1: Premature end of file.
2025-12-17 19:36:27,613 [ERROR] LogOutputStream:75 - [STDERR_REDIRECT] 
2025-12-17 19:36:28,624 [ERROR] LogOutputStream:75 - [STDERR_REDIRECT] [Fatal Error] :1:1: Premature end of file.
2025-12-17 19:36:28,624 [ERROR] LogOutputStream:75 - [STDERR_REDIRECT] 
2025-12-17 19:36:29,638 [ERROR] LogOutputStream:75 - [STDERR_REDIRECT] [Fatal Error] :1:1: Premature end of file.
2025-12-17 19:36:29,638 [ERROR] LogOutputStream:75 - [STDERR_REDIRECT] 
2025-12-17 19:36:30,626 [ERROR] LogOutputStream:75 - [STDERR_REDIRECT] [Fatal Error] :1:1: Premature end of file.
2025-12-17 19:36:30,626 [ERROR] LogOutputStream:75 - [STDERR_REDIRECT] 
2025-12-17 19:36:31,629 [ERROR] LogOutputStream:75 - [STDERR_REDIRECT] [Fatal Error] :1:1: Premature end of file.
2025-12-17 19:36:31,630 [ERROR] LogOutputStream:75 - [STDERR_REDIRECT] 
2025-12-17 19:36:32,623 [ERROR] LogOutputStream:75 - [STDERR_REDIRECT] [Fatal Error] :1:1: Premature end of file.
2025-12-17 19:36:32,623 [ERROR] LogOutputStream:75 - [STDERR_REDIRECT] 
2025-12-17 19:36:33,623 [ERROR] LogOutputStream:75 - [STDERR_REDIRECT] [Fatal Error] :1:1: Premature end of file.
2025-12-17 19:36:33,623 [ERROR] LogOutputStream:75 - [STDERR_REDIRECT] 
2025-12-17 19:36:34,624 [ERROR] LogOutputStream:75 - [STDERR_REDIRECT] [Fatal Error] :1:1: Premature end of file.
2025-12-17 19:36:34,625 [ERROR] LogOutputStream:75 - [STDERR_REDIRECT] 
2025-12-17 19:36:35,626 [ERROR] LogOutputStream:75 - [STDERR_REDIRECT] [Fatal Error] :1:1: Premature end of file.
2025-12-17 19:36:35,626 [ERROR] LogOutputStream:75 - [STDERR_REDIRECT] 
2025-12-17 19:36:36,623 [ERROR] LogOutputStream:75 - [STDERR_REDIRECT] [Fatal Error] :1:1: Premature end of file.
2025-12-17 19:36:36,623 [ERROR] LogOutputStream:75 - [STDERR_REDIRECT] 
2025-12-17 19:36:37,627 [ERROR] LogOutputStream:75 - [STDERR_REDIRECT] [Fatal Error] :1:1: Premature end of file.
2025-12-17 19:36:37,627 [ERROR] LogOutputStream:75 - [STDERR_REDIRECT] 
2025-12-17 19:36:38,623 [ERROR] LogOutputStream:75 - [STDERR_REDIRECT] [Fatal Error] :1:1: Premature end of file.
2025-12-17 19:36:38,623 [ERROR] LogOutputStream:75 - [STDERR_REDIRECT] 
2025-12-17 19:36:39,628 [ERROR] LogOutputStream:75 - [STDERR_REDIRECT] [Fatal Error] :1:1: Premature end of file.
2025-12-17 19:36:39,628 [ERROR] LogOutputStream:75 - [STDERR_REDIRECT] 
2025-12-17 19:36:40,627 [ERROR] LogOutputStream:75 - [STDERR_REDIRECT] [Fatal Error] :1:1: Premature end of file.
2025-12-17 19:36:40,627 [ERROR] LogOutputStream:75 - [STDERR_REDIRECT] 
2025-12-17 19:36:41,631 [ERROR] LogOutputStream:75 - [STDERR_REDIRECT] [Fatal Error] :1:1: Premature end of file.
2025-12-17 19:36:41,631 [ERROR] LogOutputStream:75 - [STDERR_REDIRECT] 
2025-12-17 19:36:42,614 [ERROR] LogOutputStream:75 - [STDERR_REDIRECT] [Fatal Error] :1:1: Premature end of file.
2025-12-17 19:36:42,614 [ERROR] LogOutputStream:75 - [STDERR_REDIRECT] 
2025-12-17 19:36:43,615 [ERROR] LogOutputStream:75 - [STDERR_REDIRECT] [Fatal Error] :1:1: Premature end of file.
2025-12-17 19:36:43,615 [ERROR] LogOutputStream:75 - [STDERR_REDIRECT] 
2025-12-17 19:36:44,612 [ERROR] LogOutputStream:75 - [STDERR_REDIRECT] [Fatal Error] :1:1: Premature end of file.
2025-12-17 19:36:44,612 [ERROR] LogOutputStream:75 - [STDERR_REDIRECT] 
2025-12-17 19:36:45,616 [ERROR] LogOutputStream:75 - [STDERR_REDIRECT] [Fatal Error] :1:1: Premature end of file.
2025-12-17 19:36:45,616 [ERROR] LogOutputStream:75 - [STDERR_REDIRECT] 
2025-12-17 19:36:46,613 [ERROR] LogOutputStream:75 - [STDERR_REDIRECT] [Fatal Error] :1:1: Premature end of file.
2025-12-17 19:36:46,613 [ERROR] LogOutputStream:75 - [STDERR_REDIRECT] 
2025-12-17 19:36:47,634 [ERROR] LogOutputStream:75 - [STDERR_REDIRECT] [Fatal Error] :1:1: Premature end of file.
2025-12-17 19:36:47,634 [ERROR] LogOutputStream:75 - [STDERR_REDIRECT] 
2025-12-17 19:36:48,631 [ERROR] LogOutputStream:75 - [STDERR_REDIRECT] [Fatal Error] :1:1: Premature end of file.
2025-12-17 19:36:48,631 [ERROR] LogOutputStream:75 - [STDERR_REDIRECT] 
2025-12-17 19:36:49,625 [ERROR] LogOutputStream:75 - [STDERR_REDIRECT] [Fatal Error] :1:1: Premature end of file.
2025-12-17 19:36:49,625 [ERROR] LogOutputStream:75 - [STDERR_REDIRECT] 
2025-12-17 19:36:50,626 [ERROR] LogOutputStream:75 - [STDERR_REDIRECT] [Fatal Error] :1:1: Premature end of file.
2025-12-17 19:36:50,626 [ERROR] LogOutputStream:75 - [STDERR_REDIRECT] 
2025-12-17 19:36:51,628 [ERROR] LogOutputStream:75 - [STDERR_REDIRECT] [Fatal Error] :1:1: Premature end of file.
2025-12-17 19:36:51,628 [ERROR] LogOutputStream:75 - [STDERR_REDIRECT] 
2025-12-17 19:36:52,628 [ERROR] LogOutputStream:75 - [STDERR_REDIRECT] [Fatal Error] :1:1: Premature end of file.
2025-12-17 19:36:52,628 [ERROR] LogOutputStream:75 - [STDERR_REDIRECT] 
2025-12-17 19:36:53,626 [ERROR] LogOutputStream:75 - [STDERR_REDIRECT] [Fatal Error] :1:1: Premature end of file.
2025-12-17 19:36:53,626 [ERROR] LogOutputStream:75 - [STDERR_REDIRECT] 
2025-12-17 19:36:54,627 [ERROR] LogOutputStream:75 - [STDERR_REDIRECT] [Fatal Error] :1:1: Premature end of file.
2025-12-17 19:36:54,627 [ERROR] LogOutputStream:75 - [STDERR_REDIRECT] 
2025-12-17 19:36:55,636 [ERROR] LogOutputStream:75 - [STDERR_REDIRECT] [Fatal Error] :1:1: Premature end of file.
2025-12-17 19:36:55,637 [ERROR] LogOutputStream:75 - [STDERR_REDIRECT] 
2025-12-17 19:36:56,628 [ERROR] LogOutputStream:75 - [STDERR_REDIRECT] [Fatal Error] :1:1: Premature end of file.
2025-12-17 19:36:56,628 [ERROR] LogOutputStream:75 - [STDERR_REDIRECT] 
2025-12-17 19:36:57,623 [ERROR] LogOutputStream:75 - [STDERR_REDIRECT] [Fatal Error] :1:1: Premature end of file.
2025-12-17 19:36:57,623 [ERROR] LogOutputStream:75 - [STDERR_REDIRECT] 
2025-12-17 19:36:58,627 [ERROR] LogOutputStream:75 - [STDERR_REDIRECT] [Fatal Error] :1:1: Premature end of file.
2025-12-17 19:36:58,627 [ERROR] LogOutputStream:75 - [STDERR_REDIRECT] 
2025-12-17 19:36:59,622 [ERROR] LogOutputStream:75 - [STDERR_REDIRECT] [Fatal Error] :1:1: Premature end of file.
2025-12-17 19:36:59,622 [ERROR] LogOutputStream:75 - [STDERR_REDIRECT] 
2025-12-17 19:37:00,622 [ERROR] LogOutputStream:75 - [STDERR_REDIRECT] [Fatal Error] :1:1: Premature end of file.
2025-12-17 19:37:00,623 [ERROR] LogOutputStream:75 - [STDERR_REDIRECT] 
2025-12-17 19:37:01,621 [ERROR] LogOutputStream:75 - [STDERR_REDIRECT] [Fatal Error] :1:1: Premature end of file.
2025-12-17 19:37:01,621 [ERROR] LogOutputStream:75 - [STDERR_REDIRECT] 
2025-12-17 19:37:02,623 [ERROR] LogOutputStream:75 - [STDERR_REDIRECT] [Fatal Error] :1:1: Premature end of file.
2025-12-17 19:37:02,623 [ERROR] LogOutputStream:75 - [STDERR_REDIRECT] 
2025-12-17 19:37:03,624 [ERROR] LogOutputStream:75 - [STDERR_REDIRECT] [Fatal Error] :1:1: Premature end of file.
2025-12-17 19:37:03,624 [ERROR] LogOutputStream:75 - [STDERR_REDIRECT] 
2025-12-17 19:37:04,622 [ERROR] LogOutputStream:75 - [STDERR_REDIRECT] [Fatal Error] :1:1: Premature end of file.
2025-12-17 19:37:04,622 [ERROR] LogOutputStream:75 - [STDERR_REDIRECT] 
2025-12-17 19:37:05,622 [ERROR] LogOutputStream:75 - [STDERR_REDIRECT] [Fatal Error] :1:1: Premature end of file.
2025-12-17 19:37:05,622 [ERROR] LogOutputStream:75 - [STDERR_REDIRECT] 
2025-12-17 19:37:06,623 [ERROR] LogOutputStream:75 - [STDERR_REDIRECT] [Fatal Error] :1:1: Premature end of file.
2025-12-17 19:37:06,624 [ERROR] LogOutputStream:75 - [STDERR_REDIRECT] 
2025-12-17 19:37:07,622 [ERROR] LogOutputStream:75 - [STDERR_REDIRECT] [Fatal Error] :1:1: Premature end of file.
2025-12-17 19:37:07,622 [ERROR] LogOutputStream:75 - [STDERR_REDIRECT] 
2025-12-17 19:37:08,623 [ERROR] LogOutputStream:75 - [STDERR_REDIRECT] [Fatal Error] :1:1: Premature end of file.
2025-12-17 19:37:08,623 [ERROR] LogOutputStream:75 - [STDERR_REDIRECT] 
2025-12-17 19:37:09,624 [ERROR] LogOutputStream:75 - [STDERR_REDIRECT] [Fatal Error] :1:1: Premature end of file.
2025-12-17 19:37:09,624 [ERROR] LogOutputStream:75 - [STDERR_REDIRECT] 
2025-12-17 19:37:10,623 [ERROR] LogOutputStream:75 - [STDERR_REDIRECT] [Fatal Error] :1:1: Premature end of file.
2025-12-17 19:37:10,623 [ERROR] LogOutputStream:75 - [STDERR_REDIRECT] 
2025-12-17 19:37:11,622 [ERROR] LogOutputStream:75 - [STDERR_REDIRECT] [Fatal Error] :1:1: Premature end of file.
2025-12-17 19:37:11,622 [ERROR] LogOutputStream:75 - [STDERR_REDIRECT] 
2025-12-17 19:37:12,622 [ERROR] LogOutputStream:75 - [STDERR_REDIRECT] [Fatal Error] :1:1: Premature end of file.
2025-12-17 19:37:12,622 [ERROR] LogOutputStream:75 - [STDERR_REDIRECT] 
2025-12-17 19:37:13,622 [ERROR] LogOutputStream:75 - [STDERR_REDIRECT] [Fatal Error] :1:1: Premature end of file.
2025-12-17 19:37:13,623 [ERROR] LogOutputStream:75 - [STDERR_REDIRECT] 
2025-12-17 19:37:14,623 [ERROR] LogOutputStream:75 - [STDERR_REDIRECT] [Fatal Error] :1:1: Premature end of file.
2025-12-17 19:37:14,623 [ERROR] LogOutputStream:75 - [STDERR_REDIRECT] 
2025-12-17 19:37:15,625 [ERROR] LogOutputStream:75 - [STDERR_REDIRECT] [Fatal Error] :1:1: Premature end of file.
2025-12-17 19:37:15,625 [ERROR] LogOutputStream:75 - [STDERR_REDIRECT] 
2025-12-17 19:37:16,626 [ERROR] LogOutputStream:75 - [STDERR_REDIRECT] [Fatal Error] :1:1: Premature end of file.
2025-12-17 19:37:16,626 [ERROR] LogOutputStream:75 - [STDERR_REDIRECT] 
2025-12-17 19:37:17,624 [ERROR] LogOutputStream:75 - [STDERR_REDIRECT] [Fatal Error] :1:1: Premature end of file.
2025-12-17 19:37:17,624 [ERROR] LogOutputStream:75 - [STDERR_REDIRECT] 
2025-12-17 19:37:18,622 [ERROR] LogOutputStream:75 - [STDERR_REDIRECT] [Fatal Error] :1:1: Premature end of file.
2025-12-17 19:37:18,623 [ERROR] LogOutputStream:75 - [STDERR_REDIRECT] 
2025-12-17 19:37:19,624 [ERROR] LogOutputStream:75 - [STDERR_REDIRECT] [Fatal Error] :1:1: Premature end of file.
2025-12-17 19:37:19,624 [ERROR] LogOutputStream:75 - [STDERR_REDIRECT] 
2025-12-17 19:37:20,626 [ERROR] LogOutputStream:75 - [STDERR_REDIRECT] [Fatal Error] :1:1: Premature end of file.
2025-12-17 19:37:20,626 [ERROR] LogOutputStream:75 - [STDERR_REDIRECT] 
2025-12-17 19:37:21,624 [ERROR] LogOutputStream:75 - [STDERR_REDIRECT] [Fatal Error] :1:1: Premature end of file.
2025-12-17 19:37:21,624 [ERROR] LogOutputStream:75 - [STDERR_REDIRECT] 
2025-12-17 19:37:22,623 [ERROR] LogOutputStream:75 - [STDERR_REDIRECT] [Fatal Error] :1:1: Premature end of file.
2025-12-17 19:37:22,624 [ERROR] LogOutputStream:75 - [STDERR_REDIRECT] 
2025-12-17 19:37:23,629 [ERROR] LogOutputStream:75 - [STDERR_REDIRECT] [Fatal Error] :1:1: Premature end of file.
2025-12-17 19:37:23,629 [ERROR] LogOutputStream:75 - [STDERR_REDIRECT] 
2025-12-17 19:37:24,633 [ERROR] LogOutputStream:75 - [STDERR_REDIRECT] [Fatal Error] :1:1: Premature end of file.
2025-12-17 19:37:24,633 [ERROR] LogOutputStream:75 - [STDERR_REDIRECT] 
2025-12-17 19:37:25,621 [ERROR] LogOutputStream:75 - [STDERR_REDIRECT] [Fatal Error] :1:1: Premature end of file.
2025-12-17 19:37:25,622 [ERROR] LogOutputStream:75 - [STDERR_REDIRECT] 
2025-12-17 19:37:26,621 [ERROR] LogOutputStream:75 - [STDERR_REDIRECT] [Fatal Error] :1:1: Premature end of file.
2025-12-17 19:37:26,621 [ERROR] LogOutputStream:75 - [STDERR_REDIRECT] 
2025-12-17 19:37:27,622 [ERROR] LogOutputStream:75 - [STDERR_REDIRECT] [Fatal Error] :1:1: Premature end of file.
2025-12-17 19:37:27,622 [ERROR] LogOutputStream:75 - [STDERR_REDIRECT] 
2025-12-17 19:37:28,625 [ERROR] LogOutputStream:75 - [STDERR_REDIRECT] [Fatal Error] :1:1: Premature end of file.
2025-12-17 19:37:28,625 [ERROR] LogOutputStream:75 - [STDERR_REDIRECT] 
2025-12-17 19:37:29,626 [ERROR] LogOutputStream:75 - [STDERR_REDIRECT] [Fatal Error] :1:1: Premature end of file.
2025-12-17 19:37:29,626 [ERROR] LogOutputStream:75 - [STDERR_REDIRECT] 
2025-12-17 19:37:30,622 [ERROR] LogOutputStream:75 - [STDERR_REDIRECT] [Fatal Error] :1:1: Premature end of file.
2025-12-17 19:37:30,622 [ERROR] LogOutputStream:75 - [STDERR_REDIRECT] 
2025-12-17 19:37:31,625 [ERROR] LogOutputStream:75 - [STDERR_REDIRECT] [Fatal Error] :1:1: Premature end of file.
2025-12-17 19:37:31,625 [ERROR] LogOutputStream:75 - [STDERR_REDIRECT] 
2025-12-17 19:37:32,625 [ERROR] LogOutputStream:75 - [STDERR_REDIRECT] [Fatal Error] :1:1: Premature end of file.
2025-12-17 19:37:32,625 [ERROR] LogOutputStream:75 - [STDERR_REDIRECT] 
2025-12-17 19:37:33,637 [ERROR] LogOutputStream:75 - [STDERR_REDIRECT] [Fatal Error] :1:1: Premature end of file.
2025-12-17 19:37:33,637 [ERROR] LogOutputStream:75 - [STDERR_REDIRECT] 
2025-12-17 19:37:34,634 [ERROR] LogOutputStream:75 - [STDERR_REDIRECT] [Fatal Error] :1:1: Premature end of file.
2025-12-17 19:37:34,634 [ERROR] LogOutputStream:75 - [STDERR_REDIRECT] 
2025-12-17 19:37:35,626 [ERROR] LogOutputStream:75 - [STDERR_REDIRECT] [Fatal Error] :1:1: Premature end of file.
2025-12-17 19:37:35,627 [ERROR] LogOutputStream:75 - [STDERR_REDIRECT] 
2025-12-17 19:37:36,625 [ERROR] LogOutputStream:75 - [STDERR_REDIRECT] [Fatal Error] :1:1: Premature end of file.
2025-12-17 19:37:36,627 [ERROR] LogOutputStream:75 - [STDERR_REDIRECT] 
2025-12-17 19:37:37,622 [ERROR] LogOutputStream:75 - [STDERR_REDIRECT] [Fatal Error] :1:1: Premature end of file.
2025-12-17 19:37:37,622 [ERROR] LogOutputStream:75 - [STDERR_REDIRECT] 
2025-12-17 19:37:38,625 [ERROR] LogOutputStream:75 - [STDERR_REDIRECT] [Fatal Error] :1:1: Premature end of file.
2025-12-17 19:37:38,625 [ERROR] LogOutputStream:75 - [STDERR_REDIRECT] 
2025-12-17 19:37:39,621 [ERROR] LogOutputStream:75 - [STDERR_REDIRECT] [Fatal Error] :1:1: Premature end of file.
2025-12-17 19:37:39,621 [ERROR] LogOutputStream:75 - [STDERR_REDIRECT] 
2025-12-17 19:37:40,622 [ERROR] LogOutputStream:75 - [STDERR_REDIRECT] [Fatal Error] :1:1: Premature end of file.
2025-12-17 19:37:40,622 [ERROR] LogOutputStream:75 - [STDERR_REDIRECT] 
2025-12-17 19:37:41,625 [ERROR] LogOutputStream:75 - [STDERR_REDIRECT] [Fatal Error] :1:1: Premature end of file.
2025-12-17 19:37:41,626 [ERROR] LogOutputStream:75 - [STDERR_REDIRECT] 
2025-12-17 19:37:42,623 [ERROR] LogOutputStream:75 - [STDERR_REDIRECT] [Fatal Error] :1:1: Premature end of file.
2025-12-17 19:37:42,623 [ERROR] LogOutputStream:75 - [STDERR_REDIRECT] 
2025-12-17 19:37:43,622 [ERROR] LogOutputStream:75 - [STDERR_REDIRECT] [Fatal Error] :1:1: Premature end of file.
2025-12-17 19:37:43,623 [ERROR] LogOutputStream:75 - [STDERR_REDIRECT] 
2025-12-17 19:37:44,626 [ERROR] LogOutputStream:75 - [STDERR_REDIRECT] [Fatal Error] :1:1: Premature end of file.
2025-12-17 19:37:44,626 [ERROR] LogOutputStream:75 - [STDERR_REDIRECT] 
2025-12-17 19:37:45,622 [ERROR] LogOutputStream:75 - [STDERR_REDIRECT] [Fatal Error] :1:1: Premature end of file.
2025-12-17 19:37:45,623 [ERROR] LogOutputStream:75 - [STDERR_REDIRECT] 
2025-12-17 19:37:46,623 [ERROR] LogOutputStream:75 - [STDERR_REDIRECT] [Fatal Error] :1:1: Premature end of file.
2025-12-17 19:37:46,624 [ERROR] LogOutputStream:75 - [STDERR_REDIRECT] 
2025-12-17 19:37:47,622 [ERROR] LogOutputStream:75 - [STDERR_REDIRECT] [Fatal Error] :1:1: Premature end of file.
2025-12-17 19:37:47,624 [ERROR] LogOutputStream:75 - [STDERR_REDIRECT] 
2025-12-17 19:37:48,622 [ERROR] LogOutputStream:75 - [STDERR_REDIRECT] [Fatal Error] :1:1: Premature end of file.
2025-12-17 19:37:48,622 [ERROR] LogOutputStream:75 - [STDERR_REDIRECT] 
2025-12-17 19:37:49,622 [ERROR] LogOutputStream:75 - [STDERR_REDIRECT] [Fatal Error] :1:1: Premature end of file.
2025-12-17 19:37:49,622 [ERROR] LogOutputStream:75 - [STDERR_REDIRECT] 
2025-12-17 19:37:50,627 [ERROR] LogOutputStream:75 - [STDERR_REDIRECT] [Fatal Error] :1:1: Premature end of file.
2025-12-17 19:37:50,627 [ERROR] LogOutputStream:75 - [STDERR_REDIRECT] 
2025-12-17 19:37:51,625 [ERROR] LogOutputStream:75 - [STDERR_REDIRECT] [Fatal Error] :1:1: Premature end of file.
2025-12-17 19:37:51,625 [ERROR] LogOutputStream:75 - [STDERR_REDIRECT] 
2025-12-17 19:37:52,624 [ERROR] LogOutputStream:75 - [STDERR_REDIRECT] [Fatal Error] :1:1: Premature end of file.
2025-12-17 19:37:52,624 [ERROR] LogOutputStream:75 - [STDERR_REDIRECT] 
2025-12-17 19:37:53,625 [ERROR] LogOutputStream:75 - [STDERR_REDIRECT] [Fatal Error] :1:1: Premature end of file.
2025-12-17 19:37:53,625 [ERROR] LogOutputStream:75 - [STDERR_REDIRECT] 
2025-12-17 19:37:54,621 [ERROR] LogOutputStream:75 - [STDERR_REDIRECT] [Fatal Error] :1:1: Premature end of file.
2025-12-17 19:37:54,621 [ERROR] LogOutputStream:75 - [STDERR_REDIRECT] 
2025-12-17 19:37:55,623 [ERROR] LogOutputStream:75 - [STDERR_REDIRECT] [Fatal Error] :1:1: Premature end of file.
2025-12-17 19:37:55,623 [ERROR] LogOutputStream:75 - [STDERR_REDIRECT] 
2025-12-17 19:37:56,623 [ERROR] LogOutputStream:75 - [STDERR_REDIRECT] [Fatal Error] :1:1: Premature end of file.
2025-12-17 19:37:56,623 [ERROR] LogOutputStream:75 - [STDERR_REDIRECT] 
2025-12-17 19:37:57,632 [ERROR] LogOutputStream:75 - [STDERR_REDIRECT] [Fatal Error] :1:1: Premature end of file.
2025-12-17 19:37:57,633 [ERROR] LogOutputStream:75 - [STDERR_REDIRECT] 
2025-12-17 19:37:58,620 [ERROR] LogOutputStream:75 - [STDERR_REDIRECT] [Fatal Error] :1:1: Premature end of file.
2025-12-17 19:37:58,620 [ERROR] LogOutputStream:75 - [STDERR_REDIRECT] 
2025-12-17 19:37:59,625 [ERROR] LogOutputStream:75 - [STDERR_REDIRECT] [Fatal Error] :1:1: Premature end of file.
2025-12-17 19:37:59,625 [ERROR] LogOutputStream:75 - [STDERR_REDIRECT] 
2025-12-17 19:38:00,620 [ERROR] LogOutputStream:75 - [STDERR_REDIRECT] [Fatal Error] :1:1: Premature end of file.
2025-12-17 19:38:00,620 [ERROR] LogOutputStream:75 - [STDERR_REDIRECT] 
2025-12-17 19:38:01,622 [ERROR] LogOutputStream:75 - [STDERR_REDIRECT] [Fatal Error] :1:1: Premature end of file.
2025-12-17 19:38:01,622 [ERROR] LogOutputStream:75 - [STDERR_REDIRECT] 
2025-12-17 19:38:02,625 [ERROR] LogOutputStream:75 - [STDERR_REDIRECT] [Fatal Error] :1:1: Premature end of file.
2025-12-17 19:38:02,625 [ERROR] LogOutputStream:75 - [STDERR_REDIRECT] 
2025-12-17 19:38:03,620 [ERROR] LogOutputStream:75 - [STDERR_REDIRECT] [Fatal Error] :1:1: Premature end of file.
2025-12-17 19:38:03,620 [ERROR] LogOutputStream:75 - [STDERR_REDIRECT] 
2025-12-17 19:38:04,628 [ERROR] LogOutputStream:75 - [STDERR_REDIRECT] [Fatal Error] :1:1: Premature end of file.
2025-12-17 19:38:04,628 [ERROR] LogOutputStream:75 - [STDERR_REDIRECT] 
2025-12-17 19:38:05,624 [ERROR] LogOutputStream:75 - [STDERR_REDIRECT] [Fatal Error] :1:1: Premature end of file.
2025-12-17 19:38:05,625 [ERROR] LogOutputStream:75 - [STDERR_REDIRECT] 
2025-12-17 19:38:06,623 [ERROR] LogOutputStream:75 - [STDERR_REDIRECT] [Fatal Error] :1:1: Premature end of file.
2025-12-17 19:38:06,623 [ERROR] LogOutputStream:75 - [STDERR_REDIRECT] 
2025-12-17 19:38:07,622 [ERROR] LogOutputStream:75 - [STDERR_REDIRECT] [Fatal Error] :1:1: Premature end of file.
2025-12-17 19:38:07,622 [ERROR] LogOutputStream:75 - [STDERR_REDIRECT] 
2025-12-17 19:38:08,621 [ERROR] LogOutputStream:75 - [STDERR_REDIRECT] [Fatal Error] :1:1: Premature end of file.
2025-12-17 19:38:08,622 [ERROR] LogOutputStream:75 - [STDERR_REDIRECT] 
2025-12-17 19:38:09,624 [ERROR] LogOutputStream:75 - [STDERR_REDIRECT] [Fatal Error] :1:1: Premature end of file.
2025-12-17 19:38:09,624 [ERROR] LogOutputStream:75 - [STDERR_REDIRECT] 
2025-12-17 19:38:10,624 [ERROR] LogOutputStream:75 - [STDERR_REDIRECT] [Fatal Error] :1:1: Premature end of file.
2025-12-17 19:38:10,625 [ERROR] LogOutputStream:75 - [STDERR_REDIRECT] 
2025-12-17 19:38:11,623 [ERROR] LogOutputStream:75 - [STDERR_REDIRECT] [Fatal Error] :1:1: Premature end of file.
2025-12-17 19:38:11,623 [ERROR] LogOutputStream:75 - [STDERR_REDIRECT] 
2025-12-17 19:38:12,640 [ERROR] LogOutputStream:75 - [STDERR_REDIRECT] [Fatal Error] :1:1: Premature end of file.
2025-12-17 19:38:12,640 [ERROR] LogOutputStream:75 - [STDERR_REDIRECT] 
2025-12-17 19:38:13,629 [ERROR] LogOutputStream:75 - [STDERR_REDIRECT] [Fatal Error] :1:1: Premature end of file.
2025-12-17 19:38:13,629 [ERROR] LogOutputStream:75 - [STDERR_REDIRECT] 
2025-12-17 19:38:14,621 [ERROR] LogOutputStream:75 - [STDERR_REDIRECT] [Fatal Error] :1:1: Premature end of file.
2025-12-17 19:38:14,621 [ERROR] LogOutputStream:75 - [STDERR_REDIRECT] 
2025-12-17 19:38:15,624 [ERROR] LogOutputStream:75 - [STDERR_REDIRECT] [Fatal Error] :1:1: Premature end of file.
2025-12-17 19:38:15,624 [ERROR] LogOutputStream:75 - [STDERR_REDIRECT] 
2025-12-17 19:38:16,623 [ERROR] LogOutputStream:75 - [STDERR_REDIRECT] [Fatal Error] :1:1: Premature end of file.
2025-12-17 19:38:16,623 [ERROR] LogOutputStream:75 - [STDERR_REDIRECT] 
2025-12-17 19:38:17,623 [ERROR] LogOutputStream:75 - [STDERR_REDIRECT] [Fatal Error] :1:1: Premature end of file.
2025-12-17 19:38:17,623 [ERROR] LogOutputStream:75 - [STDERR_REDIRECT] 
2025-12-17 19:38:18,626 [ERROR] LogOutputStream:75 - [STDERR_REDIRECT] [Fatal Error] :1:1: Premature end of file.
2025-12-17 19:38:18,626 [ERROR] LogOutputStream:75 - [STDERR_REDIRECT] 
2025-12-17 19:38:19,622 [ERROR] LogOutputStream:75 - [STDERR_REDIRECT] [Fatal Error] :1:1: Premature end of file.
2025-12-17 19:38:19,622 [ERROR] LogOutputStream:75 - [STDERR_REDIRECT] 
2025-12-17 19:38:20,624 [ERROR] LogOutputStream:75 - [STDERR_REDIRECT] [Fatal Error] :1:1: Premature end of file.
2025-12-17 19:38:20,624 [ERROR] LogOutputStream:75 - [STDERR_REDIRECT] 
2025-12-17 19:38:21,631 [ERROR] LogOutputStream:75 - [STDERR_REDIRECT] [Fatal Error] :1:1: Premature end of file.
2025-12-17 19:38:21,632 [ERROR] LogOutputStream:75 - [STDERR_REDIRECT] 
2025-12-17 19:38:22,624 [ERROR] LogOutputStream:75 - [STDERR_REDIRECT] [Fatal Error] :1:1: Premature end of file.
2025-12-17 19:38:22,624 [ERROR] LogOutputStream:75 - [STDERR_REDIRECT] 
2025-12-17 19:38:23,624 [ERROR] LogOutputStream:75 - [STDERR_REDIRECT] [Fatal Error] :1:1: Premature end of file.
2025-12-17 19:38:23,624 [ERROR] LogOutputStream:75 - [STDERR_REDIRECT] 
2025-12-17 19:38:24,623 [ERROR] LogOutputStream:75 - [STDERR_REDIRECT] [Fatal Error] :1:1: Premature end of file.
2025-12-17 19:38:24,623 [ERROR] LogOutputStream:75 - [STDERR_REDIRECT] 
2025-12-17 19:38:25,622 [ERROR] LogOutputStream:75 - [STDERR_REDIRECT] [Fatal Error] :1:1: Premature end of file.
2025-12-17 19:38:25,622 [ERROR] LogOutputStream:75 - [STDERR_REDIRECT] 
2025-12-17 19:38:26,623 [ERROR] LogOutputStream:75 - [STDERR_REDIRECT] [Fatal Error] :1:1: Premature end of file.
2025-12-17 19:38:26,623 [ERROR] LogOutputStream:75 - [STDERR_REDIRECT] 
2025-12-17 19:38:27,624 [ERROR] LogOutputStream:75 - [STDERR_REDIRECT] [Fatal Error] :1:1: Premature end of file.
2025-12-17 19:38:27,624 [ERROR] LogOutputStream:75 - [STDERR_REDIRECT] 
2025-12-17 19:38:28,623 [ERROR] LogOutputStream:75 - [STDERR_REDIRECT] [Fatal Error] :1:1: Premature end of file.
2025-12-17 19:38:28,623 [ERROR] LogOutputStream:75 - [STDERR_REDIRECT] 
2025-12-17 19:38:29,622 [ERROR] LogOutputStream:75 - [STDERR_REDIRECT] [Fatal Error] :1:1: Premature end of file.
2025-12-17 19:38:29,622 [ERROR] LogOutputStream:75 - [STDERR_REDIRECT] 
2025-12-17 19:38:30,622 [ERROR] LogOutputStream:75 - [STDERR_REDIRECT] [Fatal Error] :1:1: Premature end of file.
2025-12-17 19:38:30,622 [ERROR] LogOutputStream:75 - [STDERR_REDIRECT] 
2025-12-17 19:38:31,621 [ERROR] LogOutputStream:75 - [STDERR_REDIRECT] [Fatal Error] :1:1: Premature end of file.
2025-12-17 19:38:31,622 [ERROR] LogOutputStream:75 - [STDERR_REDIRECT] 
2025-12-17 19:38:32,622 [ERROR] LogOutputStream:75 - [STDERR_REDIRECT] [Fatal Error] :1:1: Premature end of file.
2025-12-17 19:38:32,622 [ERROR] LogOutputStream:75 - [STDERR_REDIRECT] 
2025-12-17 19:38:33,620 [ERROR] LogOutputStream:75 - [STDERR_REDIRECT] [Fatal Error] :1:1: Premature end of file.
2025-12-17 19:38:33,620 [ERROR] LogOutputStream:75 - [STDERR_REDIRECT] 
2025-12-17 19:38:34,626 [ERROR] LogOutputStream:75 - [STDERR_REDIRECT] [Fatal Error] :1:1: Premature end of file.
2025-12-17 19:38:34,626 [ERROR] LogOutputStream:75 - [STDERR_REDIRECT] 
2025-12-17 19:38:35,627 [ERROR] LogOutputStream:75 - [STDERR_REDIRECT] [Fatal Error] :1:1: Premature end of file.
2025-12-17 19:38:35,628 [ERROR] LogOutputStream:75 - [STDERR_REDIRECT] 
2025-12-17 19:38:36,625 [ERROR] LogOutputStream:75 - [STDERR_REDIRECT] [Fatal Error] :1:1: Premature end of file.
2025-12-17 19:38:36,625 [ERROR] LogOutputStream:75 - [STDERR_REDIRECT] 
2025-12-17 19:38:37,625 [ERROR] LogOutputStream:75 - [STDERR_REDIRECT] [Fatal Error] :1:1: Premature end of file.
2025-12-17 19:38:37,626 [ERROR] LogOutputStream:75 - [STDERR_REDIRECT] 
2025-12-17 19:38:38,636 [ERROR] LogOutputStream:75 - [STDERR_REDIRECT] [Fatal Error] :1:1: Premature end of file.
2025-12-17 19:38:38,636 [ERROR] LogOutputStream:75 - [STDERR_REDIRECT] 
2025-12-17 19:38:39,624 [ERROR] LogOutputStream:75 - [STDERR_REDIRECT] [Fatal Error] :1:1: Premature end of file.
2025-12-17 19:38:39,625 [ERROR] LogOutputStream:75 - [STDERR_REDIRECT] 
2025-12-17 19:38:40,624 [ERROR] LogOutputStream:75 - [STDERR_REDIRECT] [Fatal Error] :1:1: Premature end of file.
2025-12-17 19:38:40,624 [ERROR] LogOutputStream:75 - [STDERR_REDIRECT] 
2025-12-17 19:38:41,626 [ERROR] LogOutputStream:75 - [STDERR_REDIRECT] [Fatal Error] :1:1: Premature end of file.
2025-12-17 19:38:41,626 [ERROR] LogOutputStream:75 - [STDERR_REDIRECT] 
2025-12-17 19:38:42,627 [ERROR] LogOutputStream:75 - [STDERR_REDIRECT] [Fatal Error] :1:1: Premature end of file.
2025-12-17 19:38:42,627 [ERROR] LogOutputStream:75 - [STDERR_REDIRECT] 
2025-12-17 19:38:43,623 [ERROR] LogOutputStream:75 - [STDERR_REDIRECT] [Fatal Error] :1:1: Premature end of file.
2025-12-17 19:38:43,623 [ERROR] LogOutputStream:75 - [STDERR_REDIRECT] 
2025-12-17 19:38:44,624 [ERROR] LogOutputStream:75 - [STDERR_REDIRECT] [Fatal Error] :1:1: Premature end of file.
2025-12-17 19:38:44,624 [ERROR] LogOutputStream:75 - [STDERR_REDIRECT] 
2025-12-17 19:38:45,637 [ERROR] LogOutputStream:75 - [STDERR_REDIRECT] [Fatal Error] :1:1: Premature end of file.
2025-12-17 19:38:45,637 [ERROR] LogOutputStream:75 - [STDERR_REDIRECT] 
2025-12-17 19:38:46,624 [ERROR] LogOutputStream:75 - [STDERR_REDIRECT] [Fatal Error] :1:1: Premature end of file.
2025-12-17 19:38:46,624 [ERROR] LogOutputStream:75 - [STDERR_REDIRECT] 
2025-12-17 19:38:47,621 [ERROR] LogOutputStream:75 - [STDERR_REDIRECT] [Fatal Error] :1:1: Premature end of file.
2025-12-17 19:38:47,622 [ERROR] LogOutputStream:75 - [STDERR_REDIRECT] 
2025-12-17 19:38:48,623 [ERROR] LogOutputStream:75 - [STDERR_REDIRECT] [Fatal Error] :1:1: Premature end of file.
2025-12-17 19:38:48,624 [ERROR] LogOutputStream:75 - [STDERR_REDIRECT] 
2025-12-17 19:38:49,626 [ERROR] LogOutputStream:75 - [STDERR_REDIRECT] [Fatal Error] :1:1: Premature end of file.
2025-12-17 19:38:49,626 [ERROR] LogOutputStream:75 - [STDERR_REDIRECT] 
2025-12-17 19:38:50,624 [ERROR] LogOutputStream:75 - [STDERR_REDIRECT] [Fatal Error] :1:1: Premature end of file.
2025-12-17 19:38:50,624 [ERROR] LogOutputStream:75 - [STDERR_REDIRECT] 
2025-12-17 19:38:51,624 [ERROR] LogOutputStream:75 - [STDERR_REDIRECT] [Fatal Error] :1:1: Premature end of file.
2025-12-17 19:38:51,624 [ERROR] LogOutputStream:75 - [STDERR_REDIRECT] 
2025-12-17 19:38:52,623 [ERROR] LogOutputStream:75 - [STDERR_REDIRECT] [Fatal Error] :1:1: Premature end of file.
2025-12-17 19:38:52,623 [ERROR] LogOutputStream:75 - [STDERR_REDIRECT] 
2025-12-17 19:38:53,625 [ERROR] LogOutputStream:75 - [STDERR_REDIRECT] [Fatal Error] :1:1: Premature end of file.
2025-12-17 19:38:53,625 [ERROR] LogOutputStream:75 - [STDERR_REDIRECT] 
2025-12-17 19:38:54,623 [ERROR] LogOutputStream:75 - [STDERR_REDIRECT] [Fatal Error] :1:1: Premature end of file.
2025-12-17 19:38:54,623 [ERROR] LogOutputStream:75 - [STDERR_REDIRECT] 
2025-12-17 19:38:55,624 [ERROR] LogOutputStream:75 - [STDERR_REDIRECT] [Fatal Error] :1:1: Premature end of file.
2025-12-17 19:38:55,624 [ERROR] LogOutputStream:75 - [STDERR_REDIRECT] 
2025-12-17 19:38:56,623 [ERROR] LogOutputStream:75 - [STDERR_REDIRECT] [Fatal Error] :1:1: Premature end of file.
2025-12-17 19:38:56,623 [ERROR] LogOutputStream:75 - [STDERR_REDIRECT] 
2025-12-17 19:38:57,628 [ERROR] LogOutputStream:75 - [STDERR_REDIRECT] [Fatal Error] :1:1: Premature end of file.
2025-12-17 19:38:57,628 [ERROR] LogOutputStream:75 - [STDERR_REDIRECT] 
2025-12-17 19:38:58,623 [ERROR] LogOutputStream:75 - [STDERR_REDIRECT] [Fatal Error] :1:1: Premature end of file.
2025-12-17 19:38:58,623 [ERROR] LogOutputStream:75 - [STDERR_REDIRECT] 
2025-12-17 19:38:59,622 [ERROR] LogOutputStream:75 - [STDERR_REDIRECT] [Fatal Error] :1:1: Premature end of file.
2025-12-17 19:38:59,622 [ERROR] LogOutputStream:75 - [STDERR_REDIRECT] 
2025-12-17 19:39:00,623 [ERROR] LogOutputStream:75 - [STDERR_REDIRECT] [Fatal Error] :1:1: Premature end of file.
2025-12-17 19:39:00,623 [ERROR] LogOutputStream:75 - [STDERR_REDIRECT] 
2025-12-17 19:39:01,621 [ERROR] LogOutputStream:75 - [STDERR_REDIRECT] [Fatal Error] :1:1: Premature end of file.
2025-12-17 19:39:01,622 [ERROR] LogOutputStream:75 - [STDERR_REDIRECT] 
2025-12-17 19:39:02,621 [ERROR] LogOutputStream:75 - [STDERR_REDIRECT] [Fatal Error] :1:1: Premature end of file.
2025-12-17 19:39:02,622 [ERROR] LogOutputStream:75 - [STDERR_REDIRECT] 
2025-12-17 19:39:03,623 [ERROR] LogOutputStream:75 - [STDERR_REDIRECT] [Fatal Error] :1:1: Premature end of file.
2025-12-17 19:39:03,623 [ERROR] LogOutputStream:75 - [STDERR_REDIRECT] 
2025-12-17 19:39:04,621 [ERROR] LogOutputStream:75 - [STDERR_REDIRECT] [Fatal Error] :1:1: Premature end of file.
2025-12-17 19:39:04,621 [ERROR] LogOutputStream:75 - [STDERR_REDIRECT] 
2025-12-17 19:39:05,621 [ERROR] LogOutputStream:75 - [STDERR_REDIRECT] [Fatal Error] :1:1: Premature end of file.
2025-12-17 19:39:05,621 [ERROR] LogOutputStream:75 - [STDERR_REDIRECT] 
2025-12-17 19:39:06,621 [ERROR] LogOutputStream:75 - [STDERR_REDIRECT] [Fatal Error] :1:1: Premature end of file.
2025-12-17 19:39:06,621 [ERROR] LogOutputStream:75 - [STDERR_REDIRECT] 
2025-12-17 19:39:07,621 [ERROR] LogOutputStream:75 - [STDERR_REDIRECT] [Fatal Error] :1:1: Premature end of file.
2025-12-17 19:39:07,621 [ERROR] LogOutputStream:75 - [STDERR_REDIRECT] 
2025-12-17 19:39:08,623 [ERROR] LogOutputStream:75 - [STDERR_REDIRECT] [Fatal Error] :1:1: Premature end of file.
2025-12-17 19:39:08,623 [ERROR] LogOutputStream:75 - [STDERR_REDIRECT] 
2025-12-17 19:39:09,620 [ERROR] LogOutputStream:75 - [STDERR_REDIRECT] [Fatal Error] :1:1: Premature end of file.
2025-12-17 19:39:09,621 [ERROR] LogOutputStream:75 - [STDERR_REDIRECT] 
2025-12-17 19:39:10,622 [ERROR] LogOutputStream:75 - [STDERR_REDIRECT] [Fatal Error] :1:1: Premature end of file.
2025-12-17 19:39:10,622 [ERROR] LogOutputStream:75 - [STDERR_REDIRECT] 
2025-12-17 19:39:11,621 [ERROR] LogOutputStream:75 - [STDERR_REDIRECT] [Fatal Error] :1:1: Premature end of file.
2025-12-17 19:39:11,622 [ERROR] LogOutputStream:75 - [STDERR_REDIRECT] 
2025-12-17 19:39:12,622 [ERROR] LogOutputStream:75 - [STDERR_REDIRECT] [Fatal Error] :1:1: Premature end of file.
2025-12-17 19:39:12,622 [ERROR] LogOutputStream:75 - [STDERR_REDIRECT] 
2025-12-17 19:39:13,622 [ERROR] LogOutputStream:75 - [STDERR_REDIRECT] [Fatal Error] :1:1: Premature end of file.
2025-12-17 19:39:13,622 [ERROR] LogOutputStream:75 - [STDERR_REDIRECT] 
2025-12-17 19:39:14,622 [ERROR] LogOutputStream:75 - [STDERR_REDIRECT] [Fatal Error] :1:1: Premature end of file.
2025-12-17 19:39:14,622 [ERROR] LogOutputStream:75 - [STDERR_REDIRECT] 
2025-12-17 19:39:15,622 [ERROR] LogOutputStream:75 - [STDERR_REDIRECT] [Fatal Error] :1:1: Premature end of file.
2025-12-17 19:39:15,622 [ERROR] LogOutputStream:75 - [STDERR_REDIRECT] 
2025-12-17 19:39:16,622 [ERROR] LogOutputStream:75 - [STDERR_REDIRECT] [Fatal Error] :1:1: Premature end of file.
2025-12-17 19:39:16,622 [ERROR] LogOutputStream:75 - [STDERR_REDIRECT] 
2025-12-17 19:39:17,621 [ERROR] LogOutputStream:75 - [STDERR_REDIRECT] [Fatal Error] :1:1: Premature end of file.
2025-12-17 19:39:17,621 [ERROR] LogOutputStream:75 - [STDERR_REDIRECT] 
2025-12-17 19:39:18,622 [ERROR] LogOutputStream:75 - [STDERR_REDIRECT] [Fatal Error] :1:1: Premature end of file.
2025-12-17 19:39:18,622 [ERROR] LogOutputStream:75 - [STDERR_REDIRECT] 
2025-12-17 19:39:19,625 [ERROR] LogOutputStream:75 - [STDERR_REDIRECT] [Fatal Error] :1:1: Premature end of file.
2025-12-17 19:39:19,625 [ERROR] LogOutputStream:75 - [STDERR_REDIRECT] 
2025-12-17 19:39:20,625 [ERROR] LogOutputStream:75 - [STDERR_REDIRECT] [Fatal Error] :1:1: Premature end of file.
2025-12-17 19:39:20,625 [ERROR] LogOutputStream:75 - [STDERR_REDIRECT] 
2025-12-17 19:39:21,622 [ERROR] LogOutputStream:75 - [STDERR_REDIRECT] [Fatal Error] :1:1: Premature end of file.
2025-12-17 19:39:21,622 [ERROR] LogOutputStream:75 - [STDERR_REDIRECT] 
2025-12-17 19:39:22,622 [ERROR] LogOutputStream:75 - [STDERR_REDIRECT] [Fatal Error] :1:1: Premature end of file.
2025-12-17 19:39:22,622 [ERROR] LogOutputStream:75 - [STDERR_REDIRECT] 
2025-12-17 19:39:23,622 [ERROR] LogOutputStream:75 - [STDERR_REDIRECT] [Fatal Error] :1:1: Premature end of file.
2025-12-17 19:39:23,622 [ERROR] LogOutputStream:75 - [STDERR_REDIRECT] 
2025-12-17 19:39:24,623 [ERROR] LogOutputStream:75 - [STDERR_REDIRECT] [Fatal Error] :1:1: Premature end of file.
2025-12-17 19:39:24,623 [ERROR] LogOutputStream:75 - [STDERR_REDIRECT] 
2025-12-17 19:39:25,623 [ERROR] LogOutputStream:75 - [STDERR_REDIRECT] [Fatal Error] :1:1: Premature end of file.
2025-12-17 19:39:25,623 [ERROR] LogOutputStream:75 - [STDERR_REDIRECT] 
2025-12-17 19:39:26,620 [ERROR] LogOutputStream:75 - [STDERR_REDIRECT] [Fatal Error] :1:1: Premature end of file.
2025-12-17 19:39:26,620 [ERROR] LogOutputStream:75 - [STDERR_REDIRECT] 
2025-12-17 19:39:27,622 [ERROR] LogOutputStream:75 - [STDERR_REDIRECT] [Fatal Error] :1:1: Premature end of file.
2025-12-17 19:39:27,622 [ERROR] LogOutputStream:75 - [STDERR_REDIRECT] 
2025-12-17 19:39:28,625 [ERROR] LogOutputStream:75 - [STDERR_REDIRECT] [Fatal Error] :1:1: Premature end of file.
2025-12-17 19:39:28,625 [ERROR] LogOutputStream:75 - [STDERR_REDIRECT] 
2025-12-17 19:39:29,622 [ERROR] LogOutputStream:75 - [STDERR_REDIRECT] [Fatal Error] :1:1: Premature end of file.
2025-12-17 19:39:29,622 [ERROR] LogOutputStream:75 - [STDERR_REDIRECT] 
2025-12-17 19:39:30,623 [ERROR] LogOutputStream:75 - [STDERR_REDIRECT] [Fatal Error] :1:1: Premature end of file.
2025-12-17 19:39:30,623 [ERROR] LogOutputStream:75 - [STDERR_REDIRECT] 
2025-12-17 19:39:31,620 [ERROR] LogOutputStream:75 - [STDERR_REDIRECT] [Fatal Error] :1:1: Premature end of file.
2025-12-17 19:39:31,621 [ERROR] LogOutputStream:75 - [STDERR_REDIRECT] 
2025-12-17 19:39:32,622 [ERROR] LogOutputStream:75 - [STDERR_REDIRECT] [Fatal Error] :1:1: Premature end of file.
2025-12-17 19:39:32,622 [ERROR] LogOutputStream:75 - [STDERR_REDIRECT] 
2025-12-17 19:39:33,622 [ERROR] LogOutputStream:75 - [STDERR_REDIRECT] [Fatal Error] :1:1: Premature end of file.
2025-12-17 19:39:33,622 [ERROR] LogOutputStream:75 - [STDERR_REDIRECT] 
2025-12-17 19:39:34,623 [ERROR] LogOutputStream:75 - [STDERR_REDIRECT] [Fatal Error] :1:1: Premature end of file.
2025-12-17 19:39:34,623 [ERROR] LogOutputStream:75 - [STDERR_REDIRECT] 
2025-12-17 19:39:35,622 [ERROR] LogOutputStream:75 - [STDERR_REDIRECT] [Fatal Error] :1:1: Premature end of file.
2025-12-17 19:39:35,622 [ERROR] LogOutputStream:75 - [STDERR_REDIRECT] 
2025-12-17 19:39:36,624 [ERROR] LogOutputStream:75 - [STDERR_REDIRECT] [Fatal Error] :1:1: Premature end of file.
2025-12-17 19:39:36,624 [ERROR] LogOutputStream:75 - [STDERR_REDIRECT] 
2025-12-17 19:39:37,624 [ERROR] LogOutputStream:75 - [STDERR_REDIRECT] [Fatal Error] :1:1: Premature end of file.
2025-12-17 19:39:37,624 [ERROR] LogOutputStream:75 - [STDERR_REDIRECT] 
2025-12-17 19:39:38,622 [ERROR] LogOutputStream:75 - [STDERR_REDIRECT] [Fatal Error] :1:1: Premature end of file.
2025-12-17 19:39:38,622 [ERROR] LogOutputStream:75 - [STDERR_REDIRECT] 
2025-12-17 19:39:39,623 [ERROR] LogOutputStream:75 - [STDERR_REDIRECT] [Fatal Error] :1:1: Premature end of file.
2025-12-17 19:39:39,623 [ERROR] LogOutputStream:75 - [STDERR_REDIRECT] 
2025-12-17 19:39:40,622 [ERROR] LogOutputStream:75 - [STDERR_REDIRECT] [Fatal Error] :1:1: Premature end of file.
2025-12-17 19:39:40,622 [ERROR] LogOutputStream:75 - [STDERR_REDIRECT] 
2025-12-17 19:39:41,622 [ERROR] LogOutputStream:75 - [STDERR_REDIRECT] [Fatal Error] :1:1: Premature end of file.
2025-12-17 19:39:41,623 [ERROR] LogOutputStream:75 - [STDERR_REDIRECT] 
2025-12-17 19:39:42,621 [ERROR] LogOutputStream:75 - [STDERR_REDIRECT] [Fatal Error] :1:1: Premature end of file.
2025-12-17 19:39:42,621 [ERROR] LogOutputStream:75 - [STDERR_REDIRECT] 
2025-12-17 19:39:43,623 [ERROR] LogOutputStream:75 - [STDERR_REDIRECT] [Fatal Error] :1:1: Premature end of file.
2025-12-17 19:39:43,623 [ERROR] LogOutputStream:75 - [STDERR_REDIRECT] 
2025-12-17 19:39:44,623 [ERROR] LogOutputStream:75 - [STDERR_REDIRECT] [Fatal Error] :1:1: Premature end of file.
2025-12-17 19:39:44,623 [ERROR] LogOutputStream:75 - [STDERR_REDIRECT] 
2025-12-17 19:39:45,622 [ERROR] LogOutputStream:75 - [STDERR_REDIRECT] [Fatal Error] :1:1: Premature end of file.
2025-12-17 19:39:45,622 [ERROR] LogOutputStream:75 - [STDERR_REDIRECT] 
2025-12-17 19:39:46,622 [ERROR] LogOutputStream:75 - [STDERR_REDIRECT] [Fatal Error] :1:1: Premature end of file.
2025-12-17 19:39:46,622 [ERROR] LogOutputStream:75 - [STDERR_REDIRECT] 
2025-12-17 19:39:47,625 [ERROR] LogOutputStream:75 - [STDERR_REDIRECT] [Fatal Error] :1:1: Premature end of file.
2025-12-17 19:39:47,625 [ERROR] LogOutputStream:75 - [STDERR_REDIRECT] 
2025-12-17 19:39:48,624 [ERROR] LogOutputStream:75 - [STDERR_REDIRECT] [Fatal Error] :1:1: Premature end of file.
2025-12-17 19:39:48,624 [ERROR] LogOutputStream:75 - [STDERR_REDIRECT] 
2025-12-17 19:39:49,623 [ERROR] LogOutputStream:75 - [STDERR_REDIRECT] [Fatal Error] :1:1: Premature end of file.
2025-12-17 19:39:49,623 [ERROR] LogOutputStream:75 - [STDERR_REDIRECT] 
2025-12-17 19:39:50,623 [ERROR] LogOutputStream:75 - [STDERR_REDIRECT] [Fatal Error] :1:1: Premature end of file.
2025-12-17 19:39:50,623 [ERROR] LogOutputStream:75 - [STDERR_REDIRECT] 
2025-12-17 19:39:51,622 [ERROR] LogOutputStream:75 - [STDERR_REDIRECT] [Fatal Error] :1:1: Premature end of file.
2025-12-17 19:39:51,622 [ERROR] LogOutputStream:75 - [STDERR_REDIRECT] 
2025-12-17 19:39:52,626 [ERROR] LogOutputStream:75 - [STDERR_REDIRECT] [Fatal Error] :1:1: Premature end of file.
2025-12-17 19:39:52,626 [ERROR] LogOutputStream:75 - [STDERR_REDIRECT] 
2025-12-17 19:39:53,622 [ERROR] LogOutputStream:75 - [STDERR_REDIRECT] [Fatal Error] :1:1: Premature end of file.
2025-12-17 19:39:53,622 [ERROR] LogOutputStream:75 - [STDERR_REDIRECT] 
2025-12-17 19:39:54,624 [ERROR] LogOutputStream:75 - [STDERR_REDIRECT] [Fatal Error] :1:1: Premature end of file.
2025-12-17 19:39:54,624 [ERROR] LogOutputStream:75 - [STDERR_REDIRECT] 
2025-12-17 19:39:55,621 [ERROR] LogOutputStream:75 - [STDERR_REDIRECT] [Fatal Error] :1:1: Premature end of file.
2025-12-17 19:39:55,621 [ERROR] LogOutputStream:75 - [STDERR_REDIRECT] 
2025-12-17 19:39:56,623 [ERROR] LogOutputStream:75 - [STDERR_REDIRECT] [Fatal Error] :1:1: Premature end of file.
2025-12-17 19:39:56,624 [ERROR] LogOutputStream:75 - [STDERR_REDIRECT] 
2025-12-17 19:39:57,623 [ERROR] LogOutputStream:75 - [STDERR_REDIRECT] [Fatal Error] :1:1: Premature end of file.
2025-12-17 19:39:57,624 [ERROR] LogOutputStream:75 - [STDERR_REDIRECT] 
2025-12-17 19:39:58,620 [ERROR] LogOutputStream:75 - [STDERR_REDIRECT] [Fatal Error] :1:1: Premature end of file.
2025-12-17 19:39:58,620 [ERROR] LogOutputStream:75 - [STDERR_REDIRECT] 
2025-12-17 19:39:59,630 [ERROR] LogOutputStream:75 - [STDERR_REDIRECT] [Fatal Error] :1:1: Premature end of file.
2025-12-17 19:39:59,631 [ERROR] LogOutputStream:75 - [STDERR_REDIRECT] 
2025-12-17 19:40:00,621 [ERROR] LogOutputStream:75 - [STDERR_REDIRECT] [Fatal Error] :1:1: Premature end of file.
2025-12-17 19:40:00,622 [ERROR] LogOutputStream:75 - [STDERR_REDIRECT] 
2025-12-17 19:40:01,628 [ERROR] LogOutputStream:75 - [STDERR_REDIRECT] [Fatal Error] :1:1: Premature end of file.
2025-12-17 19:40:01,628 [ERROR] LogOutputStream:75 - [STDERR_REDIRECT] 
2025-12-17 19:40:02,622 [ERROR] LogOutputStream:75 - [STDERR_REDIRECT] [Fatal Error] :1:1: Premature end of file.
2025-12-17 19:40:02,622 [ERROR] LogOutputStream:75 - [STDERR_REDIRECT] 
2025-12-17 19:40:03,622 [ERROR] LogOutputStream:75 - [STDERR_REDIRECT] [Fatal Error] :1:1: Premature end of file.
2025-12-17 19:40:03,622 [ERROR] LogOutputStream:75 - [STDERR_REDIRECT] 
2025-12-17 19:40:04,622 [ERROR] LogOutputStream:75 - [STDERR_REDIRECT] [Fatal Error] :1:1: Premature end of file.
2025-12-17 19:40:04,622 [ERROR] LogOutputStream:75 - [STDERR_REDIRECT] 
2025-12-17 19:40:05,621 [ERROR] LogOutputStream:75 - [STDERR_REDIRECT] [Fatal Error] :1:1: Premature end of file.
2025-12-17 19:40:05,622 [ERROR] LogOutputStream:75 - [STDERR_REDIRECT] 
2025-12-17 19:40:06,621 [ERROR] LogOutputStream:75 - [STDERR_REDIRECT] [Fatal Error] :1:1: Premature end of file.
2025-12-17 19:40:06,621 [ERROR] LogOutputStream:75 - [STDERR_REDIRECT] 
2025-12-17 19:40:07,621 [ERROR] LogOutputStream:75 - [STDERR_REDIRECT] [Fatal Error] :1:1: Premature end of file.
2025-12-17 19:40:07,621 [ERROR] LogOutputStream:75 - [STDERR_REDIRECT] 
2025-12-17 19:40:08,620 [ERROR] LogOutputStream:75 - [STDERR_REDIRECT] [Fatal Error] :1:1: Premature end of file.
2025-12-17 19:40:08,620 [ERROR] LogOutputStream:75 - [STDERR_REDIRECT] 
2025-12-17 19:40:09,621 [ERROR] LogOutputStream:75 - [STDERR_REDIRECT] [Fatal Error] :1:1: Premature end of file.
2025-12-17 19:40:09,621 [ERROR] LogOutputStream:75 - [STDERR_REDIRECT] 
2025-12-17 19:40:10,623 [ERROR] LogOutputStream:75 - [STDERR_REDIRECT] [Fatal Error] :1:1: Premature end of file.
2025-12-17 19:40:10,623 [ERROR] LogOutputStream:75 - [STDERR_REDIRECT] 
2025-12-17 19:40:11,620 [ERROR] LogOutputStream:75 - [STDERR_REDIRECT] [Fatal Error] :1:1: Premature end of file.
2025-12-17 19:40:11,620 [ERROR] LogOutputStream:75 - [STDERR_REDIRECT] 
2025-12-17 19:40:12,622 [ERROR] LogOutputStream:75 - [STDERR_REDIRECT] [Fatal Error] :1:1: Premature end of file.
2025-12-17 19:40:12,623 [ERROR] LogOutputStream:75 - [STDERR_REDIRECT] 
2025-12-17 19:40:13,622 [ERROR] LogOutputStream:75 - [STDERR_REDIRECT] [Fatal Error] :1:1: Premature end of file.
2025-12-17 19:40:13,622 [ERROR] LogOutputStream:75 - [STDERR_REDIRECT] 
2025-12-17 19:40:14,623 [ERROR] LogOutputStream:75 - [STDERR_REDIRECT] [Fatal Error] :1:1: Premature end of file.
2025-12-17 19:40:14,624 [ERROR] LogOutputStream:75 - [STDERR_REDIRECT] 
2025-12-17 19:40:15,622 [ERROR] LogOutputStream:75 - [STDERR_REDIRECT] [Fatal Error] :1:1: Premature end of file.
2025-12-17 19:40:15,622 [ERROR] LogOutputStream:75 - [STDERR_REDIRECT] 
2025-12-17 19:40:16,623 [ERROR] LogOutputStream:75 - [STDERR_REDIRECT] [Fatal Error] :1:1: Premature end of file.
2025-12-17 19:40:16,623 [ERROR] LogOutputStream:75 - [STDERR_REDIRECT] 
2025-12-17 19:40:17,623 [ERROR] LogOutputStream:75 - [STDERR_REDIRECT] [Fatal Error] :1:1: Premature end of file.
2025-12-17 19:40:17,623 [ERROR] LogOutputStream:75 - [STDERR_REDIRECT] 
2025-12-17 19:40:18,622 [ERROR] LogOutputStream:75 - [STDERR_REDIRECT] [Fatal Error] :1:1: Premature end of file.
2025-12-17 19:40:18,623 [ERROR] LogOutputStream:75 - [STDERR_REDIRECT] 
2025-12-17 19:40:19,623 [ERROR] LogOutputStream:75 - [STDERR_REDIRECT] [Fatal Error] :1:1: Premature end of file.
2025-12-17 19:40:19,624 [ERROR] LogOutputStream:75 - [STDERR_REDIRECT] 
2025-12-17 19:40:20,622 [ERROR] LogOutputStream:75 - [STDERR_REDIRECT] [Fatal Error] :1:1: Premature end of file.
2025-12-17 19:40:20,622 [ERROR] LogOutputStream:75 - [STDERR_REDIRECT] 
2025-12-17 19:40:21,623 [ERROR] LogOutputStream:75 - [STDERR_REDIRECT] [Fatal Error] :1:1: Premature end of file.
2025-12-17 19:40:21,624 [ERROR] LogOutputStream:75 - [STDERR_REDIRECT] 
2025-12-17 19:40:22,624 [ERROR] LogOutputStream:75 - [STDERR_REDIRECT] [Fatal Error] :1:1: Premature end of file.
2025-12-17 19:40:22,625 [ERROR] LogOutputStream:75 - [STDERR_REDIRECT] 
2025-12-17 19:40:23,622 [ERROR] LogOutputStream:75 - [STDERR_REDIRECT] [Fatal Error] :1:1: Premature end of file.
2025-12-17 19:40:23,622 [ERROR] LogOutputStream:75 - [STDERR_REDIRECT] 
2025-12-17 19:40:24,624 [ERROR] LogOutputStream:75 - [STDERR_REDIRECT] [Fatal Error] :1:1: Premature end of file.
2025-12-17 19:40:24,624 [ERROR] LogOutputStream:75 - [STDERR_REDIRECT] 
2025-12-17 19:40:25,621 [ERROR] LogOutputStream:75 - [STDERR_REDIRECT] [Fatal Error] :1:1: Premature end of file.
2025-12-17 19:40:25,621 [ERROR] LogOutputStream:75 - [STDERR_REDIRECT] 
2025-12-17 19:40:26,623 [ERROR] LogOutputStream:75 - [STDERR_REDIRECT] [Fatal Error] :1:1: Premature end of file.
2025-12-17 19:40:26,623 [ERROR] LogOutputStream:75 - [STDERR_REDIRECT] 
2025-12-17 19:40:27,626 [ERROR] LogOutputStream:75 - [STDERR_REDIRECT] [Fatal Error] :1:1: Premature end of file.
2025-12-17 19:40:27,626 [ERROR] LogOutputStream:75 - [STDERR_REDIRECT] 
2025-12-17 19:40:28,623 [ERROR] LogOutputStream:75 - [STDERR_REDIRECT] [Fatal Error] :1:1: Premature end of file.
2025-12-17 19:40:28,623 [ERROR] LogOutputStream:75 - [STDERR_REDIRECT] 
2025-12-17 19:40:29,624 [ERROR] LogOutputStream:75 - [STDERR_REDIRECT] [Fatal Error] :1:1: Premature end of file.
2025-12-17 19:40:29,624 [ERROR] LogOutputStream:75 - [STDERR_REDIRECT] 
2025-12-17 19:40:30,624 [ERROR] LogOutputStream:75 - [STDERR_REDIRECT] [Fatal Error] :1:1: Premature end of file.
2025-12-17 19:40:30,624 [ERROR] LogOutputStream:75 - [STDERR_REDIRECT] 
2025-12-17 19:40:31,626 [ERROR] LogOutputStream:75 - [STDERR_REDIRECT] [Fatal Error] :1:1: Premature end of file.
2025-12-17 19:40:31,626 [ERROR] LogOutputStream:75 - [STDERR_REDIRECT] 
2025-12-17 19:40:32,623 [ERROR] LogOutputStream:75 - [STDERR_REDIRECT] [Fatal Error] :1:1: Premature end of file.
2025-12-17 19:40:32,623 [ERROR] LogOutputStream:75 - [STDERR_REDIRECT] 
2025-12-17 19:40:33,623 [ERROR] LogOutputStream:75 - [STDERR_REDIRECT] [Fatal Error] :1:1: Premature end of file.
2025-12-17 19:40:33,624 [ERROR] LogOutputStream:75 - [STDERR_REDIRECT] 
2025-12-17 19:40:34,626 [ERROR] LogOutputStream:75 - [STDERR_REDIRECT] [Fatal Error] :1:1: Premature end of file.
2025-12-17 19:40:34,626 [ERROR] LogOutputStream:75 - [STDERR_REDIRECT] 
2025-12-17 19:40:35,626 [ERROR] LogOutputStream:75 - [STDERR_REDIRECT] [Fatal Error] :1:1: Premature end of file.
2025-12-17 19:40:35,626 [ERROR] LogOutputStream:75 - [STDERR_REDIRECT] 
2025-12-17 19:40:36,628 [ERROR] LogOutputStream:75 - [STDERR_REDIRECT] [Fatal Error] :1:1: Premature end of file.
2025-12-17 19:40:36,628 [ERROR] LogOutputStream:75 - [STDERR_REDIRECT] 
2025-12-17 19:40:37,626 [ERROR] LogOutputStream:75 - [STDERR_REDIRECT] [Fatal Error] :1:1: Premature end of file.
2025-12-17 19:40:37,626 [ERROR] LogOutputStream:75 - [STDERR_REDIRECT] 
2025-12-17 19:40:38,624 [ERROR] LogOutputStream:75 - [STDERR_REDIRECT] [Fatal Error] :1:1: Premature end of file.
2025-12-17 19:40:38,625 [ERROR] LogOutputStream:75 - [STDERR_REDIRECT] 
2025-12-17 19:40:39,624 [ERROR] LogOutputStream:75 - [STDERR_REDIRECT] [Fatal Error] :1:1: Premature end of file.
2025-12-17 19:40:39,624 [ERROR] LogOutputStream:75 - [STDERR_REDIRECT] 
2025-12-17 19:40:40,623 [ERROR] LogOutputStream:75 - [STDERR_REDIRECT] [Fatal Error] :1:1: Premature end of file.
2025-12-17 19:40:40,625 [ERROR] LogOutputStream:75 - [STDERR_REDIRECT] 
2025-12-17 19:40:41,624 [ERROR] LogOutputStream:75 - [STDERR_REDIRECT] [Fatal Error] :1:1: Premature end of file.
2025-12-17 19:40:41,624 [ERROR] LogOutputStream:75 - [STDERR_REDIRECT] 
2025-12-17 19:40:42,623 [ERROR] LogOutputStream:75 - [STDERR_REDIRECT] [Fatal Error] :1:1: Premature end of file.
2025-12-17 19:40:42,623 [ERROR] LogOutputStream:75 - [STDERR_REDIRECT] 
2025-12-17 19:40:43,622 [ERROR] LogOutputStream:75 - [STDERR_REDIRECT] [Fatal Error] :1:1: Premature end of file.
2025-12-17 19:40:43,622 [ERROR] LogOutputStream:75 - [STDERR_REDIRECT] 
2025-12-17 19:40:44,622 [ERROR] LogOutputStream:75 - [STDERR_REDIRECT] [Fatal Error] :1:1: Premature end of file.
2025-12-17 19:40:44,622 [ERROR] LogOutputStream:75 - [STDERR_REDIRECT] 
2025-12-17 19:40:45,623 [ERROR] LogOutputStream:75 - [STDERR_REDIRECT] [Fatal Error] :1:1: Premature end of file.
2025-12-17 19:40:45,623 [ERROR] LogOutputStream:75 - [STDERR_REDIRECT] 
2025-12-17 19:40:46,623 [ERROR] LogOutputStream:75 - [STDERR_REDIRECT] [Fatal Error] :1:1: Premature end of file.
2025-12-17 19:40:46,623 [ERROR] LogOutputStream:75 - [STDERR_REDIRECT] 
2025-12-17 19:40:47,629 [ERROR] LogOutputStream:75 - [STDERR_REDIRECT] [Fatal Error] :1:1: Premature end of file.
2025-12-17 19:40:47,629 [ERROR] LogOutputStream:75 - [STDERR_REDIRECT] 
2025-12-17 19:40:48,625 [ERROR] LogOutputStream:75 - [STDERR_REDIRECT] [Fatal Error] :1:1: Premature end of file.
2025-12-17 19:40:48,626 [ERROR] LogOutputStream:75 - [STDERR_REDIRECT] 
2025-12-17 19:40:49,625 [ERROR] LogOutputStream:75 - [STDERR_REDIRECT] [Fatal Error] :1:1: Premature end of file.
2025-12-17 19:40:49,626 [ERROR] LogOutputStream:75 - [STDERR_REDIRECT] 
2025-12-17 19:40:50,627 [ERROR] LogOutputStream:75 - [STDERR_REDIRECT] [Fatal Error] :1:1: Premature end of file.
2025-12-17 19:40:50,627 [ERROR] LogOutputStream:75 - [STDERR_REDIRECT] 
2025-12-17 19:40:51,625 [ERROR] LogOutputStream:75 - [STDERR_REDIRECT] [Fatal Error] :1:1: Premature end of file.
2025-12-17 19:40:51,625 [ERROR] LogOutputStream:75 - [STDERR_REDIRECT] 
2025-12-17 19:40:52,625 [ERROR] LogOutputStream:75 - [STDERR_REDIRECT] [Fatal Error] :1:1: Premature end of file.
2025-12-17 19:40:52,625 [ERROR] LogOutputStream:75 - [STDERR_REDIRECT] 
2025-12-17 19:40:53,623 [ERROR] LogOutputStream:75 - [STDERR_REDIRECT] [Fatal Error] :1:1: Premature end of file.
2025-12-17 19:40:53,623 [ERROR] LogOutputStream:75 - [STDERR_REDIRECT] 
2025-12-17 19:40:54,624 [ERROR] LogOutputStream:75 - [STDERR_REDIRECT] [Fatal Error] :1:1: Premature end of file.
2025-12-17 19:40:54,625 [ERROR] LogOutputStream:75 - [STDERR_REDIRECT] 
2025-12-17 19:40:55,625 [ERROR] LogOutputStream:75 - [STDERR_REDIRECT] [Fatal Error] :1:1: Premature end of file.
2025-12-17 19:40:55,625 [ERROR] LogOutputStream:75 - [STDERR_REDIRECT] 
2025-12-17 19:40:56,625 [ERROR] LogOutputStream:75 - [STDERR_REDIRECT] [Fatal Error] :1:1: Premature end of file.
2025-12-17 19:40:56,625 [ERROR] LogOutputStream:75 - [STDERR_REDIRECT] 
2025-12-17 19:40:57,623 [ERROR] LogOutputStream:75 - [STDERR_REDIRECT] [Fatal Error] :1:1: Premature end of file.
2025-12-17 19:40:57,623 [ERROR] LogOutputStream:75 - [STDERR_REDIRECT] 
2025-12-17 19:40:58,623 [ERROR] LogOutputStream:75 - [STDERR_REDIRECT] [Fatal Error] :1:1: Premature end of file.
2025-12-17 19:40:58,624 [ERROR] LogOutputStream:75 - [STDERR_REDIRECT] 
2025-12-17 19:40:59,621 [ERROR] LogOutputStream:75 - [STDERR_REDIRECT] [Fatal Error] :1:1: Premature end of file.
2025-12-17 19:40:59,622 [ERROR] LogOutputStream:75 - [STDERR_REDIRECT] 
2025-12-17 19:41:00,623 [ERROR] LogOutputStream:75 - [STDERR_REDIRECT] [Fatal Error] :1:1: Premature end of file.
2025-12-17 19:41:00,623 [ERROR] LogOutputStream:75 - [STDERR_REDIRECT] 
2025-12-17 19:41:01,629 [ERROR] LogOutputStream:75 - [STDERR_REDIRECT] [Fatal Error] :1:1: Premature end of file.
2025-12-17 19:41:01,629 [ERROR] LogOutputStream:75 - [STDERR_REDIRECT] 
2025-12-17 19:41:02,611 [ERROR] LogOutputStream:75 - [STDERR_REDIRECT] [Fatal Error] :1:1: Premature end of file.
2025-12-17 19:41:02,613 [ERROR] LogOutputStream:75 - [STDERR_REDIRECT] 
2025-12-17 19:41:03,626 [ERROR] LogOutputStream:75 - [STDERR_REDIRECT] [Fatal Error] :1:1: Premature end of file.
2025-12-17 19:41:03,626 [ERROR] LogOutputStream:75 - [STDERR_REDIRECT] 
2025-12-17 19:41:04,632 [ERROR] LogOutputStream:75 - [STDERR_REDIRECT] [Fatal Error] :1:1: Premature end of file.
2025-12-17 19:41:04,632 [ERROR] LogOutputStream:75 - [STDERR_REDIRECT] 
2025-12-17 19:41:05,622 [ERROR] LogOutputStream:75 - [STDERR_REDIRECT] [Fatal Error] :1:1: Premature end of file.
2025-12-17 19:41:05,622 [ERROR] LogOutputStream:75 - [STDERR_REDIRECT] 
2025-12-17 19:41:06,619 [ERROR] LogOutputStream:75 - [STDERR_REDIRECT] [Fatal Error] :1:1: Premature end of file.
2025-12-17 19:41:06,621 [ERROR] LogOutputStream:75 - [STDERR_REDIRECT] 
2025-12-17 19:41:07,623 [ERROR] LogOutputStream:75 - [STDERR_REDIRECT] [Fatal Error] :1:1: Premature end of file.
2025-12-17 19:41:07,623 [ERROR] LogOutputStream:75 - [STDERR_REDIRECT] 
2025-12-17 19:41:08,624 [ERROR] LogOutputStream:75 - [STDERR_REDIRECT] [Fatal Error] :1:1: Premature end of file.
2025-12-17 19:41:08,624 [ERROR] LogOutputStream:75 - [STDERR_REDIRECT] 
2025-12-17 19:41:09,622 [ERROR] LogOutputStream:75 - [STDERR_REDIRECT] [Fatal Error] :1:1: Premature end of file.
2025-12-17 19:41:09,622 [ERROR] LogOutputStream:75 - [STDERR_REDIRECT] 
2025-12-17 19:41:10,623 [ERROR] LogOutputStream:75 - [STDERR_REDIRECT] [Fatal Error] :1:1: Premature end of file.
2025-12-17 19:41:10,623 [ERROR] LogOutputStream:75 - [STDERR_REDIRECT] 
2025-12-17 19:41:11,623 [ERROR] LogOutputStream:75 - [STDERR_REDIRECT] [Fatal Error] :1:1: Premature end of file.
2025-12-17 19:41:11,623 [ERROR] LogOutputStream:75 - [STDERR_REDIRECT] 
2025-12-17 19:41:12,623 [ERROR] LogOutputStream:75 - [STDERR_REDIRECT] [Fatal Error] :1:1: Premature end of file.
2025-12-17 19:41:12,623 [ERROR] LogOutputStream:75 - [STDERR_REDIRECT] 
2025-12-17 19:41:13,633 [ERROR] LogOutputStream:75 - [STDERR_REDIRECT] [Fatal Error] :1:1: Premature end of file.
2025-12-17 19:41:13,633 [ERROR] LogOutputStream:75 - [STDERR_REDIRECT] 
2025-12-17 19:41:14,623 [ERROR] LogOutputStream:75 - [STDERR_REDIRECT] [Fatal Error] :1:1: Premature end of file.
2025-12-17 19:41:14,623 [ERROR] LogOutputStream:75 - [STDERR_REDIRECT] 
2025-12-17 19:41:15,623 [ERROR] LogOutputStream:75 - [STDERR_REDIRECT] [Fatal Error] :1:1: Premature end of file.
2025-12-17 19:41:15,623 [ERROR] LogOutputStream:75 - [STDERR_REDIRECT] 
2025-12-17 19:41:16,623 [ERROR] LogOutputStream:75 - [STDERR_REDIRECT] [Fatal Error] :1:1: Premature end of file.
2025-12-17 19:41:16,623 [ERROR] LogOutputStream:75 - [STDERR_REDIRECT] 
2025-12-17 19:41:17,623 [ERROR] LogOutputStream:75 - [STDERR_REDIRECT] [Fatal Error] :1:1: Premature end of file.
2025-12-17 19:41:17,623 [ERROR] LogOutputStream:75 - [STDERR_REDIRECT] 
2025-12-17 19:41:18,629 [ERROR] LogOutputStream:75 - [STDERR_REDIRECT] [Fatal Error] :1:1: Premature end of file.
2025-12-17 19:41:18,629 [ERROR] LogOutputStream:75 - [STDERR_REDIRECT] 
2025-12-17 19:41:19,623 [ERROR] LogOutputStream:75 - [STDERR_REDIRECT] [Fatal Error] :1:1: Premature end of file.
2025-12-17 19:41:19,623 [ERROR] LogOutputStream:75 - [STDERR_REDIRECT] 
2025-12-17 19:41:20,625 [ERROR] LogOutputStream:75 - [STDERR_REDIRECT] [Fatal Error] :1:1: Premature end of file.
2025-12-17 19:41:20,625 [ERROR] LogOutputStream:75 - [STDERR_REDIRECT] 
2025-12-17 19:41:21,624 [ERROR] LogOutputStream:75 - [STDERR_REDIRECT] [Fatal Error] :1:1: Premature end of file.
2025-12-17 19:41:21,624 [ERROR] LogOutputStream:75 - [STDERR_REDIRECT] 
2025-12-17 19:41:22,623 [ERROR] LogOutputStream:75 - [STDERR_REDIRECT] [Fatal Error] :1:1: Premature end of file.
2025-12-17 19:41:22,623 [ERROR] LogOutputStream:75 - [STDERR_REDIRECT] 
2025-12-17 19:41:23,623 [ERROR] LogOutputStream:75 - [STDERR_REDIRECT] [Fatal Error] :1:1: Premature end of file.
2025-12-17 19:41:23,623 [ERROR] LogOutputStream:75 - [STDERR_REDIRECT] 
2025-12-17 19:41:24,623 [ERROR] LogOutputStream:75 - [STDERR_REDIRECT] [Fatal Error] :1:1: Premature end of file.
2025-12-17 19:41:24,623 [ERROR] LogOutputStream:75 - [STDERR_REDIRECT] 
2025-12-17 19:41:25,622 [ERROR] LogOutputStream:75 - [STDERR_REDIRECT] [Fatal Error] :1:1: Premature end of file.
2025-12-17 19:41:25,622 [ERROR] LogOutputStream:75 - [STDERR_REDIRECT] 
2025-12-17 19:41:26,625 [ERROR] LogOutputStream:75 - [STDERR_REDIRECT] [Fatal Error] :1:1: Premature end of file.
2025-12-17 19:41:26,625 [ERROR] LogOutputStream:75 - [STDERR_REDIRECT] 
2025-12-17 19:41:27,624 [ERROR] LogOutputStream:75 - [STDERR_REDIRECT] [Fatal Error] :1:1: Premature end of file.
2025-12-17 19:41:27,624 [ERROR] LogOutputStream:75 - [STDERR_REDIRECT] 
2025-12-17 19:41:28,624 [ERROR] LogOutputStream:75 - [STDERR_REDIRECT] [Fatal Error] :1:1: Premature end of file.
2025-12-17 19:41:28,624 [ERROR] LogOutputStream:75 - [STDERR_REDIRECT] 
2025-12-17 19:41:29,622 [ERROR] LogOutputStream:75 - [STDERR_REDIRECT] [Fatal Error] :1:1: Premature end of file.
2025-12-17 19:41:29,623 [ERROR] LogOutputStream:75 - [STDERR_REDIRECT] 
2025-12-17 19:41:30,621 [ERROR] LogOutputStream:75 - [STDERR_REDIRECT] [Fatal Error] :1:1: Premature end of file.
2025-12-17 19:41:30,623 [ERROR] LogOutputStream:75 - [STDERR_REDIRECT] 
2025-12-17 19:41:31,627 [ERROR] LogOutputStream:75 - [STDERR_REDIRECT] [Fatal Error] :1:1: Premature end of file.
2025-12-17 19:41:31,627 [ERROR] LogOutputStream:75 - [STDERR_REDIRECT] 
2025-12-17 19:41:32,626 [ERROR] LogOutputStream:75 - [STDERR_REDIRECT] [Fatal Error] :1:1: Premature end of file.
2025-12-17 19:41:32,627 [ERROR] LogOutputStream:75 - [STDERR_REDIRECT] 
2025-12-17 19:41:33,622 [ERROR] LogOutputStream:75 - [STDERR_REDIRECT] [Fatal Error] :1:1: Premature end of file.
2025-12-17 19:41:33,622 [ERROR] LogOutputStream:75 - [STDERR_REDIRECT] 
2025-12-17 19:41:34,626 [ERROR] LogOutputStream:75 - [STDERR_REDIRECT] [Fatal Error] :1:1: Premature end of file.
2025-12-17 19:41:34,626 [ERROR] LogOutputStream:75 - [STDERR_REDIRECT] 
2025-12-17 19:41:35,623 [ERROR] LogOutputStream:75 - [STDERR_REDIRECT] [Fatal Error] :1:1: Premature end of file.
2025-12-17 19:41:35,623 [ERROR] LogOutputStream:75 - [STDERR_REDIRECT] 
2025-12-17 19:41:36,622 [ERROR] LogOutputStream:75 - [STDERR_REDIRECT] [Fatal Error] :1:1: Premature end of file.
2025-12-17 19:41:36,622 [ERROR] LogOutputStream:75 - [STDERR_REDIRECT] 
2025-12-17 19:41:37,622 [ERROR] LogOutputStream:75 - [STDERR_REDIRECT] [Fatal Error] :1:1: Premature end of file.
2025-12-17 19:41:37,622 [ERROR] LogOutputStream:75 - [STDERR_REDIRECT] 
2025-12-17 19:41:38,622 [ERROR] LogOutputStream:75 - [STDERR_REDIRECT] [Fatal Error] :1:1: Premature end of file.
2025-12-17 19:41:38,622 [ERROR] LogOutputStream:75 - [STDERR_REDIRECT] 
2025-12-17 19:41:39,624 [ERROR] LogOutputStream:75 - [STDERR_REDIRECT] [Fatal Error] :1:1: Premature end of file.
2025-12-17 19:41:39,624 [ERROR] LogOutputStream:75 - [STDERR_REDIRECT] 
2025-12-17 19:41:40,621 [ERROR] LogOutputStream:75 - [STDERR_REDIRECT] [Fatal Error] :1:1: Premature end of file.
2025-12-17 19:41:40,621 [ERROR] LogOutputStream:75 - [STDERR_REDIRECT] 
2025-12-17 19:41:41,630 [ERROR] LogOutputStream:75 - [STDERR_REDIRECT] [Fatal Error] :1:1: Premature end of file.
2025-12-17 19:41:41,630 [ERROR] LogOutputStream:75 - [STDERR_REDIRECT] 
2025-12-17 19:41:42,621 [ERROR] LogOutputStream:75 - [STDERR_REDIRECT] [Fatal Error] :1:1: Premature end of file.
2025-12-17 19:41:42,622 [ERROR] LogOutputStream:75 - [STDERR_REDIRECT] 
2025-12-17 19:41:43,622 [ERROR] LogOutputStream:75 - [STDERR_REDIRECT] [Fatal Error] :1:1: Premature end of file.
2025-12-17 19:41:43,622 [ERROR] LogOutputStream:75 - [STDERR_REDIRECT] 
2025-12-17 19:41:44,622 [ERROR] LogOutputStream:75 - [STDERR_REDIRECT] [Fatal Error] :1:1: Premature end of file.
2025-12-17 19:41:44,622 [ERROR] LogOutputStream:75 - [STDERR_REDIRECT] 
2025-12-17 19:41:45,625 [ERROR] LogOutputStream:75 - [STDERR_REDIRECT] [Fatal Error] :1:1: Premature end of file.
2025-12-17 19:41:45,625 [ERROR] LogOutputStream:75 - [STDERR_REDIRECT] 
2025-12-17 19:41:46,623 [ERROR] LogOutputStream:75 - [STDERR_REDIRECT] [Fatal Error] :1:1: Premature end of file.
2025-12-17 19:41:46,624 [ERROR] LogOutputStream:75 - [STDERR_REDIRECT] 
2025-12-17 19:41:47,626 [ERROR] LogOutputStream:75 - [STDERR_REDIRECT] [Fatal Error] :1:1: Premature end of file.
2025-12-17 19:41:47,626 [ERROR] LogOutputStream:75 - [STDERR_REDIRECT] 
2025-12-17 19:41:48,623 [ERROR] LogOutputStream:75 - [STDERR_REDIRECT] [Fatal Error] :1:1: Premature end of file.
2025-12-17 19:41:48,623 [ERROR] LogOutputStream:75 - [STDERR_REDIRECT] 
2025-12-17 19:41:49,626 [ERROR] LogOutputStream:75 - [STDERR_REDIRECT] [Fatal Error] :1:1: Premature end of file.
2025-12-17 19:41:49,626 [ERROR] LogOutputStream:75 - [STDERR_REDIRECT] 
2025-12-17 19:41:50,623 [ERROR] LogOutputStream:75 - [STDERR_REDIRECT] [Fatal Error] :1:1: Premature end of file.
2025-12-17 19:41:50,624 [ERROR] LogOutputStream:75 - [STDERR_REDIRECT] 
2025-12-17 19:41:51,628 [ERROR] LogOutputStream:75 - [STDERR_REDIRECT] [Fatal Error] :1:1: Premature end of file.
2025-12-17 19:41:51,628 [ERROR] LogOutputStream:75 - [STDERR_REDIRECT] 
2025-12-17 19:41:52,628 [ERROR] LogOutputStream:75 - [STDERR_REDIRECT] [Fatal Error] :1:1: Premature end of file.
2025-12-17 19:41:52,628 [ERROR] LogOutputStream:75 - [STDERR_REDIRECT] 
2025-12-17 19:41:53,622 [ERROR] LogOutputStream:75 - [STDERR_REDIRECT] [Fatal Error] :1:1: Premature end of file.
2025-12-17 19:41:53,622 [ERROR] LogOutputStream:75 - [STDERR_REDIRECT] 
2025-12-17 19:41:54,621 [ERROR] LogOutputStream:75 - [STDERR_REDIRECT] [Fatal Error] :1:1: Premature end of file.
2025-12-17 19:41:54,622 [ERROR] LogOutputStream:75 - [STDERR_REDIRECT] 
2025-12-17 19:41:55,625 [ERROR] LogOutputStream:75 - [STDERR_REDIRECT] [Fatal Error] :1:1: Premature end of file.
2025-12-17 19:41:55,625 [ERROR] LogOutputStream:75 - [STDERR_REDIRECT] 
2025-12-17 19:41:56,623 [ERROR] LogOutputStream:75 - [STDERR_REDIRECT] [Fatal Error] :1:1: Premature end of file.
2025-12-17 19:41:56,624 [ERROR] LogOutputStream:75 - [STDERR_REDIRECT] 
2025-12-17 19:41:57,625 [ERROR] LogOutputStream:75 - [STDERR_REDIRECT] [Fatal Error] :1:1: Premature end of file.
2025-12-17 19:41:57,625 [ERROR] LogOutputStream:75 - [STDERR_REDIRECT] 
2025-12-17 19:41:58,628 [ERROR] LogOutputStream:75 - [STDERR_REDIRECT] [Fatal Error] :1:1: Premature end of file.
2025-12-17 19:41:58,628 [ERROR] LogOutputStream:75 - [STDERR_REDIRECT] 
2025-12-17 19:41:59,629 [ERROR] LogOutputStream:75 - [STDERR_REDIRECT] [Fatal Error] :1:1: Premature end of file.
2025-12-17 19:41:59,629 [ERROR] LogOutputStream:75 - [STDERR_REDIRECT] 
2025-12-17 19:42:00,625 [ERROR] LogOutputStream:75 - [STDERR_REDIRECT] [Fatal Error] :1:1: Premature end of file.
2025-12-17 19:42:00,625 [ERROR] LogOutputStream:75 - [STDERR_REDIRECT] 
2025-12-17 19:42:01,623 [ERROR] LogOutputStream:75 - [STDERR_REDIRECT] [Fatal Error] :1:1: Premature end of file.
2025-12-17 19:42:01,623 [ERROR] LogOutputStream:75 - [STDERR_REDIRECT] 
2025-12-17 19:42:02,625 [ERROR] LogOutputStream:75 - [STDERR_REDIRECT] [Fatal Error] :1:1: Premature end of file.
2025-12-17 19:42:02,626 [ERROR] LogOutputStream:75 - [STDERR_REDIRECT] 
2025-12-17 19:42:03,626 [ERROR] LogOutputStream:75 - [STDERR_REDIRECT] [Fatal Error] :1:1: Premature end of file.
2025-12-17 19:42:03,626 [ERROR] LogOutputStream:75 - [STDERR_REDIRECT] 
2025-12-17 19:42:04,629 [ERROR] LogOutputStream:75 - [STDERR_REDIRECT] [Fatal Error] :1:1: Premature end of file.
2025-12-17 19:42:04,630 [ERROR] LogOutputStream:75 - [STDERR_REDIRECT] 
2025-12-17 19:42:05,622 [ERROR] LogOutputStream:75 - [STDERR_REDIRECT] [Fatal Error] :1:1: Premature end of file.
2025-12-17 19:42:05,622 [ERROR] LogOutputStream:75 - [STDERR_REDIRECT] 
2025-12-17 19:42:06,623 [ERROR] LogOutputStream:75 - [STDERR_REDIRECT] [Fatal Error] :1:1: Premature end of file.
2025-12-17 19:42:06,623 [ERROR] LogOutputStream:75 - [STDERR_REDIRECT] 
2025-12-17 19:42:07,623 [ERROR] LogOutputStream:75 - [STDERR_REDIRECT] [Fatal Error] :1:1: Premature end of file.
2025-12-17 19:42:07,623 [ERROR] LogOutputStream:75 - [STDERR_REDIRECT] 
2025-12-17 19:42:08,625 [ERROR] LogOutputStream:75 - [STDERR_REDIRECT] [Fatal Error] :1:1: Premature end of file.
2025-12-17 19:42:08,625 [ERROR] LogOutputStream:75 - [STDERR_REDIRECT] 
2025-12-17 19:42:09,627 [ERROR] LogOutputStream:75 - [STDERR_REDIRECT] [Fatal Error] :1:1: Premature end of file.
2025-12-17 19:42:09,629 [ERROR] LogOutputStream:75 - [STDERR_REDIRECT] 
2025-12-17 19:42:10,622 [ERROR] LogOutputStream:75 - [STDERR_REDIRECT] [Fatal Error] :1:1: Premature end of file.
2025-12-17 19:42:10,622 [ERROR] LogOutputStream:75 - [STDERR_REDIRECT] 
2025-12-17 19:42:11,625 [ERROR] LogOutputStream:75 - [STDERR_REDIRECT] [Fatal Error] :1:1: Premature end of file.
2025-12-17 19:42:11,625 [ERROR] LogOutputStream:75 - [STDERR_REDIRECT] 
2025-12-17 19:42:12,623 [ERROR] LogOutputStream:75 - [STDERR_REDIRECT] [Fatal Error] :1:1: Premature end of file.
2025-12-17 19:42:12,623 [ERROR] LogOutputStream:75 - [STDERR_REDIRECT] 
2025-12-17 19:42:13,628 [ERROR] LogOutputStream:75 - [STDERR_REDIRECT] [Fatal Error] :1:1: Premature end of file.
2025-12-17 19:42:13,628 [ERROR] LogOutputStream:75 - [STDERR_REDIRECT] 
2025-12-17 19:42:14,623 [ERROR] LogOutputStream:75 - [STDERR_REDIRECT] [Fatal Error] :1:1: Premature end of file.
2025-12-17 19:42:14,623 [ERROR] LogOutputStream:75 - [STDERR_REDIRECT] 
2025-12-17 19:42:15,620 [ERROR] LogOutputStream:75 - [STDERR_REDIRECT] [Fatal Error] :1:1: Premature end of file.
2025-12-17 19:42:15,620 [ERROR] LogOutputStream:75 - [STDERR_REDIRECT] 
2025-12-17 19:42:16,620 [ERROR] LogOutputStream:75 - [STDERR_REDIRECT] [Fatal Error] :1:1: Premature end of file.
2025-12-17 19:42:16,620 [ERROR] LogOutputStream:75 - [STDERR_REDIRECT] 
2025-12-17 19:42:17,623 [ERROR] LogOutputStream:75 - [STDERR_REDIRECT] [Fatal Error] :1:1: Premature end of file.
2025-12-17 19:42:17,623 [ERROR] LogOutputStream:75 - [STDERR_REDIRECT] 
2025-12-17 19:42:18,623 [ERROR] LogOutputStream:75 - [STDERR_REDIRECT] [Fatal Error] :1:1: Premature end of file.
2025-12-17 19:42:18,623 [ERROR] LogOutputStream:75 - [STDERR_REDIRECT] 
2025-12-17 19:42:19,624 [ERROR] LogOutputStream:75 - [STDERR_REDIRECT] [Fatal Error] :1:1: Premature end of file.
2025-12-17 19:42:19,624 [ERROR] LogOutputStream:75 - [STDERR_REDIRECT] 
2025-12-17 19:42:20,626 [ERROR] LogOutputStream:75 - [STDERR_REDIRECT] [Fatal Error] :1:1: Premature end of file.
2025-12-17 19:42:20,626 [ERROR] LogOutputStream:75 - [STDERR_REDIRECT] 
2025-12-17 19:42:21,631 [ERROR] LogOutputStream:75 - [STDERR_REDIRECT] [Fatal Error] :1:1: Premature end of file.
2025-12-17 19:42:21,631 [ERROR] LogOutputStream:75 - [STDERR_REDIRECT] 
2025-12-17 19:42:22,629 [ERROR] LogOutputStream:75 - [STDERR_REDIRECT] [Fatal Error] :1:1: Premature end of file.
2025-12-17 19:42:22,629 [ERROR] LogOutputStream:75 - [STDERR_REDIRECT] 
2025-12-17 19:42:23,623 [ERROR] LogOutputStream:75 - [STDERR_REDIRECT] [Fatal Error] :1:1: Premature end of file.
2025-12-17 19:42:23,623 [ERROR] LogOutputStream:75 - [STDERR_REDIRECT] 
2025-12-17 19:42:24,622 [ERROR] LogOutputStream:75 - [STDERR_REDIRECT] [Fatal Error] :1:1: Premature end of file.
2025-12-17 19:42:24,622 [ERROR] LogOutputStream:75 - [STDERR_REDIRECT] 
2025-12-17 19:42:25,624 [ERROR] LogOutputStream:75 - [STDERR_REDIRECT] [Fatal Error] :1:1: Premature end of file.
2025-12-17 19:42:25,624 [ERROR] LogOutputStream:75 - [STDERR_REDIRECT] 
2025-12-17 19:42:26,627 [ERROR] LogOutputStream:75 - [STDERR_REDIRECT] [Fatal Error] :1:1: Premature end of file.
2025-12-17 19:42:26,627 [ERROR] LogOutputStream:75 - [STDERR_REDIRECT] 
2025-12-17 19:42:27,622 [ERROR] LogOutputStream:75 - [STDERR_REDIRECT] [Fatal Error] :1:1: Premature end of file.
2025-12-17 19:42:27,622 [ERROR] LogOutputStream:75 - [STDERR_REDIRECT] 
2025-12-17 19:42:28,626 [ERROR] LogOutputStream:75 - [STDERR_REDIRECT] [Fatal Error] :1:1: Premature end of file.
2025-12-17 19:42:28,626 [ERROR] LogOutputStream:75 - [STDERR_REDIRECT] 
2025-12-17 19:42:29,626 [ERROR] LogOutputStream:75 - [STDERR_REDIRECT] [Fatal Error] :1:1: Premature end of file.
2025-12-17 19:42:29,626 [ERROR] LogOutputStream:75 - [STDERR_REDIRECT] 
2025-12-17 19:42:30,623 [ERROR] LogOutputStream:75 - [STDERR_REDIRECT] [Fatal Error] :1:1: Premature end of file.
2025-12-17 19:42:30,623 [ERROR] LogOutputStream:75 - [STDERR_REDIRECT] 
2025-12-17 19:42:31,621 [ERROR] LogOutputStream:75 - [STDERR_REDIRECT] [Fatal Error] :1:1: Premature end of file.
2025-12-17 19:42:31,621 [ERROR] LogOutputStream:75 - [STDERR_REDIRECT] 
2025-12-17 19:42:32,626 [ERROR] LogOutputStream:75 - [STDERR_REDIRECT] [Fatal Error] :1:1: Premature end of file.
2025-12-17 19:42:32,626 [ERROR] LogOutputStream:75 - [STDERR_REDIRECT] 
2025-12-17 19:42:33,625 [ERROR] LogOutputStream:75 - [STDERR_REDIRECT] [Fatal Error] :1:1: Premature end of file.
2025-12-17 19:42:33,625 [ERROR] LogOutputStream:75 - [STDERR_REDIRECT] 
2025-12-17 19:42:34,629 [ERROR] LogOutputStream:75 - [STDERR_REDIRECT] [Fatal Error] :1:1: Premature end of file.
2025-12-17 19:42:34,629 [ERROR] LogOutputStream:75 - [STDERR_REDIRECT] 
2025-12-17 19:42:35,634 [ERROR] LogOutputStream:75 - [STDERR_REDIRECT] [Fatal Error] :1:1: Premature end of file.
2025-12-17 19:42:35,634 [ERROR] LogOutputStream:75 - [STDERR_REDIRECT] 
2025-12-17 19:42:36,625 [ERROR] LogOutputStream:75 - [STDERR_REDIRECT] [Fatal Error] :1:1: Premature end of file.
2025-12-17 19:42:36,625 [ERROR] LogOutputStream:75 - [STDERR_REDIRECT] 
2025-12-17 19:42:37,624 [ERROR] LogOutputStream:75 - [STDERR_REDIRECT] [Fatal Error] :1:1: Premature end of file.
2025-12-17 19:42:37,624 [ERROR] LogOutputStream:75 - [STDERR_REDIRECT] 
2025-12-17 19:42:38,624 [ERROR] LogOutputStream:75 - [STDERR_REDIRECT] [Fatal Error] :1:1: Premature end of file.
2025-12-17 19:42:38,624 [ERROR] LogOutputStream:75 - [STDERR_REDIRECT] 
2025-12-17 19:42:39,621 [ERROR] LogOutputStream:75 - [STDERR_REDIRECT] [Fatal Error] :1:1: Premature end of file.
2025-12-17 19:42:39,621 [ERROR] LogOutputStream:75 - [STDERR_REDIRECT] 
2025-12-17 19:42:40,621 [ERROR] LogOutputStream:75 - [STDERR_REDIRECT] [Fatal Error] :1:1: Premature end of file.
2025-12-17 19:42:40,621 [ERROR] LogOutputStream:75 - [STDERR_REDIRECT] 
2025-12-17 19:42:41,626 [ERROR] LogOutputStream:75 - [STDERR_REDIRECT] [Fatal Error] :1:1: Premature end of file.
2025-12-17 19:42:41,627 [ERROR] LogOutputStream:75 - [STDERR_REDIRECT] 
2025-12-17 19:42:42,624 [ERROR] LogOutputStream:75 - [STDERR_REDIRECT] [Fatal Error] :1:1: Premature end of file.
2025-12-17 19:42:42,624 [ERROR] LogOutputStream:75 - [STDERR_REDIRECT] 
2025-12-17 19:42:43,625 [ERROR] LogOutputStream:75 - [STDERR_REDIRECT] [Fatal Error] :1:1: Premature end of file.
2025-12-17 19:42:43,625 [ERROR] LogOutputStream:75 - [STDERR_REDIRECT] 
2025-12-17 19:42:44,621 [ERROR] LogOutputStream:75 - [STDERR_REDIRECT] [Fatal Error] :1:1: Premature end of file.
2025-12-17 19:42:44,621 [ERROR] LogOutputStream:75 - [STDERR_REDIRECT] 
2025-12-17 19:42:45,624 [ERROR] LogOutputStream:75 - [STDERR_REDIRECT] [Fatal Error] :1:1: Premature end of file.
2025-12-17 19:42:45,624 [ERROR] LogOutputStream:75 - [STDERR_REDIRECT] 
2025-12-17 19:42:46,623 [ERROR] LogOutputStream:75 - [STDERR_REDIRECT] [Fatal Error] :1:1: Premature end of file.
2025-12-17 19:42:46,623 [ERROR] LogOutputStream:75 - [STDERR_REDIRECT] 
2025-12-17 19:42:47,624 [ERROR] LogOutputStream:75 - [STDERR_REDIRECT] [Fatal Error] :1:1: Premature end of file.
2025-12-17 19:42:47,625 [ERROR] LogOutputStream:75 - [STDERR_REDIRECT] 
2025-12-17 19:42:48,627 [ERROR] LogOutputStream:75 - [STDERR_REDIRECT] [Fatal Error] :1:1: Premature end of file.
2025-12-17 19:42:48,627 [ERROR] LogOutputStream:75 - [STDERR_REDIRECT] 
2025-12-17 19:42:49,626 [ERROR] LogOutputStream:75 - [STDERR_REDIRECT] [Fatal Error] :1:1: Premature end of file.
2025-12-17 19:42:49,626 [ERROR] LogOutputStream:75 - [STDERR_REDIRECT] 
2025-12-17 19:42:50,622 [ERROR] LogOutputStream:75 - [STDERR_REDIRECT] [Fatal Error] :1:1: Premature end of file.
2025-12-17 19:42:50,622 [ERROR] LogOutputStream:75 - [STDERR_REDIRECT] 
2025-12-17 19:42:51,622 [ERROR] LogOutputStream:75 - [STDERR_REDIRECT] [Fatal Error] :1:1: Premature end of file.
2025-12-17 19:42:51,622 [ERROR] LogOutputStream:75 - [STDERR_REDIRECT] 
2025-12-17 19:42:52,621 [ERROR] LogOutputStream:75 - [STDERR_REDIRECT] [Fatal Error] :1:1: Premature end of file.
2025-12-17 19:42:52,621 [ERROR] LogOutputStream:75 - [STDERR_REDIRECT] 
2025-12-17 19:42:53,622 [ERROR] LogOutputStream:75 - [STDERR_REDIRECT] [Fatal Error] :1:1: Premature end of file.
2025-12-17 19:42:53,622 [ERROR] LogOutputStream:75 - [STDERR_REDIRECT] 
2025-12-17 19:42:54,622 [ERROR] LogOutputStream:75 - [STDERR_REDIRECT] [Fatal Error] :1:1: Premature end of file.
2025-12-17 19:42:54,622 [ERROR] LogOutputStream:75 - [STDERR_REDIRECT] 
2025-12-17 19:42:55,622 [ERROR] LogOutputStream:75 - [STDERR_REDIRECT] [Fatal Error] :1:1: Premature end of file.
2025-12-17 19:42:55,622 [ERROR] LogOutputStream:75 - [STDERR_REDIRECT] 
2025-12-17 19:42:56,624 [ERROR] LogOutputStream:75 - [STDERR_REDIRECT] [Fatal Error] :1:1: Premature end of file.
2025-12-17 19:42:56,624 [ERROR] LogOutputStream:75 - [STDERR_REDIRECT] 
2025-12-17 19:42:57,628 [ERROR] LogOutputStream:75 - [STDERR_REDIRECT] [Fatal Error] :1:1: Premature end of file.
2025-12-17 19:42:57,628 [ERROR] LogOutputStream:75 - [STDERR_REDIRECT] 
2025-12-17 19:42:58,625 [ERROR] LogOutputStream:75 - [STDERR_REDIRECT] [Fatal Error] :1:1: Premature end of file.
2025-12-17 19:42:58,625 [ERROR] LogOutputStream:75 - [STDERR_REDIRECT] 
2025-12-17 19:42:59,621 [ERROR] LogOutputStream:75 - [STDERR_REDIRECT] [Fatal Error] :1:1: Premature end of file.
2025-12-17 19:42:59,622 [ERROR] LogOutputStream:75 - [STDERR_REDIRECT] 
2025-12-17 19:43:00,624 [ERROR] LogOutputStream:75 - [STDERR_REDIRECT] [Fatal Error] :1:1: Premature end of file.
2025-12-17 19:43:00,624 [ERROR] LogOutputStream:75 - [STDERR_REDIRECT] 
2025-12-17 19:43:01,624 [ERROR] LogOutputStream:75 - [STDERR_REDIRECT] [Fatal Error] :1:1: Premature end of file.
2025-12-17 19:43:01,624 [ERROR] LogOutputStream:75 - [STDERR_REDIRECT] 
2025-12-17 19:43:02,622 [ERROR] LogOutputStream:75 - [STDERR_REDIRECT] [Fatal Error] :1:1: Premature end of file.
2025-12-17 19:43:02,622 [ERROR] LogOutputStream:75 - [STDERR_REDIRECT] 
2025-12-17 19:43:03,622 [ERROR] LogOutputStream:75 - [STDERR_REDIRECT] [Fatal Error] :1:1: Premature end of file.
2025-12-17 19:43:03,622 [ERROR] LogOutputStream:75 - [STDERR_REDIRECT] 
2025-12-17 19:43:04,625 [ERROR] LogOutputStream:75 - [STDERR_REDIRECT] [Fatal Error] :1:1: Premature end of file.
2025-12-17 19:43:04,625 [ERROR] LogOutputStream:75 - [STDERR_REDIRECT] 
2025-12-17 19:43:05,623 [ERROR] LogOutputStream:75 - [STDERR_REDIRECT] [Fatal Error] :1:1: Premature end of file.
2025-12-17 19:43:05,623 [ERROR] LogOutputStream:75 - [STDERR_REDIRECT] 
2025-12-17 19:43:06,623 [ERROR] LogOutputStream:75 - [STDERR_REDIRECT] [Fatal Error] :1:1: Premature end of file.
2025-12-17 19:43:06,623 [ERROR] LogOutputStream:75 - [STDERR_REDIRECT] 
2025-12-17 19:43:07,625 [ERROR] LogOutputStream:75 - [STDERR_REDIRECT] [Fatal Error] :1:1: Premature end of file.
2025-12-17 19:43:07,625 [ERROR] LogOutputStream:75 - [STDERR_REDIRECT] 
2025-12-17 19:43:08,621 [ERROR] LogOutputStream:75 - [STDERR_REDIRECT] [Fatal Error] :1:1: Premature end of file.
2025-12-17 19:43:08,622 [ERROR] LogOutputStream:75 - [STDERR_REDIRECT] 
2025-12-17 19:43:09,625 [ERROR] LogOutputStream:75 - [STDERR_REDIRECT] [Fatal Error] :1:1: Premature end of file.
2025-12-17 19:43:09,625 [ERROR] LogOutputStream:75 - [STDERR_REDIRECT] 
2025-12-17 19:43:10,624 [ERROR] LogOutputStream:75 - [STDERR_REDIRECT] [Fatal Error] :1:1: Premature end of file.
2025-12-17 19:43:10,625 [ERROR] LogOutputStream:75 - [STDERR_REDIRECT] 
2025-12-17 19:43:11,625 [ERROR] LogOutputStream:75 - [STDERR_REDIRECT] [Fatal Error] :1:1: Premature end of file.
2025-12-17 19:43:11,625 [ERROR] LogOutputStream:75 - [STDERR_REDIRECT] 
2025-12-17 19:43:12,623 [ERROR] LogOutputStream:75 - [STDERR_REDIRECT] [Fatal Error] :1:1: Premature end of file.
2025-12-17 19:43:12,623 [ERROR] LogOutputStream:75 - [STDERR_REDIRECT] 
2025-12-17 19:43:13,620 [ERROR] LogOutputStream:75 - [STDERR_REDIRECT] [Fatal Error] :1:1: Premature end of file.
2025-12-17 19:43:13,620 [ERROR] LogOutputStream:75 - [STDERR_REDIRECT] 
2025-12-17 19:43:14,620 [ERROR] LogOutputStream:75 - [STDERR_REDIRECT] [Fatal Error] :1:1: Premature end of file.
2025-12-17 19:43:14,620 [ERROR] LogOutputStream:75 - [STDERR_REDIRECT] 
2025-12-17 19:43:15,624 [ERROR] LogOutputStream:75 - [STDERR_REDIRECT] [Fatal Error] :1:1: Premature end of file.
2025-12-17 19:43:15,624 [ERROR] LogOutputStream:75 - [STDERR_REDIRECT] 
2025-12-17 19:43:16,622 [ERROR] LogOutputStream:75 - [STDERR_REDIRECT] [Fatal Error] :1:1: Premature end of file.
2025-12-17 19:43:16,622 [ERROR] LogOutputStream:75 - [STDERR_REDIRECT] 
2025-12-17 19:43:17,621 [ERROR] LogOutputStream:75 - [STDERR_REDIRECT] [Fatal Error] :1:1: Premature end of file.
2025-12-17 19:43:17,621 [ERROR] LogOutputStream:75 - [STDERR_REDIRECT] 
2025-12-17 19:43:18,626 [ERROR] LogOutputStream:75 - [STDERR_REDIRECT] [Fatal Error] :1:1: Premature end of file.
2025-12-17 19:43:18,626 [ERROR] LogOutputStream:75 - [STDERR_REDIRECT] 
2025-12-17 19:43:19,623 [ERROR] LogOutputStream:75 - [STDERR_REDIRECT] [Fatal Error] :1:1: Premature end of file.
2025-12-17 19:43:19,623 [ERROR] LogOutputStream:75 - [STDERR_REDIRECT] 
2025-12-17 19:43:20,626 [ERROR] LogOutputStream:75 - [STDERR_REDIRECT] [Fatal Error] :1:1: Premature end of file.
2025-12-17 19:43:20,626 [ERROR] LogOutputStream:75 - [STDERR_REDIRECT] 
2025-12-17 19:43:21,627 [ERROR] LogOutputStream:75 - [STDERR_REDIRECT] [Fatal Error] :1:1: Premature end of file.
2025-12-17 19:43:21,627 [ERROR] LogOutputStream:75 - [STDERR_REDIRECT] 
2025-12-17 19:43:22,621 [ERROR] LogOutputStream:75 - [STDERR_REDIRECT] [Fatal Error] :1:1: Premature end of file.
2025-12-17 19:43:22,621 [ERROR] LogOutputStream:75 - [STDERR_REDIRECT] 
2025-12-17 19:43:23,621 [ERROR] LogOutputStream:75 - [STDERR_REDIRECT] [Fatal Error] :1:1: Premature end of file.
2025-12-17 19:43:23,621 [ERROR] LogOutputStream:75 - [STDERR_REDIRECT] 
2025-12-17 19:43:24,624 [ERROR] LogOutputStream:75 - [STDERR_REDIRECT] [Fatal Error] :1:1: Premature end of file.
2025-12-17 19:43:24,624 [ERROR] LogOutputStream:75 - [STDERR_REDIRECT] 
2025-12-17 19:43:25,625 [ERROR] LogOutputStream:75 - [STDERR_REDIRECT] [Fatal Error] :1:1: Premature end of file.
2025-12-17 19:43:25,625 [ERROR] LogOutputStream:75 - [STDERR_REDIRECT] 
2025-12-17 19:43:26,623 [ERROR] LogOutputStream:75 - [STDERR_REDIRECT] [Fatal Error] :1:1: Premature end of file.
2025-12-17 19:43:26,623 [ERROR] LogOutputStream:75 - [STDERR_REDIRECT] 
2025-12-17 19:43:27,633 [ERROR] LogOutputStream:75 - [STDERR_REDIRECT] [Fatal Error] :1:1: Premature end of file.
2025-12-17 19:43:27,633 [ERROR] LogOutputStream:75 - [STDERR_REDIRECT] 
2025-12-17 19:43:28,621 [ERROR] LogOutputStream:75 - [STDERR_REDIRECT] [Fatal Error] :1:1: Premature end of file.
2025-12-17 19:43:28,621 [ERROR] LogOutputStream:75 - [STDERR_REDIRECT] 
2025-12-17 19:43:29,622 [ERROR] LogOutputStream:75 - [STDERR_REDIRECT] [Fatal Error] :1:1: Premature end of file.
2025-12-17 19:43:29,623 [ERROR] LogOutputStream:75 - [STDERR_REDIRECT] 
2025-12-17 19:43:30,623 [ERROR] LogOutputStream:75 - [STDERR_REDIRECT] [Fatal Error] :1:1: Premature end of file.
2025-12-17 19:43:30,623 [ERROR] LogOutputStream:75 - [STDERR_REDIRECT] 
2025-12-17 19:43:31,622 [ERROR] LogOutputStream:75 - [STDERR_REDIRECT] [Fatal Error] :1:1: Premature end of file.
2025-12-17 19:43:31,622 [ERROR] LogOutputStream:75 - [STDERR_REDIRECT] 
2025-12-17 19:43:32,623 [ERROR] LogOutputStream:75 - [STDERR_REDIRECT] [Fatal Error] :1:1: Premature end of file.
2025-12-17 19:43:32,623 [ERROR] LogOutputStream:75 - [STDERR_REDIRECT] 
2025-12-17 19:43:33,624 [ERROR] LogOutputStream:75 - [STDERR_REDIRECT] [Fatal Error] :1:1: Premature end of file.
2025-12-17 19:43:33,624 [ERROR] LogOutputStream:75 - [STDERR_REDIRECT] 
2025-12-17 19:43:34,623 [ERROR] LogOutputStream:75 - [STDERR_REDIRECT] [Fatal Error] :1:1: Premature end of file.
2025-12-17 19:43:34,623 [ERROR] LogOutputStream:75 - [STDERR_REDIRECT] 
2025-12-17 19:43:35,620 [ERROR] LogOutputStream:75 - [STDERR_REDIRECT] [Fatal Error] :1:1: Premature end of file.
2025-12-17 19:43:35,620 [ERROR] LogOutputStream:75 - [STDERR_REDIRECT] 
2025-12-17 19:43:36,624 [ERROR] LogOutputStream:75 - [STDERR_REDIRECT] [Fatal Error] :1:1: Premature end of file.
2025-12-17 19:43:36,624 [ERROR] LogOutputStream:75 - [STDERR_REDIRECT] 
2025-12-17 19:43:37,621 [ERROR] LogOutputStream:75 - [STDERR_REDIRECT] [Fatal Error] :1:1: Premature end of file.
2025-12-17 19:43:37,622 [ERROR] LogOutputStream:75 - [STDERR_REDIRECT] 
2025-12-17 19:43:38,622 [ERROR] LogOutputStream:75 - [STDERR_REDIRECT] [Fatal Error] :1:1: Premature end of file.
2025-12-17 19:43:38,622 [ERROR] LogOutputStream:75 - [STDERR_REDIRECT] 
2025-12-17 19:43:39,623 [ERROR] LogOutputStream:75 - [STDERR_REDIRECT] [Fatal Error] :1:1: Premature end of file.
2025-12-17 19:43:39,623 [ERROR] LogOutputStream:75 - [STDERR_REDIRECT] 
2025-12-17 19:43:40,620 [ERROR] LogOutputStream:75 - [STDERR_REDIRECT] [Fatal Error] :1:1: Premature end of file.
2025-12-17 19:43:40,621 [ERROR] LogOutputStream:75 - [STDERR_REDIRECT] 
2025-12-17 19:43:41,624 [ERROR] LogOutputStream:75 - [STDERR_REDIRECT] [Fatal Error] :1:1: Premature end of file.
2025-12-17 19:43:41,624 [ERROR] LogOutputStream:75 - [STDERR_REDIRECT] 
2025-12-17 19:43:42,623 [ERROR] LogOutputStream:75 - [STDERR_REDIRECT] [Fatal Error] :1:1: Premature end of file.
2025-12-17 19:43:42,623 [ERROR] LogOutputStream:75 - [STDERR_REDIRECT] 
2025-12-17 19:43:43,621 [ERROR] LogOutputStream:75 - [STDERR_REDIRECT] [Fatal Error] :1:1: Premature end of file.
2025-12-17 19:43:43,621 [ERROR] LogOutputStream:75 - [STDERR_REDIRECT] 
2025-12-17 19:43:44,625 [ERROR] LogOutputStream:75 - [STDERR_REDIRECT] [Fatal Error] :1:1: Premature end of file.
2025-12-17 19:43:44,625 [ERROR] LogOutputStream:75 - [STDERR_REDIRECT] 
2025-12-17 19:43:45,624 [ERROR] LogOutputStream:75 - [STDERR_REDIRECT] [Fatal Error] :1:1: Premature end of file.
2025-12-17 19:43:45,624 [ERROR] LogOutputStream:75 - [STDERR_REDIRECT] 
2025-12-17 19:43:46,626 [ERROR] LogOutputStream:75 - [STDERR_REDIRECT] [Fatal Error] :1:1: Premature end of file.
2025-12-17 19:43:46,627 [ERROR] LogOutputStream:75 - [STDERR_REDIRECT] 
2025-12-17 19:43:47,625 [ERROR] LogOutputStream:75 - [STDERR_REDIRECT] [Fatal Error] :1:1: Premature end of file.
2025-12-17 19:43:47,625 [ERROR] LogOutputStream:75 - [STDERR_REDIRECT] 
2025-12-17 19:43:48,621 [ERROR] LogOutputStream:75 - [STDERR_REDIRECT] [Fatal Error] :1:1: Premature end of file.
2025-12-17 19:43:48,622 [ERROR] LogOutputStream:75 - [STDERR_REDIRECT] 
2025-12-17 19:43:49,629 [ERROR] LogOutputStream:75 - [STDERR_REDIRECT] [Fatal Error] :1:1: Premature end of file.
2025-12-17 19:43:49,629 [ERROR] LogOutputStream:75 - [STDERR_REDIRECT] 
2025-12-17 19:43:50,628 [ERROR] LogOutputStream:75 - [STDERR_REDIRECT] [Fatal Error] :1:1: Premature end of file.
2025-12-17 19:43:50,628 [ERROR] LogOutputStream:75 - [STDERR_REDIRECT] 
2025-12-17 19:43:51,625 [ERROR] LogOutputStream:75 - [STDERR_REDIRECT] [Fatal Error] :1:1: Premature end of file.
2025-12-17 19:43:51,625 [ERROR] LogOutputStream:75 - [STDERR_REDIRECT] 
2025-12-17 19:43:52,625 [ERROR] LogOutputStream:75 - [STDERR_REDIRECT] [Fatal Error] :1:1: Premature end of file.
2025-12-17 19:43:52,625 [ERROR] LogOutputStream:75 - [STDERR_REDIRECT] 
2025-12-17 19:43:53,622 [ERROR] LogOutputStream:75 - [STDERR_REDIRECT] [Fatal Error] :1:1: Premature end of file.
2025-12-17 19:43:53,622 [ERROR] LogOutputStream:75 - [STDERR_REDIRECT] 
2025-12-17 19:43:54,626 [ERROR] LogOutputStream:75 - [STDERR_REDIRECT] [Fatal Error] :1:1: Premature end of file.
2025-12-17 19:43:54,626 [ERROR] LogOutputStream:75 - [STDERR_REDIRECT] 
2025-12-17 19:43:55,625 [ERROR] LogOutputStream:75 - [STDERR_REDIRECT] [Fatal Error] :1:1: Premature end of file.
2025-12-17 19:43:55,625 [ERROR] LogOutputStream:75 - [STDERR_REDIRECT] 
2025-12-17 19:43:56,624 [ERROR] LogOutputStream:75 - [STDERR_REDIRECT] [Fatal Error] :1:1: Premature end of file.
2025-12-17 19:43:56,624 [ERROR] LogOutputStream:75 - [STDERR_REDIRECT] 
2025-12-17 19:43:57,627 [ERROR] LogOutputStream:75 - [STDERR_REDIRECT] [Fatal Error] :1:1: Premature end of file.
2025-12-17 19:43:57,627 [ERROR] LogOutputStream:75 - [STDERR_REDIRECT] 
2025-12-17 19:43:58,624 [ERROR] LogOutputStream:75 - [STDERR_REDIRECT] [Fatal Error] :1:1: Premature end of file.
2025-12-17 19:43:58,624 [ERROR] LogOutputStream:75 - [STDERR_REDIRECT] 
2025-12-17 19:43:59,630 [ERROR] LogOutputStream:75 - [STDERR_REDIRECT] [Fatal Error] :1:1: Premature end of file.
2025-12-17 19:43:59,630 [ERROR] LogOutputStream:75 - [STDERR_REDIRECT] 
2025-12-17 19:44:00,626 [ERROR] LogOutputStream:75 - [STDERR_REDIRECT] [Fatal Error] :1:1: Premature end of file.
2025-12-17 19:44:00,626 [ERROR] LogOutputStream:75 - [STDERR_REDIRECT] 
2025-12-17 19:44:01,625 [ERROR] LogOutputStream:75 - [STDERR_REDIRECT] [Fatal Error] :1:1: Premature end of file.
2025-12-17 19:44:01,625 [ERROR] LogOutputStream:75 - [STDERR_REDIRECT] 
2025-12-17 19:44:02,623 [ERROR] LogOutputStream:75 - [STDERR_REDIRECT] [Fatal Error] :1:1: Premature end of file.
2025-12-17 19:44:02,624 [ERROR] LogOutputStream:75 - [STDERR_REDIRECT] 
2025-12-17 19:44:03,621 [ERROR] LogOutputStream:75 - [STDERR_REDIRECT] [Fatal Error] :1:1: Premature end of file.
2025-12-17 19:44:03,621 [ERROR] LogOutputStream:75 - [STDERR_REDIRECT] 
2025-12-17 19:44:04,624 [ERROR] LogOutputStream:75 - [STDERR_REDIRECT] [Fatal Error] :1:1: Premature end of file.
2025-12-17 19:44:04,624 [ERROR] LogOutputStream:75 - [STDERR_REDIRECT] 
2025-12-17 19:44:05,624 [ERROR] LogOutputStream:75 - [STDERR_REDIRECT] [Fatal Error] :1:1: Premature end of file.
2025-12-17 19:44:05,624 [ERROR] LogOutputStream:75 - [STDERR_REDIRECT] 
2025-12-17 19:44:06,625 [ERROR] LogOutputStream:75 - [STDERR_REDIRECT] [Fatal Error] :1:1: Premature end of file.
2025-12-17 19:44:06,626 [ERROR] LogOutputStream:75 - [STDERR_REDIRECT] 
2025-12-17 19:44:07,622 [ERROR] LogOutputStream:75 - [STDERR_REDIRECT] [Fatal Error] :1:1: Premature end of file.
2025-12-17 19:44:07,622 [ERROR] LogOutputStream:75 - [STDERR_REDIRECT] 
2025-12-17 19:44:08,623 [ERROR] LogOutputStream:75 - [STDERR_REDIRECT] [Fatal Error] :1:1: Premature end of file.
2025-12-17 19:44:08,624 [ERROR] LogOutputStream:75 - [STDERR_REDIRECT] 
2025-12-17 19:44:09,623 [ERROR] LogOutputStream:75 - [STDERR_REDIRECT] [Fatal Error] :1:1: Premature end of file.
2025-12-17 19:44:09,623 [ERROR] LogOutputStream:75 - [STDERR_REDIRECT] 
2025-12-17 19:44:10,625 [ERROR] LogOutputStream:75 - [STDERR_REDIRECT] [Fatal Error] :1:1: Premature end of file.
2025-12-17 19:44:10,625 [ERROR] LogOutputStream:75 - [STDERR_REDIRECT] 
2025-12-17 19:44:11,622 [ERROR] LogOutputStream:75 - [STDERR_REDIRECT] [Fatal Error] :1:1: Premature end of file.
2025-12-17 19:44:11,622 [ERROR] LogOutputStream:75 - [STDERR_REDIRECT] 
2025-12-17 19:44:12,623 [ERROR] LogOutputStream:75 - [STDERR_REDIRECT] [Fatal Error] :1:1: Premature end of file.
2025-12-17 19:44:12,623 [ERROR] LogOutputStream:75 - [STDERR_REDIRECT] 
2025-12-17 19:44:13,625 [ERROR] LogOutputStream:75 - [STDERR_REDIRECT] [Fatal Error] :1:1: Premature end of file.
2025-12-17 19:44:13,625 [ERROR] LogOutputStream:75 - [STDERR_REDIRECT] 
2025-12-17 19:44:14,625 [ERROR] LogOutputStream:75 - [STDERR_REDIRECT] [Fatal Error] :1:1: Premature end of file.
2025-12-17 19:44:14,626 [ERROR] LogOutputStream:75 - [STDERR_REDIRECT] 
2025-12-17 19:44:15,624 [ERROR] LogOutputStream:75 - [STDERR_REDIRECT] [Fatal Error] :1:1: Premature end of file.
2025-12-17 19:44:15,624 [ERROR] LogOutputStream:75 - [STDERR_REDIRECT] 
2025-12-17 19:44:16,621 [ERROR] LogOutputStream:75 - [STDERR_REDIRECT] [Fatal Error] :1:1: Premature end of file.
2025-12-17 19:44:16,621 [ERROR] LogOutputStream:75 - [STDERR_REDIRECT] 
2025-12-17 19:44:17,625 [ERROR] LogOutputStream:75 - [STDERR_REDIRECT] [Fatal Error] :1:1: Premature end of file.
2025-12-17 19:44:17,625 [ERROR] LogOutputStream:75 - [STDERR_REDIRECT] 
2025-12-17 19:44:18,623 [ERROR] LogOutputStream:75 - [STDERR_REDIRECT] [Fatal Error] :1:1: Premature end of file.
2025-12-17 19:44:18,624 [ERROR] LogOutputStream:75 - [STDERR_REDIRECT] 
2025-12-17 19:44:19,626 [ERROR] LogOutputStream:75 - [STDERR_REDIRECT] [Fatal Error] :1:1: Premature end of file.
2025-12-17 19:44:19,626 [ERROR] LogOutputStream:75 - [STDERR_REDIRECT] 
2025-12-17 19:44:20,627 [ERROR] LogOutputStream:75 - [STDERR_REDIRECT] [Fatal Error] :1:1: Premature end of file.
2025-12-17 19:44:20,628 [ERROR] LogOutputStream:75 - [STDERR_REDIRECT] 
2025-12-17 19:44:21,625 [ERROR] LogOutputStream:75 - [STDERR_REDIRECT] [Fatal Error] :1:1: Premature end of file.
2025-12-17 19:44:21,626 [ERROR] LogOutputStream:75 - [STDERR_REDIRECT] 
2025-12-17 19:44:22,622 [ERROR] LogOutputStream:75 - [STDERR_REDIRECT] [Fatal Error] :1:1: Premature end of file.
2025-12-17 19:44:22,622 [ERROR] LogOutputStream:75 - [STDERR_REDIRECT] 
2025-12-17 19:44:23,627 [ERROR] LogOutputStream:75 - [STDERR_REDIRECT] [Fatal Error] :1:1: Premature end of file.
2025-12-17 19:44:23,627 [ERROR] LogOutputStream:75 - [STDERR_REDIRECT] 
2025-12-17 19:44:24,620 [ERROR] LogOutputStream:75 - [STDERR_REDIRECT] [Fatal Error] :1:1: Premature end of file.
2025-12-17 19:44:24,622 [ERROR] LogOutputStream:75 - [STDERR_REDIRECT] 
2025-12-17 19:44:25,623 [ERROR] LogOutputStream:75 - [STDERR_REDIRECT] [Fatal Error] :1:1: Premature end of file.
2025-12-17 19:44:25,623 [ERROR] LogOutputStream:75 - [STDERR_REDIRECT] 
2025-12-17 19:44:26,627 [ERROR] LogOutputStream:75 - [STDERR_REDIRECT] [Fatal Error] :1:1: Premature end of file.
2025-12-17 19:44:26,627 [ERROR] LogOutputStream:75 - [STDERR_REDIRECT] 
2025-12-17 19:44:27,627 [ERROR] LogOutputStream:75 - [STDERR_REDIRECT] [Fatal Error] :1:1: Premature end of file.
2025-12-17 19:44:27,627 [ERROR] LogOutputStream:75 - [STDERR_REDIRECT] 
2025-12-17 19:44:28,622 [ERROR] LogOutputStream:75 - [STDERR_REDIRECT] [Fatal Error] :1:1: Premature end of file.
2025-12-17 19:44:28,622 [ERROR] LogOutputStream:75 - [STDERR_REDIRECT] 
2025-12-17 19:44:29,623 [ERROR] LogOutputStream:75 - [STDERR_REDIRECT] [Fatal Error] :1:1: Premature end of file.
2025-12-17 19:44:29,623 [ERROR] LogOutputStream:75 - [STDERR_REDIRECT] 
2025-12-17 19:44:30,622 [ERROR] LogOutputStream:75 - [STDERR_REDIRECT] [Fatal Error] :1:1: Premature end of file.
2025-12-17 19:44:30,622 [ERROR] LogOutputStream:75 - [STDERR_REDIRECT] 
2025-12-17 19:44:31,622 [ERROR] LogOutputStream:75 - [STDERR_REDIRECT] [Fatal Error] :1:1: Premature end of file.
2025-12-17 19:44:31,622 [ERROR] LogOutputStream:75 - [STDERR_REDIRECT] 
2025-12-17 19:44:32,624 [ERROR] LogOutputStream:75 - [STDERR_REDIRECT] [Fatal Error] :1:1: Premature end of file.
2025-12-17 19:44:32,625 [ERROR] LogOutputStream:75 - [STDERR_REDIRECT] 
2025-12-17 19:44:33,624 [ERROR] LogOutputStream:75 - [STDERR_REDIRECT] [Fatal Error] :1:1: Premature end of file.
2025-12-17 19:44:33,624 [ERROR] LogOutputStream:75 - [STDERR_REDIRECT] 
2025-12-17 19:44:34,622 [ERROR] LogOutputStream:75 - [STDERR_REDIRECT] [Fatal Error] :1:1: Premature end of file.
2025-12-17 19:44:34,622 [ERROR] LogOutputStream:75 - [STDERR_REDIRECT] 
2025-12-17 19:44:35,627 [ERROR] LogOutputStream:75 - [STDERR_REDIRECT] [Fatal Error] :1:1: Premature end of file.
2025-12-17 19:44:35,627 [ERROR] LogOutputStream:75 - [STDERR_REDIRECT] 
2025-12-17 19:44:36,621 [ERROR] LogOutputStream:75 - [STDERR_REDIRECT] [Fatal Error] :1:1: Premature end of file.
2025-12-17 19:44:36,621 [ERROR] LogOutputStream:75 - [STDERR_REDIRECT] 
2025-12-17 19:44:37,620 [ERROR] LogOutputStream:75 - [STDERR_REDIRECT] [Fatal Error] :1:1: Premature end of file.
2025-12-17 19:44:37,620 [ERROR] LogOutputStream:75 - [STDERR_REDIRECT] 
2025-12-17 19:44:38,621 [ERROR] LogOutputStream:75 - [STDERR_REDIRECT] [Fatal Error] :1:1: Premature end of file.
2025-12-17 19:44:38,622 [ERROR] LogOutputStream:75 - [STDERR_REDIRECT] 
2025-12-17 19:44:39,625 [ERROR] LogOutputStream:75 - [STDERR_REDIRECT] [Fatal Error] :1:1: Premature end of file.
2025-12-17 19:44:39,625 [ERROR] LogOutputStream:75 - [STDERR_REDIRECT] 
2025-12-17 19:44:40,622 [ERROR] LogOutputStream:75 - [STDERR_REDIRECT] [Fatal Error] :1:1: Premature end of file.
2025-12-17 19:44:40,622 [ERROR] LogOutputStream:75 - [STDERR_REDIRECT] 
2025-12-17 19:44:41,624 [ERROR] LogOutputStream:75 - [STDERR_REDIRECT] [Fatal Error] :1:1: Premature end of file.
2025-12-17 19:44:41,624 [ERROR] LogOutputStream:75 - [STDERR_REDIRECT] 
2025-12-17 19:44:42,624 [ERROR] LogOutputStream:75 - [STDERR_REDIRECT] [Fatal Error] :1:1: Premature end of file.
2025-12-17 19:44:42,624 [ERROR] LogOutputStream:75 - [STDERR_REDIRECT] 
2025-12-17 19:44:43,621 [ERROR] LogOutputStream:75 - [STDERR_REDIRECT] [Fatal Error] :1:1: Premature end of file.
2025-12-17 19:44:43,622 [ERROR] LogOutputStream:75 - [STDERR_REDIRECT] 
2025-12-17 19:44:44,626 [ERROR] LogOutputStream:75 - [STDERR_REDIRECT] [Fatal Error] :1:1: Premature end of file.
2025-12-17 19:44:44,626 [ERROR] LogOutputStream:75 - [STDERR_REDIRECT] 
2025-12-17 19:44:45,624 [ERROR] LogOutputStream:75 - [STDERR_REDIRECT] [Fatal Error] :1:1: Premature end of file.
2025-12-17 19:44:45,624 [ERROR] LogOutputStream:75 - [STDERR_REDIRECT] 
2025-12-17 19:44:46,622 [ERROR] LogOutputStream:75 - [STDERR_REDIRECT] [Fatal Error] :1:1: Premature end of file.
2025-12-17 19:44:46,622 [ERROR] LogOutputStream:75 - [STDERR_REDIRECT] 
2025-12-17 19:44:47,624 [ERROR] LogOutputStream:75 - [STDERR_REDIRECT] [Fatal Error] :1:1: Premature end of file.
2025-12-17 19:44:47,625 [ERROR] LogOutputStream:75 - [STDERR_REDIRECT] 
2025-12-17 19:44:48,626 [ERROR] LogOutputStream:75 - [STDERR_REDIRECT] [Fatal Error] :1:1: Premature end of file.
2025-12-17 19:44:48,626 [ERROR] LogOutputStream:75 - [STDERR_REDIRECT] 
2025-12-17 19:44:49,621 [ERROR] LogOutputStream:75 - [STDERR_REDIRECT] [Fatal Error] :1:1: Premature end of file.
2025-12-17 19:44:49,621 [ERROR] LogOutputStream:75 - [STDERR_REDIRECT] 
2025-12-17 19:44:50,627 [ERROR] LogOutputStream:75 - [STDERR_REDIRECT] [Fatal Error] :1:1: Premature end of file.
2025-12-17 19:44:50,627 [ERROR] LogOutputStream:75 - [STDERR_REDIRECT] 
2025-12-17 19:44:51,622 [ERROR] LogOutputStream:75 - [STDERR_REDIRECT] [Fatal Error] :1:1: Premature end of file.
2025-12-17 19:44:51,622 [ERROR] LogOutputStream:75 - [STDERR_REDIRECT] 
2025-12-17 19:44:52,626 [ERROR] LogOutputStream:75 - [STDERR_REDIRECT] [Fatal Error] :1:1: Premature end of file.
2025-12-17 19:44:52,626 [ERROR] LogOutputStream:75 - [STDERR_REDIRECT] 
2025-12-17 19:44:53,627 [ERROR] LogOutputStream:75 - [STDERR_REDIRECT] [Fatal Error] :1:1: Premature end of file.
2025-12-17 19:44:53,627 [ERROR] LogOutputStream:75 - [STDERR_REDIRECT] 
2025-12-17 19:44:54,628 [ERROR] LogOutputStream:75 - [STDERR_REDIRECT] [Fatal Error] :1:1: Premature end of file.
2025-12-17 19:44:54,628 [ERROR] LogOutputStream:75 - [STDERR_REDIRECT] 
2025-12-17 19:44:55,625 [ERROR] LogOutputStream:75 - [STDERR_REDIRECT] [Fatal Error] :1:1: Premature end of file.
2025-12-17 19:44:55,625 [ERROR] LogOutputStream:75 - [STDERR_REDIRECT] 
2025-12-17 19:44:56,623 [ERROR] LogOutputStream:75 - [STDERR_REDIRECT] [Fatal Error] :1:1: Premature end of file.
2025-12-17 19:44:56,624 [ERROR] LogOutputStream:75 - [STDERR_REDIRECT] 
2025-12-17 19:44:57,625 [ERROR] LogOutputStream:75 - [STDERR_REDIRECT] [Fatal Error] :1:1: Premature end of file.
2025-12-17 19:44:57,625 [ERROR] LogOutputStream:75 - [STDERR_REDIRECT] 
2025-12-17 19:44:58,622 [ERROR] LogOutputStream:75 - [STDERR_REDIRECT] [Fatal Error] :1:1: Premature end of file.
2025-12-17 19:44:58,622 [ERROR] LogOutputStream:75 - [STDERR_REDIRECT] 
2025-12-17 19:44:59,625 [ERROR] LogOutputStream:75 - [STDERR_REDIRECT] [Fatal Error] :1:1: Premature end of file.
2025-12-17 19:44:59,625 [ERROR] LogOutputStream:75 - [STDERR_REDIRECT] 
2025-12-17 19:45:00,624 [ERROR] LogOutputStream:75 - [STDERR_REDIRECT] [Fatal Error] :1:1: Premature end of file.
2025-12-17 19:45:00,625 [ERROR] LogOutputStream:75 - [STDERR_REDIRECT] 
2025-12-17 19:45:01,631 [ERROR] LogOutputStream:75 - [STDERR_REDIRECT] [Fatal Error] :1:1: Premature end of file.
2025-12-17 19:45:01,631 [ERROR] LogOutputStream:75 - [STDERR_REDIRECT] 
2025-12-17 19:45:02,621 [ERROR] LogOutputStream:75 - [STDERR_REDIRECT] [Fatal Error] :1:1: Premature end of file.
2025-12-17 19:45:02,621 [ERROR] LogOutputStream:75 - [STDERR_REDIRECT] 
2025-12-17 19:45:03,623 [ERROR] LogOutputStream:75 - [STDERR_REDIRECT] [Fatal Error] :1:1: Premature end of file.
2025-12-17 19:45:03,623 [ERROR] LogOutputStream:75 - [STDERR_REDIRECT] 
2025-12-17 19:45:04,622 [ERROR] LogOutputStream:75 - [STDERR_REDIRECT] [Fatal Error] :1:1: Premature end of file.
2025-12-17 19:45:04,622 [ERROR] LogOutputStream:75 - [STDERR_REDIRECT] 
2025-12-17 19:45:05,621 [ERROR] LogOutputStream:75 - [STDERR_REDIRECT] [Fatal Error] :1:1: Premature end of file.
2025-12-17 19:45:05,621 [ERROR] LogOutputStream:75 - [STDERR_REDIRECT] 
2025-12-17 19:45:06,622 [ERROR] LogOutputStream:75 - [STDERR_REDIRECT] [Fatal Error] :1:1: Premature end of file.
2025-12-17 19:45:06,623 [ERROR] LogOutputStream:75 - [STDERR_REDIRECT] 
2025-12-17 19:45:07,622 [ERROR] LogOutputStream:75 - [STDERR_REDIRECT] [Fatal Error] :1:1: Premature end of file.
2025-12-17 19:45:07,622 [ERROR] LogOutputStream:75 - [STDERR_REDIRECT] 
2025-12-17 19:45:08,624 [ERROR] LogOutputStream:75 - [STDERR_REDIRECT] [Fatal Error] :1:1: Premature end of file.
2025-12-17 19:45:08,624 [ERROR] LogOutputStream:75 - [STDERR_REDIRECT] 
2025-12-17 19:45:09,621 [ERROR] LogOutputStream:75 - [STDERR_REDIRECT] [Fatal Error] :1:1: Premature end of file.
2025-12-17 19:45:09,621 [ERROR] LogOutputStream:75 - [STDERR_REDIRECT] 
2025-12-17 19:45:10,622 [ERROR] LogOutputStream:75 - [STDERR_REDIRECT] [Fatal Error] :1:1: Premature end of file.
2025-12-17 19:45:10,622 [ERROR] LogOutputStream:75 - [STDERR_REDIRECT] 
2025-12-17 19:45:11,622 [ERROR] LogOutputStream:75 - [STDERR_REDIRECT] [Fatal Error] :1:1: Premature end of file.
2025-12-17 19:45:11,622 [ERROR] LogOutputStream:75 - [STDERR_REDIRECT] 
2025-12-17 19:45:12,623 [ERROR] LogOutputStream:75 - [STDERR_REDIRECT] [Fatal Error] :1:1: Premature end of file.
2025-12-17 19:45:12,623 [ERROR] LogOutputStream:75 - [STDERR_REDIRECT] 
2025-12-17 19:45:13,621 [ERROR] LogOutputStream:75 - [STDERR_REDIRECT] [Fatal Error] :1:1: Premature end of file.
2025-12-17 19:45:13,621 [ERROR] LogOutputStream:75 - [STDERR_REDIRECT] 
2025-12-17 19:45:14,623 [ERROR] LogOutputStream:75 - [STDERR_REDIRECT] [Fatal Error] :1:1: Premature end of file.
2025-12-17 19:45:14,623 [ERROR] LogOutputStream:75 - [STDERR_REDIRECT] 
2025-12-17 19:45:15,622 [ERROR] LogOutputStream:75 - [STDERR_REDIRECT] [Fatal Error] :1:1: Premature end of file.
2025-12-17 19:45:15,622 [ERROR] LogOutputStream:75 - [STDERR_REDIRECT] 
2025-12-17 19:45:16,620 [ERROR] LogOutputStream:75 - [STDERR_REDIRECT] [Fatal Error] :1:1: Premature end of file.
2025-12-17 19:45:16,620 [ERROR] LogOutputStream:75 - [STDERR_REDIRECT] 
2025-12-17 19:45:17,622 [ERROR] LogOutputStream:75 - [STDERR_REDIRECT] [Fatal Error] :1:1: Premature end of file.
2025-12-17 19:45:17,622 [ERROR] LogOutputStream:75 - [STDERR_REDIRECT] 
2025-12-17 19:45:18,622 [ERROR] LogOutputStream:75 - [STDERR_REDIRECT] [Fatal Error] :1:1: Premature end of file.
2025-12-17 19:45:18,622 [ERROR] LogOutputStream:75 - [STDERR_REDIRECT] 
2025-12-17 19:45:19,628 [ERROR] LogOutputStream:75 - [STDERR_REDIRECT] [Fatal Error] :1:1: Premature end of file.
2025-12-17 19:45:19,628 [ERROR] LogOutputStream:75 - [STDERR_REDIRECT] 
2025-12-17 19:45:20,623 [ERROR] LogOutputStream:75 - [STDERR_REDIRECT] [Fatal Error] :1:1: Premature end of file.
2025-12-17 19:45:20,623 [ERROR] LogOutputStream:75 - [STDERR_REDIRECT] 
2025-12-17 19:45:21,627 [ERROR] LogOutputStream:75 - [STDERR_REDIRECT] [Fatal Error] :1:1: Premature end of file.
2025-12-17 19:45:21,628 [ERROR] LogOutputStream:75 - [STDERR_REDIRECT] 
2025-12-17 19:45:22,627 [ERROR] LogOutputStream:75 - [STDERR_REDIRECT] [Fatal Error] :1:1: Premature end of file.
2025-12-17 19:45:22,628 [ERROR] LogOutputStream:75 - [STDERR_REDIRECT] 
2025-12-17 19:45:23,624 [ERROR] LogOutputStream:75 - [STDERR_REDIRECT] [Fatal Error] :1:1: Premature end of file.
2025-12-17 19:45:23,624 [ERROR] LogOutputStream:75 - [STDERR_REDIRECT] 
2025-12-17 19:45:24,623 [ERROR] LogOutputStream:75 - [STDERR_REDIRECT] [Fatal Error] :1:1: Premature end of file.
2025-12-17 19:45:24,623 [ERROR] LogOutputStream:75 - [STDERR_REDIRECT] 
2025-12-17 19:45:25,624 [ERROR] LogOutputStream:75 - [STDERR_REDIRECT] [Fatal Error] :1:1: Premature end of file.
2025-12-17 19:45:25,625 [ERROR] LogOutputStream:75 - [STDERR_REDIRECT] 
2025-12-17 19:45:26,626 [ERROR] LogOutputStream:75 - [STDERR_REDIRECT] [Fatal Error] :1:1: Premature end of file.
2025-12-17 19:45:26,626 [ERROR] LogOutputStream:75 - [STDERR_REDIRECT] 
2025-12-17 19:45:27,626 [ERROR] LogOutputStream:75 - [STDERR_REDIRECT] [Fatal Error] :1:1: Premature end of file.
2025-12-17 19:45:27,626 [ERROR] LogOutputStream:75 - [STDERR_REDIRECT] 
2025-12-17 19:45:28,621 [ERROR] LogOutputStream:75 - [STDERR_REDIRECT] [Fatal Error] :1:1: Premature end of file.
2025-12-17 19:45:28,621 [ERROR] LogOutputStream:75 - [STDERR_REDIRECT] 
2025-12-17 19:45:29,623 [ERROR] LogOutputStream:75 - [STDERR_REDIRECT] [Fatal Error] :1:1: Premature end of file.
2025-12-17 19:45:29,624 [ERROR] LogOutputStream:75 - [STDERR_REDIRECT] 
2025-12-17 19:45:30,620 [ERROR] LogOutputStream:75 - [STDERR_REDIRECT] [Fatal Error] :1:1: Premature end of file.
2025-12-17 19:45:30,621 [ERROR] LogOutputStream:75 - [STDERR_REDIRECT] 
2025-12-17 19:45:31,624 [ERROR] LogOutputStream:75 - [STDERR_REDIRECT] [Fatal Error] :1:1: Premature end of file.
2025-12-17 19:45:31,625 [ERROR] LogOutputStream:75 - [STDERR_REDIRECT] 
2025-12-17 19:45:32,623 [ERROR] LogOutputStream:75 - [STDERR_REDIRECT] [Fatal Error] :1:1: Premature end of file.
2025-12-17 19:45:32,623 [ERROR] LogOutputStream:75 - [STDERR_REDIRECT] 
2025-12-17 19:45:33,621 [ERROR] LogOutputStream:75 - [STDERR_REDIRECT] [Fatal Error] :1:1: Premature end of file.
2025-12-17 19:45:33,622 [ERROR] LogOutputStream:75 - [STDERR_REDIRECT] 
2025-12-17 19:45:34,625 [ERROR] LogOutputStream:75 - [STDERR_REDIRECT] [Fatal Error] :1:1: Premature end of file.
2025-12-17 19:45:34,625 [ERROR] LogOutputStream:75 - [STDERR_REDIRECT] 
2025-12-17 19:45:35,624 [ERROR] LogOutputStream:75 - [STDERR_REDIRECT] [Fatal Error] :1:1: Premature end of file.
2025-12-17 19:45:35,624 [ERROR] LogOutputStream:75 - [STDERR_REDIRECT] 
2025-12-17 19:45:36,630 [ERROR] LogOutputStream:75 - [STDERR_REDIRECT] [Fatal Error] :1:1: Premature end of file.
2025-12-17 19:45:36,631 [ERROR] LogOutputStream:75 - [STDERR_REDIRECT] 
2025-12-17 19:45:37,622 [ERROR] LogOutputStream:75 - [STDERR_REDIRECT] [Fatal Error] :1:1: Premature end of file.
2025-12-17 19:45:37,623 [ERROR] LogOutputStream:75 - [STDERR_REDIRECT] 
2025-12-17 19:45:38,624 [ERROR] LogOutputStream:75 - [STDERR_REDIRECT] [Fatal Error] :1:1: Premature end of file.
2025-12-17 19:45:38,625 [ERROR] LogOutputStream:75 - [STDERR_REDIRECT] 
2025-12-17 19:45:39,621 [ERROR] LogOutputStream:75 - [STDERR_REDIRECT] [Fatal Error] :1:1: Premature end of file.
2025-12-17 19:45:39,621 [ERROR] LogOutputStream:75 - [STDERR_REDIRECT] 
2025-12-17 19:45:40,623 [ERROR] LogOutputStream:75 - [STDERR_REDIRECT] [Fatal Error] :1:1: Premature end of file.
2025-12-17 19:45:40,623 [ERROR] LogOutputStream:75 - [STDERR_REDIRECT] 
2025-12-17 19:45:41,623 [ERROR] LogOutputStream:75 - [STDERR_REDIRECT] [Fatal Error] :1:1: Premature end of file.
2025-12-17 19:45:41,623 [ERROR] LogOutputStream:75 - [STDERR_REDIRECT] 
2025-12-17 19:45:42,622 [ERROR] LogOutputStream:75 - [STDERR_REDIRECT] [Fatal Error] :1:1: Premature end of file.
2025-12-17 19:45:42,622 [ERROR] LogOutputStream:75 - [STDERR_REDIRECT] 
2025-12-17 19:45:43,622 [ERROR] LogOutputStream:75 - [STDERR_REDIRECT] [Fatal Error] :1:1: Premature end of file.
2025-12-17 19:45:43,622 [ERROR] LogOutputStream:75 - [STDERR_REDIRECT] 
2025-12-17 19:45:44,620 [ERROR] LogOutputStream:75 - [STDERR_REDIRECT] [Fatal Error] :1:1: Premature end of file.
2025-12-17 19:45:44,621 [ERROR] LogOutputStream:75 - [STDERR_REDIRECT] 
2025-12-17 19:45:45,620 [ERROR] LogOutputStream:75 - [STDERR_REDIRECT] [Fatal Error] :1:1: Premature end of file.
2025-12-17 19:45:45,621 [ERROR] LogOutputStream:75 - [STDERR_REDIRECT] 
2025-12-17 19:45:46,623 [ERROR] LogOutputStream:75 - [STDERR_REDIRECT] [Fatal Error] :1:1: Premature end of file.
2025-12-17 19:45:46,623 [ERROR] LogOutputStream:75 - [STDERR_REDIRECT] 
2025-12-17 19:45:47,620 [ERROR] LogOutputStream:75 - [STDERR_REDIRECT] [Fatal Error] :1:1: Premature end of file.
2025-12-17 19:45:47,620 [ERROR] LogOutputStream:75 - [STDERR_REDIRECT] 
2025-12-17 19:45:48,620 [ERROR] LogOutputStream:75 - [STDERR_REDIRECT] [Fatal Error] :1:1: Premature end of file.
2025-12-17 19:45:48,621 [ERROR] LogOutputStream:75 - [STDERR_REDIRECT] 
2025-12-17 19:45:49,625 [ERROR] LogOutputStream:75 - [STDERR_REDIRECT] [Fatal Error] :1:1: Premature end of file.
2025-12-17 19:45:49,625 [ERROR] LogOutputStream:75 - [STDERR_REDIRECT] 
2025-12-17 19:45:50,620 [ERROR] LogOutputStream:75 - [STDERR_REDIRECT] [Fatal Error] :1:1: Premature end of file.
2025-12-17 19:45:50,620 [ERROR] LogOutputStream:75 - [STDERR_REDIRECT] 
2025-12-17 19:45:51,621 [ERROR] LogOutputStream:75 - [STDERR_REDIRECT] [Fatal Error] :1:1: Premature end of file.
2025-12-17 19:45:51,621 [ERROR] LogOutputStream:75 - [STDERR_REDIRECT] 
2025-12-17 19:45:52,623 [ERROR] LogOutputStream:75 - [STDERR_REDIRECT] [Fatal Error] :1:1: Premature end of file.
2025-12-17 19:45:52,623 [ERROR] LogOutputStream:75 - [STDERR_REDIRECT] 
2025-12-17 19:45:53,623 [ERROR] LogOutputStream:75 - [STDERR_REDIRECT] [Fatal Error] :1:1: Premature end of file.
2025-12-17 19:45:53,623 [ERROR] LogOutputStream:75 - [STDERR_REDIRECT] 
2025-12-17 19:45:54,628 [ERROR] LogOutputStream:75 - [STDERR_REDIRECT] [Fatal Error] :1:1: Premature end of file.
2025-12-17 19:45:54,628 [ERROR] LogOutputStream:75 - [STDERR_REDIRECT] 
2025-12-17 19:45:55,624 [ERROR] LogOutputStream:75 - [STDERR_REDIRECT] [Fatal Error] :1:1: Premature end of file.
2025-12-17 19:45:55,625 [ERROR] LogOutputStream:75 - [STDERR_REDIRECT] 
2025-12-17 19:45:56,626 [ERROR] LogOutputStream:75 - [STDERR_REDIRECT] [Fatal Error] :1:1: Premature end of file.
2025-12-17 19:45:56,626 [ERROR] LogOutputStream:75 - [STDERR_REDIRECT] 
2025-12-17 19:45:57,623 [ERROR] LogOutputStream:75 - [STDERR_REDIRECT] [Fatal Error] :1:1: Premature end of file.
2025-12-17 19:45:57,623 [ERROR] LogOutputStream:75 - [STDERR_REDIRECT] 
2025-12-17 19:45:58,622 [ERROR] LogOutputStream:75 - [STDERR_REDIRECT] [Fatal Error] :1:1: Premature end of file.
2025-12-17 19:45:58,622 [ERROR] LogOutputStream:75 - [STDERR_REDIRECT] 
2025-12-17 19:45:59,622 [ERROR] LogOutputStream:75 - [STDERR_REDIRECT] [Fatal Error] :1:1: Premature end of file.
2025-12-17 19:45:59,623 [ERROR] LogOutputStream:75 - [STDERR_REDIRECT] 
2025-12-17 19:46:00,620 [ERROR] LogOutputStream:75 - [STDERR_REDIRECT] [Fatal Error] :1:1: Premature end of file.
2025-12-17 19:46:00,620 [ERROR] LogOutputStream:75 - [STDERR_REDIRECT] 
2025-12-17 19:46:01,625 [ERROR] LogOutputStream:75 - [STDERR_REDIRECT] [Fatal Error] :1:1: Premature end of file.
2025-12-17 19:46:01,625 [ERROR] LogOutputStream:75 - [STDERR_REDIRECT] 
2025-12-17 19:46:02,621 [ERROR] LogOutputStream:75 - [STDERR_REDIRECT] [Fatal Error] :1:1: Premature end of file.
2025-12-17 19:46:02,621 [ERROR] LogOutputStream:75 - [STDERR_REDIRECT] 
2025-12-17 19:46:03,626 [ERROR] LogOutputStream:75 - [STDERR_REDIRECT] [Fatal Error] :1:1: Premature end of file.
2025-12-17 19:46:03,626 [ERROR] LogOutputStream:75 - [STDERR_REDIRECT] 
2025-12-17 19:46:04,623 [ERROR] LogOutputStream:75 - [STDERR_REDIRECT] [Fatal Error] :1:1: Premature end of file.
2025-12-17 19:46:04,623 [ERROR] LogOutputStream:75 - [STDERR_REDIRECT] 
2025-12-17 19:46:05,625 [ERROR] LogOutputStream:75 - [STDERR_REDIRECT] [Fatal Error] :1:1: Premature end of file.
2025-12-17 19:46:05,625 [ERROR] LogOutputStream:75 - [STDERR_REDIRECT] 
2025-12-17 19:46:06,619 [ERROR] LogOutputStream:75 - [STDERR_REDIRECT] [Fatal Error] :1:1: Premature end of file.
2025-12-17 19:46:06,619 [ERROR] LogOutputStream:75 - [STDERR_REDIRECT] 
2025-12-17 19:46:07,635 [ERROR] LogOutputStream:75 - [STDERR_REDIRECT] [Fatal Error] :1:1: Premature end of file.
2025-12-17 19:46:07,635 [ERROR] LogOutputStream:75 - [STDERR_REDIRECT] 
2025-12-17 19:46:08,624 [ERROR] LogOutputStream:75 - [STDERR_REDIRECT] [Fatal Error] :1:1: Premature end of file.
2025-12-17 19:46:08,624 [ERROR] LogOutputStream:75 - [STDERR_REDIRECT] 
2025-12-17 19:46:09,622 [ERROR] LogOutputStream:75 - [STDERR_REDIRECT] [Fatal Error] :1:1: Premature end of file.
2025-12-17 19:46:09,622 [ERROR] LogOutputStream:75 - [STDERR_REDIRECT] 
2025-12-17 19:46:10,622 [ERROR] LogOutputStream:75 - [STDERR_REDIRECT] [Fatal Error] :1:1: Premature end of file.
2025-12-17 19:46:10,622 [ERROR] LogOutputStream:75 - [STDERR_REDIRECT] 
2025-12-17 19:46:11,626 [ERROR] LogOutputStream:75 - [STDERR_REDIRECT] [Fatal Error] :1:1: Premature end of file.
2025-12-17 19:46:11,626 [ERROR] LogOutputStream:75 - [STDERR_REDIRECT] 
2025-12-17 19:46:12,623 [ERROR] LogOutputStream:75 - [STDERR_REDIRECT] [Fatal Error] :1:1: Premature end of file.
2025-12-17 19:46:12,623 [ERROR] LogOutputStream:75 - [STDERR_REDIRECT] 
2025-12-17 19:46:13,627 [ERROR] LogOutputStream:75 - [STDERR_REDIRECT] [Fatal Error] :1:1: Premature end of file.
2025-12-17 19:46:13,627 [ERROR] LogOutputStream:75 - [STDERR_REDIRECT] 
2025-12-17 19:46:14,625 [ERROR] LogOutputStream:75 - [STDERR_REDIRECT] [Fatal Error] :1:1: Premature end of file.
2025-12-17 19:46:14,625 [ERROR] LogOutputStream:75 - [STDERR_REDIRECT] 
2025-12-17 19:46:15,623 [ERROR] LogOutputStream:75 - [STDERR_REDIRECT] [Fatal Error] :1:1: Premature end of file.
2025-12-17 19:46:15,623 [ERROR] LogOutputStream:75 - [STDERR_REDIRECT] 
2025-12-17 19:46:16,619 [ERROR] LogOutputStream:75 - [STDERR_REDIRECT] [Fatal Error] :1:1: Premature end of file.
2025-12-17 19:46:16,620 [ERROR] LogOutputStream:75 - [STDERR_REDIRECT] 
2025-12-17 19:46:17,623 [ERROR] LogOutputStream:75 - [STDERR_REDIRECT] [Fatal Error] :1:1: Premature end of file.
2025-12-17 19:46:17,623 [ERROR] LogOutputStream:75 - [STDERR_REDIRECT] 
2025-12-17 19:46:18,622 [ERROR] LogOutputStream:75 - [STDERR_REDIRECT] [Fatal Error] :1:1: Premature end of file.
2025-12-17 19:46:18,622 [ERROR] LogOutputStream:75 - [STDERR_REDIRECT] 
2025-12-17 19:46:19,625 [ERROR] LogOutputStream:75 - [STDERR_REDIRECT] [Fatal Error] :1:1: Premature end of file.
2025-12-17 19:46:19,625 [ERROR] LogOutputStream:75 - [STDERR_REDIRECT] 
2025-12-17 19:46:20,625 [ERROR] LogOutputStream:75 - [STDERR_REDIRECT] [Fatal Error] :1:1: Premature end of file.
2025-12-17 19:46:20,625 [ERROR] LogOutputStream:75 - [STDERR_REDIRECT] 
2025-12-17 19:46:21,622 [ERROR] LogOutputStream:75 - [STDERR_REDIRECT] [Fatal Error] :1:1: Premature end of file.
2025-12-17 19:46:21,622 [ERROR] LogOutputStream:75 - [STDERR_REDIRECT] 
2025-12-17 19:46:22,621 [ERROR] LogOutputStream:75 - [STDERR_REDIRECT] [Fatal Error] :1:1: Premature end of file.
2025-12-17 19:46:22,621 [ERROR] LogOutputStream:75 - [STDERR_REDIRECT] 
2025-12-17 19:46:23,627 [ERROR] LogOutputStream:75 - [STDERR_REDIRECT] [Fatal Error] :1:1: Premature end of file.
2025-12-17 19:46:23,627 [ERROR] LogOutputStream:75 - [STDERR_REDIRECT] 
2025-12-17 19:46:24,623 [ERROR] LogOutputStream:75 - [STDERR_REDIRECT] [Fatal Error] :1:1: Premature end of file.
2025-12-17 19:46:24,624 [ERROR] LogOutputStream:75 - [STDERR_REDIRECT] 
2025-12-17 19:46:25,621 [ERROR] LogOutputStream:75 - [STDERR_REDIRECT] [Fatal Error] :1:1: Premature end of file.
2025-12-17 19:46:25,621 [ERROR] LogOutputStream:75 - [STDERR_REDIRECT] 
2025-12-17 19:46:26,627 [ERROR] LogOutputStream:75 - [STDERR_REDIRECT] [Fatal Error] :1:1: Premature end of file.
2025-12-17 19:46:26,627 [ERROR] LogOutputStream:75 - [STDERR_REDIRECT] 
2025-12-17 19:46:27,622 [ERROR] LogOutputStream:75 - [STDERR_REDIRECT] [Fatal Error] :1:1: Premature end of file.
2025-12-17 19:46:27,622 [ERROR] LogOutputStream:75 - [STDERR_REDIRECT] 
2025-12-17 19:46:28,622 [ERROR] LogOutputStream:75 - [STDERR_REDIRECT] [Fatal Error] :1:1: Premature end of file.
2025-12-17 19:46:28,622 [ERROR] LogOutputStream:75 - [STDERR_REDIRECT] 
2025-12-17 19:46:29,625 [ERROR] LogOutputStream:75 - [STDERR_REDIRECT] [Fatal Error] :1:1: Premature end of file.
2025-12-17 19:46:29,625 [ERROR] LogOutputStream:75 - [STDERR_REDIRECT] 
2025-12-17 19:46:30,627 [ERROR] LogOutputStream:75 - [STDERR_REDIRECT] [Fatal Error] :1:1: Premature end of file.
2025-12-17 19:46:30,627 [ERROR] LogOutputStream:75 - [STDERR_REDIRECT] 
2025-12-17 19:46:31,629 [ERROR] LogOutputStream:75 - [STDERR_REDIRECT] [Fatal Error] :1:1: Premature end of file.
2025-12-17 19:46:31,629 [ERROR] LogOutputStream:75 - [STDERR_REDIRECT] 
2025-12-17 19:46:32,630 [ERROR] LogOutputStream:75 - [STDERR_REDIRECT] [Fatal Error] :1:1: Premature end of file.
2025-12-17 19:46:32,631 [ERROR] LogOutputStream:75 - [STDERR_REDIRECT] 
2025-12-17 19:46:33,486 [ERROR] LogOutputStream:75 - [STDERR_REDIRECT] 
2025-12-17 19:46:33,487 [ERROR] LogOutputStream:75 - [STDERR_REDIRECT] 
2025-12-17 22:29:38,103 [INFO] Activator:176 - 


2025-12-17 22:29:38,107 [INFO] Activator:177 - !SESSION log4j initialized
2025-12-17 22:29:44,424 [INFO] LogOutputStream:77 - [STDOUT_REDIRECT] 
2025-12-17 22:29:44,844 [ERROR] ConfigurationRetriever:142 - IOException on connection: sw-center.st.com
2025-12-17 22:29:44,846 [ERROR] ConfigurationRetriever:142 - IOException on connection: sw-center.st.com
2025-12-17 22:29:44,846 [ERROR] ConfigurationRetriever:142 - IOException on connection: sw-center.st.com
2025-12-17 22:29:45,509 [INFO] ApplicationProperties:184 - Using Application install path: C:\ST\STM32CubeIDE_1.19.0\STM32CubeIDE\plugins\com.st.stm32cube.common.mx_6.15.0.202507011659
2025-12-17 22:29:45,530 [INFO] DbMcusXml:78 - Set database path to: C:\ST\STM32CubeIDE_1.19.0\STM32CubeIDE\plugins\com.st.stm32cube.common.mx_6.15.0.202507011659\\db\/mcu/
2025-12-17 22:29:45,530 [INFO] ApiDb:274 - Set plugin database path to: C:\ST\STM32CubeIDE_1.19.0\STM32CubeIDE\plugins\com.st.stm32cube.common.mx_6.15.0.202507011659\\db\/plugins/boardmanager/
2025-12-17 22:29:45,531 [WARN] ApiDb:259 - Overriding images path with different value:  => C:\ST\STM32CubeIDE_1.19.0\STM32CubeIDE\plugins\com.st.stm32cube.common.mx_6.15.0.202507011659\\db\/plugins/mcufinder/images/
2025-12-17 22:29:45,542 [INFO] ApiDb:250 - Set database path to: C:\Users\megha\.stmcufinder\plugins\mcufinder//mcu/
2025-12-17 22:29:45,544 [INFO] DbMcusAds:125 - Set database path to: C:\Users\megha\.stmcufinder\plugins\mcufinder//mcu/
2025-12-17 22:29:45,547 [INFO] CrossReferenceDbSqlite:203 - Set database path to: C:\Users\megha\.stmcufinder\plugins\mcufinder//mcu/cs/
2025-12-17 22:29:45,678 [INFO] RulesReader:64 - Compatibility file has been processed (317 Rules)
2025-12-17 22:29:45,784 [INFO] DbMcusXml:78 - Set database path to: C:\ST\STM32CubeIDE_1.19.0\STM32CubeIDE\plugins\com.st.stm32cube.common.mx_6.15.0.202507011659\\db\/mcu/
2025-12-17 22:29:45,784 [INFO] ApiDb:274 - Set plugin database path to: C:\ST\STM32CubeIDE_1.19.0\STM32CubeIDE\plugins\com.st.stm32cube.common.mx_6.15.0.202507011659\\db\/plugins/boardmanager/
2025-12-17 22:29:45,784 [INFO] ApiDb:261 - Set plugin images path to: C:\ST\STM32CubeIDE_1.19.0\STM32CubeIDE\plugins\com.st.stm32cube.common.mx_6.15.0.202507011659\\db\/plugins/mcufinder/images/
2025-12-17 22:29:45,784 [WARN] DbFile:41 - Overriding database path with different value: C:\Users\megha\.stmcufinder\plugins\mcufinder/ => C:\Users\megha\.stmcufinder\plugins\mcufinder
2025-12-17 22:29:45,784 [INFO] ApiDb:250 - Set database path to: C:\Users\megha\.stmcufinder\plugins\mcufinder//mcu/
2025-12-17 22:29:45,784 [WARN] DbFile:41 - Overriding database path with different value: C:\Users\megha\.stmcufinder\plugins\mcufinder/ => C:\Users\megha\.stmcufinder\plugins\mcufinder
2025-12-17 22:29:45,785 [INFO] DbMcusAds:125 - Set database path to: C:\Users\megha\.stmcufinder\plugins\mcufinder//mcu/
2025-12-17 22:29:45,785 [WARN] DbFile:41 - Overriding database path with different value: C:\Users\megha\.stmcufinder\plugins\mcufinder/ => C:\Users\megha\.stmcufinder\plugins\mcufinder
2025-12-17 22:29:45,785 [WARN] DbFile:41 - Overriding database path with different value: C:\Users\megha\.stmcufinder\plugins\mcufinder/ => C:\Users\megha\.stmcufinder\plugins\mcufinder
2025-12-17 22:29:45,785 [INFO] CrossReferenceDbSqlite:203 - Set database path to: C:\Users\megha\.stmcufinder\plugins\mcufinder//mcu/cs/
2025-12-17 22:29:45,881 [INFO] MainPanel:274 - HeapMemory: 268435456
2025-12-17 22:29:46,022 [INFO] DbMcusXml:78 - Set database path to: C:\ST\STM32CubeIDE_1.19.0\STM32CubeIDE\plugins\com.st.stm32cube.common.mx_6.15.0.202507011659\\db\/mcu/
2025-12-17 22:29:46,023 [INFO] ApiDb:274 - Set plugin database path to: C:\ST\STM32CubeIDE_1.19.0\STM32CubeIDE\plugins\com.st.stm32cube.common.mx_6.15.0.202507011659\\db\/plugins/boardmanager/
2025-12-17 22:29:46,023 [INFO] ApiDb:261 - Set plugin images path to: C:\ST\STM32CubeIDE_1.19.0\STM32CubeIDE\plugins\com.st.stm32cube.common.mx_6.15.0.202507011659\\db\/plugins/mcufinder/images/
2025-12-17 22:29:46,023 [WARN] DbFile:41 - Overriding database path with different value: C:\Users\megha\.stmcufinder\plugins\mcufinder/ => C:\Users\megha\.stmcufinder\plugins\mcufinder
2025-12-17 22:29:46,023 [INFO] ApiDb:250 - Set database path to: C:\Users\megha\.stmcufinder\plugins\mcufinder//mcu/
2025-12-17 22:29:46,023 [WARN] DbFile:41 - Overriding database path with different value: C:\Users\megha\.stmcufinder\plugins\mcufinder/ => C:\Users\megha\.stmcufinder\plugins\mcufinder
2025-12-17 22:29:46,023 [INFO] DbMcusAds:125 - Set database path to: C:\Users\megha\.stmcufinder\plugins\mcufinder//mcu/
2025-12-17 22:29:46,023 [WARN] DbFile:41 - Overriding database path with different value: C:\Users\megha\.stmcufinder\plugins\mcufinder/ => C:\Users\megha\.stmcufinder\plugins\mcufinder
2025-12-17 22:29:46,024 [WARN] DbFile:41 - Overriding database path with different value: C:\Users\megha\.stmcufinder\plugins\mcufinder/ => C:\Users\megha\.stmcufinder\plugins\mcufinder
2025-12-17 22:29:46,024 [INFO] CrossReferenceDbSqlite:203 - Set database path to: C:\Users\megha\.stmcufinder\plugins\mcufinder//mcu/cs/
2025-12-17 22:29:46,045 [INFO] ApplicationProperties:184 - Using Application install path: C:\ST\STM32CubeIDE_1.19.0\STM32CubeIDE\plugins\com.st.stm32cube.common.mx_6.15.0.202507011659
2025-12-17 22:29:46,047 [INFO] PluginManage:196 - Search for loadable plugins [exclusion list=, ]
2025-12-17 22:29:46,048 [INFO] PluginManage:310 - Check plugin analytics
2025-12-17 22:29:46,274 [INFO] AnalyticsPlugin:253 - Accepted Software Licenses: 
2025-12-17 22:29:46,274 [INFO] AnalyticsPlugin:255 - Accepted CMSIS Pack Licenses: 
2025-12-17 22:29:46,275 [INFO] AnalyticsPlugin:257 - Accepted Firmware Licenses: FW.F4.1.28.0
2025-12-17 22:29:46,277 [INFO] PluginManage:359 - Loaded plugin analytics (category:tool,tabindex:-1)
2025-12-17 22:29:46,278 [INFO] PluginManage:310 - Check plugin cadmodel
2025-12-17 22:29:46,278 [ERROR] ConfigurationRetriever:142 - IOException on connection: sw-center.st.com
2025-12-17 22:29:46,279 [ERROR] ConfigurationRetriever:142 - IOException on connection: sw-center.st.com
2025-12-17 22:29:46,279 [ERROR] ConfigurationRetriever:142 - IOException on connection: sw-center.st.com
2025-12-17 22:29:46,286 [INFO] CADModel:105 - Init CAD model plugin
2025-12-17 22:29:46,286 [INFO] PluginManage:359 - Loaded plugin cadmodel (category:power,tabindex:5)
2025-12-17 22:29:46,287 [INFO] PluginManage:310 - Check plugin clock
2025-12-17 22:29:46,300 [INFO] PluginManage:359 - Loaded plugin clock (category:base,tabindex:2)
2025-12-17 22:29:46,300 [INFO] PluginManage:310 - Check plugin ddr
2025-12-17 22:29:46,303 [INFO] PluginManage:359 - Loaded plugin ddr (category:tool,tabindex:6)
2025-12-17 22:29:46,303 [INFO] PluginManage:310 - Check plugin filemanager
2025-12-17 22:29:46,468 [INFO] PluginManage:359 - Loaded plugin filemanager (category:base,tabindex:10)
2025-12-17 22:29:46,468 [INFO] PluginManage:310 - Check plugin ipmanager
2025-12-17 22:29:46,479 [INFO] PluginManage:359 - Loaded plugin ipmanager (category:base,tabindex:5)
2025-12-17 22:29:46,479 [INFO] PluginManage:310 - Check plugin lpbam
2025-12-17 22:29:46,489 [INFO] PluginManage:359 - Loaded plugin lpbam (category:base,tabindex:0)
2025-12-17 22:29:46,489 [INFO] PluginManage:310 - Check plugin memorymap
2025-12-17 22:29:46,507 [INFO] PluginManage:359 - Loaded plugin memorymap (category:base,tabindex:4)
2025-12-17 22:29:46,507 [INFO] PluginManage:310 - Check plugin pinoutandconfiguration
2025-12-17 22:29:46,517 [INFO] PluginManage:359 - Loaded plugin pinoutandconfiguration (category:base,tabindex:1)
2025-12-17 22:29:46,517 [INFO] PluginManage:310 - Check plugin pinoutconfig
2025-12-17 22:29:46,619 [WARN] SupportedApi:132 - Cannot load RTOS API schema: s4s-elt-must-match.1: The content of 'definitions' must match (annotation?, (simpleType | complexType)?, (unique | key | keyref)*)). A problem was found starting at: attribute.
2025-12-17 22:29:46,785 [INFO] PluginManage:359 - Loaded plugin pinoutconfig (category:base,tabindex:0)
2025-12-17 22:29:46,785 [INFO] PluginManage:310 - Check plugin power
2025-12-17 22:29:46,799 [INFO] PluginManage:359 - Loaded plugin power (category:power,tabindex:4)
2025-12-17 22:29:46,799 [INFO] PluginManage:310 - Check plugin projectmanager
2025-12-17 22:29:46,816 [INFO] PluginManage:359 - Loaded plugin projectmanager (category:projectmanager,tabindex:4)
2025-12-17 22:29:46,816 [INFO] PluginManage:310 - Check plugin rif
2025-12-17 22:29:46,828 [INFO] PluginManage:359 - Loaded plugin rif (category:base,tabindex:3)
2025-12-17 22:29:46,828 [INFO] PluginManage:310 - Check plugin thirdparty
2025-12-17 22:29:46,974 [WARN] IntegrityCheckThread:84 - waiting for thirdparty lock release [integrity check]
2025-12-17 22:29:46,974 [INFO] PluginManage:359 - Loaded plugin thirdparty (category:base,tabindex:-1)
2025-12-17 22:29:46,974 [INFO] IntegrityCheckThread:86 - entering critical section [integrity check]
2025-12-17 22:29:46,974 [INFO] PluginManage:310 - Check plugin tools
2025-12-17 22:29:46,974 [INFO] ThirdPartyUpdaterWithRetryManager:70 - Updater plugin not ready yet. [1/15]
2025-12-17 22:29:46,977 [INFO] PluginManage:359 - Loaded plugin tools (category:base,tabindex:7)
2025-12-17 22:29:46,977 [INFO] PluginManage:310 - Check plugin tutovideos
2025-12-17 22:29:47,225 [INFO] PluginManage:359 - Loaded plugin tutovideos (category:base,tabindex:-1)
2025-12-17 22:29:47,225 [INFO] PluginManage:310 - Check plugin updater
2025-12-17 22:29:47,247 [INFO] PluginManage:359 - Loaded plugin updater (category:base,tabindex:12)
2025-12-17 22:29:47,248 [INFO] PluginManage:310 - Check plugin userauth
2025-12-17 22:29:47,254 [INFO] UserAuth:118 - Init User Auth plugin
2025-12-17 22:29:47,254 [INFO] PluginManage:359 - Loaded plugin userauth (category:base,tabindex:14)
2025-12-17 22:29:47,255 [INFO] PluginManage:283 - PluginManage : Loaded plugins [18]
2025-12-17 22:29:47,496 [INFO] PinOutPanel:1589 - setPackage(No Configuration,No Configuration)
2025-12-17 22:29:47,592 [INFO] CADModel:165 - CPN selected for project level
2025-12-17 22:29:47,593 [INFO] CADModel:114 - Register for checkConnection events
2025-12-17 22:29:47,615 [INFO] IPUIPlugin:80 - create IPUIPlugin
2025-12-17 22:29:47,615 [INFO] PluginManager:220 - loadIPPluginJar : add adc
2025-12-17 22:29:47,619 [INFO] IPUIPlugin:80 - create IPUIPlugin
2025-12-17 22:29:47,619 [INFO] PluginManager:220 - loadIPPluginJar : add aes
2025-12-17 22:29:47,622 [INFO] IPUIPlugin:80 - create IPUIPlugin
2025-12-17 22:29:47,622 [INFO] PluginManager:220 - loadIPPluginJar : add can
2025-12-17 22:29:47,624 [INFO] IPUIPlugin:80 - create IPUIPlugin
2025-12-17 22:29:47,624 [INFO] PluginManager:220 - loadIPPluginJar : add comp
2025-12-17 22:29:47,627 [INFO] IPUIPlugin:80 - create IPUIPlugin
2025-12-17 22:29:47,627 [INFO] PluginManager:220 - loadIPPluginJar : add cryp
2025-12-17 22:29:47,631 [INFO] IPUIPlugin:80 - create IPUIPlugin
2025-12-17 22:29:47,631 [INFO] PluginManager:220 - loadIPPluginJar : add ddr_ctrl_phy
2025-12-17 22:29:47,634 [INFO] IPUIPlugin:80 - create IPUIPlugin
2025-12-17 22:29:47,634 [INFO] PluginManager:220 - loadIPPluginJar : add dfsdm
2025-12-17 22:29:47,640 [INFO] IPUIPlugin:80 - create IPUIPlugin
2025-12-17 22:29:47,641 [INFO] PluginManager:220 - loadIPPluginJar : add dma
2025-12-17 22:29:47,644 [INFO] IPUIPlugin:80 - create IPUIPlugin
2025-12-17 22:29:47,645 [INFO] PluginManager:220 - loadIPPluginJar : add dma3
2025-12-17 22:29:47,648 [INFO] IPUIPlugin:80 - create IPUIPlugin
2025-12-17 22:29:47,648 [INFO] PluginManager:220 - loadIPPluginJar : add extmemmanager
2025-12-17 22:29:47,649 [INFO] IPUIPlugin:80 - create IPUIPlugin
2025-12-17 22:29:47,650 [INFO] PluginManager:220 - loadIPPluginJar : add fatfs
2025-12-17 22:29:47,654 [INFO] IPUIPlugin:80 - create IPUIPlugin
2025-12-17 22:29:47,654 [INFO] PluginManager:220 - loadIPPluginJar : add fmc
2025-12-17 22:29:47,661 [INFO] IPUIPlugin:80 - create IPUIPlugin
2025-12-17 22:29:47,662 [INFO] PluginManager:220 - loadIPPluginJar : add freertos
2025-12-17 22:29:47,664 [INFO] IPUIPlugin:80 - create IPUIPlugin
2025-12-17 22:29:47,664 [INFO] PluginManager:220 - loadIPPluginJar : add genericplugin
2025-12-17 22:29:47,667 [INFO] IPUIPlugin:80 - create IPUIPlugin
2025-12-17 22:29:47,667 [INFO] PluginManager:220 - loadIPPluginJar : add gfxmmu
2025-12-17 22:29:47,673 [INFO] IPUIPlugin:80 - create IPUIPlugin
2025-12-17 22:29:47,674 [INFO] PluginManager:220 - loadIPPluginJar : add gic
2025-12-17 22:29:47,678 [INFO] IPUIPlugin:80 - create IPUIPlugin
2025-12-17 22:29:47,679 [INFO] PluginManager:220 - loadIPPluginJar : add gpio
2025-12-17 22:29:47,682 [INFO] IPUIPlugin:80 - create IPUIPlugin
2025-12-17 22:29:47,682 [INFO] PluginManager:220 - loadIPPluginJar : add gtzc
2025-12-17 22:29:47,685 [INFO] IPUIPlugin:80 - create IPUIPlugin
2025-12-17 22:29:47,685 [INFO] PluginManager:220 - loadIPPluginJar : add hash
2025-12-17 22:29:47,688 [INFO] IPUIPlugin:80 - create IPUIPlugin
2025-12-17 22:29:47,688 [INFO] PluginManager:220 - loadIPPluginJar : add i2c
2025-12-17 22:29:47,691 [INFO] IPUIPlugin:80 - create IPUIPlugin
2025-12-17 22:29:47,691 [INFO] PluginManager:220 - loadIPPluginJar : add i2s
2025-12-17 22:29:47,694 [INFO] IPUIPlugin:80 - create IPUIPlugin
2025-12-17 22:29:47,694 [INFO] PluginManager:220 - loadIPPluginJar : add i3c
2025-12-17 22:29:47,697 [INFO] IPUIPlugin:80 - create IPUIPlugin
2025-12-17 22:29:47,698 [INFO] PluginManager:220 - loadIPPluginJar : add ipddr
2025-12-17 22:29:47,703 [INFO] IPUIPlugin:80 - create IPUIPlugin
2025-12-17 22:29:47,704 [INFO] PluginManager:220 - loadIPPluginJar : add linkedlist
2025-12-17 22:29:47,707 [INFO] IPUIPlugin:80 - create IPUIPlugin
2025-12-17 22:29:47,707 [INFO] PluginManager:220 - loadIPPluginJar : add lorawan
2025-12-17 22:29:47,709 [INFO] IPUIPlugin:80 - create IPUIPlugin
2025-12-17 22:29:47,709 [INFO] PluginManager:220 - loadIPPluginJar : add ltdc
2025-12-17 22:29:47,716 [INFO] IPUIPlugin:80 - create IPUIPlugin
2025-12-17 22:29:47,716 [INFO] PluginManager:220 - loadIPPluginJar : add mdma
2025-12-17 22:29:47,721 [INFO] IPUIPlugin:80 - create IPUIPlugin
2025-12-17 22:29:47,721 [INFO] PluginManager:220 - loadIPPluginJar : add nvic
2025-12-17 22:29:47,724 [INFO] IPUIPlugin:80 - create IPUIPlugin
2025-12-17 22:29:47,724 [INFO] PluginManager:220 - loadIPPluginJar : add opamp
2025-12-17 22:29:47,727 [INFO] IPUIPlugin:80 - create IPUIPlugin
2025-12-17 22:29:47,728 [INFO] PluginManager:220 - loadIPPluginJar : add openamp
2025-12-17 22:29:47,731 [INFO] IPUIPlugin:80 - create IPUIPlugin
2025-12-17 22:29:47,731 [INFO] PluginManager:220 - loadIPPluginJar : add pdm2pcm
2025-12-17 22:29:47,737 [INFO] IPUIPlugin:80 - create IPUIPlugin
2025-12-17 22:29:47,740 [INFO] PluginManager:220 - loadIPPluginJar : add plateformsettings
2025-12-17 22:29:47,742 [INFO] IPUIPlugin:80 - create IPUIPlugin
2025-12-17 22:29:47,742 [INFO] PluginManager:220 - loadIPPluginJar : add quadspi
2025-12-17 22:29:47,745 [INFO] IPUIPlugin:80 - create IPUIPlugin
2025-12-17 22:29:47,745 [INFO] PluginManager:220 - loadIPPluginJar : add radio
2025-12-17 22:29:47,750 [INFO] IPUIPlugin:80 - create IPUIPlugin
2025-12-17 22:29:47,750 [INFO] PluginManager:220 - loadIPPluginJar : add resmgrutility
2025-12-17 22:29:47,753 [INFO] IPUIPlugin:80 - create IPUIPlugin
2025-12-17 22:29:47,753 [INFO] PluginManager:220 - loadIPPluginJar : add sai
2025-12-17 22:29:47,756 [INFO] IPUIPlugin:80 - create IPUIPlugin
2025-12-17 22:29:47,756 [INFO] PluginManager:220 - loadIPPluginJar : add spi
2025-12-17 22:29:47,761 [INFO] IPUIPlugin:80 - create IPUIPlugin
2025-12-17 22:29:47,761 [INFO] PluginManager:220 - loadIPPluginJar : add stm32_wpan
2025-12-17 22:29:47,763 [INFO] IPUIPlugin:80 - create IPUIPlugin
2025-12-17 22:29:47,764 [INFO] PluginManager:220 - loadIPPluginJar : add tim
2025-12-17 22:29:47,767 [INFO] IPUIPlugin:80 - create IPUIPlugin
2025-12-17 22:29:47,767 [INFO] PluginManager:220 - loadIPPluginJar : add touchsensing
2025-12-17 22:29:47,770 [INFO] IPUIPlugin:80 - create IPUIPlugin
2025-12-17 22:29:47,770 [INFO] PluginManager:220 - loadIPPluginJar : add tracer_emb
2025-12-17 22:29:47,772 [INFO] IPUIPlugin:80 - create IPUIPlugin
2025-12-17 22:29:47,772 [INFO] PluginManager:220 - loadIPPluginJar : add ts
2025-12-17 22:29:47,774 [INFO] IPUIPlugin:80 - create IPUIPlugin
2025-12-17 22:29:47,774 [INFO] PluginManager:220 - loadIPPluginJar : add tsc
2025-12-17 22:29:47,776 [INFO] IPUIPlugin:80 - create IPUIPlugin
2025-12-17 22:29:47,776 [INFO] PluginManager:220 - loadIPPluginJar : add ucpd
2025-12-17 22:29:47,779 [INFO] IPUIPlugin:80 - create IPUIPlugin
2025-12-17 22:29:47,779 [INFO] PluginManager:220 - loadIPPluginJar : add usart
2025-12-17 22:29:47,783 [INFO] IPUIPlugin:80 - create IPUIPlugin
2025-12-17 22:29:47,783 [INFO] PluginManager:220 - loadIPPluginJar : add usbx
2025-12-17 22:29:47,913 [FATAL] Updater:351 - Updater called before beeing initialized
2025-12-17 22:29:47,946 [INFO] RulesReader:64 - Compatibility file has been processed (317 Rules)
2025-12-17 22:29:47,960 [INFO] RulesReader:64 - Compatibility file has been processed (317 Rules)
2025-12-17 22:29:47,970 [INFO] CADModel:165 - CPN selected for project level
2025-12-17 22:29:47,970 [INFO] CADModel:114 - Register for checkConnection events
2025-12-17 22:29:47,970 [FATAL] Updater:351 - Updater called before beeing initialized
2025-12-17 22:29:47,970 [ERROR] CADModel:125 - Updater not yet initialized, retry later 
2025-12-17 22:29:48,142 [FATAL] Updater:351 - Updater called before beeing initialized
2025-12-17 22:29:48,144 [INFO] CADModel:165 - CPN selected for project level
2025-12-17 22:29:48,144 [INFO] CADModel:114 - Register for checkConnection events
2025-12-17 22:29:48,144 [FATAL] Updater:351 - Updater called before beeing initialized
2025-12-17 22:29:48,144 [ERROR] CADModel:125 - Updater not yet initialized, retry later 
2025-12-17 22:29:48,147 [FATAL] Updater:351 - Updater called before beeing initialized
2025-12-17 22:29:48,262 [FATAL] Updater:351 - Updater called before beeing initialized
2025-12-17 22:29:48,267 [INFO] DbMcusAds:53 - JSON generation date=Mon Dec 08 19:58:09 IST 2025 (1765204089911)
2025-12-17 22:29:48,267 [FATAL] Updater:351 - Updater called before beeing initialized
2025-12-17 22:29:48,312 [WARN] DetailPanel:346 - Failed to get advertising image, set to default
2025-12-17 22:29:48,402 [FATAL] Updater:351 - Updater called before beeing initialized
2025-12-17 22:29:48,404 [FATAL] Updater:351 - Updater called before beeing initialized
2025-12-17 22:29:48,404 [FATAL] Updater:351 - Updater called before beeing initialized
2025-12-17 22:29:48,404 [WARN] DetailPanel:346 - Failed to get advertising image, set to default
2025-12-17 22:29:48,405 [FATAL] Updater:351 - Updater called before beeing initialized
2025-12-17 22:29:48,464 [ERROR] Updater:1198 - MainUpdater not yet initialized. External WinMGr cannot be set.
2025-12-17 22:29:48,466 [INFO] Updater:1134 - Updater Version found : 6.15.0
2025-12-17 22:29:48,486 [INFO] ApplicationProperties:184 - Using Application install path: C:\ST\STM32CubeIDE_1.19.0\STM32CubeIDE\plugins\com.st.stm32cube.common.mx_6.15.0.202507011659
2025-12-17 22:29:49,976 [INFO] ThirdPartyUpdaterWithRetryManager:70 - Updater plugin not ready yet. [2/15]
2025-12-17 22:29:50,074 [ERROR] LogOutputStream:75 - [STDERR_REDIRECT] Dec 17, 2025 10:29:50 PM java.util.prefs.WindowsPreferences <init>
2025-12-17 22:29:50,076 [ERROR] LogOutputStream:75 - [STDERR_REDIRECT] WARNING: Could not open/create prefs root node Software\JavaSoft\Prefs at root 0xffffffff80000002. Windows RegCreateKeyEx(...) returned error code 5.
2025-12-17 22:29:50,076 [ERROR] LogOutputStream:75 - [STDERR_REDIRECT] 
2025-12-17 22:29:50,414 [INFO] MainUpdater:2872 - connection check result : 22
2025-12-17 22:29:50,415 [INFO] MainUpdater:289 - Updater Check For Update Now.
2025-12-17 22:29:50,416 [INFO] MicroXplorer:498 - Change Database Version : DB.6.0.150
2025-12-17 22:29:50,427 [INFO] McuFinderGlobals:63 - Set McuFinder mode to 2 (CubeIDE integrated)
2025-12-17 22:29:50,429 [INFO] UserAuth:487 - Internet connection configuration mode: 2
2025-12-17 22:29:50,443 [INFO] UserAuth:487 - Internet connection configuration mode: 2
2025-12-17 22:29:50,610 [ERROR] LogOutputStream:75 - [STDERR_REDIRECT] [Fatal Error] :1:1: Premature end of file.
2025-12-17 22:29:50,611 [ERROR] LogOutputStream:75 - [STDERR_REDIRECT] 
2025-12-17 22:29:50,651 [INFO] CheckServerUpdateThread:120 - End of CheckServer Thread
2025-12-17 22:29:51,561 [ERROR] LogOutputStream:75 - [STDERR_REDIRECT] [Fatal Error] :1:1: Premature end of file.
2025-12-17 22:29:51,561 [ERROR] LogOutputStream:75 - [STDERR_REDIRECT] 
2025-12-17 22:29:52,559 [ERROR] LogOutputStream:75 - [STDERR_REDIRECT] [Fatal Error] :1:1: Premature end of file.
2025-12-17 22:29:52,559 [ERROR] LogOutputStream:75 - [STDERR_REDIRECT] 
2025-12-17 22:29:53,371 [WARN] PackLoader:240 - Cannot read IP mode file for STMicroelectronics.FP-SNS-MOTENVWB1.1.4.0
2025-12-17 22:29:53,387 [WARN] PackLoader:240 - Cannot read IP mode file for STMicroelectronics.FP-ATR-ASTRA1.2.0.2
2025-12-17 22:29:53,400 [WARN] PackLoader:240 - Cannot read IP mode file for STMicroelectronics.X-CUBE-SMBUS.2.1.0
2025-12-17 22:29:53,495 [WARN] PackLoader:240 - Cannot read IP mode file for STMicroelectronics.X-CUBE-AZRTOS-F7.1.1.0
2025-12-17 22:29:53,516 [WARN] PackLoader:240 - Cannot read IP mode file for STMicroelectronics.FP-SNS-MOTENV1.5.1.0
2025-12-17 22:29:53,539 [WARN] PackLoader:240 - Cannot read IP mode file for WES.I-CUBE-Cesium.1.4.0
2025-12-17 22:29:53,577 [WARN] PackLoader:240 - Cannot read IP mode file for STMicroelectronics.X-CUBE-AZRTOS-H7.3.4.0
2025-12-17 22:29:53,588 [ERROR] LogOutputStream:75 - [STDERR_REDIRECT] [Fatal Error] :1:1: Premature end of file.
2025-12-17 22:29:53,588 [ERROR] LogOutputStream:75 - [STDERR_REDIRECT] 
2025-12-17 22:29:53,595 [WARN] PackLoader:240 - Cannot read IP mode file for STMicroelectronics.X-CUBE-DISPLAY.3.0.0
2025-12-17 22:29:53,615 [WARN] PackLoader:240 - Cannot read IP mode file for STMicroelectronics.X-CUBE-NFC10.1.0.0
2025-12-17 22:29:53,627 [WARN] PackLoader:240 - Cannot read IP mode file for STMicroelectronics.X-CUBE-ST60.1.1.0
2025-12-17 22:29:53,638 [WARN] PackLoader:240 - Cannot read IP mode file for emotas.I-CUBE-CANOPEN.1.3.0
2025-12-17 22:29:53,646 [WARN] PackLoader:240 - Cannot read IP mode file for STMicroelectronics.X-CUBE-GNSS1.7.1.0
2025-12-17 22:29:53,656 [WARN] PackLoader:240 - Cannot read IP mode file for STMicroelectronics.FP-SNS-STBOX1.2.1.0
2025-12-17 22:29:53,668 [WARN] PackLoader:240 - Cannot read IP mode file for STMicroelectronics.FP-SNS-SMARTAG2.1.2.0
2025-12-17 22:29:53,675 [WARN] PackLoader:240 - Cannot read IP mode file for STMicroelectronics.FP-SNS-FLIGHT1.5.1.0
2025-12-17 22:29:53,687 [INFO] LogOutputStream:77 - [STDOUT_REDIRECT] 1 : Invalid condition id : UX_CORESTACK_Condition cause : null
2025-12-17 22:29:53,688 [INFO] LogOutputStream:77 - [STDOUT_REDIRECT] 1 : Invalid condition id : UX_CORESTACK_Condition cause : null
2025-12-17 22:29:53,689 [INFO] LogOutputStream:77 - [STDOUT_REDIRECT] 1 : Invalid condition id : UX_CORESTACK_Condition cause : null
2025-12-17 22:29:53,690 [INFO] LogOutputStream:77 - [STDOUT_REDIRECT] 1 : Invalid condition id : UX_CORESTACK_Condition cause : null
2025-12-17 22:29:53,691 [INFO] LogOutputStream:77 - [STDOUT_REDIRECT] 1 : Invalid condition id : UX_CORESTACK_Condition cause : null
2025-12-17 22:29:53,694 [WARN] PackLoader:240 - Cannot read IP mode file for STMicroelectronics.X-CUBE-AZRTOS-WL.2.0.0
2025-12-17 22:29:53,719 [WARN] PackLoader:240 - Cannot read IP mode file for STMicroelectronics.X-CUBE-AZRTOS-H7RS.1.2.0
2025-12-17 22:29:53,732 [WARN] PackLoader:240 - Cannot read IP mode file for STMicroelectronics.X-CUBE-BLE2.3.3.0
2025-12-17 22:29:53,779 [WARN] PackLoader:240 - Cannot read IP mode file for Infineon.AIROC-Wi-Fi-Bluetooth-STM32.1.8.0
2025-12-17 22:29:53,794 [WARN] PackLoader:240 - Cannot read IP mode file for STMicroelectronics.X-CUBE-NFC9.1.0.0
2025-12-17 22:29:53,802 [WARN] PackLoader:240 - Cannot read IP mode file for STMicroelectronics.X-CUBE-BLE1.7.1.0
2025-12-17 22:29:53,807 [WARN] PackLoader:240 - Cannot read IP mode file for wolfSSL.I-CUBE-wolfMQTT.1.19.2
2025-12-17 22:29:53,814 [WARN] PackLoader:240 - Cannot read IP mode file for STMicroelectronics.X-CUBE-FREERTOS.1.4.0
2025-12-17 22:29:53,825 [WARN] PackLoader:240 - Cannot read IP mode file for STMicroelectronics.X-CUBE-EEPRMA1.5.2.0
2025-12-17 22:29:53,833 [WARN] PackLoader:240 - Cannot read IP mode file for wolfSSL.I-CUBE-wolfSSL.5.8.4
2025-12-17 22:29:53,840 [WARN] PackLoader:240 - Cannot read IP mode file for Cesanta.I-CUBE-Mongoose.7.20.0
2025-12-17 22:29:53,847 [WARN] PackLoader:240 - Cannot read IP mode file for STMicroelectronics.X-CUBE-ST67W61.1.1.0
2025-12-17 22:29:53,957 [WARN] PackLoader:240 - Cannot read IP mode file for STMicroelectronics.X-CUBE-MEMS1.12.0.0
2025-12-17 22:29:54,158 [WARN] PackLoader:240 - Cannot read IP mode file for STMicroelectronics.X-CUBE-AZRTOS-G0.1.1.0
2025-12-17 22:29:54,168 [WARN] PackLoader:240 - Cannot read IP mode file for STMicroelectronics.X-CUBE-NFC4.3.0.0
2025-12-17 22:29:54,179 [WARN] PackLoader:240 - Cannot read IP mode file for EmbeddedOffice.I-CUBE-FS-RTOS.1.0.1
2025-12-17 22:29:54,186 [WARN] PackLoader:240 - Cannot read IP mode file for STMicroelectronics.X-CUBE-WB05N.2.0.0
2025-12-17 22:29:54,192 [WARN] PackLoader:240 - Cannot read IP mode file for wolfSSL.I-CUBE-wolfTPM.3.8.0
2025-12-17 22:29:54,199 [WARN] PackLoader:240 - Cannot read IP mode file for STMicroelectronics.X-CUBE-TCPP.4.2.0
2025-12-17 22:29:54,207 [WARN] PackLoader:240 - Cannot read IP mode file for RealThread.X-CUBE-RT-Thread_Nano.4.1.1
2025-12-17 22:29:54,215 [WARN] PackLoader:240 - Cannot read IP mode file for STMicroelectronics.FP-ATR-SIGFOX1.3.2.0
2025-12-17 22:29:54,224 [WARN] PackLoader:240 - Cannot read IP mode file for ITTIA_DB.I-CUBE-ITTIADB.8.9.0
2025-12-17 22:29:54,232 [WARN] PackLoader:240 - Cannot read IP mode file for STMicroelectronics.X-CUBE-AI.10.2.0
2025-12-17 22:29:54,260 [WARN] PackLoader:240 - Cannot read IP mode file for SEGGER.I-CUBE-embOS.1.3.1
2025-12-17 22:29:54,309 [WARN] PackLoader:240 - Cannot read IP mode file for STMicroelectronics.X-CUBE-ALGOBUILD.1.4.0
2025-12-17 22:29:54,316 [WARN] PackLoader:240 - Cannot read IP mode file for STMicroelectronics.X-CUBE-PM33A1.1.0.0
2025-12-17 22:29:54,332 [WARN] PackLoader:240 - Cannot read IP mode file for STMicroelectronics.X-CUBE-AZRTOS-F4.1.1.0
2025-12-17 22:29:54,342 [WARN] PackLoader:240 - Cannot read IP mode file for STMicroelectronics.X-CUBE-ISPU.2.1.0
2025-12-17 22:29:54,356 [WARN] PackLoader:240 - Cannot read IP mode file for STMicroelectronics.X-CUBE-IPS.3.2.0
2025-12-17 22:29:54,373 [WARN] PackLoader:240 - Cannot read IP mode file for STMicroelectronics.X-CUBE-NFC12.1.0.0
2025-12-17 22:29:54,389 [WARN] PackLoader:240 - Cannot read IP mode file for STMicroelectronics.X-CUBE-AZRTOS-L5.2.0.0
2025-12-17 22:29:54,401 [WARN] PackLoader:240 - Cannot read IP mode file for STMicroelectronics.X-CUBE-NFC6.3.1.0
2025-12-17 22:29:54,410 [WARN] PackLoader:240 - Cannot read IP mode file for STMicroelectronics.X-CUBE-TOUCHGFX.4.26.0
2025-12-17 22:29:54,419 [WARN] PackLoader:240 - Cannot read IP mode file for STMicroelectronics.FP-SNS-STAIOTCFT.1.0.0
2025-12-17 22:29:54,430 [WARN] PackLoader:240 - Cannot read IP mode file for STMicroelectronics.X-CUBE-DPower.1.3.0
2025-12-17 22:29:54,445 [WARN] ConditionMgr:438 - getConditionDescription Invalid condition id : LAN8742 Phy interface Condition cause : null
2025-12-17 22:29:54,445 [WARN] PackLoader:240 - Cannot read IP mode file for STMicroelectronics.X-CUBE-AZRTOS-L4.2.0.0
2025-12-17 22:29:54,448 [WARN] ConditionMgr:1044 - genDependencies : Invalid condition id : LAN8742 Phy interface Condition cause : null
2025-12-17 22:29:54,448 [WARN] ConditionMgr:1044 - genDependencies : Invalid condition id : LAN8742 Phy interface Condition cause : null
2025-12-17 22:29:54,449 [WARN] ConditionMgr:1044 - genDependencies : Invalid condition id : LAN8742 Phy interface Condition cause : null
2025-12-17 22:29:54,458 [WARN] PackLoader:240 - Cannot read IP mode file for STMicroelectronics.X-CUBE-SFXS2LP1.4.0.0
2025-12-17 22:29:54,470 [WARN] PackLoader:240 - Cannot read IP mode file for STMicroelectronics.X-CUBE-BLEMGR.4.1.0
2025-12-17 22:29:54,486 [WARN] ConditionMgr:438 - getConditionDescription Invalid condition id : UX DEVICE CLASS RTOS Condition cause : null
2025-12-17 22:29:54,486 [WARN] ConditionMgr:438 - getConditionDescription Invalid condition id : UX DEVICE CLASS RTOS Condition cause : null
2025-12-17 22:29:54,488 [WARN] PackLoader:240 - Cannot read IP mode file for STMicroelectronics.X-CUBE-AZRTOS-WB.2.0.0
2025-12-17 22:29:54,489 [WARN] ConditionMgr:1044 - genDependencies : Invalid condition id : UX DEVICE CLASS RTOS Condition cause : null
2025-12-17 22:29:54,489 [WARN] ConditionMgr:1044 - genDependencies : Invalid condition id : UX DEVICE CLASS RTOS Condition cause : null
2025-12-17 22:29:54,489 [WARN] ConditionMgr:1044 - genDependencies : Invalid condition id : UX DEVICE CLASS RTOS Condition cause : null
2025-12-17 22:29:54,490 [WARN] ConditionMgr:1044 - genDependencies : Invalid condition id : UX DEVICE CLASS RTOS Condition cause : null
2025-12-17 22:29:54,490 [WARN] ConditionMgr:1044 - genDependencies : Invalid condition id : UX DEVICE CLASS RTOS Condition cause : null
2025-12-17 22:29:54,498 [WARN] ConditionMgr:438 - getConditionDescription Invalid condition id : Cortex-A Device cause : null
2025-12-17 22:29:54,511 [WARN] ConditionMgr:1044 - genDependencies : Invalid condition id : Cortex-A Device cause : null
2025-12-17 22:29:54,512 [WARN] ConditionMgr:1044 - genDependencies : Invalid condition id : Cortex-A Device cause : null
2025-12-17 22:29:54,512 [WARN] ConditionMgr:1044 - genDependencies : Invalid condition id : Cortex-A Device cause : null
2025-12-17 22:29:54,527 [WARN] PackLoader:240 - Cannot read IP mode file for STMicroelectronics.X-CUBE-SUBG2.5.0.0
2025-12-17 22:29:54,548 [WARN] PackLoader:240 - Cannot read IP mode file for STMicroelectronics.X-CUBE-AZRTOS-G4.2.0.0
2025-12-17 22:29:54,557 [WARN] PackLoader:240 - Cannot read IP mode file for wolfSSL.I-CUBE-wolfSSH.1.4.20
2025-12-17 22:29:54,565 [WARN] PackLoader:240 - Cannot read IP mode file for STMicroelectronics.X-CUBE-NFC7.2.0.0
2025-12-17 22:29:54,571 [WARN] PackLoader:240 - Cannot read IP mode file for STMicroelectronics.X-CUBE-ALS.1.0.2
2025-12-17 22:29:54,575 [ERROR] LogOutputStream:75 - [STDERR_REDIRECT] [Fatal Error] :1:1: Premature end of file.
2025-12-17 22:29:54,577 [ERROR] LogOutputStream:75 - [STDERR_REDIRECT] 
2025-12-17 22:29:54,581 [WARN] PackLoader:240 - Cannot read IP mode file for STMicroelectronics.X-CUBE-STSE01.1.0.0
2025-12-17 22:29:54,594 [WARN] PackLoader:240 - Cannot read IP mode file for STMicroelectronics.X-CUBE-TOF1.3.4.3
2025-12-17 22:29:54,603 [INFO] ThirdParty:978 - Integrity check success = true
2025-12-17 22:29:54,604 [INFO] IntegrityCheckThread:100 - exiting critical section [integrity check]
2025-12-17 22:29:54,604 [INFO] IntegrityCheckThread:103 - End integrity checks thread
2025-12-17 22:29:55,575 [ERROR] LogOutputStream:75 - [STDERR_REDIRECT] [Fatal Error] :1:1: Premature end of file.
2025-12-17 22:29:55,576 [ERROR] LogOutputStream:75 - [STDERR_REDIRECT] 
2025-12-17 22:29:56,562 [ERROR] LogOutputStream:75 - [STDERR_REDIRECT] [Fatal Error] :1:1: Premature end of file.
2025-12-17 22:29:56,563 [ERROR] LogOutputStream:75 - [STDERR_REDIRECT] 
2025-12-17 22:29:57,558 [ERROR] LogOutputStream:75 - [STDERR_REDIRECT] [Fatal Error] :1:1: Premature end of file.
2025-12-17 22:29:57,558 [ERROR] LogOutputStream:75 - [STDERR_REDIRECT] 
2025-12-17 22:29:58,558 [ERROR] LogOutputStream:75 - [STDERR_REDIRECT] [Fatal Error] :1:1: Premature end of file.
2025-12-17 22:29:58,558 [ERROR] LogOutputStream:75 - [STDERR_REDIRECT] 
2025-12-17 22:29:59,566 [ERROR] LogOutputStream:75 - [STDERR_REDIRECT] [Fatal Error] :1:1: Premature end of file.
2025-12-17 22:29:59,567 [ERROR] LogOutputStream:75 - [STDERR_REDIRECT] 
2025-12-17 22:30:00,567 [ERROR] LogOutputStream:75 - [STDERR_REDIRECT] [Fatal Error] :1:1: Premature end of file.
2025-12-17 22:30:00,567 [ERROR] LogOutputStream:75 - [STDERR_REDIRECT] 
2025-12-17 22:30:01,561 [ERROR] LogOutputStream:75 - [STDERR_REDIRECT] [Fatal Error] :1:1: Premature end of file.
2025-12-17 22:30:01,561 [ERROR] LogOutputStream:75 - [STDERR_REDIRECT] 
2025-12-17 22:30:02,558 [ERROR] LogOutputStream:75 - [STDERR_REDIRECT] [Fatal Error] :1:1: Premature end of file.
2025-12-17 22:30:02,558 [ERROR] LogOutputStream:75 - [STDERR_REDIRECT] 
2025-12-17 22:30:03,574 [ERROR] LogOutputStream:75 - [STDERR_REDIRECT] [Fatal Error] :1:1: Premature end of file.
2025-12-17 22:30:03,574 [ERROR] LogOutputStream:75 - [STDERR_REDIRECT] 
2025-12-17 22:30:04,553 [ERROR] LogOutputStream:75 - [STDERR_REDIRECT] [Fatal Error] :1:1: Premature end of file.
2025-12-17 22:30:04,553 [ERROR] LogOutputStream:75 - [STDERR_REDIRECT] 
2025-12-17 22:30:05,557 [ERROR] LogOutputStream:75 - [STDERR_REDIRECT] [Fatal Error] :1:1: Premature end of file.
2025-12-17 22:30:05,558 [ERROR] LogOutputStream:75 - [STDERR_REDIRECT] 
2025-12-17 22:30:06,572 [ERROR] LogOutputStream:75 - [STDERR_REDIRECT] [Fatal Error] :1:1: Premature end of file.
2025-12-17 22:30:06,573 [ERROR] LogOutputStream:75 - [STDERR_REDIRECT] 
2025-12-17 22:30:07,560 [ERROR] LogOutputStream:75 - [STDERR_REDIRECT] [Fatal Error] :1:1: Premature end of file.
2025-12-17 22:30:07,561 [ERROR] LogOutputStream:75 - [STDERR_REDIRECT] 
2025-12-17 22:30:08,558 [ERROR] LogOutputStream:75 - [STDERR_REDIRECT] [Fatal Error] :1:1: Premature end of file.
2025-12-17 22:30:08,559 [ERROR] LogOutputStream:75 - [STDERR_REDIRECT] 
2025-12-17 22:30:09,557 [ERROR] LogOutputStream:75 - [STDERR_REDIRECT] [Fatal Error] :1:1: Premature end of file.
2025-12-17 22:30:09,558 [ERROR] LogOutputStream:75 - [STDERR_REDIRECT] 
2025-12-17 22:30:10,557 [ERROR] LogOutputStream:75 - [STDERR_REDIRECT] [Fatal Error] :1:1: Premature end of file.
2025-12-17 22:30:10,558 [ERROR] LogOutputStream:75 - [STDERR_REDIRECT] 
2025-12-17 22:30:11,561 [ERROR] LogOutputStream:75 - [STDERR_REDIRECT] [Fatal Error] :1:1: Premature end of file.
2025-12-17 22:30:11,562 [ERROR] LogOutputStream:75 - [STDERR_REDIRECT] 
2025-12-17 22:30:12,559 [ERROR] LogOutputStream:75 - [STDERR_REDIRECT] [Fatal Error] :1:1: Premature end of file.
2025-12-17 22:30:12,560 [ERROR] LogOutputStream:75 - [STDERR_REDIRECT] 
2025-12-17 22:30:13,558 [ERROR] LogOutputStream:75 - [STDERR_REDIRECT] [Fatal Error] :1:1: Premature end of file.
2025-12-17 22:30:13,558 [ERROR] LogOutputStream:75 - [STDERR_REDIRECT] 
2025-12-17 22:30:14,559 [ERROR] LogOutputStream:75 - [STDERR_REDIRECT] [Fatal Error] :1:1: Premature end of file.
2025-12-17 22:30:14,559 [ERROR] LogOutputStream:75 - [STDERR_REDIRECT] 
2025-12-17 22:30:15,559 [ERROR] LogOutputStream:75 - [STDERR_REDIRECT] [Fatal Error] :1:1: Premature end of file.
2025-12-17 22:30:15,559 [ERROR] LogOutputStream:75 - [STDERR_REDIRECT] 
2025-12-17 22:30:16,559 [ERROR] LogOutputStream:75 - [STDERR_REDIRECT] [Fatal Error] :1:1: Premature end of file.
2025-12-17 22:30:16,559 [ERROR] LogOutputStream:75 - [STDERR_REDIRECT] 
2025-12-17 22:30:17,557 [ERROR] LogOutputStream:75 - [STDERR_REDIRECT] [Fatal Error] :1:1: Premature end of file.
2025-12-17 22:30:17,557 [ERROR] LogOutputStream:75 - [STDERR_REDIRECT] 
2025-12-17 22:30:18,586 [ERROR] LogOutputStream:75 - [STDERR_REDIRECT] [Fatal Error] :1:1: Premature end of file.
2025-12-17 22:30:18,586 [ERROR] LogOutputStream:75 - [STDERR_REDIRECT] 
2025-12-17 22:30:19,573 [ERROR] LogOutputStream:75 - [STDERR_REDIRECT] [Fatal Error] :1:1: Premature end of file.
2025-12-17 22:30:19,573 [ERROR] LogOutputStream:75 - [STDERR_REDIRECT] 
2025-12-17 22:30:20,559 [ERROR] LogOutputStream:75 - [STDERR_REDIRECT] [Fatal Error] :1:1: Premature end of file.
2025-12-17 22:30:20,559 [ERROR] LogOutputStream:75 - [STDERR_REDIRECT] 
2025-12-17 22:30:21,567 [ERROR] LogOutputStream:75 - [STDERR_REDIRECT] [Fatal Error] :1:1: Premature end of file.
2025-12-17 22:30:21,568 [ERROR] LogOutputStream:75 - [STDERR_REDIRECT] 
2025-12-17 22:30:22,558 [ERROR] LogOutputStream:75 - [STDERR_REDIRECT] [Fatal Error] :1:1: Premature end of file.
2025-12-17 22:30:22,558 [ERROR] LogOutputStream:75 - [STDERR_REDIRECT] 
2025-12-17 22:30:23,558 [ERROR] LogOutputStream:75 - [STDERR_REDIRECT] [Fatal Error] :1:1: Premature end of file.
2025-12-17 22:30:23,559 [ERROR] LogOutputStream:75 - [STDERR_REDIRECT] 
2025-12-17 22:30:24,559 [ERROR] LogOutputStream:75 - [STDERR_REDIRECT] [Fatal Error] :1:1: Premature end of file.
2025-12-17 22:30:24,560 [ERROR] LogOutputStream:75 - [STDERR_REDIRECT] 
2025-12-17 22:30:25,557 [ERROR] LogOutputStream:75 - [STDERR_REDIRECT] [Fatal Error] :1:1: Premature end of file.
2025-12-17 22:30:25,557 [ERROR] LogOutputStream:75 - [STDERR_REDIRECT] 
2025-12-17 22:30:26,575 [ERROR] LogOutputStream:75 - [STDERR_REDIRECT] [Fatal Error] :1:1: Premature end of file.
2025-12-17 22:30:26,576 [ERROR] LogOutputStream:75 - [STDERR_REDIRECT] 
2025-12-17 22:30:27,558 [ERROR] LogOutputStream:75 - [STDERR_REDIRECT] [Fatal Error] :1:1: Premature end of file.
2025-12-17 22:30:27,558 [ERROR] LogOutputStream:75 - [STDERR_REDIRECT] 
2025-12-17 22:30:28,557 [ERROR] LogOutputStream:75 - [STDERR_REDIRECT] [Fatal Error] :1:1: Premature end of file.
2025-12-17 22:30:28,558 [ERROR] LogOutputStream:75 - [STDERR_REDIRECT] 
2025-12-17 22:30:29,557 [ERROR] LogOutputStream:75 - [STDERR_REDIRECT] [Fatal Error] :1:1: Premature end of file.
2025-12-17 22:30:29,558 [ERROR] LogOutputStream:75 - [STDERR_REDIRECT] 
2025-12-17 22:30:30,557 [ERROR] LogOutputStream:75 - [STDERR_REDIRECT] [Fatal Error] :1:1: Premature end of file.
2025-12-17 22:30:30,558 [ERROR] LogOutputStream:75 - [STDERR_REDIRECT] 
2025-12-17 22:30:31,557 [ERROR] LogOutputStream:75 - [STDERR_REDIRECT] [Fatal Error] :1:1: Premature end of file.
2025-12-17 22:30:31,557 [ERROR] LogOutputStream:75 - [STDERR_REDIRECT] 
2025-12-17 22:30:32,558 [ERROR] LogOutputStream:75 - [STDERR_REDIRECT] [Fatal Error] :1:1: Premature end of file.
2025-12-17 22:30:32,558 [ERROR] LogOutputStream:75 - [STDERR_REDIRECT] 
2025-12-17 22:30:33,557 [ERROR] LogOutputStream:75 - [STDERR_REDIRECT] [Fatal Error] :1:1: Premature end of file.
2025-12-17 22:30:33,557 [ERROR] LogOutputStream:75 - [STDERR_REDIRECT] 
2025-12-17 22:30:34,557 [ERROR] LogOutputStream:75 - [STDERR_REDIRECT] [Fatal Error] :1:1: Premature end of file.
2025-12-17 22:30:34,557 [ERROR] LogOutputStream:75 - [STDERR_REDIRECT] 
2025-12-17 22:30:35,564 [ERROR] LogOutputStream:75 - [STDERR_REDIRECT] [Fatal Error] :1:1: Premature end of file.
2025-12-17 22:30:35,564 [ERROR] LogOutputStream:75 - [STDERR_REDIRECT] 
2025-12-17 22:30:36,559 [ERROR] LogOutputStream:75 - [STDERR_REDIRECT] [Fatal Error] :1:1: Premature end of file.
2025-12-17 22:30:36,559 [ERROR] LogOutputStream:75 - [STDERR_REDIRECT] 
2025-12-17 22:30:37,558 [ERROR] LogOutputStream:75 - [STDERR_REDIRECT] [Fatal Error] :1:1: Premature end of file.
2025-12-17 22:30:37,558 [ERROR] LogOutputStream:75 - [STDERR_REDIRECT] 
2025-12-17 22:30:38,559 [ERROR] LogOutputStream:75 - [STDERR_REDIRECT] [Fatal Error] :1:1: Premature end of file.
2025-12-17 22:30:38,559 [ERROR] LogOutputStream:75 - [STDERR_REDIRECT] 
2025-12-17 22:30:39,559 [ERROR] LogOutputStream:75 - [STDERR_REDIRECT] [Fatal Error] :1:1: Premature end of file.
2025-12-17 22:30:39,560 [ERROR] LogOutputStream:75 - [STDERR_REDIRECT] 
2025-12-17 22:30:40,560 [ERROR] LogOutputStream:75 - [STDERR_REDIRECT] [Fatal Error] :1:1: Premature end of file.
2025-12-17 22:30:40,560 [ERROR] LogOutputStream:75 - [STDERR_REDIRECT] 
2025-12-17 22:30:41,557 [ERROR] LogOutputStream:75 - [STDERR_REDIRECT] [Fatal Error] :1:1: Premature end of file.
2025-12-17 22:30:41,558 [ERROR] LogOutputStream:75 - [STDERR_REDIRECT] 
2025-12-17 22:30:42,560 [ERROR] LogOutputStream:75 - [STDERR_REDIRECT] [Fatal Error] :1:1: Premature end of file.
2025-12-17 22:30:42,560 [ERROR] LogOutputStream:75 - [STDERR_REDIRECT] 
2025-12-17 22:30:43,559 [ERROR] LogOutputStream:75 - [STDERR_REDIRECT] [Fatal Error] :1:1: Premature end of file.
2025-12-17 22:30:43,559 [ERROR] LogOutputStream:75 - [STDERR_REDIRECT] 
2025-12-17 22:30:44,559 [ERROR] LogOutputStream:75 - [STDERR_REDIRECT] [Fatal Error] :1:1: Premature end of file.
2025-12-17 22:30:44,560 [ERROR] LogOutputStream:75 - [STDERR_REDIRECT] 
2025-12-17 22:30:45,559 [ERROR] LogOutputStream:75 - [STDERR_REDIRECT] [Fatal Error] :1:1: Premature end of file.
2025-12-17 22:30:45,560 [ERROR] LogOutputStream:75 - [STDERR_REDIRECT] 
2025-12-17 22:30:46,560 [ERROR] LogOutputStream:75 - [STDERR_REDIRECT] [Fatal Error] :1:1: Premature end of file.
2025-12-17 22:30:46,561 [ERROR] LogOutputStream:75 - [STDERR_REDIRECT] 
2025-12-17 22:30:47,557 [ERROR] LogOutputStream:75 - [STDERR_REDIRECT] [Fatal Error] :1:1: Premature end of file.
2025-12-17 22:30:47,558 [ERROR] LogOutputStream:75 - [STDERR_REDIRECT] 
2025-12-17 22:30:48,558 [ERROR] LogOutputStream:75 - [STDERR_REDIRECT] [Fatal Error] :1:1: Premature end of file.
2025-12-17 22:30:48,558 [ERROR] LogOutputStream:75 - [STDERR_REDIRECT] 
2025-12-17 22:30:49,559 [ERROR] LogOutputStream:75 - [STDERR_REDIRECT] [Fatal Error] :1:1: Premature end of file.
2025-12-17 22:30:49,560 [ERROR] LogOutputStream:75 - [STDERR_REDIRECT] 
2025-12-17 22:30:50,560 [ERROR] LogOutputStream:75 - [STDERR_REDIRECT] [Fatal Error] :1:1: Premature end of file.
2025-12-17 22:30:50,560 [ERROR] LogOutputStream:75 - [STDERR_REDIRECT] 
2025-12-17 22:30:51,559 [ERROR] LogOutputStream:75 - [STDERR_REDIRECT] [Fatal Error] :1:1: Premature end of file.
2025-12-17 22:30:51,559 [ERROR] LogOutputStream:75 - [STDERR_REDIRECT] 
2025-12-17 22:30:52,561 [ERROR] LogOutputStream:75 - [STDERR_REDIRECT] [Fatal Error] :1:1: Premature end of file.
2025-12-17 22:30:52,562 [ERROR] LogOutputStream:75 - [STDERR_REDIRECT] 
2025-12-17 22:30:53,575 [ERROR] LogOutputStream:75 - [STDERR_REDIRECT] [Fatal Error] :1:1: Premature end of file.
2025-12-17 22:30:53,575 [ERROR] LogOutputStream:75 - [STDERR_REDIRECT] 
2025-12-17 22:30:54,558 [ERROR] LogOutputStream:75 - [STDERR_REDIRECT] [Fatal Error] :1:1: Premature end of file.
2025-12-17 22:30:54,558 [ERROR] LogOutputStream:75 - [STDERR_REDIRECT] 
2025-12-17 22:30:55,558 [ERROR] LogOutputStream:75 - [STDERR_REDIRECT] [Fatal Error] :1:1: Premature end of file.
2025-12-17 22:30:55,558 [ERROR] LogOutputStream:75 - [STDERR_REDIRECT] 
2025-12-17 22:30:56,556 [ERROR] LogOutputStream:75 - [STDERR_REDIRECT] [Fatal Error] :1:1: Premature end of file.
2025-12-17 22:30:56,556 [ERROR] LogOutputStream:75 - [STDERR_REDIRECT] 
2025-12-17 22:30:57,560 [ERROR] LogOutputStream:75 - [STDERR_REDIRECT] [Fatal Error] :1:1: Premature end of file.
2025-12-17 22:30:57,560 [ERROR] LogOutputStream:75 - [STDERR_REDIRECT] 
2025-12-17 22:30:58,557 [ERROR] LogOutputStream:75 - [STDERR_REDIRECT] [Fatal Error] :1:1: Premature end of file.
2025-12-17 22:30:58,558 [ERROR] LogOutputStream:75 - [STDERR_REDIRECT] 
2025-12-17 22:30:59,584 [ERROR] LogOutputStream:75 - [STDERR_REDIRECT] [Fatal Error] :1:1: Premature end of file.
2025-12-17 22:30:59,585 [ERROR] LogOutputStream:75 - [STDERR_REDIRECT] 
2025-12-17 22:31:00,566 [ERROR] LogOutputStream:75 - [STDERR_REDIRECT] [Fatal Error] :1:1: Premature end of file.
2025-12-17 22:31:00,566 [ERROR] LogOutputStream:75 - [STDERR_REDIRECT] 
2025-12-17 22:31:01,559 [ERROR] LogOutputStream:75 - [STDERR_REDIRECT] [Fatal Error] :1:1: Premature end of file.
2025-12-17 22:31:01,559 [ERROR] LogOutputStream:75 - [STDERR_REDIRECT] 
2025-12-17 22:31:02,558 [ERROR] LogOutputStream:75 - [STDERR_REDIRECT] [Fatal Error] :1:1: Premature end of file.
2025-12-17 22:31:02,558 [ERROR] LogOutputStream:75 - [STDERR_REDIRECT] 
2025-12-17 22:31:03,556 [ERROR] LogOutputStream:75 - [STDERR_REDIRECT] [Fatal Error] :1:1: Premature end of file.
2025-12-17 22:31:03,557 [ERROR] LogOutputStream:75 - [STDERR_REDIRECT] 
2025-12-17 22:31:04,561 [ERROR] LogOutputStream:75 - [STDERR_REDIRECT] [Fatal Error] :1:1: Premature end of file.
2025-12-17 22:31:04,561 [ERROR] LogOutputStream:75 - [STDERR_REDIRECT] 
2025-12-17 22:31:05,561 [ERROR] LogOutputStream:75 - [STDERR_REDIRECT] [Fatal Error] :1:1: Premature end of file.
2025-12-17 22:31:05,561 [ERROR] LogOutputStream:75 - [STDERR_REDIRECT] 
2025-12-17 22:31:06,559 [ERROR] LogOutputStream:75 - [STDERR_REDIRECT] [Fatal Error] :1:1: Premature end of file.
2025-12-17 22:31:06,559 [ERROR] LogOutputStream:75 - [STDERR_REDIRECT] 
2025-12-17 22:31:07,564 [ERROR] LogOutputStream:75 - [STDERR_REDIRECT] [Fatal Error] :1:1: Premature end of file.
2025-12-17 22:31:07,564 [ERROR] LogOutputStream:75 - [STDERR_REDIRECT] 
2025-12-17 22:31:08,560 [ERROR] LogOutputStream:75 - [STDERR_REDIRECT] [Fatal Error] :1:1: Premature end of file.
2025-12-17 22:31:08,560 [ERROR] LogOutputStream:75 - [STDERR_REDIRECT] 
2025-12-17 22:31:09,559 [ERROR] LogOutputStream:75 - [STDERR_REDIRECT] [Fatal Error] :1:1: Premature end of file.
2025-12-17 22:31:09,559 [ERROR] LogOutputStream:75 - [STDERR_REDIRECT] 
2025-12-17 22:31:10,558 [ERROR] LogOutputStream:75 - [STDERR_REDIRECT] [Fatal Error] :1:1: Premature end of file.
2025-12-17 22:31:10,558 [ERROR] LogOutputStream:75 - [STDERR_REDIRECT] 
2025-12-17 22:31:11,555 [ERROR] LogOutputStream:75 - [STDERR_REDIRECT] [Fatal Error] :1:1: Premature end of file.
2025-12-17 22:31:11,555 [ERROR] LogOutputStream:75 - [STDERR_REDIRECT] 
2025-12-17 22:31:12,562 [ERROR] LogOutputStream:75 - [STDERR_REDIRECT] [Fatal Error] :1:1: Premature end of file.
2025-12-17 22:31:12,562 [ERROR] LogOutputStream:75 - [STDERR_REDIRECT] 
2025-12-17 22:31:13,562 [ERROR] LogOutputStream:75 - [STDERR_REDIRECT] [Fatal Error] :1:1: Premature end of file.
2025-12-17 22:31:13,564 [ERROR] LogOutputStream:75 - [STDERR_REDIRECT] 
2025-12-17 22:31:14,558 [ERROR] LogOutputStream:75 - [STDERR_REDIRECT] [Fatal Error] :1:1: Premature end of file.
2025-12-17 22:31:14,559 [ERROR] LogOutputStream:75 - [STDERR_REDIRECT] 
2025-12-17 22:31:15,556 [ERROR] LogOutputStream:75 - [STDERR_REDIRECT] [Fatal Error] :1:1: Premature end of file.
2025-12-17 22:31:15,557 [ERROR] LogOutputStream:75 - [STDERR_REDIRECT] 
2025-12-17 22:31:16,557 [ERROR] LogOutputStream:75 - [STDERR_REDIRECT] [Fatal Error] :1:1: Premature end of file.
2025-12-17 22:31:16,557 [ERROR] LogOutputStream:75 - [STDERR_REDIRECT] 
2025-12-17 22:31:17,556 [ERROR] LogOutputStream:75 - [STDERR_REDIRECT] [Fatal Error] :1:1: Premature end of file.
2025-12-17 22:31:17,557 [ERROR] LogOutputStream:75 - [STDERR_REDIRECT] 
2025-12-17 22:31:18,557 [ERROR] LogOutputStream:75 - [STDERR_REDIRECT] [Fatal Error] :1:1: Premature end of file.
2025-12-17 22:31:18,558 [ERROR] LogOutputStream:75 - [STDERR_REDIRECT] 
2025-12-17 22:31:19,563 [ERROR] LogOutputStream:75 - [STDERR_REDIRECT] [Fatal Error] :1:1: Premature end of file.
2025-12-17 22:31:19,563 [ERROR] LogOutputStream:75 - [STDERR_REDIRECT] 
2025-12-17 22:31:20,556 [ERROR] LogOutputStream:75 - [STDERR_REDIRECT] [Fatal Error] :1:1: Premature end of file.
2025-12-17 22:31:20,557 [ERROR] LogOutputStream:75 - [STDERR_REDIRECT] 
2025-12-17 22:31:21,565 [ERROR] LogOutputStream:75 - [STDERR_REDIRECT] [Fatal Error] :1:1: Premature end of file.
2025-12-17 22:31:21,566 [ERROR] LogOutputStream:75 - [STDERR_REDIRECT] 
2025-12-17 22:31:22,573 [ERROR] LogOutputStream:75 - [STDERR_REDIRECT] [Fatal Error] :1:1: Premature end of file.
2025-12-17 22:31:22,574 [ERROR] LogOutputStream:75 - [STDERR_REDIRECT] 
2025-12-17 22:31:23,558 [ERROR] LogOutputStream:75 - [STDERR_REDIRECT] [Fatal Error] :1:1: Premature end of file.
2025-12-17 22:31:23,558 [ERROR] LogOutputStream:75 - [STDERR_REDIRECT] 
2025-12-17 22:31:24,556 [ERROR] LogOutputStream:75 - [STDERR_REDIRECT] [Fatal Error] :1:1: Premature end of file.
2025-12-17 22:31:24,557 [ERROR] LogOutputStream:75 - [STDERR_REDIRECT] 
2025-12-17 22:31:25,555 [ERROR] LogOutputStream:75 - [STDERR_REDIRECT] [Fatal Error] :1:1: Premature end of file.
2025-12-17 22:31:25,556 [ERROR] LogOutputStream:75 - [STDERR_REDIRECT] 
2025-12-17 22:31:26,557 [ERROR] LogOutputStream:75 - [STDERR_REDIRECT] [Fatal Error] :1:1: Premature end of file.
2025-12-17 22:31:26,558 [ERROR] LogOutputStream:75 - [STDERR_REDIRECT] 
2025-12-17 22:31:27,557 [ERROR] LogOutputStream:75 - [STDERR_REDIRECT] [Fatal Error] :1:1: Premature end of file.
2025-12-17 22:31:27,558 [ERROR] LogOutputStream:75 - [STDERR_REDIRECT] 
2025-12-17 22:31:28,555 [ERROR] LogOutputStream:75 - [STDERR_REDIRECT] [Fatal Error] :1:1: Premature end of file.
2025-12-17 22:31:28,556 [ERROR] LogOutputStream:75 - [STDERR_REDIRECT] 
2025-12-17 22:31:29,555 [ERROR] LogOutputStream:75 - [STDERR_REDIRECT] [Fatal Error] :1:1: Premature end of file.
2025-12-17 22:31:29,555 [ERROR] LogOutputStream:75 - [STDERR_REDIRECT] 
2025-12-17 22:31:30,558 [ERROR] LogOutputStream:75 - [STDERR_REDIRECT] [Fatal Error] :1:1: Premature end of file.
2025-12-17 22:31:30,558 [ERROR] LogOutputStream:75 - [STDERR_REDIRECT] 
2025-12-17 22:31:31,557 [ERROR] LogOutputStream:75 - [STDERR_REDIRECT] [Fatal Error] :1:1: Premature end of file.
2025-12-17 22:31:31,558 [ERROR] LogOutputStream:75 - [STDERR_REDIRECT] 
2025-12-17 22:31:32,561 [ERROR] LogOutputStream:75 - [STDERR_REDIRECT] [Fatal Error] :1:1: Premature end of file.
2025-12-17 22:31:32,561 [ERROR] LogOutputStream:75 - [STDERR_REDIRECT] 
2025-12-17 22:31:33,558 [ERROR] LogOutputStream:75 - [STDERR_REDIRECT] [Fatal Error] :1:1: Premature end of file.
2025-12-17 22:31:33,558 [ERROR] LogOutputStream:75 - [STDERR_REDIRECT] 
2025-12-17 22:31:34,557 [ERROR] LogOutputStream:75 - [STDERR_REDIRECT] [Fatal Error] :1:1: Premature end of file.
2025-12-17 22:31:34,558 [ERROR] LogOutputStream:75 - [STDERR_REDIRECT] 
2025-12-17 22:31:35,557 [ERROR] LogOutputStream:75 - [STDERR_REDIRECT] [Fatal Error] :1:1: Premature end of file.
2025-12-17 22:31:35,557 [ERROR] LogOutputStream:75 - [STDERR_REDIRECT] 
2025-12-17 22:31:36,558 [ERROR] LogOutputStream:75 - [STDERR_REDIRECT] [Fatal Error] :1:1: Premature end of file.
2025-12-17 22:31:36,558 [ERROR] LogOutputStream:75 - [STDERR_REDIRECT] 
2025-12-17 22:31:37,563 [ERROR] LogOutputStream:75 - [STDERR_REDIRECT] [Fatal Error] :1:1: Premature end of file.
2025-12-17 22:31:37,563 [ERROR] LogOutputStream:75 - [STDERR_REDIRECT] 
2025-12-17 22:31:38,569 [ERROR] LogOutputStream:75 - [STDERR_REDIRECT] [Fatal Error] :1:1: Premature end of file.
2025-12-17 22:31:38,569 [ERROR] LogOutputStream:75 - [STDERR_REDIRECT] 
2025-12-17 22:31:39,558 [ERROR] LogOutputStream:75 - [STDERR_REDIRECT] [Fatal Error] :1:1: Premature end of file.
2025-12-17 22:31:39,558 [ERROR] LogOutputStream:75 - [STDERR_REDIRECT] 
2025-12-17 22:31:40,557 [ERROR] LogOutputStream:75 - [STDERR_REDIRECT] [Fatal Error] :1:1: Premature end of file.
2025-12-17 22:31:40,557 [ERROR] LogOutputStream:75 - [STDERR_REDIRECT] 
2025-12-17 22:31:41,556 [ERROR] LogOutputStream:75 - [STDERR_REDIRECT] [Fatal Error] :1:1: Premature end of file.
2025-12-17 22:31:41,557 [ERROR] LogOutputStream:75 - [STDERR_REDIRECT] 
2025-12-17 22:31:42,562 [ERROR] LogOutputStream:75 - [STDERR_REDIRECT] [Fatal Error] :1:1: Premature end of file.
2025-12-17 22:31:42,562 [ERROR] LogOutputStream:75 - [STDERR_REDIRECT] 
2025-12-17 22:31:43,555 [ERROR] LogOutputStream:75 - [STDERR_REDIRECT] [Fatal Error] :1:1: Premature end of file.
2025-12-17 22:31:43,556 [ERROR] LogOutputStream:75 - [STDERR_REDIRECT] 
2025-12-17 22:31:44,556 [ERROR] LogOutputStream:75 - [STDERR_REDIRECT] [Fatal Error] :1:1: Premature end of file.
2025-12-17 22:31:44,556 [ERROR] LogOutputStream:75 - [STDERR_REDIRECT] 
2025-12-17 22:31:45,558 [ERROR] LogOutputStream:75 - [STDERR_REDIRECT] [Fatal Error] :1:1: Premature end of file.
2025-12-17 22:31:45,558 [ERROR] LogOutputStream:75 - [STDERR_REDIRECT] 
2025-12-17 22:31:46,558 [ERROR] LogOutputStream:75 - [STDERR_REDIRECT] [Fatal Error] :1:1: Premature end of file.
2025-12-17 22:31:46,559 [ERROR] LogOutputStream:75 - [STDERR_REDIRECT] 
2025-12-17 22:31:47,558 [ERROR] LogOutputStream:75 - [STDERR_REDIRECT] [Fatal Error] :1:1: Premature end of file.
2025-12-17 22:31:47,558 [ERROR] LogOutputStream:75 - [STDERR_REDIRECT] 
2025-12-17 22:31:48,557 [ERROR] LogOutputStream:75 - [STDERR_REDIRECT] [Fatal Error] :1:1: Premature end of file.
2025-12-17 22:31:48,557 [ERROR] LogOutputStream:75 - [STDERR_REDIRECT] 
2025-12-17 22:31:49,556 [ERROR] LogOutputStream:75 - [STDERR_REDIRECT] [Fatal Error] :1:1: Premature end of file.
2025-12-17 22:31:49,556 [ERROR] LogOutputStream:75 - [STDERR_REDIRECT] 
2025-12-17 22:31:50,558 [ERROR] LogOutputStream:75 - [STDERR_REDIRECT] [Fatal Error] :1:1: Premature end of file.
2025-12-17 22:31:50,558 [ERROR] LogOutputStream:75 - [STDERR_REDIRECT] 
2025-12-17 22:31:51,559 [ERROR] LogOutputStream:75 - [STDERR_REDIRECT] [Fatal Error] :1:1: Premature end of file.
2025-12-17 22:31:51,559 [ERROR] LogOutputStream:75 - [STDERR_REDIRECT] 
2025-12-17 22:31:52,559 [ERROR] LogOutputStream:75 - [STDERR_REDIRECT] [Fatal Error] :1:1: Premature end of file.
2025-12-17 22:31:52,560 [ERROR] LogOutputStream:75 - [STDERR_REDIRECT] 
2025-12-17 22:31:53,556 [ERROR] LogOutputStream:75 - [STDERR_REDIRECT] [Fatal Error] :1:1: Premature end of file.
2025-12-17 22:31:53,556 [ERROR] LogOutputStream:75 - [STDERR_REDIRECT] 
2025-12-17 22:31:54,557 [ERROR] LogOutputStream:75 - [STDERR_REDIRECT] [Fatal Error] :1:1: Premature end of file.
2025-12-17 22:31:54,558 [ERROR] LogOutputStream:75 - [STDERR_REDIRECT] 
2025-12-17 22:31:55,557 [ERROR] LogOutputStream:75 - [STDERR_REDIRECT] [Fatal Error] :1:1: Premature end of file.
2025-12-17 22:31:55,558 [ERROR] LogOutputStream:75 - [STDERR_REDIRECT] 
2025-12-17 22:31:56,556 [ERROR] LogOutputStream:75 - [STDERR_REDIRECT] [Fatal Error] :1:1: Premature end of file.
2025-12-17 22:31:56,557 [ERROR] LogOutputStream:75 - [STDERR_REDIRECT] 
2025-12-17 22:31:57,557 [ERROR] LogOutputStream:75 - [STDERR_REDIRECT] [Fatal Error] :1:1: Premature end of file.
2025-12-17 22:31:57,557 [ERROR] LogOutputStream:75 - [STDERR_REDIRECT] 
2025-12-17 22:31:58,557 [ERROR] LogOutputStream:75 - [STDERR_REDIRECT] [Fatal Error] :1:1: Premature end of file.
2025-12-17 22:31:58,557 [ERROR] LogOutputStream:75 - [STDERR_REDIRECT] 
2025-12-17 22:31:59,558 [ERROR] LogOutputStream:75 - [STDERR_REDIRECT] [Fatal Error] :1:1: Premature end of file.
2025-12-17 22:31:59,558 [ERROR] LogOutputStream:75 - [STDERR_REDIRECT] 
2025-12-17 22:32:00,557 [ERROR] LogOutputStream:75 - [STDERR_REDIRECT] [Fatal Error] :1:1: Premature end of file.
2025-12-17 22:32:00,557 [ERROR] LogOutputStream:75 - [STDERR_REDIRECT] 
2025-12-17 22:32:01,557 [ERROR] LogOutputStream:75 - [STDERR_REDIRECT] [Fatal Error] :1:1: Premature end of file.
2025-12-17 22:32:01,558 [ERROR] LogOutputStream:75 - [STDERR_REDIRECT] 
2025-12-17 22:32:02,557 [ERROR] LogOutputStream:75 - [STDERR_REDIRECT] [Fatal Error] :1:1: Premature end of file.
2025-12-17 22:32:02,557 [ERROR] LogOutputStream:75 - [STDERR_REDIRECT] 
2025-12-17 22:32:03,556 [ERROR] LogOutputStream:75 - [STDERR_REDIRECT] [Fatal Error] :1:1: Premature end of file.
2025-12-17 22:32:03,556 [ERROR] LogOutputStream:75 - [STDERR_REDIRECT] 
2025-12-17 22:32:04,564 [ERROR] LogOutputStream:75 - [STDERR_REDIRECT] [Fatal Error] :1:1: Premature end of file.
2025-12-17 22:32:04,565 [ERROR] LogOutputStream:75 - [STDERR_REDIRECT] 
2025-12-17 22:32:05,560 [ERROR] LogOutputStream:75 - [STDERR_REDIRECT] [Fatal Error] :1:1: Premature end of file.
2025-12-17 22:32:05,560 [ERROR] LogOutputStream:75 - [STDERR_REDIRECT] 
2025-12-17 22:32:06,567 [ERROR] LogOutputStream:75 - [STDERR_REDIRECT] [Fatal Error] :1:1: Premature end of file.
2025-12-17 22:32:06,567 [ERROR] LogOutputStream:75 - [STDERR_REDIRECT] 
2025-12-17 22:32:07,560 [ERROR] LogOutputStream:75 - [STDERR_REDIRECT] [Fatal Error] :1:1: Premature end of file.
2025-12-17 22:32:07,560 [ERROR] LogOutputStream:75 - [STDERR_REDIRECT] 
2025-12-17 22:32:08,559 [ERROR] LogOutputStream:75 - [STDERR_REDIRECT] [Fatal Error] :1:1: Premature end of file.
2025-12-17 22:32:08,559 [ERROR] LogOutputStream:75 - [STDERR_REDIRECT] 
2025-12-17 22:32:09,558 [ERROR] LogOutputStream:75 - [STDERR_REDIRECT] [Fatal Error] :1:1: Premature end of file.
2025-12-17 22:32:09,558 [ERROR] LogOutputStream:75 - [STDERR_REDIRECT] 
2025-12-17 22:32:10,556 [ERROR] LogOutputStream:75 - [STDERR_REDIRECT] [Fatal Error] :1:1: Premature end of file.
2025-12-17 22:32:10,556 [ERROR] LogOutputStream:75 - [STDERR_REDIRECT] 
2025-12-17 22:32:11,557 [ERROR] LogOutputStream:75 - [STDERR_REDIRECT] [Fatal Error] :1:1: Premature end of file.
2025-12-17 22:32:11,557 [ERROR] LogOutputStream:75 - [STDERR_REDIRECT] 
2025-12-17 22:32:12,556 [ERROR] LogOutputStream:75 - [STDERR_REDIRECT] [Fatal Error] :1:1: Premature end of file.
2025-12-17 22:32:12,556 [ERROR] LogOutputStream:75 - [STDERR_REDIRECT] 
2025-12-17 22:32:13,558 [ERROR] LogOutputStream:75 - [STDERR_REDIRECT] [Fatal Error] :1:1: Premature end of file.
2025-12-17 22:32:13,558 [ERROR] LogOutputStream:75 - [STDERR_REDIRECT] 
2025-12-17 22:32:14,556 [ERROR] LogOutputStream:75 - [STDERR_REDIRECT] [Fatal Error] :1:1: Premature end of file.
2025-12-17 22:32:14,556 [ERROR] LogOutputStream:75 - [STDERR_REDIRECT] 
2025-12-17 22:32:15,558 [ERROR] LogOutputStream:75 - [STDERR_REDIRECT] [Fatal Error] :1:1: Premature end of file.
2025-12-17 22:32:15,558 [ERROR] LogOutputStream:75 - [STDERR_REDIRECT] 
2025-12-17 22:32:16,556 [ERROR] LogOutputStream:75 - [STDERR_REDIRECT] [Fatal Error] :1:1: Premature end of file.
2025-12-17 22:32:16,557 [ERROR] LogOutputStream:75 - [STDERR_REDIRECT] 
2025-12-17 22:32:17,560 [ERROR] LogOutputStream:75 - [STDERR_REDIRECT] [Fatal Error] :1:1: Premature end of file.
2025-12-17 22:32:17,561 [ERROR] LogOutputStream:75 - [STDERR_REDIRECT] 
2025-12-17 22:32:18,556 [ERROR] LogOutputStream:75 - [STDERR_REDIRECT] [Fatal Error] :1:1: Premature end of file.
2025-12-17 22:32:18,556 [ERROR] LogOutputStream:75 - [STDERR_REDIRECT] 
2025-12-17 22:32:19,567 [ERROR] LogOutputStream:75 - [STDERR_REDIRECT] [Fatal Error] :1:1: Premature end of file.
2025-12-17 22:32:19,568 [ERROR] LogOutputStream:75 - [STDERR_REDIRECT] 
2025-12-17 22:32:20,560 [ERROR] LogOutputStream:75 - [STDERR_REDIRECT] [Fatal Error] :1:1: Premature end of file.
2025-12-17 22:32:20,560 [ERROR] LogOutputStream:75 - [STDERR_REDIRECT] 
2025-12-17 22:32:21,561 [ERROR] LogOutputStream:75 - [STDERR_REDIRECT] [Fatal Error] :1:1: Premature end of file.
2025-12-17 22:32:21,561 [ERROR] LogOutputStream:75 - [STDERR_REDIRECT] 
2025-12-17 22:32:22,565 [ERROR] LogOutputStream:75 - [STDERR_REDIRECT] [Fatal Error] :1:1: Premature end of file.
2025-12-17 22:32:22,566 [ERROR] LogOutputStream:75 - [STDERR_REDIRECT] 
2025-12-17 22:32:23,566 [ERROR] LogOutputStream:75 - [STDERR_REDIRECT] [Fatal Error] :1:1: Premature end of file.
2025-12-17 22:32:23,567 [ERROR] LogOutputStream:75 - [STDERR_REDIRECT] 
2025-12-17 22:32:24,556 [ERROR] LogOutputStream:75 - [STDERR_REDIRECT] [Fatal Error] :1:1: Premature end of file.
2025-12-17 22:32:24,556 [ERROR] LogOutputStream:75 - [STDERR_REDIRECT] 
2025-12-17 22:32:25,564 [ERROR] LogOutputStream:75 - [STDERR_REDIRECT] [Fatal Error] :1:1: Premature end of file.
2025-12-17 22:32:25,564 [ERROR] LogOutputStream:75 - [STDERR_REDIRECT] 
2025-12-17 22:32:26,558 [ERROR] LogOutputStream:75 - [STDERR_REDIRECT] [Fatal Error] :1:1: Premature end of file.
2025-12-17 22:32:26,558 [ERROR] LogOutputStream:75 - [STDERR_REDIRECT] 
2025-12-17 22:32:27,567 [ERROR] LogOutputStream:75 - [STDERR_REDIRECT] [Fatal Error] :1:1: Premature end of file.
2025-12-17 22:32:27,568 [ERROR] LogOutputStream:75 - [STDERR_REDIRECT] 
2025-12-17 22:32:28,562 [ERROR] LogOutputStream:75 - [STDERR_REDIRECT] [Fatal Error] :1:1: Premature end of file.
2025-12-17 22:32:28,562 [ERROR] LogOutputStream:75 - [STDERR_REDIRECT] 
2025-12-17 22:32:29,556 [ERROR] LogOutputStream:75 - [STDERR_REDIRECT] [Fatal Error] :1:1: Premature end of file.
2025-12-17 22:32:29,556 [ERROR] LogOutputStream:75 - [STDERR_REDIRECT] 
2025-12-17 22:32:30,561 [ERROR] LogOutputStream:75 - [STDERR_REDIRECT] [Fatal Error] :1:1: Premature end of file.
2025-12-17 22:32:30,562 [ERROR] LogOutputStream:75 - [STDERR_REDIRECT] 
2025-12-17 22:32:31,559 [ERROR] LogOutputStream:75 - [STDERR_REDIRECT] [Fatal Error] :1:1: Premature end of file.
2025-12-17 22:32:31,560 [ERROR] LogOutputStream:75 - [STDERR_REDIRECT] 
2025-12-17 22:32:32,556 [ERROR] LogOutputStream:75 - [STDERR_REDIRECT] [Fatal Error] :1:1: Premature end of file.
2025-12-17 22:32:32,557 [ERROR] LogOutputStream:75 - [STDERR_REDIRECT] 
2025-12-17 22:32:33,561 [ERROR] LogOutputStream:75 - [STDERR_REDIRECT] [Fatal Error] :1:1: Premature end of file.
2025-12-17 22:32:33,561 [ERROR] LogOutputStream:75 - [STDERR_REDIRECT] 
2025-12-17 22:32:34,554 [ERROR] LogOutputStream:75 - [STDERR_REDIRECT] [Fatal Error] :1:1: Premature end of file.
2025-12-17 22:32:34,554 [ERROR] LogOutputStream:75 - [STDERR_REDIRECT] 
2025-12-17 22:32:35,556 [ERROR] LogOutputStream:75 - [STDERR_REDIRECT] [Fatal Error] :1:1: Premature end of file.
2025-12-17 22:32:35,557 [ERROR] LogOutputStream:75 - [STDERR_REDIRECT] 
2025-12-17 22:32:36,548 [ERROR] LogOutputStream:75 - [STDERR_REDIRECT] [Fatal Error] :1:1: Premature end of file.
2025-12-17 22:32:36,549 [ERROR] LogOutputStream:75 - [STDERR_REDIRECT] 
2025-12-17 22:32:37,568 [ERROR] LogOutputStream:75 - [STDERR_REDIRECT] [Fatal Error] :1:1: Premature end of file.
2025-12-17 22:32:37,568 [ERROR] LogOutputStream:75 - [STDERR_REDIRECT] 
2025-12-17 22:32:38,558 [ERROR] LogOutputStream:75 - [STDERR_REDIRECT] [Fatal Error] :1:1: Premature end of file.
2025-12-17 22:32:38,558 [ERROR] LogOutputStream:75 - [STDERR_REDIRECT] 
2025-12-17 22:32:39,559 [ERROR] LogOutputStream:75 - [STDERR_REDIRECT] [Fatal Error] :1:1: Premature end of file.
2025-12-17 22:32:39,559 [ERROR] LogOutputStream:75 - [STDERR_REDIRECT] 
2025-12-17 22:32:40,557 [ERROR] LogOutputStream:75 - [STDERR_REDIRECT] [Fatal Error] :1:1: Premature end of file.
2025-12-17 22:32:40,559 [ERROR] LogOutputStream:75 - [STDERR_REDIRECT] 
2025-12-17 22:32:41,556 [ERROR] LogOutputStream:75 - [STDERR_REDIRECT] [Fatal Error] :1:1: Premature end of file.
2025-12-17 22:32:41,557 [ERROR] LogOutputStream:75 - [STDERR_REDIRECT] 
2025-12-17 22:32:42,557 [ERROR] LogOutputStream:75 - [STDERR_REDIRECT] [Fatal Error] :1:1: Premature end of file.
2025-12-17 22:32:42,558 [ERROR] LogOutputStream:75 - [STDERR_REDIRECT] 
2025-12-17 22:32:43,558 [ERROR] LogOutputStream:75 - [STDERR_REDIRECT] [Fatal Error] :1:1: Premature end of file.
2025-12-17 22:32:43,558 [ERROR] LogOutputStream:75 - [STDERR_REDIRECT] 
2025-12-17 22:32:44,565 [ERROR] LogOutputStream:75 - [STDERR_REDIRECT] [Fatal Error] :1:1: Premature end of file.
2025-12-17 22:32:44,565 [ERROR] LogOutputStream:75 - [STDERR_REDIRECT] 
2025-12-17 22:32:45,559 [ERROR] LogOutputStream:75 - [STDERR_REDIRECT] [Fatal Error] :1:1: Premature end of file.
2025-12-17 22:32:45,560 [ERROR] LogOutputStream:75 - [STDERR_REDIRECT] 
2025-12-17 22:32:46,559 [ERROR] LogOutputStream:75 - [STDERR_REDIRECT] [Fatal Error] :1:1: Premature end of file.
2025-12-17 22:32:46,560 [ERROR] LogOutputStream:75 - [STDERR_REDIRECT] 
2025-12-17 22:32:47,557 [ERROR] LogOutputStream:75 - [STDERR_REDIRECT] [Fatal Error] :1:1: Premature end of file.
2025-12-17 22:32:47,557 [ERROR] LogOutputStream:75 - [STDERR_REDIRECT] 
2025-12-17 22:32:48,556 [ERROR] LogOutputStream:75 - [STDERR_REDIRECT] [Fatal Error] :1:1: Premature end of file.
2025-12-17 22:32:48,556 [ERROR] LogOutputStream:75 - [STDERR_REDIRECT] 
2025-12-17 22:32:49,557 [ERROR] LogOutputStream:75 - [STDERR_REDIRECT] [Fatal Error] :1:1: Premature end of file.
2025-12-17 22:32:49,557 [ERROR] LogOutputStream:75 - [STDERR_REDIRECT] 
2025-12-17 22:32:50,563 [ERROR] LogOutputStream:75 - [STDERR_REDIRECT] [Fatal Error] :1:1: Premature end of file.
2025-12-17 22:32:50,564 [ERROR] LogOutputStream:75 - [STDERR_REDIRECT] 
2025-12-17 22:32:51,559 [ERROR] LogOutputStream:75 - [STDERR_REDIRECT] [Fatal Error] :1:1: Premature end of file.
2025-12-17 22:32:51,559 [ERROR] LogOutputStream:75 - [STDERR_REDIRECT] 
2025-12-17 22:32:52,557 [ERROR] LogOutputStream:75 - [STDERR_REDIRECT] [Fatal Error] :1:1: Premature end of file.
2025-12-17 22:32:52,558 [ERROR] LogOutputStream:75 - [STDERR_REDIRECT] 
2025-12-17 22:32:53,556 [ERROR] LogOutputStream:75 - [STDERR_REDIRECT] [Fatal Error] :1:1: Premature end of file.
2025-12-17 22:32:53,557 [ERROR] LogOutputStream:75 - [STDERR_REDIRECT] 
2025-12-17 22:32:54,557 [ERROR] LogOutputStream:75 - [STDERR_REDIRECT] [Fatal Error] :1:1: Premature end of file.
2025-12-17 22:32:54,558 [ERROR] LogOutputStream:75 - [STDERR_REDIRECT] 
2025-12-17 22:32:55,560 [ERROR] LogOutputStream:75 - [STDERR_REDIRECT] [Fatal Error] :1:1: Premature end of file.
2025-12-17 22:32:55,560 [ERROR] LogOutputStream:75 - [STDERR_REDIRECT] 
2025-12-17 22:32:56,559 [ERROR] LogOutputStream:75 - [STDERR_REDIRECT] [Fatal Error] :1:1: Premature end of file.
2025-12-17 22:32:56,560 [ERROR] LogOutputStream:75 - [STDERR_REDIRECT] 
2025-12-17 22:32:57,558 [ERROR] LogOutputStream:75 - [STDERR_REDIRECT] [Fatal Error] :1:1: Premature end of file.
2025-12-17 22:32:57,558 [ERROR] LogOutputStream:75 - [STDERR_REDIRECT] 
2025-12-17 22:32:58,562 [ERROR] LogOutputStream:75 - [STDERR_REDIRECT] [Fatal Error] :1:1: Premature end of file.
2025-12-17 22:32:58,563 [ERROR] LogOutputStream:75 - [STDERR_REDIRECT] 
2025-12-17 22:32:59,556 [ERROR] LogOutputStream:75 - [STDERR_REDIRECT] [Fatal Error] :1:1: Premature end of file.
2025-12-17 22:32:59,557 [ERROR] LogOutputStream:75 - [STDERR_REDIRECT] 
2025-12-17 22:33:00,557 [ERROR] LogOutputStream:75 - [STDERR_REDIRECT] [Fatal Error] :1:1: Premature end of file.
2025-12-17 22:33:00,558 [ERROR] LogOutputStream:75 - [STDERR_REDIRECT] 
2025-12-17 22:33:01,559 [ERROR] LogOutputStream:75 - [STDERR_REDIRECT] [Fatal Error] :1:1: Premature end of file.
2025-12-17 22:33:01,559 [ERROR] LogOutputStream:75 - [STDERR_REDIRECT] 
2025-12-17 22:33:02,558 [ERROR] LogOutputStream:75 - [STDERR_REDIRECT] [Fatal Error] :1:1: Premature end of file.
2025-12-17 22:33:02,558 [ERROR] LogOutputStream:75 - [STDERR_REDIRECT] 
2025-12-17 22:33:03,557 [ERROR] LogOutputStream:75 - [STDERR_REDIRECT] [Fatal Error] :1:1: Premature end of file.
2025-12-17 22:33:03,557 [ERROR] LogOutputStream:75 - [STDERR_REDIRECT] 
2025-12-17 22:33:04,564 [ERROR] LogOutputStream:75 - [STDERR_REDIRECT] [Fatal Error] :1:1: Premature end of file.
2025-12-17 22:33:04,564 [ERROR] LogOutputStream:75 - [STDERR_REDIRECT] 
2025-12-17 22:33:05,561 [ERROR] LogOutputStream:75 - [STDERR_REDIRECT] [Fatal Error] :1:1: Premature end of file.
2025-12-17 22:33:05,561 [ERROR] LogOutputStream:75 - [STDERR_REDIRECT] 
2025-12-17 22:33:06,558 [ERROR] LogOutputStream:75 - [STDERR_REDIRECT] [Fatal Error] :1:1: Premature end of file.
2025-12-17 22:33:06,558 [ERROR] LogOutputStream:75 - [STDERR_REDIRECT] 
2025-12-17 22:33:07,578 [ERROR] LogOutputStream:75 - [STDERR_REDIRECT] [Fatal Error] :1:1: Premature end of file.
2025-12-17 22:33:07,578 [ERROR] LogOutputStream:75 - [STDERR_REDIRECT] 
2025-12-17 22:33:08,563 [ERROR] LogOutputStream:75 - [STDERR_REDIRECT] [Fatal Error] :1:1: Premature end of file.
2025-12-17 22:33:08,564 [ERROR] LogOutputStream:75 - [STDERR_REDIRECT] 
2025-12-17 22:33:09,554 [ERROR] LogOutputStream:75 - [STDERR_REDIRECT] [Fatal Error] :1:1: Premature end of file.
2025-12-17 22:33:09,555 [ERROR] LogOutputStream:75 - [STDERR_REDIRECT] 
2025-12-17 22:33:10,556 [ERROR] LogOutputStream:75 - [STDERR_REDIRECT] [Fatal Error] :1:1: Premature end of file.
2025-12-17 22:33:10,556 [ERROR] LogOutputStream:75 - [STDERR_REDIRECT] 
2025-12-17 22:33:11,556 [ERROR] LogOutputStream:75 - [STDERR_REDIRECT] [Fatal Error] :1:1: Premature end of file.
2025-12-17 22:33:11,557 [ERROR] LogOutputStream:75 - [STDERR_REDIRECT] 
2025-12-17 22:33:12,555 [ERROR] LogOutputStream:75 - [STDERR_REDIRECT] [Fatal Error] :1:1: Premature end of file.
2025-12-17 22:33:12,555 [ERROR] LogOutputStream:75 - [STDERR_REDIRECT] 
2025-12-17 22:33:13,559 [ERROR] LogOutputStream:75 - [STDERR_REDIRECT] [Fatal Error] :1:1: Premature end of file.
2025-12-17 22:33:13,559 [ERROR] LogOutputStream:75 - [STDERR_REDIRECT] 
2025-12-17 22:33:14,557 [ERROR] LogOutputStream:75 - [STDERR_REDIRECT] [Fatal Error] :1:1: Premature end of file.
2025-12-17 22:33:14,557 [ERROR] LogOutputStream:75 - [STDERR_REDIRECT] 
2025-12-17 22:33:15,557 [ERROR] LogOutputStream:75 - [STDERR_REDIRECT] [Fatal Error] :1:1: Premature end of file.
2025-12-17 22:33:15,557 [ERROR] LogOutputStream:75 - [STDERR_REDIRECT] 
2025-12-17 22:33:16,556 [ERROR] LogOutputStream:75 - [STDERR_REDIRECT] [Fatal Error] :1:1: Premature end of file.
2025-12-17 22:33:16,556 [ERROR] LogOutputStream:75 - [STDERR_REDIRECT] 
2025-12-17 22:33:17,554 [ERROR] LogOutputStream:75 - [STDERR_REDIRECT] [Fatal Error] :1:1: Premature end of file.
2025-12-17 22:33:17,554 [ERROR] LogOutputStream:75 - [STDERR_REDIRECT] 
2025-12-17 22:33:18,561 [ERROR] LogOutputStream:75 - [STDERR_REDIRECT] [Fatal Error] :1:1: Premature end of file.
2025-12-17 22:33:18,561 [ERROR] LogOutputStream:75 - [STDERR_REDIRECT] 
2025-12-17 22:33:19,570 [ERROR] LogOutputStream:75 - [STDERR_REDIRECT] [Fatal Error] :1:1: Premature end of file.
2025-12-17 22:33:19,571 [ERROR] LogOutputStream:75 - [STDERR_REDIRECT] 
2025-12-17 22:33:20,557 [ERROR] LogOutputStream:75 - [STDERR_REDIRECT] [Fatal Error] :1:1: Premature end of file.
2025-12-17 22:33:20,558 [ERROR] LogOutputStream:75 - [STDERR_REDIRECT] 
2025-12-17 22:33:21,558 [ERROR] LogOutputStream:75 - [STDERR_REDIRECT] [Fatal Error] :1:1: Premature end of file.
2025-12-17 22:33:21,558 [ERROR] LogOutputStream:75 - [STDERR_REDIRECT] 
2025-12-17 22:33:22,559 [ERROR] LogOutputStream:75 - [STDERR_REDIRECT] [Fatal Error] :1:1: Premature end of file.
2025-12-17 22:33:22,561 [ERROR] LogOutputStream:75 - [STDERR_REDIRECT] 
2025-12-17 22:33:23,557 [ERROR] LogOutputStream:75 - [STDERR_REDIRECT] [Fatal Error] :1:1: Premature end of file.
2025-12-17 22:33:23,558 [ERROR] LogOutputStream:75 - [STDERR_REDIRECT] 
2025-12-17 22:33:24,556 [ERROR] LogOutputStream:75 - [STDERR_REDIRECT] [Fatal Error] :1:1: Premature end of file.
2025-12-17 22:33:24,557 [ERROR] LogOutputStream:75 - [STDERR_REDIRECT] 
2025-12-17 22:33:25,555 [ERROR] LogOutputStream:75 - [STDERR_REDIRECT] [Fatal Error] :1:1: Premature end of file.
2025-12-17 22:33:25,556 [ERROR] LogOutputStream:75 - [STDERR_REDIRECT] 
2025-12-17 22:33:26,556 [ERROR] LogOutputStream:75 - [STDERR_REDIRECT] [Fatal Error] :1:1: Premature end of file.
2025-12-17 22:33:26,557 [ERROR] LogOutputStream:75 - [STDERR_REDIRECT] 
2025-12-17 22:33:27,556 [ERROR] LogOutputStream:75 - [STDERR_REDIRECT] [Fatal Error] :1:1: Premature end of file.
2025-12-17 22:33:27,556 [ERROR] LogOutputStream:75 - [STDERR_REDIRECT] 
2025-12-17 22:33:28,557 [ERROR] LogOutputStream:75 - [STDERR_REDIRECT] [Fatal Error] :1:1: Premature end of file.
2025-12-17 22:33:28,557 [ERROR] LogOutputStream:75 - [STDERR_REDIRECT] 
2025-12-17 22:33:29,558 [ERROR] LogOutputStream:75 - [STDERR_REDIRECT] [Fatal Error] :1:1: Premature end of file.
2025-12-17 22:33:29,559 [ERROR] LogOutputStream:75 - [STDERR_REDIRECT] 
2025-12-17 22:33:30,561 [ERROR] LogOutputStream:75 - [STDERR_REDIRECT] [Fatal Error] :1:1: Premature end of file.
2025-12-17 22:33:30,561 [ERROR] LogOutputStream:75 - [STDERR_REDIRECT] 
2025-12-17 22:33:31,557 [ERROR] LogOutputStream:75 - [STDERR_REDIRECT] [Fatal Error] :1:1: Premature end of file.
2025-12-17 22:33:31,557 [ERROR] LogOutputStream:75 - [STDERR_REDIRECT] 
2025-12-17 22:33:32,560 [ERROR] LogOutputStream:75 - [STDERR_REDIRECT] [Fatal Error] :1:1: Premature end of file.
2025-12-17 22:33:32,561 [ERROR] LogOutputStream:75 - [STDERR_REDIRECT] 
2025-12-17 22:33:33,556 [ERROR] LogOutputStream:75 - [STDERR_REDIRECT] [Fatal Error] :1:1: Premature end of file.
2025-12-17 22:33:33,557 [ERROR] LogOutputStream:75 - [STDERR_REDIRECT] 
2025-12-17 22:33:34,560 [ERROR] LogOutputStream:75 - [STDERR_REDIRECT] [Fatal Error] :1:1: Premature end of file.
2025-12-17 22:33:34,560 [ERROR] LogOutputStream:75 - [STDERR_REDIRECT] 
2025-12-17 22:33:35,556 [ERROR] LogOutputStream:75 - [STDERR_REDIRECT] [Fatal Error] :1:1: Premature end of file.
2025-12-17 22:33:35,557 [ERROR] LogOutputStream:75 - [STDERR_REDIRECT] 
2025-12-17 22:33:36,557 [ERROR] LogOutputStream:75 - [STDERR_REDIRECT] [Fatal Error] :1:1: Premature end of file.
2025-12-17 22:33:36,557 [ERROR] LogOutputStream:75 - [STDERR_REDIRECT] 
2025-12-17 22:33:37,555 [ERROR] LogOutputStream:75 - [STDERR_REDIRECT] [Fatal Error] :1:1: Premature end of file.
2025-12-17 22:33:37,558 [ERROR] LogOutputStream:75 - [STDERR_REDIRECT] 
2025-12-17 22:33:38,556 [ERROR] LogOutputStream:75 - [STDERR_REDIRECT] [Fatal Error] :1:1: Premature end of file.
2025-12-17 22:33:38,556 [ERROR] LogOutputStream:75 - [STDERR_REDIRECT] 
2025-12-17 22:33:39,556 [ERROR] LogOutputStream:75 - [STDERR_REDIRECT] [Fatal Error] :1:1: Premature end of file.
2025-12-17 22:33:39,557 [ERROR] LogOutputStream:75 - [STDERR_REDIRECT] 
2025-12-17 22:33:40,558 [ERROR] LogOutputStream:75 - [STDERR_REDIRECT] [Fatal Error] :1:1: Premature end of file.
2025-12-17 22:33:40,558 [ERROR] LogOutputStream:75 - [STDERR_REDIRECT] 
2025-12-17 22:33:41,558 [ERROR] LogOutputStream:75 - [STDERR_REDIRECT] [Fatal Error] :1:1: Premature end of file.
2025-12-17 22:33:41,558 [ERROR] LogOutputStream:75 - [STDERR_REDIRECT] 
2025-12-17 22:33:42,559 [ERROR] LogOutputStream:75 - [STDERR_REDIRECT] [Fatal Error] :1:1: Premature end of file.
2025-12-17 22:33:42,559 [ERROR] LogOutputStream:75 - [STDERR_REDIRECT] 
2025-12-17 22:33:43,557 [ERROR] LogOutputStream:75 - [STDERR_REDIRECT] [Fatal Error] :1:1: Premature end of file.
2025-12-17 22:33:43,557 [ERROR] LogOutputStream:75 - [STDERR_REDIRECT] 
2025-12-17 22:33:44,558 [ERROR] LogOutputStream:75 - [STDERR_REDIRECT] [Fatal Error] :1:1: Premature end of file.
2025-12-17 22:33:44,558 [ERROR] LogOutputStream:75 - [STDERR_REDIRECT] 
2025-12-17 22:33:45,557 [ERROR] LogOutputStream:75 - [STDERR_REDIRECT] [Fatal Error] :1:1: Premature end of file.
2025-12-17 22:33:45,558 [ERROR] LogOutputStream:75 - [STDERR_REDIRECT] 
2025-12-17 22:33:46,557 [ERROR] LogOutputStream:75 - [STDERR_REDIRECT] [Fatal Error] :1:1: Premature end of file.
2025-12-17 22:33:46,557 [ERROR] LogOutputStream:75 - [STDERR_REDIRECT] 
2025-12-17 22:33:47,556 [ERROR] LogOutputStream:75 - [STDERR_REDIRECT] [Fatal Error] :1:1: Premature end of file.
2025-12-17 22:33:47,556 [ERROR] LogOutputStream:75 - [STDERR_REDIRECT] 
2025-12-17 22:33:48,555 [ERROR] LogOutputStream:75 - [STDERR_REDIRECT] [Fatal Error] :1:1: Premature end of file.
2025-12-17 22:33:48,556 [ERROR] LogOutputStream:75 - [STDERR_REDIRECT] 
2025-12-17 22:33:49,557 [ERROR] LogOutputStream:75 - [STDERR_REDIRECT] [Fatal Error] :1:1: Premature end of file.
2025-12-17 22:33:49,557 [ERROR] LogOutputStream:75 - [STDERR_REDIRECT] 
2025-12-17 22:33:50,557 [ERROR] LogOutputStream:75 - [STDERR_REDIRECT] [Fatal Error] :1:1: Premature end of file.
2025-12-17 22:33:50,557 [ERROR] LogOutputStream:75 - [STDERR_REDIRECT] 
2025-12-17 22:33:51,557 [ERROR] LogOutputStream:75 - [STDERR_REDIRECT] [Fatal Error] :1:1: Premature end of file.
2025-12-17 22:33:51,557 [ERROR] LogOutputStream:75 - [STDERR_REDIRECT] 
2025-12-17 22:33:52,558 [ERROR] LogOutputStream:75 - [STDERR_REDIRECT] [Fatal Error] :1:1: Premature end of file.
2025-12-17 22:33:52,558 [ERROR] LogOutputStream:75 - [STDERR_REDIRECT] 
2025-12-17 22:33:53,557 [ERROR] LogOutputStream:75 - [STDERR_REDIRECT] [Fatal Error] :1:1: Premature end of file.
2025-12-17 22:33:53,557 [ERROR] LogOutputStream:75 - [STDERR_REDIRECT] 
2025-12-17 22:33:54,557 [ERROR] LogOutputStream:75 - [STDERR_REDIRECT] [Fatal Error] :1:1: Premature end of file.
2025-12-17 22:33:54,558 [ERROR] LogOutputStream:75 - [STDERR_REDIRECT] 
2025-12-17 22:33:55,557 [ERROR] LogOutputStream:75 - [STDERR_REDIRECT] [Fatal Error] :1:1: Premature end of file.
2025-12-17 22:33:55,557 [ERROR] LogOutputStream:75 - [STDERR_REDIRECT] 
2025-12-17 22:33:56,559 [ERROR] LogOutputStream:75 - [STDERR_REDIRECT] [Fatal Error] :1:1: Premature end of file.
2025-12-17 22:33:56,559 [ERROR] LogOutputStream:75 - [STDERR_REDIRECT] 
2025-12-17 22:33:57,557 [ERROR] LogOutputStream:75 - [STDERR_REDIRECT] [Fatal Error] :1:1: Premature end of file.
2025-12-17 22:33:57,557 [ERROR] LogOutputStream:75 - [STDERR_REDIRECT] 
2025-12-17 22:33:58,560 [ERROR] LogOutputStream:75 - [STDERR_REDIRECT] [Fatal Error] :1:1: Premature end of file.
2025-12-17 22:33:58,560 [ERROR] LogOutputStream:75 - [STDERR_REDIRECT] 
2025-12-17 22:33:59,558 [ERROR] LogOutputStream:75 - [STDERR_REDIRECT] [Fatal Error] :1:1: Premature end of file.
2025-12-17 22:33:59,559 [ERROR] LogOutputStream:75 - [STDERR_REDIRECT] 
2025-12-17 22:34:00,556 [ERROR] LogOutputStream:75 - [STDERR_REDIRECT] [Fatal Error] :1:1: Premature end of file.
2025-12-17 22:34:00,557 [ERROR] LogOutputStream:75 - [STDERR_REDIRECT] 
2025-12-17 22:34:01,556 [ERROR] LogOutputStream:75 - [STDERR_REDIRECT] [Fatal Error] :1:1: Premature end of file.
2025-12-17 22:34:01,556 [ERROR] LogOutputStream:75 - [STDERR_REDIRECT] 
2025-12-17 22:34:02,557 [ERROR] LogOutputStream:75 - [STDERR_REDIRECT] [Fatal Error] :1:1: Premature end of file.
2025-12-17 22:34:02,557 [ERROR] LogOutputStream:75 - [STDERR_REDIRECT] 
2025-12-17 22:34:03,556 [ERROR] LogOutputStream:75 - [STDERR_REDIRECT] [Fatal Error] :1:1: Premature end of file.
2025-12-17 22:34:03,556 [ERROR] LogOutputStream:75 - [STDERR_REDIRECT] 
2025-12-17 22:34:04,563 [ERROR] LogOutputStream:75 - [STDERR_REDIRECT] [Fatal Error] :1:1: Premature end of file.
2025-12-17 22:34:04,563 [ERROR] LogOutputStream:75 - [STDERR_REDIRECT] 
2025-12-17 22:34:05,560 [ERROR] LogOutputStream:75 - [STDERR_REDIRECT] [Fatal Error] :1:1: Premature end of file.
2025-12-17 22:34:05,560 [ERROR] LogOutputStream:75 - [STDERR_REDIRECT] 
2025-12-17 22:34:06,557 [ERROR] LogOutputStream:75 - [STDERR_REDIRECT] [Fatal Error] :1:1: Premature end of file.
2025-12-17 22:34:06,558 [ERROR] LogOutputStream:75 - [STDERR_REDIRECT] 
2025-12-17 22:34:07,561 [ERROR] LogOutputStream:75 - [STDERR_REDIRECT] [Fatal Error] :1:1: Premature end of file.
2025-12-17 22:34:07,561 [ERROR] LogOutputStream:75 - [STDERR_REDIRECT] 
2025-12-17 22:34:08,560 [ERROR] LogOutputStream:75 - [STDERR_REDIRECT] [Fatal Error] :1:1: Premature end of file.
2025-12-17 22:34:08,560 [ERROR] LogOutputStream:75 - [STDERR_REDIRECT] 
2025-12-17 22:34:09,560 [ERROR] LogOutputStream:75 - [STDERR_REDIRECT] [Fatal Error] :1:1: Premature end of file.
2025-12-17 22:34:09,560 [ERROR] LogOutputStream:75 - [STDERR_REDIRECT] 
2025-12-17 22:34:10,562 [ERROR] LogOutputStream:75 - [STDERR_REDIRECT] [Fatal Error] :1:1: Premature end of file.
2025-12-17 22:34:10,562 [ERROR] LogOutputStream:75 - [STDERR_REDIRECT] 
2025-12-17 22:34:11,558 [ERROR] LogOutputStream:75 - [STDERR_REDIRECT] [Fatal Error] :1:1: Premature end of file.
2025-12-17 22:34:11,558 [ERROR] LogOutputStream:75 - [STDERR_REDIRECT] 
2025-12-17 22:34:12,560 [ERROR] LogOutputStream:75 - [STDERR_REDIRECT] [Fatal Error] :1:1: Premature end of file.
2025-12-17 22:34:12,561 [ERROR] LogOutputStream:75 - [STDERR_REDIRECT] 
2025-12-17 22:34:13,559 [ERROR] LogOutputStream:75 - [STDERR_REDIRECT] [Fatal Error] :1:1: Premature end of file.
2025-12-17 22:34:13,559 [ERROR] LogOutputStream:75 - [STDERR_REDIRECT] 
2025-12-17 22:34:14,559 [ERROR] LogOutputStream:75 - [STDERR_REDIRECT] [Fatal Error] :1:1: Premature end of file.
2025-12-17 22:34:14,559 [ERROR] LogOutputStream:75 - [STDERR_REDIRECT] 
2025-12-17 22:34:15,556 [ERROR] LogOutputStream:75 - [STDERR_REDIRECT] [Fatal Error] :1:1: Premature end of file.
2025-12-17 22:34:15,557 [ERROR] LogOutputStream:75 - [STDERR_REDIRECT] 
2025-12-17 22:34:16,555 [ERROR] LogOutputStream:75 - [STDERR_REDIRECT] [Fatal Error] :1:1: Premature end of file.
2025-12-17 22:34:16,556 [ERROR] LogOutputStream:75 - [STDERR_REDIRECT] 
2025-12-17 22:34:17,560 [ERROR] LogOutputStream:75 - [STDERR_REDIRECT] [Fatal Error] :1:1: Premature end of file.
2025-12-17 22:34:17,560 [ERROR] LogOutputStream:75 - [STDERR_REDIRECT] 
2025-12-17 22:34:18,557 [ERROR] LogOutputStream:75 - [STDERR_REDIRECT] [Fatal Error] :1:1: Premature end of file.
2025-12-17 22:34:18,558 [ERROR] LogOutputStream:75 - [STDERR_REDIRECT] 
2025-12-17 22:34:19,558 [ERROR] LogOutputStream:75 - [STDERR_REDIRECT] [Fatal Error] :1:1: Premature end of file.
2025-12-17 22:34:19,558 [ERROR] LogOutputStream:75 - [STDERR_REDIRECT] 
2025-12-17 22:34:20,562 [ERROR] LogOutputStream:75 - [STDERR_REDIRECT] [Fatal Error] :1:1: Premature end of file.
2025-12-17 22:34:20,563 [ERROR] LogOutputStream:75 - [STDERR_REDIRECT] 
2025-12-17 22:34:21,558 [ERROR] LogOutputStream:75 - [STDERR_REDIRECT] [Fatal Error] :1:1: Premature end of file.
2025-12-17 22:34:21,558 [ERROR] LogOutputStream:75 - [STDERR_REDIRECT] 
2025-12-17 22:34:22,578 [ERROR] LogOutputStream:75 - [STDERR_REDIRECT] [Fatal Error] :1:1: Premature end of file.
2025-12-17 22:34:22,578 [ERROR] LogOutputStream:75 - [STDERR_REDIRECT] 
2025-12-17 22:34:23,577 [ERROR] LogOutputStream:75 - [STDERR_REDIRECT] [Fatal Error] :1:1: Premature end of file.
2025-12-17 22:34:23,577 [ERROR] LogOutputStream:75 - [STDERR_REDIRECT] 
2025-12-17 22:34:24,560 [ERROR] LogOutputStream:75 - [STDERR_REDIRECT] [Fatal Error] :1:1: Premature end of file.
2025-12-17 22:34:24,560 [ERROR] LogOutputStream:75 - [STDERR_REDIRECT] 
2025-12-17 22:34:25,560 [ERROR] LogOutputStream:75 - [STDERR_REDIRECT] [Fatal Error] :1:1: Premature end of file.
2025-12-17 22:34:25,560 [ERROR] LogOutputStream:75 - [STDERR_REDIRECT] 
2025-12-17 22:34:26,559 [ERROR] LogOutputStream:75 - [STDERR_REDIRECT] [Fatal Error] :1:1: Premature end of file.
2025-12-17 22:34:26,559 [ERROR] LogOutputStream:75 - [STDERR_REDIRECT] 
2025-12-17 22:34:27,556 [ERROR] LogOutputStream:75 - [STDERR_REDIRECT] [Fatal Error] :1:1: Premature end of file.
2025-12-17 22:34:27,558 [ERROR] LogOutputStream:75 - [STDERR_REDIRECT] 
2025-12-17 22:34:28,575 [ERROR] LogOutputStream:75 - [STDERR_REDIRECT] [Fatal Error] :1:1: Premature end of file.
2025-12-17 22:34:28,576 [ERROR] LogOutputStream:75 - [STDERR_REDIRECT] 
2025-12-17 22:34:29,573 [ERROR] LogOutputStream:75 - [STDERR_REDIRECT] [Fatal Error] :1:1: Premature end of file.
2025-12-17 22:34:29,574 [ERROR] LogOutputStream:75 - [STDERR_REDIRECT] 
2025-12-17 22:34:30,558 [ERROR] LogOutputStream:75 - [STDERR_REDIRECT] [Fatal Error] :1:1: Premature end of file.
2025-12-17 22:34:30,559 [ERROR] LogOutputStream:75 - [STDERR_REDIRECT] 
2025-12-17 22:34:31,558 [ERROR] LogOutputStream:75 - [STDERR_REDIRECT] [Fatal Error] :1:1: Premature end of file.
2025-12-17 22:34:31,559 [ERROR] LogOutputStream:75 - [STDERR_REDIRECT] 
2025-12-17 22:34:32,561 [ERROR] LogOutputStream:75 - [STDERR_REDIRECT] [Fatal Error] :1:1: Premature end of file.
2025-12-17 22:34:32,561 [ERROR] LogOutputStream:75 - [STDERR_REDIRECT] 
2025-12-17 22:34:33,563 [ERROR] LogOutputStream:75 - [STDERR_REDIRECT] [Fatal Error] :1:1: Premature end of file.
2025-12-17 22:34:33,563 [ERROR] LogOutputStream:75 - [STDERR_REDIRECT] 
2025-12-17 22:34:34,557 [ERROR] LogOutputStream:75 - [STDERR_REDIRECT] [Fatal Error] :1:1: Premature end of file.
2025-12-17 22:34:34,558 [ERROR] LogOutputStream:75 - [STDERR_REDIRECT] 
2025-12-17 22:34:35,560 [ERROR] LogOutputStream:75 - [STDERR_REDIRECT] [Fatal Error] :1:1: Premature end of file.
2025-12-17 22:34:35,560 [ERROR] LogOutputStream:75 - [STDERR_REDIRECT] 
2025-12-17 22:34:36,561 [ERROR] LogOutputStream:75 - [STDERR_REDIRECT] [Fatal Error] :1:1: Premature end of file.
2025-12-17 22:34:36,561 [ERROR] LogOutputStream:75 - [STDERR_REDIRECT] 
2025-12-17 22:34:37,558 [ERROR] LogOutputStream:75 - [STDERR_REDIRECT] [Fatal Error] :1:1: Premature end of file.
2025-12-17 22:34:37,559 [ERROR] LogOutputStream:75 - [STDERR_REDIRECT] 
2025-12-17 22:34:38,585 [ERROR] LogOutputStream:75 - [STDERR_REDIRECT] [Fatal Error] :1:1: Premature end of file.
2025-12-17 22:34:38,586 [ERROR] LogOutputStream:75 - [STDERR_REDIRECT] 
2025-12-17 22:34:39,559 [ERROR] LogOutputStream:75 - [STDERR_REDIRECT] [Fatal Error] :1:1: Premature end of file.
2025-12-17 22:34:39,559 [ERROR] LogOutputStream:75 - [STDERR_REDIRECT] 
2025-12-17 22:34:40,560 [ERROR] LogOutputStream:75 - [STDERR_REDIRECT] [Fatal Error] :1:1: Premature end of file.
2025-12-17 22:34:40,561 [ERROR] LogOutputStream:75 - [STDERR_REDIRECT] 
2025-12-17 22:34:41,566 [ERROR] LogOutputStream:75 - [STDERR_REDIRECT] [Fatal Error] :1:1: Premature end of file.
2025-12-17 22:34:41,567 [ERROR] LogOutputStream:75 - [STDERR_REDIRECT] 
2025-12-17 22:34:42,560 [ERROR] LogOutputStream:75 - [STDERR_REDIRECT] [Fatal Error] :1:1: Premature end of file.
2025-12-17 22:34:42,561 [ERROR] LogOutputStream:75 - [STDERR_REDIRECT] 
2025-12-17 22:34:43,558 [ERROR] LogOutputStream:75 - [STDERR_REDIRECT] [Fatal Error] :1:1: Premature end of file.
2025-12-17 22:34:43,558 [ERROR] LogOutputStream:75 - [STDERR_REDIRECT] 
2025-12-17 22:34:44,560 [ERROR] LogOutputStream:75 - [STDERR_REDIRECT] [Fatal Error] :1:1: Premature end of file.
2025-12-17 22:34:44,560 [ERROR] LogOutputStream:75 - [STDERR_REDIRECT] 
2025-12-17 22:34:45,557 [ERROR] LogOutputStream:75 - [STDERR_REDIRECT] [Fatal Error] :1:1: Premature end of file.
2025-12-17 22:34:45,557 [ERROR] LogOutputStream:75 - [STDERR_REDIRECT] 
2025-12-17 22:34:46,559 [ERROR] LogOutputStream:75 - [STDERR_REDIRECT] [Fatal Error] :1:1: Premature end of file.
2025-12-17 22:34:46,559 [ERROR] LogOutputStream:75 - [STDERR_REDIRECT] 
2025-12-17 22:34:47,555 [ERROR] LogOutputStream:75 - [STDERR_REDIRECT] [Fatal Error] :1:1: Premature end of file.
2025-12-17 22:34:47,555 [ERROR] LogOutputStream:75 - [STDERR_REDIRECT] 
2025-12-17 22:34:48,556 [ERROR] LogOutputStream:75 - [STDERR_REDIRECT] [Fatal Error] :1:1: Premature end of file.
2025-12-17 22:34:48,556 [ERROR] LogOutputStream:75 - [STDERR_REDIRECT] 
2025-12-17 22:34:49,555 [ERROR] LogOutputStream:75 - [STDERR_REDIRECT] [Fatal Error] :1:1: Premature end of file.
2025-12-17 22:34:49,555 [ERROR] LogOutputStream:75 - [STDERR_REDIRECT] 
2025-12-17 22:34:50,555 [ERROR] LogOutputStream:75 - [STDERR_REDIRECT] [Fatal Error] :1:1: Premature end of file.
2025-12-17 22:34:50,555 [ERROR] LogOutputStream:75 - [STDERR_REDIRECT] 
2025-12-17 22:34:51,560 [ERROR] LogOutputStream:75 - [STDERR_REDIRECT] [Fatal Error] :1:1: Premature end of file.
2025-12-17 22:34:51,561 [ERROR] LogOutputStream:75 - [STDERR_REDIRECT] 
2025-12-17 22:34:52,558 [ERROR] LogOutputStream:75 - [STDERR_REDIRECT] [Fatal Error] :1:1: Premature end of file.
2025-12-17 22:34:52,558 [ERROR] LogOutputStream:75 - [STDERR_REDIRECT] 
2025-12-17 22:34:53,558 [ERROR] LogOutputStream:75 - [STDERR_REDIRECT] [Fatal Error] :1:1: Premature end of file.
2025-12-17 22:34:53,558 [ERROR] LogOutputStream:75 - [STDERR_REDIRECT] 
2025-12-17 22:34:54,562 [ERROR] LogOutputStream:75 - [STDERR_REDIRECT] [Fatal Error] :1:1: Premature end of file.
2025-12-17 22:34:54,563 [ERROR] LogOutputStream:75 - [STDERR_REDIRECT] 
2025-12-17 22:34:55,556 [ERROR] LogOutputStream:75 - [STDERR_REDIRECT] [Fatal Error] :1:1: Premature end of file.
2025-12-17 22:34:55,556 [ERROR] LogOutputStream:75 - [STDERR_REDIRECT] 
2025-12-17 22:34:56,565 [ERROR] LogOutputStream:75 - [STDERR_REDIRECT] [Fatal Error] :1:1: Premature end of file.
2025-12-17 22:34:56,565 [ERROR] LogOutputStream:75 - [STDERR_REDIRECT] 
2025-12-17 22:34:57,555 [ERROR] LogOutputStream:75 - [STDERR_REDIRECT] [Fatal Error] :1:1: Premature end of file.
2025-12-17 22:34:57,556 [ERROR] LogOutputStream:75 - [STDERR_REDIRECT] 
2025-12-17 22:34:58,556 [ERROR] LogOutputStream:75 - [STDERR_REDIRECT] [Fatal Error] :1:1: Premature end of file.
2025-12-17 22:34:58,556 [ERROR] LogOutputStream:75 - [STDERR_REDIRECT] 
2025-12-17 22:34:59,557 [ERROR] LogOutputStream:75 - [STDERR_REDIRECT] [Fatal Error] :1:1: Premature end of file.
2025-12-17 22:34:59,557 [ERROR] LogOutputStream:75 - [STDERR_REDIRECT] 
2025-12-17 22:35:00,557 [ERROR] LogOutputStream:75 - [STDERR_REDIRECT] [Fatal Error] :1:1: Premature end of file.
2025-12-17 22:35:00,558 [ERROR] LogOutputStream:75 - [STDERR_REDIRECT] 
2025-12-17 22:35:01,555 [ERROR] LogOutputStream:75 - [STDERR_REDIRECT] [Fatal Error] :1:1: Premature end of file.
2025-12-17 22:35:01,555 [ERROR] LogOutputStream:75 - [STDERR_REDIRECT] 
2025-12-17 22:35:02,556 [ERROR] LogOutputStream:75 - [STDERR_REDIRECT] [Fatal Error] :1:1: Premature end of file.
2025-12-17 22:35:02,556 [ERROR] LogOutputStream:75 - [STDERR_REDIRECT] 
2025-12-17 22:35:03,557 [ERROR] LogOutputStream:75 - [STDERR_REDIRECT] [Fatal Error] :1:1: Premature end of file.
2025-12-17 22:35:03,558 [ERROR] LogOutputStream:75 - [STDERR_REDIRECT] 
2025-12-17 22:35:04,558 [ERROR] LogOutputStream:75 - [STDERR_REDIRECT] [Fatal Error] :1:1: Premature end of file.
2025-12-17 22:35:04,558 [ERROR] LogOutputStream:75 - [STDERR_REDIRECT] 
2025-12-17 22:35:05,556 [ERROR] LogOutputStream:75 - [STDERR_REDIRECT] [Fatal Error] :1:1: Premature end of file.
2025-12-17 22:35:05,556 [ERROR] LogOutputStream:75 - [STDERR_REDIRECT] 
2025-12-17 22:35:06,556 [ERROR] LogOutputStream:75 - [STDERR_REDIRECT] [Fatal Error] :1:1: Premature end of file.
2025-12-17 22:35:06,556 [ERROR] LogOutputStream:75 - [STDERR_REDIRECT] 
2025-12-17 22:35:07,557 [ERROR] LogOutputStream:75 - [STDERR_REDIRECT] [Fatal Error] :1:1: Premature end of file.
2025-12-17 22:35:07,557 [ERROR] LogOutputStream:75 - [STDERR_REDIRECT] 
2025-12-17 22:35:08,555 [ERROR] LogOutputStream:75 - [STDERR_REDIRECT] [Fatal Error] :1:1: Premature end of file.
2025-12-17 22:35:08,556 [ERROR] LogOutputStream:75 - [STDERR_REDIRECT] 
2025-12-17 22:35:09,555 [ERROR] LogOutputStream:75 - [STDERR_REDIRECT] [Fatal Error] :1:1: Premature end of file.
2025-12-17 22:35:09,555 [ERROR] LogOutputStream:75 - [STDERR_REDIRECT] 
2025-12-17 22:35:10,556 [ERROR] LogOutputStream:75 - [STDERR_REDIRECT] [Fatal Error] :1:1: Premature end of file.
2025-12-17 22:35:10,556 [ERROR] LogOutputStream:75 - [STDERR_REDIRECT] 
2025-12-17 22:35:11,557 [ERROR] LogOutputStream:75 - [STDERR_REDIRECT] [Fatal Error] :1:1: Premature end of file.
2025-12-17 22:35:11,557 [ERROR] LogOutputStream:75 - [STDERR_REDIRECT] 
2025-12-17 22:35:12,556 [ERROR] LogOutputStream:75 - [STDERR_REDIRECT] [Fatal Error] :1:1: Premature end of file.
2025-12-17 22:35:12,557 [ERROR] LogOutputStream:75 - [STDERR_REDIRECT] 
2025-12-17 22:35:13,554 [ERROR] LogOutputStream:75 - [STDERR_REDIRECT] [Fatal Error] :1:1: Premature end of file.
2025-12-17 22:35:13,554 [ERROR] LogOutputStream:75 - [STDERR_REDIRECT] 
2025-12-17 22:35:14,555 [ERROR] LogOutputStream:75 - [STDERR_REDIRECT] [Fatal Error] :1:1: Premature end of file.
2025-12-17 22:35:14,556 [ERROR] LogOutputStream:75 - [STDERR_REDIRECT] 
2025-12-17 22:35:15,557 [ERROR] LogOutputStream:75 - [STDERR_REDIRECT] [Fatal Error] :1:1: Premature end of file.
2025-12-17 22:35:15,557 [ERROR] LogOutputStream:75 - [STDERR_REDIRECT] 
2025-12-17 22:35:16,556 [ERROR] LogOutputStream:75 - [STDERR_REDIRECT] [Fatal Error] :1:1: Premature end of file.
2025-12-17 22:35:16,556 [ERROR] LogOutputStream:75 - [STDERR_REDIRECT] 
2025-12-17 22:35:17,557 [ERROR] LogOutputStream:75 - [STDERR_REDIRECT] [Fatal Error] :1:1: Premature end of file.
2025-12-17 22:35:17,557 [ERROR] LogOutputStream:75 - [STDERR_REDIRECT] 
2025-12-17 22:35:18,559 [ERROR] LogOutputStream:75 - [STDERR_REDIRECT] [Fatal Error] :1:1: Premature end of file.
2025-12-17 22:35:18,560 [ERROR] LogOutputStream:75 - [STDERR_REDIRECT] 
2025-12-17 22:35:19,558 [ERROR] LogOutputStream:75 - [STDERR_REDIRECT] [Fatal Error] :1:1: Premature end of file.
2025-12-17 22:35:19,558 [ERROR] LogOutputStream:75 - [STDERR_REDIRECT] 
2025-12-17 22:35:20,556 [ERROR] LogOutputStream:75 - [STDERR_REDIRECT] [Fatal Error] :1:1: Premature end of file.
2025-12-17 22:35:20,556 [ERROR] LogOutputStream:75 - [STDERR_REDIRECT] 
2025-12-17 22:35:21,557 [ERROR] LogOutputStream:75 - [STDERR_REDIRECT] [Fatal Error] :1:1: Premature end of file.
2025-12-17 22:35:21,557 [ERROR] LogOutputStream:75 - [STDERR_REDIRECT] 
2025-12-17 22:35:22,558 [ERROR] LogOutputStream:75 - [STDERR_REDIRECT] [Fatal Error] :1:1: Premature end of file.
2025-12-17 22:35:22,559 [ERROR] LogOutputStream:75 - [STDERR_REDIRECT] 
2025-12-17 22:35:23,556 [ERROR] LogOutputStream:75 - [STDERR_REDIRECT] [Fatal Error] :1:1: Premature end of file.
2025-12-17 22:35:23,556 [ERROR] LogOutputStream:75 - [STDERR_REDIRECT] 
2025-12-17 22:35:24,556 [ERROR] LogOutputStream:75 - [STDERR_REDIRECT] [Fatal Error] :1:1: Premature end of file.
2025-12-17 22:35:24,556 [ERROR] LogOutputStream:75 - [STDERR_REDIRECT] 
2025-12-17 22:35:25,556 [ERROR] LogOutputStream:75 - [STDERR_REDIRECT] [Fatal Error] :1:1: Premature end of file.
2025-12-17 22:35:25,557 [ERROR] LogOutputStream:75 - [STDERR_REDIRECT] 
2025-12-17 22:35:26,558 [ERROR] LogOutputStream:75 - [STDERR_REDIRECT] [Fatal Error] :1:1: Premature end of file.
2025-12-17 22:35:26,558 [ERROR] LogOutputStream:75 - [STDERR_REDIRECT] 
2025-12-17 22:35:27,555 [ERROR] LogOutputStream:75 - [STDERR_REDIRECT] [Fatal Error] :1:1: Premature end of file.
2025-12-17 22:35:27,556 [ERROR] LogOutputStream:75 - [STDERR_REDIRECT] 
2025-12-17 22:35:28,556 [ERROR] LogOutputStream:75 - [STDERR_REDIRECT] [Fatal Error] :1:1: Premature end of file.
2025-12-17 22:35:28,556 [ERROR] LogOutputStream:75 - [STDERR_REDIRECT] 
2025-12-17 22:35:29,555 [ERROR] LogOutputStream:75 - [STDERR_REDIRECT] [Fatal Error] :1:1: Premature end of file.
2025-12-17 22:35:29,556 [ERROR] LogOutputStream:75 - [STDERR_REDIRECT] 
2025-12-17 22:35:30,558 [ERROR] LogOutputStream:75 - [STDERR_REDIRECT] [Fatal Error] :1:1: Premature end of file.
2025-12-17 22:35:30,558 [ERROR] LogOutputStream:75 - [STDERR_REDIRECT] 
2025-12-17 22:35:31,556 [ERROR] LogOutputStream:75 - [STDERR_REDIRECT] [Fatal Error] :1:1: Premature end of file.
2025-12-17 22:35:31,556 [ERROR] LogOutputStream:75 - [STDERR_REDIRECT] 
2025-12-17 22:35:32,556 [ERROR] LogOutputStream:75 - [STDERR_REDIRECT] [Fatal Error] :1:1: Premature end of file.
2025-12-17 22:35:32,557 [ERROR] LogOutputStream:75 - [STDERR_REDIRECT] 
2025-12-17 22:35:33,557 [ERROR] LogOutputStream:75 - [STDERR_REDIRECT] [Fatal Error] :1:1: Premature end of file.
2025-12-17 22:35:33,557 [ERROR] LogOutputStream:75 - [STDERR_REDIRECT] 
2025-12-17 22:35:34,556 [ERROR] LogOutputStream:75 - [STDERR_REDIRECT] [Fatal Error] :1:1: Premature end of file.
2025-12-17 22:35:34,557 [ERROR] LogOutputStream:75 - [STDERR_REDIRECT] 
2025-12-17 22:35:35,556 [ERROR] LogOutputStream:75 - [STDERR_REDIRECT] [Fatal Error] :1:1: Premature end of file.
2025-12-17 22:35:35,556 [ERROR] LogOutputStream:75 - [STDERR_REDIRECT] 
2025-12-17 22:35:36,556 [ERROR] LogOutputStream:75 - [STDERR_REDIRECT] [Fatal Error] :1:1: Premature end of file.
2025-12-17 22:35:36,557 [ERROR] LogOutputStream:75 - [STDERR_REDIRECT] 
2025-12-17 22:35:37,555 [ERROR] LogOutputStream:75 - [STDERR_REDIRECT] [Fatal Error] :1:1: Premature end of file.
2025-12-17 22:35:37,556 [ERROR] LogOutputStream:75 - [STDERR_REDIRECT] 
2025-12-17 22:35:38,556 [ERROR] LogOutputStream:75 - [STDERR_REDIRECT] [Fatal Error] :1:1: Premature end of file.
2025-12-17 22:35:38,556 [ERROR] LogOutputStream:75 - [STDERR_REDIRECT] 
2025-12-17 22:35:39,555 [ERROR] LogOutputStream:75 - [STDERR_REDIRECT] [Fatal Error] :1:1: Premature end of file.
2025-12-17 22:35:39,556 [ERROR] LogOutputStream:75 - [STDERR_REDIRECT] 
2025-12-17 22:35:40,556 [ERROR] LogOutputStream:75 - [STDERR_REDIRECT] [Fatal Error] :1:1: Premature end of file.
2025-12-17 22:35:40,557 [ERROR] LogOutputStream:75 - [STDERR_REDIRECT] 
2025-12-17 22:35:41,557 [ERROR] LogOutputStream:75 - [STDERR_REDIRECT] [Fatal Error] :1:1: Premature end of file.
2025-12-17 22:35:41,557 [ERROR] LogOutputStream:75 - [STDERR_REDIRECT] 
2025-12-17 22:35:42,557 [ERROR] LogOutputStream:75 - [STDERR_REDIRECT] [Fatal Error] :1:1: Premature end of file.
2025-12-17 22:35:42,558 [ERROR] LogOutputStream:75 - [STDERR_REDIRECT] 
2025-12-17 22:35:43,555 [ERROR] LogOutputStream:75 - [STDERR_REDIRECT] [Fatal Error] :1:1: Premature end of file.
2025-12-17 22:35:43,555 [ERROR] LogOutputStream:75 - [STDERR_REDIRECT] 
2025-12-17 22:35:44,557 [ERROR] LogOutputStream:75 - [STDERR_REDIRECT] [Fatal Error] :1:1: Premature end of file.
2025-12-17 22:35:44,557 [ERROR] LogOutputStream:75 - [STDERR_REDIRECT] 
2025-12-17 22:35:45,556 [ERROR] LogOutputStream:75 - [STDERR_REDIRECT] [Fatal Error] :1:1: Premature end of file.
2025-12-17 22:35:45,557 [ERROR] LogOutputStream:75 - [STDERR_REDIRECT] 
2025-12-17 22:35:46,556 [ERROR] LogOutputStream:75 - [STDERR_REDIRECT] [Fatal Error] :1:1: Premature end of file.
2025-12-17 22:35:46,557 [ERROR] LogOutputStream:75 - [STDERR_REDIRECT] 
2025-12-17 22:35:47,556 [ERROR] LogOutputStream:75 - [STDERR_REDIRECT] [Fatal Error] :1:1: Premature end of file.
2025-12-17 22:35:47,557 [ERROR] LogOutputStream:75 - [STDERR_REDIRECT] 
2025-12-17 22:35:48,556 [ERROR] LogOutputStream:75 - [STDERR_REDIRECT] [Fatal Error] :1:1: Premature end of file.
2025-12-17 22:35:48,556 [ERROR] LogOutputStream:75 - [STDERR_REDIRECT] 
2025-12-17 22:35:49,555 [ERROR] LogOutputStream:75 - [STDERR_REDIRECT] [Fatal Error] :1:1: Premature end of file.
2025-12-17 22:35:49,556 [ERROR] LogOutputStream:75 - [STDERR_REDIRECT] 
2025-12-17 22:35:50,557 [ERROR] LogOutputStream:75 - [STDERR_REDIRECT] [Fatal Error] :1:1: Premature end of file.
2025-12-17 22:35:50,558 [ERROR] LogOutputStream:75 - [STDERR_REDIRECT] 
2025-12-17 22:35:51,556 [ERROR] LogOutputStream:75 - [STDERR_REDIRECT] [Fatal Error] :1:1: Premature end of file.
2025-12-17 22:35:51,556 [ERROR] LogOutputStream:75 - [STDERR_REDIRECT] 
2025-12-17 22:35:52,556 [ERROR] LogOutputStream:75 - [STDERR_REDIRECT] [Fatal Error] :1:1: Premature end of file.
2025-12-17 22:35:52,557 [ERROR] LogOutputStream:75 - [STDERR_REDIRECT] 
2025-12-17 22:35:53,555 [ERROR] LogOutputStream:75 - [STDERR_REDIRECT] [Fatal Error] :1:1: Premature end of file.
2025-12-17 22:35:53,555 [ERROR] LogOutputStream:75 - [STDERR_REDIRECT] 
2025-12-17 22:35:54,556 [ERROR] LogOutputStream:75 - [STDERR_REDIRECT] [Fatal Error] :1:1: Premature end of file.
2025-12-17 22:35:54,556 [ERROR] LogOutputStream:75 - [STDERR_REDIRECT] 
2025-12-17 22:35:55,555 [ERROR] LogOutputStream:75 - [STDERR_REDIRECT] [Fatal Error] :1:1: Premature end of file.
2025-12-17 22:35:55,556 [ERROR] LogOutputStream:75 - [STDERR_REDIRECT] 
2025-12-17 22:35:56,556 [ERROR] LogOutputStream:75 - [STDERR_REDIRECT] [Fatal Error] :1:1: Premature end of file.
2025-12-17 22:35:56,556 [ERROR] LogOutputStream:75 - [STDERR_REDIRECT] 
2025-12-17 22:35:57,556 [ERROR] LogOutputStream:75 - [STDERR_REDIRECT] [Fatal Error] :1:1: Premature end of file.
2025-12-17 22:35:57,556 [ERROR] LogOutputStream:75 - [STDERR_REDIRECT] 
2025-12-17 22:35:58,555 [ERROR] LogOutputStream:75 - [STDERR_REDIRECT] [Fatal Error] :1:1: Premature end of file.
2025-12-17 22:35:58,555 [ERROR] LogOutputStream:75 - [STDERR_REDIRECT] 
2025-12-17 22:35:59,556 [ERROR] LogOutputStream:75 - [STDERR_REDIRECT] [Fatal Error] :1:1: Premature end of file.
2025-12-17 22:35:59,556 [ERROR] LogOutputStream:75 - [STDERR_REDIRECT] 
2025-12-17 22:36:00,558 [ERROR] LogOutputStream:75 - [STDERR_REDIRECT] [Fatal Error] :1:1: Premature end of file.
2025-12-17 22:36:00,558 [ERROR] LogOutputStream:75 - [STDERR_REDIRECT] 
2025-12-17 22:36:01,557 [ERROR] LogOutputStream:75 - [STDERR_REDIRECT] [Fatal Error] :1:1: Premature end of file.
2025-12-17 22:36:01,559 [ERROR] LogOutputStream:75 - [STDERR_REDIRECT] 
2025-12-17 22:36:02,555 [ERROR] LogOutputStream:75 - [STDERR_REDIRECT] [Fatal Error] :1:1: Premature end of file.
2025-12-17 22:36:02,555 [ERROR] LogOutputStream:75 - [STDERR_REDIRECT] 
2025-12-17 22:36:03,556 [ERROR] LogOutputStream:75 - [STDERR_REDIRECT] [Fatal Error] :1:1: Premature end of file.
2025-12-17 22:36:03,556 [ERROR] LogOutputStream:75 - [STDERR_REDIRECT] 
2025-12-17 22:36:04,559 [ERROR] LogOutputStream:75 - [STDERR_REDIRECT] [Fatal Error] :1:1: Premature end of file.
2025-12-17 22:36:04,559 [ERROR] LogOutputStream:75 - [STDERR_REDIRECT] 
2025-12-17 22:36:05,557 [ERROR] LogOutputStream:75 - [STDERR_REDIRECT] [Fatal Error] :1:1: Premature end of file.
2025-12-17 22:36:05,557 [ERROR] LogOutputStream:75 - [STDERR_REDIRECT] 
2025-12-17 22:36:06,556 [ERROR] LogOutputStream:75 - [STDERR_REDIRECT] [Fatal Error] :1:1: Premature end of file.
2025-12-17 22:36:06,556 [ERROR] LogOutputStream:75 - [STDERR_REDIRECT] 
2025-12-17 22:36:07,558 [ERROR] LogOutputStream:75 - [STDERR_REDIRECT] [Fatal Error] :1:1: Premature end of file.
2025-12-17 22:36:07,558 [ERROR] LogOutputStream:75 - [STDERR_REDIRECT] 
2025-12-17 22:36:08,556 [ERROR] LogOutputStream:75 - [STDERR_REDIRECT] [Fatal Error] :1:1: Premature end of file.
2025-12-17 22:36:08,556 [ERROR] LogOutputStream:75 - [STDERR_REDIRECT] 
2025-12-17 22:36:09,559 [ERROR] LogOutputStream:75 - [STDERR_REDIRECT] [Fatal Error] :1:1: Premature end of file.
2025-12-17 22:36:09,559 [ERROR] LogOutputStream:75 - [STDERR_REDIRECT] 
2025-12-17 22:36:10,556 [ERROR] LogOutputStream:75 - [STDERR_REDIRECT] [Fatal Error] :1:1: Premature end of file.
2025-12-17 22:36:10,556 [ERROR] LogOutputStream:75 - [STDERR_REDIRECT] 
2025-12-17 22:36:11,554 [ERROR] LogOutputStream:75 - [STDERR_REDIRECT] [Fatal Error] :1:1: Premature end of file.
2025-12-17 22:36:11,556 [ERROR] LogOutputStream:75 - [STDERR_REDIRECT] 
2025-12-17 22:36:12,558 [ERROR] LogOutputStream:75 - [STDERR_REDIRECT] [Fatal Error] :1:1: Premature end of file.
2025-12-17 22:36:12,558 [ERROR] LogOutputStream:75 - [STDERR_REDIRECT] 
2025-12-17 22:36:13,557 [ERROR] LogOutputStream:75 - [STDERR_REDIRECT] [Fatal Error] :1:1: Premature end of file.
2025-12-17 22:36:13,558 [ERROR] LogOutputStream:75 - [STDERR_REDIRECT] 
2025-12-17 22:36:14,557 [ERROR] LogOutputStream:75 - [STDERR_REDIRECT] [Fatal Error] :1:1: Premature end of file.
2025-12-17 22:36:14,557 [ERROR] LogOutputStream:75 - [STDERR_REDIRECT] 
2025-12-17 22:36:15,557 [ERROR] LogOutputStream:75 - [STDERR_REDIRECT] [Fatal Error] :1:1: Premature end of file.
2025-12-17 22:36:15,557 [ERROR] LogOutputStream:75 - [STDERR_REDIRECT] 
2025-12-17 22:36:16,555 [ERROR] LogOutputStream:75 - [STDERR_REDIRECT] [Fatal Error] :1:1: Premature end of file.
2025-12-17 22:36:16,556 [ERROR] LogOutputStream:75 - [STDERR_REDIRECT] 
2025-12-17 22:36:17,556 [ERROR] LogOutputStream:75 - [STDERR_REDIRECT] [Fatal Error] :1:1: Premature end of file.
2025-12-17 22:36:17,556 [ERROR] LogOutputStream:75 - [STDERR_REDIRECT] 
2025-12-17 22:36:18,555 [ERROR] LogOutputStream:75 - [STDERR_REDIRECT] [Fatal Error] :1:1: Premature end of file.
2025-12-17 22:36:18,556 [ERROR] LogOutputStream:75 - [STDERR_REDIRECT] 
2025-12-17 22:36:19,556 [ERROR] LogOutputStream:75 - [STDERR_REDIRECT] [Fatal Error] :1:1: Premature end of file.
2025-12-17 22:36:19,556 [ERROR] LogOutputStream:75 - [STDERR_REDIRECT] 
2025-12-17 22:36:20,557 [ERROR] LogOutputStream:75 - [STDERR_REDIRECT] [Fatal Error] :1:1: Premature end of file.
2025-12-17 22:36:20,558 [ERROR] LogOutputStream:75 - [STDERR_REDIRECT] 
2025-12-17 22:36:21,556 [ERROR] LogOutputStream:75 - [STDERR_REDIRECT] [Fatal Error] :1:1: Premature end of file.
2025-12-17 22:36:21,556 [ERROR] LogOutputStream:75 - [STDERR_REDIRECT] 
2025-12-17 22:36:22,557 [ERROR] LogOutputStream:75 - [STDERR_REDIRECT] [Fatal Error] :1:1: Premature end of file.
2025-12-17 22:36:22,558 [ERROR] LogOutputStream:75 - [STDERR_REDIRECT] 
2025-12-17 22:36:23,557 [ERROR] LogOutputStream:75 - [STDERR_REDIRECT] [Fatal Error] :1:1: Premature end of file.
2025-12-17 22:36:23,557 [ERROR] LogOutputStream:75 - [STDERR_REDIRECT] 
2025-12-17 22:36:24,558 [ERROR] LogOutputStream:75 - [STDERR_REDIRECT] [Fatal Error] :1:1: Premature end of file.
2025-12-17 22:36:24,558 [ERROR] LogOutputStream:75 - [STDERR_REDIRECT] 
2025-12-17 22:36:25,555 [ERROR] LogOutputStream:75 - [STDERR_REDIRECT] [Fatal Error] :1:1: Premature end of file.
2025-12-17 22:36:25,555 [ERROR] LogOutputStream:75 - [STDERR_REDIRECT] 
2025-12-17 22:36:26,556 [ERROR] LogOutputStream:75 - [STDERR_REDIRECT] [Fatal Error] :1:1: Premature end of file.
2025-12-17 22:36:26,557 [ERROR] LogOutputStream:75 - [STDERR_REDIRECT] 
2025-12-17 22:36:27,555 [ERROR] LogOutputStream:75 - [STDERR_REDIRECT] [Fatal Error] :1:1: Premature end of file.
2025-12-17 22:36:27,555 [ERROR] LogOutputStream:75 - [STDERR_REDIRECT] 
2025-12-17 22:36:28,556 [ERROR] LogOutputStream:75 - [STDERR_REDIRECT] [Fatal Error] :1:1: Premature end of file.
2025-12-17 22:36:28,558 [ERROR] LogOutputStream:75 - [STDERR_REDIRECT] 
2025-12-17 22:36:29,555 [ERROR] LogOutputStream:75 - [STDERR_REDIRECT] [Fatal Error] :1:1: Premature end of file.
2025-12-17 22:36:29,557 [ERROR] LogOutputStream:75 - [STDERR_REDIRECT] 
2025-12-17 22:36:30,556 [ERROR] LogOutputStream:75 - [STDERR_REDIRECT] [Fatal Error] :1:1: Premature end of file.
2025-12-17 22:36:30,556 [ERROR] LogOutputStream:75 - [STDERR_REDIRECT] 
2025-12-17 22:36:31,556 [ERROR] LogOutputStream:75 - [STDERR_REDIRECT] [Fatal Error] :1:1: Premature end of file.
2025-12-17 22:36:31,557 [ERROR] LogOutputStream:75 - [STDERR_REDIRECT] 
2025-12-17 22:36:32,557 [ERROR] LogOutputStream:75 - [STDERR_REDIRECT] [Fatal Error] :1:1: Premature end of file.
2025-12-17 22:36:32,558 [ERROR] LogOutputStream:75 - [STDERR_REDIRECT] 
2025-12-17 22:36:33,556 [ERROR] LogOutputStream:75 - [STDERR_REDIRECT] [Fatal Error] :1:1: Premature end of file.
2025-12-17 22:36:33,556 [ERROR] LogOutputStream:75 - [STDERR_REDIRECT] 
2025-12-17 22:36:34,557 [ERROR] LogOutputStream:75 - [STDERR_REDIRECT] [Fatal Error] :1:1: Premature end of file.
2025-12-17 22:36:34,558 [ERROR] LogOutputStream:75 - [STDERR_REDIRECT] 
2025-12-17 22:36:35,556 [ERROR] LogOutputStream:75 - [STDERR_REDIRECT] [Fatal Error] :1:1: Premature end of file.
2025-12-17 22:36:35,557 [ERROR] LogOutputStream:75 - [STDERR_REDIRECT] 
2025-12-17 22:36:36,555 [ERROR] LogOutputStream:75 - [STDERR_REDIRECT] [Fatal Error] :1:1: Premature end of file.
2025-12-17 22:36:36,555 [ERROR] LogOutputStream:75 - [STDERR_REDIRECT] 
2025-12-17 22:36:37,555 [ERROR] LogOutputStream:75 - [STDERR_REDIRECT] [Fatal Error] :1:1: Premature end of file.
2025-12-17 22:36:37,556 [ERROR] LogOutputStream:75 - [STDERR_REDIRECT] 
2025-12-17 22:36:38,554 [ERROR] LogOutputStream:75 - [STDERR_REDIRECT] [Fatal Error] :1:1: Premature end of file.
2025-12-17 22:36:38,555 [ERROR] LogOutputStream:75 - [STDERR_REDIRECT] 
2025-12-17 22:36:39,556 [ERROR] LogOutputStream:75 - [STDERR_REDIRECT] [Fatal Error] :1:1: Premature end of file.
2025-12-17 22:36:39,557 [ERROR] LogOutputStream:75 - [STDERR_REDIRECT] 
2025-12-17 22:36:40,556 [ERROR] LogOutputStream:75 - [STDERR_REDIRECT] [Fatal Error] :1:1: Premature end of file.
2025-12-17 22:36:40,556 [ERROR] LogOutputStream:75 - [STDERR_REDIRECT] 
2025-12-17 22:36:41,555 [ERROR] LogOutputStream:75 - [STDERR_REDIRECT] [Fatal Error] :1:1: Premature end of file.
2025-12-17 22:36:41,556 [ERROR] LogOutputStream:75 - [STDERR_REDIRECT] 
2025-12-17 22:36:42,555 [ERROR] LogOutputStream:75 - [STDERR_REDIRECT] [Fatal Error] :1:1: Premature end of file.
2025-12-17 22:36:42,556 [ERROR] LogOutputStream:75 - [STDERR_REDIRECT] 
2025-12-17 22:36:43,556 [ERROR] LogOutputStream:75 - [STDERR_REDIRECT] [Fatal Error] :1:1: Premature end of file.
2025-12-17 22:36:43,556 [ERROR] LogOutputStream:75 - [STDERR_REDIRECT] 
2025-12-17 22:36:44,555 [ERROR] LogOutputStream:75 - [STDERR_REDIRECT] [Fatal Error] :1:1: Premature end of file.
2025-12-17 22:36:44,555 [ERROR] LogOutputStream:75 - [STDERR_REDIRECT] 
2025-12-17 22:36:45,558 [ERROR] LogOutputStream:75 - [STDERR_REDIRECT] [Fatal Error] :1:1: Premature end of file.
2025-12-17 22:36:45,558 [ERROR] LogOutputStream:75 - [STDERR_REDIRECT] 
2025-12-17 22:36:46,557 [ERROR] LogOutputStream:75 - [STDERR_REDIRECT] [Fatal Error] :1:1: Premature end of file.
2025-12-17 22:36:46,557 [ERROR] LogOutputStream:75 - [STDERR_REDIRECT] 
2025-12-17 22:36:47,555 [ERROR] LogOutputStream:75 - [STDERR_REDIRECT] [Fatal Error] :1:1: Premature end of file.
2025-12-17 22:36:47,556 [ERROR] LogOutputStream:75 - [STDERR_REDIRECT] 
2025-12-17 22:36:48,556 [ERROR] LogOutputStream:75 - [STDERR_REDIRECT] [Fatal Error] :1:1: Premature end of file.
2025-12-17 22:36:48,556 [ERROR] LogOutputStream:75 - [STDERR_REDIRECT] 
2025-12-17 22:36:49,558 [ERROR] LogOutputStream:75 - [STDERR_REDIRECT] [Fatal Error] :1:1: Premature end of file.
2025-12-17 22:36:49,558 [ERROR] LogOutputStream:75 - [STDERR_REDIRECT] 
2025-12-17 22:36:50,557 [ERROR] LogOutputStream:75 - [STDERR_REDIRECT] [Fatal Error] :1:1: Premature end of file.
2025-12-17 22:36:50,557 [ERROR] LogOutputStream:75 - [STDERR_REDIRECT] 
2025-12-17 22:36:51,556 [ERROR] LogOutputStream:75 - [STDERR_REDIRECT] [Fatal Error] :1:1: Premature end of file.
2025-12-17 22:36:51,557 [ERROR] LogOutputStream:75 - [STDERR_REDIRECT] 
2025-12-17 22:36:52,556 [ERROR] LogOutputStream:75 - [STDERR_REDIRECT] [Fatal Error] :1:1: Premature end of file.
2025-12-17 22:36:52,556 [ERROR] LogOutputStream:75 - [STDERR_REDIRECT] 
2025-12-17 22:36:53,555 [ERROR] LogOutputStream:75 - [STDERR_REDIRECT] [Fatal Error] :1:1: Premature end of file.
2025-12-17 22:36:53,556 [ERROR] LogOutputStream:75 - [STDERR_REDIRECT] 
2025-12-17 22:36:54,555 [ERROR] LogOutputStream:75 - [STDERR_REDIRECT] [Fatal Error] :1:1: Premature end of file.
2025-12-17 22:36:54,556 [ERROR] LogOutputStream:75 - [STDERR_REDIRECT] 
2025-12-17 22:36:55,555 [ERROR] LogOutputStream:75 - [STDERR_REDIRECT] [Fatal Error] :1:1: Premature end of file.
2025-12-17 22:36:55,556 [ERROR] LogOutputStream:75 - [STDERR_REDIRECT] 
2025-12-17 22:36:56,555 [ERROR] LogOutputStream:75 - [STDERR_REDIRECT] [Fatal Error] :1:1: Premature end of file.
2025-12-17 22:36:56,557 [ERROR] LogOutputStream:75 - [STDERR_REDIRECT] 
2025-12-17 22:36:57,556 [ERROR] LogOutputStream:75 - [STDERR_REDIRECT] [Fatal Error] :1:1: Premature end of file.
2025-12-17 22:36:57,556 [ERROR] LogOutputStream:75 - [STDERR_REDIRECT] 
2025-12-17 22:36:58,559 [ERROR] LogOutputStream:75 - [STDERR_REDIRECT] [Fatal Error] :1:1: Premature end of file.
2025-12-17 22:36:58,559 [ERROR] LogOutputStream:75 - [STDERR_REDIRECT] 
2025-12-17 22:36:59,558 [ERROR] LogOutputStream:75 - [STDERR_REDIRECT] [Fatal Error] :1:1: Premature end of file.
2025-12-17 22:36:59,558 [ERROR] LogOutputStream:75 - [STDERR_REDIRECT] 
2025-12-17 22:37:00,555 [ERROR] LogOutputStream:75 - [STDERR_REDIRECT] [Fatal Error] :1:1: Premature end of file.
2025-12-17 22:37:00,556 [ERROR] LogOutputStream:75 - [STDERR_REDIRECT] 
2025-12-17 22:37:01,555 [ERROR] LogOutputStream:75 - [STDERR_REDIRECT] [Fatal Error] :1:1: Premature end of file.
2025-12-17 22:37:01,556 [ERROR] LogOutputStream:75 - [STDERR_REDIRECT] 
2025-12-17 22:37:02,557 [ERROR] LogOutputStream:75 - [STDERR_REDIRECT] [Fatal Error] :1:1: Premature end of file.
2025-12-17 22:37:02,558 [ERROR] LogOutputStream:75 - [STDERR_REDIRECT] 
2025-12-17 22:37:03,570 [ERROR] LogOutputStream:75 - [STDERR_REDIRECT] [Fatal Error] :1:1: Premature end of file.
2025-12-17 22:37:03,570 [ERROR] LogOutputStream:75 - [STDERR_REDIRECT] 
2025-12-17 22:37:04,566 [ERROR] LogOutputStream:75 - [STDERR_REDIRECT] [Fatal Error] :1:1: Premature end of file.
2025-12-17 22:37:04,566 [ERROR] LogOutputStream:75 - [STDERR_REDIRECT] 
2025-12-17 22:37:05,555 [ERROR] LogOutputStream:75 - [STDERR_REDIRECT] [Fatal Error] :1:1: Premature end of file.
2025-12-17 22:37:05,555 [ERROR] LogOutputStream:75 - [STDERR_REDIRECT] 
2025-12-17 22:37:06,559 [ERROR] LogOutputStream:75 - [STDERR_REDIRECT] [Fatal Error] :1:1: Premature end of file.
2025-12-17 22:37:06,559 [ERROR] LogOutputStream:75 - [STDERR_REDIRECT] 
2025-12-17 22:37:07,568 [ERROR] LogOutputStream:75 - [STDERR_REDIRECT] [Fatal Error] :1:1: Premature end of file.
2025-12-17 22:37:07,569 [ERROR] LogOutputStream:75 - [STDERR_REDIRECT] 
2025-12-17 22:37:08,561 [ERROR] LogOutputStream:75 - [STDERR_REDIRECT] [Fatal Error] :1:1: Premature end of file.
2025-12-17 22:37:08,561 [ERROR] LogOutputStream:75 - [STDERR_REDIRECT] 
2025-12-17 22:37:09,558 [ERROR] LogOutputStream:75 - [STDERR_REDIRECT] [Fatal Error] :1:1: Premature end of file.
2025-12-17 22:37:09,558 [ERROR] LogOutputStream:75 - [STDERR_REDIRECT] 
2025-12-17 22:37:10,577 [ERROR] LogOutputStream:75 - [STDERR_REDIRECT] [Fatal Error] :1:1: Premature end of file.
2025-12-17 22:37:10,577 [ERROR] LogOutputStream:75 - [STDERR_REDIRECT] 
2025-12-17 22:37:11,562 [ERROR] LogOutputStream:75 - [STDERR_REDIRECT] [Fatal Error] :1:1: Premature end of file.
2025-12-17 22:37:11,562 [ERROR] LogOutputStream:75 - [STDERR_REDIRECT] 
2025-12-17 22:37:12,559 [ERROR] LogOutputStream:75 - [STDERR_REDIRECT] [Fatal Error] :1:1: Premature end of file.
2025-12-17 22:37:12,559 [ERROR] LogOutputStream:75 - [STDERR_REDIRECT] 
2025-12-17 22:37:13,560 [ERROR] LogOutputStream:75 - [STDERR_REDIRECT] [Fatal Error] :1:1: Premature end of file.
2025-12-17 22:37:13,561 [ERROR] LogOutputStream:75 - [STDERR_REDIRECT] 
2025-12-17 22:37:14,572 [ERROR] LogOutputStream:75 - [STDERR_REDIRECT] [Fatal Error] :1:1: Premature end of file.
2025-12-17 22:37:14,572 [ERROR] LogOutputStream:75 - [STDERR_REDIRECT] 
2025-12-17 22:37:15,565 [ERROR] LogOutputStream:75 - [STDERR_REDIRECT] [Fatal Error] :1:1: Premature end of file.
2025-12-17 22:37:15,565 [ERROR] LogOutputStream:75 - [STDERR_REDIRECT] 
2025-12-17 22:37:16,566 [ERROR] LogOutputStream:75 - [STDERR_REDIRECT] [Fatal Error] :1:1: Premature end of file.
2025-12-17 22:37:16,567 [ERROR] LogOutputStream:75 - [STDERR_REDIRECT] 
2025-12-17 22:37:17,572 [ERROR] LogOutputStream:75 - [STDERR_REDIRECT] [Fatal Error] :1:1: Premature end of file.
2025-12-17 22:37:17,572 [ERROR] LogOutputStream:75 - [STDERR_REDIRECT] 
2025-12-17 22:37:18,596 [ERROR] LogOutputStream:75 - [STDERR_REDIRECT] [Fatal Error] :1:1: Premature end of file.
2025-12-17 22:37:18,596 [ERROR] LogOutputStream:75 - [STDERR_REDIRECT] 
2025-12-17 22:37:19,568 [ERROR] LogOutputStream:75 - [STDERR_REDIRECT] [Fatal Error] :1:1: Premature end of file.
2025-12-17 22:37:19,569 [ERROR] LogOutputStream:75 - [STDERR_REDIRECT] 
2025-12-17 22:37:20,571 [ERROR] LogOutputStream:75 - [STDERR_REDIRECT] [Fatal Error] :1:1: Premature end of file.
2025-12-17 22:37:20,571 [ERROR] LogOutputStream:75 - [STDERR_REDIRECT] 
2025-12-17 22:37:21,569 [ERROR] LogOutputStream:75 - [STDERR_REDIRECT] [Fatal Error] :1:1: Premature end of file.
2025-12-17 22:37:21,569 [ERROR] LogOutputStream:75 - [STDERR_REDIRECT] 
2025-12-17 22:37:22,565 [ERROR] LogOutputStream:75 - [STDERR_REDIRECT] [Fatal Error] :1:1: Premature end of file.
2025-12-17 22:37:22,565 [ERROR] LogOutputStream:75 - [STDERR_REDIRECT] 
2025-12-17 22:37:23,563 [ERROR] LogOutputStream:75 - [STDERR_REDIRECT] [Fatal Error] :1:1: Premature end of file.
2025-12-17 22:37:23,563 [ERROR] LogOutputStream:75 - [STDERR_REDIRECT] 
2025-12-17 22:37:24,560 [ERROR] LogOutputStream:75 - [STDERR_REDIRECT] [Fatal Error] :1:1: Premature end of file.
2025-12-17 22:37:24,560 [ERROR] LogOutputStream:75 - [STDERR_REDIRECT] 
2025-12-17 22:37:25,572 [ERROR] LogOutputStream:75 - [STDERR_REDIRECT] [Fatal Error] :1:1: Premature end of file.
2025-12-17 22:37:25,572 [ERROR] LogOutputStream:75 - [STDERR_REDIRECT] 
2025-12-17 22:37:26,566 [ERROR] LogOutputStream:75 - [STDERR_REDIRECT] [Fatal Error] :1:1: Premature end of file.
2025-12-17 22:37:26,566 [ERROR] LogOutputStream:75 - [STDERR_REDIRECT] 
2025-12-17 22:37:27,564 [ERROR] LogOutputStream:75 - [STDERR_REDIRECT] [Fatal Error] :1:1: Premature end of file.
2025-12-17 22:37:27,564 [ERROR] LogOutputStream:75 - [STDERR_REDIRECT] 
2025-12-17 22:37:28,567 [ERROR] LogOutputStream:75 - [STDERR_REDIRECT] [Fatal Error] :1:1: Premature end of file.
2025-12-17 22:37:28,567 [ERROR] LogOutputStream:75 - [STDERR_REDIRECT] 
2025-12-17 22:37:29,565 [ERROR] LogOutputStream:75 - [STDERR_REDIRECT] [Fatal Error] :1:1: Premature end of file.
2025-12-17 22:37:29,565 [ERROR] LogOutputStream:75 - [STDERR_REDIRECT] 
2025-12-17 22:37:30,576 [ERROR] LogOutputStream:75 - [STDERR_REDIRECT] [Fatal Error] :1:1: Premature end of file.
2025-12-17 22:37:30,576 [ERROR] LogOutputStream:75 - [STDERR_REDIRECT] 
2025-12-17 22:37:31,583 [ERROR] LogOutputStream:75 - [STDERR_REDIRECT] [Fatal Error] :1:1: Premature end of file.
2025-12-17 22:37:31,583 [ERROR] LogOutputStream:75 - [STDERR_REDIRECT] 
2025-12-17 22:37:32,559 [ERROR] LogOutputStream:75 - [STDERR_REDIRECT] [Fatal Error] :1:1: Premature end of file.
2025-12-17 22:37:32,559 [ERROR] LogOutputStream:75 - [STDERR_REDIRECT] 
2025-12-17 22:37:33,576 [ERROR] LogOutputStream:75 - [STDERR_REDIRECT] [Fatal Error] :1:1: Premature end of file.
2025-12-17 22:37:33,576 [ERROR] LogOutputStream:75 - [STDERR_REDIRECT] 
2025-12-17 22:37:34,586 [ERROR] LogOutputStream:75 - [STDERR_REDIRECT] [Fatal Error] :1:1: Premature end of file.
2025-12-17 22:37:34,587 [ERROR] LogOutputStream:75 - [STDERR_REDIRECT] 
2025-12-17 22:37:35,558 [ERROR] LogOutputStream:75 - [STDERR_REDIRECT] [Fatal Error] :1:1: Premature end of file.
2025-12-17 22:37:35,558 [ERROR] LogOutputStream:75 - [STDERR_REDIRECT] 
2025-12-17 22:37:36,572 [ERROR] LogOutputStream:75 - [STDERR_REDIRECT] [Fatal Error] :1:1: Premature end of file.
2025-12-17 22:37:36,572 [ERROR] LogOutputStream:75 - [STDERR_REDIRECT] 
2025-12-17 22:37:37,574 [ERROR] LogOutputStream:75 - [STDERR_REDIRECT] [Fatal Error] :1:1: Premature end of file.
2025-12-17 22:37:37,574 [ERROR] LogOutputStream:75 - [STDERR_REDIRECT] 
2025-12-17 22:37:38,578 [ERROR] LogOutputStream:75 - [STDERR_REDIRECT] [Fatal Error] :1:1: Premature end of file.
2025-12-17 22:37:38,578 [ERROR] LogOutputStream:75 - [STDERR_REDIRECT] 
2025-12-17 22:37:39,579 [ERROR] LogOutputStream:75 - [STDERR_REDIRECT] [Fatal Error] :1:1: Premature end of file.
2025-12-17 22:37:39,579 [ERROR] LogOutputStream:75 - [STDERR_REDIRECT] 
2025-12-17 22:37:40,567 [ERROR] LogOutputStream:75 - [STDERR_REDIRECT] [Fatal Error] :1:1: Premature end of file.
2025-12-17 22:37:40,567 [ERROR] LogOutputStream:75 - [STDERR_REDIRECT] 
2025-12-17 22:37:41,566 [ERROR] LogOutputStream:75 - [STDERR_REDIRECT] [Fatal Error] :1:1: Premature end of file.
2025-12-17 22:37:41,566 [ERROR] LogOutputStream:75 - [STDERR_REDIRECT] 
2025-12-17 22:37:42,571 [ERROR] LogOutputStream:75 - [STDERR_REDIRECT] [Fatal Error] :1:1: Premature end of file.
2025-12-17 22:37:42,572 [ERROR] LogOutputStream:75 - [STDERR_REDIRECT] 
2025-12-17 22:37:43,567 [ERROR] LogOutputStream:75 - [STDERR_REDIRECT] [Fatal Error] :1:1: Premature end of file.
2025-12-17 22:37:43,567 [ERROR] LogOutputStream:75 - [STDERR_REDIRECT] 
2025-12-17 22:37:44,565 [ERROR] LogOutputStream:75 - [STDERR_REDIRECT] [Fatal Error] :1:1: Premature end of file.
2025-12-17 22:37:44,565 [ERROR] LogOutputStream:75 - [STDERR_REDIRECT] 
2025-12-17 22:37:45,560 [ERROR] LogOutputStream:75 - [STDERR_REDIRECT] [Fatal Error] :1:1: Premature end of file.
2025-12-17 22:37:45,561 [ERROR] LogOutputStream:75 - [STDERR_REDIRECT] 
2025-12-17 22:37:46,570 [ERROR] LogOutputStream:75 - [STDERR_REDIRECT] [Fatal Error] :1:1: Premature end of file.
2025-12-17 22:37:46,570 [ERROR] LogOutputStream:75 - [STDERR_REDIRECT] 
2025-12-17 22:37:47,562 [ERROR] LogOutputStream:75 - [STDERR_REDIRECT] [Fatal Error] :1:1: Premature end of file.
2025-12-17 22:37:47,562 [ERROR] LogOutputStream:75 - [STDERR_REDIRECT] 
2025-12-17 22:37:48,573 [ERROR] LogOutputStream:75 - [STDERR_REDIRECT] [Fatal Error] :1:1: Premature end of file.
2025-12-17 22:37:48,573 [ERROR] LogOutputStream:75 - [STDERR_REDIRECT] 
2025-12-17 22:37:49,575 [ERROR] LogOutputStream:75 - [STDERR_REDIRECT] [Fatal Error] :1:1: Premature end of file.
2025-12-17 22:37:49,575 [ERROR] LogOutputStream:75 - [STDERR_REDIRECT] 
2025-12-17 22:37:50,574 [ERROR] LogOutputStream:75 - [STDERR_REDIRECT] [Fatal Error] :1:1: Premature end of file.
2025-12-17 22:37:50,574 [ERROR] LogOutputStream:75 - [STDERR_REDIRECT] 
2025-12-17 22:37:51,573 [ERROR] LogOutputStream:75 - [STDERR_REDIRECT] [Fatal Error] :1:1: Premature end of file.
2025-12-17 22:37:51,574 [ERROR] LogOutputStream:75 - [STDERR_REDIRECT] 
2025-12-17 22:37:52,629 [ERROR] LogOutputStream:75 - [STDERR_REDIRECT] [Fatal Error] :1:1: Premature end of file.
2025-12-17 22:37:52,629 [ERROR] LogOutputStream:75 - [STDERR_REDIRECT] 
2025-12-17 22:37:53,587 [ERROR] LogOutputStream:75 - [STDERR_REDIRECT] [Fatal Error] :1:1: Premature end of file.
2025-12-17 22:37:53,587 [ERROR] LogOutputStream:75 - [STDERR_REDIRECT] 
2025-12-17 22:37:54,568 [ERROR] LogOutputStream:75 - [STDERR_REDIRECT] [Fatal Error] :1:1: Premature end of file.
2025-12-17 22:37:54,568 [ERROR] LogOutputStream:75 - [STDERR_REDIRECT] 
2025-12-17 22:37:55,569 [ERROR] LogOutputStream:75 - [STDERR_REDIRECT] [Fatal Error] :1:1: Premature end of file.
2025-12-17 22:37:55,569 [ERROR] LogOutputStream:75 - [STDERR_REDIRECT] 
2025-12-17 22:37:56,566 [ERROR] LogOutputStream:75 - [STDERR_REDIRECT] [Fatal Error] :1:1: Premature end of file.
2025-12-17 22:37:56,567 [ERROR] LogOutputStream:75 - [STDERR_REDIRECT] 
2025-12-17 22:37:57,579 [ERROR] LogOutputStream:75 - [STDERR_REDIRECT] [Fatal Error] :1:1: Premature end of file.
2025-12-17 22:37:57,579 [ERROR] LogOutputStream:75 - [STDERR_REDIRECT] 
2025-12-17 22:37:58,578 [ERROR] LogOutputStream:75 - [STDERR_REDIRECT] [Fatal Error] :1:1: Premature end of file.
2025-12-17 22:37:58,578 [ERROR] LogOutputStream:75 - [STDERR_REDIRECT] 
2025-12-17 22:37:59,565 [ERROR] LogOutputStream:75 - [STDERR_REDIRECT] [Fatal Error] :1:1: Premature end of file.
2025-12-17 22:37:59,565 [ERROR] LogOutputStream:75 - [STDERR_REDIRECT] 
2025-12-17 22:38:00,571 [ERROR] LogOutputStream:75 - [STDERR_REDIRECT] [Fatal Error] :1:1: Premature end of file.
2025-12-17 22:38:00,571 [ERROR] LogOutputStream:75 - [STDERR_REDIRECT] 
2025-12-17 22:38:01,586 [ERROR] LogOutputStream:75 - [STDERR_REDIRECT] [Fatal Error] :1:1: Premature end of file.
2025-12-17 22:38:01,586 [ERROR] LogOutputStream:75 - [STDERR_REDIRECT] 
2025-12-17 22:38:02,579 [ERROR] LogOutputStream:75 - [STDERR_REDIRECT] [Fatal Error] :1:1: Premature end of file.
2025-12-17 22:38:02,579 [ERROR] LogOutputStream:75 - [STDERR_REDIRECT] 
2025-12-17 22:38:03,559 [ERROR] LogOutputStream:75 - [STDERR_REDIRECT] [Fatal Error] :1:1: Premature end of file.
2025-12-17 22:38:03,559 [ERROR] LogOutputStream:75 - [STDERR_REDIRECT] 
2025-12-17 22:38:04,567 [ERROR] LogOutputStream:75 - [STDERR_REDIRECT] [Fatal Error] :1:1: Premature end of file.
2025-12-17 22:38:04,567 [ERROR] LogOutputStream:75 - [STDERR_REDIRECT] 
2025-12-17 22:38:05,586 [ERROR] LogOutputStream:75 - [STDERR_REDIRECT] [Fatal Error] :1:1: Premature end of file.
2025-12-17 22:38:05,587 [ERROR] LogOutputStream:75 - [STDERR_REDIRECT] 
2025-12-17 22:38:06,576 [ERROR] LogOutputStream:75 - [STDERR_REDIRECT] [Fatal Error] :1:1: Premature end of file.
2025-12-17 22:38:06,576 [ERROR] LogOutputStream:75 - [STDERR_REDIRECT] 
2025-12-17 22:38:07,571 [ERROR] LogOutputStream:75 - [STDERR_REDIRECT] [Fatal Error] :1:1: Premature end of file.
2025-12-17 22:38:07,572 [ERROR] LogOutputStream:75 - [STDERR_REDIRECT] 
2025-12-17 22:38:08,580 [ERROR] LogOutputStream:75 - [STDERR_REDIRECT] [Fatal Error] :1:1: Premature end of file.
2025-12-17 22:38:08,580 [ERROR] LogOutputStream:75 - [STDERR_REDIRECT] 
2025-12-17 22:38:09,577 [ERROR] LogOutputStream:75 - [STDERR_REDIRECT] [Fatal Error] :1:1: Premature end of file.
2025-12-17 22:38:09,577 [ERROR] LogOutputStream:75 - [STDERR_REDIRECT] 
2025-12-17 22:38:10,564 [ERROR] LogOutputStream:75 - [STDERR_REDIRECT] [Fatal Error] :1:1: Premature end of file.
2025-12-17 22:38:10,564 [ERROR] LogOutputStream:75 - [STDERR_REDIRECT] 
2025-12-17 22:38:11,585 [ERROR] LogOutputStream:75 - [STDERR_REDIRECT] [Fatal Error] :1:1: Premature end of file.
2025-12-17 22:38:11,585 [ERROR] LogOutputStream:75 - [STDERR_REDIRECT] 
2025-12-17 22:38:12,581 [ERROR] LogOutputStream:75 - [STDERR_REDIRECT] [Fatal Error] :1:1: Premature end of file.
2025-12-17 22:38:12,581 [ERROR] LogOutputStream:75 - [STDERR_REDIRECT] 
2025-12-17 22:38:13,563 [ERROR] LogOutputStream:75 - [STDERR_REDIRECT] [Fatal Error] :1:1: Premature end of file.
2025-12-17 22:38:13,563 [ERROR] LogOutputStream:75 - [STDERR_REDIRECT] 
2025-12-17 22:38:14,565 [ERROR] LogOutputStream:75 - [STDERR_REDIRECT] [Fatal Error] :1:1: Premature end of file.
2025-12-17 22:38:14,565 [ERROR] LogOutputStream:75 - [STDERR_REDIRECT] 
2025-12-17 22:38:15,587 [ERROR] LogOutputStream:75 - [STDERR_REDIRECT] [Fatal Error] :1:1: Premature end of file.
2025-12-17 22:38:15,588 [ERROR] LogOutputStream:75 - [STDERR_REDIRECT] 
2025-12-17 22:38:16,581 [ERROR] LogOutputStream:75 - [STDERR_REDIRECT] [Fatal Error] :1:1: Premature end of file.
2025-12-17 22:38:16,581 [ERROR] LogOutputStream:75 - [STDERR_REDIRECT] 
2025-12-17 22:38:17,570 [ERROR] LogOutputStream:75 - [STDERR_REDIRECT] [Fatal Error] :1:1: Premature end of file.
2025-12-17 22:38:17,570 [ERROR] LogOutputStream:75 - [STDERR_REDIRECT] 
2025-12-17 22:38:18,589 [ERROR] LogOutputStream:75 - [STDERR_REDIRECT] [Fatal Error] :1:1: Premature end of file.
2025-12-17 22:38:18,590 [ERROR] LogOutputStream:75 - [STDERR_REDIRECT] 
2025-12-17 22:38:19,581 [ERROR] LogOutputStream:75 - [STDERR_REDIRECT] [Fatal Error] :1:1: Premature end of file.
2025-12-17 22:38:19,582 [ERROR] LogOutputStream:75 - [STDERR_REDIRECT] 
2025-12-17 22:38:20,589 [ERROR] LogOutputStream:75 - [STDERR_REDIRECT] [Fatal Error] :1:1: Premature end of file.
2025-12-17 22:38:20,589 [ERROR] LogOutputStream:75 - [STDERR_REDIRECT] 
2025-12-17 22:38:21,580 [ERROR] LogOutputStream:75 - [STDERR_REDIRECT] [Fatal Error] :1:1: Premature end of file.
2025-12-17 22:38:21,581 [ERROR] LogOutputStream:75 - [STDERR_REDIRECT] 
2025-12-17 22:38:22,578 [ERROR] LogOutputStream:75 - [STDERR_REDIRECT] [Fatal Error] :1:1: Premature end of file.
2025-12-17 22:38:22,578 [ERROR] LogOutputStream:75 - [STDERR_REDIRECT] 
2025-12-17 22:38:23,574 [ERROR] LogOutputStream:75 - [STDERR_REDIRECT] [Fatal Error] :1:1: Premature end of file.
2025-12-17 22:38:23,574 [ERROR] LogOutputStream:75 - [STDERR_REDIRECT] 
2025-12-17 22:38:24,571 [ERROR] LogOutputStream:75 - [STDERR_REDIRECT] [Fatal Error] :1:1: Premature end of file.
2025-12-17 22:38:24,571 [ERROR] LogOutputStream:75 - [STDERR_REDIRECT] 
2025-12-17 22:38:25,575 [ERROR] LogOutputStream:75 - [STDERR_REDIRECT] [Fatal Error] :1:1: Premature end of file.
2025-12-17 22:38:25,575 [ERROR] LogOutputStream:75 - [STDERR_REDIRECT] 
2025-12-17 22:38:26,575 [ERROR] LogOutputStream:75 - [STDERR_REDIRECT] [Fatal Error] :1:1: Premature end of file.
2025-12-17 22:38:26,576 [ERROR] LogOutputStream:75 - [STDERR_REDIRECT] 
2025-12-17 22:38:27,577 [ERROR] LogOutputStream:75 - [STDERR_REDIRECT] [Fatal Error] :1:1: Premature end of file.
2025-12-17 22:38:27,577 [ERROR] LogOutputStream:75 - [STDERR_REDIRECT] 
2025-12-17 22:38:28,572 [ERROR] LogOutputStream:75 - [STDERR_REDIRECT] [Fatal Error] :1:1: Premature end of file.
2025-12-17 22:38:28,572 [ERROR] LogOutputStream:75 - [STDERR_REDIRECT] 
2025-12-17 22:38:29,572 [ERROR] LogOutputStream:75 - [STDERR_REDIRECT] [Fatal Error] :1:1: Premature end of file.
2025-12-17 22:38:29,572 [ERROR] LogOutputStream:75 - [STDERR_REDIRECT] 
2025-12-17 22:38:30,589 [ERROR] LogOutputStream:75 - [STDERR_REDIRECT] [Fatal Error] :1:1: Premature end of file.
2025-12-17 22:38:30,589 [ERROR] LogOutputStream:75 - [STDERR_REDIRECT] 
2025-12-17 22:38:31,581 [ERROR] LogOutputStream:75 - [STDERR_REDIRECT] [Fatal Error] :1:1: Premature end of file.
2025-12-17 22:38:31,581 [ERROR] LogOutputStream:75 - [STDERR_REDIRECT] 
2025-12-17 22:38:32,572 [ERROR] LogOutputStream:75 - [STDERR_REDIRECT] [Fatal Error] :1:1: Premature end of file.
2025-12-17 22:38:32,572 [ERROR] LogOutputStream:75 - [STDERR_REDIRECT] 
2025-12-17 22:38:33,584 [ERROR] LogOutputStream:75 - [STDERR_REDIRECT] [Fatal Error] :1:1: Premature end of file.
2025-12-17 22:38:33,584 [ERROR] LogOutputStream:75 - [STDERR_REDIRECT] 
2025-12-17 22:38:34,587 [ERROR] LogOutputStream:75 - [STDERR_REDIRECT] [Fatal Error] :1:1: Premature end of file.
2025-12-17 22:38:34,587 [ERROR] LogOutputStream:75 - [STDERR_REDIRECT] 
2025-12-17 22:38:35,574 [ERROR] LogOutputStream:75 - [STDERR_REDIRECT] [Fatal Error] :1:1: Premature end of file.
2025-12-17 22:38:35,574 [ERROR] LogOutputStream:75 - [STDERR_REDIRECT] 
2025-12-17 22:38:36,569 [ERROR] LogOutputStream:75 - [STDERR_REDIRECT] [Fatal Error] :1:1: Premature end of file.
2025-12-17 22:38:36,569 [ERROR] LogOutputStream:75 - [STDERR_REDIRECT] 
2025-12-17 22:38:37,584 [ERROR] LogOutputStream:75 - [STDERR_REDIRECT] [Fatal Error] :1:1: Premature end of file.
2025-12-17 22:38:37,584 [ERROR] LogOutputStream:75 - [STDERR_REDIRECT] 
2025-12-17 22:38:38,581 [ERROR] LogOutputStream:75 - [STDERR_REDIRECT] [Fatal Error] :1:1: Premature end of file.
2025-12-17 22:38:38,581 [ERROR] LogOutputStream:75 - [STDERR_REDIRECT] 
2025-12-17 22:38:39,570 [ERROR] LogOutputStream:75 - [STDERR_REDIRECT] [Fatal Error] :1:1: Premature end of file.
2025-12-17 22:38:39,571 [ERROR] LogOutputStream:75 - [STDERR_REDIRECT] 
2025-12-17 22:38:40,577 [ERROR] LogOutputStream:75 - [STDERR_REDIRECT] [Fatal Error] :1:1: Premature end of file.
2025-12-17 22:38:40,577 [ERROR] LogOutputStream:75 - [STDERR_REDIRECT] 
2025-12-17 22:38:41,554 [ERROR] LogOutputStream:75 - [STDERR_REDIRECT] [Fatal Error] :1:1: Premature end of file.
2025-12-17 22:38:41,554 [ERROR] LogOutputStream:75 - [STDERR_REDIRECT] 
2025-12-17 22:38:42,569 [ERROR] LogOutputStream:75 - [STDERR_REDIRECT] [Fatal Error] :1:1: Premature end of file.
2025-12-17 22:38:42,570 [ERROR] LogOutputStream:75 - [STDERR_REDIRECT] 
2025-12-17 22:38:43,578 [ERROR] LogOutputStream:75 - [STDERR_REDIRECT] [Fatal Error] :1:1: Premature end of file.
2025-12-17 22:38:43,578 [ERROR] LogOutputStream:75 - [STDERR_REDIRECT] 
2025-12-17 22:38:44,563 [ERROR] LogOutputStream:75 - [STDERR_REDIRECT] [Fatal Error] :1:1: Premature end of file.
2025-12-17 22:38:44,563 [ERROR] LogOutputStream:75 - [STDERR_REDIRECT] 
2025-12-17 22:38:45,586 [ERROR] LogOutputStream:75 - [STDERR_REDIRECT] [Fatal Error] :1:1: Premature end of file.
2025-12-17 22:38:45,586 [ERROR] LogOutputStream:75 - [STDERR_REDIRECT] 
2025-12-17 22:38:46,575 [ERROR] LogOutputStream:75 - [STDERR_REDIRECT] [Fatal Error] :1:1: Premature end of file.
2025-12-17 22:38:46,576 [ERROR] LogOutputStream:75 - [STDERR_REDIRECT] 
2025-12-17 22:38:47,573 [ERROR] LogOutputStream:75 - [STDERR_REDIRECT] [Fatal Error] :1:1: Premature end of file.
2025-12-17 22:38:47,573 [ERROR] LogOutputStream:75 - [STDERR_REDIRECT] 
2025-12-17 22:38:48,579 [ERROR] LogOutputStream:75 - [STDERR_REDIRECT] [Fatal Error] :1:1: Premature end of file.
2025-12-17 22:38:48,579 [ERROR] LogOutputStream:75 - [STDERR_REDIRECT] 
2025-12-17 22:38:49,567 [ERROR] LogOutputStream:75 - [STDERR_REDIRECT] [Fatal Error] :1:1: Premature end of file.
2025-12-17 22:38:49,569 [ERROR] LogOutputStream:75 - [STDERR_REDIRECT] 
2025-12-17 22:38:50,563 [ERROR] LogOutputStream:75 - [STDERR_REDIRECT] [Fatal Error] :1:1: Premature end of file.
2025-12-17 22:38:50,563 [ERROR] LogOutputStream:75 - [STDERR_REDIRECT] 
2025-12-17 22:38:51,578 [ERROR] LogOutputStream:75 - [STDERR_REDIRECT] [Fatal Error] :1:1: Premature end of file.
2025-12-17 22:38:51,578 [ERROR] LogOutputStream:75 - [STDERR_REDIRECT] 
2025-12-17 22:38:52,579 [ERROR] LogOutputStream:75 - [STDERR_REDIRECT] [Fatal Error] :1:1: Premature end of file.
2025-12-17 22:38:52,580 [ERROR] LogOutputStream:75 - [STDERR_REDIRECT] 
2025-12-17 22:38:53,583 [ERROR] LogOutputStream:75 - [STDERR_REDIRECT] [Fatal Error] :1:1: Premature end of file.
2025-12-17 22:38:53,583 [ERROR] LogOutputStream:75 - [STDERR_REDIRECT] 
2025-12-17 22:38:54,571 [ERROR] LogOutputStream:75 - [STDERR_REDIRECT] [Fatal Error] :1:1: Premature end of file.
2025-12-17 22:38:54,571 [ERROR] LogOutputStream:75 - [STDERR_REDIRECT] 
2025-12-17 22:38:55,565 [ERROR] LogOutputStream:75 - [STDERR_REDIRECT] [Fatal Error] :1:1: Premature end of file.
2025-12-17 22:38:55,566 [ERROR] LogOutputStream:75 - [STDERR_REDIRECT] 
2025-12-17 22:38:56,564 [ERROR] LogOutputStream:75 - [STDERR_REDIRECT] [Fatal Error] :1:1: Premature end of file.
2025-12-17 22:38:56,564 [ERROR] LogOutputStream:75 - [STDERR_REDIRECT] 
2025-12-17 22:38:57,561 [ERROR] LogOutputStream:75 - [STDERR_REDIRECT] [Fatal Error] :1:1: Premature end of file.
2025-12-17 22:38:57,561 [ERROR] LogOutputStream:75 - [STDERR_REDIRECT] 
2025-12-17 22:38:58,560 [ERROR] LogOutputStream:75 - [STDERR_REDIRECT] [Fatal Error] :1:1: Premature end of file.
2025-12-17 22:38:58,561 [ERROR] LogOutputStream:75 - [STDERR_REDIRECT] 
2025-12-17 22:38:59,560 [ERROR] LogOutputStream:75 - [STDERR_REDIRECT] [Fatal Error] :1:1: Premature end of file.
2025-12-17 22:38:59,560 [ERROR] LogOutputStream:75 - [STDERR_REDIRECT] 
2025-12-17 22:39:00,565 [ERROR] LogOutputStream:75 - [STDERR_REDIRECT] [Fatal Error] :1:1: Premature end of file.
2025-12-17 22:39:00,566 [ERROR] LogOutputStream:75 - [STDERR_REDIRECT] 
2025-12-17 22:39:01,562 [ERROR] LogOutputStream:75 - [STDERR_REDIRECT] [Fatal Error] :1:1: Premature end of file.
2025-12-17 22:39:01,562 [ERROR] LogOutputStream:75 - [STDERR_REDIRECT] 
2025-12-17 22:39:02,561 [ERROR] LogOutputStream:75 - [STDERR_REDIRECT] [Fatal Error] :1:1: Premature end of file.
2025-12-17 22:39:02,562 [ERROR] LogOutputStream:75 - [STDERR_REDIRECT] 
2025-12-17 22:39:03,562 [ERROR] LogOutputStream:75 - [STDERR_REDIRECT] [Fatal Error] :1:1: Premature end of file.
2025-12-17 22:39:03,562 [ERROR] LogOutputStream:75 - [STDERR_REDIRECT] 
2025-12-17 22:39:04,569 [ERROR] LogOutputStream:75 - [STDERR_REDIRECT] [Fatal Error] :1:1: Premature end of file.
2025-12-17 22:39:04,569 [ERROR] LogOutputStream:75 - [STDERR_REDIRECT] 
2025-12-17 22:39:05,572 [ERROR] LogOutputStream:75 - [STDERR_REDIRECT] [Fatal Error] :1:1: Premature end of file.
2025-12-17 22:39:05,573 [ERROR] LogOutputStream:75 - [STDERR_REDIRECT] 
2025-12-17 22:39:06,567 [ERROR] LogOutputStream:75 - [STDERR_REDIRECT] [Fatal Error] :1:1: Premature end of file.
2025-12-17 22:39:06,567 [ERROR] LogOutputStream:75 - [STDERR_REDIRECT] 
2025-12-17 22:39:07,569 [ERROR] LogOutputStream:75 - [STDERR_REDIRECT] [Fatal Error] :1:1: Premature end of file.
2025-12-17 22:39:07,569 [ERROR] LogOutputStream:75 - [STDERR_REDIRECT] 
2025-12-17 22:39:08,573 [ERROR] LogOutputStream:75 - [STDERR_REDIRECT] [Fatal Error] :1:1: Premature end of file.
2025-12-17 22:39:08,574 [ERROR] LogOutputStream:75 - [STDERR_REDIRECT] 
2025-12-17 22:39:09,583 [ERROR] LogOutputStream:75 - [STDERR_REDIRECT] [Fatal Error] :1:1: Premature end of file.
2025-12-17 22:39:09,583 [ERROR] LogOutputStream:75 - [STDERR_REDIRECT] 
2025-12-17 22:39:10,562 [ERROR] LogOutputStream:75 - [STDERR_REDIRECT] [Fatal Error] :1:1: Premature end of file.
2025-12-17 22:39:10,563 [ERROR] LogOutputStream:75 - [STDERR_REDIRECT] 
2025-12-17 22:39:11,568 [ERROR] LogOutputStream:75 - [STDERR_REDIRECT] [Fatal Error] :1:1: Premature end of file.
2025-12-17 22:39:11,568 [ERROR] LogOutputStream:75 - [STDERR_REDIRECT] 
2025-12-17 22:39:12,563 [ERROR] LogOutputStream:75 - [STDERR_REDIRECT] [Fatal Error] :1:1: Premature end of file.
2025-12-17 22:39:12,563 [ERROR] LogOutputStream:75 - [STDERR_REDIRECT] 
2025-12-17 22:39:13,566 [ERROR] LogOutputStream:75 - [STDERR_REDIRECT] [Fatal Error] :1:1: Premature end of file.
2025-12-17 22:39:13,566 [ERROR] LogOutputStream:75 - [STDERR_REDIRECT] 
2025-12-17 22:39:14,563 [ERROR] LogOutputStream:75 - [STDERR_REDIRECT] [Fatal Error] :1:1: Premature end of file.
2025-12-17 22:39:14,563 [ERROR] LogOutputStream:75 - [STDERR_REDIRECT] 
2025-12-17 22:39:15,571 [ERROR] LogOutputStream:75 - [STDERR_REDIRECT] [Fatal Error] :1:1: Premature end of file.
2025-12-17 22:39:15,571 [ERROR] LogOutputStream:75 - [STDERR_REDIRECT] 
2025-12-17 22:39:16,559 [ERROR] LogOutputStream:75 - [STDERR_REDIRECT] [Fatal Error] :1:1: Premature end of file.
2025-12-17 22:39:16,559 [ERROR] LogOutputStream:75 - [STDERR_REDIRECT] 
2025-12-17 22:39:17,563 [ERROR] LogOutputStream:75 - [STDERR_REDIRECT] [Fatal Error] :1:1: Premature end of file.
2025-12-17 22:39:17,563 [ERROR] LogOutputStream:75 - [STDERR_REDIRECT] 
2025-12-17 22:39:18,559 [ERROR] LogOutputStream:75 - [STDERR_REDIRECT] [Fatal Error] :1:1: Premature end of file.
2025-12-17 22:39:18,559 [ERROR] LogOutputStream:75 - [STDERR_REDIRECT] 
2025-12-17 22:39:19,559 [ERROR] LogOutputStream:75 - [STDERR_REDIRECT] [Fatal Error] :1:1: Premature end of file.
2025-12-17 22:39:19,559 [ERROR] LogOutputStream:75 - [STDERR_REDIRECT] 
2025-12-17 22:39:20,558 [ERROR] LogOutputStream:75 - [STDERR_REDIRECT] [Fatal Error] :1:1: Premature end of file.
2025-12-17 22:39:20,558 [ERROR] LogOutputStream:75 - [STDERR_REDIRECT] 
2025-12-17 22:39:21,561 [ERROR] LogOutputStream:75 - [STDERR_REDIRECT] [Fatal Error] :1:1: Premature end of file.
2025-12-17 22:39:21,561 [ERROR] LogOutputStream:75 - [STDERR_REDIRECT] 
2025-12-17 22:39:22,567 [ERROR] LogOutputStream:75 - [STDERR_REDIRECT] [Fatal Error] :1:1: Premature end of file.
2025-12-17 22:39:22,567 [ERROR] LogOutputStream:75 - [STDERR_REDIRECT] 
2025-12-17 22:39:23,564 [ERROR] LogOutputStream:75 - [STDERR_REDIRECT] [Fatal Error] :1:1: Premature end of file.
2025-12-17 22:39:23,564 [ERROR] LogOutputStream:75 - [STDERR_REDIRECT] 
2025-12-17 22:39:24,567 [ERROR] LogOutputStream:75 - [STDERR_REDIRECT] [Fatal Error] :1:1: Premature end of file.
2025-12-17 22:39:24,567 [ERROR] LogOutputStream:75 - [STDERR_REDIRECT] 
2025-12-17 22:39:25,582 [ERROR] LogOutputStream:75 - [STDERR_REDIRECT] [Fatal Error] :1:1: Premature end of file.
2025-12-17 22:39:25,582 [ERROR] LogOutputStream:75 - [STDERR_REDIRECT] 
2025-12-17 22:39:26,563 [ERROR] LogOutputStream:75 - [STDERR_REDIRECT] [Fatal Error] :1:1: Premature end of file.
2025-12-17 22:39:26,564 [ERROR] LogOutputStream:75 - [STDERR_REDIRECT] 
2025-12-17 22:39:27,567 [ERROR] LogOutputStream:75 - [STDERR_REDIRECT] [Fatal Error] :1:1: Premature end of file.
2025-12-17 22:39:27,567 [ERROR] LogOutputStream:75 - [STDERR_REDIRECT] 
2025-12-17 22:39:28,564 [ERROR] LogOutputStream:75 - [STDERR_REDIRECT] [Fatal Error] :1:1: Premature end of file.
2025-12-17 22:39:28,564 [ERROR] LogOutputStream:75 - [STDERR_REDIRECT] 
2025-12-17 22:39:29,560 [ERROR] LogOutputStream:75 - [STDERR_REDIRECT] [Fatal Error] :1:1: Premature end of file.
2025-12-17 22:39:29,560 [ERROR] LogOutputStream:75 - [STDERR_REDIRECT] 
2025-12-17 22:39:30,566 [ERROR] LogOutputStream:75 - [STDERR_REDIRECT] [Fatal Error] :1:1: Premature end of file.
2025-12-17 22:39:30,566 [ERROR] LogOutputStream:75 - [STDERR_REDIRECT] 
2025-12-17 22:39:31,571 [ERROR] LogOutputStream:75 - [STDERR_REDIRECT] [Fatal Error] :1:1: Premature end of file.
2025-12-17 22:39:31,571 [ERROR] LogOutputStream:75 - [STDERR_REDIRECT] 
2025-12-17 22:39:32,559 [ERROR] LogOutputStream:75 - [STDERR_REDIRECT] [Fatal Error] :1:1: Premature end of file.
2025-12-17 22:39:32,559 [ERROR] LogOutputStream:75 - [STDERR_REDIRECT] 
2025-12-17 22:39:33,566 [ERROR] LogOutputStream:75 - [STDERR_REDIRECT] [Fatal Error] :1:1: Premature end of file.
2025-12-17 22:39:33,566 [ERROR] LogOutputStream:75 - [STDERR_REDIRECT] 
2025-12-17 22:39:34,565 [ERROR] LogOutputStream:75 - [STDERR_REDIRECT] [Fatal Error] :1:1: Premature end of file.
2025-12-17 22:39:34,567 [ERROR] LogOutputStream:75 - [STDERR_REDIRECT] 
2025-12-17 22:39:35,570 [ERROR] LogOutputStream:75 - [STDERR_REDIRECT] [Fatal Error] :1:1: Premature end of file.
2025-12-17 22:39:35,570 [ERROR] LogOutputStream:75 - [STDERR_REDIRECT] 
2025-12-17 22:39:36,559 [ERROR] LogOutputStream:75 - [STDERR_REDIRECT] [Fatal Error] :1:1: Premature end of file.
2025-12-17 22:39:36,559 [ERROR] LogOutputStream:75 - [STDERR_REDIRECT] 
2025-12-17 22:39:37,579 [ERROR] LogOutputStream:75 - [STDERR_REDIRECT] [Fatal Error] :1:1: Premature end of file.
2025-12-17 22:39:37,580 [ERROR] LogOutputStream:75 - [STDERR_REDIRECT] 
2025-12-17 22:39:38,577 [ERROR] LogOutputStream:75 - [STDERR_REDIRECT] [Fatal Error] :1:1: Premature end of file.
2025-12-17 22:39:38,577 [ERROR] LogOutputStream:75 - [STDERR_REDIRECT] 
2025-12-17 22:39:39,584 [ERROR] LogOutputStream:75 - [STDERR_REDIRECT] [Fatal Error] :1:1: Premature end of file.
2025-12-17 22:39:39,584 [ERROR] LogOutputStream:75 - [STDERR_REDIRECT] 
2025-12-17 22:39:40,582 [ERROR] LogOutputStream:75 - [STDERR_REDIRECT] [Fatal Error] :1:1: Premature end of file.
2025-12-17 22:39:40,583 [ERROR] LogOutputStream:75 - [STDERR_REDIRECT] 
2025-12-17 22:39:41,559 [ERROR] LogOutputStream:75 - [STDERR_REDIRECT] [Fatal Error] :1:1: Premature end of file.
2025-12-17 22:39:41,559 [ERROR] LogOutputStream:75 - [STDERR_REDIRECT] 
2025-12-17 22:39:42,562 [ERROR] LogOutputStream:75 - [STDERR_REDIRECT] [Fatal Error] :1:1: Premature end of file.
2025-12-17 22:39:42,562 [ERROR] LogOutputStream:75 - [STDERR_REDIRECT] 
2025-12-17 22:39:43,561 [ERROR] LogOutputStream:75 - [STDERR_REDIRECT] [Fatal Error] :1:1: Premature end of file.
2025-12-17 22:39:43,561 [ERROR] LogOutputStream:75 - [STDERR_REDIRECT] 
2025-12-17 22:39:44,564 [ERROR] LogOutputStream:75 - [STDERR_REDIRECT] [Fatal Error] :1:1: Premature end of file.
2025-12-17 22:39:44,564 [ERROR] LogOutputStream:75 - [STDERR_REDIRECT] 
2025-12-17 22:39:45,559 [ERROR] LogOutputStream:75 - [STDERR_REDIRECT] [Fatal Error] :1:1: Premature end of file.
2025-12-17 22:39:45,559 [ERROR] LogOutputStream:75 - [STDERR_REDIRECT] 
2025-12-17 22:39:46,563 [ERROR] LogOutputStream:75 - [STDERR_REDIRECT] [Fatal Error] :1:1: Premature end of file.
2025-12-17 22:39:46,563 [ERROR] LogOutputStream:75 - [STDERR_REDIRECT] 
2025-12-17 22:39:47,558 [ERROR] LogOutputStream:75 - [STDERR_REDIRECT] [Fatal Error] :1:1: Premature end of file.
2025-12-17 22:39:47,558 [ERROR] LogOutputStream:75 - [STDERR_REDIRECT] 
2025-12-17 22:39:48,562 [ERROR] LogOutputStream:75 - [STDERR_REDIRECT] [Fatal Error] :1:1: Premature end of file.
2025-12-17 22:39:48,562 [ERROR] LogOutputStream:75 - [STDERR_REDIRECT] 
2025-12-17 22:39:49,557 [ERROR] LogOutputStream:75 - [STDERR_REDIRECT] [Fatal Error] :1:1: Premature end of file.
2025-12-17 22:39:49,557 [ERROR] LogOutputStream:75 - [STDERR_REDIRECT] 
2025-12-17 22:39:50,558 [ERROR] LogOutputStream:75 - [STDERR_REDIRECT] [Fatal Error] :1:1: Premature end of file.
2025-12-17 22:39:50,558 [ERROR] LogOutputStream:75 - [STDERR_REDIRECT] 
2025-12-17 22:39:51,561 [ERROR] LogOutputStream:75 - [STDERR_REDIRECT] [Fatal Error] :1:1: Premature end of file.
2025-12-17 22:39:51,562 [ERROR] LogOutputStream:75 - [STDERR_REDIRECT] 
2025-12-17 22:39:52,557 [ERROR] LogOutputStream:75 - [STDERR_REDIRECT] [Fatal Error] :1:1: Premature end of file.
2025-12-17 22:39:52,557 [ERROR] LogOutputStream:75 - [STDERR_REDIRECT] 
2025-12-17 22:39:53,557 [ERROR] LogOutputStream:75 - [STDERR_REDIRECT] [Fatal Error] :1:1: Premature end of file.
2025-12-17 22:39:53,558 [ERROR] LogOutputStream:75 - [STDERR_REDIRECT] 
2025-12-17 22:39:54,573 [ERROR] LogOutputStream:75 - [STDERR_REDIRECT] [Fatal Error] :1:1: Premature end of file.
2025-12-17 22:39:54,573 [ERROR] LogOutputStream:75 - [STDERR_REDIRECT] 
2025-12-17 22:39:55,561 [ERROR] LogOutputStream:75 - [STDERR_REDIRECT] [Fatal Error] :1:1: Premature end of file.
2025-12-17 22:39:55,561 [ERROR] LogOutputStream:75 - [STDERR_REDIRECT] 
2025-12-17 22:39:56,569 [ERROR] LogOutputStream:75 - [STDERR_REDIRECT] [Fatal Error] :1:1: Premature end of file.
2025-12-17 22:39:56,569 [ERROR] LogOutputStream:75 - [STDERR_REDIRECT] 
2025-12-17 22:39:57,565 [ERROR] LogOutputStream:75 - [STDERR_REDIRECT] [Fatal Error] :1:1: Premature end of file.
2025-12-17 22:39:57,565 [ERROR] LogOutputStream:75 - [STDERR_REDIRECT] 
2025-12-17 22:39:58,563 [ERROR] LogOutputStream:75 - [STDERR_REDIRECT] [Fatal Error] :1:1: Premature end of file.
2025-12-17 22:39:58,563 [ERROR] LogOutputStream:75 - [STDERR_REDIRECT] 
2025-12-17 22:39:59,563 [ERROR] LogOutputStream:75 - [STDERR_REDIRECT] [Fatal Error] :1:1: Premature end of file.
2025-12-17 22:39:59,563 [ERROR] LogOutputStream:75 - [STDERR_REDIRECT] 
2025-12-17 22:40:00,561 [ERROR] LogOutputStream:75 - [STDERR_REDIRECT] [Fatal Error] :1:1: Premature end of file.
2025-12-17 22:40:00,561 [ERROR] LogOutputStream:75 - [STDERR_REDIRECT] 
2025-12-17 22:40:01,563 [ERROR] LogOutputStream:75 - [STDERR_REDIRECT] [Fatal Error] :1:1: Premature end of file.
2025-12-17 22:40:01,563 [ERROR] LogOutputStream:75 - [STDERR_REDIRECT] 
2025-12-17 22:40:02,559 [ERROR] LogOutputStream:75 - [STDERR_REDIRECT] [Fatal Error] :1:1: Premature end of file.
2025-12-17 22:40:02,560 [ERROR] LogOutputStream:75 - [STDERR_REDIRECT] 
2025-12-17 22:40:03,561 [ERROR] LogOutputStream:75 - [STDERR_REDIRECT] [Fatal Error] :1:1: Premature end of file.
2025-12-17 22:40:03,561 [ERROR] LogOutputStream:75 - [STDERR_REDIRECT] 
2025-12-17 22:40:04,562 [ERROR] LogOutputStream:75 - [STDERR_REDIRECT] [Fatal Error] :1:1: Premature end of file.
2025-12-17 22:40:04,562 [ERROR] LogOutputStream:75 - [STDERR_REDIRECT] 
2025-12-17 22:40:05,565 [ERROR] LogOutputStream:75 - [STDERR_REDIRECT] [Fatal Error] :1:1: Premature end of file.
2025-12-17 22:40:05,565 [ERROR] LogOutputStream:75 - [STDERR_REDIRECT] 
2025-12-17 22:40:06,563 [ERROR] LogOutputStream:75 - [STDERR_REDIRECT] [Fatal Error] :1:1: Premature end of file.
2025-12-17 22:40:06,563 [ERROR] LogOutputStream:75 - [STDERR_REDIRECT] 
2025-12-17 22:40:07,559 [ERROR] LogOutputStream:75 - [STDERR_REDIRECT] [Fatal Error] :1:1: Premature end of file.
2025-12-17 22:40:07,559 [ERROR] LogOutputStream:75 - [STDERR_REDIRECT] 
2025-12-17 22:40:08,572 [ERROR] LogOutputStream:75 - [STDERR_REDIRECT] [Fatal Error] :1:1: Premature end of file.
2025-12-17 22:40:08,573 [ERROR] LogOutputStream:75 - [STDERR_REDIRECT] 
2025-12-17 22:40:09,561 [ERROR] LogOutputStream:75 - [STDERR_REDIRECT] [Fatal Error] :1:1: Premature end of file.
2025-12-17 22:40:09,561 [ERROR] LogOutputStream:75 - [STDERR_REDIRECT] 
2025-12-17 22:40:10,558 [ERROR] LogOutputStream:75 - [STDERR_REDIRECT] [Fatal Error] :1:1: Premature end of file.
2025-12-17 22:40:10,558 [ERROR] LogOutputStream:75 - [STDERR_REDIRECT] 
2025-12-17 22:40:11,566 [ERROR] LogOutputStream:75 - [STDERR_REDIRECT] [Fatal Error] :1:1: Premature end of file.
2025-12-17 22:40:11,566 [ERROR] LogOutputStream:75 - [STDERR_REDIRECT] 
2025-12-17 22:40:12,561 [ERROR] LogOutputStream:75 - [STDERR_REDIRECT] [Fatal Error] :1:1: Premature end of file.
2025-12-17 22:40:12,562 [ERROR] LogOutputStream:75 - [STDERR_REDIRECT] 
2025-12-17 22:40:13,566 [ERROR] LogOutputStream:75 - [STDERR_REDIRECT] [Fatal Error] :1:1: Premature end of file.
2025-12-17 22:40:13,567 [ERROR] LogOutputStream:75 - [STDERR_REDIRECT] 
2025-12-17 22:40:14,557 [ERROR] LogOutputStream:75 - [STDERR_REDIRECT] [Fatal Error] :1:1: Premature end of file.
2025-12-17 22:40:14,557 [ERROR] LogOutputStream:75 - [STDERR_REDIRECT] 
2025-12-17 22:40:15,558 [ERROR] LogOutputStream:75 - [STDERR_REDIRECT] [Fatal Error] :1:1: Premature end of file.
2025-12-17 22:40:15,558 [ERROR] LogOutputStream:75 - [STDERR_REDIRECT] 
2025-12-17 22:40:16,563 [ERROR] LogOutputStream:75 - [STDERR_REDIRECT] [Fatal Error] :1:1: Premature end of file.
2025-12-17 22:40:16,563 [ERROR] LogOutputStream:75 - [STDERR_REDIRECT] 
2025-12-17 22:40:17,559 [ERROR] LogOutputStream:75 - [STDERR_REDIRECT] [Fatal Error] :1:1: Premature end of file.
2025-12-17 22:40:17,559 [ERROR] LogOutputStream:75 - [STDERR_REDIRECT] 
2025-12-17 22:40:18,563 [ERROR] LogOutputStream:75 - [STDERR_REDIRECT] [Fatal Error] :1:1: Premature end of file.
2025-12-17 22:40:18,563 [ERROR] LogOutputStream:75 - [STDERR_REDIRECT] 
2025-12-17 22:40:19,559 [ERROR] LogOutputStream:75 - [STDERR_REDIRECT] [Fatal Error] :1:1: Premature end of file.
2025-12-17 22:40:19,559 [ERROR] LogOutputStream:75 - [STDERR_REDIRECT] 
2025-12-17 22:40:20,563 [ERROR] LogOutputStream:75 - [STDERR_REDIRECT] [Fatal Error] :1:1: Premature end of file.
2025-12-17 22:40:20,563 [ERROR] LogOutputStream:75 - [STDERR_REDIRECT] 
2025-12-17 22:40:21,567 [ERROR] LogOutputStream:75 - [STDERR_REDIRECT] [Fatal Error] :1:1: Premature end of file.
2025-12-17 22:40:21,567 [ERROR] LogOutputStream:75 - [STDERR_REDIRECT] 
2025-12-17 22:40:22,560 [ERROR] LogOutputStream:75 - [STDERR_REDIRECT] [Fatal Error] :1:1: Premature end of file.
2025-12-17 22:40:22,561 [ERROR] LogOutputStream:75 - [STDERR_REDIRECT] 
2025-12-17 22:40:23,559 [ERROR] LogOutputStream:75 - [STDERR_REDIRECT] [Fatal Error] :1:1: Premature end of file.
2025-12-17 22:40:23,560 [ERROR] LogOutputStream:75 - [STDERR_REDIRECT] 
2025-12-17 22:40:24,569 [ERROR] LogOutputStream:75 - [STDERR_REDIRECT] [Fatal Error] :1:1: Premature end of file.
2025-12-17 22:40:24,570 [ERROR] LogOutputStream:75 - [STDERR_REDIRECT] 
2025-12-17 22:40:25,561 [ERROR] LogOutputStream:75 - [STDERR_REDIRECT] [Fatal Error] :1:1: Premature end of file.
2025-12-17 22:40:25,562 [ERROR] LogOutputStream:75 - [STDERR_REDIRECT] 
2025-12-17 22:40:26,558 [ERROR] LogOutputStream:75 - [STDERR_REDIRECT] [Fatal Error] :1:1: Premature end of file.
2025-12-17 22:40:26,558 [ERROR] LogOutputStream:75 - [STDERR_REDIRECT] 
2025-12-17 22:40:27,557 [ERROR] LogOutputStream:75 - [STDERR_REDIRECT] [Fatal Error] :1:1: Premature end of file.
2025-12-17 22:40:27,558 [ERROR] LogOutputStream:75 - [STDERR_REDIRECT] 
2025-12-17 22:40:28,557 [ERROR] LogOutputStream:75 - [STDERR_REDIRECT] [Fatal Error] :1:1: Premature end of file.
2025-12-17 22:40:28,558 [ERROR] LogOutputStream:75 - [STDERR_REDIRECT] 
2025-12-17 22:40:29,558 [ERROR] LogOutputStream:75 - [STDERR_REDIRECT] [Fatal Error] :1:1: Premature end of file.
2025-12-17 22:40:29,559 [ERROR] LogOutputStream:75 - [STDERR_REDIRECT] 
2025-12-17 22:40:30,558 [ERROR] LogOutputStream:75 - [STDERR_REDIRECT] [Fatal Error] :1:1: Premature end of file.
2025-12-17 22:40:30,558 [ERROR] LogOutputStream:75 - [STDERR_REDIRECT] 
2025-12-17 22:40:31,556 [ERROR] LogOutputStream:75 - [STDERR_REDIRECT] [Fatal Error] :1:1: Premature end of file.
2025-12-17 22:40:31,556 [ERROR] LogOutputStream:75 - [STDERR_REDIRECT] 
2025-12-17 22:40:32,559 [ERROR] LogOutputStream:75 - [STDERR_REDIRECT] [Fatal Error] :1:1: Premature end of file.
2025-12-17 22:40:32,559 [ERROR] LogOutputStream:75 - [STDERR_REDIRECT] 
2025-12-17 22:40:33,557 [ERROR] LogOutputStream:75 - [STDERR_REDIRECT] [Fatal Error] :1:1: Premature end of file.
2025-12-17 22:40:33,557 [ERROR] LogOutputStream:75 - [STDERR_REDIRECT] 
2025-12-17 22:40:34,557 [ERROR] LogOutputStream:75 - [STDERR_REDIRECT] [Fatal Error] :1:1: Premature end of file.
2025-12-17 22:40:34,557 [ERROR] LogOutputStream:75 - [STDERR_REDIRECT] 
2025-12-17 22:40:35,557 [ERROR] LogOutputStream:75 - [STDERR_REDIRECT] [Fatal Error] :1:1: Premature end of file.
2025-12-17 22:40:35,558 [ERROR] LogOutputStream:75 - [STDERR_REDIRECT] 
2025-12-17 22:40:36,558 [ERROR] LogOutputStream:75 - [STDERR_REDIRECT] [Fatal Error] :1:1: Premature end of file.
2025-12-17 22:40:36,559 [ERROR] LogOutputStream:75 - [STDERR_REDIRECT] 
2025-12-17 22:40:37,556 [ERROR] LogOutputStream:75 - [STDERR_REDIRECT] [Fatal Error] :1:1: Premature end of file.
2025-12-17 22:40:37,556 [ERROR] LogOutputStream:75 - [STDERR_REDIRECT] 
2025-12-17 22:40:38,559 [ERROR] LogOutputStream:75 - [STDERR_REDIRECT] [Fatal Error] :1:1: Premature end of file.
2025-12-17 22:40:38,559 [ERROR] LogOutputStream:75 - [STDERR_REDIRECT] 
2025-12-17 22:40:39,557 [ERROR] LogOutputStream:75 - [STDERR_REDIRECT] [Fatal Error] :1:1: Premature end of file.
2025-12-17 22:40:39,557 [ERROR] LogOutputStream:75 - [STDERR_REDIRECT] 
2025-12-17 22:40:40,559 [ERROR] LogOutputStream:75 - [STDERR_REDIRECT] [Fatal Error] :1:1: Premature end of file.
2025-12-17 22:40:40,559 [ERROR] LogOutputStream:75 - [STDERR_REDIRECT] 
2025-12-17 22:40:41,569 [ERROR] LogOutputStream:75 - [STDERR_REDIRECT] [Fatal Error] :1:1: Premature end of file.
2025-12-17 22:40:41,569 [ERROR] LogOutputStream:75 - [STDERR_REDIRECT] 
2025-12-17 22:40:42,558 [ERROR] LogOutputStream:75 - [STDERR_REDIRECT] [Fatal Error] :1:1: Premature end of file.
2025-12-17 22:40:42,558 [ERROR] LogOutputStream:75 - [STDERR_REDIRECT] 
2025-12-17 22:40:43,558 [ERROR] LogOutputStream:75 - [STDERR_REDIRECT] [Fatal Error] :1:1: Premature end of file.
2025-12-17 22:40:43,558 [ERROR] LogOutputStream:75 - [STDERR_REDIRECT] 
2025-12-17 22:40:44,576 [ERROR] LogOutputStream:75 - [STDERR_REDIRECT] [Fatal Error] :1:1: Premature end of file.
2025-12-17 22:40:44,576 [ERROR] LogOutputStream:75 - [STDERR_REDIRECT] 
2025-12-17 22:40:45,559 [ERROR] LogOutputStream:75 - [STDERR_REDIRECT] [Fatal Error] :1:1: Premature end of file.
2025-12-17 22:40:45,559 [ERROR] LogOutputStream:75 - [STDERR_REDIRECT] 
2025-12-17 22:40:46,570 [ERROR] LogOutputStream:75 - [STDERR_REDIRECT] [Fatal Error] :1:1: Premature end of file.
2025-12-17 22:40:46,571 [ERROR] LogOutputStream:75 - [STDERR_REDIRECT] 
2025-12-17 22:40:47,558 [ERROR] LogOutputStream:75 - [STDERR_REDIRECT] [Fatal Error] :1:1: Premature end of file.
2025-12-17 22:40:47,558 [ERROR] LogOutputStream:75 - [STDERR_REDIRECT] 
2025-12-17 22:40:48,557 [ERROR] LogOutputStream:75 - [STDERR_REDIRECT] [Fatal Error] :1:1: Premature end of file.
2025-12-17 22:40:48,557 [ERROR] LogOutputStream:75 - [STDERR_REDIRECT] 
2025-12-17 22:40:49,556 [ERROR] LogOutputStream:75 - [STDERR_REDIRECT] [Fatal Error] :1:1: Premature end of file.
2025-12-17 22:40:49,556 [ERROR] LogOutputStream:75 - [STDERR_REDIRECT] 
2025-12-17 22:40:50,556 [ERROR] LogOutputStream:75 - [STDERR_REDIRECT] [Fatal Error] :1:1: Premature end of file.
2025-12-17 22:40:50,556 [ERROR] LogOutputStream:75 - [STDERR_REDIRECT] 
2025-12-17 22:40:51,559 [ERROR] LogOutputStream:75 - [STDERR_REDIRECT] [Fatal Error] :1:1: Premature end of file.
2025-12-17 22:40:51,559 [ERROR] LogOutputStream:75 - [STDERR_REDIRECT] 
2025-12-17 22:40:52,577 [ERROR] LogOutputStream:75 - [STDERR_REDIRECT] [Fatal Error] :1:1: Premature end of file.
2025-12-17 22:40:52,577 [ERROR] LogOutputStream:75 - [STDERR_REDIRECT] 
2025-12-17 22:40:53,560 [ERROR] LogOutputStream:75 - [STDERR_REDIRECT] [Fatal Error] :1:1: Premature end of file.
2025-12-17 22:40:53,560 [ERROR] LogOutputStream:75 - [STDERR_REDIRECT] 
2025-12-17 22:40:54,568 [ERROR] LogOutputStream:75 - [STDERR_REDIRECT] [Fatal Error] :1:1: Premature end of file.
2025-12-17 22:40:54,569 [ERROR] LogOutputStream:75 - [STDERR_REDIRECT] 
2025-12-17 22:40:55,559 [ERROR] LogOutputStream:75 - [STDERR_REDIRECT] [Fatal Error] :1:1: Premature end of file.
2025-12-17 22:40:55,559 [ERROR] LogOutputStream:75 - [STDERR_REDIRECT] 
2025-12-17 22:40:56,560 [ERROR] LogOutputStream:75 - [STDERR_REDIRECT] [Fatal Error] :1:1: Premature end of file.
2025-12-17 22:40:56,561 [ERROR] LogOutputStream:75 - [STDERR_REDIRECT] 
2025-12-17 22:40:57,633 [ERROR] LogOutputStream:75 - [STDERR_REDIRECT] [Fatal Error] :1:1: Premature end of file.
2025-12-17 22:40:57,634 [ERROR] LogOutputStream:75 - [STDERR_REDIRECT] 
2025-12-17 22:40:58,693 [ERROR] LogOutputStream:75 - [STDERR_REDIRECT] [Fatal Error] :1:1: Premature end of file.
2025-12-17 22:40:58,693 [ERROR] LogOutputStream:75 - [STDERR_REDIRECT] 
2025-12-17 22:40:58,699 [ERROR] LogOutputStream:75 - [STDERR_REDIRECT] Exception in thread "Serial Ports Filter" java.lang.NullPointerException: Cannot invoke "org.eclipse.core.resources.ResourcesPlugin.getLog()" because the return value of "org.eclipse.core.resources.ResourcesPlugin.getPlugin()" is null
2025-12-17 22:40:58,701 [ERROR] LogOutputStream:75 - [STDERR_REDIRECT] 	at com.st.stm32cube.common.logger.MCULoggerPlugin.log(MCULoggerPlugin.java:84)
2025-12-17 22:40:58,703 [ERROR] LogOutputStream:75 - [STDERR_REDIRECT] 	at com.st.stm32cube.common.logger.MCULoggerPlugin.logException(MCULoggerPlugin.java:116)
2025-12-17 22:40:58,706 [ERROR] LogOutputStream:75 - [STDERR_REDIRECT] 	at com.st.stm32cube.ide.mpu.remote.serial.internal.SerialPortProviderWindows.run(SerialPortProviderWindows.java:156)
2025-12-17 22:40:58,709 [ERROR] LogOutputStream:75 - [STDERR_REDIRECT] 	at java.base/java.util.TimerThread.mainLoop(Timer.java:566)
2025-12-17 22:40:58,710 [ERROR] LogOutputStream:75 - [STDERR_REDIRECT] 	at java.base/java.util.TimerThread.run(Timer.java:516)
2025-12-17 22:40:58,751 [ERROR] LogOutputStream:75 - [STDERR_REDIRECT] 
