2026-01-19 18:16:24,503 [INFO] Activator:176 - 


2026-01-19 18:16:24,514 [INFO] Activator:177 - !SESSION log4j initialized
2026-01-19 18:16:29,792 [INFO] LogOutputStream:77 - [STDOUT_REDIRECT] 
2026-01-19 18:16:30,435 [ERROR] ConfigurationRetriever:142 - IOException on connection: sw-center.st.com
2026-01-19 18:16:30,436 [ERROR] ConfigurationRetriever:142 - IOException on connection: sw-center.st.com
2026-01-19 18:16:30,437 [ERROR] ConfigurationRetriever:142 - IOException on connection: sw-center.st.com
2026-01-19 18:16:33,524 [INFO] ApplicationProperties:184 - Using Application install path: C:\ST\STM32CubeIDE_1.19.0\STM32CubeIDE\plugins\com.st.stm32cube.common.mx_6.15.0.202507011659
2026-01-19 18:16:33,575 [INFO] DbMcusXml:78 - Set database path to: C:\ST\STM32CubeIDE_1.19.0\STM32CubeIDE\plugins\com.st.stm32cube.common.mx_6.15.0.202507011659\\db\/mcu/
2026-01-19 18:16:33,576 [INFO] ApiDb:274 - Set plugin database path to: C:\ST\STM32CubeIDE_1.19.0\STM32CubeIDE\plugins\com.st.stm32cube.common.mx_6.15.0.202507011659\\db\/plugins/boardmanager/
2026-01-19 18:16:33,577 [WARN] ApiDb:259 - Overriding images path with different value:  => C:\ST\STM32CubeIDE_1.19.0\STM32CubeIDE\plugins\com.st.stm32cube.common.mx_6.15.0.202507011659\\db\/plugins/mcufinder/images/
2026-01-19 18:16:33,592 [INFO] ApiDb:250 - Set database path to: C:\Users\megha\.stmcufinder\plugins\mcufinder//mcu/
2026-01-19 18:16:33,595 [INFO] DbMcusAds:125 - Set database path to: C:\Users\megha\.stmcufinder\plugins\mcufinder//mcu/
2026-01-19 18:16:33,601 [INFO] CrossReferenceDbSqlite:203 - Set database path to: C:\Users\megha\.stmcufinder\plugins\mcufinder//mcu/cs/
2026-01-19 18:16:33,846 [INFO] RulesReader:64 - Compatibility file has been processed (317 Rules)
2026-01-19 18:16:34,033 [INFO] DbMcusXml:78 - Set database path to: C:\ST\STM32CubeIDE_1.19.0\STM32CubeIDE\plugins\com.st.stm32cube.common.mx_6.15.0.202507011659\\db\/mcu/
2026-01-19 18:16:34,033 [INFO] ApiDb:274 - Set plugin database path to: C:\ST\STM32CubeIDE_1.19.0\STM32CubeIDE\plugins\com.st.stm32cube.common.mx_6.15.0.202507011659\\db\/plugins/boardmanager/
2026-01-19 18:16:34,033 [INFO] ApiDb:261 - Set plugin images path to: C:\ST\STM32CubeIDE_1.19.0\STM32CubeIDE\plugins\com.st.stm32cube.common.mx_6.15.0.202507011659\\db\/plugins/mcufinder/images/
2026-01-19 18:16:34,033 [WARN] DbFile:41 - Overriding database path with different value: C:\Users\megha\.stmcufinder\plugins\mcufinder/ => C:\Users\megha\.stmcufinder\plugins\mcufinder
2026-01-19 18:16:34,034 [INFO] ApiDb:250 - Set database path to: C:\Users\megha\.stmcufinder\plugins\mcufinder//mcu/
2026-01-19 18:16:34,034 [WARN] DbFile:41 - Overriding database path with different value: C:\Users\megha\.stmcufinder\plugins\mcufinder/ => C:\Users\megha\.stmcufinder\plugins\mcufinder
2026-01-19 18:16:34,034 [INFO] DbMcusAds:125 - Set database path to: C:\Users\megha\.stmcufinder\plugins\mcufinder//mcu/
2026-01-19 18:16:34,034 [WARN] DbFile:41 - Overriding database path with different value: C:\Users\megha\.stmcufinder\plugins\mcufinder/ => C:\Users\megha\.stmcufinder\plugins\mcufinder
2026-01-19 18:16:34,034 [WARN] DbFile:41 - Overriding database path with different value: C:\Users\megha\.stmcufinder\plugins\mcufinder/ => C:\Users\megha\.stmcufinder\plugins\mcufinder
2026-01-19 18:16:34,034 [INFO] CrossReferenceDbSqlite:203 - Set database path to: C:\Users\megha\.stmcufinder\plugins\mcufinder//mcu/cs/
2026-01-19 18:16:34,200 [INFO] MainPanel:274 - HeapMemory: 268435456
2026-01-19 18:16:34,449 [INFO] DbMcusXml:78 - Set database path to: C:\ST\STM32CubeIDE_1.19.0\STM32CubeIDE\plugins\com.st.stm32cube.common.mx_6.15.0.202507011659\\db\/mcu/
2026-01-19 18:16:34,450 [INFO] ApiDb:274 - Set plugin database path to: C:\ST\STM32CubeIDE_1.19.0\STM32CubeIDE\plugins\com.st.stm32cube.common.mx_6.15.0.202507011659\\db\/plugins/boardmanager/
2026-01-19 18:16:34,450 [INFO] ApiDb:261 - Set plugin images path to: C:\ST\STM32CubeIDE_1.19.0\STM32CubeIDE\plugins\com.st.stm32cube.common.mx_6.15.0.202507011659\\db\/plugins/mcufinder/images/
2026-01-19 18:16:34,451 [WARN] DbFile:41 - Overriding database path with different value: C:\Users\megha\.stmcufinder\plugins\mcufinder/ => C:\Users\megha\.stmcufinder\plugins\mcufinder
2026-01-19 18:16:34,451 [INFO] ApiDb:250 - Set database path to: C:\Users\megha\.stmcufinder\plugins\mcufinder//mcu/
2026-01-19 18:16:34,451 [WARN] DbFile:41 - Overriding database path with different value: C:\Users\megha\.stmcufinder\plugins\mcufinder/ => C:\Users\megha\.stmcufinder\plugins\mcufinder
2026-01-19 18:16:34,451 [INFO] DbMcusAds:125 - Set database path to: C:\Users\megha\.stmcufinder\plugins\mcufinder//mcu/
2026-01-19 18:16:34,451 [WARN] DbFile:41 - Overriding database path with different value: C:\Users\megha\.stmcufinder\plugins\mcufinder/ => C:\Users\megha\.stmcufinder\plugins\mcufinder
2026-01-19 18:16:34,452 [WARN] DbFile:41 - Overriding database path with different value: C:\Users\megha\.stmcufinder\plugins\mcufinder/ => C:\Users\megha\.stmcufinder\plugins\mcufinder
2026-01-19 18:16:34,452 [INFO] CrossReferenceDbSqlite:203 - Set database path to: C:\Users\megha\.stmcufinder\plugins\mcufinder//mcu/cs/
2026-01-19 18:16:34,494 [INFO] ApplicationProperties:184 - Using Application install path: C:\ST\STM32CubeIDE_1.19.0\STM32CubeIDE\plugins\com.st.stm32cube.common.mx_6.15.0.202507011659
2026-01-19 18:16:34,496 [INFO] PluginManage:196 - Search for loadable plugins [exclusion list=, ]
2026-01-19 18:16:34,499 [INFO] PluginManage:310 - Check plugin analytics
2026-01-19 18:16:34,934 [INFO] AnalyticsPlugin:253 - Accepted Software Licenses: 
2026-01-19 18:16:34,935 [INFO] AnalyticsPlugin:255 - Accepted CMSIS Pack Licenses: 
2026-01-19 18:16:34,935 [INFO] AnalyticsPlugin:257 - Accepted Firmware Licenses: FW.F4.1.28.0
2026-01-19 18:16:34,936 [INFO] PluginManage:359 - Loaded plugin analytics (category:tool,tabindex:-1)
2026-01-19 18:16:34,936 [INFO] PluginManage:310 - Check plugin cadmodel
2026-01-19 18:16:34,941 [ERROR] ConfigurationRetriever:142 - IOException on connection: sw-center.st.com
2026-01-19 18:16:34,941 [ERROR] ConfigurationRetriever:142 - IOException on connection: sw-center.st.com
2026-01-19 18:16:34,942 [ERROR] ConfigurationRetriever:142 - IOException on connection: sw-center.st.com
2026-01-19 18:16:34,949 [INFO] CADModel:105 - Init CAD model plugin
2026-01-19 18:16:34,949 [INFO] PluginManage:359 - Loaded plugin cadmodel (category:power,tabindex:5)
2026-01-19 18:16:34,950 [INFO] PluginManage:310 - Check plugin clock
2026-01-19 18:16:34,973 [INFO] PluginManage:359 - Loaded plugin clock (category:base,tabindex:2)
2026-01-19 18:16:34,974 [INFO] PluginManage:310 - Check plugin ddr
2026-01-19 18:16:34,979 [INFO] PluginManage:359 - Loaded plugin ddr (category:tool,tabindex:6)
2026-01-19 18:16:34,979 [INFO] PluginManage:310 - Check plugin filemanager
2026-01-19 18:16:35,259 [INFO] PluginManage:359 - Loaded plugin filemanager (category:base,tabindex:10)
2026-01-19 18:16:35,259 [INFO] PluginManage:310 - Check plugin ipmanager
2026-01-19 18:16:35,274 [INFO] PluginManage:359 - Loaded plugin ipmanager (category:base,tabindex:5)
2026-01-19 18:16:35,274 [INFO] PluginManage:310 - Check plugin lpbam
2026-01-19 18:16:35,292 [INFO] PluginManage:359 - Loaded plugin lpbam (category:base,tabindex:0)
2026-01-19 18:16:35,293 [INFO] PluginManage:310 - Check plugin memorymap
2026-01-19 18:16:35,324 [INFO] PluginManage:359 - Loaded plugin memorymap (category:base,tabindex:4)
2026-01-19 18:16:35,324 [INFO] PluginManage:310 - Check plugin pinoutandconfiguration
2026-01-19 18:16:35,344 [INFO] PluginManage:359 - Loaded plugin pinoutandconfiguration (category:base,tabindex:1)
2026-01-19 18:16:35,344 [INFO] PluginManage:310 - Check plugin pinoutconfig
2026-01-19 18:16:35,522 [WARN] SupportedApi:132 - Cannot load RTOS API schema: s4s-elt-must-match.1: The content of 'definitions' must match (annotation?, (simpleType | complexType)?, (unique | key | keyref)*)). A problem was found starting at: attribute.
2026-01-19 18:16:35,819 [INFO] PluginManage:359 - Loaded plugin pinoutconfig (category:base,tabindex:0)
2026-01-19 18:16:35,820 [INFO] PluginManage:310 - Check plugin power
2026-01-19 18:16:35,844 [INFO] PluginManage:359 - Loaded plugin power (category:power,tabindex:4)
2026-01-19 18:16:35,844 [INFO] PluginManage:310 - Check plugin projectmanager
2026-01-19 18:16:35,875 [INFO] PluginManage:359 - Loaded plugin projectmanager (category:projectmanager,tabindex:4)
2026-01-19 18:16:35,876 [INFO] PluginManage:310 - Check plugin rif
2026-01-19 18:16:35,898 [INFO] PluginManage:359 - Loaded plugin rif (category:base,tabindex:3)
2026-01-19 18:16:35,899 [INFO] PluginManage:310 - Check plugin thirdparty
2026-01-19 18:16:36,185 [INFO] PluginManage:359 - Loaded plugin thirdparty (category:base,tabindex:-1)
2026-01-19 18:16:36,185 [WARN] IntegrityCheckThread:84 - waiting for thirdparty lock release [integrity check]
2026-01-19 18:16:36,186 [INFO] PluginManage:310 - Check plugin tools
2026-01-19 18:16:36,186 [INFO] IntegrityCheckThread:86 - entering critical section [integrity check]
2026-01-19 18:16:36,187 [INFO] ThirdPartyUpdaterWithRetryManager:70 - Updater plugin not ready yet. [1/15]
2026-01-19 18:16:36,191 [INFO] PluginManage:359 - Loaded plugin tools (category:base,tabindex:7)
2026-01-19 18:16:36,191 [INFO] PluginManage:310 - Check plugin tutovideos
2026-01-19 18:16:36,607 [INFO] PluginManage:359 - Loaded plugin tutovideos (category:base,tabindex:-1)
2026-01-19 18:16:36,608 [INFO] PluginManage:310 - Check plugin updater
2026-01-19 18:16:36,652 [INFO] PluginManage:359 - Loaded plugin updater (category:base,tabindex:12)
2026-01-19 18:16:36,652 [INFO] PluginManage:310 - Check plugin userauth
2026-01-19 18:16:36,661 [INFO] UserAuth:118 - Init User Auth plugin
2026-01-19 18:16:36,662 [INFO] PluginManage:359 - Loaded plugin userauth (category:base,tabindex:14)
2026-01-19 18:16:36,662 [INFO] PluginManage:283 - PluginManage : Loaded plugins [18]
2026-01-19 18:16:37,063 [INFO] PinOutPanel:1589 - setPackage(No Configuration,No Configuration)
2026-01-19 18:16:37,235 [INFO] CADModel:165 - CPN selected for project level
2026-01-19 18:16:37,235 [INFO] CADModel:114 - Register for checkConnection events
2026-01-19 18:16:37,270 [INFO] IPUIPlugin:80 - create IPUIPlugin
2026-01-19 18:16:37,270 [INFO] PluginManager:220 - loadIPPluginJar : add adc
2026-01-19 18:16:37,277 [INFO] IPUIPlugin:80 - create IPUIPlugin
2026-01-19 18:16:37,277 [INFO] PluginManager:220 - loadIPPluginJar : add aes
2026-01-19 18:16:37,283 [INFO] IPUIPlugin:80 - create IPUIPlugin
2026-01-19 18:16:37,283 [INFO] PluginManager:220 - loadIPPluginJar : add can
2026-01-19 18:16:37,286 [INFO] IPUIPlugin:80 - create IPUIPlugin
2026-01-19 18:16:37,287 [INFO] PluginManager:220 - loadIPPluginJar : add comp
2026-01-19 18:16:37,291 [INFO] IPUIPlugin:80 - create IPUIPlugin
2026-01-19 18:16:37,291 [INFO] PluginManager:220 - loadIPPluginJar : add cryp
2026-01-19 18:16:37,299 [INFO] IPUIPlugin:80 - create IPUIPlugin
2026-01-19 18:16:37,299 [INFO] PluginManager:220 - loadIPPluginJar : add ddr_ctrl_phy
2026-01-19 18:16:37,304 [INFO] IPUIPlugin:80 - create IPUIPlugin
2026-01-19 18:16:37,304 [INFO] PluginManager:220 - loadIPPluginJar : add dfsdm
2026-01-19 18:16:37,315 [INFO] IPUIPlugin:80 - create IPUIPlugin
2026-01-19 18:16:37,317 [INFO] PluginManager:220 - loadIPPluginJar : add dma
2026-01-19 18:16:37,323 [INFO] IPUIPlugin:80 - create IPUIPlugin
2026-01-19 18:16:37,323 [INFO] PluginManager:220 - loadIPPluginJar : add dma3
2026-01-19 18:16:37,329 [INFO] IPUIPlugin:80 - create IPUIPlugin
2026-01-19 18:16:37,329 [INFO] PluginManager:220 - loadIPPluginJar : add extmemmanager
2026-01-19 18:16:37,332 [INFO] IPUIPlugin:80 - create IPUIPlugin
2026-01-19 18:16:37,333 [INFO] PluginManager:220 - loadIPPluginJar : add fatfs
2026-01-19 18:16:37,341 [INFO] IPUIPlugin:80 - create IPUIPlugin
2026-01-19 18:16:37,342 [INFO] PluginManager:220 - loadIPPluginJar : add fmc
2026-01-19 18:16:37,354 [INFO] IPUIPlugin:80 - create IPUIPlugin
2026-01-19 18:16:37,355 [INFO] PluginManager:220 - loadIPPluginJar : add freertos
2026-01-19 18:16:37,357 [INFO] IPUIPlugin:80 - create IPUIPlugin
2026-01-19 18:16:37,358 [INFO] PluginManager:220 - loadIPPluginJar : add genericplugin
2026-01-19 18:16:37,362 [INFO] IPUIPlugin:80 - create IPUIPlugin
2026-01-19 18:16:37,362 [INFO] PluginManager:220 - loadIPPluginJar : add gfxmmu
2026-01-19 18:16:37,369 [INFO] IPUIPlugin:80 - create IPUIPlugin
2026-01-19 18:16:37,370 [INFO] PluginManager:220 - loadIPPluginJar : add gic
2026-01-19 18:16:37,377 [INFO] IPUIPlugin:80 - create IPUIPlugin
2026-01-19 18:16:37,377 [INFO] PluginManager:220 - loadIPPluginJar : add gpio
2026-01-19 18:16:37,381 [INFO] IPUIPlugin:80 - create IPUIPlugin
2026-01-19 18:16:37,382 [INFO] PluginManager:220 - loadIPPluginJar : add gtzc
2026-01-19 18:16:37,386 [INFO] IPUIPlugin:80 - create IPUIPlugin
2026-01-19 18:16:37,387 [INFO] PluginManager:220 - loadIPPluginJar : add hash
2026-01-19 18:16:37,391 [INFO] IPUIPlugin:80 - create IPUIPlugin
2026-01-19 18:16:37,392 [INFO] PluginManager:220 - loadIPPluginJar : add i2c
2026-01-19 18:16:37,396 [INFO] IPUIPlugin:80 - create IPUIPlugin
2026-01-19 18:16:37,396 [INFO] PluginManager:220 - loadIPPluginJar : add i2s
2026-01-19 18:16:37,401 [INFO] IPUIPlugin:80 - create IPUIPlugin
2026-01-19 18:16:37,401 [INFO] PluginManager:220 - loadIPPluginJar : add i3c
2026-01-19 18:16:37,406 [INFO] IPUIPlugin:80 - create IPUIPlugin
2026-01-19 18:16:37,406 [INFO] PluginManager:220 - loadIPPluginJar : add ipddr
2026-01-19 18:16:37,418 [INFO] IPUIPlugin:80 - create IPUIPlugin
2026-01-19 18:16:37,418 [INFO] PluginManager:220 - loadIPPluginJar : add linkedlist
2026-01-19 18:16:37,425 [INFO] IPUIPlugin:80 - create IPUIPlugin
2026-01-19 18:16:37,425 [INFO] PluginManager:220 - loadIPPluginJar : add lorawan
2026-01-19 18:16:37,428 [INFO] IPUIPlugin:80 - create IPUIPlugin
2026-01-19 18:16:37,428 [INFO] PluginManager:220 - loadIPPluginJar : add ltdc
2026-01-19 18:16:37,438 [INFO] IPUIPlugin:80 - create IPUIPlugin
2026-01-19 18:16:37,438 [INFO] PluginManager:220 - loadIPPluginJar : add mdma
2026-01-19 18:16:37,445 [INFO] IPUIPlugin:80 - create IPUIPlugin
2026-01-19 18:16:37,446 [INFO] PluginManager:220 - loadIPPluginJar : add nvic
2026-01-19 18:16:37,450 [INFO] IPUIPlugin:80 - create IPUIPlugin
2026-01-19 18:16:37,451 [INFO] PluginManager:220 - loadIPPluginJar : add opamp
2026-01-19 18:16:37,457 [INFO] IPUIPlugin:80 - create IPUIPlugin
2026-01-19 18:16:37,457 [INFO] PluginManager:220 - loadIPPluginJar : add openamp
2026-01-19 18:16:37,464 [INFO] IPUIPlugin:80 - create IPUIPlugin
2026-01-19 18:16:37,464 [INFO] PluginManager:220 - loadIPPluginJar : add pdm2pcm
2026-01-19 18:16:37,474 [INFO] IPUIPlugin:80 - create IPUIPlugin
2026-01-19 18:16:37,478 [INFO] PluginManager:220 - loadIPPluginJar : add plateformsettings
2026-01-19 18:16:37,482 [INFO] IPUIPlugin:80 - create IPUIPlugin
2026-01-19 18:16:37,483 [INFO] PluginManager:220 - loadIPPluginJar : add quadspi
2026-01-19 18:16:37,486 [INFO] IPUIPlugin:80 - create IPUIPlugin
2026-01-19 18:16:37,487 [INFO] PluginManager:220 - loadIPPluginJar : add radio
2026-01-19 18:16:37,495 [INFO] IPUIPlugin:80 - create IPUIPlugin
2026-01-19 18:16:37,496 [INFO] PluginManager:220 - loadIPPluginJar : add resmgrutility
2026-01-19 18:16:37,503 [INFO] IPUIPlugin:80 - create IPUIPlugin
2026-01-19 18:16:37,503 [INFO] PluginManager:220 - loadIPPluginJar : add sai
2026-01-19 18:16:37,508 [INFO] IPUIPlugin:80 - create IPUIPlugin
2026-01-19 18:16:37,509 [INFO] PluginManager:220 - loadIPPluginJar : add spi
2026-01-19 18:16:37,519 [INFO] IPUIPlugin:80 - create IPUIPlugin
2026-01-19 18:16:37,520 [INFO] PluginManager:220 - loadIPPluginJar : add stm32_wpan
2026-01-19 18:16:37,523 [INFO] IPUIPlugin:80 - create IPUIPlugin
2026-01-19 18:16:37,523 [INFO] PluginManager:220 - loadIPPluginJar : add tim
2026-01-19 18:16:37,529 [INFO] IPUIPlugin:80 - create IPUIPlugin
2026-01-19 18:16:37,530 [INFO] PluginManager:220 - loadIPPluginJar : add touchsensing
2026-01-19 18:16:37,534 [INFO] IPUIPlugin:80 - create IPUIPlugin
2026-01-19 18:16:37,534 [INFO] PluginManager:220 - loadIPPluginJar : add tracer_emb
2026-01-19 18:16:37,538 [INFO] IPUIPlugin:80 - create IPUIPlugin
2026-01-19 18:16:37,538 [INFO] PluginManager:220 - loadIPPluginJar : add ts
2026-01-19 18:16:37,541 [INFO] IPUIPlugin:80 - create IPUIPlugin
2026-01-19 18:16:37,541 [INFO] PluginManager:220 - loadIPPluginJar : add tsc
2026-01-19 18:16:37,545 [INFO] IPUIPlugin:80 - create IPUIPlugin
2026-01-19 18:16:37,545 [INFO] PluginManager:220 - loadIPPluginJar : add ucpd
2026-01-19 18:16:37,550 [INFO] IPUIPlugin:80 - create IPUIPlugin
2026-01-19 18:16:37,550 [INFO] PluginManager:220 - loadIPPluginJar : add usart
2026-01-19 18:16:37,556 [INFO] IPUIPlugin:80 - create IPUIPlugin
2026-01-19 18:16:37,556 [INFO] PluginManager:220 - loadIPPluginJar : add usbx
2026-01-19 18:16:37,734 [FATAL] Updater:351 - Updater called before beeing initialized
2026-01-19 18:16:37,797 [INFO] RulesReader:64 - Compatibility file has been processed (317 Rules)
2026-01-19 18:16:37,824 [INFO] RulesReader:64 - Compatibility file has been processed (317 Rules)
2026-01-19 18:16:37,839 [INFO] CADModel:165 - CPN selected for project level
2026-01-19 18:16:37,841 [INFO] CADModel:114 - Register for checkConnection events
2026-01-19 18:16:37,841 [FATAL] Updater:351 - Updater called before beeing initialized
2026-01-19 18:16:37,841 [ERROR] CADModel:125 - Updater not yet initialized, retry later 
2026-01-19 18:16:38,141 [FATAL] Updater:351 - Updater called before beeing initialized
2026-01-19 18:16:38,144 [INFO] CADModel:165 - CPN selected for project level
2026-01-19 18:16:38,144 [INFO] CADModel:114 - Register for checkConnection events
2026-01-19 18:16:38,145 [FATAL] Updater:351 - Updater called before beeing initialized
2026-01-19 18:16:38,145 [ERROR] CADModel:125 - Updater not yet initialized, retry later 
2026-01-19 18:16:38,150 [FATAL] Updater:351 - Updater called before beeing initialized
2026-01-19 18:16:38,363 [FATAL] Updater:351 - Updater called before beeing initialized
2026-01-19 18:16:38,370 [INFO] DbMcusAds:53 - JSON generation date=Thu Jan 08 21:26:32 IST 2026 (1767887792457)
2026-01-19 18:16:38,372 [FATAL] Updater:351 - Updater called before beeing initialized
2026-01-19 18:16:38,452 [WARN] DetailPanel:346 - Failed to get advertising image, set to default
2026-01-19 18:16:38,621 [FATAL] Updater:351 - Updater called before beeing initialized
2026-01-19 18:16:38,623 [FATAL] Updater:351 - Updater called before beeing initialized
2026-01-19 18:16:38,623 [FATAL] Updater:351 - Updater called before beeing initialized
2026-01-19 18:16:38,623 [WARN] DetailPanel:346 - Failed to get advertising image, set to default
2026-01-19 18:16:38,624 [FATAL] Updater:351 - Updater called before beeing initialized
2026-01-19 18:16:38,717 [ERROR] Updater:1198 - MainUpdater not yet initialized. External WinMGr cannot be set.
2026-01-19 18:16:38,721 [INFO] Updater:1134 - Updater Version found : 6.15.0
2026-01-19 18:16:38,751 [INFO] ApplicationProperties:184 - Using Application install path: C:\ST\STM32CubeIDE_1.19.0\STM32CubeIDE\plugins\com.st.stm32cube.common.mx_6.15.0.202507011659
2026-01-19 18:16:39,189 [INFO] ThirdPartyUpdaterWithRetryManager:70 - Updater plugin not ready yet. [2/15]
2026-01-19 18:16:40,343 [ERROR] LogOutputStream:75 - [STDERR_REDIRECT] Jan 19, 2026 6:16:40 PM java.util.prefs.WindowsPreferences <init>
2026-01-19 18:16:40,345 [ERROR] LogOutputStream:75 - [STDERR_REDIRECT] WARNING: Could not open/create prefs root node Software\JavaSoft\Prefs at root 0xffffffff80000002. Windows RegCreateKeyEx(...) returned error code 5.
2026-01-19 18:16:40,346 [ERROR] LogOutputStream:75 - [STDERR_REDIRECT] 
2026-01-19 18:16:40,806 [INFO] MainUpdater:2872 - connection check result : 22
2026-01-19 18:16:40,807 [INFO] MainUpdater:289 - Updater Check For Update Now.
2026-01-19 18:16:40,807 [INFO] MicroXplorer:498 - Change Database Version : DB.6.0.150
2026-01-19 18:16:40,850 [INFO] McuFinderGlobals:63 - Set McuFinder mode to 2 (CubeIDE integrated)
2026-01-19 18:16:40,851 [INFO] UserAuth:487 - Internet connection configuration mode: 2
2026-01-19 18:16:40,868 [INFO] UserAuth:487 - Internet connection configuration mode: 2
2026-01-19 18:16:41,153 [ERROR] LogOutputStream:75 - [STDERR_REDIRECT] [Fatal Error] :1:1: Premature end of file.
2026-01-19 18:16:41,153 [ERROR] LogOutputStream:75 - [STDERR_REDIRECT] 
2026-01-19 18:16:41,167 [INFO] CheckServerUpdateThread:120 - End of CheckServer Thread
2026-01-19 18:16:42,069 [ERROR] LogOutputStream:75 - [STDERR_REDIRECT] [Fatal Error] :1:1: Premature end of file.
2026-01-19 18:16:42,070 [ERROR] LogOutputStream:75 - [STDERR_REDIRECT] 
2026-01-19 18:16:42,674 [WARN] PackLoader:240 - Cannot read IP mode file for STMicroelectronics.FP-SNS-MOTENVWB1.1.4.0
2026-01-19 18:16:42,708 [WARN] PackLoader:240 - Cannot read IP mode file for STMicroelectronics.FP-ATR-ASTRA1.2.0.2
2026-01-19 18:16:42,729 [WARN] PackLoader:240 - Cannot read IP mode file for STMicroelectronics.X-CUBE-SMBUS.2.1.0
2026-01-19 18:16:42,803 [WARN] PackLoader:240 - Cannot read IP mode file for STMicroelectronics.X-CUBE-AZRTOS-F7.1.1.0
2026-01-19 18:16:42,827 [WARN] PackLoader:240 - Cannot read IP mode file for STMicroelectronics.FP-SNS-MOTENV1.5.1.0
2026-01-19 18:16:42,852 [WARN] PackLoader:240 - Cannot read IP mode file for WES.I-CUBE-Cesium.1.4.0
2026-01-19 18:16:42,915 [WARN] PackLoader:240 - Cannot read IP mode file for STMicroelectronics.X-CUBE-AZRTOS-H7.3.4.0
2026-01-19 18:16:42,941 [WARN] PackLoader:240 - Cannot read IP mode file for STMicroelectronics.X-CUBE-DISPLAY.3.0.0
2026-01-19 18:16:42,971 [WARN] PackLoader:240 - Cannot read IP mode file for STMicroelectronics.X-CUBE-NFC10.1.0.0
2026-01-19 18:16:42,989 [WARN] PackLoader:240 - Cannot read IP mode file for STMicroelectronics.X-CUBE-ST60.1.1.0
2026-01-19 18:16:43,005 [WARN] PackLoader:240 - Cannot read IP mode file for emotas.I-CUBE-CANOPEN.1.3.0
2026-01-19 18:16:43,018 [WARN] PackLoader:240 - Cannot read IP mode file for STMicroelectronics.X-CUBE-GNSS1.7.1.0
2026-01-19 18:16:43,040 [WARN] PackLoader:240 - Cannot read IP mode file for STMicroelectronics.FP-SNS-STBOX1.2.1.0
2026-01-19 18:16:43,053 [WARN] PackLoader:240 - Cannot read IP mode file for STMicroelectronics.FP-SNS-SMARTAG2.1.2.0
2026-01-19 18:16:43,063 [WARN] PackLoader:240 - Cannot read IP mode file for STMicroelectronics.FP-SNS-FLIGHT1.5.1.0
2026-01-19 18:16:43,078 [INFO] LogOutputStream:77 - [STDOUT_REDIRECT] 1 : Invalid condition id : UX_CORESTACK_Condition cause : null
2026-01-19 18:16:43,079 [INFO] LogOutputStream:77 - [STDOUT_REDIRECT] 1 : Invalid condition id : UX_CORESTACK_Condition cause : null
2026-01-19 18:16:43,081 [INFO] LogOutputStream:77 - [STDOUT_REDIRECT] 1 : Invalid condition id : UX_CORESTACK_Condition cause : null
2026-01-19 18:16:43,084 [INFO] LogOutputStream:77 - [STDOUT_REDIRECT] 1 : Invalid condition id : UX_CORESTACK_Condition cause : null
2026-01-19 18:16:43,086 [INFO] LogOutputStream:77 - [STDOUT_REDIRECT] 1 : Invalid condition id : UX_CORESTACK_Condition cause : null
2026-01-19 18:16:43,091 [WARN] PackLoader:240 - Cannot read IP mode file for STMicroelectronics.X-CUBE-AZRTOS-WL.2.0.0
2026-01-19 18:16:43,094 [ERROR] LogOutputStream:75 - [STDERR_REDIRECT] [Fatal Error] :1:1: Premature end of file.
2026-01-19 18:16:43,094 [ERROR] LogOutputStream:75 - [STDERR_REDIRECT] 
2026-01-19 18:16:43,129 [WARN] PackLoader:240 - Cannot read IP mode file for STMicroelectronics.X-CUBE-AZRTOS-H7RS.1.2.0
2026-01-19 18:16:43,145 [WARN] PackLoader:240 - Cannot read IP mode file for STMicroelectronics.X-CUBE-BLE2.3.3.0
2026-01-19 18:16:43,205 [WARN] PackLoader:240 - Cannot read IP mode file for Infineon.AIROC-Wi-Fi-Bluetooth-STM32.1.8.0
2026-01-19 18:16:43,225 [WARN] PackLoader:240 - Cannot read IP mode file for STMicroelectronics.X-CUBE-NFC9.1.0.0
2026-01-19 18:16:43,237 [WARN] PackLoader:240 - Cannot read IP mode file for STMicroelectronics.X-CUBE-BLE1.7.1.0
2026-01-19 18:16:43,246 [WARN] PackLoader:240 - Cannot read IP mode file for wolfSSL.I-CUBE-wolfMQTT.1.19.2
2026-01-19 18:16:43,258 [WARN] PackLoader:240 - Cannot read IP mode file for STMicroelectronics.X-CUBE-FREERTOS.1.4.0
2026-01-19 18:16:43,270 [WARN] PackLoader:240 - Cannot read IP mode file for STMicroelectronics.X-CUBE-EEPRMA1.5.2.0
2026-01-19 18:16:43,280 [WARN] PackLoader:240 - Cannot read IP mode file for wolfSSL.I-CUBE-wolfSSL.5.8.4
2026-01-19 18:16:43,288 [WARN] PackLoader:240 - Cannot read IP mode file for Cesanta.I-CUBE-Mongoose.7.20.0
2026-01-19 18:16:43,300 [WARN] PackLoader:240 - Cannot read IP mode file for STMicroelectronics.X-CUBE-ST67W61.1.1.0
2026-01-19 18:16:43,402 [WARN] PackLoader:240 - Cannot read IP mode file for STMicroelectronics.X-CUBE-MEMS1.12.0.0
2026-01-19 18:16:43,558 [WARN] PackLoader:240 - Cannot read IP mode file for STMicroelectronics.X-CUBE-AZRTOS-G0.1.1.0
2026-01-19 18:16:43,569 [WARN] PackLoader:240 - Cannot read IP mode file for STMicroelectronics.X-CUBE-NFC4.3.0.0
2026-01-19 18:16:43,582 [WARN] PackLoader:240 - Cannot read IP mode file for EmbeddedOffice.I-CUBE-FS-RTOS.1.0.1
2026-01-19 18:16:43,592 [WARN] PackLoader:240 - Cannot read IP mode file for STMicroelectronics.X-CUBE-WB05N.2.0.0
2026-01-19 18:16:43,600 [WARN] PackLoader:240 - Cannot read IP mode file for wolfSSL.I-CUBE-wolfTPM.3.8.0
2026-01-19 18:16:43,608 [WARN] PackLoader:240 - Cannot read IP mode file for STMicroelectronics.X-CUBE-TCPP.4.2.0
2026-01-19 18:16:43,620 [WARN] PackLoader:240 - Cannot read IP mode file for RealThread.X-CUBE-RT-Thread_Nano.4.1.1
2026-01-19 18:16:43,627 [WARN] PackLoader:240 - Cannot read IP mode file for STMicroelectronics.FP-ATR-SIGFOX1.3.2.0
2026-01-19 18:16:43,637 [WARN] PackLoader:240 - Cannot read IP mode file for ITTIA_DB.I-CUBE-ITTIADB.8.9.0
2026-01-19 18:16:43,648 [WARN] PackLoader:240 - Cannot read IP mode file for STMicroelectronics.X-CUBE-AI.10.2.0
2026-01-19 18:16:43,689 [WARN] PackLoader:240 - Cannot read IP mode file for SEGGER.I-CUBE-embOS.1.3.1
2026-01-19 18:16:43,780 [WARN] PackLoader:240 - Cannot read IP mode file for STMicroelectronics.X-CUBE-ALGOBUILD.1.4.0
2026-01-19 18:16:43,790 [WARN] PackLoader:240 - Cannot read IP mode file for STMicroelectronics.X-CUBE-PM33A1.1.0.0
2026-01-19 18:16:43,827 [WARN] PackLoader:240 - Cannot read IP mode file for STMicroelectronics.X-CUBE-AZRTOS-F4.1.1.0
2026-01-19 18:16:43,842 [WARN] PackLoader:240 - Cannot read IP mode file for STMicroelectronics.X-CUBE-ISPU.2.1.0
2026-01-19 18:16:43,912 [WARN] PackLoader:240 - Cannot read IP mode file for STMicroelectronics.X-CUBE-IPS.3.2.0
2026-01-19 18:16:43,938 [WARN] PackLoader:240 - Cannot read IP mode file for STMicroelectronics.X-CUBE-NFC12.1.0.0
2026-01-19 18:16:43,963 [WARN] PackLoader:240 - Cannot read IP mode file for STMicroelectronics.X-CUBE-AZRTOS-L5.2.0.0
2026-01-19 18:16:43,980 [WARN] PackLoader:240 - Cannot read IP mode file for STMicroelectronics.X-CUBE-NFC6.3.1.0
2026-01-19 18:16:43,994 [WARN] PackLoader:240 - Cannot read IP mode file for STMicroelectronics.X-CUBE-TOUCHGFX.4.26.0
2026-01-19 18:16:44,004 [WARN] PackLoader:240 - Cannot read IP mode file for STMicroelectronics.FP-SNS-STAIOTCFT.1.0.0
2026-01-19 18:16:44,015 [WARN] PackLoader:240 - Cannot read IP mode file for STMicroelectronics.X-CUBE-DPower.1.3.0
2026-01-19 18:16:44,042 [WARN] ConditionMgr:438 - getConditionDescription Invalid condition id : LAN8742 Phy interface Condition cause : null
2026-01-19 18:16:44,043 [WARN] PackLoader:240 - Cannot read IP mode file for STMicroelectronics.X-CUBE-AZRTOS-L4.2.0.0
2026-01-19 18:16:44,046 [WARN] ConditionMgr:1044 - genDependencies : Invalid condition id : LAN8742 Phy interface Condition cause : null
2026-01-19 18:16:44,046 [WARN] ConditionMgr:1044 - genDependencies : Invalid condition id : LAN8742 Phy interface Condition cause : null
2026-01-19 18:16:44,047 [WARN] ConditionMgr:1044 - genDependencies : Invalid condition id : LAN8742 Phy interface Condition cause : null
2026-01-19 18:16:44,063 [WARN] PackLoader:240 - Cannot read IP mode file for STMicroelectronics.X-CUBE-SFXS2LP1.4.0.0
2026-01-19 18:16:44,074 [WARN] PackLoader:240 - Cannot read IP mode file for STMicroelectronics.X-CUBE-ST67W61.1.2.0
2026-01-19 18:16:44,092 [WARN] PackLoader:240 - Cannot read IP mode file for STMicroelectronics.X-CUBE-BLEMGR.4.1.0
2026-01-19 18:16:44,096 [ERROR] LogOutputStream:75 - [STDERR_REDIRECT] [Fatal Error] :1:1: Premature end of file.
2026-01-19 18:16:44,097 [ERROR] LogOutputStream:75 - [STDERR_REDIRECT] 
2026-01-19 18:16:44,116 [WARN] ConditionMgr:438 - getConditionDescription Invalid condition id : UX DEVICE CLASS RTOS Condition cause : null
2026-01-19 18:16:44,116 [WARN] ConditionMgr:438 - getConditionDescription Invalid condition id : UX DEVICE CLASS RTOS Condition cause : null
2026-01-19 18:16:44,118 [WARN] PackLoader:240 - Cannot read IP mode file for STMicroelectronics.X-CUBE-AZRTOS-WB.2.0.0
2026-01-19 18:16:44,119 [WARN] ConditionMgr:1044 - genDependencies : Invalid condition id : UX DEVICE CLASS RTOS Condition cause : null
2026-01-19 18:16:44,119 [WARN] ConditionMgr:1044 - genDependencies : Invalid condition id : UX DEVICE CLASS RTOS Condition cause : null
2026-01-19 18:16:44,120 [WARN] ConditionMgr:1044 - genDependencies : Invalid condition id : UX DEVICE CLASS RTOS Condition cause : null
2026-01-19 18:16:44,120 [WARN] ConditionMgr:1044 - genDependencies : Invalid condition id : UX DEVICE CLASS RTOS Condition cause : null
2026-01-19 18:16:44,120 [WARN] ConditionMgr:1044 - genDependencies : Invalid condition id : UX DEVICE CLASS RTOS Condition cause : null
2026-01-19 18:16:44,131 [WARN] ConditionMgr:438 - getConditionDescription Invalid condition id : Cortex-A Device cause : null
2026-01-19 18:16:44,147 [WARN] ConditionMgr:1044 - genDependencies : Invalid condition id : Cortex-A Device cause : null
2026-01-19 18:16:44,147 [WARN] ConditionMgr:1044 - genDependencies : Invalid condition id : Cortex-A Device cause : null
2026-01-19 18:16:44,148 [WARN] ConditionMgr:1044 - genDependencies : Invalid condition id : Cortex-A Device cause : null
2026-01-19 18:16:44,162 [WARN] PackLoader:240 - Cannot read IP mode file for STMicroelectronics.X-CUBE-SUBG2.5.0.0
2026-01-19 18:16:44,186 [WARN] PackLoader:240 - Cannot read IP mode file for STMicroelectronics.X-CUBE-AZRTOS-G4.2.0.0
2026-01-19 18:16:44,196 [WARN] PackLoader:240 - Cannot read IP mode file for wolfSSL.I-CUBE-wolfSSH.1.4.20
2026-01-19 18:16:44,205 [WARN] PackLoader:240 - Cannot read IP mode file for STMicroelectronics.X-CUBE-NFC7.2.0.0
2026-01-19 18:16:44,215 [WARN] PackLoader:240 - Cannot read IP mode file for STMicroelectronics.X-CUBE-ALS.1.0.2
2026-01-19 18:16:44,226 [WARN] PackLoader:240 - Cannot read IP mode file for STMicroelectronics.X-CUBE-STSE01.1.0.0
2026-01-19 18:16:44,244 [WARN] PackLoader:240 - Cannot read IP mode file for STMicroelectronics.X-CUBE-TOF1.3.4.3
2026-01-19 18:16:44,255 [INFO] ThirdParty:978 - Integrity check success = true
2026-01-19 18:16:44,255 [INFO] IntegrityCheckThread:100 - exiting critical section [integrity check]
2026-01-19 18:16:44,255 [INFO] IntegrityCheckThread:103 - End integrity checks thread
2026-01-19 18:16:45,079 [ERROR] LogOutputStream:75 - [STDERR_REDIRECT] [Fatal Error] :1:1: Premature end of file.
2026-01-19 18:16:45,079 [ERROR] LogOutputStream:75 - [STDERR_REDIRECT] 
2026-01-19 18:16:46,112 [ERROR] LogOutputStream:75 - [STDERR_REDIRECT] [Fatal Error] :1:1: Premature end of file.
2026-01-19 18:16:46,112 [ERROR] LogOutputStream:75 - [STDERR_REDIRECT] 
2026-01-19 18:16:47,067 [ERROR] LogOutputStream:75 - [STDERR_REDIRECT] [Fatal Error] :1:1: Premature end of file.
2026-01-19 18:16:47,067 [ERROR] LogOutputStream:75 - [STDERR_REDIRECT] 
2026-01-19 18:16:48,073 [ERROR] LogOutputStream:75 - [STDERR_REDIRECT] [Fatal Error] :1:1: Premature end of file.
2026-01-19 18:16:48,074 [ERROR] LogOutputStream:75 - [STDERR_REDIRECT] 
2026-01-19 18:16:49,090 [ERROR] LogOutputStream:75 - [STDERR_REDIRECT] [Fatal Error] :1:1: Premature end of file.
2026-01-19 18:16:49,091 [ERROR] LogOutputStream:75 - [STDERR_REDIRECT] 
2026-01-19 18:16:50,069 [ERROR] LogOutputStream:75 - [STDERR_REDIRECT] [Fatal Error] :1:1: Premature end of file.
2026-01-19 18:16:50,069 [ERROR] LogOutputStream:75 - [STDERR_REDIRECT] 
2026-01-19 18:16:51,068 [ERROR] LogOutputStream:75 - [STDERR_REDIRECT] [Fatal Error] :1:1: Premature end of file.
2026-01-19 18:16:51,069 [ERROR] LogOutputStream:75 - [STDERR_REDIRECT] 
2026-01-19 18:16:52,077 [ERROR] LogOutputStream:75 - [STDERR_REDIRECT] [Fatal Error] :1:1: Premature end of file.
2026-01-19 18:16:52,077 [ERROR] LogOutputStream:75 - [STDERR_REDIRECT] 
2026-01-19 18:16:53,071 [ERROR] LogOutputStream:75 - [STDERR_REDIRECT] [Fatal Error] :1:1: Premature end of file.
2026-01-19 18:16:53,072 [ERROR] LogOutputStream:75 - [STDERR_REDIRECT] 
2026-01-19 18:16:54,104 [ERROR] LogOutputStream:75 - [STDERR_REDIRECT] [Fatal Error] :1:1: Premature end of file.
2026-01-19 18:16:54,104 [ERROR] LogOutputStream:75 - [STDERR_REDIRECT] 
2026-01-19 18:16:55,062 [ERROR] LogOutputStream:75 - [STDERR_REDIRECT] [Fatal Error] :1:1: Premature end of file.
2026-01-19 18:16:55,062 [ERROR] LogOutputStream:75 - [STDERR_REDIRECT] 
2026-01-19 18:16:56,067 [ERROR] LogOutputStream:75 - [STDERR_REDIRECT] [Fatal Error] :1:1: Premature end of file.
2026-01-19 18:16:56,067 [ERROR] LogOutputStream:75 - [STDERR_REDIRECT] 
2026-01-19 18:16:57,066 [ERROR] LogOutputStream:75 - [STDERR_REDIRECT] [Fatal Error] :1:1: Premature end of file.
2026-01-19 18:16:57,066 [ERROR] LogOutputStream:75 - [STDERR_REDIRECT] 
2026-01-19 18:16:58,066 [ERROR] LogOutputStream:75 - [STDERR_REDIRECT] [Fatal Error] :1:1: Premature end of file.
2026-01-19 18:16:58,067 [ERROR] LogOutputStream:75 - [STDERR_REDIRECT] 
2026-01-19 18:16:59,064 [ERROR] LogOutputStream:75 - [STDERR_REDIRECT] [Fatal Error] :1:1: Premature end of file.
2026-01-19 18:16:59,065 [ERROR] LogOutputStream:75 - [STDERR_REDIRECT] 
2026-01-19 18:17:00,069 [ERROR] LogOutputStream:75 - [STDERR_REDIRECT] [Fatal Error] :1:1: Premature end of file.
2026-01-19 18:17:00,069 [ERROR] LogOutputStream:75 - [STDERR_REDIRECT] 
2026-01-19 18:17:01,066 [ERROR] LogOutputStream:75 - [STDERR_REDIRECT] [Fatal Error] :1:1: Premature end of file.
2026-01-19 18:17:01,066 [ERROR] LogOutputStream:75 - [STDERR_REDIRECT] 
2026-01-19 18:17:02,104 [ERROR] LogOutputStream:75 - [STDERR_REDIRECT] [Fatal Error] :1:1: Premature end of file.
2026-01-19 18:17:02,104 [ERROR] LogOutputStream:75 - [STDERR_REDIRECT] 
2026-01-19 18:17:03,080 [ERROR] LogOutputStream:75 - [STDERR_REDIRECT] [Fatal Error] :1:1: Premature end of file.
2026-01-19 18:17:03,081 [ERROR] LogOutputStream:75 - [STDERR_REDIRECT] 
2026-01-19 18:17:04,078 [ERROR] LogOutputStream:75 - [STDERR_REDIRECT] [Fatal Error] :1:1: Premature end of file.
2026-01-19 18:17:04,078 [ERROR] LogOutputStream:75 - [STDERR_REDIRECT] 
2026-01-19 18:17:05,069 [ERROR] LogOutputStream:75 - [STDERR_REDIRECT] [Fatal Error] :1:1: Premature end of file.
2026-01-19 18:17:05,070 [ERROR] LogOutputStream:75 - [STDERR_REDIRECT] 
2026-01-19 18:17:06,065 [ERROR] LogOutputStream:75 - [STDERR_REDIRECT] [Fatal Error] :1:1: Premature end of file.
2026-01-19 18:17:06,065 [ERROR] LogOutputStream:75 - [STDERR_REDIRECT] 
2026-01-19 18:17:07,067 [ERROR] LogOutputStream:75 - [STDERR_REDIRECT] [Fatal Error] :1:1: Premature end of file.
2026-01-19 18:17:07,067 [ERROR] LogOutputStream:75 - [STDERR_REDIRECT] 
2026-01-19 18:17:08,076 [ERROR] LogOutputStream:75 - [STDERR_REDIRECT] [Fatal Error] :1:1: Premature end of file.
2026-01-19 18:17:08,076 [ERROR] LogOutputStream:75 - [STDERR_REDIRECT] 
2026-01-19 18:17:09,066 [ERROR] LogOutputStream:75 - [STDERR_REDIRECT] [Fatal Error] :1:1: Premature end of file.
2026-01-19 18:17:09,066 [ERROR] LogOutputStream:75 - [STDERR_REDIRECT] 
2026-01-19 18:17:10,065 [ERROR] LogOutputStream:75 - [STDERR_REDIRECT] [Fatal Error] :1:1: Premature end of file.
2026-01-19 18:17:10,066 [ERROR] LogOutputStream:75 - [STDERR_REDIRECT] 
2026-01-19 18:17:11,067 [ERROR] LogOutputStream:75 - [STDERR_REDIRECT] [Fatal Error] :1:1: Premature end of file.
2026-01-19 18:17:11,068 [ERROR] LogOutputStream:75 - [STDERR_REDIRECT] 
2026-01-19 18:17:12,065 [ERROR] LogOutputStream:75 - [STDERR_REDIRECT] [Fatal Error] :1:1: Premature end of file.
2026-01-19 18:17:12,065 [ERROR] LogOutputStream:75 - [STDERR_REDIRECT] 
2026-01-19 18:17:13,067 [ERROR] LogOutputStream:75 - [STDERR_REDIRECT] [Fatal Error] :1:1: Premature end of file.
2026-01-19 18:17:13,067 [ERROR] LogOutputStream:75 - [STDERR_REDIRECT] 
2026-01-19 18:17:14,065 [ERROR] LogOutputStream:75 - [STDERR_REDIRECT] [Fatal Error] :1:1: Premature end of file.
2026-01-19 18:17:14,065 [ERROR] LogOutputStream:75 - [STDERR_REDIRECT] 
2026-01-19 18:17:15,064 [ERROR] LogOutputStream:75 - [STDERR_REDIRECT] [Fatal Error] :1:1: Premature end of file.
2026-01-19 18:17:15,064 [ERROR] LogOutputStream:75 - [STDERR_REDIRECT] 
2026-01-19 18:17:16,064 [ERROR] LogOutputStream:75 - [STDERR_REDIRECT] [Fatal Error] :1:1: Premature end of file.
2026-01-19 18:17:16,065 [ERROR] LogOutputStream:75 - [STDERR_REDIRECT] 
2026-01-19 18:17:17,065 [ERROR] LogOutputStream:75 - [STDERR_REDIRECT] [Fatal Error] :1:1: Premature end of file.
2026-01-19 18:17:17,066 [ERROR] LogOutputStream:75 - [STDERR_REDIRECT] 
2026-01-19 18:17:18,065 [ERROR] LogOutputStream:75 - [STDERR_REDIRECT] [Fatal Error] :1:1: Premature end of file.
2026-01-19 18:17:18,066 [ERROR] LogOutputStream:75 - [STDERR_REDIRECT] 
2026-01-19 18:17:19,067 [ERROR] LogOutputStream:75 - [STDERR_REDIRECT] [Fatal Error] :1:1: Premature end of file.
2026-01-19 18:17:19,067 [ERROR] LogOutputStream:75 - [STDERR_REDIRECT] 
2026-01-19 18:17:20,065 [ERROR] LogOutputStream:75 - [STDERR_REDIRECT] [Fatal Error] :1:1: Premature end of file.
2026-01-19 18:17:20,066 [ERROR] LogOutputStream:75 - [STDERR_REDIRECT] 
2026-01-19 18:17:21,087 [ERROR] LogOutputStream:75 - [STDERR_REDIRECT] [Fatal Error] :1:1: Premature end of file.
2026-01-19 18:17:21,088 [ERROR] LogOutputStream:75 - [STDERR_REDIRECT] 
2026-01-19 18:17:22,080 [ERROR] LogOutputStream:75 - [STDERR_REDIRECT] [Fatal Error] :1:1: Premature end of file.
2026-01-19 18:17:22,080 [ERROR] LogOutputStream:75 - [STDERR_REDIRECT] 
2026-01-19 18:17:23,086 [ERROR] LogOutputStream:75 - [STDERR_REDIRECT] [Fatal Error] :1:1: Premature end of file.
2026-01-19 18:17:23,087 [ERROR] LogOutputStream:75 - [STDERR_REDIRECT] 
2026-01-19 18:17:24,077 [ERROR] LogOutputStream:75 - [STDERR_REDIRECT] [Fatal Error] :1:1: Premature end of file.
2026-01-19 18:17:24,078 [ERROR] LogOutputStream:75 - [STDERR_REDIRECT] 
2026-01-19 18:17:25,068 [ERROR] LogOutputStream:75 - [STDERR_REDIRECT] [Fatal Error] :1:1: Premature end of file.
2026-01-19 18:17:25,069 [ERROR] LogOutputStream:75 - [STDERR_REDIRECT] 
2026-01-19 18:17:26,077 [ERROR] LogOutputStream:75 - [STDERR_REDIRECT] [Fatal Error] :1:1: Premature end of file.
2026-01-19 18:17:26,078 [ERROR] LogOutputStream:75 - [STDERR_REDIRECT] 
2026-01-19 18:17:27,065 [ERROR] LogOutputStream:75 - [STDERR_REDIRECT] [Fatal Error] :1:1: Premature end of file.
2026-01-19 18:17:27,067 [ERROR] LogOutputStream:75 - [STDERR_REDIRECT] 
2026-01-19 18:17:28,068 [ERROR] LogOutputStream:75 - [STDERR_REDIRECT] [Fatal Error] :1:1: Premature end of file.
2026-01-19 18:17:28,068 [ERROR] LogOutputStream:75 - [STDERR_REDIRECT] 
2026-01-19 18:17:29,065 [ERROR] LogOutputStream:75 - [STDERR_REDIRECT] [Fatal Error] :1:1: Premature end of file.
2026-01-19 18:17:29,066 [ERROR] LogOutputStream:75 - [STDERR_REDIRECT] 
2026-01-19 18:17:30,065 [ERROR] LogOutputStream:75 - [STDERR_REDIRECT] [Fatal Error] :1:1: Premature end of file.
2026-01-19 18:17:30,065 [ERROR] LogOutputStream:75 - [STDERR_REDIRECT] 
2026-01-19 18:17:31,066 [ERROR] LogOutputStream:75 - [STDERR_REDIRECT] [Fatal Error] :1:1: Premature end of file.
2026-01-19 18:17:31,066 [ERROR] LogOutputStream:75 - [STDERR_REDIRECT] 
2026-01-19 18:17:32,073 [ERROR] LogOutputStream:75 - [STDERR_REDIRECT] [Fatal Error] :1:1: Premature end of file.
2026-01-19 18:17:32,074 [ERROR] LogOutputStream:75 - [STDERR_REDIRECT] 
2026-01-19 18:17:33,068 [ERROR] LogOutputStream:75 - [STDERR_REDIRECT] [Fatal Error] :1:1: Premature end of file.
2026-01-19 18:17:33,068 [ERROR] LogOutputStream:75 - [STDERR_REDIRECT] 
2026-01-19 18:17:34,081 [ERROR] LogOutputStream:75 - [STDERR_REDIRECT] [Fatal Error] :1:1: Premature end of file.
2026-01-19 18:17:34,081 [ERROR] LogOutputStream:75 - [STDERR_REDIRECT] 
2026-01-19 18:17:35,071 [ERROR] LogOutputStream:75 - [STDERR_REDIRECT] [Fatal Error] :1:1: Premature end of file.
2026-01-19 18:17:35,072 [ERROR] LogOutputStream:75 - [STDERR_REDIRECT] 
2026-01-19 18:17:36,067 [ERROR] LogOutputStream:75 - [STDERR_REDIRECT] [Fatal Error] :1:1: Premature end of file.
2026-01-19 18:17:36,067 [ERROR] LogOutputStream:75 - [STDERR_REDIRECT] 
2026-01-19 18:17:37,067 [ERROR] LogOutputStream:75 - [STDERR_REDIRECT] [Fatal Error] :1:1: Premature end of file.
2026-01-19 18:17:37,067 [ERROR] LogOutputStream:75 - [STDERR_REDIRECT] 
2026-01-19 18:17:38,066 [ERROR] LogOutputStream:75 - [STDERR_REDIRECT] [Fatal Error] :1:1: Premature end of file.
2026-01-19 18:17:38,067 [ERROR] LogOutputStream:75 - [STDERR_REDIRECT] 
2026-01-19 18:17:39,068 [ERROR] LogOutputStream:75 - [STDERR_REDIRECT] [Fatal Error] :1:1: Premature end of file.
2026-01-19 18:17:39,069 [ERROR] LogOutputStream:75 - [STDERR_REDIRECT] 
2026-01-19 18:17:40,069 [ERROR] LogOutputStream:75 - [STDERR_REDIRECT] [Fatal Error] :1:1: Premature end of file.
2026-01-19 18:17:40,069 [ERROR] LogOutputStream:75 - [STDERR_REDIRECT] 
2026-01-19 18:17:41,071 [ERROR] LogOutputStream:75 - [STDERR_REDIRECT] [Fatal Error] :1:1: Premature end of file.
2026-01-19 18:17:41,072 [ERROR] LogOutputStream:75 - [STDERR_REDIRECT] 
2026-01-19 18:17:42,057 [ERROR] LogOutputStream:75 - [STDERR_REDIRECT] [Fatal Error] :1:1: Premature end of file.
2026-01-19 18:17:42,057 [ERROR] LogOutputStream:75 - [STDERR_REDIRECT] 
2026-01-19 18:17:43,066 [ERROR] LogOutputStream:75 - [STDERR_REDIRECT] [Fatal Error] :1:1: Premature end of file.
2026-01-19 18:17:43,067 [ERROR] LogOutputStream:75 - [STDERR_REDIRECT] 
2026-01-19 18:17:44,074 [ERROR] LogOutputStream:75 - [STDERR_REDIRECT] [Fatal Error] :1:1: Premature end of file.
2026-01-19 18:17:44,074 [ERROR] LogOutputStream:75 - [STDERR_REDIRECT] 
2026-01-19 18:17:45,055 [ERROR] LogOutputStream:75 - [STDERR_REDIRECT] [Fatal Error] :1:1: Premature end of file.
2026-01-19 18:17:45,055 [ERROR] LogOutputStream:75 - [STDERR_REDIRECT] 
2026-01-19 18:17:46,060 [ERROR] LogOutputStream:75 - [STDERR_REDIRECT] [Fatal Error] :1:1: Premature end of file.
2026-01-19 18:17:46,060 [ERROR] LogOutputStream:75 - [STDERR_REDIRECT] 
2026-01-19 18:17:47,063 [ERROR] LogOutputStream:75 - [STDERR_REDIRECT] [Fatal Error] :1:1: Premature end of file.
2026-01-19 18:17:47,065 [ERROR] LogOutputStream:75 - [STDERR_REDIRECT] 
2026-01-19 18:17:48,065 [ERROR] LogOutputStream:75 - [STDERR_REDIRECT] [Fatal Error] :1:1: Premature end of file.
2026-01-19 18:17:48,066 [ERROR] LogOutputStream:75 - [STDERR_REDIRECT] 
2026-01-19 18:17:49,068 [ERROR] LogOutputStream:75 - [STDERR_REDIRECT] [Fatal Error] :1:1: Premature end of file.
2026-01-19 18:17:49,068 [ERROR] LogOutputStream:75 - [STDERR_REDIRECT] 
2026-01-19 18:17:50,067 [ERROR] LogOutputStream:75 - [STDERR_REDIRECT] [Fatal Error] :1:1: Premature end of file.
2026-01-19 18:17:50,067 [ERROR] LogOutputStream:75 - [STDERR_REDIRECT] 
2026-01-19 18:17:51,067 [ERROR] LogOutputStream:75 - [STDERR_REDIRECT] [Fatal Error] :1:1: Premature end of file.
2026-01-19 18:17:51,067 [ERROR] LogOutputStream:75 - [STDERR_REDIRECT] 
2026-01-19 18:17:52,066 [ERROR] LogOutputStream:75 - [STDERR_REDIRECT] [Fatal Error] :1:1: Premature end of file.
2026-01-19 18:17:52,066 [ERROR] LogOutputStream:75 - [STDERR_REDIRECT] 
2026-01-19 18:17:53,067 [ERROR] LogOutputStream:75 - [STDERR_REDIRECT] [Fatal Error] :1:1: Premature end of file.
2026-01-19 18:17:53,068 [ERROR] LogOutputStream:75 - [STDERR_REDIRECT] 
2026-01-19 18:17:54,066 [ERROR] LogOutputStream:75 - [STDERR_REDIRECT] [Fatal Error] :1:1: Premature end of file.
2026-01-19 18:17:54,067 [ERROR] LogOutputStream:75 - [STDERR_REDIRECT] 
2026-01-19 18:17:55,079 [ERROR] LogOutputStream:75 - [STDERR_REDIRECT] [Fatal Error] :1:1: Premature end of file.
2026-01-19 18:17:55,080 [ERROR] LogOutputStream:75 - [STDERR_REDIRECT] 
2026-01-19 18:17:56,074 [ERROR] LogOutputStream:75 - [STDERR_REDIRECT] [Fatal Error] :1:1: Premature end of file.
2026-01-19 18:17:56,076 [ERROR] LogOutputStream:75 - [STDERR_REDIRECT] 
2026-01-19 18:17:57,071 [ERROR] LogOutputStream:75 - [STDERR_REDIRECT] [Fatal Error] :1:1: Premature end of file.
2026-01-19 18:17:57,071 [ERROR] LogOutputStream:75 - [STDERR_REDIRECT] 
2026-01-19 18:17:58,074 [ERROR] LogOutputStream:75 - [STDERR_REDIRECT] [Fatal Error] :1:1: Premature end of file.
2026-01-19 18:17:58,074 [ERROR] LogOutputStream:75 - [STDERR_REDIRECT] 
2026-01-19 18:17:59,068 [ERROR] LogOutputStream:75 - [STDERR_REDIRECT] [Fatal Error] :1:1: Premature end of file.
2026-01-19 18:17:59,069 [ERROR] LogOutputStream:75 - [STDERR_REDIRECT] 
2026-01-19 18:18:00,069 [ERROR] LogOutputStream:75 - [STDERR_REDIRECT] [Fatal Error] :1:1: Premature end of file.
2026-01-19 18:18:00,069 [ERROR] LogOutputStream:75 - [STDERR_REDIRECT] 
2026-01-19 18:18:01,070 [ERROR] LogOutputStream:75 - [STDERR_REDIRECT] [Fatal Error] :1:1: Premature end of file.
2026-01-19 18:18:01,070 [ERROR] LogOutputStream:75 - [STDERR_REDIRECT] 
2026-01-19 18:18:02,069 [ERROR] LogOutputStream:75 - [STDERR_REDIRECT] [Fatal Error] :1:1: Premature end of file.
2026-01-19 18:18:02,071 [ERROR] LogOutputStream:75 - [STDERR_REDIRECT] 
2026-01-19 18:18:03,071 [ERROR] LogOutputStream:75 - [STDERR_REDIRECT] [Fatal Error] :1:1: Premature end of file.
2026-01-19 18:18:03,071 [ERROR] LogOutputStream:75 - [STDERR_REDIRECT] 
2026-01-19 18:18:04,071 [ERROR] LogOutputStream:75 - [STDERR_REDIRECT] [Fatal Error] :1:1: Premature end of file.
2026-01-19 18:18:04,071 [ERROR] LogOutputStream:75 - [STDERR_REDIRECT] 
2026-01-19 18:18:05,069 [ERROR] LogOutputStream:75 - [STDERR_REDIRECT] [Fatal Error] :1:1: Premature end of file.
2026-01-19 18:18:05,070 [ERROR] LogOutputStream:75 - [STDERR_REDIRECT] 
2026-01-19 18:18:06,087 [ERROR] LogOutputStream:75 - [STDERR_REDIRECT] [Fatal Error] :1:1: Premature end of file.
2026-01-19 18:18:06,087 [ERROR] LogOutputStream:75 - [STDERR_REDIRECT] 
2026-01-19 18:18:07,080 [ERROR] LogOutputStream:75 - [STDERR_REDIRECT] [Fatal Error] :1:1: Premature end of file.
2026-01-19 18:18:07,081 [ERROR] LogOutputStream:75 - [STDERR_REDIRECT] 
2026-01-19 18:18:08,069 [ERROR] LogOutputStream:75 - [STDERR_REDIRECT] [Fatal Error] :1:1: Premature end of file.
2026-01-19 18:18:08,069 [ERROR] LogOutputStream:75 - [STDERR_REDIRECT] 
2026-01-19 18:18:09,074 [ERROR] LogOutputStream:75 - [STDERR_REDIRECT] [Fatal Error] :1:1: Premature end of file.
2026-01-19 18:18:09,075 [ERROR] LogOutputStream:75 - [STDERR_REDIRECT] 
2026-01-19 18:18:10,066 [ERROR] LogOutputStream:75 - [STDERR_REDIRECT] [Fatal Error] :1:1: Premature end of file.
2026-01-19 18:18:10,066 [ERROR] LogOutputStream:75 - [STDERR_REDIRECT] 
2026-01-19 18:18:11,068 [ERROR] LogOutputStream:75 - [STDERR_REDIRECT] [Fatal Error] :1:1: Premature end of file.
2026-01-19 18:18:11,068 [ERROR] LogOutputStream:75 - [STDERR_REDIRECT] 
2026-01-19 18:18:12,067 [ERROR] LogOutputStream:75 - [STDERR_REDIRECT] [Fatal Error] :1:1: Premature end of file.
2026-01-19 18:18:12,067 [ERROR] LogOutputStream:75 - [STDERR_REDIRECT] 
2026-01-19 18:18:13,065 [ERROR] LogOutputStream:75 - [STDERR_REDIRECT] [Fatal Error] :1:1: Premature end of file.
2026-01-19 18:18:13,066 [ERROR] LogOutputStream:75 - [STDERR_REDIRECT] 
2026-01-19 18:18:14,068 [ERROR] LogOutputStream:75 - [STDERR_REDIRECT] [Fatal Error] :1:1: Premature end of file.
2026-01-19 18:18:14,068 [ERROR] LogOutputStream:75 - [STDERR_REDIRECT] 
2026-01-19 18:18:15,066 [ERROR] LogOutputStream:75 - [STDERR_REDIRECT] [Fatal Error] :1:1: Premature end of file.
2026-01-19 18:18:15,066 [ERROR] LogOutputStream:75 - [STDERR_REDIRECT] 
2026-01-19 18:18:16,064 [ERROR] LogOutputStream:75 - [STDERR_REDIRECT] [Fatal Error] :1:1: Premature end of file.
2026-01-19 18:18:16,065 [ERROR] LogOutputStream:75 - [STDERR_REDIRECT] 
2026-01-19 18:18:17,065 [ERROR] LogOutputStream:75 - [STDERR_REDIRECT] [Fatal Error] :1:1: Premature end of file.
2026-01-19 18:18:17,065 [ERROR] LogOutputStream:75 - [STDERR_REDIRECT] 
2026-01-19 18:18:18,066 [ERROR] LogOutputStream:75 - [STDERR_REDIRECT] [Fatal Error] :1:1: Premature end of file.
2026-01-19 18:18:18,066 [ERROR] LogOutputStream:75 - [STDERR_REDIRECT] 
2026-01-19 18:18:19,066 [ERROR] LogOutputStream:75 - [STDERR_REDIRECT] [Fatal Error] :1:1: Premature end of file.
2026-01-19 18:18:19,066 [ERROR] LogOutputStream:75 - [STDERR_REDIRECT] 
2026-01-19 18:18:20,067 [ERROR] LogOutputStream:75 - [STDERR_REDIRECT] [Fatal Error] :1:1: Premature end of file.
2026-01-19 18:18:20,068 [ERROR] LogOutputStream:75 - [STDERR_REDIRECT] 
2026-01-19 18:18:21,066 [ERROR] LogOutputStream:75 - [STDERR_REDIRECT] [Fatal Error] :1:1: Premature end of file.
2026-01-19 18:18:21,066 [ERROR] LogOutputStream:75 - [STDERR_REDIRECT] 
2026-01-19 18:18:22,068 [ERROR] LogOutputStream:75 - [STDERR_REDIRECT] [Fatal Error] :1:1: Premature end of file.
2026-01-19 18:18:22,068 [ERROR] LogOutputStream:75 - [STDERR_REDIRECT] 
2026-01-19 18:18:23,068 [ERROR] LogOutputStream:75 - [STDERR_REDIRECT] [Fatal Error] :1:1: Premature end of file.
2026-01-19 18:18:23,068 [ERROR] LogOutputStream:75 - [STDERR_REDIRECT] 
2026-01-19 18:18:24,068 [ERROR] LogOutputStream:75 - [STDERR_REDIRECT] [Fatal Error] :1:1: Premature end of file.
2026-01-19 18:18:24,069 [ERROR] LogOutputStream:75 - [STDERR_REDIRECT] 
2026-01-19 18:18:25,064 [ERROR] LogOutputStream:75 - [STDERR_REDIRECT] [Fatal Error] :1:1: Premature end of file.
2026-01-19 18:18:25,066 [ERROR] LogOutputStream:75 - [STDERR_REDIRECT] 
2026-01-19 18:18:26,067 [ERROR] LogOutputStream:75 - [STDERR_REDIRECT] [Fatal Error] :1:1: Premature end of file.
2026-01-19 18:18:26,067 [ERROR] LogOutputStream:75 - [STDERR_REDIRECT] 
2026-01-19 18:18:27,066 [ERROR] LogOutputStream:75 - [STDERR_REDIRECT] [Fatal Error] :1:1: Premature end of file.
2026-01-19 18:18:27,067 [ERROR] LogOutputStream:75 - [STDERR_REDIRECT] 
2026-01-19 18:18:28,063 [ERROR] LogOutputStream:75 - [STDERR_REDIRECT] [Fatal Error] :1:1: Premature end of file.
2026-01-19 18:18:28,064 [ERROR] LogOutputStream:75 - [STDERR_REDIRECT] 
2026-01-19 18:18:29,065 [ERROR] LogOutputStream:75 - [STDERR_REDIRECT] [Fatal Error] :1:1: Premature end of file.
2026-01-19 18:18:29,066 [ERROR] LogOutputStream:75 - [STDERR_REDIRECT] 
2026-01-19 18:18:30,081 [ERROR] LogOutputStream:75 - [STDERR_REDIRECT] [Fatal Error] :1:1: Premature end of file.
2026-01-19 18:18:30,081 [ERROR] LogOutputStream:75 - [STDERR_REDIRECT] 
2026-01-19 18:18:31,065 [ERROR] LogOutputStream:75 - [STDERR_REDIRECT] [Fatal Error] :1:1: Premature end of file.
2026-01-19 18:18:31,066 [ERROR] LogOutputStream:75 - [STDERR_REDIRECT] 
2026-01-19 18:18:32,067 [ERROR] LogOutputStream:75 - [STDERR_REDIRECT] [Fatal Error] :1:1: Premature end of file.
2026-01-19 18:18:32,068 [ERROR] LogOutputStream:75 - [STDERR_REDIRECT] 
2026-01-19 18:18:33,067 [ERROR] LogOutputStream:75 - [STDERR_REDIRECT] [Fatal Error] :1:1: Premature end of file.
2026-01-19 18:18:33,067 [ERROR] LogOutputStream:75 - [STDERR_REDIRECT] 
2026-01-19 18:18:34,068 [ERROR] LogOutputStream:75 - [STDERR_REDIRECT] [Fatal Error] :1:1: Premature end of file.
2026-01-19 18:18:34,068 [ERROR] LogOutputStream:75 - [STDERR_REDIRECT] 
2026-01-19 18:18:35,065 [ERROR] LogOutputStream:75 - [STDERR_REDIRECT] [Fatal Error] :1:1: Premature end of file.
2026-01-19 18:18:35,066 [ERROR] LogOutputStream:75 - [STDERR_REDIRECT] 
2026-01-19 18:18:36,066 [ERROR] LogOutputStream:75 - [STDERR_REDIRECT] [Fatal Error] :1:1: Premature end of file.
2026-01-19 18:18:36,067 [ERROR] LogOutputStream:75 - [STDERR_REDIRECT] 
2026-01-19 18:18:37,067 [ERROR] LogOutputStream:75 - [STDERR_REDIRECT] [Fatal Error] :1:1: Premature end of file.
2026-01-19 18:18:37,067 [ERROR] LogOutputStream:75 - [STDERR_REDIRECT] 
2026-01-19 18:18:38,065 [ERROR] LogOutputStream:75 - [STDERR_REDIRECT] [Fatal Error] :1:1: Premature end of file.
2026-01-19 18:18:38,066 [ERROR] LogOutputStream:75 - [STDERR_REDIRECT] 
2026-01-19 18:18:39,067 [ERROR] LogOutputStream:75 - [STDERR_REDIRECT] [Fatal Error] :1:1: Premature end of file.
2026-01-19 18:18:39,067 [ERROR] LogOutputStream:75 - [STDERR_REDIRECT] 
2026-01-19 18:18:40,066 [ERROR] LogOutputStream:75 - [STDERR_REDIRECT] [Fatal Error] :1:1: Premature end of file.
2026-01-19 18:18:40,067 [ERROR] LogOutputStream:75 - [STDERR_REDIRECT] 
2026-01-19 18:18:41,064 [ERROR] LogOutputStream:75 - [STDERR_REDIRECT] [Fatal Error] :1:1: Premature end of file.
2026-01-19 18:18:41,066 [ERROR] LogOutputStream:75 - [STDERR_REDIRECT] 
2026-01-19 18:18:42,070 [ERROR] LogOutputStream:75 - [STDERR_REDIRECT] [Fatal Error] :1:1: Premature end of file.
2026-01-19 18:18:42,070 [ERROR] LogOutputStream:75 - [STDERR_REDIRECT] 
2026-01-19 18:18:43,065 [ERROR] LogOutputStream:75 - [STDERR_REDIRECT] [Fatal Error] :1:1: Premature end of file.
2026-01-19 18:18:43,065 [ERROR] LogOutputStream:75 - [STDERR_REDIRECT] 
2026-01-19 18:18:44,068 [ERROR] LogOutputStream:75 - [STDERR_REDIRECT] [Fatal Error] :1:1: Premature end of file.
2026-01-19 18:18:44,069 [ERROR] LogOutputStream:75 - [STDERR_REDIRECT] 
2026-01-19 18:18:45,066 [ERROR] LogOutputStream:75 - [STDERR_REDIRECT] [Fatal Error] :1:1: Premature end of file.
2026-01-19 18:18:45,066 [ERROR] LogOutputStream:75 - [STDERR_REDIRECT] 
2026-01-19 18:18:46,066 [ERROR] LogOutputStream:75 - [STDERR_REDIRECT] [Fatal Error] :1:1: Premature end of file.
2026-01-19 18:18:46,066 [ERROR] LogOutputStream:75 - [STDERR_REDIRECT] 
2026-01-19 18:18:47,065 [ERROR] LogOutputStream:75 - [STDERR_REDIRECT] [Fatal Error] :1:1: Premature end of file.
2026-01-19 18:18:47,066 [ERROR] LogOutputStream:75 - [STDERR_REDIRECT] 
2026-01-19 18:18:48,066 [ERROR] LogOutputStream:75 - [STDERR_REDIRECT] [Fatal Error] :1:1: Premature end of file.
2026-01-19 18:18:48,067 [ERROR] LogOutputStream:75 - [STDERR_REDIRECT] 
2026-01-19 18:18:49,066 [ERROR] LogOutputStream:75 - [STDERR_REDIRECT] [Fatal Error] :1:1: Premature end of file.
2026-01-19 18:18:49,066 [ERROR] LogOutputStream:75 - [STDERR_REDIRECT] 
2026-01-19 18:18:50,088 [ERROR] LogOutputStream:75 - [STDERR_REDIRECT] [Fatal Error] :1:1: Premature end of file.
2026-01-19 18:18:50,089 [ERROR] LogOutputStream:75 - [STDERR_REDIRECT] 
2026-01-19 18:18:51,087 [ERROR] LogOutputStream:75 - [STDERR_REDIRECT] [Fatal Error] :1:1: Premature end of file.
2026-01-19 18:18:51,088 [ERROR] LogOutputStream:75 - [STDERR_REDIRECT] 
2026-01-19 18:18:52,075 [ERROR] LogOutputStream:75 - [STDERR_REDIRECT] [Fatal Error] :1:1: Premature end of file.
2026-01-19 18:18:52,075 [ERROR] LogOutputStream:75 - [STDERR_REDIRECT] 
2026-01-19 18:18:53,074 [ERROR] LogOutputStream:75 - [STDERR_REDIRECT] [Fatal Error] :1:1: Premature end of file.
2026-01-19 18:18:53,074 [ERROR] LogOutputStream:75 - [STDERR_REDIRECT] 
2026-01-19 18:18:54,077 [ERROR] LogOutputStream:75 - [STDERR_REDIRECT] [Fatal Error] :1:1: Premature end of file.
2026-01-19 18:18:54,077 [ERROR] LogOutputStream:75 - [STDERR_REDIRECT] 
2026-01-19 18:18:55,058 [ERROR] LogOutputStream:75 - [STDERR_REDIRECT] [Fatal Error] :1:1: Premature end of file.
2026-01-19 18:18:55,058 [ERROR] LogOutputStream:75 - [STDERR_REDIRECT] 
2026-01-19 18:18:56,072 [ERROR] LogOutputStream:75 - [STDERR_REDIRECT] [Fatal Error] :1:1: Premature end of file.
2026-01-19 18:18:56,073 [ERROR] LogOutputStream:75 - [STDERR_REDIRECT] 
2026-01-19 18:18:57,080 [ERROR] LogOutputStream:75 - [STDERR_REDIRECT] [Fatal Error] :1:1: Premature end of file.
2026-01-19 18:18:57,080 [ERROR] LogOutputStream:75 - [STDERR_REDIRECT] 
2026-01-19 18:18:58,068 [ERROR] LogOutputStream:75 - [STDERR_REDIRECT] [Fatal Error] :1:1: Premature end of file.
2026-01-19 18:18:58,068 [ERROR] LogOutputStream:75 - [STDERR_REDIRECT] 
2026-01-19 18:18:59,066 [ERROR] LogOutputStream:75 - [STDERR_REDIRECT] [Fatal Error] :1:1: Premature end of file.
2026-01-19 18:18:59,067 [ERROR] LogOutputStream:75 - [STDERR_REDIRECT] 
2026-01-19 18:19:00,066 [ERROR] LogOutputStream:75 - [STDERR_REDIRECT] [Fatal Error] :1:1: Premature end of file.
2026-01-19 18:19:00,066 [ERROR] LogOutputStream:75 - [STDERR_REDIRECT] 
2026-01-19 18:19:01,066 [ERROR] LogOutputStream:75 - [STDERR_REDIRECT] [Fatal Error] :1:1: Premature end of file.
2026-01-19 18:19:01,067 [ERROR] LogOutputStream:75 - [STDERR_REDIRECT] 
2026-01-19 18:19:02,066 [ERROR] LogOutputStream:75 - [STDERR_REDIRECT] [Fatal Error] :1:1: Premature end of file.
2026-01-19 18:19:02,067 [ERROR] LogOutputStream:75 - [STDERR_REDIRECT] 
2026-01-19 18:19:03,068 [ERROR] LogOutputStream:75 - [STDERR_REDIRECT] [Fatal Error] :1:1: Premature end of file.
2026-01-19 18:19:03,069 [ERROR] LogOutputStream:75 - [STDERR_REDIRECT] 
2026-01-19 18:19:04,132 [ERROR] LogOutputStream:75 - [STDERR_REDIRECT] [Fatal Error] :1:1: Premature end of file.
2026-01-19 18:19:04,132 [ERROR] LogOutputStream:75 - [STDERR_REDIRECT] 
2026-01-19 18:19:05,079 [ERROR] LogOutputStream:75 - [STDERR_REDIRECT] [Fatal Error] :1:1: Premature end of file.
2026-01-19 18:19:05,079 [ERROR] LogOutputStream:75 - [STDERR_REDIRECT] 
2026-01-19 18:19:06,074 [ERROR] LogOutputStream:75 - [STDERR_REDIRECT] [Fatal Error] :1:1: Premature end of file.
2026-01-19 18:19:06,075 [ERROR] LogOutputStream:75 - [STDERR_REDIRECT] 
2026-01-19 18:19:07,073 [ERROR] LogOutputStream:75 - [STDERR_REDIRECT] [Fatal Error] :1:1: Premature end of file.
2026-01-19 18:19:07,073 [ERROR] LogOutputStream:75 - [STDERR_REDIRECT] 
2026-01-19 18:19:08,065 [ERROR] LogOutputStream:75 - [STDERR_REDIRECT] [Fatal Error] :1:1: Premature end of file.
2026-01-19 18:19:08,066 [ERROR] LogOutputStream:75 - [STDERR_REDIRECT] 
2026-01-19 18:19:09,069 [ERROR] LogOutputStream:75 - [STDERR_REDIRECT] [Fatal Error] :1:1: Premature end of file.
2026-01-19 18:19:09,069 [ERROR] LogOutputStream:75 - [STDERR_REDIRECT] 
2026-01-19 18:19:10,078 [ERROR] LogOutputStream:75 - [STDERR_REDIRECT] [Fatal Error] :1:1: Premature end of file.
2026-01-19 18:19:10,079 [ERROR] LogOutputStream:75 - [STDERR_REDIRECT] 
2026-01-19 18:19:11,077 [ERROR] LogOutputStream:75 - [STDERR_REDIRECT] [Fatal Error] :1:1: Premature end of file.
2026-01-19 18:19:11,077 [ERROR] LogOutputStream:75 - [STDERR_REDIRECT] 
2026-01-19 18:19:12,066 [ERROR] LogOutputStream:75 - [STDERR_REDIRECT] [Fatal Error] :1:1: Premature end of file.
2026-01-19 18:19:12,066 [ERROR] LogOutputStream:75 - [STDERR_REDIRECT] 
2026-01-19 18:19:13,073 [ERROR] LogOutputStream:75 - [STDERR_REDIRECT] [Fatal Error] :1:1: Premature end of file.
2026-01-19 18:19:13,074 [ERROR] LogOutputStream:75 - [STDERR_REDIRECT] 
2026-01-19 18:19:14,067 [ERROR] LogOutputStream:75 - [STDERR_REDIRECT] [Fatal Error] :1:1: Premature end of file.
2026-01-19 18:19:14,068 [ERROR] LogOutputStream:75 - [STDERR_REDIRECT] 
2026-01-19 18:19:15,064 [ERROR] LogOutputStream:75 - [STDERR_REDIRECT] [Fatal Error] :1:1: Premature end of file.
2026-01-19 18:19:15,064 [ERROR] LogOutputStream:75 - [STDERR_REDIRECT] 
2026-01-19 18:19:16,067 [ERROR] LogOutputStream:75 - [STDERR_REDIRECT] [Fatal Error] :1:1: Premature end of file.
2026-01-19 18:19:16,068 [ERROR] LogOutputStream:75 - [STDERR_REDIRECT] 
2026-01-19 18:19:17,074 [ERROR] LogOutputStream:75 - [STDERR_REDIRECT] [Fatal Error] :1:1: Premature end of file.
2026-01-19 18:19:17,074 [ERROR] LogOutputStream:75 - [STDERR_REDIRECT] 
2026-01-19 18:19:18,067 [ERROR] LogOutputStream:75 - [STDERR_REDIRECT] [Fatal Error] :1:1: Premature end of file.
2026-01-19 18:19:18,067 [ERROR] LogOutputStream:75 - [STDERR_REDIRECT] 
2026-01-19 18:19:19,065 [ERROR] LogOutputStream:75 - [STDERR_REDIRECT] [Fatal Error] :1:1: Premature end of file.
2026-01-19 18:19:19,065 [ERROR] LogOutputStream:75 - [STDERR_REDIRECT] 
2026-01-19 18:19:20,075 [ERROR] LogOutputStream:75 - [STDERR_REDIRECT] [Fatal Error] :1:1: Premature end of file.
2026-01-19 18:19:20,075 [ERROR] LogOutputStream:75 - [STDERR_REDIRECT] 
2026-01-19 18:19:21,074 [ERROR] LogOutputStream:75 - [STDERR_REDIRECT] [Fatal Error] :1:1: Premature end of file.
2026-01-19 18:19:21,074 [ERROR] LogOutputStream:75 - [STDERR_REDIRECT] 
2026-01-19 18:19:22,067 [ERROR] LogOutputStream:75 - [STDERR_REDIRECT] [Fatal Error] :1:1: Premature end of file.
2026-01-19 18:19:22,068 [ERROR] LogOutputStream:75 - [STDERR_REDIRECT] 
2026-01-19 18:19:23,066 [ERROR] LogOutputStream:75 - [STDERR_REDIRECT] [Fatal Error] :1:1: Premature end of file.
2026-01-19 18:19:23,066 [ERROR] LogOutputStream:75 - [STDERR_REDIRECT] 
2026-01-19 18:19:24,070 [ERROR] LogOutputStream:75 - [STDERR_REDIRECT] [Fatal Error] :1:1: Premature end of file.
2026-01-19 18:19:24,071 [ERROR] LogOutputStream:75 - [STDERR_REDIRECT] 
2026-01-19 18:19:25,068 [ERROR] LogOutputStream:75 - [STDERR_REDIRECT] [Fatal Error] :1:1: Premature end of file.
2026-01-19 18:19:25,068 [ERROR] LogOutputStream:75 - [STDERR_REDIRECT] 
2026-01-19 18:19:26,068 [ERROR] LogOutputStream:75 - [STDERR_REDIRECT] [Fatal Error] :1:1: Premature end of file.
2026-01-19 18:19:26,068 [ERROR] LogOutputStream:75 - [STDERR_REDIRECT] 
2026-01-19 18:19:27,066 [ERROR] LogOutputStream:75 - [STDERR_REDIRECT] [Fatal Error] :1:1: Premature end of file.
2026-01-19 18:19:27,066 [ERROR] LogOutputStream:75 - [STDERR_REDIRECT] 
2026-01-19 18:19:28,067 [ERROR] LogOutputStream:75 - [STDERR_REDIRECT] [Fatal Error] :1:1: Premature end of file.
2026-01-19 18:19:28,067 [ERROR] LogOutputStream:75 - [STDERR_REDIRECT] 
2026-01-19 18:19:29,067 [ERROR] LogOutputStream:75 - [STDERR_REDIRECT] [Fatal Error] :1:1: Premature end of file.
2026-01-19 18:19:29,068 [ERROR] LogOutputStream:75 - [STDERR_REDIRECT] 
2026-01-19 18:19:30,069 [ERROR] LogOutputStream:75 - [STDERR_REDIRECT] [Fatal Error] :1:1: Premature end of file.
2026-01-19 18:19:30,069 [ERROR] LogOutputStream:75 - [STDERR_REDIRECT] 
2026-01-19 18:19:31,067 [ERROR] LogOutputStream:75 - [STDERR_REDIRECT] [Fatal Error] :1:1: Premature end of file.
2026-01-19 18:19:31,067 [ERROR] LogOutputStream:75 - [STDERR_REDIRECT] 
2026-01-19 18:19:32,070 [ERROR] LogOutputStream:75 - [STDERR_REDIRECT] [Fatal Error] :1:1: Premature end of file.
2026-01-19 18:19:32,070 [ERROR] LogOutputStream:75 - [STDERR_REDIRECT] 
2026-01-19 18:19:33,065 [ERROR] LogOutputStream:75 - [STDERR_REDIRECT] [Fatal Error] :1:1: Premature end of file.
2026-01-19 18:19:33,066 [ERROR] LogOutputStream:75 - [STDERR_REDIRECT] 
2026-01-19 18:19:34,068 [ERROR] LogOutputStream:75 - [STDERR_REDIRECT] [Fatal Error] :1:1: Premature end of file.
2026-01-19 18:19:34,068 [ERROR] LogOutputStream:75 - [STDERR_REDIRECT] 
2026-01-19 18:19:35,066 [ERROR] LogOutputStream:75 - [STDERR_REDIRECT] [Fatal Error] :1:1: Premature end of file.
2026-01-19 18:19:35,066 [ERROR] LogOutputStream:75 - [STDERR_REDIRECT] 
2026-01-19 18:19:36,069 [ERROR] LogOutputStream:75 - [STDERR_REDIRECT] [Fatal Error] :1:1: Premature end of file.
2026-01-19 18:19:36,070 [ERROR] LogOutputStream:75 - [STDERR_REDIRECT] 
2026-01-19 18:19:37,065 [ERROR] LogOutputStream:75 - [STDERR_REDIRECT] [Fatal Error] :1:1: Premature end of file.
2026-01-19 18:19:37,066 [ERROR] LogOutputStream:75 - [STDERR_REDIRECT] 
2026-01-19 18:19:38,067 [ERROR] LogOutputStream:75 - [STDERR_REDIRECT] [Fatal Error] :1:1: Premature end of file.
2026-01-19 18:19:38,067 [ERROR] LogOutputStream:75 - [STDERR_REDIRECT] 
2026-01-19 18:19:39,065 [ERROR] LogOutputStream:75 - [STDERR_REDIRECT] [Fatal Error] :1:1: Premature end of file.
2026-01-19 18:19:39,067 [ERROR] LogOutputStream:75 - [STDERR_REDIRECT] 
2026-01-19 18:19:40,067 [ERROR] LogOutputStream:75 - [STDERR_REDIRECT] [Fatal Error] :1:1: Premature end of file.
2026-01-19 18:19:40,067 [ERROR] LogOutputStream:75 - [STDERR_REDIRECT] 
2026-01-19 18:19:41,067 [ERROR] LogOutputStream:75 - [STDERR_REDIRECT] [Fatal Error] :1:1: Premature end of file.
2026-01-19 18:19:41,067 [ERROR] LogOutputStream:75 - [STDERR_REDIRECT] 
2026-01-19 18:19:42,066 [ERROR] LogOutputStream:75 - [STDERR_REDIRECT] [Fatal Error] :1:1: Premature end of file.
2026-01-19 18:19:42,066 [ERROR] LogOutputStream:75 - [STDERR_REDIRECT] 
2026-01-19 18:19:43,067 [ERROR] LogOutputStream:75 - [STDERR_REDIRECT] [Fatal Error] :1:1: Premature end of file.
2026-01-19 18:19:43,068 [ERROR] LogOutputStream:75 - [STDERR_REDIRECT] 
2026-01-19 18:19:44,067 [ERROR] LogOutputStream:75 - [STDERR_REDIRECT] [Fatal Error] :1:1: Premature end of file.
2026-01-19 18:19:44,068 [ERROR] LogOutputStream:75 - [STDERR_REDIRECT] 
2026-01-19 18:19:45,065 [ERROR] LogOutputStream:75 - [STDERR_REDIRECT] [Fatal Error] :1:1: Premature end of file.
2026-01-19 18:19:45,066 [ERROR] LogOutputStream:75 - [STDERR_REDIRECT] 
2026-01-19 18:19:46,067 [ERROR] LogOutputStream:75 - [STDERR_REDIRECT] [Fatal Error] :1:1: Premature end of file.
2026-01-19 18:19:46,067 [ERROR] LogOutputStream:75 - [STDERR_REDIRECT] 
2026-01-19 18:19:47,065 [ERROR] LogOutputStream:75 - [STDERR_REDIRECT] [Fatal Error] :1:1: Premature end of file.
2026-01-19 18:19:47,066 [ERROR] LogOutputStream:75 - [STDERR_REDIRECT] 
2026-01-19 18:19:48,066 [ERROR] LogOutputStream:75 - [STDERR_REDIRECT] [Fatal Error] :1:1: Premature end of file.
2026-01-19 18:19:48,066 [ERROR] LogOutputStream:75 - [STDERR_REDIRECT] 
2026-01-19 18:19:49,067 [ERROR] LogOutputStream:75 - [STDERR_REDIRECT] [Fatal Error] :1:1: Premature end of file.
2026-01-19 18:19:49,068 [ERROR] LogOutputStream:75 - [STDERR_REDIRECT] 
2026-01-19 18:19:50,067 [ERROR] LogOutputStream:75 - [STDERR_REDIRECT] [Fatal Error] :1:1: Premature end of file.
2026-01-19 18:19:50,068 [ERROR] LogOutputStream:75 - [STDERR_REDIRECT] 
2026-01-19 18:19:51,065 [ERROR] LogOutputStream:75 - [STDERR_REDIRECT] [Fatal Error] :1:1: Premature end of file.
2026-01-19 18:19:51,065 [ERROR] LogOutputStream:75 - [STDERR_REDIRECT] 
2026-01-19 18:19:52,065 [ERROR] LogOutputStream:75 - [STDERR_REDIRECT] [Fatal Error] :1:1: Premature end of file.
2026-01-19 18:19:52,066 [ERROR] LogOutputStream:75 - [STDERR_REDIRECT] 
2026-01-19 18:19:53,066 [ERROR] LogOutputStream:75 - [STDERR_REDIRECT] [Fatal Error] :1:1: Premature end of file.
2026-01-19 18:19:53,067 [ERROR] LogOutputStream:75 - [STDERR_REDIRECT] 
2026-01-19 18:19:54,065 [ERROR] LogOutputStream:75 - [STDERR_REDIRECT] [Fatal Error] :1:1: Premature end of file.
2026-01-19 18:19:54,065 [ERROR] LogOutputStream:75 - [STDERR_REDIRECT] 
2026-01-19 18:19:55,066 [ERROR] LogOutputStream:75 - [STDERR_REDIRECT] [Fatal Error] :1:1: Premature end of file.
2026-01-19 18:19:55,066 [ERROR] LogOutputStream:75 - [STDERR_REDIRECT] 
2026-01-19 18:19:56,067 [ERROR] LogOutputStream:75 - [STDERR_REDIRECT] [Fatal Error] :1:1: Premature end of file.
2026-01-19 18:19:56,067 [ERROR] LogOutputStream:75 - [STDERR_REDIRECT] 
2026-01-19 18:19:57,064 [ERROR] LogOutputStream:75 - [STDERR_REDIRECT] [Fatal Error] :1:1: Premature end of file.
2026-01-19 18:19:57,065 [ERROR] LogOutputStream:75 - [STDERR_REDIRECT] 
2026-01-19 18:19:58,066 [ERROR] LogOutputStream:75 - [STDERR_REDIRECT] [Fatal Error] :1:1: Premature end of file.
2026-01-19 18:19:58,066 [ERROR] LogOutputStream:75 - [STDERR_REDIRECT] 
2026-01-19 18:19:59,064 [ERROR] LogOutputStream:75 - [STDERR_REDIRECT] [Fatal Error] :1:1: Premature end of file.
2026-01-19 18:19:59,065 [ERROR] LogOutputStream:75 - [STDERR_REDIRECT] 
2026-01-19 18:20:00,069 [ERROR] LogOutputStream:75 - [STDERR_REDIRECT] [Fatal Error] :1:1: Premature end of file.
2026-01-19 18:20:00,070 [ERROR] LogOutputStream:75 - [STDERR_REDIRECT] 
2026-01-19 18:20:01,070 [ERROR] LogOutputStream:75 - [STDERR_REDIRECT] [Fatal Error] :1:1: Premature end of file.
2026-01-19 18:20:01,071 [ERROR] LogOutputStream:75 - [STDERR_REDIRECT] 
2026-01-19 18:20:02,075 [ERROR] LogOutputStream:75 - [STDERR_REDIRECT] [Fatal Error] :1:1: Premature end of file.
2026-01-19 18:20:02,075 [ERROR] LogOutputStream:75 - [STDERR_REDIRECT] 
2026-01-19 18:20:03,080 [ERROR] LogOutputStream:75 - [STDERR_REDIRECT] [Fatal Error] :1:1: Premature end of file.
2026-01-19 18:20:03,081 [ERROR] LogOutputStream:75 - [STDERR_REDIRECT] 
2026-01-19 18:20:04,067 [ERROR] LogOutputStream:75 - [STDERR_REDIRECT] [Fatal Error] :1:1: Premature end of file.
2026-01-19 18:20:04,068 [ERROR] LogOutputStream:75 - [STDERR_REDIRECT] 
2026-01-19 18:20:05,063 [ERROR] LogOutputStream:75 - [STDERR_REDIRECT] [Fatal Error] :1:1: Premature end of file.
2026-01-19 18:20:05,063 [ERROR] LogOutputStream:75 - [STDERR_REDIRECT] 
2026-01-19 18:20:06,066 [ERROR] LogOutputStream:75 - [STDERR_REDIRECT] [Fatal Error] :1:1: Premature end of file.
2026-01-19 18:20:06,067 [ERROR] LogOutputStream:75 - [STDERR_REDIRECT] 
2026-01-19 18:20:07,066 [ERROR] LogOutputStream:75 - [STDERR_REDIRECT] [Fatal Error] :1:1: Premature end of file.
2026-01-19 18:20:07,066 [ERROR] LogOutputStream:75 - [STDERR_REDIRECT] 
2026-01-19 18:20:08,067 [ERROR] LogOutputStream:75 - [STDERR_REDIRECT] [Fatal Error] :1:1: Premature end of file.
2026-01-19 18:20:08,067 [ERROR] LogOutputStream:75 - [STDERR_REDIRECT] 
2026-01-19 18:20:09,061 [ERROR] LogOutputStream:75 - [STDERR_REDIRECT] [Fatal Error] :1:1: Premature end of file.
2026-01-19 18:20:09,062 [ERROR] LogOutputStream:75 - [STDERR_REDIRECT] 
2026-01-19 18:20:10,064 [ERROR] LogOutputStream:75 - [STDERR_REDIRECT] [Fatal Error] :1:1: Premature end of file.
2026-01-19 18:20:10,064 [ERROR] LogOutputStream:75 - [STDERR_REDIRECT] 
2026-01-19 18:20:11,066 [ERROR] LogOutputStream:75 - [STDERR_REDIRECT] [Fatal Error] :1:1: Premature end of file.
2026-01-19 18:20:11,067 [ERROR] LogOutputStream:75 - [STDERR_REDIRECT] 
2026-01-19 18:20:12,063 [ERROR] LogOutputStream:75 - [STDERR_REDIRECT] [Fatal Error] :1:1: Premature end of file.
2026-01-19 18:20:12,065 [ERROR] LogOutputStream:75 - [STDERR_REDIRECT] 
2026-01-19 18:20:13,071 [ERROR] LogOutputStream:75 - [STDERR_REDIRECT] [Fatal Error] :1:1: Premature end of file.
2026-01-19 18:20:13,072 [ERROR] LogOutputStream:75 - [STDERR_REDIRECT] 
2026-01-19 18:20:14,070 [ERROR] LogOutputStream:75 - [STDERR_REDIRECT] [Fatal Error] :1:1: Premature end of file.
2026-01-19 18:20:14,071 [ERROR] LogOutputStream:75 - [STDERR_REDIRECT] 
2026-01-19 18:20:15,071 [ERROR] LogOutputStream:75 - [STDERR_REDIRECT] [Fatal Error] :1:1: Premature end of file.
2026-01-19 18:20:15,072 [ERROR] LogOutputStream:75 - [STDERR_REDIRECT] 
2026-01-19 18:20:16,069 [ERROR] LogOutputStream:75 - [STDERR_REDIRECT] [Fatal Error] :1:1: Premature end of file.
2026-01-19 18:20:16,069 [ERROR] LogOutputStream:75 - [STDERR_REDIRECT] 
2026-01-19 18:20:17,065 [ERROR] LogOutputStream:75 - [STDERR_REDIRECT] [Fatal Error] :1:1: Premature end of file.
2026-01-19 18:20:17,065 [ERROR] LogOutputStream:75 - [STDERR_REDIRECT] 
2026-01-19 18:20:18,065 [ERROR] LogOutputStream:75 - [STDERR_REDIRECT] [Fatal Error] :1:1: Premature end of file.
2026-01-19 18:20:18,066 [ERROR] LogOutputStream:75 - [STDERR_REDIRECT] 
2026-01-19 18:20:19,069 [ERROR] LogOutputStream:75 - [STDERR_REDIRECT] [Fatal Error] :1:1: Premature end of file.
2026-01-19 18:20:19,071 [ERROR] LogOutputStream:75 - [STDERR_REDIRECT] 
2026-01-19 18:20:20,077 [ERROR] LogOutputStream:75 - [STDERR_REDIRECT] [Fatal Error] :1:1: Premature end of file.
2026-01-19 18:20:20,077 [ERROR] LogOutputStream:75 - [STDERR_REDIRECT] 
2026-01-19 18:20:21,079 [ERROR] LogOutputStream:75 - [STDERR_REDIRECT] [Fatal Error] :1:1: Premature end of file.
2026-01-19 18:20:21,079 [ERROR] LogOutputStream:75 - [STDERR_REDIRECT] 
2026-01-19 18:20:22,073 [ERROR] LogOutputStream:75 - [STDERR_REDIRECT] [Fatal Error] :1:1: Premature end of file.
2026-01-19 18:20:22,075 [ERROR] LogOutputStream:75 - [STDERR_REDIRECT] 
2026-01-19 18:20:22,460 [ERROR] ConfigurationRetriever:142 - IOException on connection: sw-center.st.com
2026-01-19 18:20:22,461 [ERROR] ConfigurationRetriever:142 - IOException on connection: sw-center.st.com
2026-01-19 18:20:22,462 [ERROR] ConfigurationRetriever:142 - IOException on connection: sw-center.st.com
2026-01-19 18:20:23,100 [ERROR] LogOutputStream:75 - [STDERR_REDIRECT] [Fatal Error] :1:1: Premature end of file.
2026-01-19 18:20:23,101 [ERROR] LogOutputStream:75 - [STDERR_REDIRECT] 
2026-01-19 18:20:24,080 [ERROR] LogOutputStream:75 - [STDERR_REDIRECT] [Fatal Error] :1:1: Premature end of file.
2026-01-19 18:20:24,080 [ERROR] LogOutputStream:75 - [STDERR_REDIRECT] 
2026-01-19 18:20:24,086 [ERROR] LogOutputStream:75 - [STDERR_REDIRECT] Exception in thread "Serial Ports Filter" java.lang.NullPointerException: Cannot invoke "org.eclipse.core.resources.ResourcesPlugin.getLog()" because the return value of "org.eclipse.core.resources.ResourcesPlugin.getPlugin()" is null
2026-01-19 18:20:24,089 [ERROR] LogOutputStream:75 - [STDERR_REDIRECT] 	at com.st.stm32cube.common.logger.MCULoggerPlugin.log(MCULoggerPlugin.java:84)
2026-01-19 18:20:24,091 [ERROR] LogOutputStream:75 - [STDERR_REDIRECT] 	at com.st.stm32cube.common.logger.MCULoggerPlugin.logException(MCULoggerPlugin.java:116)
2026-01-19 18:20:24,094 [ERROR] LogOutputStream:75 - [STDERR_REDIRECT] 	at com.st.stm32cube.ide.mpu.remote.serial.internal.SerialPortProviderWindows.run(SerialPortProviderWindows.java:156)
2026-01-19 18:20:24,096 [ERROR] LogOutputStream:75 - [STDERR_REDIRECT] 	at java.base/java.util.TimerThread.mainLoop(Timer.java:566)
2026-01-19 18:20:24,097 [ERROR] LogOutputStream:75 - [STDERR_REDIRECT] 	at java.base/java.util.TimerThread.run(Timer.java:516)
2026-01-19 18:20:24,138 [ERROR] LogOutputStream:75 - [STDERR_REDIRECT] 
2026-01-19 18:20:56,109 [INFO] Activator:176 - 


2026-01-19 18:20:56,113 [INFO] Activator:177 - !SESSION log4j initialized
2026-01-19 18:21:00,768 [INFO] LogOutputStream:77 - [STDOUT_REDIRECT] 
2026-01-19 18:21:01,412 [ERROR] ConfigurationRetriever:142 - IOException on connection: sw-center.st.com
2026-01-19 18:21:01,413 [ERROR] ConfigurationRetriever:142 - IOException on connection: sw-center.st.com
2026-01-19 18:21:01,414 [ERROR] ConfigurationRetriever:142 - IOException on connection: sw-center.st.com
2026-01-19 18:21:04,643 [INFO] ApplicationProperties:184 - Using Application install path: C:\ST\STM32CubeIDE_1.19.0\STM32CubeIDE\plugins\com.st.stm32cube.common.mx_6.15.0.202507011659
2026-01-19 18:21:04,668 [INFO] DbMcusXml:78 - Set database path to: C:\ST\STM32CubeIDE_1.19.0\STM32CubeIDE\plugins\com.st.stm32cube.common.mx_6.15.0.202507011659\\db\/mcu/
2026-01-19 18:21:04,669 [INFO] ApiDb:274 - Set plugin database path to: C:\ST\STM32CubeIDE_1.19.0\STM32CubeIDE\plugins\com.st.stm32cube.common.mx_6.15.0.202507011659\\db\/plugins/boardmanager/
2026-01-19 18:21:04,670 [WARN] ApiDb:259 - Overriding images path with different value:  => C:\ST\STM32CubeIDE_1.19.0\STM32CubeIDE\plugins\com.st.stm32cube.common.mx_6.15.0.202507011659\\db\/plugins/mcufinder/images/
2026-01-19 18:21:04,679 [INFO] ApiDb:250 - Set database path to: C:\Users\megha\.stmcufinder\plugins\mcufinder//mcu/
2026-01-19 18:21:04,682 [INFO] DbMcusAds:125 - Set database path to: C:\Users\megha\.stmcufinder\plugins\mcufinder//mcu/
2026-01-19 18:21:04,686 [INFO] CrossReferenceDbSqlite:203 - Set database path to: C:\Users\megha\.stmcufinder\plugins\mcufinder//mcu/cs/
2026-01-19 18:21:04,886 [INFO] RulesReader:64 - Compatibility file has been processed (317 Rules)
2026-01-19 18:21:05,080 [INFO] DbMcusXml:78 - Set database path to: C:\ST\STM32CubeIDE_1.19.0\STM32CubeIDE\plugins\com.st.stm32cube.common.mx_6.15.0.202507011659\\db\/mcu/
2026-01-19 18:21:05,080 [INFO] ApiDb:274 - Set plugin database path to: C:\ST\STM32CubeIDE_1.19.0\STM32CubeIDE\plugins\com.st.stm32cube.common.mx_6.15.0.202507011659\\db\/plugins/boardmanager/
2026-01-19 18:21:05,080 [INFO] ApiDb:261 - Set plugin images path to: C:\ST\STM32CubeIDE_1.19.0\STM32CubeIDE\plugins\com.st.stm32cube.common.mx_6.15.0.202507011659\\db\/plugins/mcufinder/images/
2026-01-19 18:21:05,081 [WARN] DbFile:41 - Overriding database path with different value: C:\Users\megha\.stmcufinder\plugins\mcufinder/ => C:\Users\megha\.stmcufinder\plugins\mcufinder
2026-01-19 18:21:05,081 [INFO] ApiDb:250 - Set database path to: C:\Users\megha\.stmcufinder\plugins\mcufinder//mcu/
2026-01-19 18:21:05,081 [WARN] DbFile:41 - Overriding database path with different value: C:\Users\megha\.stmcufinder\plugins\mcufinder/ => C:\Users\megha\.stmcufinder\plugins\mcufinder
2026-01-19 18:21:05,081 [INFO] DbMcusAds:125 - Set database path to: C:\Users\megha\.stmcufinder\plugins\mcufinder//mcu/
2026-01-19 18:21:05,081 [WARN] DbFile:41 - Overriding database path with different value: C:\Users\megha\.stmcufinder\plugins\mcufinder/ => C:\Users\megha\.stmcufinder\plugins\mcufinder
2026-01-19 18:21:05,081 [WARN] DbFile:41 - Overriding database path with different value: C:\Users\megha\.stmcufinder\plugins\mcufinder/ => C:\Users\megha\.stmcufinder\plugins\mcufinder
2026-01-19 18:21:05,082 [INFO] CrossReferenceDbSqlite:203 - Set database path to: C:\Users\megha\.stmcufinder\plugins\mcufinder//mcu/cs/
2026-01-19 18:21:05,226 [INFO] MainPanel:274 - HeapMemory: 268435456
2026-01-19 18:21:05,398 [INFO] DbMcusXml:78 - Set database path to: C:\ST\STM32CubeIDE_1.19.0\STM32CubeIDE\plugins\com.st.stm32cube.common.mx_6.15.0.202507011659\\db\/mcu/
2026-01-19 18:21:05,398 [INFO] ApiDb:274 - Set plugin database path to: C:\ST\STM32CubeIDE_1.19.0\STM32CubeIDE\plugins\com.st.stm32cube.common.mx_6.15.0.202507011659\\db\/plugins/boardmanager/
2026-01-19 18:21:05,399 [INFO] ApiDb:261 - Set plugin images path to: C:\ST\STM32CubeIDE_1.19.0\STM32CubeIDE\plugins\com.st.stm32cube.common.mx_6.15.0.202507011659\\db\/plugins/mcufinder/images/
2026-01-19 18:21:05,399 [WARN] DbFile:41 - Overriding database path with different value: C:\Users\megha\.stmcufinder\plugins\mcufinder/ => C:\Users\megha\.stmcufinder\plugins\mcufinder
2026-01-19 18:21:05,400 [INFO] ApiDb:250 - Set database path to: C:\Users\megha\.stmcufinder\plugins\mcufinder//mcu/
2026-01-19 18:21:05,400 [WARN] DbFile:41 - Overriding database path with different value: C:\Users\megha\.stmcufinder\plugins\mcufinder/ => C:\Users\megha\.stmcufinder\plugins\mcufinder
2026-01-19 18:21:05,400 [INFO] DbMcusAds:125 - Set database path to: C:\Users\megha\.stmcufinder\plugins\mcufinder//mcu/
2026-01-19 18:21:05,400 [WARN] DbFile:41 - Overriding database path with different value: C:\Users\megha\.stmcufinder\plugins\mcufinder/ => C:\Users\megha\.stmcufinder\plugins\mcufinder
2026-01-19 18:21:05,400 [WARN] DbFile:41 - Overriding database path with different value: C:\Users\megha\.stmcufinder\plugins\mcufinder/ => C:\Users\megha\.stmcufinder\plugins\mcufinder
2026-01-19 18:21:05,401 [INFO] CrossReferenceDbSqlite:203 - Set database path to: C:\Users\megha\.stmcufinder\plugins\mcufinder//mcu/cs/
2026-01-19 18:21:05,440 [INFO] ApplicationProperties:184 - Using Application install path: C:\ST\STM32CubeIDE_1.19.0\STM32CubeIDE\plugins\com.st.stm32cube.common.mx_6.15.0.202507011659
2026-01-19 18:21:05,443 [INFO] PluginManage:196 - Search for loadable plugins [exclusion list=, ]
2026-01-19 18:21:05,446 [INFO] PluginManage:310 - Check plugin analytics
2026-01-19 18:21:05,831 [INFO] AnalyticsPlugin:253 - Accepted Software Licenses: 
2026-01-19 18:21:05,832 [INFO] AnalyticsPlugin:255 - Accepted CMSIS Pack Licenses: 
2026-01-19 18:21:05,832 [INFO] AnalyticsPlugin:257 - Accepted Firmware Licenses: FW.F4.1.28.0
2026-01-19 18:21:05,838 [INFO] PluginManage:359 - Loaded plugin analytics (category:tool,tabindex:-1)
2026-01-19 18:21:05,838 [ERROR] ConfigurationRetriever:142 - IOException on connection: sw-center.st.com
2026-01-19 18:21:05,838 [INFO] PluginManage:310 - Check plugin cadmodel
2026-01-19 18:21:05,840 [ERROR] ConfigurationRetriever:142 - IOException on connection: sw-center.st.com
2026-01-19 18:21:05,841 [ERROR] ConfigurationRetriever:142 - IOException on connection: sw-center.st.com
2026-01-19 18:21:05,847 [INFO] CADModel:105 - Init CAD model plugin
2026-01-19 18:21:05,847 [INFO] PluginManage:359 - Loaded plugin cadmodel (category:power,tabindex:5)
2026-01-19 18:21:05,847 [INFO] PluginManage:310 - Check plugin clock
2026-01-19 18:21:05,862 [INFO] PluginManage:359 - Loaded plugin clock (category:base,tabindex:2)
2026-01-19 18:21:05,863 [INFO] PluginManage:310 - Check plugin ddr
2026-01-19 18:21:05,870 [INFO] PluginManage:359 - Loaded plugin ddr (category:tool,tabindex:6)
2026-01-19 18:21:05,872 [INFO] PluginManage:310 - Check plugin filemanager
2026-01-19 18:21:06,120 [INFO] PluginManage:359 - Loaded plugin filemanager (category:base,tabindex:10)
2026-01-19 18:21:06,120 [INFO] PluginManage:310 - Check plugin ipmanager
2026-01-19 18:21:06,132 [INFO] PluginManage:359 - Loaded plugin ipmanager (category:base,tabindex:5)
2026-01-19 18:21:06,132 [INFO] PluginManage:310 - Check plugin lpbam
2026-01-19 18:21:06,144 [INFO] PluginManage:359 - Loaded plugin lpbam (category:base,tabindex:0)
2026-01-19 18:21:06,145 [INFO] PluginManage:310 - Check plugin memorymap
2026-01-19 18:21:06,163 [INFO] PluginManage:359 - Loaded plugin memorymap (category:base,tabindex:4)
2026-01-19 18:21:06,163 [INFO] PluginManage:310 - Check plugin pinoutandconfiguration
2026-01-19 18:21:06,177 [INFO] PluginManage:359 - Loaded plugin pinoutandconfiguration (category:base,tabindex:1)
2026-01-19 18:21:06,177 [INFO] PluginManage:310 - Check plugin pinoutconfig
2026-01-19 18:21:06,360 [WARN] SupportedApi:132 - Cannot load RTOS API schema: s4s-elt-must-match.1: The content of 'definitions' must match (annotation?, (simpleType | complexType)?, (unique | key | keyref)*)). A problem was found starting at: attribute.
2026-01-19 18:21:06,621 [INFO] PluginManage:359 - Loaded plugin pinoutconfig (category:base,tabindex:0)
2026-01-19 18:21:06,621 [INFO] PluginManage:310 - Check plugin power
2026-01-19 18:21:06,636 [INFO] PluginManage:359 - Loaded plugin power (category:power,tabindex:4)
2026-01-19 18:21:06,636 [INFO] PluginManage:310 - Check plugin projectmanager
2026-01-19 18:21:06,670 [INFO] PluginManage:359 - Loaded plugin projectmanager (category:projectmanager,tabindex:4)
2026-01-19 18:21:06,671 [INFO] PluginManage:310 - Check plugin rif
2026-01-19 18:21:06,688 [INFO] PluginManage:359 - Loaded plugin rif (category:base,tabindex:3)
2026-01-19 18:21:06,688 [INFO] PluginManage:310 - Check plugin thirdparty
2026-01-19 18:21:06,928 [INFO] PluginManage:359 - Loaded plugin thirdparty (category:base,tabindex:-1)
2026-01-19 18:21:06,928 [WARN] IntegrityCheckThread:84 - waiting for thirdparty lock release [integrity check]
2026-01-19 18:21:06,929 [INFO] PluginManage:310 - Check plugin tools
2026-01-19 18:21:06,929 [INFO] IntegrityCheckThread:86 - entering critical section [integrity check]
2026-01-19 18:21:06,930 [INFO] ThirdPartyUpdaterWithRetryManager:70 - Updater plugin not ready yet. [1/15]
2026-01-19 18:21:06,935 [INFO] PluginManage:359 - Loaded plugin tools (category:base,tabindex:7)
2026-01-19 18:21:06,935 [INFO] PluginManage:310 - Check plugin tutovideos
2026-01-19 18:21:07,301 [INFO] PluginManage:359 - Loaded plugin tutovideos (category:base,tabindex:-1)
2026-01-19 18:21:07,301 [INFO] PluginManage:310 - Check plugin updater
2026-01-19 18:21:07,354 [INFO] PluginManage:359 - Loaded plugin updater (category:base,tabindex:12)
2026-01-19 18:21:07,354 [INFO] PluginManage:310 - Check plugin userauth
2026-01-19 18:21:07,362 [INFO] UserAuth:118 - Init User Auth plugin
2026-01-19 18:21:07,363 [INFO] PluginManage:359 - Loaded plugin userauth (category:base,tabindex:14)
2026-01-19 18:21:07,364 [INFO] PluginManage:283 - PluginManage : Loaded plugins [18]
2026-01-19 18:21:07,730 [INFO] PinOutPanel:1589 - setPackage(No Configuration,No Configuration)
2026-01-19 18:21:07,893 [INFO] CADModel:165 - CPN selected for project level
2026-01-19 18:21:07,894 [INFO] CADModel:114 - Register for checkConnection events
2026-01-19 18:21:07,920 [INFO] IPUIPlugin:80 - create IPUIPlugin
2026-01-19 18:21:07,920 [INFO] PluginManager:220 - loadIPPluginJar : add adc
2026-01-19 18:21:07,925 [INFO] IPUIPlugin:80 - create IPUIPlugin
2026-01-19 18:21:07,925 [INFO] PluginManager:220 - loadIPPluginJar : add aes
2026-01-19 18:21:07,929 [INFO] IPUIPlugin:80 - create IPUIPlugin
2026-01-19 18:21:07,930 [INFO] PluginManager:220 - loadIPPluginJar : add can
2026-01-19 18:21:07,932 [INFO] IPUIPlugin:80 - create IPUIPlugin
2026-01-19 18:21:07,932 [INFO] PluginManager:220 - loadIPPluginJar : add comp
2026-01-19 18:21:07,935 [INFO] IPUIPlugin:80 - create IPUIPlugin
2026-01-19 18:21:07,935 [INFO] PluginManager:220 - loadIPPluginJar : add cryp
2026-01-19 18:21:07,939 [INFO] IPUIPlugin:80 - create IPUIPlugin
2026-01-19 18:21:07,939 [INFO] PluginManager:220 - loadIPPluginJar : add ddr_ctrl_phy
2026-01-19 18:21:07,944 [INFO] IPUIPlugin:80 - create IPUIPlugin
2026-01-19 18:21:07,944 [INFO] PluginManager:220 - loadIPPluginJar : add dfsdm
2026-01-19 18:21:07,951 [INFO] IPUIPlugin:80 - create IPUIPlugin
2026-01-19 18:21:07,953 [INFO] PluginManager:220 - loadIPPluginJar : add dma
2026-01-19 18:21:07,957 [INFO] IPUIPlugin:80 - create IPUIPlugin
2026-01-19 18:21:07,957 [INFO] PluginManager:220 - loadIPPluginJar : add dma3
2026-01-19 18:21:07,960 [INFO] IPUIPlugin:80 - create IPUIPlugin
2026-01-19 18:21:07,961 [INFO] PluginManager:220 - loadIPPluginJar : add extmemmanager
2026-01-19 18:21:07,963 [INFO] IPUIPlugin:80 - create IPUIPlugin
2026-01-19 18:21:07,963 [INFO] PluginManager:220 - loadIPPluginJar : add fatfs
2026-01-19 18:21:07,970 [INFO] IPUIPlugin:80 - create IPUIPlugin
2026-01-19 18:21:07,970 [INFO] PluginManager:220 - loadIPPluginJar : add fmc
2026-01-19 18:21:07,978 [INFO] IPUIPlugin:80 - create IPUIPlugin
2026-01-19 18:21:07,978 [INFO] PluginManager:220 - loadIPPluginJar : add freertos
2026-01-19 18:21:07,981 [INFO] IPUIPlugin:80 - create IPUIPlugin
2026-01-19 18:21:07,981 [INFO] PluginManager:220 - loadIPPluginJar : add genericplugin
2026-01-19 18:21:07,984 [INFO] IPUIPlugin:80 - create IPUIPlugin
2026-01-19 18:21:07,984 [INFO] PluginManager:220 - loadIPPluginJar : add gfxmmu
2026-01-19 18:21:07,991 [INFO] IPUIPlugin:80 - create IPUIPlugin
2026-01-19 18:21:07,991 [INFO] PluginManager:220 - loadIPPluginJar : add gic
2026-01-19 18:21:07,996 [INFO] IPUIPlugin:80 - create IPUIPlugin
2026-01-19 18:21:07,996 [INFO] PluginManager:220 - loadIPPluginJar : add gpio
2026-01-19 18:21:08,000 [INFO] IPUIPlugin:80 - create IPUIPlugin
2026-01-19 18:21:08,001 [INFO] PluginManager:220 - loadIPPluginJar : add gtzc
2026-01-19 18:21:08,004 [INFO] IPUIPlugin:80 - create IPUIPlugin
2026-01-19 18:21:08,004 [INFO] PluginManager:220 - loadIPPluginJar : add hash
2026-01-19 18:21:08,008 [INFO] IPUIPlugin:80 - create IPUIPlugin
2026-01-19 18:21:08,008 [INFO] PluginManager:220 - loadIPPluginJar : add i2c
2026-01-19 18:21:08,012 [INFO] IPUIPlugin:80 - create IPUIPlugin
2026-01-19 18:21:08,013 [INFO] PluginManager:220 - loadIPPluginJar : add i2s
2026-01-19 18:21:08,018 [INFO] IPUIPlugin:80 - create IPUIPlugin
2026-01-19 18:21:08,018 [INFO] PluginManager:220 - loadIPPluginJar : add i3c
2026-01-19 18:21:08,023 [INFO] IPUIPlugin:80 - create IPUIPlugin
2026-01-19 18:21:08,023 [INFO] PluginManager:220 - loadIPPluginJar : add ipddr
2026-01-19 18:21:08,033 [INFO] IPUIPlugin:80 - create IPUIPlugin
2026-01-19 18:21:08,033 [INFO] PluginManager:220 - loadIPPluginJar : add linkedlist
2026-01-19 18:21:08,037 [INFO] IPUIPlugin:80 - create IPUIPlugin
2026-01-19 18:21:08,038 [INFO] PluginManager:220 - loadIPPluginJar : add lorawan
2026-01-19 18:21:08,040 [INFO] IPUIPlugin:80 - create IPUIPlugin
2026-01-19 18:21:08,040 [INFO] PluginManager:220 - loadIPPluginJar : add ltdc
2026-01-19 18:21:08,051 [INFO] IPUIPlugin:80 - create IPUIPlugin
2026-01-19 18:21:08,052 [INFO] PluginManager:220 - loadIPPluginJar : add mdma
2026-01-19 18:21:08,058 [INFO] IPUIPlugin:80 - create IPUIPlugin
2026-01-19 18:21:08,059 [INFO] PluginManager:220 - loadIPPluginJar : add nvic
2026-01-19 18:21:08,065 [INFO] IPUIPlugin:80 - create IPUIPlugin
2026-01-19 18:21:08,065 [INFO] PluginManager:220 - loadIPPluginJar : add opamp
2026-01-19 18:21:08,071 [INFO] IPUIPlugin:80 - create IPUIPlugin
2026-01-19 18:21:08,071 [INFO] PluginManager:220 - loadIPPluginJar : add openamp
2026-01-19 18:21:08,075 [INFO] IPUIPlugin:80 - create IPUIPlugin
2026-01-19 18:21:08,075 [INFO] PluginManager:220 - loadIPPluginJar : add pdm2pcm
2026-01-19 18:21:08,085 [INFO] IPUIPlugin:80 - create IPUIPlugin
2026-01-19 18:21:08,090 [INFO] PluginManager:220 - loadIPPluginJar : add plateformsettings
2026-01-19 18:21:08,093 [INFO] IPUIPlugin:80 - create IPUIPlugin
2026-01-19 18:21:08,094 [INFO] PluginManager:220 - loadIPPluginJar : add quadspi
2026-01-19 18:21:08,097 [INFO] IPUIPlugin:80 - create IPUIPlugin
2026-01-19 18:21:08,098 [INFO] PluginManager:220 - loadIPPluginJar : add radio
2026-01-19 18:21:08,104 [INFO] IPUIPlugin:80 - create IPUIPlugin
2026-01-19 18:21:08,104 [INFO] PluginManager:220 - loadIPPluginJar : add resmgrutility
2026-01-19 18:21:08,112 [INFO] IPUIPlugin:80 - create IPUIPlugin
2026-01-19 18:21:08,112 [INFO] PluginManager:220 - loadIPPluginJar : add sai
2026-01-19 18:21:08,117 [INFO] IPUIPlugin:80 - create IPUIPlugin
2026-01-19 18:21:08,117 [INFO] PluginManager:220 - loadIPPluginJar : add spi
2026-01-19 18:21:08,129 [INFO] IPUIPlugin:80 - create IPUIPlugin
2026-01-19 18:21:08,129 [INFO] PluginManager:220 - loadIPPluginJar : add stm32_wpan
2026-01-19 18:21:08,134 [INFO] IPUIPlugin:80 - create IPUIPlugin
2026-01-19 18:21:08,134 [INFO] PluginManager:220 - loadIPPluginJar : add tim
2026-01-19 18:21:08,140 [INFO] IPUIPlugin:80 - create IPUIPlugin
2026-01-19 18:21:08,140 [INFO] PluginManager:220 - loadIPPluginJar : add touchsensing
2026-01-19 18:21:08,145 [INFO] IPUIPlugin:80 - create IPUIPlugin
2026-01-19 18:21:08,145 [INFO] PluginManager:220 - loadIPPluginJar : add tracer_emb
2026-01-19 18:21:08,149 [INFO] IPUIPlugin:80 - create IPUIPlugin
2026-01-19 18:21:08,149 [INFO] PluginManager:220 - loadIPPluginJar : add ts
2026-01-19 18:21:08,152 [INFO] IPUIPlugin:80 - create IPUIPlugin
2026-01-19 18:21:08,152 [INFO] PluginManager:220 - loadIPPluginJar : add tsc
2026-01-19 18:21:08,156 [INFO] IPUIPlugin:80 - create IPUIPlugin
2026-01-19 18:21:08,156 [INFO] PluginManager:220 - loadIPPluginJar : add ucpd
2026-01-19 18:21:08,162 [INFO] IPUIPlugin:80 - create IPUIPlugin
2026-01-19 18:21:08,162 [INFO] PluginManager:220 - loadIPPluginJar : add usart
2026-01-19 18:21:08,169 [INFO] IPUIPlugin:80 - create IPUIPlugin
2026-01-19 18:21:08,169 [INFO] PluginManager:220 - loadIPPluginJar : add usbx
2026-01-19 18:21:08,377 [FATAL] Updater:351 - Updater called before beeing initialized
2026-01-19 18:21:08,441 [INFO] RulesReader:64 - Compatibility file has been processed (317 Rules)
2026-01-19 18:21:08,465 [INFO] RulesReader:64 - Compatibility file has been processed (317 Rules)
2026-01-19 18:21:08,478 [INFO] CADModel:165 - CPN selected for project level
2026-01-19 18:21:08,478 [INFO] CADModel:114 - Register for checkConnection events
2026-01-19 18:21:08,478 [FATAL] Updater:351 - Updater called before beeing initialized
2026-01-19 18:21:08,478 [ERROR] CADModel:125 - Updater not yet initialized, retry later 
2026-01-19 18:21:08,769 [FATAL] Updater:351 - Updater called before beeing initialized
2026-01-19 18:21:08,772 [INFO] CADModel:165 - CPN selected for project level
2026-01-19 18:21:08,772 [INFO] CADModel:114 - Register for checkConnection events
2026-01-19 18:21:08,772 [FATAL] Updater:351 - Updater called before beeing initialized
2026-01-19 18:21:08,772 [ERROR] CADModel:125 - Updater not yet initialized, retry later 
2026-01-19 18:21:08,778 [FATAL] Updater:351 - Updater called before beeing initialized
2026-01-19 18:21:08,969 [FATAL] Updater:351 - Updater called before beeing initialized
2026-01-19 18:21:08,977 [INFO] DbMcusAds:53 - JSON generation date=Thu Jan 08 21:26:32 IST 2026 (1767887792457)
2026-01-19 18:21:08,977 [FATAL] Updater:351 - Updater called before beeing initialized
2026-01-19 18:21:09,039 [WARN] DetailPanel:346 - Failed to get advertising image, set to default
2026-01-19 18:21:09,229 [FATAL] Updater:351 - Updater called before beeing initialized
2026-01-19 18:21:09,232 [FATAL] Updater:351 - Updater called before beeing initialized
2026-01-19 18:21:09,233 [FATAL] Updater:351 - Updater called before beeing initialized
2026-01-19 18:21:09,233 [WARN] DetailPanel:346 - Failed to get advertising image, set to default
2026-01-19 18:21:09,234 [FATAL] Updater:351 - Updater called before beeing initialized
2026-01-19 18:21:09,331 [ERROR] Updater:1198 - MainUpdater not yet initialized. External WinMGr cannot be set.
2026-01-19 18:21:09,334 [INFO] Updater:1134 - Updater Version found : 6.15.0
2026-01-19 18:21:09,360 [INFO] ApplicationProperties:184 - Using Application install path: C:\ST\STM32CubeIDE_1.19.0\STM32CubeIDE\plugins\com.st.stm32cube.common.mx_6.15.0.202507011659
2026-01-19 18:21:09,930 [INFO] ThirdPartyUpdaterWithRetryManager:70 - Updater plugin not ready yet. [2/15]
2026-01-19 18:21:10,946 [ERROR] LogOutputStream:75 - [STDERR_REDIRECT] Jan 19, 2026 6:21:10 PM java.util.prefs.WindowsPreferences <init>
2026-01-19 18:21:10,948 [ERROR] LogOutputStream:75 - [STDERR_REDIRECT] WARNING: Could not open/create prefs root node Software\JavaSoft\Prefs at root 0xffffffff80000002. Windows RegCreateKeyEx(...) returned error code 5.
2026-01-19 18:21:10,949 [ERROR] LogOutputStream:75 - [STDERR_REDIRECT] 
2026-01-19 18:21:11,354 [INFO] MainUpdater:2872 - connection check result : 22
2026-01-19 18:21:11,358 [INFO] MainUpdater:289 - Updater Check For Update Now.
2026-01-19 18:21:11,358 [INFO] MicroXplorer:498 - Change Database Version : DB.6.0.150
2026-01-19 18:21:11,382 [INFO] McuFinderGlobals:63 - Set McuFinder mode to 2 (CubeIDE integrated)
2026-01-19 18:21:11,384 [INFO] UserAuth:487 - Internet connection configuration mode: 2
2026-01-19 18:21:11,397 [INFO] UserAuth:487 - Internet connection configuration mode: 2
2026-01-19 18:21:11,659 [ERROR] LogOutputStream:75 - [STDERR_REDIRECT] [Fatal Error] :1:1: Premature end of file.
2026-01-19 18:21:11,660 [ERROR] LogOutputStream:75 - [STDERR_REDIRECT] 
2026-01-19 18:21:11,700 [INFO] CheckServerUpdateThread:120 - End of CheckServer Thread
2026-01-19 18:21:12,590 [ERROR] LogOutputStream:75 - [STDERR_REDIRECT] [Fatal Error] :1:1: Premature end of file.
2026-01-19 18:21:12,590 [ERROR] LogOutputStream:75 - [STDERR_REDIRECT] 
2026-01-19 18:21:13,406 [WARN] PackLoader:240 - Cannot read IP mode file for STMicroelectronics.FP-SNS-MOTENVWB1.1.4.0
2026-01-19 18:21:13,439 [WARN] PackLoader:240 - Cannot read IP mode file for STMicroelectronics.FP-ATR-ASTRA1.2.0.2
2026-01-19 18:21:13,467 [WARN] PackLoader:240 - Cannot read IP mode file for STMicroelectronics.X-CUBE-SMBUS.2.1.0
2026-01-19 18:21:13,549 [WARN] PackLoader:240 - Cannot read IP mode file for STMicroelectronics.X-CUBE-AZRTOS-F7.1.1.0
2026-01-19 18:21:13,571 [WARN] PackLoader:240 - Cannot read IP mode file for STMicroelectronics.FP-SNS-MOTENV1.5.1.0
2026-01-19 18:21:13,595 [WARN] PackLoader:240 - Cannot read IP mode file for WES.I-CUBE-Cesium.1.4.0
2026-01-19 18:21:13,617 [ERROR] LogOutputStream:75 - [STDERR_REDIRECT] [Fatal Error] :1:1: Premature end of file.
2026-01-19 18:21:13,617 [ERROR] LogOutputStream:75 - [STDERR_REDIRECT] 
2026-01-19 18:21:13,649 [WARN] PackLoader:240 - Cannot read IP mode file for STMicroelectronics.X-CUBE-AZRTOS-H7.3.4.0
2026-01-19 18:21:13,668 [WARN] PackLoader:240 - Cannot read IP mode file for STMicroelectronics.X-CUBE-DISPLAY.3.0.0
2026-01-19 18:21:13,691 [WARN] PackLoader:240 - Cannot read IP mode file for STMicroelectronics.X-CUBE-NFC10.1.0.0
2026-01-19 18:21:13,702 [WARN] PackLoader:240 - Cannot read IP mode file for STMicroelectronics.X-CUBE-ST60.1.1.0
2026-01-19 18:21:13,715 [WARN] PackLoader:240 - Cannot read IP mode file for emotas.I-CUBE-CANOPEN.1.3.0
2026-01-19 18:21:13,727 [WARN] PackLoader:240 - Cannot read IP mode file for STMicroelectronics.X-CUBE-GNSS1.7.1.0
2026-01-19 18:21:13,743 [WARN] PackLoader:240 - Cannot read IP mode file for STMicroelectronics.FP-SNS-STBOX1.2.1.0
2026-01-19 18:21:13,753 [WARN] PackLoader:240 - Cannot read IP mode file for STMicroelectronics.FP-SNS-SMARTAG2.1.2.0
2026-01-19 18:21:13,759 [WARN] PackLoader:240 - Cannot read IP mode file for STMicroelectronics.FP-SNS-FLIGHT1.5.1.0
2026-01-19 18:21:13,772 [INFO] LogOutputStream:77 - [STDOUT_REDIRECT] 1 : Invalid condition id : UX_CORESTACK_Condition cause : null
2026-01-19 18:21:13,773 [INFO] LogOutputStream:77 - [STDOUT_REDIRECT] 1 : Invalid condition id : UX_CORESTACK_Condition cause : null
2026-01-19 18:21:13,775 [INFO] LogOutputStream:77 - [STDOUT_REDIRECT] 1 : Invalid condition id : UX_CORESTACK_Condition cause : null
2026-01-19 18:21:13,778 [INFO] LogOutputStream:77 - [STDOUT_REDIRECT] 1 : Invalid condition id : UX_CORESTACK_Condition cause : null
2026-01-19 18:21:13,779 [INFO] LogOutputStream:77 - [STDOUT_REDIRECT] 1 : Invalid condition id : UX_CORESTACK_Condition cause : null
2026-01-19 18:21:13,784 [WARN] PackLoader:240 - Cannot read IP mode file for STMicroelectronics.X-CUBE-AZRTOS-WL.2.0.0
2026-01-19 18:21:13,813 [WARN] PackLoader:240 - Cannot read IP mode file for STMicroelectronics.X-CUBE-AZRTOS-H7RS.1.2.0
2026-01-19 18:21:13,827 [WARN] PackLoader:240 - Cannot read IP mode file for STMicroelectronics.X-CUBE-BLE2.3.3.0
2026-01-19 18:21:13,884 [WARN] PackLoader:240 - Cannot read IP mode file for Infineon.AIROC-Wi-Fi-Bluetooth-STM32.1.8.0
2026-01-19 18:21:13,900 [WARN] PackLoader:240 - Cannot read IP mode file for STMicroelectronics.X-CUBE-NFC9.1.0.0
2026-01-19 18:21:13,910 [WARN] PackLoader:240 - Cannot read IP mode file for STMicroelectronics.X-CUBE-BLE1.7.1.0
2026-01-19 18:21:13,918 [WARN] PackLoader:240 - Cannot read IP mode file for wolfSSL.I-CUBE-wolfMQTT.1.19.2
2026-01-19 18:21:13,926 [WARN] PackLoader:240 - Cannot read IP mode file for STMicroelectronics.X-CUBE-FREERTOS.1.4.0
2026-01-19 18:21:13,933 [WARN] PackLoader:240 - Cannot read IP mode file for STMicroelectronics.X-CUBE-EEPRMA1.5.2.0
2026-01-19 18:21:13,941 [WARN] PackLoader:240 - Cannot read IP mode file for wolfSSL.I-CUBE-wolfSSL.5.8.4
2026-01-19 18:21:13,948 [WARN] PackLoader:240 - Cannot read IP mode file for Cesanta.I-CUBE-Mongoose.7.20.0
2026-01-19 18:21:13,956 [WARN] PackLoader:240 - Cannot read IP mode file for STMicroelectronics.X-CUBE-ST67W61.1.1.0
2026-01-19 18:21:14,036 [WARN] PackLoader:240 - Cannot read IP mode file for STMicroelectronics.X-CUBE-MEMS1.12.0.0
2026-01-19 18:21:14,171 [WARN] PackLoader:240 - Cannot read IP mode file for STMicroelectronics.X-CUBE-AZRTOS-G0.1.1.0
2026-01-19 18:21:14,182 [WARN] PackLoader:240 - Cannot read IP mode file for STMicroelectronics.X-CUBE-NFC4.3.0.0
2026-01-19 18:21:14,195 [WARN] PackLoader:240 - Cannot read IP mode file for EmbeddedOffice.I-CUBE-FS-RTOS.1.0.1
2026-01-19 18:21:14,203 [WARN] PackLoader:240 - Cannot read IP mode file for STMicroelectronics.X-CUBE-WB05N.2.0.0
2026-01-19 18:21:14,209 [WARN] PackLoader:240 - Cannot read IP mode file for wolfSSL.I-CUBE-wolfTPM.3.8.0
2026-01-19 18:21:14,216 [WARN] PackLoader:240 - Cannot read IP mode file for STMicroelectronics.X-CUBE-TCPP.4.2.0
2026-01-19 18:21:14,225 [WARN] PackLoader:240 - Cannot read IP mode file for RealThread.X-CUBE-RT-Thread_Nano.4.1.1
2026-01-19 18:21:14,231 [WARN] PackLoader:240 - Cannot read IP mode file for STMicroelectronics.FP-ATR-SIGFOX1.3.2.0
2026-01-19 18:21:14,240 [WARN] PackLoader:240 - Cannot read IP mode file for ITTIA_DB.I-CUBE-ITTIADB.8.9.0
2026-01-19 18:21:14,247 [WARN] PackLoader:240 - Cannot read IP mode file for STMicroelectronics.X-CUBE-AI.10.2.0
2026-01-19 18:21:14,282 [WARN] PackLoader:240 - Cannot read IP mode file for SEGGER.I-CUBE-embOS.1.3.1
2026-01-19 18:21:14,336 [WARN] PackLoader:240 - Cannot read IP mode file for STMicroelectronics.X-CUBE-ALGOBUILD.1.4.0
2026-01-19 18:21:14,344 [WARN] PackLoader:240 - Cannot read IP mode file for STMicroelectronics.X-CUBE-PM33A1.1.0.0
2026-01-19 18:21:14,382 [WARN] PackLoader:240 - Cannot read IP mode file for STMicroelectronics.X-CUBE-AZRTOS-F4.1.1.0
2026-01-19 18:21:14,398 [WARN] PackLoader:240 - Cannot read IP mode file for STMicroelectronics.X-CUBE-ISPU.2.1.0
2026-01-19 18:21:14,423 [WARN] PackLoader:240 - Cannot read IP mode file for STMicroelectronics.X-CUBE-IPS.3.2.0
2026-01-19 18:21:14,477 [WARN] PackLoader:240 - Cannot read IP mode file for STMicroelectronics.X-CUBE-NFC12.1.0.0
2026-01-19 18:21:14,510 [WARN] PackLoader:240 - Cannot read IP mode file for STMicroelectronics.X-CUBE-AZRTOS-L5.2.0.0
2026-01-19 18:21:14,523 [WARN] PackLoader:240 - Cannot read IP mode file for STMicroelectronics.X-CUBE-NFC6.3.1.0
2026-01-19 18:21:14,534 [WARN] PackLoader:240 - Cannot read IP mode file for STMicroelectronics.X-CUBE-TOUCHGFX.4.26.0
2026-01-19 18:21:14,544 [WARN] PackLoader:240 - Cannot read IP mode file for STMicroelectronics.FP-SNS-STAIOTCFT.1.0.0
2026-01-19 18:21:14,552 [WARN] PackLoader:240 - Cannot read IP mode file for STMicroelectronics.X-CUBE-DPower.1.3.0
2026-01-19 18:21:14,572 [WARN] ConditionMgr:438 - getConditionDescription Invalid condition id : LAN8742 Phy interface Condition cause : null
2026-01-19 18:21:14,572 [WARN] PackLoader:240 - Cannot read IP mode file for STMicroelectronics.X-CUBE-AZRTOS-L4.2.0.0
2026-01-19 18:21:14,573 [WARN] ConditionMgr:1044 - genDependencies : Invalid condition id : LAN8742 Phy interface Condition cause : null
2026-01-19 18:21:14,573 [WARN] ConditionMgr:1044 - genDependencies : Invalid condition id : LAN8742 Phy interface Condition cause : null
2026-01-19 18:21:14,574 [WARN] ConditionMgr:1044 - genDependencies : Invalid condition id : LAN8742 Phy interface Condition cause : null
2026-01-19 18:21:14,583 [WARN] PackLoader:240 - Cannot read IP mode file for STMicroelectronics.X-CUBE-SFXS2LP1.4.0.0
2026-01-19 18:21:14,590 [WARN] PackLoader:240 - Cannot read IP mode file for STMicroelectronics.X-CUBE-ST67W61.1.2.0
2026-01-19 18:21:14,596 [ERROR] LogOutputStream:75 - [STDERR_REDIRECT] [Fatal Error] :1:1: Premature end of file.
2026-01-19 18:21:14,598 [ERROR] LogOutputStream:75 - [STDERR_REDIRECT] 
2026-01-19 18:21:14,604 [WARN] PackLoader:240 - Cannot read IP mode file for STMicroelectronics.X-CUBE-BLEMGR.4.1.0
2026-01-19 18:21:14,621 [WARN] ConditionMgr:438 - getConditionDescription Invalid condition id : UX DEVICE CLASS RTOS Condition cause : null
2026-01-19 18:21:14,621 [WARN] ConditionMgr:438 - getConditionDescription Invalid condition id : UX DEVICE CLASS RTOS Condition cause : null
2026-01-19 18:21:14,624 [WARN] PackLoader:240 - Cannot read IP mode file for STMicroelectronics.X-CUBE-AZRTOS-WB.2.0.0
2026-01-19 18:21:14,625 [WARN] ConditionMgr:1044 - genDependencies : Invalid condition id : UX DEVICE CLASS RTOS Condition cause : null
2026-01-19 18:21:14,625 [WARN] ConditionMgr:1044 - genDependencies : Invalid condition id : UX DEVICE CLASS RTOS Condition cause : null
2026-01-19 18:21:14,625 [WARN] ConditionMgr:1044 - genDependencies : Invalid condition id : UX DEVICE CLASS RTOS Condition cause : null
2026-01-19 18:21:14,626 [WARN] ConditionMgr:1044 - genDependencies : Invalid condition id : UX DEVICE CLASS RTOS Condition cause : null
2026-01-19 18:21:14,626 [WARN] ConditionMgr:1044 - genDependencies : Invalid condition id : UX DEVICE CLASS RTOS Condition cause : null
2026-01-19 18:21:14,633 [WARN] ConditionMgr:438 - getConditionDescription Invalid condition id : Cortex-A Device cause : null
2026-01-19 18:21:14,644 [WARN] ConditionMgr:1044 - genDependencies : Invalid condition id : Cortex-A Device cause : null
2026-01-19 18:21:14,644 [WARN] ConditionMgr:1044 - genDependencies : Invalid condition id : Cortex-A Device cause : null
2026-01-19 18:21:14,644 [WARN] ConditionMgr:1044 - genDependencies : Invalid condition id : Cortex-A Device cause : null
2026-01-19 18:21:14,656 [WARN] PackLoader:240 - Cannot read IP mode file for STMicroelectronics.X-CUBE-SUBG2.5.0.0
2026-01-19 18:21:14,676 [WARN] PackLoader:240 - Cannot read IP mode file for STMicroelectronics.X-CUBE-AZRTOS-G4.2.0.0
2026-01-19 18:21:14,685 [WARN] PackLoader:240 - Cannot read IP mode file for wolfSSL.I-CUBE-wolfSSH.1.4.20
2026-01-19 18:21:14,691 [WARN] PackLoader:240 - Cannot read IP mode file for STMicroelectronics.X-CUBE-NFC7.2.0.0
2026-01-19 18:21:14,697 [WARN] PackLoader:240 - Cannot read IP mode file for STMicroelectronics.X-CUBE-ALS.1.0.2
2026-01-19 18:21:14,707 [WARN] PackLoader:240 - Cannot read IP mode file for STMicroelectronics.X-CUBE-STSE01.1.0.0
2026-01-19 18:21:14,721 [WARN] PackLoader:240 - Cannot read IP mode file for STMicroelectronics.X-CUBE-TOF1.3.4.3
2026-01-19 18:21:14,732 [INFO] ThirdParty:978 - Integrity check success = true
2026-01-19 18:21:14,732 [INFO] IntegrityCheckThread:100 - exiting critical section [integrity check]
2026-01-19 18:21:14,732 [INFO] IntegrityCheckThread:103 - End integrity checks thread
2026-01-19 18:21:15,594 [ERROR] LogOutputStream:75 - [STDERR_REDIRECT] [Fatal Error] :1:1: Premature end of file.
2026-01-19 18:21:15,594 [ERROR] LogOutputStream:75 - [STDERR_REDIRECT] 
2026-01-19 18:21:16,589 [ERROR] LogOutputStream:75 - [STDERR_REDIRECT] [Fatal Error] :1:1: Premature end of file.
2026-01-19 18:21:16,590 [ERROR] LogOutputStream:75 - [STDERR_REDIRECT] 
2026-01-19 18:21:17,584 [ERROR] LogOutputStream:75 - [STDERR_REDIRECT] [Fatal Error] :1:1: Premature end of file.
2026-01-19 18:21:17,584 [ERROR] LogOutputStream:75 - [STDERR_REDIRECT] 
2026-01-19 18:21:18,590 [ERROR] LogOutputStream:75 - [STDERR_REDIRECT] [Fatal Error] :1:1: Premature end of file.
2026-01-19 18:21:18,590 [ERROR] LogOutputStream:75 - [STDERR_REDIRECT] 
2026-01-19 18:21:19,584 [ERROR] LogOutputStream:75 - [STDERR_REDIRECT] [Fatal Error] :1:1: Premature end of file.
2026-01-19 18:21:19,584 [ERROR] LogOutputStream:75 - [STDERR_REDIRECT] 
2026-01-19 18:21:20,583 [ERROR] LogOutputStream:75 - [STDERR_REDIRECT] [Fatal Error] :1:1: Premature end of file.
2026-01-19 18:21:20,584 [ERROR] LogOutputStream:75 - [STDERR_REDIRECT] 
2026-01-19 18:21:21,585 [ERROR] LogOutputStream:75 - [STDERR_REDIRECT] [Fatal Error] :1:1: Premature end of file.
2026-01-19 18:21:21,585 [ERROR] LogOutputStream:75 - [STDERR_REDIRECT] 
2026-01-19 18:21:22,582 [ERROR] LogOutputStream:75 - [STDERR_REDIRECT] [Fatal Error] :1:1: Premature end of file.
2026-01-19 18:21:22,583 [ERROR] LogOutputStream:75 - [STDERR_REDIRECT] 
2026-01-19 18:21:23,585 [ERROR] LogOutputStream:75 - [STDERR_REDIRECT] [Fatal Error] :1:1: Premature end of file.
2026-01-19 18:21:23,586 [ERROR] LogOutputStream:75 - [STDERR_REDIRECT] 
2026-01-19 18:21:24,586 [ERROR] LogOutputStream:75 - [STDERR_REDIRECT] [Fatal Error] :1:1: Premature end of file.
2026-01-19 18:21:24,587 [ERROR] LogOutputStream:75 - [STDERR_REDIRECT] 
2026-01-19 18:21:25,583 [ERROR] LogOutputStream:75 - [STDERR_REDIRECT] [Fatal Error] :1:1: Premature end of file.
2026-01-19 18:21:25,583 [ERROR] LogOutputStream:75 - [STDERR_REDIRECT] 
2026-01-19 18:21:26,582 [ERROR] LogOutputStream:75 - [STDERR_REDIRECT] [Fatal Error] :1:1: Premature end of file.
2026-01-19 18:21:26,582 [ERROR] LogOutputStream:75 - [STDERR_REDIRECT] 
2026-01-19 18:21:27,583 [ERROR] LogOutputStream:75 - [STDERR_REDIRECT] [Fatal Error] :1:1: Premature end of file.
2026-01-19 18:21:27,584 [ERROR] LogOutputStream:75 - [STDERR_REDIRECT] 
2026-01-19 18:21:28,582 [ERROR] LogOutputStream:75 - [STDERR_REDIRECT] [Fatal Error] :1:1: Premature end of file.
2026-01-19 18:21:28,583 [ERROR] LogOutputStream:75 - [STDERR_REDIRECT] 
2026-01-19 18:21:29,596 [ERROR] LogOutputStream:75 - [STDERR_REDIRECT] [Fatal Error] :1:1: Premature end of file.
2026-01-19 18:21:29,597 [ERROR] LogOutputStream:75 - [STDERR_REDIRECT] 
2026-01-19 18:21:30,583 [ERROR] LogOutputStream:75 - [STDERR_REDIRECT] [Fatal Error] :1:1: Premature end of file.
2026-01-19 18:21:30,583 [ERROR] LogOutputStream:75 - [STDERR_REDIRECT] 
2026-01-19 18:21:31,583 [ERROR] LogOutputStream:75 - [STDERR_REDIRECT] [Fatal Error] :1:1: Premature end of file.
2026-01-19 18:21:31,583 [ERROR] LogOutputStream:75 - [STDERR_REDIRECT] 
2026-01-19 18:21:32,605 [ERROR] LogOutputStream:75 - [STDERR_REDIRECT] [Fatal Error] :1:1: Premature end of file.
2026-01-19 18:21:32,605 [ERROR] LogOutputStream:75 - [STDERR_REDIRECT] 
2026-01-19 18:21:33,605 [ERROR] LogOutputStream:75 - [STDERR_REDIRECT] [Fatal Error] :1:1: Premature end of file.
2026-01-19 18:21:33,605 [ERROR] LogOutputStream:75 - [STDERR_REDIRECT] 
2026-01-19 18:21:34,586 [ERROR] LogOutputStream:75 - [STDERR_REDIRECT] [Fatal Error] :1:1: Premature end of file.
2026-01-19 18:21:34,586 [ERROR] LogOutputStream:75 - [STDERR_REDIRECT] 
2026-01-19 18:21:35,583 [ERROR] LogOutputStream:75 - [STDERR_REDIRECT] [Fatal Error] :1:1: Premature end of file.
2026-01-19 18:21:35,583 [ERROR] LogOutputStream:75 - [STDERR_REDIRECT] 
2026-01-19 18:21:36,583 [ERROR] LogOutputStream:75 - [STDERR_REDIRECT] [Fatal Error] :1:1: Premature end of file.
2026-01-19 18:21:36,584 [ERROR] LogOutputStream:75 - [STDERR_REDIRECT] 
2026-01-19 18:21:37,581 [ERROR] LogOutputStream:75 - [STDERR_REDIRECT] [Fatal Error] :1:1: Premature end of file.
2026-01-19 18:21:37,582 [ERROR] LogOutputStream:75 - [STDERR_REDIRECT] 
2026-01-19 18:21:38,582 [ERROR] LogOutputStream:75 - [STDERR_REDIRECT] [Fatal Error] :1:1: Premature end of file.
2026-01-19 18:21:38,582 [ERROR] LogOutputStream:75 - [STDERR_REDIRECT] 
2026-01-19 18:21:39,584 [ERROR] LogOutputStream:75 - [STDERR_REDIRECT] [Fatal Error] :1:1: Premature end of file.
2026-01-19 18:21:39,584 [ERROR] LogOutputStream:75 - [STDERR_REDIRECT] 
2026-01-19 18:21:40,583 [ERROR] LogOutputStream:75 - [STDERR_REDIRECT] [Fatal Error] :1:1: Premature end of file.
2026-01-19 18:21:40,585 [ERROR] LogOutputStream:75 - [STDERR_REDIRECT] 
2026-01-19 18:21:41,583 [ERROR] LogOutputStream:75 - [STDERR_REDIRECT] [Fatal Error] :1:1: Premature end of file.
2026-01-19 18:21:41,583 [ERROR] LogOutputStream:75 - [STDERR_REDIRECT] 
2026-01-19 18:21:42,582 [ERROR] LogOutputStream:75 - [STDERR_REDIRECT] [Fatal Error] :1:1: Premature end of file.
2026-01-19 18:21:42,582 [ERROR] LogOutputStream:75 - [STDERR_REDIRECT] 
2026-01-19 18:21:43,584 [ERROR] LogOutputStream:75 - [STDERR_REDIRECT] [Fatal Error] :1:1: Premature end of file.
2026-01-19 18:21:43,584 [ERROR] LogOutputStream:75 - [STDERR_REDIRECT] 
2026-01-19 18:21:44,584 [ERROR] LogOutputStream:75 - [STDERR_REDIRECT] [Fatal Error] :1:1: Premature end of file.
2026-01-19 18:21:44,585 [ERROR] LogOutputStream:75 - [STDERR_REDIRECT] 
2026-01-19 18:21:45,583 [ERROR] LogOutputStream:75 - [STDERR_REDIRECT] [Fatal Error] :1:1: Premature end of file.
2026-01-19 18:21:45,583 [ERROR] LogOutputStream:75 - [STDERR_REDIRECT] 
2026-01-19 18:21:46,584 [ERROR] LogOutputStream:75 - [STDERR_REDIRECT] [Fatal Error] :1:1: Premature end of file.
2026-01-19 18:21:46,584 [ERROR] LogOutputStream:75 - [STDERR_REDIRECT] 
2026-01-19 18:21:47,583 [ERROR] LogOutputStream:75 - [STDERR_REDIRECT] [Fatal Error] :1:1: Premature end of file.
2026-01-19 18:21:47,583 [ERROR] LogOutputStream:75 - [STDERR_REDIRECT] 
2026-01-19 18:21:48,583 [ERROR] LogOutputStream:75 - [STDERR_REDIRECT] [Fatal Error] :1:1: Premature end of file.
2026-01-19 18:21:48,583 [ERROR] LogOutputStream:75 - [STDERR_REDIRECT] 
2026-01-19 18:21:49,584 [ERROR] LogOutputStream:75 - [STDERR_REDIRECT] [Fatal Error] :1:1: Premature end of file.
2026-01-19 18:21:49,584 [ERROR] LogOutputStream:75 - [STDERR_REDIRECT] 
2026-01-19 18:21:50,583 [ERROR] LogOutputStream:75 - [STDERR_REDIRECT] [Fatal Error] :1:1: Premature end of file.
2026-01-19 18:21:50,584 [ERROR] LogOutputStream:75 - [STDERR_REDIRECT] 
2026-01-19 18:21:51,581 [ERROR] LogOutputStream:75 - [STDERR_REDIRECT] [Fatal Error] :1:1: Premature end of file.
2026-01-19 18:21:51,581 [ERROR] LogOutputStream:75 - [STDERR_REDIRECT] 
2026-01-19 18:21:52,587 [ERROR] LogOutputStream:75 - [STDERR_REDIRECT] [Fatal Error] :1:1: Premature end of file.
2026-01-19 18:21:52,587 [ERROR] LogOutputStream:75 - [STDERR_REDIRECT] 
2026-01-19 18:21:53,584 [ERROR] LogOutputStream:75 - [STDERR_REDIRECT] [Fatal Error] :1:1: Premature end of file.
2026-01-19 18:21:53,584 [ERROR] LogOutputStream:75 - [STDERR_REDIRECT] 
2026-01-19 18:21:54,579 [ERROR] LogOutputStream:75 - [STDERR_REDIRECT] [Fatal Error] :1:1: Premature end of file.
2026-01-19 18:21:54,581 [ERROR] LogOutputStream:75 - [STDERR_REDIRECT] 
2026-01-19 18:21:55,597 [ERROR] LogOutputStream:75 - [STDERR_REDIRECT] [Fatal Error] :1:1: Premature end of file.
2026-01-19 18:21:55,598 [ERROR] LogOutputStream:75 - [STDERR_REDIRECT] 
2026-01-19 18:21:56,613 [ERROR] LogOutputStream:75 - [STDERR_REDIRECT] [Fatal Error] :1:1: Premature end of file.
2026-01-19 18:21:56,614 [ERROR] LogOutputStream:75 - [STDERR_REDIRECT] 
2026-01-19 18:21:57,590 [ERROR] LogOutputStream:75 - [STDERR_REDIRECT] [Fatal Error] :1:1: Premature end of file.
2026-01-19 18:21:57,592 [ERROR] LogOutputStream:75 - [STDERR_REDIRECT] 
2026-01-19 18:21:58,603 [ERROR] LogOutputStream:75 - [STDERR_REDIRECT] [Fatal Error] :1:1: Premature end of file.
2026-01-19 18:21:58,603 [ERROR] LogOutputStream:75 - [STDERR_REDIRECT] 
2026-01-19 18:21:59,592 [ERROR] LogOutputStream:75 - [STDERR_REDIRECT] [Fatal Error] :1:1: Premature end of file.
2026-01-19 18:21:59,593 [ERROR] LogOutputStream:75 - [STDERR_REDIRECT] 
2026-01-19 18:22:00,617 [ERROR] LogOutputStream:75 - [STDERR_REDIRECT] [Fatal Error] :1:1: Premature end of file.
2026-01-19 18:22:00,618 [ERROR] LogOutputStream:75 - [STDERR_REDIRECT] 
2026-01-19 18:22:01,593 [ERROR] LogOutputStream:75 - [STDERR_REDIRECT] [Fatal Error] :1:1: Premature end of file.
2026-01-19 18:22:01,593 [ERROR] LogOutputStream:75 - [STDERR_REDIRECT] 
2026-01-19 18:22:02,595 [ERROR] LogOutputStream:75 - [STDERR_REDIRECT] [Fatal Error] :1:1: Premature end of file.
2026-01-19 18:22:02,596 [ERROR] LogOutputStream:75 - [STDERR_REDIRECT] 
2026-01-19 18:22:03,678 [ERROR] LogOutputStream:75 - [STDERR_REDIRECT] [Fatal Error] :1:1: Premature end of file.
2026-01-19 18:22:03,679 [ERROR] LogOutputStream:75 - [STDERR_REDIRECT] 
2026-01-19 18:22:04,593 [ERROR] LogOutputStream:75 - [STDERR_REDIRECT] [Fatal Error] :1:1: Premature end of file.
2026-01-19 18:22:04,594 [ERROR] LogOutputStream:75 - [STDERR_REDIRECT] 
2026-01-19 18:22:05,618 [ERROR] LogOutputStream:75 - [STDERR_REDIRECT] [Fatal Error] :1:1: Premature end of file.
2026-01-19 18:22:05,618 [ERROR] LogOutputStream:75 - [STDERR_REDIRECT] 
2026-01-19 18:22:06,586 [ERROR] LogOutputStream:75 - [STDERR_REDIRECT] [Fatal Error] :1:1: Premature end of file.
2026-01-19 18:22:06,587 [ERROR] LogOutputStream:75 - [STDERR_REDIRECT] 
2026-01-19 18:22:07,586 [ERROR] LogOutputStream:75 - [STDERR_REDIRECT] [Fatal Error] :1:1: Premature end of file.
2026-01-19 18:22:07,586 [ERROR] LogOutputStream:75 - [STDERR_REDIRECT] 
2026-01-19 18:22:08,591 [ERROR] LogOutputStream:75 - [STDERR_REDIRECT] [Fatal Error] :1:1: Premature end of file.
2026-01-19 18:22:08,591 [ERROR] LogOutputStream:75 - [STDERR_REDIRECT] 
2026-01-19 18:22:09,587 [ERROR] LogOutputStream:75 - [STDERR_REDIRECT] [Fatal Error] :1:1: Premature end of file.
2026-01-19 18:22:09,588 [ERROR] LogOutputStream:75 - [STDERR_REDIRECT] 
2026-01-19 18:22:09,972 [INFO] McuFinderGlobals:63 - Set McuFinder mode to 2 (CubeIDE integrated)
2026-01-19 18:22:09,986 [INFO] MainUpdater:2872 - connection check result : 22
2026-01-19 18:22:10,588 [ERROR] LogOutputStream:75 - [STDERR_REDIRECT] [Fatal Error] :1:1: Premature end of file.
2026-01-19 18:22:10,589 [ERROR] LogOutputStream:75 - [STDERR_REDIRECT] 
2026-01-19 18:22:11,583 [ERROR] LogOutputStream:75 - [STDERR_REDIRECT] [Fatal Error] :1:1: Premature end of file.
2026-01-19 18:22:11,583 [ERROR] LogOutputStream:75 - [STDERR_REDIRECT] 
2026-01-19 18:22:12,583 [ERROR] LogOutputStream:75 - [STDERR_REDIRECT] [Fatal Error] :1:1: Premature end of file.
2026-01-19 18:22:12,583 [ERROR] LogOutputStream:75 - [STDERR_REDIRECT] 
2026-01-19 18:22:13,583 [ERROR] LogOutputStream:75 - [STDERR_REDIRECT] [Fatal Error] :1:1: Premature end of file.
2026-01-19 18:22:13,583 [ERROR] LogOutputStream:75 - [STDERR_REDIRECT] 
2026-01-19 18:22:14,581 [ERROR] LogOutputStream:75 - [STDERR_REDIRECT] [Fatal Error] :1:1: Premature end of file.
2026-01-19 18:22:14,582 [ERROR] LogOutputStream:75 - [STDERR_REDIRECT] 
2026-01-19 18:22:15,583 [ERROR] LogOutputStream:75 - [STDERR_REDIRECT] [Fatal Error] :1:1: Premature end of file.
2026-01-19 18:22:15,584 [ERROR] LogOutputStream:75 - [STDERR_REDIRECT] 
2026-01-19 18:22:16,584 [ERROR] LogOutputStream:75 - [STDERR_REDIRECT] [Fatal Error] :1:1: Premature end of file.
2026-01-19 18:22:16,584 [ERROR] LogOutputStream:75 - [STDERR_REDIRECT] 
2026-01-19 18:22:17,601 [ERROR] LogOutputStream:75 - [STDERR_REDIRECT] [Fatal Error] :1:1: Premature end of file.
2026-01-19 18:22:17,603 [ERROR] LogOutputStream:75 - [STDERR_REDIRECT] 
2026-01-19 18:22:18,594 [ERROR] LogOutputStream:75 - [STDERR_REDIRECT] [Fatal Error] :1:1: Premature end of file.
2026-01-19 18:22:18,596 [ERROR] LogOutputStream:75 - [STDERR_REDIRECT] 
2026-01-19 18:22:19,591 [ERROR] LogOutputStream:75 - [STDERR_REDIRECT] [Fatal Error] :1:1: Premature end of file.
2026-01-19 18:22:19,591 [ERROR] LogOutputStream:75 - [STDERR_REDIRECT] 
2026-01-19 18:22:20,593 [ERROR] LogOutputStream:75 - [STDERR_REDIRECT] [Fatal Error] :1:1: Premature end of file.
2026-01-19 18:22:20,593 [ERROR] LogOutputStream:75 - [STDERR_REDIRECT] 
2026-01-19 18:22:21,609 [ERROR] LogOutputStream:75 - [STDERR_REDIRECT] [Fatal Error] :1:1: Premature end of file.
2026-01-19 18:22:21,609 [ERROR] LogOutputStream:75 - [STDERR_REDIRECT] 
2026-01-19 18:22:22,609 [ERROR] LogOutputStream:75 - [STDERR_REDIRECT] [Fatal Error] :1:1: Premature end of file.
2026-01-19 18:22:22,610 [ERROR] LogOutputStream:75 - [STDERR_REDIRECT] 
2026-01-19 18:22:23,585 [ERROR] LogOutputStream:75 - [STDERR_REDIRECT] [Fatal Error] :1:1: Premature end of file.
2026-01-19 18:22:23,585 [ERROR] LogOutputStream:75 - [STDERR_REDIRECT] 
2026-01-19 18:22:24,584 [ERROR] LogOutputStream:75 - [STDERR_REDIRECT] [Fatal Error] :1:1: Premature end of file.
2026-01-19 18:22:24,584 [ERROR] LogOutputStream:75 - [STDERR_REDIRECT] 
2026-01-19 18:22:25,584 [ERROR] LogOutputStream:75 - [STDERR_REDIRECT] [Fatal Error] :1:1: Premature end of file.
2026-01-19 18:22:25,584 [ERROR] LogOutputStream:75 - [STDERR_REDIRECT] 
2026-01-19 18:22:26,895 [ERROR] LogOutputStream:75 - [STDERR_REDIRECT] [Fatal Error] :1:1: Premature end of file.
2026-01-19 18:22:26,896 [ERROR] LogOutputStream:75 - [STDERR_REDIRECT] 
2026-01-19 18:22:27,785 [ERROR] LogOutputStream:75 - [STDERR_REDIRECT] [Fatal Error] :1:1: Premature end of file.
2026-01-19 18:22:27,785 [ERROR] LogOutputStream:75 - [STDERR_REDIRECT] 
2026-01-19 18:22:28,604 [ERROR] LogOutputStream:75 - [STDERR_REDIRECT] [Fatal Error] :1:1: Premature end of file.
2026-01-19 18:22:28,604 [ERROR] LogOutputStream:75 - [STDERR_REDIRECT] 
2026-01-19 18:22:29,590 [ERROR] LogOutputStream:75 - [STDERR_REDIRECT] [Fatal Error] :1:1: Premature end of file.
2026-01-19 18:22:29,590 [ERROR] LogOutputStream:75 - [STDERR_REDIRECT] 
2026-01-19 18:22:30,597 [ERROR] LogOutputStream:75 - [STDERR_REDIRECT] [Fatal Error] :1:1: Premature end of file.
2026-01-19 18:22:30,598 [ERROR] LogOutputStream:75 - [STDERR_REDIRECT] 
2026-01-19 18:22:31,588 [ERROR] LogOutputStream:75 - [STDERR_REDIRECT] [Fatal Error] :1:1: Premature end of file.
2026-01-19 18:22:31,590 [ERROR] LogOutputStream:75 - [STDERR_REDIRECT] 
2026-01-19 18:22:32,586 [ERROR] LogOutputStream:75 - [STDERR_REDIRECT] [Fatal Error] :1:1: Premature end of file.
2026-01-19 18:22:32,586 [ERROR] LogOutputStream:75 - [STDERR_REDIRECT] 
2026-01-19 18:22:33,654 [ERROR] LogOutputStream:75 - [STDERR_REDIRECT] [Fatal Error] :1:1: Premature end of file.
2026-01-19 18:22:33,654 [ERROR] LogOutputStream:75 - [STDERR_REDIRECT] 
2026-01-19 18:22:34,122 [INFO] ApiDb:581 - Connected to CubeFinder SQLite database (C:\Users\megha\.stmcufinder\plugins\mcufinder\mcu\cube-finder-db.db)
2026-01-19 18:22:34,417 [INFO] ApiDb:668 - CubeFinder database Data Model version=2.1
2026-01-19 18:22:34,417 [INFO] ApiDb:669 - CubeFinder database Configuration version=3.0.39
2026-01-19 18:22:34,418 [INFO] ApiDb:670 - CubeFinder database generation date=2025-12-22 (1766407740)
2026-01-19 18:22:34,418 [INFO] ApiDb:671 - CubeFinder database FW Pack versions=[FP-ATR-ASTRA1_V2.0.0, FP-SNS-FLIGHT1_V5.1.0, FP-SNS-MOTENV1_V5.1.0, FP-SNS-MOTENVWB1_V1.4.0, FP-SNS-SMARTAG2_V1.2.0, FP-SNS-STBOX1_V2.1.0, STM32Cube_FW_C0_V1.4.0, STM32Cube_FW_F4_V1.28.3, STM32Cube_FW_F7_V1.17.4, STM32Cube_FW_G0_V1.6.2, STM32Cube_FW_G4_V1.6.1, STM32Cube_FW_H5_V1.5.1, STM32Cube_FW_H7RS_V1.3.0, STM32Cube_FW_H7_V1.12.1, STM32Cube_FW_L0_V1.12.2, STM32Cube_FW_L4_V1.18.1, STM32Cube_FW_L5_V1.6.0, STM32Cube_FW_N6_V1.3.0, STM32Cube_FW_U0_V1.3.0, STM32Cube_FW_U3_V1.2.1, STM32Cube_FW_U5_V1.8.0, STM32Cube_FW_WB0_V1.4.0, STM32Cube_FW_WBA_V1.8.0, STM32Cube_FW_WB_V1.24.0, STM32Cube_FW_WL3_V1.3.0, STM32Cube_FW_WL_V1.4.0, X-CUBE-ALGOBUILD_V1.4.0, X-CUBE-ALS_V1.0.2, X-CUBE-AZRTOS-F4_V1.1.0, X-CUBE-AZRTOS-F7_V1.1.0, X-CUBE-AZRTOS-G0_V1.1.0, X-CUBE-AZRTOS-G4_V2.0.0, X-CUBE-AZRTOS-H7RS_V1.1.0, X-CUBE-AZRTOS-H7_V3.4.0, X-CUBE-AZRTOS-L4_V2.0.0, X-CUBE-AZRTOS-L5_V2.0.0, X-CUBE-AZRTOS-WB_V2.0.0, X-CUBE-AZRTOS-WL_V2.0.0, X-CUBE-BLE1_V7.1.0, X-CUBE-BLE2_V3.3.0, X-CUBE-BLEMGR_V4.1.0, X-CUBE-EEPRMA1_V5.2.0, X-CUBE-FREERTOS_V1.3.1, X-CUBE-GNSS1_V6.0.0, X-CUBE-MEMS1_V12.0.0, X-CUBE-NFC4_V3.0.0, X-CUBE-NFC7_V2.0.0, X-CUBE-SFXS2LP1_V4.0.0, X-CUBE-ST67W61_V1.1.0, X-CUBE-SUBG2_V5.0.0, X-CUBE-TOF1_V3.4.3]
2026-01-19 18:22:34,614 [ERROR] LogOutputStream:75 - [STDERR_REDIRECT] [Fatal Error] :1:1: Premature end of file.
2026-01-19 18:22:34,614 [ERROR] LogOutputStream:75 - [STDERR_REDIRECT] 
2026-01-19 18:22:35,597 [ERROR] LogOutputStream:75 - [STDERR_REDIRECT] [Fatal Error] :1:1: Premature end of file.
2026-01-19 18:22:35,597 [ERROR] LogOutputStream:75 - [STDERR_REDIRECT] 
2026-01-19 18:22:36,588 [ERROR] LogOutputStream:75 - [STDERR_REDIRECT] [Fatal Error] :1:1: Premature end of file.
2026-01-19 18:22:36,589 [ERROR] LogOutputStream:75 - [STDERR_REDIRECT] 
2026-01-19 18:22:37,594 [ERROR] LogOutputStream:75 - [STDERR_REDIRECT] [Fatal Error] :1:1: Premature end of file.
2026-01-19 18:22:37,594 [ERROR] LogOutputStream:75 - [STDERR_REDIRECT] 
2026-01-19 18:22:38,590 [ERROR] LogOutputStream:75 - [STDERR_REDIRECT] [Fatal Error] :1:1: Premature end of file.
2026-01-19 18:22:38,591 [ERROR] LogOutputStream:75 - [STDERR_REDIRECT] 
2026-01-19 18:22:39,579 [ERROR] LogOutputStream:75 - [STDERR_REDIRECT] [Fatal Error] :1:1: Premature end of file.
2026-01-19 18:22:39,579 [ERROR] LogOutputStream:75 - [STDERR_REDIRECT] 
2026-01-19 18:22:40,588 [ERROR] LogOutputStream:75 - [STDERR_REDIRECT] [Fatal Error] :1:1: Premature end of file.
2026-01-19 18:22:40,588 [ERROR] LogOutputStream:75 - [STDERR_REDIRECT] 
2026-01-19 18:22:41,266 [INFO] ApiDb:240 - Found 880 in-development CPN: [B-G473E-ZEST1S, B-WB1M-WPAN1, B-WBA5M-WPAN, B-WL5M-SUBG1, NUCLEO-C031C6, NUCLEO-C051C8, NUCLEO-C071RB, NUCLEO-C092RC, NUCLEO-H503RB, NUCLEO-H533RE, NUCLEO-H563ZI, NUCLEO-H7S3L8, NUCLEO-N657X0-Q, NUCLEO-U031R8, NUCLEO-U083RC, NUCLEO-U385RG-Q, NUCLEO-U545RE-Q, NUCLEO-U5A5ZJ-Q, NUCLEO-WB05KZ, NUCLEO-WB07CC, NUCLEO-WB09KE, NUCLEO-WBA52CG, NUCLEO-WBA55CG, NUCLEO-WL33CC1, NUCLEO-WL33CC2, STEVAL-PROTEUS1, STEVAL-SMARTAG2, STEVAL-STWINBX1, STM320518-EVAL, STM32C0116-DK, STM32C011D6Y3TR, STM32C011D6Y6TR, STM32C011F4P3, STM32C011F4P6, STM32C011F4U3, STM32C011F4U6TR, STM32C011F6P3, STM32C011F6P6, STM32C011F6U3, STM32C011F6U6TR, STM32C011J4M3, STM32C011J4M6, STM32C011J6M3, STM32C011J6M6, STM32C0316-DK, STM32C031C4T3, STM32C031C4T6, STM32C031C4U3, STM32C031C4U6, STM32C031C6T3, STM32C031C6T6, STM32C031C6U3, STM32C031C6U6, STM32C031F4P3, STM32C031F4P6, STM32C031F6P3, STM32C031F6P6, STM32C031G4U3, STM32C031G4U6, STM32C031G6U3, STM32C031G6U6, STM32C031K4T3, STM32C031K4T6, STM32C031K4U3, STM32C031K4U6, STM32C031K6T3, STM32C031K6T6, STM32C031K6U3, STM32C031K6U6, STM32C051C6T6, STM32C051C6U6, STM32C051C8T6, STM32C051C8U6, STM32C051D8Y6TR, STM32C051F6P6, STM32C051F8P6, STM32C051G6U6, STM32C051G8U6, STM32C051K6T6, STM32C051K6U6, STM32C051K8T6, STM32C071C8T6, STM32C071C8T6N, STM32C071C8U6, STM32C071C8U6N, STM32C071CBT6, STM32C071CBT6N, STM32C071CBU6, STM32C071CBU6N, STM32C071F8P6, STM32C071F8P6N, STM32C071FBP6, STM32C071FBP6N, STM32C071FBY6TR, STM32C071G8U6, STM32C071G8U6N, STM32C071GBU6, STM32C071GBU6N, STM32C071K8T6, STM32C071K8T6N, STM32C071K8U6, STM32C071K8U6N, STM32C071KBT6, STM32C071KBT6N, STM32C071KBU6, STM32C071KBU6N, STM32C071R8T6, STM32C071R8T6N, STM32C071RBI6N, STM32C071RBT6, STM32C071RBT6N, STM32C091CBT6, STM32C091CBU6, STM32C091CCT6, STM32C091CCU6, STM32C091ECY6TR, STM32C091FBP6, STM32C091FCP6, STM32C091GBU6, STM32C091GCU6, STM32C091KBT6, STM32C091KBU6, STM32C091KCT6, STM32C091KCU6, STM32C091RBT6, STM32C091RCI6, STM32C091RCT6, STM32C092CBT6, STM32C092CBU6, STM32C092CCT6, STM32C092CCU6, STM32C092ECY6TR, STM32C092FBP6, STM32C092FCP6, STM32C092GBU6, STM32C092GCU6, STM32C092KBT6, STM32C092KBU6, STM32C092KCT6, STM32C092KCU6, STM32C092RBT6, STM32C092RCI6, STM32C092RCT6, STM32G071K8TXN, STM32G071K8UXN, STM32G081GBU6N, STM32G081KBT6N, STM32G081KBUXN, STM32G0B1CCT6N, STM32G0B1KCT6, STM32G0B1NEY6TR, STM32G0B1RCT6N, STM32G0C1CCT6, STM32G0C1CCT6N, STM32G0C1CCU6N, STM32G0C1CET6N, STM32G0C1CEU6N, STM32G0C1KCT6, STM32G0C1NEY6TR, STM32G0C1RCI6N, STM32G0C1RCT6N, STM32G0C1REI6N, STM32G0C1RET6N, STM32G0C1VCI6, STM32G0C1VEI6, STM32G411C6T3, STM32G411C6T6, STM32G411C6U3, STM32G411C6U6, STM32G411C8T3, STM32G411C8T6, STM32G411C8U3, STM32G411C8U6, STM32G411CBT3, STM32G411CBT6, STM32G411CBU3, STM32G411CBU6, STM32G411K6T3, STM32G411K6T6, STM32G411K6U3, STM32G411K6U6, STM32G411K8T3, STM32G411K8T6, STM32G411K8U3, STM32G411K8U6, STM32G411KBT3, STM32G411KBT6, STM32G411KBU3, STM32G411KBU6, STM32G411M6T3, STM32G411M6T6, STM32G411M8T3, STM32G411M8T6, STM32G411MBT3, STM32G411MBT6, STM32G411R6T3, STM32G411R6T6, STM32G411R8T3, STM32G411R8T6, STM32G411RBT3, STM32G411RBT6, STM32G414CBT3, STM32G414CBT6, STM32G414CBU3, STM32G414CBU6, STM32G414CCT3, STM32G414CCT6, STM32G414CCU3, STM32G414CCU6, STM32G414MBT3, STM32G414MBT6, STM32G414MCT3, STM32G414MCT6, STM32G414RBT3, STM32G414RBT6, STM32G414RCT3, STM32G414RCT6, STM32G414VBT3, STM32G414VBT6, STM32G414VCT3, STM32G414VCT6, STM32G431CBT3Z, STM32G431RBT3Z, STM32G471CCT6, STM32G471CCU6, STM32G471CET3, STM32G471CET6, STM32G471CEU3, STM32G471CEU6, STM32G471MCT6, STM32G471MET3, STM32G471MET6, STM32G471MEY6TR, STM32G471QCT6, STM32G471QET3, STM32G471RCT6, STM32G471RET3, STM32G471RET6, STM32G471VCH6, STM32G471VCI6, STM32G471VCT6, STM32G471VEH3, STM32G471VEH6, STM32G471VEI3, STM32G471VEI6, STM32G471VET3, STM32G471VET6, STM32G473QET3Z, STM32G473RET3Z, STM32G474CCT6, STM32G491RET3Z, STM32H503CBT6, STM32H503CBU6, STM32H503EBY6TR, STM32H503KBU6, STM32H503RBT6, STM32H523CCT6, STM32H523CCU6, STM32H523CET6, STM32H523CEU6, STM32H523HEY6TR, STM32H523RCT6, STM32H523RET6, STM32H523VCI6, STM32H523VCT6, STM32H523VEI6, STM32H523VET6, STM32H523ZCJ6, STM32H523ZCT6, STM32H523ZEJ6, STM32H523ZET6, STM32H533CET6, STM32H533CEU6, STM32H533HEY6TR, STM32H533RET6, STM32H533VEI6, STM32H533VET6, STM32H533ZEJ6, STM32H533ZET6, STM32H562AGI6, STM32H562AII6, STM32H562IGK6, STM32H562IGT6, STM32H562IIK6, STM32H562IIT6, STM32H562RGT6, STM32H562RGV6, STM32H562RIT6, STM32H562RIV6, STM32H562VGT6, STM32H562VIT6, STM32H562ZGT6, STM32H562ZIT6, STM32H563AGI6, STM32H563AII3Q, STM32H563AII6, STM32H563IGK6, STM32H563IGT6, STM32H563IIK3Q, STM32H563IIK6, STM32H563IIT3Q, STM32H563IIT6, STM32H563MIY3QTR, STM32H563RGT6, STM32H563RGV6, STM32H563RIT6, STM32H563RIV6, STM32H563VGT6, STM32H563VIT3Q, STM32H563VIT6, STM32H563ZGT6, STM32H563ZIT3Q, STM32H563ZIT6, STM32H573AII3Q, STM32H573AII6, STM32H573I-DK, STM32H573IIK3Q, STM32H573IIK6, STM32H573IIT3Q, STM32H573IIT6, STM32H573MIY3QTR, STM32H573RIT6, STM32H573RIV6, STM32H573VIT3Q, STM32H573VIT6, STM32H573ZIT3Q, STM32H573ZIT6, STM32H7R3A8I6, STM32H7R3I8K6, STM32H7R3I8T6, STM32H7R3L8H6, STM32H7R3L8H6H, STM32H7R3R8V6, STM32H7R3V8H6, STM32H7R3V8T6, STM32H7R3V8Y6TR, STM32H7R3Z8J6, STM32H7R3Z8T6, STM32H7R7A8I6, STM32H7R7I8K6, STM32H7R7I8T6, STM32H7R7L8H6, STM32H7R7L8H6H, STM32H7R7Z8J6, STM32H7S3A8I6, STM32H7S3I8K6, STM32H7S3I8T6, STM32H7S3L8H6, STM32H7S3L8H6H, STM32H7S3R8V6, STM32H7S3V8H6, STM32H7S3V8T6, STM32H7S3V8Y6TR, STM32H7S3Z8J6, STM32H7S3Z8T6, STM32H7S78-DK, STM32H7S7A8I6, STM32H7S7I8K6, STM32H7S7I8T6, STM32H7S7L8H6, STM32H7S7L8H6H, STM32H7S7Z8J6, STM32L4R5QGI6STR, STM32MP131AAE3, STM32MP131AAF3, STM32MP131AAG3, STM32MP131CAE3, STM32MP131CAF3, STM32MP131CAG3, STM32MP131DAE7, STM32MP131DAF7, STM32MP131DAG7, STM32MP131FAE7, STM32MP131FAF7, STM32MP131FAG7, STM32MP133AAE3, STM32MP133AAF3, STM32MP133AAG3, STM32MP133CAE3, STM32MP133CAF3, STM32MP133CAG3, STM32MP133DAE7, STM32MP133DAF7, STM32MP133DAG7, STM32MP133FAE7, STM32MP133FAF7, STM32MP133FAG7, STM32MP135AAE3, STM32MP135AAF3, STM32MP135AAG3, STM32MP135CAE3, STM32MP135CAF3, STM32MP135CAG3, STM32MP135DAE7, STM32MP135DAF7, STM32MP135DAG7, STM32MP135F-DK, STM32MP135FAE7, STM32MP135FAF7, STM32MP135FAF7T, STM32MP135FAF7U, STM32MP135FAG7, STM32MP211AAL3, STM32MP211AAM3, STM32MP211AAN3, STM32MP211AAO3, STM32MP211CAL3, STM32MP211CAM3, STM32MP211CAN3, STM32MP211CAO3, STM32MP211DAL3, STM32MP211DAM3, STM32MP211DAN3, STM32MP211DAO3, STM32MP211FAL3, STM32MP211FAM3, STM32MP211FAN3, STM32MP211FAO3, STM32MP213AAL3, STM32MP213AAM3, STM32MP213AAN3, STM32MP213AAO3, STM32MP213CAL3, STM32MP213CAM3, STM32MP213CAN3, STM32MP213CAO3, STM32MP213DAL3, STM32MP213DAM3, STM32MP213DAN3, STM32MP213DAO3, STM32MP213FAL3, STM32MP213FAM3, STM32MP213FAN3, STM32MP213FAO3, STM32MP215AAL3, STM32MP215AAM3, STM32MP215AAN3, STM32MP215AAO3, STM32MP215CAL3, STM32MP215CAM3, STM32MP215CAN3, STM32MP215CAO3, STM32MP215DAL3, STM32MP215DAM3, STM32MP215DAN3, STM32MP215DAO3, STM32MP215F-DK, STM32MP215FAL3, STM32MP215FAM3, STM32MP215FAN3, STM32MP215FAO3, STM32MP231AAJ3, STM32MP231AAK3, STM32MP231AAL3, STM32MP231CAJ3, STM32MP231CAK3, STM32MP231CAL3, STM32MP231DAJ3, STM32MP231DAK3, STM32MP231DAL3, STM32MP231FAJ3, STM32MP231FAK3, STM32MP231FAL3, STM32MP233AAJ3, STM32MP233AAK3, STM32MP233AAL3, STM32MP233CAJ3, STM32MP233CAK3, STM32MP233CAL3, STM32MP233DAJ3, STM32MP233DAK3, STM32MP233DAL3, STM32MP233FAJ3, STM32MP233FAK3, STM32MP233FAL3, STM32MP235AAJ3, STM32MP235AAK3, STM32MP235AAL3, STM32MP235CAJ3, STM32MP235CAK3, STM32MP235CAL3, STM32MP235DAJ3, STM32MP235DAK3, STM32MP235DAL3, STM32MP235FAJ3, STM32MP235FAK3, STM32MP235FAL3, STM32MP251AAI3, STM32MP251AAK3, STM32MP251AAL3, STM32MP251CAI3, STM32MP251CAK3, STM32MP251CAL3, STM32MP251DAI3, STM32MP251DAK3, STM32MP251DAL3, STM32MP251FAI3, STM32MP251FAK3, STM32MP251FAL3, STM32MP253AAI3, STM32MP253AAK3, STM32MP253AAL3, STM32MP253CAI3, STM32MP253CAK3, STM32MP253CAL3, STM32MP253DAI3, STM32MP253DAK3, STM32MP253DAL3, STM32MP253FAI3, STM32MP253FAK3, STM32MP253FAL3, STM32MP255AAI3, STM32MP255AAK3, STM32MP255AAL3, STM32MP255CAI3, STM32MP255CAK3, STM32MP255CAL3, STM32MP255DAI3, STM32MP255DAK3, STM32MP255DAL3, STM32MP255FAI3, STM32MP255FAK3, STM32MP255FAL3, STM32MP257AAI3, STM32MP257AAK3, STM32MP257AAL3, STM32MP257CAI3, STM32MP257CAK3, STM32MP257CAL3, STM32MP257DAI3, STM32MP257DAK3, STM32MP257DAL3, STM32MP257F-DK, STM32MP257F-EV1, STM32MP257FAI3, STM32MP257FAK3, STM32MP257FAL3, STM32N645A0H3Q, STM32N645B0H3Q, STM32N645I0H3Q, STM32N645L0H3Q, STM32N645X0H3Q, STM32N645Z0H3Q, STM32N647A0H3Q, STM32N647B0H3Q, STM32N647I0H3Q, STM32N647L0H3Q, STM32N647X0H3Q, STM32N647Z0H3Q, STM32N655A0H3Q, STM32N655B0H3Q, STM32N655I0H3Q, STM32N655L0H3Q, STM32N655X0H3Q, STM32N655Z0H3Q, STM32N6570-DK, STM32N657A0H3Q, STM32N657B0H3Q, STM32N657I0H3Q, STM32N657L0H3Q, STM32N657X0H3Q, STM32N657Z0H3Q, STM32U031C6T6, STM32U031C6U6, STM32U031C8T6, STM32U031C8U6, STM32U031F4P6, STM32U031F6P6, STM32U031F8P6, STM32U031G6Y6TR, STM32U031G8Y6TR, STM32U031K4U6, STM32U031K6U6, STM32U031K8U6, STM32U031R6I6, STM32U031R6T6, STM32U031R8I6, STM32U031R8T6, STM32U073C8T6, STM32U073C8U6, STM32U073CBT6, STM32U073CBU6, STM32U073CCT6, STM32U073CCU6, STM32U073H8Y6TR, STM32U073HBY6TR, STM32U073HCY6TR, STM32U073K8U6, STM32U073KBU6, STM32U073KCU6, STM32U073M8I6, STM32U073M8T6, STM32U073MBI6, STM32U073MBT6, STM32U073MCI6, STM32U073MCT6, STM32U073R8I6, STM32U073R8T6, STM32U073RBI6, STM32U073RBT6, STM32U073RCI6, STM32U073RCT6, STM32U083C-DK, STM32U083CCT6, STM32U083CCU6, STM32U083HCY6TR, STM32U083KCU6, STM32U083MCI6, STM32U083MCT6, STM32U083RCI6, STM32U083RCT6, STM32U375CET6, STM32U375CET6Q, STM32U375CEU6, STM32U375CEU6Q, STM32U375CEY6QTR, STM32U375CGT6, STM32U375CGT6Q, STM32U375CGU6, STM32U375CGU6Q, STM32U375CGY6QTR, STM32U375KEU6, STM32U375KGU6, STM32U375REI6, STM32U375REI6Q, STM32U375RET6, STM32U375RET6Q, STM32U375REY6GTR, STM32U375REY6QTR, STM32U375RGI6, STM32U375RGI6Q, STM32U375RGT6, STM32U375RGT6Q, STM32U375RGY6GTR, STM32U375RGY6QTR, STM32U375VEI6, STM32U375VEI6Q, STM32U375VET6, STM32U375VET6Q, STM32U375VGI6, STM32U375VGI6Q, STM32U375VGT6, STM32U375VGT6Q, STM32U385CGT6, STM32U385CGT6Q, STM32U385CGU6, STM32U385CGU6Q, STM32U385CGY6QTR, STM32U385KGU6, STM32U385RGI6, STM32U385RGI6Q, STM32U385RGT6, STM32U385RGT6Q, STM32U385RGY6GTR, STM32U385RGY6QTR, STM32U385VGI6, STM32U385VGI6Q, STM32U385VGT6, STM32U385VGT6Q, STM32U535CBT6, STM32U535CBT6Q, STM32U535CBU6, STM32U535CBU6Q, STM32U535CCT6, STM32U535CCT6Q, STM32U535CCU6, STM32U535CCU6Q, STM32U535CET6, STM32U535CET6Q, STM32U535CEU6, STM32U535CEU6Q, STM32U535JEY6QTR, STM32U535NCY6QTR, STM32U535NEY6QTR, STM32U535RBI6, STM32U535RBI6Q, STM32U535RBT6, STM32U535RBT6Q, STM32U535RCI6, STM32U535RCI6Q, STM32U535RCT6, STM32U535RCT6Q, STM32U535REI6, STM32U535REI6Q, STM32U535RET6, STM32U535RET6Q, STM32U535VCI6, STM32U535VCI6Q, STM32U535VCT6, STM32U535VCT6Q, STM32U535VEI6, STM32U535VEI6Q, STM32U535VET6, STM32U535VET6Q, STM32U545CET6, STM32U545CET6Q, STM32U545CEU6, STM32U545CEU6Q, STM32U545JEY6QTR, STM32U545NEY6QTR, STM32U545REI6, STM32U545REI6Q, STM32U545RET6, STM32U545RET6Q, STM32U545VEI6, STM32U545VEI6Q, STM32U545VET6, STM32U545VET6Q, STM32U595AIH6, STM32U595AIH6Q, STM32U595AJH6, STM32U595AJH6Q, STM32U595QII6, STM32U595QII6Q, STM32U595QJI6, STM32U595QJI6Q, STM32U595RIT6, STM32U595RIT6Q, STM32U595RJT6, STM32U595RJT6Q, STM32U595VIT6, STM32U595VIT6Q, STM32U595VJT6, STM32U595VJT6Q, STM32U595ZIT6, STM32U595ZIT6Q, STM32U595ZIY6QTR, STM32U595ZJT6, STM32U595ZJT6Q, STM32U595ZJY6QTR, STM32U599BJY6QTR, STM32U599NIH6Q, STM32U599NJH6Q, STM32U599VIT6Q, STM32U599VJT6, STM32U599VJT6Q, STM32U599ZIT6Q, STM32U599ZIY6QTR, STM32U599ZJT6Q, STM32U599ZJY6QTR, STM32U5A5AJH6, STM32U5A5AJH6Q, STM32U5A5QII3Q , STM32U5A5QJI6, STM32U5A5QJI6Q, STM32U5A5RJT6, STM32U5A5RJT6Q, STM32U5A5VJT6, STM32U5A5VJT6Q, STM32U5A5ZJT6, STM32U5A5ZJT6Q, STM32U5A5ZJY6QTR, STM32U5A9BJY6QTR, STM32U5A9J-DK, STM32U5A9NJH6Q, STM32U5A9VJT6Q, STM32U5A9ZJT6Q, STM32U5A9ZJY6QTR, STM32U5F7VIT6, STM32U5F7VIT6Q, STM32U5F7VJT6, STM32U5F7VJT6Q, STM32U5F9BJY6QTR, STM32U5F9NJH6Q, STM32U5F9VIT6Q, STM32U5F9VJT6Q, STM32U5F9ZIJ6QTR, STM32U5F9ZIT6Q, STM32U5F9ZJJ6QTR, STM32U5F9ZJT6Q, STM32U5G7VJT6, STM32U5G7VJT6Q, STM32U5G9BJY6QTR, STM32U5G9J-DK1, STM32U5G9J-DK2, STM32U5G9NJH6Q, STM32U5G9VJT6Q, STM32U5G9ZJJ6QTR, STM32U5G9ZJT6Q, STM32WB05KZV6TR, STM32WB05KZV7TR, STM32WB05TZF6TR, STM32WB05TZF7TR, STM32WB06CCF6TR, STM32WB06CCF7TR, STM32WB06CCV6TR, STM32WB06CCV7TR, STM32WB06KCV6TR, STM32WB06KCV7TR, STM32WB07CCF6TR, STM32WB07CCF7TR, STM32WB07CCV6TR, STM32WB07CCV7TR, STM32WB07KCV6TR, STM32WB07KCV7TR, STM32WB09KEV6TR, STM32WB09KEV7TR, STM32WB09TEF6TR, STM32WB09TEF7TR, STM32WB1MMCH6, STM32WBA50KGU6, STM32WBA50KGU6TR, STM32WBA52CEU6, STM32WBA52CEU6TR, STM32WBA52CEU7, STM32WBA52CEU7TR, STM32WBA52CGU6, STM32WBA52CGU6TR, STM32WBA52CGU6U, STM32WBA52CGU7, STM32WBA52CGU7TR, STM32WBA52KEU6, STM32WBA52KEU6TR, STM32WBA52KGU6, STM32WBA52KGU6TR, STM32WBA54CEU6, STM32WBA54CEU6TR, STM32WBA54CEU7, STM32WBA54CEU7TR, STM32WBA54CGU6, STM32WBA54CGU6TR, STM32WBA54CGU7, STM32WBA54CGU7TR, STM32WBA54KEU6, STM32WBA54KEU6TR, STM32WBA54KEU7, STM32WBA54KEU7TR, STM32WBA54KGU6, STM32WBA54KGU6TR, STM32WBA54KGU7, STM32WBA54KGU7TR, STM32WBA55CEU6, STM32WBA55CEU6TR, STM32WBA55CEU7, STM32WBA55CEU7TR, STM32WBA55CGU6, STM32WBA55CGU6TR, STM32WBA55CGU6U, STM32WBA55CGU7, STM32WBA55CGU7TR, STM32WBA55G-DK1, STM32WBA55HEF6, STM32WBA55HEF7, STM32WBA55HGF6, STM32WBA55HGF7, STM32WBA55UEI6, STM32WBA55UEI6TR, STM32WBA55UEI7, STM32WBA55UEI7TR, STM32WBA55UGI6, STM32WBA55UGI6TR, STM32WBA55UGI7, STM32WBA55UGI7TR, STM32WBA5MMGH6TR, STM32WBA62MGF6, STM32WBA62MIF6, STM32WBA65MGF7, STM32WBA65MIF6, STM32WBA65MIF7, STM32WL30K8V6, STM32WL30KBV6, STM32WL31C8V6, STM32WL31CBV6, STM32WL31K8V6, STM32WL31KBV6, STM32WL33C8V6, STM32WL33C8V6X, STM32WL33CBV6, STM32WL33CBV6X, STM32WL33CCV6, STM32WL33CCV6A, STM32WL33CCV6X, STM32WL33K8V7, STM32WL33K8V7X, STM32WL33KBV7 , STM32WL33KBV7X, STM32WL33KCV7, STM32WL33KCV7X, STM32WL5MOCH6, STM32WL5MOCH6TR]
2026-01-19 18:22:41,278 [INFO] DbMcus:218 - Found 4876 MCUs, 4876 are supported
2026-01-19 18:22:41,281 [INFO] ApiDb:423 - Load user favorites file C:\Users\megha/.stm32cubeide/favorites.mcus.txt: 0 item(s)
2026-01-19 18:22:41,281 [INFO] ApiDb:427 - User favorites MCUs=[]
2026-01-19 18:22:41,282 [INFO] DbMcus:224 - Set 0 / 0 favorites MCUs
2026-01-19 18:22:41,590 [ERROR] LogOutputStream:75 - [STDERR_REDIRECT] [Fatal Error] :1:1: Premature end of file.
2026-01-19 18:22:41,591 [ERROR] LogOutputStream:75 - [STDERR_REDIRECT] 
2026-01-19 18:22:42,110 [INFO] ApiDb:668 - CubeFinder database Data Model version=2.1
2026-01-19 18:22:42,110 [INFO] ApiDb:669 - CubeFinder database Configuration version=3.0.39
2026-01-19 18:22:42,110 [INFO] ApiDb:670 - CubeFinder database generation date=2025-12-22 (1766407740)
2026-01-19 18:22:42,112 [INFO] ApiDb:671 - CubeFinder database FW Pack versions=[FP-ATR-ASTRA1_V2.0.0, FP-SNS-FLIGHT1_V5.1.0, FP-SNS-MOTENV1_V5.1.0, FP-SNS-MOTENVWB1_V1.4.0, FP-SNS-SMARTAG2_V1.2.0, FP-SNS-STBOX1_V2.1.0, STM32Cube_FW_C0_V1.4.0, STM32Cube_FW_F4_V1.28.3, STM32Cube_FW_F7_V1.17.4, STM32Cube_FW_G0_V1.6.2, STM32Cube_FW_G4_V1.6.1, STM32Cube_FW_H5_V1.5.1, STM32Cube_FW_H7RS_V1.3.0, STM32Cube_FW_H7_V1.12.1, STM32Cube_FW_L0_V1.12.2, STM32Cube_FW_L4_V1.18.1, STM32Cube_FW_L5_V1.6.0, STM32Cube_FW_N6_V1.3.0, STM32Cube_FW_U0_V1.3.0, STM32Cube_FW_U3_V1.2.1, STM32Cube_FW_U5_V1.8.0, STM32Cube_FW_WB0_V1.4.0, STM32Cube_FW_WBA_V1.8.0, STM32Cube_FW_WB_V1.24.0, STM32Cube_FW_WL3_V1.3.0, STM32Cube_FW_WL_V1.4.0, X-CUBE-ALGOBUILD_V1.4.0, X-CUBE-ALS_V1.0.2, X-CUBE-AZRTOS-F4_V1.1.0, X-CUBE-AZRTOS-F7_V1.1.0, X-CUBE-AZRTOS-G0_V1.1.0, X-CUBE-AZRTOS-G4_V2.0.0, X-CUBE-AZRTOS-H7RS_V1.1.0, X-CUBE-AZRTOS-H7_V3.4.0, X-CUBE-AZRTOS-L4_V2.0.0, X-CUBE-AZRTOS-L5_V2.0.0, X-CUBE-AZRTOS-WB_V2.0.0, X-CUBE-AZRTOS-WL_V2.0.0, X-CUBE-BLE1_V7.1.0, X-CUBE-BLE2_V3.3.0, X-CUBE-BLEMGR_V4.1.0, X-CUBE-EEPRMA1_V5.2.0, X-CUBE-FREERTOS_V1.3.1, X-CUBE-GNSS1_V6.0.0, X-CUBE-MEMS1_V12.0.0, X-CUBE-NFC4_V3.0.0, X-CUBE-NFC7_V2.0.0, X-CUBE-SFXS2LP1_V4.0.0, X-CUBE-ST67W61_V1.1.0, X-CUBE-SUBG2_V5.0.0, X-CUBE-TOF1_V3.4.3]
2026-01-19 18:22:42,284 [INFO] DbBoardsSqlite:226 - include board P-NUCLEO-WB55-NUCLEO as a kit item of type 'Nucleo-64'
2026-01-19 18:22:42,285 [INFO] DbBoardsSqlite:226 - include board P-NUCLEO-WB55-USBDONGLE as a kit item of type 'Nucleo USB Dongle'
2026-01-19 18:22:42,286 [INFO] DbBoardsSqlite:226 - include board STEVAL-IDP005V1 as a kit item of type 'Evaluation Board'
2026-01-19 18:22:42,286 [INFO] DbBoardsSqlite:226 - include board STEVAL-IDP005V2 as a kit item of type 'Evaluation Board'
2026-01-19 18:22:42,483 [INFO] ApiDb:240 - Found 880 in-development CPN: [B-G473E-ZEST1S, B-WB1M-WPAN1, B-WBA5M-WPAN, B-WL5M-SUBG1, NUCLEO-C031C6, NUCLEO-C051C8, NUCLEO-C071RB, NUCLEO-C092RC, NUCLEO-H503RB, NUCLEO-H533RE, NUCLEO-H563ZI, NUCLEO-H7S3L8, NUCLEO-N657X0-Q, NUCLEO-U031R8, NUCLEO-U083RC, NUCLEO-U385RG-Q, NUCLEO-U545RE-Q, NUCLEO-U5A5ZJ-Q, NUCLEO-WB05KZ, NUCLEO-WB07CC, NUCLEO-WB09KE, NUCLEO-WBA52CG, NUCLEO-WBA55CG, NUCLEO-WL33CC1, NUCLEO-WL33CC2, STEVAL-PROTEUS1, STEVAL-SMARTAG2, STEVAL-STWINBX1, STM320518-EVAL, STM32C0116-DK, STM32C011D6Y3TR, STM32C011D6Y6TR, STM32C011F4P3, STM32C011F4P6, STM32C011F4U3, STM32C011F4U6TR, STM32C011F6P3, STM32C011F6P6, STM32C011F6U3, STM32C011F6U6TR, STM32C011J4M3, STM32C011J4M6, STM32C011J6M3, STM32C011J6M6, STM32C0316-DK, STM32C031C4T3, STM32C031C4T6, STM32C031C4U3, STM32C031C4U6, STM32C031C6T3, STM32C031C6T6, STM32C031C6U3, STM32C031C6U6, STM32C031F4P3, STM32C031F4P6, STM32C031F6P3, STM32C031F6P6, STM32C031G4U3, STM32C031G4U6, STM32C031G6U3, STM32C031G6U6, STM32C031K4T3, STM32C031K4T6, STM32C031K4U3, STM32C031K4U6, STM32C031K6T3, STM32C031K6T6, STM32C031K6U3, STM32C031K6U6, STM32C051C6T6, STM32C051C6U6, STM32C051C8T6, STM32C051C8U6, STM32C051D8Y6TR, STM32C051F6P6, STM32C051F8P6, STM32C051G6U6, STM32C051G8U6, STM32C051K6T6, STM32C051K6U6, STM32C051K8T6, STM32C071C8T6, STM32C071C8T6N, STM32C071C8U6, STM32C071C8U6N, STM32C071CBT6, STM32C071CBT6N, STM32C071CBU6, STM32C071CBU6N, STM32C071F8P6, STM32C071F8P6N, STM32C071FBP6, STM32C071FBP6N, STM32C071FBY6TR, STM32C071G8U6, STM32C071G8U6N, STM32C071GBU6, STM32C071GBU6N, STM32C071K8T6, STM32C071K8T6N, STM32C071K8U6, STM32C071K8U6N, STM32C071KBT6, STM32C071KBT6N, STM32C071KBU6, STM32C071KBU6N, STM32C071R8T6, STM32C071R8T6N, STM32C071RBI6N, STM32C071RBT6, STM32C071RBT6N, STM32C091CBT6, STM32C091CBU6, STM32C091CCT6, STM32C091CCU6, STM32C091ECY6TR, STM32C091FBP6, STM32C091FCP6, STM32C091GBU6, STM32C091GCU6, STM32C091KBT6, STM32C091KBU6, STM32C091KCT6, STM32C091KCU6, STM32C091RBT6, STM32C091RCI6, STM32C091RCT6, STM32C092CBT6, STM32C092CBU6, STM32C092CCT6, STM32C092CCU6, STM32C092ECY6TR, STM32C092FBP6, STM32C092FCP6, STM32C092GBU6, STM32C092GCU6, STM32C092KBT6, STM32C092KBU6, STM32C092KCT6, STM32C092KCU6, STM32C092RBT6, STM32C092RCI6, STM32C092RCT6, STM32G071K8TXN, STM32G071K8UXN, STM32G081GBU6N, STM32G081KBT6N, STM32G081KBUXN, STM32G0B1CCT6N, STM32G0B1KCT6, STM32G0B1NEY6TR, STM32G0B1RCT6N, STM32G0C1CCT6, STM32G0C1CCT6N, STM32G0C1CCU6N, STM32G0C1CET6N, STM32G0C1CEU6N, STM32G0C1KCT6, STM32G0C1NEY6TR, STM32G0C1RCI6N, STM32G0C1RCT6N, STM32G0C1REI6N, STM32G0C1RET6N, STM32G0C1VCI6, STM32G0C1VEI6, STM32G411C6T3, STM32G411C6T6, STM32G411C6U3, STM32G411C6U6, STM32G411C8T3, STM32G411C8T6, STM32G411C8U3, STM32G411C8U6, STM32G411CBT3, STM32G411CBT6, STM32G411CBU3, STM32G411CBU6, STM32G411K6T3, STM32G411K6T6, STM32G411K6U3, STM32G411K6U6, STM32G411K8T3, STM32G411K8T6, STM32G411K8U3, STM32G411K8U6, STM32G411KBT3, STM32G411KBT6, STM32G411KBU3, STM32G411KBU6, STM32G411M6T3, STM32G411M6T6, STM32G411M8T3, STM32G411M8T6, STM32G411MBT3, STM32G411MBT6, STM32G411R6T3, STM32G411R6T6, STM32G411R8T3, STM32G411R8T6, STM32G411RBT3, STM32G411RBT6, STM32G414CBT3, STM32G414CBT6, STM32G414CBU3, STM32G414CBU6, STM32G414CCT3, STM32G414CCT6, STM32G414CCU3, STM32G414CCU6, STM32G414MBT3, STM32G414MBT6, STM32G414MCT3, STM32G414MCT6, STM32G414RBT3, STM32G414RBT6, STM32G414RCT3, STM32G414RCT6, STM32G414VBT3, STM32G414VBT6, STM32G414VCT3, STM32G414VCT6, STM32G431CBT3Z, STM32G431RBT3Z, STM32G471CCT6, STM32G471CCU6, STM32G471CET3, STM32G471CET6, STM32G471CEU3, STM32G471CEU6, STM32G471MCT6, STM32G471MET3, STM32G471MET6, STM32G471MEY6TR, STM32G471QCT6, STM32G471QET3, STM32G471RCT6, STM32G471RET3, STM32G471RET6, STM32G471VCH6, STM32G471VCI6, STM32G471VCT6, STM32G471VEH3, STM32G471VEH6, STM32G471VEI3, STM32G471VEI6, STM32G471VET3, STM32G471VET6, STM32G473QET3Z, STM32G473RET3Z, STM32G474CCT6, STM32G491RET3Z, STM32H503CBT6, STM32H503CBU6, STM32H503EBY6TR, STM32H503KBU6, STM32H503RBT6, STM32H523CCT6, STM32H523CCU6, STM32H523CET6, STM32H523CEU6, STM32H523HEY6TR, STM32H523RCT6, STM32H523RET6, STM32H523VCI6, STM32H523VCT6, STM32H523VEI6, STM32H523VET6, STM32H523ZCJ6, STM32H523ZCT6, STM32H523ZEJ6, STM32H523ZET6, STM32H533CET6, STM32H533CEU6, STM32H533HEY6TR, STM32H533RET6, STM32H533VEI6, STM32H533VET6, STM32H533ZEJ6, STM32H533ZET6, STM32H562AGI6, STM32H562AII6, STM32H562IGK6, STM32H562IGT6, STM32H562IIK6, STM32H562IIT6, STM32H562RGT6, STM32H562RGV6, STM32H562RIT6, STM32H562RIV6, STM32H562VGT6, STM32H562VIT6, STM32H562ZGT6, STM32H562ZIT6, STM32H563AGI6, STM32H563AII3Q, STM32H563AII6, STM32H563IGK6, STM32H563IGT6, STM32H563IIK3Q, STM32H563IIK6, STM32H563IIT3Q, STM32H563IIT6, STM32H563MIY3QTR, STM32H563RGT6, STM32H563RGV6, STM32H563RIT6, STM32H563RIV6, STM32H563VGT6, STM32H563VIT3Q, STM32H563VIT6, STM32H563ZGT6, STM32H563ZIT3Q, STM32H563ZIT6, STM32H573AII3Q, STM32H573AII6, STM32H573I-DK, STM32H573IIK3Q, STM32H573IIK6, STM32H573IIT3Q, STM32H573IIT6, STM32H573MIY3QTR, STM32H573RIT6, STM32H573RIV6, STM32H573VIT3Q, STM32H573VIT6, STM32H573ZIT3Q, STM32H573ZIT6, STM32H7R3A8I6, STM32H7R3I8K6, STM32H7R3I8T6, STM32H7R3L8H6, STM32H7R3L8H6H, STM32H7R3R8V6, STM32H7R3V8H6, STM32H7R3V8T6, STM32H7R3V8Y6TR, STM32H7R3Z8J6, STM32H7R3Z8T6, STM32H7R7A8I6, STM32H7R7I8K6, STM32H7R7I8T6, STM32H7R7L8H6, STM32H7R7L8H6H, STM32H7R7Z8J6, STM32H7S3A8I6, STM32H7S3I8K6, STM32H7S3I8T6, STM32H7S3L8H6, STM32H7S3L8H6H, STM32H7S3R8V6, STM32H7S3V8H6, STM32H7S3V8T6, STM32H7S3V8Y6TR, STM32H7S3Z8J6, STM32H7S3Z8T6, STM32H7S78-DK, STM32H7S7A8I6, STM32H7S7I8K6, STM32H7S7I8T6, STM32H7S7L8H6, STM32H7S7L8H6H, STM32H7S7Z8J6, STM32L4R5QGI6STR, STM32MP131AAE3, STM32MP131AAF3, STM32MP131AAG3, STM32MP131CAE3, STM32MP131CAF3, STM32MP131CAG3, STM32MP131DAE7, STM32MP131DAF7, STM32MP131DAG7, STM32MP131FAE7, STM32MP131FAF7, STM32MP131FAG7, STM32MP133AAE3, STM32MP133AAF3, STM32MP133AAG3, STM32MP133CAE3, STM32MP133CAF3, STM32MP133CAG3, STM32MP133DAE7, STM32MP133DAF7, STM32MP133DAG7, STM32MP133FAE7, STM32MP133FAF7, STM32MP133FAG7, STM32MP135AAE3, STM32MP135AAF3, STM32MP135AAG3, STM32MP135CAE3, STM32MP135CAF3, STM32MP135CAG3, STM32MP135DAE7, STM32MP135DAF7, STM32MP135DAG7, STM32MP135F-DK, STM32MP135FAE7, STM32MP135FAF7, STM32MP135FAF7T, STM32MP135FAF7U, STM32MP135FAG7, STM32MP211AAL3, STM32MP211AAM3, STM32MP211AAN3, STM32MP211AAO3, STM32MP211CAL3, STM32MP211CAM3, STM32MP211CAN3, STM32MP211CAO3, STM32MP211DAL3, STM32MP211DAM3, STM32MP211DAN3, STM32MP211DAO3, STM32MP211FAL3, STM32MP211FAM3, STM32MP211FAN3, STM32MP211FAO3, STM32MP213AAL3, STM32MP213AAM3, STM32MP213AAN3, STM32MP213AAO3, STM32MP213CAL3, STM32MP213CAM3, STM32MP213CAN3, STM32MP213CAO3, STM32MP213DAL3, STM32MP213DAM3, STM32MP213DAN3, STM32MP213DAO3, STM32MP213FAL3, STM32MP213FAM3, STM32MP213FAN3, STM32MP213FAO3, STM32MP215AAL3, STM32MP215AAM3, STM32MP215AAN3, STM32MP215AAO3, STM32MP215CAL3, STM32MP215CAM3, STM32MP215CAN3, STM32MP215CAO3, STM32MP215DAL3, STM32MP215DAM3, STM32MP215DAN3, STM32MP215DAO3, STM32MP215F-DK, STM32MP215FAL3, STM32MP215FAM3, STM32MP215FAN3, STM32MP215FAO3, STM32MP231AAJ3, STM32MP231AAK3, STM32MP231AAL3, STM32MP231CAJ3, STM32MP231CAK3, STM32MP231CAL3, STM32MP231DAJ3, STM32MP231DAK3, STM32MP231DAL3, STM32MP231FAJ3, STM32MP231FAK3, STM32MP231FAL3, STM32MP233AAJ3, STM32MP233AAK3, STM32MP233AAL3, STM32MP233CAJ3, STM32MP233CAK3, STM32MP233CAL3, STM32MP233DAJ3, STM32MP233DAK3, STM32MP233DAL3, STM32MP233FAJ3, STM32MP233FAK3, STM32MP233FAL3, STM32MP235AAJ3, STM32MP235AAK3, STM32MP235AAL3, STM32MP235CAJ3, STM32MP235CAK3, STM32MP235CAL3, STM32MP235DAJ3, STM32MP235DAK3, STM32MP235DAL3, STM32MP235FAJ3, STM32MP235FAK3, STM32MP235FAL3, STM32MP251AAI3, STM32MP251AAK3, STM32MP251AAL3, STM32MP251CAI3, STM32MP251CAK3, STM32MP251CAL3, STM32MP251DAI3, STM32MP251DAK3, STM32MP251DAL3, STM32MP251FAI3, STM32MP251FAK3, STM32MP251FAL3, STM32MP253AAI3, STM32MP253AAK3, STM32MP253AAL3, STM32MP253CAI3, STM32MP253CAK3, STM32MP253CAL3, STM32MP253DAI3, STM32MP253DAK3, STM32MP253DAL3, STM32MP253FAI3, STM32MP253FAK3, STM32MP253FAL3, STM32MP255AAI3, STM32MP255AAK3, STM32MP255AAL3, STM32MP255CAI3, STM32MP255CAK3, STM32MP255CAL3, STM32MP255DAI3, STM32MP255DAK3, STM32MP255DAL3, STM32MP255FAI3, STM32MP255FAK3, STM32MP255FAL3, STM32MP257AAI3, STM32MP257AAK3, STM32MP257AAL3, STM32MP257CAI3, STM32MP257CAK3, STM32MP257CAL3, STM32MP257DAI3, STM32MP257DAK3, STM32MP257DAL3, STM32MP257F-DK, STM32MP257F-EV1, STM32MP257FAI3, STM32MP257FAK3, STM32MP257FAL3, STM32N645A0H3Q, STM32N645B0H3Q, STM32N645I0H3Q, STM32N645L0H3Q, STM32N645X0H3Q, STM32N645Z0H3Q, STM32N647A0H3Q, STM32N647B0H3Q, STM32N647I0H3Q, STM32N647L0H3Q, STM32N647X0H3Q, STM32N647Z0H3Q, STM32N655A0H3Q, STM32N655B0H3Q, STM32N655I0H3Q, STM32N655L0H3Q, STM32N655X0H3Q, STM32N655Z0H3Q, STM32N6570-DK, STM32N657A0H3Q, STM32N657B0H3Q, STM32N657I0H3Q, STM32N657L0H3Q, STM32N657X0H3Q, STM32N657Z0H3Q, STM32U031C6T6, STM32U031C6U6, STM32U031C8T6, STM32U031C8U6, STM32U031F4P6, STM32U031F6P6, STM32U031F8P6, STM32U031G6Y6TR, STM32U031G8Y6TR, STM32U031K4U6, STM32U031K6U6, STM32U031K8U6, STM32U031R6I6, STM32U031R6T6, STM32U031R8I6, STM32U031R8T6, STM32U073C8T6, STM32U073C8U6, STM32U073CBT6, STM32U073CBU6, STM32U073CCT6, STM32U073CCU6, STM32U073H8Y6TR, STM32U073HBY6TR, STM32U073HCY6TR, STM32U073K8U6, STM32U073KBU6, STM32U073KCU6, STM32U073M8I6, STM32U073M8T6, STM32U073MBI6, STM32U073MBT6, STM32U073MCI6, STM32U073MCT6, STM32U073R8I6, STM32U073R8T6, STM32U073RBI6, STM32U073RBT6, STM32U073RCI6, STM32U073RCT6, STM32U083C-DK, STM32U083CCT6, STM32U083CCU6, STM32U083HCY6TR, STM32U083KCU6, STM32U083MCI6, STM32U083MCT6, STM32U083RCI6, STM32U083RCT6, STM32U375CET6, STM32U375CET6Q, STM32U375CEU6, STM32U375CEU6Q, STM32U375CEY6QTR, STM32U375CGT6, STM32U375CGT6Q, STM32U375CGU6, STM32U375CGU6Q, STM32U375CGY6QTR, STM32U375KEU6, STM32U375KGU6, STM32U375REI6, STM32U375REI6Q, STM32U375RET6, STM32U375RET6Q, STM32U375REY6GTR, STM32U375REY6QTR, STM32U375RGI6, STM32U375RGI6Q, STM32U375RGT6, STM32U375RGT6Q, STM32U375RGY6GTR, STM32U375RGY6QTR, STM32U375VEI6, STM32U375VEI6Q, STM32U375VET6, STM32U375VET6Q, STM32U375VGI6, STM32U375VGI6Q, STM32U375VGT6, STM32U375VGT6Q, STM32U385CGT6, STM32U385CGT6Q, STM32U385CGU6, STM32U385CGU6Q, STM32U385CGY6QTR, STM32U385KGU6, STM32U385RGI6, STM32U385RGI6Q, STM32U385RGT6, STM32U385RGT6Q, STM32U385RGY6GTR, STM32U385RGY6QTR, STM32U385VGI6, STM32U385VGI6Q, STM32U385VGT6, STM32U385VGT6Q, STM32U535CBT6, STM32U535CBT6Q, STM32U535CBU6, STM32U535CBU6Q, STM32U535CCT6, STM32U535CCT6Q, STM32U535CCU6, STM32U535CCU6Q, STM32U535CET6, STM32U535CET6Q, STM32U535CEU6, STM32U535CEU6Q, STM32U535JEY6QTR, STM32U535NCY6QTR, STM32U535NEY6QTR, STM32U535RBI6, STM32U535RBI6Q, STM32U535RBT6, STM32U535RBT6Q, STM32U535RCI6, STM32U535RCI6Q, STM32U535RCT6, STM32U535RCT6Q, STM32U535REI6, STM32U535REI6Q, STM32U535RET6, STM32U535RET6Q, STM32U535VCI6, STM32U535VCI6Q, STM32U535VCT6, STM32U535VCT6Q, STM32U535VEI6, STM32U535VEI6Q, STM32U535VET6, STM32U535VET6Q, STM32U545CET6, STM32U545CET6Q, STM32U545CEU6, STM32U545CEU6Q, STM32U545JEY6QTR, STM32U545NEY6QTR, STM32U545REI6, STM32U545REI6Q, STM32U545RET6, STM32U545RET6Q, STM32U545VEI6, STM32U545VEI6Q, STM32U545VET6, STM32U545VET6Q, STM32U595AIH6, STM32U595AIH6Q, STM32U595AJH6, STM32U595AJH6Q, STM32U595QII6, STM32U595QII6Q, STM32U595QJI6, STM32U595QJI6Q, STM32U595RIT6, STM32U595RIT6Q, STM32U595RJT6, STM32U595RJT6Q, STM32U595VIT6, STM32U595VIT6Q, STM32U595VJT6, STM32U595VJT6Q, STM32U595ZIT6, STM32U595ZIT6Q, STM32U595ZIY6QTR, STM32U595ZJT6, STM32U595ZJT6Q, STM32U595ZJY6QTR, STM32U599BJY6QTR, STM32U599NIH6Q, STM32U599NJH6Q, STM32U599VIT6Q, STM32U599VJT6, STM32U599VJT6Q, STM32U599ZIT6Q, STM32U599ZIY6QTR, STM32U599ZJT6Q, STM32U599ZJY6QTR, STM32U5A5AJH6, STM32U5A5AJH6Q, STM32U5A5QII3Q , STM32U5A5QJI6, STM32U5A5QJI6Q, STM32U5A5RJT6, STM32U5A5RJT6Q, STM32U5A5VJT6, STM32U5A5VJT6Q, STM32U5A5ZJT6, STM32U5A5ZJT6Q, STM32U5A5ZJY6QTR, STM32U5A9BJY6QTR, STM32U5A9J-DK, STM32U5A9NJH6Q, STM32U5A9VJT6Q, STM32U5A9ZJT6Q, STM32U5A9ZJY6QTR, STM32U5F7VIT6, STM32U5F7VIT6Q, STM32U5F7VJT6, STM32U5F7VJT6Q, STM32U5F9BJY6QTR, STM32U5F9NJH6Q, STM32U5F9VIT6Q, STM32U5F9VJT6Q, STM32U5F9ZIJ6QTR, STM32U5F9ZIT6Q, STM32U5F9ZJJ6QTR, STM32U5F9ZJT6Q, STM32U5G7VJT6, STM32U5G7VJT6Q, STM32U5G9BJY6QTR, STM32U5G9J-DK1, STM32U5G9J-DK2, STM32U5G9NJH6Q, STM32U5G9VJT6Q, STM32U5G9ZJJ6QTR, STM32U5G9ZJT6Q, STM32WB05KZV6TR, STM32WB05KZV7TR, STM32WB05TZF6TR, STM32WB05TZF7TR, STM32WB06CCF6TR, STM32WB06CCF7TR, STM32WB06CCV6TR, STM32WB06CCV7TR, STM32WB06KCV6TR, STM32WB06KCV7TR, STM32WB07CCF6TR, STM32WB07CCF7TR, STM32WB07CCV6TR, STM32WB07CCV7TR, STM32WB07KCV6TR, STM32WB07KCV7TR, STM32WB09KEV6TR, STM32WB09KEV7TR, STM32WB09TEF6TR, STM32WB09TEF7TR, STM32WB1MMCH6, STM32WBA50KGU6, STM32WBA50KGU6TR, STM32WBA52CEU6, STM32WBA52CEU6TR, STM32WBA52CEU7, STM32WBA52CEU7TR, STM32WBA52CGU6, STM32WBA52CGU6TR, STM32WBA52CGU6U, STM32WBA52CGU7, STM32WBA52CGU7TR, STM32WBA52KEU6, STM32WBA52KEU6TR, STM32WBA52KGU6, STM32WBA52KGU6TR, STM32WBA54CEU6, STM32WBA54CEU6TR, STM32WBA54CEU7, STM32WBA54CEU7TR, STM32WBA54CGU6, STM32WBA54CGU6TR, STM32WBA54CGU7, STM32WBA54CGU7TR, STM32WBA54KEU6, STM32WBA54KEU6TR, STM32WBA54KEU7, STM32WBA54KEU7TR, STM32WBA54KGU6, STM32WBA54KGU6TR, STM32WBA54KGU7, STM32WBA54KGU7TR, STM32WBA55CEU6, STM32WBA55CEU6TR, STM32WBA55CEU7, STM32WBA55CEU7TR, STM32WBA55CGU6, STM32WBA55CGU6TR, STM32WBA55CGU6U, STM32WBA55CGU7, STM32WBA55CGU7TR, STM32WBA55G-DK1, STM32WBA55HEF6, STM32WBA55HEF7, STM32WBA55HGF6, STM32WBA55HGF7, STM32WBA55UEI6, STM32WBA55UEI6TR, STM32WBA55UEI7, STM32WBA55UEI7TR, STM32WBA55UGI6, STM32WBA55UGI6TR, STM32WBA55UGI7, STM32WBA55UGI7TR, STM32WBA5MMGH6TR, STM32WBA62MGF6, STM32WBA62MIF6, STM32WBA65MGF7, STM32WBA65MIF6, STM32WBA65MIF7, STM32WL30K8V6, STM32WL30KBV6, STM32WL31C8V6, STM32WL31CBV6, STM32WL31K8V6, STM32WL31KBV6, STM32WL33C8V6, STM32WL33C8V6X, STM32WL33CBV6, STM32WL33CBV6X, STM32WL33CCV6, STM32WL33CCV6A, STM32WL33CCV6X, STM32WL33K8V7, STM32WL33K8V7X, STM32WL33KBV7 , STM32WL33KBV7X, STM32WL33KCV7, STM32WL33KCV7X, STM32WL5MOCH6, STM32WL5MOCH6TR]
2026-01-19 18:22:42,597 [ERROR] LogOutputStream:75 - [STDERR_REDIRECT] [Fatal Error] :1:1: Premature end of file.
2026-01-19 18:22:42,598 [ERROR] LogOutputStream:75 - [STDERR_REDIRECT] 
2026-01-19 18:22:43,034 [INFO] BoardInfo:889 - No configuration file found for board P-NUCLEO-WB55
2026-01-19 18:22:43,039 [INFO] DbBoards:161 - Kit is not supported: P-NUCLEO-WB55
2026-01-19 18:22:43,059 [INFO] BoardInfo:889 - No configuration file found for board STEVAL-BFA001V1B
2026-01-19 18:22:43,062 [INFO] DbBoards:161 - Kit is not supported: STEVAL-BFA001V1B
2026-01-19 18:22:43,063 [INFO] BoardInfo:889 - No configuration file found for board STEVAL-BFA001V2B
2026-01-19 18:22:43,066 [INFO] DbBoards:161 - Kit is not supported: STEVAL-BFA001V2B
2026-01-19 18:22:43,560 [INFO] DbBoards:168 - Found 212 boards, 209 are supported
2026-01-19 18:22:43,560 [INFO] DbBoards:169 - Found 212 boards, 43 of them is supported for  Bsp
2026-01-19 18:22:43,564 [INFO] ApiDb:423 - Load user favorites file C:\Users\megha/.stm32cubeide/favorites.boards.txt: 1 item(s)
2026-01-19 18:22:43,564 [INFO] ApiDb:427 - User favorites Boards=[NUCLEO-F446RE]
2026-01-19 18:22:43,564 [INFO] DbBoards:198 - Set 1 / 1 favorites Boards
2026-01-19 18:22:43,565 [INFO] McuFinderGlobals:76 - Set McuFinderConnectedMode to false
2026-01-19 18:22:43,578 [INFO] MultiScanPanel:200 - Auto-refresh data requested => check proxy status ongoing
2026-01-19 18:22:43,578 [INFO] MultiScanPanel:204 - Proxy status is invalid
2026-01-19 18:22:43,582 [INFO] FinderPluginLoader:96 - Searching for filters in installed packs
2026-01-19 18:22:43,598 [ERROR] LogOutputStream:75 - [STDERR_REDIRECT] [Fatal Error] :1:1: Premature end of file.
2026-01-19 18:22:43,598 [ERROR] LogOutputStream:75 - [STDERR_REDIRECT] 
2026-01-19 18:22:44,605 [ERROR] LogOutputStream:75 - [STDERR_REDIRECT] [Fatal Error] :1:1: Premature end of file.
2026-01-19 18:22:44,605 [ERROR] LogOutputStream:75 - [STDERR_REDIRECT] 
2026-01-19 18:22:45,604 [ERROR] LogOutputStream:75 - [STDERR_REDIRECT] [Fatal Error] :1:1: Premature end of file.
2026-01-19 18:22:45,604 [ERROR] LogOutputStream:75 - [STDERR_REDIRECT] 
2026-01-19 18:22:46,133 [INFO] DetailPanel:341 - Set advertising image to C:/Users/megha/STM32Cube/Repository/\en.prom-stm32mp21-0126.png
2026-01-19 18:22:46,642 [ERROR] LogOutputStream:75 - [STDERR_REDIRECT] [Fatal Error] :1:1: Premature end of file.
2026-01-19 18:22:46,643 [ERROR] LogOutputStream:75 - [STDERR_REDIRECT] 
2026-01-19 18:22:47,604 [ERROR] LogOutputStream:75 - [STDERR_REDIRECT] [Fatal Error] :1:1: Premature end of file.
2026-01-19 18:22:47,605 [ERROR] LogOutputStream:75 - [STDERR_REDIRECT] 
2026-01-19 18:22:48,605 [ERROR] LogOutputStream:75 - [STDERR_REDIRECT] [Fatal Error] :1:1: Premature end of file.
2026-01-19 18:22:48,605 [ERROR] LogOutputStream:75 - [STDERR_REDIRECT] 
2026-01-19 18:22:49,616 [ERROR] LogOutputStream:75 - [STDERR_REDIRECT] [Fatal Error] :1:1: Premature end of file.
2026-01-19 18:22:49,617 [ERROR] LogOutputStream:75 - [STDERR_REDIRECT] 
2026-01-19 18:22:50,614 [ERROR] LogOutputStream:75 - [STDERR_REDIRECT] [Fatal Error] :1:1: Premature end of file.
2026-01-19 18:22:50,614 [ERROR] LogOutputStream:75 - [STDERR_REDIRECT] 
2026-01-19 18:22:51,587 [ERROR] LogOutputStream:75 - [STDERR_REDIRECT] [Fatal Error] :1:1: Premature end of file.
2026-01-19 18:22:51,588 [ERROR] LogOutputStream:75 - [STDERR_REDIRECT] 
2026-01-19 18:22:52,604 [ERROR] LogOutputStream:75 - [STDERR_REDIRECT] [Fatal Error] :1:1: Premature end of file.
2026-01-19 18:22:52,604 [ERROR] LogOutputStream:75 - [STDERR_REDIRECT] 
2026-01-19 18:22:53,591 [ERROR] LogOutputStream:75 - [STDERR_REDIRECT] [Fatal Error] :1:1: Premature end of file.
2026-01-19 18:22:53,592 [ERROR] LogOutputStream:75 - [STDERR_REDIRECT] 
2026-01-19 18:22:54,587 [ERROR] LogOutputStream:75 - [STDERR_REDIRECT] [Fatal Error] :1:1: Premature end of file.
2026-01-19 18:22:54,588 [ERROR] LogOutputStream:75 - [STDERR_REDIRECT] 
2026-01-19 18:22:55,588 [ERROR] LogOutputStream:75 - [STDERR_REDIRECT] [Fatal Error] :1:1: Premature end of file.
2026-01-19 18:22:55,588 [ERROR] LogOutputStream:75 - [STDERR_REDIRECT] 
2026-01-19 18:22:56,592 [ERROR] LogOutputStream:75 - [STDERR_REDIRECT] [Fatal Error] :1:1: Premature end of file.
2026-01-19 18:22:56,593 [ERROR] LogOutputStream:75 - [STDERR_REDIRECT] 
2026-01-19 18:22:57,592 [ERROR] LogOutputStream:75 - [STDERR_REDIRECT] [Fatal Error] :1:1: Premature end of file.
2026-01-19 18:22:57,592 [ERROR] LogOutputStream:75 - [STDERR_REDIRECT] 
2026-01-19 18:22:58,596 [ERROR] LogOutputStream:75 - [STDERR_REDIRECT] [Fatal Error] :1:1: Premature end of file.
2026-01-19 18:22:58,597 [ERROR] LogOutputStream:75 - [STDERR_REDIRECT] 
2026-01-19 18:22:59,591 [ERROR] LogOutputStream:75 - [STDERR_REDIRECT] [Fatal Error] :1:1: Premature end of file.
2026-01-19 18:22:59,592 [ERROR] LogOutputStream:75 - [STDERR_REDIRECT] 
2026-01-19 18:23:00,596 [ERROR] LogOutputStream:75 - [STDERR_REDIRECT] [Fatal Error] :1:1: Premature end of file.
2026-01-19 18:23:00,596 [ERROR] LogOutputStream:75 - [STDERR_REDIRECT] 
2026-01-19 18:23:01,593 [ERROR] LogOutputStream:75 - [STDERR_REDIRECT] [Fatal Error] :1:1: Premature end of file.
2026-01-19 18:23:01,594 [ERROR] LogOutputStream:75 - [STDERR_REDIRECT] 
2026-01-19 18:23:02,593 [ERROR] LogOutputStream:75 - [STDERR_REDIRECT] [Fatal Error] :1:1: Premature end of file.
2026-01-19 18:23:02,594 [ERROR] LogOutputStream:75 - [STDERR_REDIRECT] 
2026-01-19 18:23:03,591 [ERROR] LogOutputStream:75 - [STDERR_REDIRECT] [Fatal Error] :1:1: Premature end of file.
2026-01-19 18:23:03,591 [ERROR] LogOutputStream:75 - [STDERR_REDIRECT] 
2026-01-19 18:23:04,586 [ERROR] LogOutputStream:75 - [STDERR_REDIRECT] [Fatal Error] :1:1: Premature end of file.
2026-01-19 18:23:04,587 [ERROR] LogOutputStream:75 - [STDERR_REDIRECT] 
2026-01-19 18:23:05,596 [ERROR] LogOutputStream:75 - [STDERR_REDIRECT] [Fatal Error] :1:1: Premature end of file.
2026-01-19 18:23:05,597 [ERROR] LogOutputStream:75 - [STDERR_REDIRECT] 
2026-01-19 18:23:06,590 [ERROR] LogOutputStream:75 - [STDERR_REDIRECT] [Fatal Error] :1:1: Premature end of file.
2026-01-19 18:23:06,590 [ERROR] LogOutputStream:75 - [STDERR_REDIRECT] 
2026-01-19 18:23:07,592 [ERROR] LogOutputStream:75 - [STDERR_REDIRECT] [Fatal Error] :1:1: Premature end of file.
2026-01-19 18:23:07,593 [ERROR] LogOutputStream:75 - [STDERR_REDIRECT] 
2026-01-19 18:23:08,592 [ERROR] LogOutputStream:75 - [STDERR_REDIRECT] [Fatal Error] :1:1: Premature end of file.
2026-01-19 18:23:08,592 [ERROR] LogOutputStream:75 - [STDERR_REDIRECT] 
2026-01-19 18:23:09,608 [ERROR] LogOutputStream:75 - [STDERR_REDIRECT] [Fatal Error] :1:1: Premature end of file.
2026-01-19 18:23:09,609 [ERROR] LogOutputStream:75 - [STDERR_REDIRECT] 
2026-01-19 18:23:10,599 [ERROR] LogOutputStream:75 - [STDERR_REDIRECT] [Fatal Error] :1:1: Premature end of file.
2026-01-19 18:23:10,599 [ERROR] LogOutputStream:75 - [STDERR_REDIRECT] 
2026-01-19 18:23:11,591 [ERROR] LogOutputStream:75 - [STDERR_REDIRECT] [Fatal Error] :1:1: Premature end of file.
2026-01-19 18:23:11,592 [ERROR] LogOutputStream:75 - [STDERR_REDIRECT] 
2026-01-19 18:23:12,591 [ERROR] LogOutputStream:75 - [STDERR_REDIRECT] [Fatal Error] :1:1: Premature end of file.
2026-01-19 18:23:12,591 [ERROR] LogOutputStream:75 - [STDERR_REDIRECT] 
2026-01-19 18:23:13,638 [ERROR] LogOutputStream:75 - [STDERR_REDIRECT] [Fatal Error] :1:1: Premature end of file.
2026-01-19 18:23:13,638 [ERROR] LogOutputStream:75 - [STDERR_REDIRECT] 
2026-01-19 18:23:14,600 [ERROR] LogOutputStream:75 - [STDERR_REDIRECT] [Fatal Error] :1:1: Premature end of file.
2026-01-19 18:23:14,601 [ERROR] LogOutputStream:75 - [STDERR_REDIRECT] 
2026-01-19 18:23:15,593 [ERROR] LogOutputStream:75 - [STDERR_REDIRECT] [Fatal Error] :1:1: Premature end of file.
2026-01-19 18:23:15,593 [ERROR] LogOutputStream:75 - [STDERR_REDIRECT] 
2026-01-19 18:23:16,596 [ERROR] LogOutputStream:75 - [STDERR_REDIRECT] [Fatal Error] :1:1: Premature end of file.
2026-01-19 18:23:16,596 [ERROR] LogOutputStream:75 - [STDERR_REDIRECT] 
2026-01-19 18:23:17,602 [ERROR] LogOutputStream:75 - [STDERR_REDIRECT] [Fatal Error] :1:1: Premature end of file.
2026-01-19 18:23:17,602 [ERROR] LogOutputStream:75 - [STDERR_REDIRECT] 
2026-01-19 18:23:18,418 [INFO] McuFinderGlobals:76 - Set McuFinderConnectedMode to true
2026-01-19 18:23:18,480 [INFO] ApiDb:448 - Save user favorites file C:\Users\megha/.stm32cubeide/favorites.mcus.txt: 0 item(s)
2026-01-19 18:23:18,481 [INFO] ApiDb:452 - User favorites MCUs=[]
2026-01-19 18:23:18,760 [ERROR] LogOutputStream:75 - [STDERR_REDIRECT] [Fatal Error] :1:1: Premature end of file.
2026-01-19 18:23:18,762 [ERROR] LogOutputStream:75 - [STDERR_REDIRECT] 
2026-01-19 18:23:19,595 [ERROR] LogOutputStream:75 - [STDERR_REDIRECT] [Fatal Error] :1:1: Premature end of file.
2026-01-19 18:23:19,596 [ERROR] LogOutputStream:75 - [STDERR_REDIRECT] 
2026-01-19 18:23:20,592 [ERROR] LogOutputStream:75 - [STDERR_REDIRECT] [Fatal Error] :1:1: Premature end of file.
2026-01-19 18:23:20,592 [ERROR] LogOutputStream:75 - [STDERR_REDIRECT] 
2026-01-19 18:23:21,600 [ERROR] LogOutputStream:75 - [STDERR_REDIRECT] [Fatal Error] :1:1: Premature end of file.
2026-01-19 18:23:21,600 [ERROR] LogOutputStream:75 - [STDERR_REDIRECT] 
2026-01-19 18:23:22,643 [ERROR] LogOutputStream:75 - [STDERR_REDIRECT] [Fatal Error] :1:1: Premature end of file.
2026-01-19 18:23:22,646 [ERROR] LogOutputStream:75 - [STDERR_REDIRECT] 
2026-01-19 18:23:23,599 [ERROR] LogOutputStream:75 - [STDERR_REDIRECT] [Fatal Error] :1:1: Premature end of file.
2026-01-19 18:23:23,599 [ERROR] LogOutputStream:75 - [STDERR_REDIRECT] 
2026-01-19 18:23:24,586 [ERROR] LogOutputStream:75 - [STDERR_REDIRECT] [Fatal Error] :1:1: Premature end of file.
2026-01-19 18:23:24,586 [ERROR] LogOutputStream:75 - [STDERR_REDIRECT] 
2026-01-19 18:23:25,590 [ERROR] LogOutputStream:75 - [STDERR_REDIRECT] [Fatal Error] :1:1: Premature end of file.
2026-01-19 18:23:25,591 [ERROR] LogOutputStream:75 - [STDERR_REDIRECT] 
2026-01-19 18:23:26,592 [ERROR] LogOutputStream:75 - [STDERR_REDIRECT] [Fatal Error] :1:1: Premature end of file.
2026-01-19 18:23:26,593 [ERROR] LogOutputStream:75 - [STDERR_REDIRECT] 
2026-01-19 18:23:27,619 [ERROR] LogOutputStream:75 - [STDERR_REDIRECT] [Fatal Error] :1:1: Premature end of file.
2026-01-19 18:23:27,620 [ERROR] LogOutputStream:75 - [STDERR_REDIRECT] 
2026-01-19 18:23:28,623 [ERROR] LogOutputStream:75 - [STDERR_REDIRECT] [Fatal Error] :1:1: Premature end of file.
2026-01-19 18:23:28,624 [ERROR] LogOutputStream:75 - [STDERR_REDIRECT] 
2026-01-19 18:23:29,595 [ERROR] LogOutputStream:75 - [STDERR_REDIRECT] [Fatal Error] :1:1: Premature end of file.
2026-01-19 18:23:29,596 [ERROR] LogOutputStream:75 - [STDERR_REDIRECT] 
2026-01-19 18:23:30,604 [ERROR] LogOutputStream:75 - [STDERR_REDIRECT] [Fatal Error] :1:1: Premature end of file.
2026-01-19 18:23:30,605 [ERROR] LogOutputStream:75 - [STDERR_REDIRECT] 
2026-01-19 18:23:31,594 [ERROR] LogOutputStream:75 - [STDERR_REDIRECT] [Fatal Error] :1:1: Premature end of file.
2026-01-19 18:23:31,594 [ERROR] LogOutputStream:75 - [STDERR_REDIRECT] 
2026-01-19 18:23:32,591 [ERROR] LogOutputStream:75 - [STDERR_REDIRECT] [Fatal Error] :1:1: Premature end of file.
2026-01-19 18:23:32,592 [ERROR] LogOutputStream:75 - [STDERR_REDIRECT] 
2026-01-19 18:23:33,610 [ERROR] LogOutputStream:75 - [STDERR_REDIRECT] [Fatal Error] :1:1: Premature end of file.
2026-01-19 18:23:33,610 [ERROR] LogOutputStream:75 - [STDERR_REDIRECT] 
2026-01-19 18:23:34,623 [ERROR] LogOutputStream:75 - [STDERR_REDIRECT] [Fatal Error] :1:1: Premature end of file.
2026-01-19 18:23:34,623 [ERROR] LogOutputStream:75 - [STDERR_REDIRECT] 
2026-01-19 18:23:35,588 [ERROR] LogOutputStream:75 - [STDERR_REDIRECT] [Fatal Error] :1:1: Premature end of file.
2026-01-19 18:23:35,588 [ERROR] LogOutputStream:75 - [STDERR_REDIRECT] 
2026-01-19 18:23:36,610 [ERROR] LogOutputStream:75 - [STDERR_REDIRECT] [Fatal Error] :1:1: Premature end of file.
2026-01-19 18:23:36,610 [ERROR] LogOutputStream:75 - [STDERR_REDIRECT] 
2026-01-19 18:23:37,585 [ERROR] LogOutputStream:75 - [STDERR_REDIRECT] [Fatal Error] :1:1: Premature end of file.
2026-01-19 18:23:37,587 [ERROR] LogOutputStream:75 - [STDERR_REDIRECT] 
2026-01-19 18:23:38,594 [ERROR] LogOutputStream:75 - [STDERR_REDIRECT] [Fatal Error] :1:1: Premature end of file.
2026-01-19 18:23:38,594 [ERROR] LogOutputStream:75 - [STDERR_REDIRECT] 
2026-01-19 18:23:39,608 [ERROR] LogOutputStream:75 - [STDERR_REDIRECT] [Fatal Error] :1:1: Premature end of file.
2026-01-19 18:23:39,608 [ERROR] LogOutputStream:75 - [STDERR_REDIRECT] 
2026-01-19 18:23:40,675 [ERROR] LogOutputStream:75 - [STDERR_REDIRECT] [Fatal Error] :1:1: Premature end of file.
2026-01-19 18:23:40,675 [ERROR] LogOutputStream:75 - [STDERR_REDIRECT] 
2026-01-19 18:23:41,591 [ERROR] LogOutputStream:75 - [STDERR_REDIRECT] [Fatal Error] :1:1: Premature end of file.
2026-01-19 18:23:41,591 [ERROR] LogOutputStream:75 - [STDERR_REDIRECT] 
2026-01-19 18:23:42,619 [ERROR] LogOutputStream:75 - [STDERR_REDIRECT] [Fatal Error] :1:1: Premature end of file.
2026-01-19 18:23:42,619 [ERROR] LogOutputStream:75 - [STDERR_REDIRECT] 
2026-01-19 18:23:43,584 [ERROR] LogOutputStream:75 - [STDERR_REDIRECT] [Fatal Error] :1:1: Premature end of file.
2026-01-19 18:23:43,585 [ERROR] LogOutputStream:75 - [STDERR_REDIRECT] 
2026-01-19 18:23:44,583 [ERROR] LogOutputStream:75 - [STDERR_REDIRECT] [Fatal Error] :1:1: Premature end of file.
2026-01-19 18:23:44,583 [ERROR] LogOutputStream:75 - [STDERR_REDIRECT] 
2026-01-19 18:23:45,611 [ERROR] LogOutputStream:75 - [STDERR_REDIRECT] [Fatal Error] :1:1: Premature end of file.
2026-01-19 18:23:45,612 [ERROR] LogOutputStream:75 - [STDERR_REDIRECT] 
2026-01-19 18:23:46,586 [ERROR] LogOutputStream:75 - [STDERR_REDIRECT] [Fatal Error] :1:1: Premature end of file.
2026-01-19 18:23:46,587 [ERROR] LogOutputStream:75 - [STDERR_REDIRECT] 
2026-01-19 18:23:47,616 [ERROR] LogOutputStream:75 - [STDERR_REDIRECT] [Fatal Error] :1:1: Premature end of file.
2026-01-19 18:23:47,617 [ERROR] LogOutputStream:75 - [STDERR_REDIRECT] 
2026-01-19 18:23:48,584 [ERROR] LogOutputStream:75 - [STDERR_REDIRECT] [Fatal Error] :1:1: Premature end of file.
2026-01-19 18:23:48,584 [ERROR] LogOutputStream:75 - [STDERR_REDIRECT] 
2026-01-19 18:23:49,589 [ERROR] LogOutputStream:75 - [STDERR_REDIRECT] [Fatal Error] :1:1: Premature end of file.
2026-01-19 18:23:49,589 [ERROR] LogOutputStream:75 - [STDERR_REDIRECT] 
2026-01-19 18:23:50,648 [ERROR] LogOutputStream:75 - [STDERR_REDIRECT] [Fatal Error] :1:1: Premature end of file.
2026-01-19 18:23:50,649 [ERROR] LogOutputStream:75 - [STDERR_REDIRECT] 
2026-01-19 18:23:51,581 [ERROR] LogOutputStream:75 - [STDERR_REDIRECT] [Fatal Error] :1:1: Premature end of file.
2026-01-19 18:23:51,582 [ERROR] LogOutputStream:75 - [STDERR_REDIRECT] 
2026-01-19 18:23:52,592 [ERROR] LogOutputStream:75 - [STDERR_REDIRECT] [Fatal Error] :1:1: Premature end of file.
2026-01-19 18:23:52,592 [ERROR] LogOutputStream:75 - [STDERR_REDIRECT] 
2026-01-19 18:23:53,602 [ERROR] LogOutputStream:75 - [STDERR_REDIRECT] [Fatal Error] :1:1: Premature end of file.
2026-01-19 18:23:53,602 [ERROR] LogOutputStream:75 - [STDERR_REDIRECT] 
2026-01-19 18:23:54,611 [ERROR] LogOutputStream:75 - [STDERR_REDIRECT] [Fatal Error] :1:1: Premature end of file.
2026-01-19 18:23:54,612 [ERROR] LogOutputStream:75 - [STDERR_REDIRECT] 
2026-01-19 18:23:55,590 [ERROR] LogOutputStream:75 - [STDERR_REDIRECT] [Fatal Error] :1:1: Premature end of file.
2026-01-19 18:23:55,590 [ERROR] LogOutputStream:75 - [STDERR_REDIRECT] 
2026-01-19 18:23:56,600 [ERROR] LogOutputStream:75 - [STDERR_REDIRECT] [Fatal Error] :1:1: Premature end of file.
2026-01-19 18:23:56,600 [ERROR] LogOutputStream:75 - [STDERR_REDIRECT] 
2026-01-19 18:23:57,613 [ERROR] LogOutputStream:75 - [STDERR_REDIRECT] [Fatal Error] :1:1: Premature end of file.
2026-01-19 18:23:57,613 [ERROR] LogOutputStream:75 - [STDERR_REDIRECT] 
2026-01-19 18:23:58,593 [ERROR] LogOutputStream:75 - [STDERR_REDIRECT] [Fatal Error] :1:1: Premature end of file.
2026-01-19 18:23:58,593 [ERROR] LogOutputStream:75 - [STDERR_REDIRECT] 
2026-01-19 18:23:59,594 [ERROR] LogOutputStream:75 - [STDERR_REDIRECT] [Fatal Error] :1:1: Premature end of file.
2026-01-19 18:23:59,594 [ERROR] LogOutputStream:75 - [STDERR_REDIRECT] 
2026-01-19 18:24:00,598 [ERROR] LogOutputStream:75 - [STDERR_REDIRECT] [Fatal Error] :1:1: Premature end of file.
2026-01-19 18:24:00,599 [ERROR] LogOutputStream:75 - [STDERR_REDIRECT] 
2026-01-19 18:24:01,595 [ERROR] LogOutputStream:75 - [STDERR_REDIRECT] [Fatal Error] :1:1: Premature end of file.
2026-01-19 18:24:01,595 [ERROR] LogOutputStream:75 - [STDERR_REDIRECT] 
2026-01-19 18:24:02,597 [ERROR] LogOutputStream:75 - [STDERR_REDIRECT] [Fatal Error] :1:1: Premature end of file.
2026-01-19 18:24:02,597 [ERROR] LogOutputStream:75 - [STDERR_REDIRECT] 
2026-01-19 18:24:03,594 [ERROR] LogOutputStream:75 - [STDERR_REDIRECT] [Fatal Error] :1:1: Premature end of file.
2026-01-19 18:24:03,595 [ERROR] LogOutputStream:75 - [STDERR_REDIRECT] 
2026-01-19 18:24:04,593 [ERROR] LogOutputStream:75 - [STDERR_REDIRECT] [Fatal Error] :1:1: Premature end of file.
2026-01-19 18:24:04,593 [ERROR] LogOutputStream:75 - [STDERR_REDIRECT] 
2026-01-19 18:24:05,596 [ERROR] LogOutputStream:75 - [STDERR_REDIRECT] [Fatal Error] :1:1: Premature end of file.
2026-01-19 18:24:05,597 [ERROR] LogOutputStream:75 - [STDERR_REDIRECT] 
2026-01-19 18:24:06,617 [ERROR] LogOutputStream:75 - [STDERR_REDIRECT] [Fatal Error] :1:1: Premature end of file.
2026-01-19 18:24:06,618 [ERROR] LogOutputStream:75 - [STDERR_REDIRECT] 
2026-01-19 18:24:07,586 [ERROR] LogOutputStream:75 - [STDERR_REDIRECT] [Fatal Error] :1:1: Premature end of file.
2026-01-19 18:24:07,586 [ERROR] LogOutputStream:75 - [STDERR_REDIRECT] 
2026-01-19 18:24:08,608 [ERROR] LogOutputStream:75 - [STDERR_REDIRECT] [Fatal Error] :1:1: Premature end of file.
2026-01-19 18:24:08,608 [ERROR] LogOutputStream:75 - [STDERR_REDIRECT] 
2026-01-19 18:24:09,601 [ERROR] LogOutputStream:75 - [STDERR_REDIRECT] [Fatal Error] :1:1: Premature end of file.
2026-01-19 18:24:09,601 [ERROR] LogOutputStream:75 - [STDERR_REDIRECT] 
2026-01-19 18:24:10,600 [ERROR] LogOutputStream:75 - [STDERR_REDIRECT] [Fatal Error] :1:1: Premature end of file.
2026-01-19 18:24:10,600 [ERROR] LogOutputStream:75 - [STDERR_REDIRECT] 
2026-01-19 18:24:11,612 [ERROR] LogOutputStream:75 - [STDERR_REDIRECT] [Fatal Error] :1:1: Premature end of file.
2026-01-19 18:24:11,613 [ERROR] LogOutputStream:75 - [STDERR_REDIRECT] 
2026-01-19 18:24:12,626 [ERROR] LogOutputStream:75 - [STDERR_REDIRECT] [Fatal Error] :1:1: Premature end of file.
2026-01-19 18:24:12,626 [ERROR] LogOutputStream:75 - [STDERR_REDIRECT] 
2026-01-19 18:24:13,609 [ERROR] LogOutputStream:75 - [STDERR_REDIRECT] [Fatal Error] :1:1: Premature end of file.
2026-01-19 18:24:13,610 [ERROR] LogOutputStream:75 - [STDERR_REDIRECT] 
2026-01-19 18:24:14,592 [ERROR] LogOutputStream:75 - [STDERR_REDIRECT] [Fatal Error] :1:1: Premature end of file.
2026-01-19 18:24:14,593 [ERROR] LogOutputStream:75 - [STDERR_REDIRECT] 
2026-01-19 18:24:15,591 [ERROR] LogOutputStream:75 - [STDERR_REDIRECT] [Fatal Error] :1:1: Premature end of file.
2026-01-19 18:24:15,592 [ERROR] LogOutputStream:75 - [STDERR_REDIRECT] 
2026-01-19 18:24:16,603 [ERROR] LogOutputStream:75 - [STDERR_REDIRECT] [Fatal Error] :1:1: Premature end of file.
2026-01-19 18:24:16,604 [ERROR] LogOutputStream:75 - [STDERR_REDIRECT] 
2026-01-19 18:24:17,602 [ERROR] LogOutputStream:75 - [STDERR_REDIRECT] [Fatal Error] :1:1: Premature end of file.
2026-01-19 18:24:17,602 [ERROR] LogOutputStream:75 - [STDERR_REDIRECT] 
2026-01-19 18:24:18,595 [ERROR] LogOutputStream:75 - [STDERR_REDIRECT] [Fatal Error] :1:1: Premature end of file.
2026-01-19 18:24:18,595 [ERROR] LogOutputStream:75 - [STDERR_REDIRECT] 
2026-01-19 18:24:19,603 [ERROR] LogOutputStream:75 - [STDERR_REDIRECT] [Fatal Error] :1:1: Premature end of file.
2026-01-19 18:24:19,603 [ERROR] LogOutputStream:75 - [STDERR_REDIRECT] 
2026-01-19 18:24:20,591 [ERROR] LogOutputStream:75 - [STDERR_REDIRECT] [Fatal Error] :1:1: Premature end of file.
2026-01-19 18:24:20,591 [ERROR] LogOutputStream:75 - [STDERR_REDIRECT] 
2026-01-19 18:24:21,595 [ERROR] LogOutputStream:75 - [STDERR_REDIRECT] [Fatal Error] :1:1: Premature end of file.
2026-01-19 18:24:21,595 [ERROR] LogOutputStream:75 - [STDERR_REDIRECT] 
2026-01-19 18:24:22,607 [ERROR] LogOutputStream:75 - [STDERR_REDIRECT] [Fatal Error] :1:1: Premature end of file.
2026-01-19 18:24:22,607 [ERROR] LogOutputStream:75 - [STDERR_REDIRECT] 
2026-01-19 18:24:23,603 [ERROR] LogOutputStream:75 - [STDERR_REDIRECT] [Fatal Error] :1:1: Premature end of file.
2026-01-19 18:24:23,604 [ERROR] LogOutputStream:75 - [STDERR_REDIRECT] 
2026-01-19 18:24:24,587 [ERROR] LogOutputStream:75 - [STDERR_REDIRECT] [Fatal Error] :1:1: Premature end of file.
2026-01-19 18:24:24,587 [ERROR] LogOutputStream:75 - [STDERR_REDIRECT] 
2026-01-19 18:24:25,613 [ERROR] LogOutputStream:75 - [STDERR_REDIRECT] [Fatal Error] :1:1: Premature end of file.
2026-01-19 18:24:25,614 [ERROR] LogOutputStream:75 - [STDERR_REDIRECT] 
2026-01-19 18:24:26,584 [ERROR] LogOutputStream:75 - [STDERR_REDIRECT] [Fatal Error] :1:1: Premature end of file.
2026-01-19 18:24:26,585 [ERROR] LogOutputStream:75 - [STDERR_REDIRECT] 
2026-01-19 18:24:27,582 [ERROR] LogOutputStream:75 - [STDERR_REDIRECT] [Fatal Error] :1:1: Premature end of file.
2026-01-19 18:24:27,583 [ERROR] LogOutputStream:75 - [STDERR_REDIRECT] 
2026-01-19 18:24:28,582 [ERROR] LogOutputStream:75 - [STDERR_REDIRECT] [Fatal Error] :1:1: Premature end of file.
2026-01-19 18:24:28,583 [ERROR] LogOutputStream:75 - [STDERR_REDIRECT] 
2026-01-19 18:24:29,582 [ERROR] LogOutputStream:75 - [STDERR_REDIRECT] [Fatal Error] :1:1: Premature end of file.
2026-01-19 18:24:29,583 [ERROR] LogOutputStream:75 - [STDERR_REDIRECT] 
2026-01-19 18:24:30,582 [ERROR] LogOutputStream:75 - [STDERR_REDIRECT] [Fatal Error] :1:1: Premature end of file.
2026-01-19 18:24:30,582 [ERROR] LogOutputStream:75 - [STDERR_REDIRECT] 
2026-01-19 18:24:31,575 [ERROR] LogOutputStream:75 - [STDERR_REDIRECT] [Fatal Error] :1:1: Premature end of file.
2026-01-19 18:24:31,575 [ERROR] LogOutputStream:75 - [STDERR_REDIRECT] 
2026-01-19 18:24:32,639 [ERROR] LogOutputStream:75 - [STDERR_REDIRECT] [Fatal Error] :1:1: Premature end of file.
2026-01-19 18:24:32,639 [ERROR] LogOutputStream:75 - [STDERR_REDIRECT] 
2026-01-19 18:24:33,597 [ERROR] LogOutputStream:75 - [STDERR_REDIRECT] [Fatal Error] :1:1: Premature end of file.
2026-01-19 18:24:33,598 [ERROR] LogOutputStream:75 - [STDERR_REDIRECT] 
2026-01-19 18:24:34,662 [ERROR] LogOutputStream:75 - [STDERR_REDIRECT] [Fatal Error] :1:1: Premature end of file.
2026-01-19 18:24:34,662 [ERROR] LogOutputStream:75 - [STDERR_REDIRECT] 
2026-01-19 18:24:35,601 [ERROR] LogOutputStream:75 - [STDERR_REDIRECT] [Fatal Error] :1:1: Premature end of file.
2026-01-19 18:24:35,601 [ERROR] LogOutputStream:75 - [STDERR_REDIRECT] 
2026-01-19 18:24:36,628 [ERROR] LogOutputStream:75 - [STDERR_REDIRECT] [Fatal Error] :1:1: Premature end of file.
2026-01-19 18:24:36,628 [ERROR] LogOutputStream:75 - [STDERR_REDIRECT] 
2026-01-19 18:24:37,590 [ERROR] LogOutputStream:75 - [STDERR_REDIRECT] [Fatal Error] :1:1: Premature end of file.
2026-01-19 18:24:37,590 [ERROR] LogOutputStream:75 - [STDERR_REDIRECT] 
2026-01-19 18:24:38,593 [ERROR] LogOutputStream:75 - [STDERR_REDIRECT] [Fatal Error] :1:1: Premature end of file.
2026-01-19 18:24:38,593 [ERROR] LogOutputStream:75 - [STDERR_REDIRECT] 
2026-01-19 18:24:39,595 [ERROR] LogOutputStream:75 - [STDERR_REDIRECT] [Fatal Error] :1:1: Premature end of file.
2026-01-19 18:24:39,595 [ERROR] LogOutputStream:75 - [STDERR_REDIRECT] 
2026-01-19 18:24:40,611 [ERROR] LogOutputStream:75 - [STDERR_REDIRECT] [Fatal Error] :1:1: Premature end of file.
2026-01-19 18:24:40,611 [ERROR] LogOutputStream:75 - [STDERR_REDIRECT] 
2026-01-19 18:24:41,579 [ERROR] LogOutputStream:75 - [STDERR_REDIRECT] [Fatal Error] :1:1: Premature end of file.
2026-01-19 18:24:41,580 [ERROR] LogOutputStream:75 - [STDERR_REDIRECT] 
2026-01-19 18:24:42,615 [ERROR] LogOutputStream:75 - [STDERR_REDIRECT] [Fatal Error] :1:1: Premature end of file.
2026-01-19 18:24:42,616 [ERROR] LogOutputStream:75 - [STDERR_REDIRECT] 
2026-01-19 18:24:43,594 [ERROR] LogOutputStream:75 - [STDERR_REDIRECT] [Fatal Error] :1:1: Premature end of file.
2026-01-19 18:24:43,595 [ERROR] LogOutputStream:75 - [STDERR_REDIRECT] 
2026-01-19 18:24:44,590 [ERROR] LogOutputStream:75 - [STDERR_REDIRECT] [Fatal Error] :1:1: Premature end of file.
2026-01-19 18:24:44,590 [ERROR] LogOutputStream:75 - [STDERR_REDIRECT] 
2026-01-19 18:24:45,593 [ERROR] LogOutputStream:75 - [STDERR_REDIRECT] [Fatal Error] :1:1: Premature end of file.
2026-01-19 18:24:45,593 [ERROR] LogOutputStream:75 - [STDERR_REDIRECT] 
2026-01-19 18:24:46,582 [ERROR] LogOutputStream:75 - [STDERR_REDIRECT] [Fatal Error] :1:1: Premature end of file.
2026-01-19 18:24:46,582 [ERROR] LogOutputStream:75 - [STDERR_REDIRECT] 
2026-01-19 18:24:47,584 [ERROR] LogOutputStream:75 - [STDERR_REDIRECT] [Fatal Error] :1:1: Premature end of file.
2026-01-19 18:24:47,584 [ERROR] LogOutputStream:75 - [STDERR_REDIRECT] 
2026-01-19 18:24:48,592 [ERROR] LogOutputStream:75 - [STDERR_REDIRECT] [Fatal Error] :1:1: Premature end of file.
2026-01-19 18:24:48,592 [ERROR] LogOutputStream:75 - [STDERR_REDIRECT] 
2026-01-19 18:24:49,589 [ERROR] LogOutputStream:75 - [STDERR_REDIRECT] [Fatal Error] :1:1: Premature end of file.
2026-01-19 18:24:49,589 [ERROR] LogOutputStream:75 - [STDERR_REDIRECT] 
2026-01-19 18:24:50,598 [ERROR] LogOutputStream:75 - [STDERR_REDIRECT] [Fatal Error] :1:1: Premature end of file.
2026-01-19 18:24:50,600 [ERROR] LogOutputStream:75 - [STDERR_REDIRECT] 
2026-01-19 18:24:51,632 [ERROR] LogOutputStream:75 - [STDERR_REDIRECT] [Fatal Error] :1:1: Premature end of file.
2026-01-19 18:24:51,632 [ERROR] LogOutputStream:75 - [STDERR_REDIRECT] 
2026-01-19 18:24:52,590 [ERROR] LogOutputStream:75 - [STDERR_REDIRECT] [Fatal Error] :1:1: Premature end of file.
2026-01-19 18:24:52,590 [ERROR] LogOutputStream:75 - [STDERR_REDIRECT] 
2026-01-19 18:24:53,585 [ERROR] LogOutputStream:75 - [STDERR_REDIRECT] [Fatal Error] :1:1: Premature end of file.
2026-01-19 18:24:53,586 [ERROR] LogOutputStream:75 - [STDERR_REDIRECT] 
2026-01-19 18:24:54,627 [ERROR] LogOutputStream:75 - [STDERR_REDIRECT] [Fatal Error] :1:1: Premature end of file.
2026-01-19 18:24:54,627 [ERROR] LogOutputStream:75 - [STDERR_REDIRECT] 
2026-01-19 18:24:55,589 [ERROR] LogOutputStream:75 - [STDERR_REDIRECT] [Fatal Error] :1:1: Premature end of file.
2026-01-19 18:24:55,589 [ERROR] LogOutputStream:75 - [STDERR_REDIRECT] 
2026-01-19 18:24:56,582 [ERROR] LogOutputStream:75 - [STDERR_REDIRECT] [Fatal Error] :1:1: Premature end of file.
2026-01-19 18:24:56,582 [ERROR] LogOutputStream:75 - [STDERR_REDIRECT] 
2026-01-19 18:24:57,609 [ERROR] LogOutputStream:75 - [STDERR_REDIRECT] [Fatal Error] :1:1: Premature end of file.
2026-01-19 18:24:57,609 [ERROR] LogOutputStream:75 - [STDERR_REDIRECT] 
2026-01-19 18:24:58,598 [ERROR] LogOutputStream:75 - [STDERR_REDIRECT] [Fatal Error] :1:1: Premature end of file.
2026-01-19 18:24:58,599 [ERROR] LogOutputStream:75 - [STDERR_REDIRECT] 
2026-01-19 18:24:59,601 [ERROR] LogOutputStream:75 - [STDERR_REDIRECT] [Fatal Error] :1:1: Premature end of file.
2026-01-19 18:24:59,602 [ERROR] LogOutputStream:75 - [STDERR_REDIRECT] 
2026-01-19 18:25:00,614 [ERROR] LogOutputStream:75 - [STDERR_REDIRECT] [Fatal Error] :1:1: Premature end of file.
2026-01-19 18:25:00,614 [ERROR] LogOutputStream:75 - [STDERR_REDIRECT] 
2026-01-19 18:25:01,579 [ERROR] LogOutputStream:75 - [STDERR_REDIRECT] [Fatal Error] :1:1: Premature end of file.
2026-01-19 18:25:01,579 [ERROR] LogOutputStream:75 - [STDERR_REDIRECT] 
2026-01-19 18:25:02,579 [ERROR] LogOutputStream:75 - [STDERR_REDIRECT] [Fatal Error] :1:1: Premature end of file.
2026-01-19 18:25:02,579 [ERROR] LogOutputStream:75 - [STDERR_REDIRECT] 
2026-01-19 18:25:03,599 [ERROR] LogOutputStream:75 - [STDERR_REDIRECT] [Fatal Error] :1:1: Premature end of file.
2026-01-19 18:25:03,599 [ERROR] LogOutputStream:75 - [STDERR_REDIRECT] 
2026-01-19 18:25:04,581 [ERROR] LogOutputStream:75 - [STDERR_REDIRECT] [Fatal Error] :1:1: Premature end of file.
2026-01-19 18:25:04,581 [ERROR] LogOutputStream:75 - [STDERR_REDIRECT] 
2026-01-19 18:25:05,581 [ERROR] LogOutputStream:75 - [STDERR_REDIRECT] [Fatal Error] :1:1: Premature end of file.
2026-01-19 18:25:05,581 [ERROR] LogOutputStream:75 - [STDERR_REDIRECT] 
2026-01-19 18:25:06,598 [ERROR] LogOutputStream:75 - [STDERR_REDIRECT] [Fatal Error] :1:1: Premature end of file.
2026-01-19 18:25:06,598 [ERROR] LogOutputStream:75 - [STDERR_REDIRECT] 
2026-01-19 18:25:07,638 [ERROR] LogOutputStream:75 - [STDERR_REDIRECT] [Fatal Error] :1:1: Premature end of file.
2026-01-19 18:25:07,639 [ERROR] LogOutputStream:75 - [STDERR_REDIRECT] 
2026-01-19 18:25:08,590 [ERROR] LogOutputStream:75 - [STDERR_REDIRECT] [Fatal Error] :1:1: Premature end of file.
2026-01-19 18:25:08,590 [ERROR] LogOutputStream:75 - [STDERR_REDIRECT] 
2026-01-19 18:25:09,588 [ERROR] LogOutputStream:75 - [STDERR_REDIRECT] [Fatal Error] :1:1: Premature end of file.
2026-01-19 18:25:09,589 [ERROR] LogOutputStream:75 - [STDERR_REDIRECT] 
2026-01-19 18:25:10,601 [ERROR] LogOutputStream:75 - [STDERR_REDIRECT] [Fatal Error] :1:1: Premature end of file.
2026-01-19 18:25:10,602 [ERROR] LogOutputStream:75 - [STDERR_REDIRECT] 
2026-01-19 18:25:11,592 [ERROR] LogOutputStream:75 - [STDERR_REDIRECT] [Fatal Error] :1:1: Premature end of file.
2026-01-19 18:25:11,594 [ERROR] LogOutputStream:75 - [STDERR_REDIRECT] 
2026-01-19 18:25:12,612 [ERROR] LogOutputStream:75 - [STDERR_REDIRECT] [Fatal Error] :1:1: Premature end of file.
2026-01-19 18:25:12,614 [ERROR] LogOutputStream:75 - [STDERR_REDIRECT] 
2026-01-19 18:25:13,590 [ERROR] LogOutputStream:75 - [STDERR_REDIRECT] [Fatal Error] :1:1: Premature end of file.
2026-01-19 18:25:13,590 [ERROR] LogOutputStream:75 - [STDERR_REDIRECT] 
2026-01-19 18:25:14,606 [ERROR] LogOutputStream:75 - [STDERR_REDIRECT] [Fatal Error] :1:1: Premature end of file.
2026-01-19 18:25:14,606 [ERROR] LogOutputStream:75 - [STDERR_REDIRECT] 
2026-01-19 18:25:15,618 [ERROR] LogOutputStream:75 - [STDERR_REDIRECT] [Fatal Error] :1:1: Premature end of file.
2026-01-19 18:25:15,618 [ERROR] LogOutputStream:75 - [STDERR_REDIRECT] 
2026-01-19 18:25:16,616 [ERROR] LogOutputStream:75 - [STDERR_REDIRECT] [Fatal Error] :1:1: Premature end of file.
2026-01-19 18:25:16,617 [ERROR] LogOutputStream:75 - [STDERR_REDIRECT] 
2026-01-19 18:25:17,592 [ERROR] LogOutputStream:75 - [STDERR_REDIRECT] [Fatal Error] :1:1: Premature end of file.
2026-01-19 18:25:17,592 [ERROR] LogOutputStream:75 - [STDERR_REDIRECT] 
2026-01-19 18:25:18,595 [ERROR] LogOutputStream:75 - [STDERR_REDIRECT] [Fatal Error] :1:1: Premature end of file.
2026-01-19 18:25:18,595 [ERROR] LogOutputStream:75 - [STDERR_REDIRECT] 
2026-01-19 18:25:19,585 [ERROR] LogOutputStream:75 - [STDERR_REDIRECT] [Fatal Error] :1:1: Premature end of file.
2026-01-19 18:25:19,586 [ERROR] LogOutputStream:75 - [STDERR_REDIRECT] 
2026-01-19 18:25:20,594 [ERROR] LogOutputStream:75 - [STDERR_REDIRECT] [Fatal Error] :1:1: Premature end of file.
2026-01-19 18:25:20,594 [ERROR] LogOutputStream:75 - [STDERR_REDIRECT] 
2026-01-19 18:25:21,592 [ERROR] LogOutputStream:75 - [STDERR_REDIRECT] [Fatal Error] :1:1: Premature end of file.
2026-01-19 18:25:21,593 [ERROR] LogOutputStream:75 - [STDERR_REDIRECT] 
2026-01-19 18:25:22,617 [ERROR] LogOutputStream:75 - [STDERR_REDIRECT] [Fatal Error] :1:1: Premature end of file.
2026-01-19 18:25:22,618 [ERROR] LogOutputStream:75 - [STDERR_REDIRECT] 
2026-01-19 18:25:23,596 [ERROR] LogOutputStream:75 - [STDERR_REDIRECT] [Fatal Error] :1:1: Premature end of file.
2026-01-19 18:25:23,596 [ERROR] LogOutputStream:75 - [STDERR_REDIRECT] 
2026-01-19 18:25:24,620 [ERROR] LogOutputStream:75 - [STDERR_REDIRECT] [Fatal Error] :1:1: Premature end of file.
2026-01-19 18:25:24,621 [ERROR] LogOutputStream:75 - [STDERR_REDIRECT] 
2026-01-19 18:25:25,583 [ERROR] LogOutputStream:75 - [STDERR_REDIRECT] [Fatal Error] :1:1: Premature end of file.
2026-01-19 18:25:25,583 [ERROR] LogOutputStream:75 - [STDERR_REDIRECT] 
2026-01-19 18:25:26,582 [ERROR] LogOutputStream:75 - [STDERR_REDIRECT] [Fatal Error] :1:1: Premature end of file.
2026-01-19 18:25:26,582 [ERROR] LogOutputStream:75 - [STDERR_REDIRECT] 
2026-01-19 18:25:27,604 [ERROR] LogOutputStream:75 - [STDERR_REDIRECT] [Fatal Error] :1:1: Premature end of file.
2026-01-19 18:25:27,606 [ERROR] LogOutputStream:75 - [STDERR_REDIRECT] 
2026-01-19 18:25:28,599 [ERROR] LogOutputStream:75 - [STDERR_REDIRECT] [Fatal Error] :1:1: Premature end of file.
2026-01-19 18:25:28,600 [ERROR] LogOutputStream:75 - [STDERR_REDIRECT] 
2026-01-19 18:25:29,592 [ERROR] LogOutputStream:75 - [STDERR_REDIRECT] [Fatal Error] :1:1: Premature end of file.
2026-01-19 18:25:29,593 [ERROR] LogOutputStream:75 - [STDERR_REDIRECT] 
2026-01-19 18:25:30,598 [ERROR] LogOutputStream:75 - [STDERR_REDIRECT] [Fatal Error] :1:1: Premature end of file.
2026-01-19 18:25:30,598 [ERROR] LogOutputStream:75 - [STDERR_REDIRECT] 
2026-01-19 18:25:31,592 [ERROR] LogOutputStream:75 - [STDERR_REDIRECT] [Fatal Error] :1:1: Premature end of file.
2026-01-19 18:25:31,592 [ERROR] LogOutputStream:75 - [STDERR_REDIRECT] 
2026-01-19 18:25:32,592 [ERROR] LogOutputStream:75 - [STDERR_REDIRECT] [Fatal Error] :1:1: Premature end of file.
2026-01-19 18:25:32,592 [ERROR] LogOutputStream:75 - [STDERR_REDIRECT] 
2026-01-19 18:25:33,483 [ERROR] ConfigurationRetriever:142 - IOException on connection: Read timed out
2026-01-19 18:25:33,629 [ERROR] LogOutputStream:75 - [STDERR_REDIRECT] [Fatal Error] :1:1: Premature end of file.
2026-01-19 18:25:33,629 [ERROR] LogOutputStream:75 - [STDERR_REDIRECT] 
2026-01-19 18:25:34,592 [ERROR] LogOutputStream:75 - [STDERR_REDIRECT] [Fatal Error] :1:1: Premature end of file.
2026-01-19 18:25:34,592 [ERROR] LogOutputStream:75 - [STDERR_REDIRECT] 
2026-01-19 18:25:35,589 [ERROR] LogOutputStream:75 - [STDERR_REDIRECT] [Fatal Error] :1:1: Premature end of file.
2026-01-19 18:25:35,589 [ERROR] LogOutputStream:75 - [STDERR_REDIRECT] 
2026-01-19 18:25:36,600 [ERROR] LogOutputStream:75 - [STDERR_REDIRECT] [Fatal Error] :1:1: Premature end of file.
2026-01-19 18:25:36,600 [ERROR] LogOutputStream:75 - [STDERR_REDIRECT] 
2026-01-19 18:25:37,587 [ERROR] LogOutputStream:75 - [STDERR_REDIRECT] [Fatal Error] :1:1: Premature end of file.
2026-01-19 18:25:37,588 [ERROR] LogOutputStream:75 - [STDERR_REDIRECT] 
2026-01-19 18:25:38,590 [ERROR] LogOutputStream:75 - [STDERR_REDIRECT] [Fatal Error] :1:1: Premature end of file.
2026-01-19 18:25:38,590 [ERROR] LogOutputStream:75 - [STDERR_REDIRECT] 
2026-01-19 18:25:39,602 [ERROR] LogOutputStream:75 - [STDERR_REDIRECT] [Fatal Error] :1:1: Premature end of file.
2026-01-19 18:25:39,603 [ERROR] LogOutputStream:75 - [STDERR_REDIRECT] 
2026-01-19 18:25:40,595 [ERROR] LogOutputStream:75 - [STDERR_REDIRECT] [Fatal Error] :1:1: Premature end of file.
2026-01-19 18:25:40,596 [ERROR] LogOutputStream:75 - [STDERR_REDIRECT] 
2026-01-19 18:25:41,591 [ERROR] LogOutputStream:75 - [STDERR_REDIRECT] [Fatal Error] :1:1: Premature end of file.
2026-01-19 18:25:41,591 [ERROR] LogOutputStream:75 - [STDERR_REDIRECT] 
2026-01-19 18:25:42,600 [ERROR] LogOutputStream:75 - [STDERR_REDIRECT] [Fatal Error] :1:1: Premature end of file.
2026-01-19 18:25:42,601 [ERROR] LogOutputStream:75 - [STDERR_REDIRECT] 
2026-01-19 18:25:43,596 [ERROR] LogOutputStream:75 - [STDERR_REDIRECT] [Fatal Error] :1:1: Premature end of file.
2026-01-19 18:25:43,597 [ERROR] LogOutputStream:75 - [STDERR_REDIRECT] 
2026-01-19 18:25:44,602 [ERROR] LogOutputStream:75 - [STDERR_REDIRECT] [Fatal Error] :1:1: Premature end of file.
2026-01-19 18:25:44,602 [ERROR] LogOutputStream:75 - [STDERR_REDIRECT] 
2026-01-19 18:25:45,591 [ERROR] LogOutputStream:75 - [STDERR_REDIRECT] [Fatal Error] :1:1: Premature end of file.
2026-01-19 18:25:45,592 [ERROR] LogOutputStream:75 - [STDERR_REDIRECT] 
2026-01-19 18:25:46,589 [ERROR] LogOutputStream:75 - [STDERR_REDIRECT] [Fatal Error] :1:1: Premature end of file.
2026-01-19 18:25:46,589 [ERROR] LogOutputStream:75 - [STDERR_REDIRECT] 
2026-01-19 18:25:47,589 [ERROR] LogOutputStream:75 - [STDERR_REDIRECT] [Fatal Error] :1:1: Premature end of file.
2026-01-19 18:25:47,590 [ERROR] LogOutputStream:75 - [STDERR_REDIRECT] 
2026-01-19 18:25:48,598 [ERROR] LogOutputStream:75 - [STDERR_REDIRECT] [Fatal Error] :1:1: Premature end of file.
2026-01-19 18:25:48,599 [ERROR] LogOutputStream:75 - [STDERR_REDIRECT] 
2026-01-19 18:25:49,589 [ERROR] LogOutputStream:75 - [STDERR_REDIRECT] [Fatal Error] :1:1: Premature end of file.
2026-01-19 18:25:49,589 [ERROR] LogOutputStream:75 - [STDERR_REDIRECT] 
2026-01-19 18:25:50,604 [ERROR] LogOutputStream:75 - [STDERR_REDIRECT] [Fatal Error] :1:1: Premature end of file.
2026-01-19 18:25:50,605 [ERROR] LogOutputStream:75 - [STDERR_REDIRECT] 
2026-01-19 18:25:51,590 [ERROR] LogOutputStream:75 - [STDERR_REDIRECT] [Fatal Error] :1:1: Premature end of file.
2026-01-19 18:25:51,591 [ERROR] LogOutputStream:75 - [STDERR_REDIRECT] 
2026-01-19 18:25:52,599 [ERROR] LogOutputStream:75 - [STDERR_REDIRECT] [Fatal Error] :1:1: Premature end of file.
2026-01-19 18:25:52,599 [ERROR] LogOutputStream:75 - [STDERR_REDIRECT] 
2026-01-19 18:25:53,611 [ERROR] LogOutputStream:75 - [STDERR_REDIRECT] [Fatal Error] :1:1: Premature end of file.
2026-01-19 18:25:53,612 [ERROR] LogOutputStream:75 - [STDERR_REDIRECT] 
2026-01-19 18:25:54,593 [ERROR] LogOutputStream:75 - [STDERR_REDIRECT] [Fatal Error] :1:1: Premature end of file.
2026-01-19 18:25:54,594 [ERROR] LogOutputStream:75 - [STDERR_REDIRECT] 
2026-01-19 18:25:55,592 [ERROR] LogOutputStream:75 - [STDERR_REDIRECT] [Fatal Error] :1:1: Premature end of file.
2026-01-19 18:25:55,593 [ERROR] LogOutputStream:75 - [STDERR_REDIRECT] 
2026-01-19 18:25:56,595 [ERROR] LogOutputStream:75 - [STDERR_REDIRECT] [Fatal Error] :1:1: Premature end of file.
2026-01-19 18:25:56,596 [ERROR] LogOutputStream:75 - [STDERR_REDIRECT] 
2026-01-19 18:25:57,582 [ERROR] LogOutputStream:75 - [STDERR_REDIRECT] [Fatal Error] :1:1: Premature end of file.
2026-01-19 18:25:57,582 [ERROR] LogOutputStream:75 - [STDERR_REDIRECT] 
2026-01-19 18:25:58,592 [ERROR] LogOutputStream:75 - [STDERR_REDIRECT] [Fatal Error] :1:1: Premature end of file.
2026-01-19 18:25:58,592 [ERROR] LogOutputStream:75 - [STDERR_REDIRECT] 
2026-01-19 18:25:59,601 [ERROR] LogOutputStream:75 - [STDERR_REDIRECT] [Fatal Error] :1:1: Premature end of file.
2026-01-19 18:25:59,602 [ERROR] LogOutputStream:75 - [STDERR_REDIRECT] 
2026-01-19 18:26:00,621 [ERROR] LogOutputStream:75 - [STDERR_REDIRECT] [Fatal Error] :1:1: Premature end of file.
2026-01-19 18:26:00,621 [ERROR] LogOutputStream:75 - [STDERR_REDIRECT] 
2026-01-19 18:26:01,581 [ERROR] LogOutputStream:75 - [STDERR_REDIRECT] [Fatal Error] :1:1: Premature end of file.
2026-01-19 18:26:01,581 [ERROR] LogOutputStream:75 - [STDERR_REDIRECT] 
2026-01-19 18:26:02,604 [ERROR] LogOutputStream:75 - [STDERR_REDIRECT] [Fatal Error] :1:1: Premature end of file.
2026-01-19 18:26:02,604 [ERROR] LogOutputStream:75 - [STDERR_REDIRECT] 
2026-01-19 18:26:03,589 [ERROR] LogOutputStream:75 - [STDERR_REDIRECT] [Fatal Error] :1:1: Premature end of file.
2026-01-19 18:26:03,589 [ERROR] LogOutputStream:75 - [STDERR_REDIRECT] 
2026-01-19 18:26:04,579 [ERROR] LogOutputStream:75 - [STDERR_REDIRECT] [Fatal Error] :1:1: Premature end of file.
2026-01-19 18:26:04,579 [ERROR] LogOutputStream:75 - [STDERR_REDIRECT] 
2026-01-19 18:26:05,593 [ERROR] LogOutputStream:75 - [STDERR_REDIRECT] [Fatal Error] :1:1: Premature end of file.
2026-01-19 18:26:05,593 [ERROR] LogOutputStream:75 - [STDERR_REDIRECT] 
2026-01-19 18:26:06,603 [ERROR] LogOutputStream:75 - [STDERR_REDIRECT] [Fatal Error] :1:1: Premature end of file.
2026-01-19 18:26:06,603 [ERROR] LogOutputStream:75 - [STDERR_REDIRECT] 
2026-01-19 18:26:07,587 [ERROR] LogOutputStream:75 - [STDERR_REDIRECT] [Fatal Error] :1:1: Premature end of file.
2026-01-19 18:26:07,587 [ERROR] LogOutputStream:75 - [STDERR_REDIRECT] 
2026-01-19 18:26:08,612 [ERROR] LogOutputStream:75 - [STDERR_REDIRECT] [Fatal Error] :1:1: Premature end of file.
2026-01-19 18:26:08,613 [ERROR] LogOutputStream:75 - [STDERR_REDIRECT] 
2026-01-19 18:26:09,599 [ERROR] LogOutputStream:75 - [STDERR_REDIRECT] [Fatal Error] :1:1: Premature end of file.
2026-01-19 18:26:09,600 [ERROR] LogOutputStream:75 - [STDERR_REDIRECT] 
2026-01-19 18:26:10,594 [ERROR] LogOutputStream:75 - [STDERR_REDIRECT] [Fatal Error] :1:1: Premature end of file.
2026-01-19 18:26:10,595 [ERROR] LogOutputStream:75 - [STDERR_REDIRECT] 
2026-01-19 18:26:11,583 [ERROR] LogOutputStream:75 - [STDERR_REDIRECT] [Fatal Error] :1:1: Premature end of file.
2026-01-19 18:26:11,583 [ERROR] LogOutputStream:75 - [STDERR_REDIRECT] 
2026-01-19 18:26:12,594 [ERROR] LogOutputStream:75 - [STDERR_REDIRECT] [Fatal Error] :1:1: Premature end of file.
2026-01-19 18:26:12,594 [ERROR] LogOutputStream:75 - [STDERR_REDIRECT] 
2026-01-19 18:26:13,595 [ERROR] LogOutputStream:75 - [STDERR_REDIRECT] [Fatal Error] :1:1: Premature end of file.
2026-01-19 18:26:13,596 [ERROR] LogOutputStream:75 - [STDERR_REDIRECT] 
2026-01-19 18:26:14,583 [ERROR] LogOutputStream:75 - [STDERR_REDIRECT] [Fatal Error] :1:1: Premature end of file.
2026-01-19 18:26:14,583 [ERROR] LogOutputStream:75 - [STDERR_REDIRECT] 
2026-01-19 18:26:15,581 [ERROR] LogOutputStream:75 - [STDERR_REDIRECT] [Fatal Error] :1:1: Premature end of file.
2026-01-19 18:26:15,581 [ERROR] LogOutputStream:75 - [STDERR_REDIRECT] 
2026-01-19 18:26:16,589 [ERROR] LogOutputStream:75 - [STDERR_REDIRECT] [Fatal Error] :1:1: Premature end of file.
2026-01-19 18:26:16,590 [ERROR] LogOutputStream:75 - [STDERR_REDIRECT] 
2026-01-19 18:26:17,585 [ERROR] LogOutputStream:75 - [STDERR_REDIRECT] [Fatal Error] :1:1: Premature end of file.
2026-01-19 18:26:17,585 [ERROR] LogOutputStream:75 - [STDERR_REDIRECT] 
2026-01-19 18:26:18,589 [ERROR] LogOutputStream:75 - [STDERR_REDIRECT] [Fatal Error] :1:1: Premature end of file.
2026-01-19 18:26:18,589 [ERROR] LogOutputStream:75 - [STDERR_REDIRECT] 
2026-01-19 18:26:19,587 [ERROR] LogOutputStream:75 - [STDERR_REDIRECT] [Fatal Error] :1:1: Premature end of file.
2026-01-19 18:26:19,588 [ERROR] LogOutputStream:75 - [STDERR_REDIRECT] 
2026-01-19 18:26:20,588 [ERROR] LogOutputStream:75 - [STDERR_REDIRECT] [Fatal Error] :1:1: Premature end of file.
2026-01-19 18:26:20,588 [ERROR] LogOutputStream:75 - [STDERR_REDIRECT] 
2026-01-19 18:26:21,596 [ERROR] LogOutputStream:75 - [STDERR_REDIRECT] [Fatal Error] :1:1: Premature end of file.
2026-01-19 18:26:21,597 [ERROR] LogOutputStream:75 - [STDERR_REDIRECT] 
2026-01-19 18:26:22,595 [ERROR] LogOutputStream:75 - [STDERR_REDIRECT] [Fatal Error] :1:1: Premature end of file.
2026-01-19 18:26:22,595 [ERROR] LogOutputStream:75 - [STDERR_REDIRECT] 
2026-01-19 18:26:23,625 [ERROR] LogOutputStream:75 - [STDERR_REDIRECT] [Fatal Error] :1:1: Premature end of file.
2026-01-19 18:26:23,626 [ERROR] LogOutputStream:75 - [STDERR_REDIRECT] 
2026-01-19 18:26:24,587 [ERROR] LogOutputStream:75 - [STDERR_REDIRECT] [Fatal Error] :1:1: Premature end of file.
2026-01-19 18:26:24,587 [ERROR] LogOutputStream:75 - [STDERR_REDIRECT] 
2026-01-19 18:26:25,585 [ERROR] LogOutputStream:75 - [STDERR_REDIRECT] [Fatal Error] :1:1: Premature end of file.
2026-01-19 18:26:25,585 [ERROR] LogOutputStream:75 - [STDERR_REDIRECT] 
2026-01-19 18:26:26,584 [ERROR] LogOutputStream:75 - [STDERR_REDIRECT] [Fatal Error] :1:1: Premature end of file.
2026-01-19 18:26:26,585 [ERROR] LogOutputStream:75 - [STDERR_REDIRECT] 
2026-01-19 18:26:27,580 [ERROR] LogOutputStream:75 - [STDERR_REDIRECT] [Fatal Error] :1:1: Premature end of file.
2026-01-19 18:26:27,581 [ERROR] LogOutputStream:75 - [STDERR_REDIRECT] 
2026-01-19 18:26:28,579 [ERROR] LogOutputStream:75 - [STDERR_REDIRECT] [Fatal Error] :1:1: Premature end of file.
2026-01-19 18:26:28,579 [ERROR] LogOutputStream:75 - [STDERR_REDIRECT] 
2026-01-19 18:26:29,597 [ERROR] LogOutputStream:75 - [STDERR_REDIRECT] [Fatal Error] :1:1: Premature end of file.
2026-01-19 18:26:29,597 [ERROR] LogOutputStream:75 - [STDERR_REDIRECT] 
2026-01-19 18:26:30,584 [ERROR] LogOutputStream:75 - [STDERR_REDIRECT] [Fatal Error] :1:1: Premature end of file.
2026-01-19 18:26:30,584 [ERROR] LogOutputStream:75 - [STDERR_REDIRECT] 
2026-01-19 18:26:31,576 [ERROR] LogOutputStream:75 - [STDERR_REDIRECT] [Fatal Error] :1:1: Premature end of file.
2026-01-19 18:26:31,576 [ERROR] LogOutputStream:75 - [STDERR_REDIRECT] 
2026-01-19 18:26:32,585 [ERROR] LogOutputStream:75 - [STDERR_REDIRECT] [Fatal Error] :1:1: Premature end of file.
2026-01-19 18:26:32,585 [ERROR] LogOutputStream:75 - [STDERR_REDIRECT] 
2026-01-19 18:26:33,585 [ERROR] LogOutputStream:75 - [STDERR_REDIRECT] [Fatal Error] :1:1: Premature end of file.
2026-01-19 18:26:33,585 [ERROR] LogOutputStream:75 - [STDERR_REDIRECT] 
2026-01-19 18:26:34,584 [ERROR] LogOutputStream:75 - [STDERR_REDIRECT] [Fatal Error] :1:1: Premature end of file.
2026-01-19 18:26:34,584 [ERROR] LogOutputStream:75 - [STDERR_REDIRECT] 
2026-01-19 18:26:35,582 [ERROR] LogOutputStream:75 - [STDERR_REDIRECT] [Fatal Error] :1:1: Premature end of file.
2026-01-19 18:26:35,583 [ERROR] LogOutputStream:75 - [STDERR_REDIRECT] 
2026-01-19 18:26:36,590 [ERROR] LogOutputStream:75 - [STDERR_REDIRECT] [Fatal Error] :1:1: Premature end of file.
2026-01-19 18:26:36,590 [ERROR] LogOutputStream:75 - [STDERR_REDIRECT] 
2026-01-19 18:26:37,583 [ERROR] LogOutputStream:75 - [STDERR_REDIRECT] [Fatal Error] :1:1: Premature end of file.
2026-01-19 18:26:37,584 [ERROR] LogOutputStream:75 - [STDERR_REDIRECT] 
2026-01-19 18:26:38,593 [ERROR] LogOutputStream:75 - [STDERR_REDIRECT] [Fatal Error] :1:1: Premature end of file.
2026-01-19 18:26:38,593 [ERROR] LogOutputStream:75 - [STDERR_REDIRECT] 
2026-01-19 18:26:39,589 [ERROR] LogOutputStream:75 - [STDERR_REDIRECT] [Fatal Error] :1:1: Premature end of file.
2026-01-19 18:26:39,589 [ERROR] LogOutputStream:75 - [STDERR_REDIRECT] 
2026-01-19 18:26:40,593 [ERROR] LogOutputStream:75 - [STDERR_REDIRECT] [Fatal Error] :1:1: Premature end of file.
2026-01-19 18:26:40,593 [ERROR] LogOutputStream:75 - [STDERR_REDIRECT] 
2026-01-19 18:26:41,587 [ERROR] LogOutputStream:75 - [STDERR_REDIRECT] [Fatal Error] :1:1: Premature end of file.
2026-01-19 18:26:41,587 [ERROR] LogOutputStream:75 - [STDERR_REDIRECT] 
2026-01-19 18:26:42,591 [ERROR] LogOutputStream:75 - [STDERR_REDIRECT] [Fatal Error] :1:1: Premature end of file.
2026-01-19 18:26:42,591 [ERROR] LogOutputStream:75 - [STDERR_REDIRECT] 
2026-01-19 18:26:43,583 [ERROR] LogOutputStream:75 - [STDERR_REDIRECT] [Fatal Error] :1:1: Premature end of file.
2026-01-19 18:26:43,583 [ERROR] LogOutputStream:75 - [STDERR_REDIRECT] 
2026-01-19 18:26:44,594 [ERROR] LogOutputStream:75 - [STDERR_REDIRECT] [Fatal Error] :1:1: Premature end of file.
2026-01-19 18:26:44,595 [ERROR] LogOutputStream:75 - [STDERR_REDIRECT] 
2026-01-19 18:26:45,580 [ERROR] LogOutputStream:75 - [STDERR_REDIRECT] [Fatal Error] :1:1: Premature end of file.
2026-01-19 18:26:45,580 [ERROR] LogOutputStream:75 - [STDERR_REDIRECT] 
2026-01-19 18:26:46,594 [ERROR] LogOutputStream:75 - [STDERR_REDIRECT] [Fatal Error] :1:1: Premature end of file.
2026-01-19 18:26:46,594 [ERROR] LogOutputStream:75 - [STDERR_REDIRECT] 
2026-01-19 18:26:47,584 [ERROR] LogOutputStream:75 - [STDERR_REDIRECT] [Fatal Error] :1:1: Premature end of file.
2026-01-19 18:26:47,584 [ERROR] LogOutputStream:75 - [STDERR_REDIRECT] 
2026-01-19 18:26:48,582 [ERROR] LogOutputStream:75 - [STDERR_REDIRECT] [Fatal Error] :1:1: Premature end of file.
2026-01-19 18:26:48,583 [ERROR] LogOutputStream:75 - [STDERR_REDIRECT] 
2026-01-19 18:26:49,597 [ERROR] LogOutputStream:75 - [STDERR_REDIRECT] [Fatal Error] :1:1: Premature end of file.
2026-01-19 18:26:49,597 [ERROR] LogOutputStream:75 - [STDERR_REDIRECT] 
2026-01-19 18:26:50,585 [ERROR] LogOutputStream:75 - [STDERR_REDIRECT] [Fatal Error] :1:1: Premature end of file.
2026-01-19 18:26:50,585 [ERROR] LogOutputStream:75 - [STDERR_REDIRECT] 
2026-01-19 18:26:51,582 [ERROR] LogOutputStream:75 - [STDERR_REDIRECT] [Fatal Error] :1:1: Premature end of file.
2026-01-19 18:26:51,583 [ERROR] LogOutputStream:75 - [STDERR_REDIRECT] 
2026-01-19 18:26:52,608 [ERROR] LogOutputStream:75 - [STDERR_REDIRECT] [Fatal Error] :1:1: Premature end of file.
2026-01-19 18:26:52,608 [ERROR] LogOutputStream:75 - [STDERR_REDIRECT] 
2026-01-19 18:26:53,616 [ERROR] LogOutputStream:75 - [STDERR_REDIRECT] [Fatal Error] :1:1: Premature end of file.
2026-01-19 18:26:53,616 [ERROR] LogOutputStream:75 - [STDERR_REDIRECT] 
2026-01-19 18:26:54,590 [ERROR] LogOutputStream:75 - [STDERR_REDIRECT] [Fatal Error] :1:1: Premature end of file.
2026-01-19 18:26:54,590 [ERROR] LogOutputStream:75 - [STDERR_REDIRECT] 
2026-01-19 18:26:55,601 [ERROR] LogOutputStream:75 - [STDERR_REDIRECT] [Fatal Error] :1:1: Premature end of file.
2026-01-19 18:26:55,601 [ERROR] LogOutputStream:75 - [STDERR_REDIRECT] 
2026-01-19 18:26:56,589 [ERROR] LogOutputStream:75 - [STDERR_REDIRECT] [Fatal Error] :1:1: Premature end of file.
2026-01-19 18:26:56,589 [ERROR] LogOutputStream:75 - [STDERR_REDIRECT] 
2026-01-19 18:26:57,601 [ERROR] LogOutputStream:75 - [STDERR_REDIRECT] [Fatal Error] :1:1: Premature end of file.
2026-01-19 18:26:57,601 [ERROR] LogOutputStream:75 - [STDERR_REDIRECT] 
2026-01-19 18:26:58,598 [ERROR] LogOutputStream:75 - [STDERR_REDIRECT] [Fatal Error] :1:1: Premature end of file.
2026-01-19 18:26:58,598 [ERROR] LogOutputStream:75 - [STDERR_REDIRECT] 
2026-01-19 18:26:59,591 [ERROR] LogOutputStream:75 - [STDERR_REDIRECT] [Fatal Error] :1:1: Premature end of file.
2026-01-19 18:26:59,592 [ERROR] LogOutputStream:75 - [STDERR_REDIRECT] 
2026-01-19 18:27:00,600 [ERROR] LogOutputStream:75 - [STDERR_REDIRECT] [Fatal Error] :1:1: Premature end of file.
2026-01-19 18:27:00,601 [ERROR] LogOutputStream:75 - [STDERR_REDIRECT] 
2026-01-19 18:27:01,641 [ERROR] LogOutputStream:75 - [STDERR_REDIRECT] [Fatal Error] :1:1: Premature end of file.
2026-01-19 18:27:01,641 [ERROR] LogOutputStream:75 - [STDERR_REDIRECT] 
2026-01-19 18:27:02,574 [ERROR] LogOutputStream:75 - [STDERR_REDIRECT] [Fatal Error] :1:1: Premature end of file.
2026-01-19 18:27:02,574 [ERROR] LogOutputStream:75 - [STDERR_REDIRECT] 
2026-01-19 18:27:03,597 [ERROR] LogOutputStream:75 - [STDERR_REDIRECT] [Fatal Error] :1:1: Premature end of file.
2026-01-19 18:27:03,598 [ERROR] LogOutputStream:75 - [STDERR_REDIRECT] 
2026-01-19 18:27:04,578 [ERROR] LogOutputStream:75 - [STDERR_REDIRECT] [Fatal Error] :1:1: Premature end of file.
2026-01-19 18:27:04,578 [ERROR] LogOutputStream:75 - [STDERR_REDIRECT] 
2026-01-19 18:27:05,576 [ERROR] LogOutputStream:75 - [STDERR_REDIRECT] [Fatal Error] :1:1: Premature end of file.
2026-01-19 18:27:05,576 [ERROR] LogOutputStream:75 - [STDERR_REDIRECT] 
2026-01-19 18:27:06,599 [ERROR] LogOutputStream:75 - [STDERR_REDIRECT] [Fatal Error] :1:1: Premature end of file.
2026-01-19 18:27:06,599 [ERROR] LogOutputStream:75 - [STDERR_REDIRECT] 
2026-01-19 18:27:07,608 [ERROR] LogOutputStream:75 - [STDERR_REDIRECT] [Fatal Error] :1:1: Premature end of file.
2026-01-19 18:27:07,608 [ERROR] LogOutputStream:75 - [STDERR_REDIRECT] 
2026-01-19 18:27:08,587 [ERROR] LogOutputStream:75 - [STDERR_REDIRECT] [Fatal Error] :1:1: Premature end of file.
2026-01-19 18:27:08,588 [ERROR] LogOutputStream:75 - [STDERR_REDIRECT] 
2026-01-19 18:27:09,587 [ERROR] LogOutputStream:75 - [STDERR_REDIRECT] [Fatal Error] :1:1: Premature end of file.
2026-01-19 18:27:09,588 [ERROR] LogOutputStream:75 - [STDERR_REDIRECT] 
2026-01-19 18:27:10,585 [ERROR] LogOutputStream:75 - [STDERR_REDIRECT] [Fatal Error] :1:1: Premature end of file.
2026-01-19 18:27:10,585 [ERROR] LogOutputStream:75 - [STDERR_REDIRECT] 
2026-01-19 18:27:11,583 [ERROR] LogOutputStream:75 - [STDERR_REDIRECT] [Fatal Error] :1:1: Premature end of file.
2026-01-19 18:27:11,583 [ERROR] LogOutputStream:75 - [STDERR_REDIRECT] 
2026-01-19 18:27:12,583 [ERROR] LogOutputStream:75 - [STDERR_REDIRECT] [Fatal Error] :1:1: Premature end of file.
2026-01-19 18:27:12,583 [ERROR] LogOutputStream:75 - [STDERR_REDIRECT] 
2026-01-19 18:27:13,581 [ERROR] LogOutputStream:75 - [STDERR_REDIRECT] [Fatal Error] :1:1: Premature end of file.
2026-01-19 18:27:13,581 [ERROR] LogOutputStream:75 - [STDERR_REDIRECT] 
2026-01-19 18:27:14,582 [ERROR] LogOutputStream:75 - [STDERR_REDIRECT] [Fatal Error] :1:1: Premature end of file.
2026-01-19 18:27:14,582 [ERROR] LogOutputStream:75 - [STDERR_REDIRECT] 
2026-01-19 18:27:15,586 [ERROR] LogOutputStream:75 - [STDERR_REDIRECT] [Fatal Error] :1:1: Premature end of file.
2026-01-19 18:27:15,587 [ERROR] LogOutputStream:75 - [STDERR_REDIRECT] 
2026-01-19 18:27:16,591 [ERROR] LogOutputStream:75 - [STDERR_REDIRECT] [Fatal Error] :1:1: Premature end of file.
2026-01-19 18:27:16,591 [ERROR] LogOutputStream:75 - [STDERR_REDIRECT] 
2026-01-19 18:27:17,607 [ERROR] LogOutputStream:75 - [STDERR_REDIRECT] [Fatal Error] :1:1: Premature end of file.
2026-01-19 18:27:17,607 [ERROR] LogOutputStream:75 - [STDERR_REDIRECT] 
2026-01-19 18:27:18,596 [ERROR] LogOutputStream:75 - [STDERR_REDIRECT] [Fatal Error] :1:1: Premature end of file.
2026-01-19 18:27:18,597 [ERROR] LogOutputStream:75 - [STDERR_REDIRECT] 
2026-01-19 18:27:19,596 [ERROR] LogOutputStream:75 - [STDERR_REDIRECT] [Fatal Error] :1:1: Premature end of file.
2026-01-19 18:27:19,596 [ERROR] LogOutputStream:75 - [STDERR_REDIRECT] 
2026-01-19 18:27:20,602 [ERROR] LogOutputStream:75 - [STDERR_REDIRECT] [Fatal Error] :1:1: Premature end of file.
2026-01-19 18:27:20,602 [ERROR] LogOutputStream:75 - [STDERR_REDIRECT] 
2026-01-19 18:27:21,593 [ERROR] LogOutputStream:75 - [STDERR_REDIRECT] [Fatal Error] :1:1: Premature end of file.
2026-01-19 18:27:21,593 [ERROR] LogOutputStream:75 - [STDERR_REDIRECT] 
2026-01-19 18:27:22,583 [ERROR] LogOutputStream:75 - [STDERR_REDIRECT] [Fatal Error] :1:1: Premature end of file.
2026-01-19 18:27:22,583 [ERROR] LogOutputStream:75 - [STDERR_REDIRECT] 
2026-01-19 18:27:23,587 [ERROR] LogOutputStream:75 - [STDERR_REDIRECT] [Fatal Error] :1:1: Premature end of file.
2026-01-19 18:27:23,587 [ERROR] LogOutputStream:75 - [STDERR_REDIRECT] 
2026-01-19 18:27:24,596 [ERROR] LogOutputStream:75 - [STDERR_REDIRECT] [Fatal Error] :1:1: Premature end of file.
2026-01-19 18:27:24,596 [ERROR] LogOutputStream:75 - [STDERR_REDIRECT] 
2026-01-19 18:27:25,592 [ERROR] LogOutputStream:75 - [STDERR_REDIRECT] [Fatal Error] :1:1: Premature end of file.
2026-01-19 18:27:25,592 [ERROR] LogOutputStream:75 - [STDERR_REDIRECT] 
2026-01-19 18:27:26,607 [ERROR] LogOutputStream:75 - [STDERR_REDIRECT] [Fatal Error] :1:1: Premature end of file.
2026-01-19 18:27:26,607 [ERROR] LogOutputStream:75 - [STDERR_REDIRECT] 
2026-01-19 18:27:27,599 [ERROR] LogOutputStream:75 - [STDERR_REDIRECT] [Fatal Error] :1:1: Premature end of file.
2026-01-19 18:27:27,600 [ERROR] LogOutputStream:75 - [STDERR_REDIRECT] 
2026-01-19 18:27:28,585 [ERROR] LogOutputStream:75 - [STDERR_REDIRECT] [Fatal Error] :1:1: Premature end of file.
2026-01-19 18:27:28,585 [ERROR] LogOutputStream:75 - [STDERR_REDIRECT] 
2026-01-19 18:27:29,582 [ERROR] LogOutputStream:75 - [STDERR_REDIRECT] [Fatal Error] :1:1: Premature end of file.
2026-01-19 18:27:29,582 [ERROR] LogOutputStream:75 - [STDERR_REDIRECT] 
2026-01-19 18:27:30,612 [ERROR] LogOutputStream:75 - [STDERR_REDIRECT] [Fatal Error] :1:1: Premature end of file.
2026-01-19 18:27:30,613 [ERROR] LogOutputStream:75 - [STDERR_REDIRECT] 
2026-01-19 18:27:31,594 [ERROR] LogOutputStream:75 - [STDERR_REDIRECT] [Fatal Error] :1:1: Premature end of file.
2026-01-19 18:27:31,594 [ERROR] LogOutputStream:75 - [STDERR_REDIRECT] 
2026-01-19 18:27:32,601 [ERROR] LogOutputStream:75 - [STDERR_REDIRECT] [Fatal Error] :1:1: Premature end of file.
2026-01-19 18:27:32,602 [ERROR] LogOutputStream:75 - [STDERR_REDIRECT] 
2026-01-19 18:27:33,587 [ERROR] LogOutputStream:75 - [STDERR_REDIRECT] [Fatal Error] :1:1: Premature end of file.
2026-01-19 18:27:33,587 [ERROR] LogOutputStream:75 - [STDERR_REDIRECT] 
2026-01-19 18:27:34,583 [ERROR] LogOutputStream:75 - [STDERR_REDIRECT] [Fatal Error] :1:1: Premature end of file.
2026-01-19 18:27:34,584 [ERROR] LogOutputStream:75 - [STDERR_REDIRECT] 
2026-01-19 18:27:35,606 [ERROR] LogOutputStream:75 - [STDERR_REDIRECT] [Fatal Error] :1:1: Premature end of file.
2026-01-19 18:27:35,607 [ERROR] LogOutputStream:75 - [STDERR_REDIRECT] 
2026-01-19 18:27:36,580 [ERROR] LogOutputStream:75 - [STDERR_REDIRECT] [Fatal Error] :1:1: Premature end of file.
2026-01-19 18:27:36,580 [ERROR] LogOutputStream:75 - [STDERR_REDIRECT] 
2026-01-19 18:27:37,587 [ERROR] LogOutputStream:75 - [STDERR_REDIRECT] [Fatal Error] :1:1: Premature end of file.
2026-01-19 18:27:37,587 [ERROR] LogOutputStream:75 - [STDERR_REDIRECT] 
2026-01-19 18:27:38,587 [ERROR] LogOutputStream:75 - [STDERR_REDIRECT] [Fatal Error] :1:1: Premature end of file.
2026-01-19 18:27:38,587 [ERROR] LogOutputStream:75 - [STDERR_REDIRECT] 
2026-01-19 18:27:39,589 [ERROR] LogOutputStream:75 - [STDERR_REDIRECT] [Fatal Error] :1:1: Premature end of file.
2026-01-19 18:27:39,590 [ERROR] LogOutputStream:75 - [STDERR_REDIRECT] 
2026-01-19 18:27:40,587 [ERROR] LogOutputStream:75 - [STDERR_REDIRECT] [Fatal Error] :1:1: Premature end of file.
2026-01-19 18:27:40,587 [ERROR] LogOutputStream:75 - [STDERR_REDIRECT] 
2026-01-19 18:27:41,583 [ERROR] LogOutputStream:75 - [STDERR_REDIRECT] [Fatal Error] :1:1: Premature end of file.
2026-01-19 18:27:41,583 [ERROR] LogOutputStream:75 - [STDERR_REDIRECT] 
2026-01-19 18:27:42,605 [ERROR] LogOutputStream:75 - [STDERR_REDIRECT] [Fatal Error] :1:1: Premature end of file.
2026-01-19 18:27:42,605 [ERROR] LogOutputStream:75 - [STDERR_REDIRECT] 
2026-01-19 18:27:43,584 [ERROR] LogOutputStream:75 - [STDERR_REDIRECT] [Fatal Error] :1:1: Premature end of file.
2026-01-19 18:27:43,584 [ERROR] LogOutputStream:75 - [STDERR_REDIRECT] 
2026-01-19 18:27:44,621 [ERROR] LogOutputStream:75 - [STDERR_REDIRECT] [Fatal Error] :1:1: Premature end of file.
2026-01-19 18:27:44,621 [ERROR] LogOutputStream:75 - [STDERR_REDIRECT] 
2026-01-19 18:27:45,576 [ERROR] LogOutputStream:75 - [STDERR_REDIRECT] [Fatal Error] :1:1: Premature end of file.
2026-01-19 18:27:45,576 [ERROR] LogOutputStream:75 - [STDERR_REDIRECT] 
2026-01-19 18:27:46,603 [ERROR] LogOutputStream:75 - [STDERR_REDIRECT] [Fatal Error] :1:1: Premature end of file.
2026-01-19 18:27:46,603 [ERROR] LogOutputStream:75 - [STDERR_REDIRECT] 
2026-01-19 18:27:47,590 [ERROR] LogOutputStream:75 - [STDERR_REDIRECT] [Fatal Error] :1:1: Premature end of file.
2026-01-19 18:27:47,591 [ERROR] LogOutputStream:75 - [STDERR_REDIRECT] 
2026-01-19 18:27:48,592 [ERROR] LogOutputStream:75 - [STDERR_REDIRECT] [Fatal Error] :1:1: Premature end of file.
2026-01-19 18:27:48,592 [ERROR] LogOutputStream:75 - [STDERR_REDIRECT] 
2026-01-19 18:27:49,598 [ERROR] LogOutputStream:75 - [STDERR_REDIRECT] [Fatal Error] :1:1: Premature end of file.
2026-01-19 18:27:49,598 [ERROR] LogOutputStream:75 - [STDERR_REDIRECT] 
2026-01-19 18:27:50,581 [ERROR] LogOutputStream:75 - [STDERR_REDIRECT] [Fatal Error] :1:1: Premature end of file.
2026-01-19 18:27:50,582 [ERROR] LogOutputStream:75 - [STDERR_REDIRECT] 
2026-01-19 18:27:51,617 [ERROR] LogOutputStream:75 - [STDERR_REDIRECT] [Fatal Error] :1:1: Premature end of file.
2026-01-19 18:27:51,617 [ERROR] LogOutputStream:75 - [STDERR_REDIRECT] 
2026-01-19 18:27:52,592 [ERROR] LogOutputStream:75 - [STDERR_REDIRECT] [Fatal Error] :1:1: Premature end of file.
2026-01-19 18:27:52,592 [ERROR] LogOutputStream:75 - [STDERR_REDIRECT] 
2026-01-19 18:27:53,582 [ERROR] LogOutputStream:75 - [STDERR_REDIRECT] [Fatal Error] :1:1: Premature end of file.
2026-01-19 18:27:53,582 [ERROR] LogOutputStream:75 - [STDERR_REDIRECT] 
2026-01-19 18:27:54,591 [ERROR] LogOutputStream:75 - [STDERR_REDIRECT] [Fatal Error] :1:1: Premature end of file.
2026-01-19 18:27:54,591 [ERROR] LogOutputStream:75 - [STDERR_REDIRECT] 
2026-01-19 18:27:55,588 [ERROR] LogOutputStream:75 - [STDERR_REDIRECT] [Fatal Error] :1:1: Premature end of file.
2026-01-19 18:27:55,588 [ERROR] LogOutputStream:75 - [STDERR_REDIRECT] 
2026-01-19 18:27:56,585 [ERROR] LogOutputStream:75 - [STDERR_REDIRECT] [Fatal Error] :1:1: Premature end of file.
2026-01-19 18:27:56,585 [ERROR] LogOutputStream:75 - [STDERR_REDIRECT] 
2026-01-19 18:27:57,604 [ERROR] LogOutputStream:75 - [STDERR_REDIRECT] [Fatal Error] :1:1: Premature end of file.
2026-01-19 18:27:57,605 [ERROR] LogOutputStream:75 - [STDERR_REDIRECT] 
2026-01-19 18:27:58,585 [ERROR] LogOutputStream:75 - [STDERR_REDIRECT] [Fatal Error] :1:1: Premature end of file.
2026-01-19 18:27:58,586 [ERROR] LogOutputStream:75 - [STDERR_REDIRECT] 
2026-01-19 18:27:59,594 [ERROR] LogOutputStream:75 - [STDERR_REDIRECT] [Fatal Error] :1:1: Premature end of file.
2026-01-19 18:27:59,595 [ERROR] LogOutputStream:75 - [STDERR_REDIRECT] 
2026-01-19 18:28:00,606 [ERROR] LogOutputStream:75 - [STDERR_REDIRECT] [Fatal Error] :1:1: Premature end of file.
2026-01-19 18:28:00,607 [ERROR] LogOutputStream:75 - [STDERR_REDIRECT] 
2026-01-19 18:28:01,598 [ERROR] LogOutputStream:75 - [STDERR_REDIRECT] [Fatal Error] :1:1: Premature end of file.
2026-01-19 18:28:01,599 [ERROR] LogOutputStream:75 - [STDERR_REDIRECT] 
2026-01-19 18:28:02,627 [ERROR] LogOutputStream:75 - [STDERR_REDIRECT] [Fatal Error] :1:1: Premature end of file.
2026-01-19 18:28:02,627 [ERROR] LogOutputStream:75 - [STDERR_REDIRECT] 
2026-01-19 18:28:03,582 [ERROR] LogOutputStream:75 - [STDERR_REDIRECT] [Fatal Error] :1:1: Premature end of file.
2026-01-19 18:28:03,583 [ERROR] LogOutputStream:75 - [STDERR_REDIRECT] 
2026-01-19 18:28:04,587 [ERROR] LogOutputStream:75 - [STDERR_REDIRECT] [Fatal Error] :1:1: Premature end of file.
2026-01-19 18:28:04,588 [ERROR] LogOutputStream:75 - [STDERR_REDIRECT] 
2026-01-19 18:28:05,586 [ERROR] LogOutputStream:75 - [STDERR_REDIRECT] [Fatal Error] :1:1: Premature end of file.
2026-01-19 18:28:05,586 [ERROR] LogOutputStream:75 - [STDERR_REDIRECT] 
2026-01-19 18:28:06,584 [ERROR] LogOutputStream:75 - [STDERR_REDIRECT] [Fatal Error] :1:1: Premature end of file.
2026-01-19 18:28:06,584 [ERROR] LogOutputStream:75 - [STDERR_REDIRECT] 
2026-01-19 18:28:07,583 [ERROR] LogOutputStream:75 - [STDERR_REDIRECT] [Fatal Error] :1:1: Premature end of file.
2026-01-19 18:28:07,583 [ERROR] LogOutputStream:75 - [STDERR_REDIRECT] 
2026-01-19 18:28:08,590 [ERROR] LogOutputStream:75 - [STDERR_REDIRECT] [Fatal Error] :1:1: Premature end of file.
2026-01-19 18:28:08,590 [ERROR] LogOutputStream:75 - [STDERR_REDIRECT] 
2026-01-19 18:28:09,599 [ERROR] LogOutputStream:75 - [STDERR_REDIRECT] [Fatal Error] :1:1: Premature end of file.
2026-01-19 18:28:09,599 [ERROR] LogOutputStream:75 - [STDERR_REDIRECT] 
2026-01-19 18:28:10,583 [ERROR] LogOutputStream:75 - [STDERR_REDIRECT] [Fatal Error] :1:1: Premature end of file.
2026-01-19 18:28:10,583 [ERROR] LogOutputStream:75 - [STDERR_REDIRECT] 
2026-01-19 18:28:11,585 [ERROR] LogOutputStream:75 - [STDERR_REDIRECT] [Fatal Error] :1:1: Premature end of file.
2026-01-19 18:28:11,585 [ERROR] LogOutputStream:75 - [STDERR_REDIRECT] 
2026-01-19 18:28:12,591 [ERROR] LogOutputStream:75 - [STDERR_REDIRECT] [Fatal Error] :1:1: Premature end of file.
2026-01-19 18:28:12,592 [ERROR] LogOutputStream:75 - [STDERR_REDIRECT] 
2026-01-19 18:28:13,600 [ERROR] LogOutputStream:75 - [STDERR_REDIRECT] [Fatal Error] :1:1: Premature end of file.
2026-01-19 18:28:13,600 [ERROR] LogOutputStream:75 - [STDERR_REDIRECT] 
2026-01-19 18:28:14,583 [ERROR] LogOutputStream:75 - [STDERR_REDIRECT] [Fatal Error] :1:1: Premature end of file.
2026-01-19 18:28:14,583 [ERROR] LogOutputStream:75 - [STDERR_REDIRECT] 
2026-01-19 18:28:15,588 [ERROR] LogOutputStream:75 - [STDERR_REDIRECT] [Fatal Error] :1:1: Premature end of file.
2026-01-19 18:28:15,588 [ERROR] LogOutputStream:75 - [STDERR_REDIRECT] 
2026-01-19 18:28:16,585 [ERROR] LogOutputStream:75 - [STDERR_REDIRECT] [Fatal Error] :1:1: Premature end of file.
2026-01-19 18:28:16,585 [ERROR] LogOutputStream:75 - [STDERR_REDIRECT] 
2026-01-19 18:28:17,594 [ERROR] LogOutputStream:75 - [STDERR_REDIRECT] [Fatal Error] :1:1: Premature end of file.
2026-01-19 18:28:17,595 [ERROR] LogOutputStream:75 - [STDERR_REDIRECT] 
2026-01-19 18:28:18,592 [ERROR] LogOutputStream:75 - [STDERR_REDIRECT] [Fatal Error] :1:1: Premature end of file.
2026-01-19 18:28:18,592 [ERROR] LogOutputStream:75 - [STDERR_REDIRECT] 
2026-01-19 18:28:19,603 [ERROR] LogOutputStream:75 - [STDERR_REDIRECT] [Fatal Error] :1:1: Premature end of file.
2026-01-19 18:28:19,604 [ERROR] LogOutputStream:75 - [STDERR_REDIRECT] 
2026-01-19 18:28:20,585 [ERROR] LogOutputStream:75 - [STDERR_REDIRECT] [Fatal Error] :1:1: Premature end of file.
2026-01-19 18:28:20,585 [ERROR] LogOutputStream:75 - [STDERR_REDIRECT] 
2026-01-19 18:28:21,588 [ERROR] LogOutputStream:75 - [STDERR_REDIRECT] [Fatal Error] :1:1: Premature end of file.
2026-01-19 18:28:21,588 [ERROR] LogOutputStream:75 - [STDERR_REDIRECT] 
2026-01-19 18:28:22,587 [ERROR] LogOutputStream:75 - [STDERR_REDIRECT] [Fatal Error] :1:1: Premature end of file.
2026-01-19 18:28:22,587 [ERROR] LogOutputStream:75 - [STDERR_REDIRECT] 
2026-01-19 18:28:23,582 [ERROR] LogOutputStream:75 - [STDERR_REDIRECT] [Fatal Error] :1:1: Premature end of file.
2026-01-19 18:28:23,583 [ERROR] LogOutputStream:75 - [STDERR_REDIRECT] 
2026-01-19 18:28:24,579 [ERROR] LogOutputStream:75 - [STDERR_REDIRECT] [Fatal Error] :1:1: Premature end of file.
2026-01-19 18:28:24,580 [ERROR] LogOutputStream:75 - [STDERR_REDIRECT] 
2026-01-19 18:28:25,570 [ERROR] LogOutputStream:75 - [STDERR_REDIRECT] [Fatal Error] :1:1: Premature end of file.
2026-01-19 18:28:25,571 [ERROR] LogOutputStream:75 - [STDERR_REDIRECT] 
2026-01-19 18:28:26,581 [ERROR] LogOutputStream:75 - [STDERR_REDIRECT] [Fatal Error] :1:1: Premature end of file.
2026-01-19 18:28:26,582 [ERROR] LogOutputStream:75 - [STDERR_REDIRECT] 
2026-01-19 18:28:27,584 [ERROR] LogOutputStream:75 - [STDERR_REDIRECT] [Fatal Error] :1:1: Premature end of file.
2026-01-19 18:28:27,584 [ERROR] LogOutputStream:75 - [STDERR_REDIRECT] 
2026-01-19 18:28:28,582 [ERROR] LogOutputStream:75 - [STDERR_REDIRECT] [Fatal Error] :1:1: Premature end of file.
2026-01-19 18:28:28,583 [ERROR] LogOutputStream:75 - [STDERR_REDIRECT] 
2026-01-19 18:28:29,585 [ERROR] LogOutputStream:75 - [STDERR_REDIRECT] [Fatal Error] :1:1: Premature end of file.
2026-01-19 18:28:29,585 [ERROR] LogOutputStream:75 - [STDERR_REDIRECT] 
2026-01-19 18:28:30,595 [ERROR] LogOutputStream:75 - [STDERR_REDIRECT] [Fatal Error] :1:1: Premature end of file.
2026-01-19 18:28:30,595 [ERROR] LogOutputStream:75 - [STDERR_REDIRECT] 
2026-01-19 18:28:31,613 [ERROR] LogOutputStream:75 - [STDERR_REDIRECT] [Fatal Error] :1:1: Premature end of file.
2026-01-19 18:28:31,614 [ERROR] LogOutputStream:75 - [STDERR_REDIRECT] 
2026-01-19 18:28:32,580 [ERROR] LogOutputStream:75 - [STDERR_REDIRECT] [Fatal Error] :1:1: Premature end of file.
2026-01-19 18:28:32,581 [ERROR] LogOutputStream:75 - [STDERR_REDIRECT] 
2026-01-19 18:28:33,589 [ERROR] LogOutputStream:75 - [STDERR_REDIRECT] [Fatal Error] :1:1: Premature end of file.
2026-01-19 18:28:33,589 [ERROR] LogOutputStream:75 - [STDERR_REDIRECT] 
2026-01-19 18:28:34,589 [ERROR] LogOutputStream:75 - [STDERR_REDIRECT] [Fatal Error] :1:1: Premature end of file.
2026-01-19 18:28:34,589 [ERROR] LogOutputStream:75 - [STDERR_REDIRECT] 
2026-01-19 18:28:35,583 [ERROR] LogOutputStream:75 - [STDERR_REDIRECT] [Fatal Error] :1:1: Premature end of file.
2026-01-19 18:28:35,584 [ERROR] LogOutputStream:75 - [STDERR_REDIRECT] 
2026-01-19 18:28:36,587 [ERROR] LogOutputStream:75 - [STDERR_REDIRECT] [Fatal Error] :1:1: Premature end of file.
2026-01-19 18:28:36,587 [ERROR] LogOutputStream:75 - [STDERR_REDIRECT] 
2026-01-19 18:28:37,584 [ERROR] LogOutputStream:75 - [STDERR_REDIRECT] [Fatal Error] :1:1: Premature end of file.
2026-01-19 18:28:37,585 [ERROR] LogOutputStream:75 - [STDERR_REDIRECT] 
2026-01-19 18:28:38,583 [ERROR] LogOutputStream:75 - [STDERR_REDIRECT] [Fatal Error] :1:1: Premature end of file.
2026-01-19 18:28:38,583 [ERROR] LogOutputStream:75 - [STDERR_REDIRECT] 
2026-01-19 18:28:39,582 [ERROR] LogOutputStream:75 - [STDERR_REDIRECT] [Fatal Error] :1:1: Premature end of file.
2026-01-19 18:28:39,583 [ERROR] LogOutputStream:75 - [STDERR_REDIRECT] 
2026-01-19 18:28:40,593 [ERROR] LogOutputStream:75 - [STDERR_REDIRECT] [Fatal Error] :1:1: Premature end of file.
2026-01-19 18:28:40,594 [ERROR] LogOutputStream:75 - [STDERR_REDIRECT] 
2026-01-19 18:28:41,584 [ERROR] LogOutputStream:75 - [STDERR_REDIRECT] [Fatal Error] :1:1: Premature end of file.
2026-01-19 18:28:41,585 [ERROR] LogOutputStream:75 - [STDERR_REDIRECT] 
2026-01-19 18:28:42,585 [ERROR] LogOutputStream:75 - [STDERR_REDIRECT] [Fatal Error] :1:1: Premature end of file.
2026-01-19 18:28:42,585 [ERROR] LogOutputStream:75 - [STDERR_REDIRECT] 
2026-01-19 18:28:43,591 [ERROR] LogOutputStream:75 - [STDERR_REDIRECT] [Fatal Error] :1:1: Premature end of file.
2026-01-19 18:28:43,592 [ERROR] LogOutputStream:75 - [STDERR_REDIRECT] 
2026-01-19 18:28:44,586 [ERROR] LogOutputStream:75 - [STDERR_REDIRECT] [Fatal Error] :1:1: Premature end of file.
2026-01-19 18:28:44,586 [ERROR] LogOutputStream:75 - [STDERR_REDIRECT] 
2026-01-19 18:28:45,588 [ERROR] LogOutputStream:75 - [STDERR_REDIRECT] [Fatal Error] :1:1: Premature end of file.
2026-01-19 18:28:45,589 [ERROR] LogOutputStream:75 - [STDERR_REDIRECT] 
2026-01-19 18:28:46,584 [ERROR] LogOutputStream:75 - [STDERR_REDIRECT] [Fatal Error] :1:1: Premature end of file.
2026-01-19 18:28:46,584 [ERROR] LogOutputStream:75 - [STDERR_REDIRECT] 
2026-01-19 18:28:47,586 [ERROR] LogOutputStream:75 - [STDERR_REDIRECT] [Fatal Error] :1:1: Premature end of file.
2026-01-19 18:28:47,587 [ERROR] LogOutputStream:75 - [STDERR_REDIRECT] 
2026-01-19 18:28:48,587 [ERROR] LogOutputStream:75 - [STDERR_REDIRECT] [Fatal Error] :1:1: Premature end of file.
2026-01-19 18:28:48,587 [ERROR] LogOutputStream:75 - [STDERR_REDIRECT] 
2026-01-19 18:28:49,586 [ERROR] LogOutputStream:75 - [STDERR_REDIRECT] [Fatal Error] :1:1: Premature end of file.
2026-01-19 18:28:49,586 [ERROR] LogOutputStream:75 - [STDERR_REDIRECT] 
2026-01-19 18:28:50,586 [ERROR] LogOutputStream:75 - [STDERR_REDIRECT] [Fatal Error] :1:1: Premature end of file.
2026-01-19 18:28:50,586 [ERROR] LogOutputStream:75 - [STDERR_REDIRECT] 
2026-01-19 18:28:51,587 [ERROR] LogOutputStream:75 - [STDERR_REDIRECT] [Fatal Error] :1:1: Premature end of file.
2026-01-19 18:28:51,588 [ERROR] LogOutputStream:75 - [STDERR_REDIRECT] 
2026-01-19 18:28:52,588 [ERROR] LogOutputStream:75 - [STDERR_REDIRECT] [Fatal Error] :1:1: Premature end of file.
2026-01-19 18:28:52,588 [ERROR] LogOutputStream:75 - [STDERR_REDIRECT] 
2026-01-19 18:28:53,582 [ERROR] LogOutputStream:75 - [STDERR_REDIRECT] [Fatal Error] :1:1: Premature end of file.
2026-01-19 18:28:53,582 [ERROR] LogOutputStream:75 - [STDERR_REDIRECT] 
2026-01-19 18:28:54,581 [ERROR] LogOutputStream:75 - [STDERR_REDIRECT] [Fatal Error] :1:1: Premature end of file.
2026-01-19 18:28:54,582 [ERROR] LogOutputStream:75 - [STDERR_REDIRECT] 
2026-01-19 18:28:55,586 [ERROR] LogOutputStream:75 - [STDERR_REDIRECT] [Fatal Error] :1:1: Premature end of file.
2026-01-19 18:28:55,586 [ERROR] LogOutputStream:75 - [STDERR_REDIRECT] 
2026-01-19 18:28:56,585 [ERROR] LogOutputStream:75 - [STDERR_REDIRECT] [Fatal Error] :1:1: Premature end of file.
2026-01-19 18:28:56,585 [ERROR] LogOutputStream:75 - [STDERR_REDIRECT] 
2026-01-19 18:28:57,584 [ERROR] LogOutputStream:75 - [STDERR_REDIRECT] [Fatal Error] :1:1: Premature end of file.
2026-01-19 18:28:57,585 [ERROR] LogOutputStream:75 - [STDERR_REDIRECT] 
2026-01-19 18:28:58,590 [ERROR] LogOutputStream:75 - [STDERR_REDIRECT] [Fatal Error] :1:1: Premature end of file.
2026-01-19 18:28:58,590 [ERROR] LogOutputStream:75 - [STDERR_REDIRECT] 
2026-01-19 18:28:59,600 [ERROR] LogOutputStream:75 - [STDERR_REDIRECT] [Fatal Error] :1:1: Premature end of file.
2026-01-19 18:28:59,601 [ERROR] LogOutputStream:75 - [STDERR_REDIRECT] 
2026-01-19 18:29:00,586 [ERROR] LogOutputStream:75 - [STDERR_REDIRECT] [Fatal Error] :1:1: Premature end of file.
2026-01-19 18:29:00,586 [ERROR] LogOutputStream:75 - [STDERR_REDIRECT] 
2026-01-19 18:29:01,580 [ERROR] LogOutputStream:75 - [STDERR_REDIRECT] [Fatal Error] :1:1: Premature end of file.
2026-01-19 18:29:01,580 [ERROR] LogOutputStream:75 - [STDERR_REDIRECT] 
2026-01-19 18:29:02,579 [ERROR] LogOutputStream:75 - [STDERR_REDIRECT] [Fatal Error] :1:1: Premature end of file.
2026-01-19 18:29:02,579 [ERROR] LogOutputStream:75 - [STDERR_REDIRECT] 
2026-01-19 18:29:03,586 [ERROR] LogOutputStream:75 - [STDERR_REDIRECT] [Fatal Error] :1:1: Premature end of file.
2026-01-19 18:29:03,586 [ERROR] LogOutputStream:75 - [STDERR_REDIRECT] 
2026-01-19 18:29:04,588 [ERROR] LogOutputStream:75 - [STDERR_REDIRECT] [Fatal Error] :1:1: Premature end of file.
2026-01-19 18:29:04,589 [ERROR] LogOutputStream:75 - [STDERR_REDIRECT] 
2026-01-19 18:29:05,585 [ERROR] LogOutputStream:75 - [STDERR_REDIRECT] [Fatal Error] :1:1: Premature end of file.
2026-01-19 18:29:05,585 [ERROR] LogOutputStream:75 - [STDERR_REDIRECT] 
2026-01-19 18:29:06,583 [ERROR] LogOutputStream:75 - [STDERR_REDIRECT] [Fatal Error] :1:1: Premature end of file.
2026-01-19 18:29:06,583 [ERROR] LogOutputStream:75 - [STDERR_REDIRECT] 
2026-01-19 18:29:07,589 [ERROR] LogOutputStream:75 - [STDERR_REDIRECT] [Fatal Error] :1:1: Premature end of file.
2026-01-19 18:29:07,589 [ERROR] LogOutputStream:75 - [STDERR_REDIRECT] 
2026-01-19 18:29:08,586 [ERROR] LogOutputStream:75 - [STDERR_REDIRECT] [Fatal Error] :1:1: Premature end of file.
2026-01-19 18:29:08,587 [ERROR] LogOutputStream:75 - [STDERR_REDIRECT] 
2026-01-19 18:29:09,597 [ERROR] LogOutputStream:75 - [STDERR_REDIRECT] [Fatal Error] :1:1: Premature end of file.
2026-01-19 18:29:09,598 [ERROR] LogOutputStream:75 - [STDERR_REDIRECT] 
2026-01-19 18:29:10,595 [ERROR] LogOutputStream:75 - [STDERR_REDIRECT] [Fatal Error] :1:1: Premature end of file.
2026-01-19 18:29:10,595 [ERROR] LogOutputStream:75 - [STDERR_REDIRECT] 
2026-01-19 18:29:11,584 [ERROR] LogOutputStream:75 - [STDERR_REDIRECT] [Fatal Error] :1:1: Premature end of file.
2026-01-19 18:29:11,585 [ERROR] LogOutputStream:75 - [STDERR_REDIRECT] 
2026-01-19 18:29:12,590 [ERROR] LogOutputStream:75 - [STDERR_REDIRECT] [Fatal Error] :1:1: Premature end of file.
2026-01-19 18:29:12,590 [ERROR] LogOutputStream:75 - [STDERR_REDIRECT] 
2026-01-19 18:29:13,584 [ERROR] LogOutputStream:75 - [STDERR_REDIRECT] [Fatal Error] :1:1: Premature end of file.
2026-01-19 18:29:13,584 [ERROR] LogOutputStream:75 - [STDERR_REDIRECT] 
2026-01-19 18:29:14,586 [ERROR] LogOutputStream:75 - [STDERR_REDIRECT] [Fatal Error] :1:1: Premature end of file.
2026-01-19 18:29:14,587 [ERROR] LogOutputStream:75 - [STDERR_REDIRECT] 
2026-01-19 18:29:15,581 [ERROR] LogOutputStream:75 - [STDERR_REDIRECT] [Fatal Error] :1:1: Premature end of file.
2026-01-19 18:29:15,581 [ERROR] LogOutputStream:75 - [STDERR_REDIRECT] 
2026-01-19 18:29:16,585 [ERROR] LogOutputStream:75 - [STDERR_REDIRECT] [Fatal Error] :1:1: Premature end of file.
2026-01-19 18:29:16,586 [ERROR] LogOutputStream:75 - [STDERR_REDIRECT] 
2026-01-19 18:29:17,588 [ERROR] LogOutputStream:75 - [STDERR_REDIRECT] [Fatal Error] :1:1: Premature end of file.
2026-01-19 18:29:17,589 [ERROR] LogOutputStream:75 - [STDERR_REDIRECT] 
2026-01-19 18:29:18,590 [ERROR] LogOutputStream:75 - [STDERR_REDIRECT] [Fatal Error] :1:1: Premature end of file.
2026-01-19 18:29:18,590 [ERROR] LogOutputStream:75 - [STDERR_REDIRECT] 
2026-01-19 18:29:19,588 [ERROR] LogOutputStream:75 - [STDERR_REDIRECT] [Fatal Error] :1:1: Premature end of file.
2026-01-19 18:29:19,589 [ERROR] LogOutputStream:75 - [STDERR_REDIRECT] 
2026-01-19 18:29:20,588 [ERROR] LogOutputStream:75 - [STDERR_REDIRECT] [Fatal Error] :1:1: Premature end of file.
2026-01-19 18:29:20,589 [ERROR] LogOutputStream:75 - [STDERR_REDIRECT] 
2026-01-19 18:29:21,588 [ERROR] LogOutputStream:75 - [STDERR_REDIRECT] [Fatal Error] :1:1: Premature end of file.
2026-01-19 18:29:21,589 [ERROR] LogOutputStream:75 - [STDERR_REDIRECT] 
2026-01-19 18:29:22,585 [ERROR] LogOutputStream:75 - [STDERR_REDIRECT] [Fatal Error] :1:1: Premature end of file.
2026-01-19 18:29:22,586 [ERROR] LogOutputStream:75 - [STDERR_REDIRECT] 
2026-01-19 18:29:23,584 [ERROR] LogOutputStream:75 - [STDERR_REDIRECT] [Fatal Error] :1:1: Premature end of file.
2026-01-19 18:29:23,584 [ERROR] LogOutputStream:75 - [STDERR_REDIRECT] 
2026-01-19 18:29:24,588 [ERROR] LogOutputStream:75 - [STDERR_REDIRECT] [Fatal Error] :1:1: Premature end of file.
2026-01-19 18:29:24,588 [ERROR] LogOutputStream:75 - [STDERR_REDIRECT] 
2026-01-19 18:29:25,588 [ERROR] LogOutputStream:75 - [STDERR_REDIRECT] [Fatal Error] :1:1: Premature end of file.
2026-01-19 18:29:25,589 [ERROR] LogOutputStream:75 - [STDERR_REDIRECT] 
2026-01-19 18:29:26,588 [ERROR] LogOutputStream:75 - [STDERR_REDIRECT] [Fatal Error] :1:1: Premature end of file.
2026-01-19 18:29:26,589 [ERROR] LogOutputStream:75 - [STDERR_REDIRECT] 
2026-01-19 18:29:27,578 [ERROR] LogOutputStream:75 - [STDERR_REDIRECT] [Fatal Error] :1:1: Premature end of file.
2026-01-19 18:29:27,579 [ERROR] LogOutputStream:75 - [STDERR_REDIRECT] 
2026-01-19 18:29:28,576 [ERROR] LogOutputStream:75 - [STDERR_REDIRECT] [Fatal Error] :1:1: Premature end of file.
2026-01-19 18:29:28,576 [ERROR] LogOutputStream:75 - [STDERR_REDIRECT] 
2026-01-19 18:29:29,577 [ERROR] LogOutputStream:75 - [STDERR_REDIRECT] [Fatal Error] :1:1: Premature end of file.
2026-01-19 18:29:29,577 [ERROR] LogOutputStream:75 - [STDERR_REDIRECT] 
2026-01-19 18:29:30,584 [ERROR] LogOutputStream:75 - [STDERR_REDIRECT] [Fatal Error] :1:1: Premature end of file.
2026-01-19 18:29:30,584 [ERROR] LogOutputStream:75 - [STDERR_REDIRECT] 
2026-01-19 18:29:31,575 [ERROR] LogOutputStream:75 - [STDERR_REDIRECT] [Fatal Error] :1:1: Premature end of file.
2026-01-19 18:29:31,577 [ERROR] LogOutputStream:75 - [STDERR_REDIRECT] 
2026-01-19 18:29:32,581 [ERROR] LogOutputStream:75 - [STDERR_REDIRECT] [Fatal Error] :1:1: Premature end of file.
2026-01-19 18:29:32,581 [ERROR] LogOutputStream:75 - [STDERR_REDIRECT] 
2026-01-19 18:29:33,607 [ERROR] LogOutputStream:75 - [STDERR_REDIRECT] [Fatal Error] :1:1: Premature end of file.
2026-01-19 18:29:33,607 [ERROR] LogOutputStream:75 - [STDERR_REDIRECT] 
2026-01-19 18:29:34,587 [ERROR] LogOutputStream:75 - [STDERR_REDIRECT] [Fatal Error] :1:1: Premature end of file.
2026-01-19 18:29:34,587 [ERROR] LogOutputStream:75 - [STDERR_REDIRECT] 
2026-01-19 18:29:35,578 [ERROR] LogOutputStream:75 - [STDERR_REDIRECT] [Fatal Error] :1:1: Premature end of file.
2026-01-19 18:29:35,578 [ERROR] LogOutputStream:75 - [STDERR_REDIRECT] 
2026-01-19 18:29:36,590 [ERROR] LogOutputStream:75 - [STDERR_REDIRECT] [Fatal Error] :1:1: Premature end of file.
2026-01-19 18:29:36,591 [ERROR] LogOutputStream:75 - [STDERR_REDIRECT] 
2026-01-19 18:29:37,585 [ERROR] LogOutputStream:75 - [STDERR_REDIRECT] [Fatal Error] :1:1: Premature end of file.
2026-01-19 18:29:37,585 [ERROR] LogOutputStream:75 - [STDERR_REDIRECT] 
2026-01-19 18:29:38,601 [ERROR] LogOutputStream:75 - [STDERR_REDIRECT] [Fatal Error] :1:1: Premature end of file.
2026-01-19 18:29:38,602 [ERROR] LogOutputStream:75 - [STDERR_REDIRECT] 
2026-01-19 18:29:39,591 [ERROR] LogOutputStream:75 - [STDERR_REDIRECT] [Fatal Error] :1:1: Premature end of file.
2026-01-19 18:29:39,591 [ERROR] LogOutputStream:75 - [STDERR_REDIRECT] 
2026-01-19 18:29:40,584 [ERROR] LogOutputStream:75 - [STDERR_REDIRECT] [Fatal Error] :1:1: Premature end of file.
2026-01-19 18:29:40,585 [ERROR] LogOutputStream:75 - [STDERR_REDIRECT] 
2026-01-19 18:29:41,602 [ERROR] LogOutputStream:75 - [STDERR_REDIRECT] [Fatal Error] :1:1: Premature end of file.
2026-01-19 18:29:41,602 [ERROR] LogOutputStream:75 - [STDERR_REDIRECT] 
2026-01-19 18:29:42,594 [ERROR] LogOutputStream:75 - [STDERR_REDIRECT] [Fatal Error] :1:1: Premature end of file.
2026-01-19 18:29:42,595 [ERROR] LogOutputStream:75 - [STDERR_REDIRECT] 
2026-01-19 18:29:43,583 [ERROR] LogOutputStream:75 - [STDERR_REDIRECT] [Fatal Error] :1:1: Premature end of file.
2026-01-19 18:29:43,583 [ERROR] LogOutputStream:75 - [STDERR_REDIRECT] 
2026-01-19 18:29:44,598 [ERROR] LogOutputStream:75 - [STDERR_REDIRECT] [Fatal Error] :1:1: Premature end of file.
2026-01-19 18:29:44,598 [ERROR] LogOutputStream:75 - [STDERR_REDIRECT] 
2026-01-19 18:29:45,595 [ERROR] LogOutputStream:75 - [STDERR_REDIRECT] [Fatal Error] :1:1: Premature end of file.
2026-01-19 18:29:45,596 [ERROR] LogOutputStream:75 - [STDERR_REDIRECT] 
2026-01-19 18:29:46,585 [ERROR] LogOutputStream:75 - [STDERR_REDIRECT] [Fatal Error] :1:1: Premature end of file.
2026-01-19 18:29:46,585 [ERROR] LogOutputStream:75 - [STDERR_REDIRECT] 
2026-01-19 18:29:47,584 [ERROR] LogOutputStream:75 - [STDERR_REDIRECT] [Fatal Error] :1:1: Premature end of file.
2026-01-19 18:29:47,584 [ERROR] LogOutputStream:75 - [STDERR_REDIRECT] 
2026-01-19 18:29:48,594 [ERROR] LogOutputStream:75 - [STDERR_REDIRECT] [Fatal Error] :1:1: Premature end of file.
2026-01-19 18:29:48,594 [ERROR] LogOutputStream:75 - [STDERR_REDIRECT] 
2026-01-19 18:29:49,597 [ERROR] LogOutputStream:75 - [STDERR_REDIRECT] [Fatal Error] :1:1: Premature end of file.
2026-01-19 18:29:49,597 [ERROR] LogOutputStream:75 - [STDERR_REDIRECT] 
2026-01-19 18:29:50,602 [ERROR] LogOutputStream:75 - [STDERR_REDIRECT] [Fatal Error] :1:1: Premature end of file.
2026-01-19 18:29:50,602 [ERROR] LogOutputStream:75 - [STDERR_REDIRECT] 
2026-01-19 18:29:51,585 [ERROR] LogOutputStream:75 - [STDERR_REDIRECT] [Fatal Error] :1:1: Premature end of file.
2026-01-19 18:29:51,585 [ERROR] LogOutputStream:75 - [STDERR_REDIRECT] 
2026-01-19 18:29:52,603 [ERROR] LogOutputStream:75 - [STDERR_REDIRECT] [Fatal Error] :1:1: Premature end of file.
2026-01-19 18:29:52,603 [ERROR] LogOutputStream:75 - [STDERR_REDIRECT] 
2026-01-19 18:29:53,598 [ERROR] LogOutputStream:75 - [STDERR_REDIRECT] [Fatal Error] :1:1: Premature end of file.
2026-01-19 18:29:53,598 [ERROR] LogOutputStream:75 - [STDERR_REDIRECT] 
2026-01-19 18:29:54,577 [ERROR] LogOutputStream:75 - [STDERR_REDIRECT] [Fatal Error] :1:1: Premature end of file.
2026-01-19 18:29:54,578 [ERROR] LogOutputStream:75 - [STDERR_REDIRECT] 
2026-01-19 18:29:55,586 [ERROR] LogOutputStream:75 - [STDERR_REDIRECT] [Fatal Error] :1:1: Premature end of file.
2026-01-19 18:29:55,587 [ERROR] LogOutputStream:75 - [STDERR_REDIRECT] 
2026-01-19 18:29:56,583 [ERROR] LogOutputStream:75 - [STDERR_REDIRECT] [Fatal Error] :1:1: Premature end of file.
2026-01-19 18:29:56,583 [ERROR] LogOutputStream:75 - [STDERR_REDIRECT] 
2026-01-19 18:29:57,643 [ERROR] LogOutputStream:75 - [STDERR_REDIRECT] [Fatal Error] :1:1: Premature end of file.
2026-01-19 18:29:57,644 [ERROR] LogOutputStream:75 - [STDERR_REDIRECT] 
2026-01-19 18:29:58,618 [ERROR] LogOutputStream:75 - [STDERR_REDIRECT] [Fatal Error] :1:1: Premature end of file.
2026-01-19 18:29:58,619 [ERROR] LogOutputStream:75 - [STDERR_REDIRECT] 
2026-01-19 18:29:59,584 [ERROR] LogOutputStream:75 - [STDERR_REDIRECT] [Fatal Error] :1:1: Premature end of file.
2026-01-19 18:29:59,585 [ERROR] LogOutputStream:75 - [STDERR_REDIRECT] 
2026-01-19 18:30:00,588 [ERROR] LogOutputStream:75 - [STDERR_REDIRECT] [Fatal Error] :1:1: Premature end of file.
2026-01-19 18:30:00,588 [ERROR] LogOutputStream:75 - [STDERR_REDIRECT] 
2026-01-19 18:30:01,591 [ERROR] LogOutputStream:75 - [STDERR_REDIRECT] [Fatal Error] :1:1: Premature end of file.
2026-01-19 18:30:01,591 [ERROR] LogOutputStream:75 - [STDERR_REDIRECT] 
2026-01-19 18:30:02,576 [ERROR] LogOutputStream:75 - [STDERR_REDIRECT] [Fatal Error] :1:1: Premature end of file.
2026-01-19 18:30:02,576 [ERROR] LogOutputStream:75 - [STDERR_REDIRECT] 
2026-01-19 18:30:03,584 [ERROR] LogOutputStream:75 - [STDERR_REDIRECT] [Fatal Error] :1:1: Premature end of file.
2026-01-19 18:30:03,584 [ERROR] LogOutputStream:75 - [STDERR_REDIRECT] 
2026-01-19 18:30:04,584 [ERROR] LogOutputStream:75 - [STDERR_REDIRECT] [Fatal Error] :1:1: Premature end of file.
2026-01-19 18:30:04,584 [ERROR] LogOutputStream:75 - [STDERR_REDIRECT] 
2026-01-19 18:30:05,589 [ERROR] LogOutputStream:75 - [STDERR_REDIRECT] [Fatal Error] :1:1: Premature end of file.
2026-01-19 18:30:05,589 [ERROR] LogOutputStream:75 - [STDERR_REDIRECT] 
2026-01-19 18:30:06,582 [ERROR] LogOutputStream:75 - [STDERR_REDIRECT] [Fatal Error] :1:1: Premature end of file.
2026-01-19 18:30:06,582 [ERROR] LogOutputStream:75 - [STDERR_REDIRECT] 
2026-01-19 18:30:07,597 [ERROR] LogOutputStream:75 - [STDERR_REDIRECT] [Fatal Error] :1:1: Premature end of file.
2026-01-19 18:30:07,597 [ERROR] LogOutputStream:75 - [STDERR_REDIRECT] 
2026-01-19 18:30:08,588 [ERROR] LogOutputStream:75 - [STDERR_REDIRECT] [Fatal Error] :1:1: Premature end of file.
2026-01-19 18:30:08,589 [ERROR] LogOutputStream:75 - [STDERR_REDIRECT] 
2026-01-19 18:30:09,597 [ERROR] LogOutputStream:75 - [STDERR_REDIRECT] [Fatal Error] :1:1: Premature end of file.
2026-01-19 18:30:09,597 [ERROR] LogOutputStream:75 - [STDERR_REDIRECT] 
2026-01-19 18:30:10,588 [ERROR] LogOutputStream:75 - [STDERR_REDIRECT] [Fatal Error] :1:1: Premature end of file.
2026-01-19 18:30:10,588 [ERROR] LogOutputStream:75 - [STDERR_REDIRECT] 
2026-01-19 18:30:11,609 [ERROR] LogOutputStream:75 - [STDERR_REDIRECT] [Fatal Error] :1:1: Premature end of file.
2026-01-19 18:30:11,609 [ERROR] LogOutputStream:75 - [STDERR_REDIRECT] 
2026-01-19 18:30:12,582 [ERROR] LogOutputStream:75 - [STDERR_REDIRECT] [Fatal Error] :1:1: Premature end of file.
2026-01-19 18:30:12,582 [ERROR] LogOutputStream:75 - [STDERR_REDIRECT] 
2026-01-19 18:30:13,591 [ERROR] LogOutputStream:75 - [STDERR_REDIRECT] [Fatal Error] :1:1: Premature end of file.
2026-01-19 18:30:13,591 [ERROR] LogOutputStream:75 - [STDERR_REDIRECT] 
2026-01-19 18:30:14,576 [ERROR] LogOutputStream:75 - [STDERR_REDIRECT] [Fatal Error] :1:1: Premature end of file.
2026-01-19 18:30:14,576 [ERROR] LogOutputStream:75 - [STDERR_REDIRECT] 
2026-01-19 18:30:15,583 [ERROR] LogOutputStream:75 - [STDERR_REDIRECT] [Fatal Error] :1:1: Premature end of file.
2026-01-19 18:30:15,583 [ERROR] LogOutputStream:75 - [STDERR_REDIRECT] 
2026-01-19 18:30:16,582 [ERROR] LogOutputStream:75 - [STDERR_REDIRECT] [Fatal Error] :1:1: Premature end of file.
2026-01-19 18:30:16,582 [ERROR] LogOutputStream:75 - [STDERR_REDIRECT] 
2026-01-19 18:30:17,591 [ERROR] LogOutputStream:75 - [STDERR_REDIRECT] [Fatal Error] :1:1: Premature end of file.
2026-01-19 18:30:17,591 [ERROR] LogOutputStream:75 - [STDERR_REDIRECT] 
2026-01-19 18:30:18,576 [ERROR] LogOutputStream:75 - [STDERR_REDIRECT] [Fatal Error] :1:1: Premature end of file.
2026-01-19 18:30:18,576 [ERROR] LogOutputStream:75 - [STDERR_REDIRECT] 
2026-01-19 18:30:19,580 [ERROR] LogOutputStream:75 - [STDERR_REDIRECT] [Fatal Error] :1:1: Premature end of file.
2026-01-19 18:30:19,580 [ERROR] LogOutputStream:75 - [STDERR_REDIRECT] 
2026-01-19 18:30:20,581 [ERROR] LogOutputStream:75 - [STDERR_REDIRECT] [Fatal Error] :1:1: Premature end of file.
2026-01-19 18:30:20,582 [ERROR] LogOutputStream:75 - [STDERR_REDIRECT] 
2026-01-19 18:30:21,583 [ERROR] LogOutputStream:75 - [STDERR_REDIRECT] [Fatal Error] :1:1: Premature end of file.
2026-01-19 18:30:21,583 [ERROR] LogOutputStream:75 - [STDERR_REDIRECT] 
2026-01-19 18:30:22,579 [ERROR] LogOutputStream:75 - [STDERR_REDIRECT] [Fatal Error] :1:1: Premature end of file.
2026-01-19 18:30:22,580 [ERROR] LogOutputStream:75 - [STDERR_REDIRECT] 
2026-01-19 18:30:23,589 [ERROR] LogOutputStream:75 - [STDERR_REDIRECT] [Fatal Error] :1:1: Premature end of file.
2026-01-19 18:30:23,590 [ERROR] LogOutputStream:75 - [STDERR_REDIRECT] 
2026-01-19 18:30:24,583 [ERROR] LogOutputStream:75 - [STDERR_REDIRECT] [Fatal Error] :1:1: Premature end of file.
2026-01-19 18:30:24,583 [ERROR] LogOutputStream:75 - [STDERR_REDIRECT] 
2026-01-19 18:30:25,581 [ERROR] LogOutputStream:75 - [STDERR_REDIRECT] [Fatal Error] :1:1: Premature end of file.
2026-01-19 18:30:25,582 [ERROR] LogOutputStream:75 - [STDERR_REDIRECT] 
2026-01-19 18:30:26,579 [ERROR] LogOutputStream:75 - [STDERR_REDIRECT] [Fatal Error] :1:1: Premature end of file.
2026-01-19 18:30:26,579 [ERROR] LogOutputStream:75 - [STDERR_REDIRECT] 
2026-01-19 18:30:27,593 [ERROR] LogOutputStream:75 - [STDERR_REDIRECT] [Fatal Error] :1:1: Premature end of file.
2026-01-19 18:30:27,593 [ERROR] LogOutputStream:75 - [STDERR_REDIRECT] 
2026-01-19 18:30:28,584 [ERROR] LogOutputStream:75 - [STDERR_REDIRECT] [Fatal Error] :1:1: Premature end of file.
2026-01-19 18:30:28,585 [ERROR] LogOutputStream:75 - [STDERR_REDIRECT] 
2026-01-19 18:30:29,584 [ERROR] LogOutputStream:75 - [STDERR_REDIRECT] [Fatal Error] :1:1: Premature end of file.
2026-01-19 18:30:29,584 [ERROR] LogOutputStream:75 - [STDERR_REDIRECT] 
2026-01-19 18:30:30,576 [ERROR] LogOutputStream:75 - [STDERR_REDIRECT] [Fatal Error] :1:1: Premature end of file.
2026-01-19 18:30:30,576 [ERROR] LogOutputStream:75 - [STDERR_REDIRECT] 
2026-01-19 18:30:31,593 [ERROR] LogOutputStream:75 - [STDERR_REDIRECT] [Fatal Error] :1:1: Premature end of file.
2026-01-19 18:30:31,593 [ERROR] LogOutputStream:75 - [STDERR_REDIRECT] 
2026-01-19 18:30:32,585 [ERROR] LogOutputStream:75 - [STDERR_REDIRECT] [Fatal Error] :1:1: Premature end of file.
2026-01-19 18:30:32,586 [ERROR] LogOutputStream:75 - [STDERR_REDIRECT] 
2026-01-19 18:30:33,579 [ERROR] LogOutputStream:75 - [STDERR_REDIRECT] [Fatal Error] :1:1: Premature end of file.
2026-01-19 18:30:33,579 [ERROR] LogOutputStream:75 - [STDERR_REDIRECT] 
2026-01-19 18:30:34,581 [ERROR] LogOutputStream:75 - [STDERR_REDIRECT] [Fatal Error] :1:1: Premature end of file.
2026-01-19 18:30:34,581 [ERROR] LogOutputStream:75 - [STDERR_REDIRECT] 
2026-01-19 18:30:35,584 [ERROR] LogOutputStream:75 - [STDERR_REDIRECT] [Fatal Error] :1:1: Premature end of file.
2026-01-19 18:30:35,584 [ERROR] LogOutputStream:75 - [STDERR_REDIRECT] 
2026-01-19 18:30:36,588 [ERROR] LogOutputStream:75 - [STDERR_REDIRECT] [Fatal Error] :1:1: Premature end of file.
2026-01-19 18:30:36,588 [ERROR] LogOutputStream:75 - [STDERR_REDIRECT] 
2026-01-19 18:30:37,591 [ERROR] LogOutputStream:75 - [STDERR_REDIRECT] [Fatal Error] :1:1: Premature end of file.
2026-01-19 18:30:37,591 [ERROR] LogOutputStream:75 - [STDERR_REDIRECT] 
2026-01-19 18:30:38,582 [ERROR] LogOutputStream:75 - [STDERR_REDIRECT] [Fatal Error] :1:1: Premature end of file.
2026-01-19 18:30:38,582 [ERROR] LogOutputStream:75 - [STDERR_REDIRECT] 
2026-01-19 18:30:39,581 [ERROR] LogOutputStream:75 - [STDERR_REDIRECT] [Fatal Error] :1:1: Premature end of file.
2026-01-19 18:30:39,581 [ERROR] LogOutputStream:75 - [STDERR_REDIRECT] 
2026-01-19 18:30:40,582 [ERROR] LogOutputStream:75 - [STDERR_REDIRECT] [Fatal Error] :1:1: Premature end of file.
2026-01-19 18:30:40,582 [ERROR] LogOutputStream:75 - [STDERR_REDIRECT] 
2026-01-19 18:30:41,585 [ERROR] LogOutputStream:75 - [STDERR_REDIRECT] [Fatal Error] :1:1: Premature end of file.
2026-01-19 18:30:41,585 [ERROR] LogOutputStream:75 - [STDERR_REDIRECT] 
2026-01-19 18:30:42,577 [ERROR] LogOutputStream:75 - [STDERR_REDIRECT] [Fatal Error] :1:1: Premature end of file.
2026-01-19 18:30:42,577 [ERROR] LogOutputStream:75 - [STDERR_REDIRECT] 
2026-01-19 18:30:43,584 [ERROR] LogOutputStream:75 - [STDERR_REDIRECT] [Fatal Error] :1:1: Premature end of file.
2026-01-19 18:30:43,584 [ERROR] LogOutputStream:75 - [STDERR_REDIRECT] 
2026-01-19 18:30:44,579 [ERROR] LogOutputStream:75 - [STDERR_REDIRECT] [Fatal Error] :1:1: Premature end of file.
2026-01-19 18:30:44,580 [ERROR] LogOutputStream:75 - [STDERR_REDIRECT] 
2026-01-19 18:30:45,589 [ERROR] LogOutputStream:75 - [STDERR_REDIRECT] [Fatal Error] :1:1: Premature end of file.
2026-01-19 18:30:45,590 [ERROR] LogOutputStream:75 - [STDERR_REDIRECT] 
2026-01-19 18:30:46,583 [ERROR] LogOutputStream:75 - [STDERR_REDIRECT] [Fatal Error] :1:1: Premature end of file.
2026-01-19 18:30:46,584 [ERROR] LogOutputStream:75 - [STDERR_REDIRECT] 
2026-01-19 18:30:47,583 [ERROR] LogOutputStream:75 - [STDERR_REDIRECT] [Fatal Error] :1:1: Premature end of file.
2026-01-19 18:30:47,583 [ERROR] LogOutputStream:75 - [STDERR_REDIRECT] 
2026-01-19 18:30:48,582 [ERROR] LogOutputStream:75 - [STDERR_REDIRECT] [Fatal Error] :1:1: Premature end of file.
2026-01-19 18:30:48,582 [ERROR] LogOutputStream:75 - [STDERR_REDIRECT] 
2026-01-19 18:30:49,583 [ERROR] LogOutputStream:75 - [STDERR_REDIRECT] [Fatal Error] :1:1: Premature end of file.
2026-01-19 18:30:49,583 [ERROR] LogOutputStream:75 - [STDERR_REDIRECT] 
2026-01-19 18:30:50,583 [ERROR] LogOutputStream:75 - [STDERR_REDIRECT] [Fatal Error] :1:1: Premature end of file.
2026-01-19 18:30:50,583 [ERROR] LogOutputStream:75 - [STDERR_REDIRECT] 
2026-01-19 18:30:51,591 [ERROR] LogOutputStream:75 - [STDERR_REDIRECT] [Fatal Error] :1:1: Premature end of file.
2026-01-19 18:30:51,591 [ERROR] LogOutputStream:75 - [STDERR_REDIRECT] 
2026-01-19 18:30:52,588 [ERROR] LogOutputStream:75 - [STDERR_REDIRECT] [Fatal Error] :1:1: Premature end of file.
2026-01-19 18:30:52,588 [ERROR] LogOutputStream:75 - [STDERR_REDIRECT] 
2026-01-19 18:30:53,594 [ERROR] LogOutputStream:75 - [STDERR_REDIRECT] [Fatal Error] :1:1: Premature end of file.
2026-01-19 18:30:53,594 [ERROR] LogOutputStream:75 - [STDERR_REDIRECT] 
2026-01-19 18:30:54,588 [ERROR] LogOutputStream:75 - [STDERR_REDIRECT] [Fatal Error] :1:1: Premature end of file.
2026-01-19 18:30:54,588 [ERROR] LogOutputStream:75 - [STDERR_REDIRECT] 
2026-01-19 18:30:55,582 [ERROR] LogOutputStream:75 - [STDERR_REDIRECT] [Fatal Error] :1:1: Premature end of file.
2026-01-19 18:30:55,582 [ERROR] LogOutputStream:75 - [STDERR_REDIRECT] 
2026-01-19 18:30:56,589 [ERROR] LogOutputStream:75 - [STDERR_REDIRECT] [Fatal Error] :1:1: Premature end of file.
2026-01-19 18:30:56,589 [ERROR] LogOutputStream:75 - [STDERR_REDIRECT] 
2026-01-19 18:30:57,589 [ERROR] LogOutputStream:75 - [STDERR_REDIRECT] [Fatal Error] :1:1: Premature end of file.
2026-01-19 18:30:57,589 [ERROR] LogOutputStream:75 - [STDERR_REDIRECT] 
2026-01-19 18:30:58,583 [ERROR] LogOutputStream:75 - [STDERR_REDIRECT] [Fatal Error] :1:1: Premature end of file.
2026-01-19 18:30:58,583 [ERROR] LogOutputStream:75 - [STDERR_REDIRECT] 
2026-01-19 18:30:59,588 [ERROR] LogOutputStream:75 - [STDERR_REDIRECT] [Fatal Error] :1:1: Premature end of file.
2026-01-19 18:30:59,589 [ERROR] LogOutputStream:75 - [STDERR_REDIRECT] 
2026-01-19 18:31:00,591 [ERROR] LogOutputStream:75 - [STDERR_REDIRECT] [Fatal Error] :1:1: Premature end of file.
2026-01-19 18:31:00,591 [ERROR] LogOutputStream:75 - [STDERR_REDIRECT] 
2026-01-19 18:31:01,583 [ERROR] LogOutputStream:75 - [STDERR_REDIRECT] [Fatal Error] :1:1: Premature end of file.
2026-01-19 18:31:01,584 [ERROR] LogOutputStream:75 - [STDERR_REDIRECT] 
2026-01-19 18:31:02,590 [ERROR] LogOutputStream:75 - [STDERR_REDIRECT] [Fatal Error] :1:1: Premature end of file.
2026-01-19 18:31:02,591 [ERROR] LogOutputStream:75 - [STDERR_REDIRECT] 
2026-01-19 18:31:03,588 [ERROR] LogOutputStream:75 - [STDERR_REDIRECT] [Fatal Error] :1:1: Premature end of file.
2026-01-19 18:31:03,588 [ERROR] LogOutputStream:75 - [STDERR_REDIRECT] 
2026-01-19 18:31:04,591 [ERROR] LogOutputStream:75 - [STDERR_REDIRECT] [Fatal Error] :1:1: Premature end of file.
2026-01-19 18:31:04,591 [ERROR] LogOutputStream:75 - [STDERR_REDIRECT] 
2026-01-19 18:31:05,586 [ERROR] LogOutputStream:75 - [STDERR_REDIRECT] [Fatal Error] :1:1: Premature end of file.
2026-01-19 18:31:05,586 [ERROR] LogOutputStream:75 - [STDERR_REDIRECT] 
2026-01-19 18:31:06,579 [ERROR] LogOutputStream:75 - [STDERR_REDIRECT] [Fatal Error] :1:1: Premature end of file.
2026-01-19 18:31:06,579 [ERROR] LogOutputStream:75 - [STDERR_REDIRECT] 
2026-01-19 18:31:07,582 [ERROR] LogOutputStream:75 - [STDERR_REDIRECT] [Fatal Error] :1:1: Premature end of file.
2026-01-19 18:31:07,582 [ERROR] LogOutputStream:75 - [STDERR_REDIRECT] 
2026-01-19 18:31:08,584 [ERROR] LogOutputStream:75 - [STDERR_REDIRECT] [Fatal Error] :1:1: Premature end of file.
2026-01-19 18:31:08,585 [ERROR] LogOutputStream:75 - [STDERR_REDIRECT] 
2026-01-19 18:31:09,580 [ERROR] LogOutputStream:75 - [STDERR_REDIRECT] [Fatal Error] :1:1: Premature end of file.
2026-01-19 18:31:09,580 [ERROR] LogOutputStream:75 - [STDERR_REDIRECT] 
2026-01-19 18:31:10,581 [ERROR] LogOutputStream:75 - [STDERR_REDIRECT] [Fatal Error] :1:1: Premature end of file.
2026-01-19 18:31:10,581 [ERROR] LogOutputStream:75 - [STDERR_REDIRECT] 
2026-01-19 18:31:11,584 [ERROR] LogOutputStream:75 - [STDERR_REDIRECT] [Fatal Error] :1:1: Premature end of file.
2026-01-19 18:31:11,584 [ERROR] LogOutputStream:75 - [STDERR_REDIRECT] 
2026-01-19 18:31:12,585 [ERROR] LogOutputStream:75 - [STDERR_REDIRECT] [Fatal Error] :1:1: Premature end of file.
2026-01-19 18:31:12,586 [ERROR] LogOutputStream:75 - [STDERR_REDIRECT] 
2026-01-19 18:31:13,582 [ERROR] LogOutputStream:75 - [STDERR_REDIRECT] [Fatal Error] :1:1: Premature end of file.
2026-01-19 18:31:13,582 [ERROR] LogOutputStream:75 - [STDERR_REDIRECT] 
2026-01-19 18:31:14,581 [ERROR] LogOutputStream:75 - [STDERR_REDIRECT] [Fatal Error] :1:1: Premature end of file.
2026-01-19 18:31:14,581 [ERROR] LogOutputStream:75 - [STDERR_REDIRECT] 
2026-01-19 18:31:15,581 [ERROR] LogOutputStream:75 - [STDERR_REDIRECT] [Fatal Error] :1:1: Premature end of file.
2026-01-19 18:31:15,581 [ERROR] LogOutputStream:75 - [STDERR_REDIRECT] 
2026-01-19 18:31:16,585 [ERROR] LogOutputStream:75 - [STDERR_REDIRECT] [Fatal Error] :1:1: Premature end of file.
2026-01-19 18:31:16,585 [ERROR] LogOutputStream:75 - [STDERR_REDIRECT] 
2026-01-19 18:31:17,600 [ERROR] LogOutputStream:75 - [STDERR_REDIRECT] [Fatal Error] :1:1: Premature end of file.
2026-01-19 18:31:17,601 [ERROR] LogOutputStream:75 - [STDERR_REDIRECT] 
2026-01-19 18:31:18,597 [ERROR] LogOutputStream:75 - [STDERR_REDIRECT] [Fatal Error] :1:1: Premature end of file.
2026-01-19 18:31:18,598 [ERROR] LogOutputStream:75 - [STDERR_REDIRECT] 
2026-01-19 18:31:19,593 [ERROR] LogOutputStream:75 - [STDERR_REDIRECT] [Fatal Error] :1:1: Premature end of file.
2026-01-19 18:31:19,594 [ERROR] LogOutputStream:75 - [STDERR_REDIRECT] 
2026-01-19 18:31:20,600 [ERROR] LogOutputStream:75 - [STDERR_REDIRECT] [Fatal Error] :1:1: Premature end of file.
2026-01-19 18:31:20,600 [ERROR] LogOutputStream:75 - [STDERR_REDIRECT] 
2026-01-19 18:31:21,581 [ERROR] LogOutputStream:75 - [STDERR_REDIRECT] [Fatal Error] :1:1: Premature end of file.
2026-01-19 18:31:21,581 [ERROR] LogOutputStream:75 - [STDERR_REDIRECT] 
2026-01-19 18:31:22,592 [ERROR] LogOutputStream:75 - [STDERR_REDIRECT] [Fatal Error] :1:1: Premature end of file.
2026-01-19 18:31:22,592 [ERROR] LogOutputStream:75 - [STDERR_REDIRECT] 
2026-01-19 18:31:23,598 [ERROR] LogOutputStream:75 - [STDERR_REDIRECT] [Fatal Error] :1:1: Premature end of file.
2026-01-19 18:31:23,598 [ERROR] LogOutputStream:75 - [STDERR_REDIRECT] 
2026-01-19 18:31:24,586 [ERROR] LogOutputStream:75 - [STDERR_REDIRECT] [Fatal Error] :1:1: Premature end of file.
2026-01-19 18:31:24,586 [ERROR] LogOutputStream:75 - [STDERR_REDIRECT] 
2026-01-19 18:31:25,595 [ERROR] LogOutputStream:75 - [STDERR_REDIRECT] [Fatal Error] :1:1: Premature end of file.
2026-01-19 18:31:25,595 [ERROR] LogOutputStream:75 - [STDERR_REDIRECT] 
2026-01-19 18:31:26,589 [ERROR] LogOutputStream:75 - [STDERR_REDIRECT] [Fatal Error] :1:1: Premature end of file.
2026-01-19 18:31:26,589 [ERROR] LogOutputStream:75 - [STDERR_REDIRECT] 
2026-01-19 18:31:27,588 [ERROR] LogOutputStream:75 - [STDERR_REDIRECT] [Fatal Error] :1:1: Premature end of file.
2026-01-19 18:31:27,589 [ERROR] LogOutputStream:75 - [STDERR_REDIRECT] 
2026-01-19 18:31:28,581 [ERROR] LogOutputStream:75 - [STDERR_REDIRECT] [Fatal Error] :1:1: Premature end of file.
2026-01-19 18:31:28,582 [ERROR] LogOutputStream:75 - [STDERR_REDIRECT] 
2026-01-19 18:31:29,580 [ERROR] LogOutputStream:75 - [STDERR_REDIRECT] [Fatal Error] :1:1: Premature end of file.
2026-01-19 18:31:29,581 [ERROR] LogOutputStream:75 - [STDERR_REDIRECT] 
2026-01-19 18:31:30,581 [ERROR] LogOutputStream:75 - [STDERR_REDIRECT] [Fatal Error] :1:1: Premature end of file.
2026-01-19 18:31:30,582 [ERROR] LogOutputStream:75 - [STDERR_REDIRECT] 
2026-01-19 18:31:31,581 [ERROR] LogOutputStream:75 - [STDERR_REDIRECT] [Fatal Error] :1:1: Premature end of file.
2026-01-19 18:31:31,581 [ERROR] LogOutputStream:75 - [STDERR_REDIRECT] 
2026-01-19 18:31:32,582 [ERROR] LogOutputStream:75 - [STDERR_REDIRECT] [Fatal Error] :1:1: Premature end of file.
2026-01-19 18:31:32,582 [ERROR] LogOutputStream:75 - [STDERR_REDIRECT] 
2026-01-19 18:31:33,589 [ERROR] LogOutputStream:75 - [STDERR_REDIRECT] [Fatal Error] :1:1: Premature end of file.
2026-01-19 18:31:33,589 [ERROR] LogOutputStream:75 - [STDERR_REDIRECT] 
2026-01-19 18:31:34,585 [ERROR] LogOutputStream:75 - [STDERR_REDIRECT] [Fatal Error] :1:1: Premature end of file.
2026-01-19 18:31:34,585 [ERROR] LogOutputStream:75 - [STDERR_REDIRECT] 
2026-01-19 18:31:35,587 [ERROR] LogOutputStream:75 - [STDERR_REDIRECT] [Fatal Error] :1:1: Premature end of file.
2026-01-19 18:31:35,588 [ERROR] LogOutputStream:75 - [STDERR_REDIRECT] 
2026-01-19 18:31:36,585 [ERROR] LogOutputStream:75 - [STDERR_REDIRECT] [Fatal Error] :1:1: Premature end of file.
2026-01-19 18:31:36,585 [ERROR] LogOutputStream:75 - [STDERR_REDIRECT] 
2026-01-19 18:31:37,590 [ERROR] LogOutputStream:75 - [STDERR_REDIRECT] [Fatal Error] :1:1: Premature end of file.
2026-01-19 18:31:37,591 [ERROR] LogOutputStream:75 - [STDERR_REDIRECT] 
2026-01-19 18:31:38,582 [ERROR] LogOutputStream:75 - [STDERR_REDIRECT] [Fatal Error] :1:1: Premature end of file.
2026-01-19 18:31:38,582 [ERROR] LogOutputStream:75 - [STDERR_REDIRECT] 
2026-01-19 18:31:39,581 [ERROR] LogOutputStream:75 - [STDERR_REDIRECT] [Fatal Error] :1:1: Premature end of file.
2026-01-19 18:31:39,581 [ERROR] LogOutputStream:75 - [STDERR_REDIRECT] 
2026-01-19 18:31:40,583 [ERROR] LogOutputStream:75 - [STDERR_REDIRECT] [Fatal Error] :1:1: Premature end of file.
2026-01-19 18:31:40,583 [ERROR] LogOutputStream:75 - [STDERR_REDIRECT] 
2026-01-19 18:31:41,581 [ERROR] LogOutputStream:75 - [STDERR_REDIRECT] [Fatal Error] :1:1: Premature end of file.
2026-01-19 18:31:41,581 [ERROR] LogOutputStream:75 - [STDERR_REDIRECT] 
2026-01-19 18:31:42,582 [ERROR] LogOutputStream:75 - [STDERR_REDIRECT] [Fatal Error] :1:1: Premature end of file.
2026-01-19 18:31:42,582 [ERROR] LogOutputStream:75 - [STDERR_REDIRECT] 
2026-01-19 18:31:43,585 [ERROR] LogOutputStream:75 - [STDERR_REDIRECT] [Fatal Error] :1:1: Premature end of file.
2026-01-19 18:31:43,585 [ERROR] LogOutputStream:75 - [STDERR_REDIRECT] 
2026-01-19 18:31:44,584 [ERROR] LogOutputStream:75 - [STDERR_REDIRECT] [Fatal Error] :1:1: Premature end of file.
2026-01-19 18:31:44,584 [ERROR] LogOutputStream:75 - [STDERR_REDIRECT] 
2026-01-19 18:31:45,585 [ERROR] LogOutputStream:75 - [STDERR_REDIRECT] [Fatal Error] :1:1: Premature end of file.
2026-01-19 18:31:45,585 [ERROR] LogOutputStream:75 - [STDERR_REDIRECT] 
2026-01-19 18:31:46,583 [ERROR] LogOutputStream:75 - [STDERR_REDIRECT] [Fatal Error] :1:1: Premature end of file.
2026-01-19 18:31:46,583 [ERROR] LogOutputStream:75 - [STDERR_REDIRECT] 
2026-01-19 18:31:47,582 [ERROR] LogOutputStream:75 - [STDERR_REDIRECT] [Fatal Error] :1:1: Premature end of file.
2026-01-19 18:31:47,583 [ERROR] LogOutputStream:75 - [STDERR_REDIRECT] 
2026-01-19 18:31:48,581 [ERROR] LogOutputStream:75 - [STDERR_REDIRECT] [Fatal Error] :1:1: Premature end of file.
2026-01-19 18:31:48,581 [ERROR] LogOutputStream:75 - [STDERR_REDIRECT] 
2026-01-19 18:31:49,580 [ERROR] LogOutputStream:75 - [STDERR_REDIRECT] [Fatal Error] :1:1: Premature end of file.
2026-01-19 18:31:49,580 [ERROR] LogOutputStream:75 - [STDERR_REDIRECT] 
2026-01-19 18:31:50,586 [ERROR] LogOutputStream:75 - [STDERR_REDIRECT] [Fatal Error] :1:1: Premature end of file.
2026-01-19 18:31:50,587 [ERROR] LogOutputStream:75 - [STDERR_REDIRECT] 
2026-01-19 18:31:51,600 [ERROR] LogOutputStream:75 - [STDERR_REDIRECT] [Fatal Error] :1:1: Premature end of file.
2026-01-19 18:31:51,600 [ERROR] LogOutputStream:75 - [STDERR_REDIRECT] 
2026-01-19 18:31:52,585 [ERROR] LogOutputStream:75 - [STDERR_REDIRECT] [Fatal Error] :1:1: Premature end of file.
2026-01-19 18:31:52,585 [ERROR] LogOutputStream:75 - [STDERR_REDIRECT] 
2026-01-19 18:31:53,582 [ERROR] LogOutputStream:75 - [STDERR_REDIRECT] [Fatal Error] :1:1: Premature end of file.
2026-01-19 18:31:53,582 [ERROR] LogOutputStream:75 - [STDERR_REDIRECT] 
2026-01-19 18:31:54,583 [ERROR] LogOutputStream:75 - [STDERR_REDIRECT] [Fatal Error] :1:1: Premature end of file.
2026-01-19 18:31:54,583 [ERROR] LogOutputStream:75 - [STDERR_REDIRECT] 
2026-01-19 18:31:55,583 [ERROR] LogOutputStream:75 - [STDERR_REDIRECT] [Fatal Error] :1:1: Premature end of file.
2026-01-19 18:31:55,583 [ERROR] LogOutputStream:75 - [STDERR_REDIRECT] 
2026-01-19 18:31:56,582 [ERROR] LogOutputStream:75 - [STDERR_REDIRECT] [Fatal Error] :1:1: Premature end of file.
2026-01-19 18:31:56,582 [ERROR] LogOutputStream:75 - [STDERR_REDIRECT] 
2026-01-19 18:31:57,580 [ERROR] LogOutputStream:75 - [STDERR_REDIRECT] [Fatal Error] :1:1: Premature end of file.
2026-01-19 18:31:57,580 [ERROR] LogOutputStream:75 - [STDERR_REDIRECT] 
2026-01-19 18:31:58,585 [ERROR] LogOutputStream:75 - [STDERR_REDIRECT] [Fatal Error] :1:1: Premature end of file.
2026-01-19 18:31:58,586 [ERROR] LogOutputStream:75 - [STDERR_REDIRECT] 
2026-01-19 18:31:59,586 [ERROR] LogOutputStream:75 - [STDERR_REDIRECT] [Fatal Error] :1:1: Premature end of file.
2026-01-19 18:31:59,586 [ERROR] LogOutputStream:75 - [STDERR_REDIRECT] 
2026-01-19 18:32:00,583 [ERROR] LogOutputStream:75 - [STDERR_REDIRECT] [Fatal Error] :1:1: Premature end of file.
2026-01-19 18:32:00,583 [ERROR] LogOutputStream:75 - [STDERR_REDIRECT] 
2026-01-19 18:32:01,582 [ERROR] LogOutputStream:75 - [STDERR_REDIRECT] [Fatal Error] :1:1: Premature end of file.
2026-01-19 18:32:01,582 [ERROR] LogOutputStream:75 - [STDERR_REDIRECT] 
2026-01-19 18:32:02,579 [ERROR] LogOutputStream:75 - [STDERR_REDIRECT] [Fatal Error] :1:1: Premature end of file.
2026-01-19 18:32:02,579 [ERROR] LogOutputStream:75 - [STDERR_REDIRECT] 
2026-01-19 18:32:03,591 [ERROR] LogOutputStream:75 - [STDERR_REDIRECT] [Fatal Error] :1:1: Premature end of file.
2026-01-19 18:32:03,591 [ERROR] LogOutputStream:75 - [STDERR_REDIRECT] 
2026-01-19 18:32:04,582 [ERROR] LogOutputStream:75 - [STDERR_REDIRECT] [Fatal Error] :1:1: Premature end of file.
2026-01-19 18:32:04,582 [ERROR] LogOutputStream:75 - [STDERR_REDIRECT] 
2026-01-19 18:32:05,583 [ERROR] LogOutputStream:75 - [STDERR_REDIRECT] [Fatal Error] :1:1: Premature end of file.
2026-01-19 18:32:05,583 [ERROR] LogOutputStream:75 - [STDERR_REDIRECT] 
2026-01-19 18:32:06,584 [ERROR] LogOutputStream:75 - [STDERR_REDIRECT] [Fatal Error] :1:1: Premature end of file.
2026-01-19 18:32:06,584 [ERROR] LogOutputStream:75 - [STDERR_REDIRECT] 
2026-01-19 18:32:07,604 [ERROR] LogOutputStream:75 - [STDERR_REDIRECT] [Fatal Error] :1:1: Premature end of file.
2026-01-19 18:32:07,604 [ERROR] LogOutputStream:75 - [STDERR_REDIRECT] 
2026-01-19 18:32:08,584 [ERROR] LogOutputStream:75 - [STDERR_REDIRECT] [Fatal Error] :1:1: Premature end of file.
2026-01-19 18:32:08,584 [ERROR] LogOutputStream:75 - [STDERR_REDIRECT] 
2026-01-19 18:32:09,590 [ERROR] LogOutputStream:75 - [STDERR_REDIRECT] [Fatal Error] :1:1: Premature end of file.
2026-01-19 18:32:09,591 [ERROR] LogOutputStream:75 - [STDERR_REDIRECT] 
2026-01-19 18:32:10,636 [ERROR] LogOutputStream:75 - [STDERR_REDIRECT] [Fatal Error] :1:1: Premature end of file.
2026-01-19 18:32:10,636 [ERROR] LogOutputStream:75 - [STDERR_REDIRECT] 
2026-01-19 18:32:11,609 [ERROR] LogOutputStream:75 - [STDERR_REDIRECT] [Fatal Error] :1:1: Premature end of file.
2026-01-19 18:32:11,609 [ERROR] LogOutputStream:75 - [STDERR_REDIRECT] 
2026-01-19 18:32:12,608 [ERROR] LogOutputStream:75 - [STDERR_REDIRECT] [Fatal Error] :1:1: Premature end of file.
2026-01-19 18:32:12,608 [ERROR] LogOutputStream:75 - [STDERR_REDIRECT] 
2026-01-19 18:32:13,601 [ERROR] LogOutputStream:75 - [STDERR_REDIRECT] [Fatal Error] :1:1: Premature end of file.
2026-01-19 18:32:13,601 [ERROR] LogOutputStream:75 - [STDERR_REDIRECT] 
2026-01-19 18:32:14,586 [ERROR] LogOutputStream:75 - [STDERR_REDIRECT] [Fatal Error] :1:1: Premature end of file.
2026-01-19 18:32:14,587 [ERROR] LogOutputStream:75 - [STDERR_REDIRECT] 
2026-01-19 18:32:15,595 [ERROR] LogOutputStream:75 - [STDERR_REDIRECT] [Fatal Error] :1:1: Premature end of file.
2026-01-19 18:32:15,595 [ERROR] LogOutputStream:75 - [STDERR_REDIRECT] 
2026-01-19 18:32:16,572 [ERROR] LogOutputStream:75 - [STDERR_REDIRECT] [Fatal Error] :1:1: Premature end of file.
2026-01-19 18:32:16,572 [ERROR] LogOutputStream:75 - [STDERR_REDIRECT] 
2026-01-19 18:32:17,585 [ERROR] LogOutputStream:75 - [STDERR_REDIRECT] [Fatal Error] :1:1: Premature end of file.
2026-01-19 18:32:17,585 [ERROR] LogOutputStream:75 - [STDERR_REDIRECT] 
2026-01-19 18:32:18,587 [ERROR] LogOutputStream:75 - [STDERR_REDIRECT] [Fatal Error] :1:1: Premature end of file.
2026-01-19 18:32:18,587 [ERROR] LogOutputStream:75 - [STDERR_REDIRECT] 
2026-01-19 18:32:19,600 [ERROR] LogOutputStream:75 - [STDERR_REDIRECT] [Fatal Error] :1:1: Premature end of file.
2026-01-19 18:32:19,600 [ERROR] LogOutputStream:75 - [STDERR_REDIRECT] 
2026-01-19 18:32:20,600 [ERROR] LogOutputStream:75 - [STDERR_REDIRECT] [Fatal Error] :1:1: Premature end of file.
2026-01-19 18:32:20,600 [ERROR] LogOutputStream:75 - [STDERR_REDIRECT] 
2026-01-19 18:32:21,597 [ERROR] LogOutputStream:75 - [STDERR_REDIRECT] [Fatal Error] :1:1: Premature end of file.
2026-01-19 18:32:21,597 [ERROR] LogOutputStream:75 - [STDERR_REDIRECT] 
2026-01-19 18:32:22,594 [ERROR] LogOutputStream:75 - [STDERR_REDIRECT] [Fatal Error] :1:1: Premature end of file.
2026-01-19 18:32:22,594 [ERROR] LogOutputStream:75 - [STDERR_REDIRECT] 
2026-01-19 18:32:23,586 [ERROR] LogOutputStream:75 - [STDERR_REDIRECT] [Fatal Error] :1:1: Premature end of file.
2026-01-19 18:32:23,586 [ERROR] LogOutputStream:75 - [STDERR_REDIRECT] 
2026-01-19 18:32:24,584 [ERROR] LogOutputStream:75 - [STDERR_REDIRECT] [Fatal Error] :1:1: Premature end of file.
2026-01-19 18:32:24,585 [ERROR] LogOutputStream:75 - [STDERR_REDIRECT] 
2026-01-19 18:32:25,591 [ERROR] LogOutputStream:75 - [STDERR_REDIRECT] [Fatal Error] :1:1: Premature end of file.
2026-01-19 18:32:25,591 [ERROR] LogOutputStream:75 - [STDERR_REDIRECT] 
2026-01-19 18:32:26,620 [ERROR] LogOutputStream:75 - [STDERR_REDIRECT] [Fatal Error] :1:1: Premature end of file.
2026-01-19 18:32:26,621 [ERROR] LogOutputStream:75 - [STDERR_REDIRECT] 
2026-01-19 18:32:27,595 [ERROR] LogOutputStream:75 - [STDERR_REDIRECT] [Fatal Error] :1:1: Premature end of file.
2026-01-19 18:32:27,595 [ERROR] LogOutputStream:75 - [STDERR_REDIRECT] 
2026-01-19 18:32:28,619 [ERROR] LogOutputStream:75 - [STDERR_REDIRECT] [Fatal Error] :1:1: Premature end of file.
2026-01-19 18:32:28,620 [ERROR] LogOutputStream:75 - [STDERR_REDIRECT] 
2026-01-19 18:32:29,597 [ERROR] LogOutputStream:75 - [STDERR_REDIRECT] [Fatal Error] :1:1: Premature end of file.
2026-01-19 18:32:29,597 [ERROR] LogOutputStream:75 - [STDERR_REDIRECT] 
2026-01-19 18:32:30,608 [ERROR] LogOutputStream:75 - [STDERR_REDIRECT] [Fatal Error] :1:1: Premature end of file.
2026-01-19 18:32:30,609 [ERROR] LogOutputStream:75 - [STDERR_REDIRECT] 
2026-01-19 18:32:31,599 [ERROR] LogOutputStream:75 - [STDERR_REDIRECT] [Fatal Error] :1:1: Premature end of file.
2026-01-19 18:32:31,599 [ERROR] LogOutputStream:75 - [STDERR_REDIRECT] 
2026-01-19 18:32:32,584 [ERROR] LogOutputStream:75 - [STDERR_REDIRECT] [Fatal Error] :1:1: Premature end of file.
2026-01-19 18:32:32,584 [ERROR] LogOutputStream:75 - [STDERR_REDIRECT] 
2026-01-19 18:32:33,583 [ERROR] LogOutputStream:75 - [STDERR_REDIRECT] [Fatal Error] :1:1: Premature end of file.
2026-01-19 18:32:33,584 [ERROR] LogOutputStream:75 - [STDERR_REDIRECT] 
2026-01-19 18:32:34,595 [ERROR] LogOutputStream:75 - [STDERR_REDIRECT] [Fatal Error] :1:1: Premature end of file.
2026-01-19 18:32:34,595 [ERROR] LogOutputStream:75 - [STDERR_REDIRECT] 
2026-01-19 18:32:35,595 [ERROR] LogOutputStream:75 - [STDERR_REDIRECT] [Fatal Error] :1:1: Premature end of file.
2026-01-19 18:32:35,595 [ERROR] LogOutputStream:75 - [STDERR_REDIRECT] 
2026-01-19 18:32:36,585 [ERROR] LogOutputStream:75 - [STDERR_REDIRECT] [Fatal Error] :1:1: Premature end of file.
2026-01-19 18:32:36,585 [ERROR] LogOutputStream:75 - [STDERR_REDIRECT] 
2026-01-19 18:32:37,586 [ERROR] LogOutputStream:75 - [STDERR_REDIRECT] [Fatal Error] :1:1: Premature end of file.
2026-01-19 18:32:37,586 [ERROR] LogOutputStream:75 - [STDERR_REDIRECT] 
2026-01-19 18:32:38,613 [ERROR] LogOutputStream:75 - [STDERR_REDIRECT] [Fatal Error] :1:1: Premature end of file.
2026-01-19 18:32:38,613 [ERROR] LogOutputStream:75 - [STDERR_REDIRECT] 
2026-01-19 18:32:39,596 [ERROR] LogOutputStream:75 - [STDERR_REDIRECT] [Fatal Error] :1:1: Premature end of file.
2026-01-19 18:32:39,597 [ERROR] LogOutputStream:75 - [STDERR_REDIRECT] 
2026-01-19 18:32:40,577 [ERROR] LogOutputStream:75 - [STDERR_REDIRECT] [Fatal Error] :1:1: Premature end of file.
2026-01-19 18:32:40,578 [ERROR] LogOutputStream:75 - [STDERR_REDIRECT] 
2026-01-19 18:32:41,603 [ERROR] LogOutputStream:75 - [STDERR_REDIRECT] [Fatal Error] :1:1: Premature end of file.
2026-01-19 18:32:41,603 [ERROR] LogOutputStream:75 - [STDERR_REDIRECT] 
2026-01-19 18:32:42,600 [ERROR] LogOutputStream:75 - [STDERR_REDIRECT] [Fatal Error] :1:1: Premature end of file.
2026-01-19 18:32:42,605 [ERROR] LogOutputStream:75 - [STDERR_REDIRECT] 
2026-01-19 18:32:43,645 [ERROR] LogOutputStream:75 - [STDERR_REDIRECT] [Fatal Error] :1:1: Premature end of file.
2026-01-19 18:32:43,645 [ERROR] LogOutputStream:75 - [STDERR_REDIRECT] 
2026-01-19 18:32:44,602 [ERROR] LogOutputStream:75 - [STDERR_REDIRECT] [Fatal Error] :1:1: Premature end of file.
2026-01-19 18:32:44,602 [ERROR] LogOutputStream:75 - [STDERR_REDIRECT] 
2026-01-19 18:32:45,583 [ERROR] LogOutputStream:75 - [STDERR_REDIRECT] [Fatal Error] :1:1: Premature end of file.
2026-01-19 18:32:45,583 [ERROR] LogOutputStream:75 - [STDERR_REDIRECT] 
2026-01-19 18:32:46,597 [ERROR] LogOutputStream:75 - [STDERR_REDIRECT] [Fatal Error] :1:1: Premature end of file.
2026-01-19 18:32:46,597 [ERROR] LogOutputStream:75 - [STDERR_REDIRECT] 
2026-01-19 18:32:47,609 [ERROR] LogOutputStream:75 - [STDERR_REDIRECT] [Fatal Error] :1:1: Premature end of file.
2026-01-19 18:32:47,610 [ERROR] LogOutputStream:75 - [STDERR_REDIRECT] 
2026-01-19 18:32:48,615 [ERROR] LogOutputStream:75 - [STDERR_REDIRECT] [Fatal Error] :1:1: Premature end of file.
2026-01-19 18:32:48,615 [ERROR] LogOutputStream:75 - [STDERR_REDIRECT] 
2026-01-19 18:32:49,618 [ERROR] LogOutputStream:75 - [STDERR_REDIRECT] [Fatal Error] :1:1: Premature end of file.
2026-01-19 18:32:49,618 [ERROR] LogOutputStream:75 - [STDERR_REDIRECT] 
2026-01-19 18:32:50,613 [ERROR] LogOutputStream:75 - [STDERR_REDIRECT] [Fatal Error] :1:1: Premature end of file.
2026-01-19 18:32:50,613 [ERROR] LogOutputStream:75 - [STDERR_REDIRECT] 
2026-01-19 18:32:51,590 [ERROR] LogOutputStream:75 - [STDERR_REDIRECT] [Fatal Error] :1:1: Premature end of file.
2026-01-19 18:32:51,590 [ERROR] LogOutputStream:75 - [STDERR_REDIRECT] 
2026-01-19 18:32:52,608 [ERROR] LogOutputStream:75 - [STDERR_REDIRECT] [Fatal Error] :1:1: Premature end of file.
2026-01-19 18:32:52,608 [ERROR] LogOutputStream:75 - [STDERR_REDIRECT] 
2026-01-19 18:32:53,673 [ERROR] LogOutputStream:75 - [STDERR_REDIRECT] [Fatal Error] :1:1: Premature end of file.
2026-01-19 18:32:53,673 [ERROR] LogOutputStream:75 - [STDERR_REDIRECT] 
2026-01-19 18:32:54,591 [ERROR] LogOutputStream:75 - [STDERR_REDIRECT] [Fatal Error] :1:1: Premature end of file.
2026-01-19 18:32:54,592 [ERROR] LogOutputStream:75 - [STDERR_REDIRECT] 
2026-01-19 18:32:55,587 [ERROR] LogOutputStream:75 - [STDERR_REDIRECT] [Fatal Error] :1:1: Premature end of file.
2026-01-19 18:32:55,587 [ERROR] LogOutputStream:75 - [STDERR_REDIRECT] 
2026-01-19 18:32:56,584 [ERROR] LogOutputStream:75 - [STDERR_REDIRECT] [Fatal Error] :1:1: Premature end of file.
2026-01-19 18:32:56,584 [ERROR] LogOutputStream:75 - [STDERR_REDIRECT] 
2026-01-19 18:32:57,600 [ERROR] LogOutputStream:75 - [STDERR_REDIRECT] [Fatal Error] :1:1: Premature end of file.
2026-01-19 18:32:57,600 [ERROR] LogOutputStream:75 - [STDERR_REDIRECT] 
2026-01-19 18:32:58,595 [ERROR] LogOutputStream:75 - [STDERR_REDIRECT] [Fatal Error] :1:1: Premature end of file.
2026-01-19 18:32:58,595 [ERROR] LogOutputStream:75 - [STDERR_REDIRECT] 
2026-01-19 18:32:59,605 [ERROR] LogOutputStream:75 - [STDERR_REDIRECT] [Fatal Error] :1:1: Premature end of file.
2026-01-19 18:32:59,605 [ERROR] LogOutputStream:75 - [STDERR_REDIRECT] 
2026-01-19 18:33:00,592 [ERROR] LogOutputStream:75 - [STDERR_REDIRECT] [Fatal Error] :1:1: Premature end of file.
2026-01-19 18:33:00,592 [ERROR] LogOutputStream:75 - [STDERR_REDIRECT] 
2026-01-19 18:33:01,584 [ERROR] LogOutputStream:75 - [STDERR_REDIRECT] [Fatal Error] :1:1: Premature end of file.
2026-01-19 18:33:01,584 [ERROR] LogOutputStream:75 - [STDERR_REDIRECT] 
2026-01-19 18:33:02,596 [ERROR] LogOutputStream:75 - [STDERR_REDIRECT] [Fatal Error] :1:1: Premature end of file.
2026-01-19 18:33:02,596 [ERROR] LogOutputStream:75 - [STDERR_REDIRECT] 
2026-01-19 18:33:03,606 [ERROR] LogOutputStream:75 - [STDERR_REDIRECT] [Fatal Error] :1:1: Premature end of file.
2026-01-19 18:33:03,606 [ERROR] LogOutputStream:75 - [STDERR_REDIRECT] 
2026-01-19 18:33:04,599 [ERROR] LogOutputStream:75 - [STDERR_REDIRECT] [Fatal Error] :1:1: Premature end of file.
2026-01-19 18:33:04,599 [ERROR] LogOutputStream:75 - [STDERR_REDIRECT] 
2026-01-19 18:33:05,588 [ERROR] LogOutputStream:75 - [STDERR_REDIRECT] [Fatal Error] :1:1: Premature end of file.
2026-01-19 18:33:05,589 [ERROR] LogOutputStream:75 - [STDERR_REDIRECT] 
2026-01-19 18:33:06,589 [ERROR] LogOutputStream:75 - [STDERR_REDIRECT] [Fatal Error] :1:1: Premature end of file.
2026-01-19 18:33:06,590 [ERROR] LogOutputStream:75 - [STDERR_REDIRECT] 
2026-01-19 18:33:07,603 [ERROR] LogOutputStream:75 - [STDERR_REDIRECT] [Fatal Error] :1:1: Premature end of file.
2026-01-19 18:33:07,603 [ERROR] LogOutputStream:75 - [STDERR_REDIRECT] 
2026-01-19 18:33:08,585 [ERROR] LogOutputStream:75 - [STDERR_REDIRECT] [Fatal Error] :1:1: Premature end of file.
2026-01-19 18:33:08,585 [ERROR] LogOutputStream:75 - [STDERR_REDIRECT] 
2026-01-19 18:33:09,603 [ERROR] LogOutputStream:75 - [STDERR_REDIRECT] [Fatal Error] :1:1: Premature end of file.
2026-01-19 18:33:09,603 [ERROR] LogOutputStream:75 - [STDERR_REDIRECT] 
2026-01-19 18:33:10,594 [ERROR] LogOutputStream:75 - [STDERR_REDIRECT] [Fatal Error] :1:1: Premature end of file.
2026-01-19 18:33:10,594 [ERROR] LogOutputStream:75 - [STDERR_REDIRECT] 
2026-01-19 18:33:11,585 [ERROR] LogOutputStream:75 - [STDERR_REDIRECT] [Fatal Error] :1:1: Premature end of file.
2026-01-19 18:33:11,586 [ERROR] LogOutputStream:75 - [STDERR_REDIRECT] 
2026-01-19 18:33:12,594 [ERROR] LogOutputStream:75 - [STDERR_REDIRECT] [Fatal Error] :1:1: Premature end of file.
2026-01-19 18:33:12,595 [ERROR] LogOutputStream:75 - [STDERR_REDIRECT] 
2026-01-19 18:33:13,598 [ERROR] LogOutputStream:75 - [STDERR_REDIRECT] [Fatal Error] :1:1: Premature end of file.
2026-01-19 18:33:13,598 [ERROR] LogOutputStream:75 - [STDERR_REDIRECT] 
2026-01-19 18:33:14,591 [ERROR] LogOutputStream:75 - [STDERR_REDIRECT] [Fatal Error] :1:1: Premature end of file.
2026-01-19 18:33:14,591 [ERROR] LogOutputStream:75 - [STDERR_REDIRECT] 
2026-01-19 18:33:15,584 [ERROR] LogOutputStream:75 - [STDERR_REDIRECT] [Fatal Error] :1:1: Premature end of file.
2026-01-19 18:33:15,584 [ERROR] LogOutputStream:75 - [STDERR_REDIRECT] 
2026-01-19 18:33:16,597 [ERROR] LogOutputStream:75 - [STDERR_REDIRECT] [Fatal Error] :1:1: Premature end of file.
2026-01-19 18:33:16,598 [ERROR] LogOutputStream:75 - [STDERR_REDIRECT] 
2026-01-19 18:33:17,608 [ERROR] LogOutputStream:75 - [STDERR_REDIRECT] [Fatal Error] :1:1: Premature end of file.
2026-01-19 18:33:17,609 [ERROR] LogOutputStream:75 - [STDERR_REDIRECT] 
2026-01-19 18:33:18,586 [ERROR] LogOutputStream:75 - [STDERR_REDIRECT] [Fatal Error] :1:1: Premature end of file.
2026-01-19 18:33:18,586 [ERROR] LogOutputStream:75 - [STDERR_REDIRECT] 
2026-01-19 18:33:19,604 [ERROR] LogOutputStream:75 - [STDERR_REDIRECT] [Fatal Error] :1:1: Premature end of file.
2026-01-19 18:33:19,604 [ERROR] LogOutputStream:75 - [STDERR_REDIRECT] 
2026-01-19 18:33:20,599 [ERROR] LogOutputStream:75 - [STDERR_REDIRECT] [Fatal Error] :1:1: Premature end of file.
2026-01-19 18:33:20,600 [ERROR] LogOutputStream:75 - [STDERR_REDIRECT] 
2026-01-19 18:33:21,581 [ERROR] LogOutputStream:75 - [STDERR_REDIRECT] [Fatal Error] :1:1: Premature end of file.
2026-01-19 18:33:21,581 [ERROR] LogOutputStream:75 - [STDERR_REDIRECT] 
2026-01-19 18:33:22,621 [ERROR] LogOutputStream:75 - [STDERR_REDIRECT] [Fatal Error] :1:1: Premature end of file.
2026-01-19 18:33:22,621 [ERROR] LogOutputStream:75 - [STDERR_REDIRECT] 
2026-01-19 18:33:23,616 [ERROR] LogOutputStream:75 - [STDERR_REDIRECT] [Fatal Error] :1:1: Premature end of file.
2026-01-19 18:33:23,617 [ERROR] LogOutputStream:75 - [STDERR_REDIRECT] 
2026-01-19 18:33:24,597 [ERROR] LogOutputStream:75 - [STDERR_REDIRECT] [Fatal Error] :1:1: Premature end of file.
2026-01-19 18:33:24,597 [ERROR] LogOutputStream:75 - [STDERR_REDIRECT] 
2026-01-19 18:33:25,588 [ERROR] LogOutputStream:75 - [STDERR_REDIRECT] [Fatal Error] :1:1: Premature end of file.
2026-01-19 18:33:25,588 [ERROR] LogOutputStream:75 - [STDERR_REDIRECT] 
2026-01-19 18:33:26,590 [ERROR] LogOutputStream:75 - [STDERR_REDIRECT] [Fatal Error] :1:1: Premature end of file.
2026-01-19 18:33:26,590 [ERROR] LogOutputStream:75 - [STDERR_REDIRECT] 
2026-01-19 18:33:27,603 [ERROR] LogOutputStream:75 - [STDERR_REDIRECT] [Fatal Error] :1:1: Premature end of file.
2026-01-19 18:33:27,603 [ERROR] LogOutputStream:75 - [STDERR_REDIRECT] 
2026-01-19 18:33:28,597 [ERROR] LogOutputStream:75 - [STDERR_REDIRECT] [Fatal Error] :1:1: Premature end of file.
2026-01-19 18:33:28,598 [ERROR] LogOutputStream:75 - [STDERR_REDIRECT] 
2026-01-19 18:33:29,598 [ERROR] LogOutputStream:75 - [STDERR_REDIRECT] [Fatal Error] :1:1: Premature end of file.
2026-01-19 18:33:29,598 [ERROR] LogOutputStream:75 - [STDERR_REDIRECT] 
2026-01-19 18:33:30,604 [ERROR] LogOutputStream:75 - [STDERR_REDIRECT] [Fatal Error] :1:1: Premature end of file.
2026-01-19 18:33:30,605 [ERROR] LogOutputStream:75 - [STDERR_REDIRECT] 
2026-01-19 18:33:31,595 [ERROR] LogOutputStream:75 - [STDERR_REDIRECT] [Fatal Error] :1:1: Premature end of file.
2026-01-19 18:33:31,595 [ERROR] LogOutputStream:75 - [STDERR_REDIRECT] 
2026-01-19 18:33:32,603 [ERROR] LogOutputStream:75 - [STDERR_REDIRECT] [Fatal Error] :1:1: Premature end of file.
2026-01-19 18:33:32,604 [ERROR] LogOutputStream:75 - [STDERR_REDIRECT] 
2026-01-19 18:33:33,596 [ERROR] LogOutputStream:75 - [STDERR_REDIRECT] [Fatal Error] :1:1: Premature end of file.
2026-01-19 18:33:33,596 [ERROR] LogOutputStream:75 - [STDERR_REDIRECT] 
2026-01-19 18:33:34,600 [ERROR] LogOutputStream:75 - [STDERR_REDIRECT] [Fatal Error] :1:1: Premature end of file.
2026-01-19 18:33:34,600 [ERROR] LogOutputStream:75 - [STDERR_REDIRECT] 
2026-01-19 18:33:35,592 [ERROR] LogOutputStream:75 - [STDERR_REDIRECT] [Fatal Error] :1:1: Premature end of file.
2026-01-19 18:33:35,592 [ERROR] LogOutputStream:75 - [STDERR_REDIRECT] 
2026-01-19 18:33:36,611 [ERROR] LogOutputStream:75 - [STDERR_REDIRECT] [Fatal Error] :1:1: Premature end of file.
2026-01-19 18:33:36,611 [ERROR] LogOutputStream:75 - [STDERR_REDIRECT] 
2026-01-19 18:33:37,604 [ERROR] LogOutputStream:75 - [STDERR_REDIRECT] [Fatal Error] :1:1: Premature end of file.
2026-01-19 18:33:37,605 [ERROR] LogOutputStream:75 - [STDERR_REDIRECT] 
2026-01-19 18:33:38,604 [ERROR] LogOutputStream:75 - [STDERR_REDIRECT] [Fatal Error] :1:1: Premature end of file.
2026-01-19 18:33:38,604 [ERROR] LogOutputStream:75 - [STDERR_REDIRECT] 
2026-01-19 18:33:39,596 [ERROR] LogOutputStream:75 - [STDERR_REDIRECT] [Fatal Error] :1:1: Premature end of file.
2026-01-19 18:33:39,596 [ERROR] LogOutputStream:75 - [STDERR_REDIRECT] 
2026-01-19 18:33:40,595 [ERROR] LogOutputStream:75 - [STDERR_REDIRECT] [Fatal Error] :1:1: Premature end of file.
2026-01-19 18:33:40,595 [ERROR] LogOutputStream:75 - [STDERR_REDIRECT] 
2026-01-19 18:33:41,595 [ERROR] LogOutputStream:75 - [STDERR_REDIRECT] [Fatal Error] :1:1: Premature end of file.
2026-01-19 18:33:41,595 [ERROR] LogOutputStream:75 - [STDERR_REDIRECT] 
2026-01-19 18:33:42,591 [ERROR] LogOutputStream:75 - [STDERR_REDIRECT] [Fatal Error] :1:1: Premature end of file.
2026-01-19 18:33:42,592 [ERROR] LogOutputStream:75 - [STDERR_REDIRECT] 
2026-01-19 18:33:43,602 [ERROR] LogOutputStream:75 - [STDERR_REDIRECT] [Fatal Error] :1:1: Premature end of file.
2026-01-19 18:33:43,603 [ERROR] LogOutputStream:75 - [STDERR_REDIRECT] 
2026-01-19 18:33:44,606 [ERROR] LogOutputStream:75 - [STDERR_REDIRECT] [Fatal Error] :1:1: Premature end of file.
2026-01-19 18:33:44,606 [ERROR] LogOutputStream:75 - [STDERR_REDIRECT] 
2026-01-19 18:33:45,603 [ERROR] LogOutputStream:75 - [STDERR_REDIRECT] [Fatal Error] :1:1: Premature end of file.
2026-01-19 18:33:45,603 [ERROR] LogOutputStream:75 - [STDERR_REDIRECT] 
2026-01-19 18:33:46,594 [ERROR] LogOutputStream:75 - [STDERR_REDIRECT] [Fatal Error] :1:1: Premature end of file.
2026-01-19 18:33:46,594 [ERROR] LogOutputStream:75 - [STDERR_REDIRECT] 
2026-01-19 18:33:47,599 [ERROR] LogOutputStream:75 - [STDERR_REDIRECT] [Fatal Error] :1:1: Premature end of file.
2026-01-19 18:33:47,599 [ERROR] LogOutputStream:75 - [STDERR_REDIRECT] 
2026-01-19 18:33:48,604 [ERROR] LogOutputStream:75 - [STDERR_REDIRECT] [Fatal Error] :1:1: Premature end of file.
2026-01-19 18:33:48,604 [ERROR] LogOutputStream:75 - [STDERR_REDIRECT] 
2026-01-19 18:33:49,620 [ERROR] LogOutputStream:75 - [STDERR_REDIRECT] [Fatal Error] :1:1: Premature end of file.
2026-01-19 18:33:49,620 [ERROR] LogOutputStream:75 - [STDERR_REDIRECT] 
2026-01-19 18:33:50,590 [ERROR] LogOutputStream:75 - [STDERR_REDIRECT] [Fatal Error] :1:1: Premature end of file.
2026-01-19 18:33:50,590 [ERROR] LogOutputStream:75 - [STDERR_REDIRECT] 
2026-01-19 18:33:51,594 [ERROR] LogOutputStream:75 - [STDERR_REDIRECT] [Fatal Error] :1:1: Premature end of file.
2026-01-19 18:33:51,596 [ERROR] LogOutputStream:75 - [STDERR_REDIRECT] 
2026-01-19 18:33:52,608 [ERROR] LogOutputStream:75 - [STDERR_REDIRECT] [Fatal Error] :1:1: Premature end of file.
2026-01-19 18:33:52,608 [ERROR] LogOutputStream:75 - [STDERR_REDIRECT] 
2026-01-19 18:33:53,602 [ERROR] LogOutputStream:75 - [STDERR_REDIRECT] [Fatal Error] :1:1: Premature end of file.
2026-01-19 18:33:53,602 [ERROR] LogOutputStream:75 - [STDERR_REDIRECT] 
2026-01-19 18:33:54,601 [ERROR] LogOutputStream:75 - [STDERR_REDIRECT] [Fatal Error] :1:1: Premature end of file.
2026-01-19 18:33:54,601 [ERROR] LogOutputStream:75 - [STDERR_REDIRECT] 
2026-01-19 18:33:55,600 [ERROR] LogOutputStream:75 - [STDERR_REDIRECT] [Fatal Error] :1:1: Premature end of file.
2026-01-19 18:33:55,600 [ERROR] LogOutputStream:75 - [STDERR_REDIRECT] 
2026-01-19 18:33:56,598 [ERROR] LogOutputStream:75 - [STDERR_REDIRECT] [Fatal Error] :1:1: Premature end of file.
2026-01-19 18:33:56,600 [ERROR] LogOutputStream:75 - [STDERR_REDIRECT] 
2026-01-19 18:33:57,604 [ERROR] LogOutputStream:75 - [STDERR_REDIRECT] [Fatal Error] :1:1: Premature end of file.
2026-01-19 18:33:57,605 [ERROR] LogOutputStream:75 - [STDERR_REDIRECT] 
2026-01-19 18:33:58,594 [ERROR] LogOutputStream:75 - [STDERR_REDIRECT] [Fatal Error] :1:1: Premature end of file.
2026-01-19 18:33:58,597 [ERROR] LogOutputStream:75 - [STDERR_REDIRECT] 
2026-01-19 18:33:59,604 [ERROR] LogOutputStream:75 - [STDERR_REDIRECT] [Fatal Error] :1:1: Premature end of file.
2026-01-19 18:33:59,604 [ERROR] LogOutputStream:75 - [STDERR_REDIRECT] 
2026-01-19 18:34:00,604 [ERROR] LogOutputStream:75 - [STDERR_REDIRECT] [Fatal Error] :1:1: Premature end of file.
2026-01-19 18:34:00,604 [ERROR] LogOutputStream:75 - [STDERR_REDIRECT] 
2026-01-19 18:34:01,617 [ERROR] LogOutputStream:75 - [STDERR_REDIRECT] [Fatal Error] :1:1: Premature end of file.
2026-01-19 18:34:01,617 [ERROR] LogOutputStream:75 - [STDERR_REDIRECT] 
2026-01-19 18:34:02,618 [ERROR] LogOutputStream:75 - [STDERR_REDIRECT] [Fatal Error] :1:1: Premature end of file.
2026-01-19 18:34:02,618 [ERROR] LogOutputStream:75 - [STDERR_REDIRECT] 
2026-01-19 18:34:03,611 [ERROR] LogOutputStream:75 - [STDERR_REDIRECT] [Fatal Error] :1:1: Premature end of file.
2026-01-19 18:34:03,611 [ERROR] LogOutputStream:75 - [STDERR_REDIRECT] 
2026-01-19 18:34:04,602 [ERROR] LogOutputStream:75 - [STDERR_REDIRECT] [Fatal Error] :1:1: Premature end of file.
2026-01-19 18:34:04,602 [ERROR] LogOutputStream:75 - [STDERR_REDIRECT] 
2026-01-19 18:34:05,597 [ERROR] LogOutputStream:75 - [STDERR_REDIRECT] [Fatal Error] :1:1: Premature end of file.
2026-01-19 18:34:05,597 [ERROR] LogOutputStream:75 - [STDERR_REDIRECT] 
2026-01-19 18:34:06,597 [ERROR] LogOutputStream:75 - [STDERR_REDIRECT] [Fatal Error] :1:1: Premature end of file.
2026-01-19 18:34:06,597 [ERROR] LogOutputStream:75 - [STDERR_REDIRECT] 
2026-01-19 18:34:07,599 [ERROR] LogOutputStream:75 - [STDERR_REDIRECT] [Fatal Error] :1:1: Premature end of file.
2026-01-19 18:34:07,599 [ERROR] LogOutputStream:75 - [STDERR_REDIRECT] 
2026-01-19 18:34:08,600 [ERROR] LogOutputStream:75 - [STDERR_REDIRECT] [Fatal Error] :1:1: Premature end of file.
2026-01-19 18:34:08,600 [ERROR] LogOutputStream:75 - [STDERR_REDIRECT] 
2026-01-19 18:34:09,598 [ERROR] LogOutputStream:75 - [STDERR_REDIRECT] [Fatal Error] :1:1: Premature end of file.
2026-01-19 18:34:09,599 [ERROR] LogOutputStream:75 - [STDERR_REDIRECT] 
2026-01-19 18:34:10,607 [ERROR] LogOutputStream:75 - [STDERR_REDIRECT] [Fatal Error] :1:1: Premature end of file.
2026-01-19 18:34:10,607 [ERROR] LogOutputStream:75 - [STDERR_REDIRECT] 
2026-01-19 18:34:11,602 [ERROR] LogOutputStream:75 - [STDERR_REDIRECT] [Fatal Error] :1:1: Premature end of file.
2026-01-19 18:34:11,602 [ERROR] LogOutputStream:75 - [STDERR_REDIRECT] 
2026-01-19 18:34:12,601 [ERROR] LogOutputStream:75 - [STDERR_REDIRECT] [Fatal Error] :1:1: Premature end of file.
2026-01-19 18:34:12,602 [ERROR] LogOutputStream:75 - [STDERR_REDIRECT] 
2026-01-19 18:34:13,609 [ERROR] LogOutputStream:75 - [STDERR_REDIRECT] [Fatal Error] :1:1: Premature end of file.
2026-01-19 18:34:13,609 [ERROR] LogOutputStream:75 - [STDERR_REDIRECT] 
2026-01-19 18:34:14,597 [ERROR] LogOutputStream:75 - [STDERR_REDIRECT] [Fatal Error] :1:1: Premature end of file.
2026-01-19 18:34:14,597 [ERROR] LogOutputStream:75 - [STDERR_REDIRECT] 
2026-01-19 18:34:15,599 [ERROR] LogOutputStream:75 - [STDERR_REDIRECT] [Fatal Error] :1:1: Premature end of file.
2026-01-19 18:34:15,599 [ERROR] LogOutputStream:75 - [STDERR_REDIRECT] 
2026-01-19 18:34:16,607 [ERROR] LogOutputStream:75 - [STDERR_REDIRECT] [Fatal Error] :1:1: Premature end of file.
2026-01-19 18:34:16,607 [ERROR] LogOutputStream:75 - [STDERR_REDIRECT] 
2026-01-19 18:34:17,608 [ERROR] LogOutputStream:75 - [STDERR_REDIRECT] [Fatal Error] :1:1: Premature end of file.
2026-01-19 18:34:17,608 [ERROR] LogOutputStream:75 - [STDERR_REDIRECT] 
2026-01-19 18:34:18,610 [ERROR] LogOutputStream:75 - [STDERR_REDIRECT] [Fatal Error] :1:1: Premature end of file.
2026-01-19 18:34:18,610 [ERROR] LogOutputStream:75 - [STDERR_REDIRECT] 
2026-01-19 18:34:19,597 [ERROR] LogOutputStream:75 - [STDERR_REDIRECT] [Fatal Error] :1:1: Premature end of file.
2026-01-19 18:34:19,597 [ERROR] LogOutputStream:75 - [STDERR_REDIRECT] 
2026-01-19 18:34:20,604 [ERROR] LogOutputStream:75 - [STDERR_REDIRECT] [Fatal Error] :1:1: Premature end of file.
2026-01-19 18:34:20,604 [ERROR] LogOutputStream:75 - [STDERR_REDIRECT] 
2026-01-19 18:34:21,594 [ERROR] LogOutputStream:75 - [STDERR_REDIRECT] [Fatal Error] :1:1: Premature end of file.
2026-01-19 18:34:21,594 [ERROR] LogOutputStream:75 - [STDERR_REDIRECT] 
2026-01-19 18:34:22,596 [ERROR] LogOutputStream:75 - [STDERR_REDIRECT] [Fatal Error] :1:1: Premature end of file.
2026-01-19 18:34:22,596 [ERROR] LogOutputStream:75 - [STDERR_REDIRECT] 
2026-01-19 18:34:23,608 [ERROR] LogOutputStream:75 - [STDERR_REDIRECT] [Fatal Error] :1:1: Premature end of file.
2026-01-19 18:34:23,609 [ERROR] LogOutputStream:75 - [STDERR_REDIRECT] 
2026-01-19 18:34:24,606 [ERROR] LogOutputStream:75 - [STDERR_REDIRECT] [Fatal Error] :1:1: Premature end of file.
2026-01-19 18:34:24,606 [ERROR] LogOutputStream:75 - [STDERR_REDIRECT] 
2026-01-19 18:34:25,598 [ERROR] LogOutputStream:75 - [STDERR_REDIRECT] [Fatal Error] :1:1: Premature end of file.
2026-01-19 18:34:25,598 [ERROR] LogOutputStream:75 - [STDERR_REDIRECT] 
2026-01-19 18:34:26,616 [ERROR] LogOutputStream:75 - [STDERR_REDIRECT] [Fatal Error] :1:1: Premature end of file.
2026-01-19 18:34:26,616 [ERROR] LogOutputStream:75 - [STDERR_REDIRECT] 
2026-01-19 18:34:27,598 [ERROR] LogOutputStream:75 - [STDERR_REDIRECT] [Fatal Error] :1:1: Premature end of file.
2026-01-19 18:34:27,598 [ERROR] LogOutputStream:75 - [STDERR_REDIRECT] 
2026-01-19 18:34:28,606 [ERROR] LogOutputStream:75 - [STDERR_REDIRECT] [Fatal Error] :1:1: Premature end of file.
2026-01-19 18:34:28,606 [ERROR] LogOutputStream:75 - [STDERR_REDIRECT] 
2026-01-19 18:34:29,596 [ERROR] LogOutputStream:75 - [STDERR_REDIRECT] [Fatal Error] :1:1: Premature end of file.
2026-01-19 18:34:29,597 [ERROR] LogOutputStream:75 - [STDERR_REDIRECT] 
2026-01-19 18:34:30,606 [ERROR] LogOutputStream:75 - [STDERR_REDIRECT] [Fatal Error] :1:1: Premature end of file.
2026-01-19 18:34:30,606 [ERROR] LogOutputStream:75 - [STDERR_REDIRECT] 
2026-01-19 18:34:31,594 [ERROR] LogOutputStream:75 - [STDERR_REDIRECT] [Fatal Error] :1:1: Premature end of file.
2026-01-19 18:34:31,594 [ERROR] LogOutputStream:75 - [STDERR_REDIRECT] 
2026-01-19 18:34:32,599 [ERROR] LogOutputStream:75 - [STDERR_REDIRECT] [Fatal Error] :1:1: Premature end of file.
2026-01-19 18:34:32,599 [ERROR] LogOutputStream:75 - [STDERR_REDIRECT] 
2026-01-19 18:34:33,592 [ERROR] LogOutputStream:75 - [STDERR_REDIRECT] [Fatal Error] :1:1: Premature end of file.
2026-01-19 18:34:33,592 [ERROR] LogOutputStream:75 - [STDERR_REDIRECT] 
2026-01-19 18:34:34,608 [ERROR] LogOutputStream:75 - [STDERR_REDIRECT] [Fatal Error] :1:1: Premature end of file.
2026-01-19 18:34:34,608 [ERROR] LogOutputStream:75 - [STDERR_REDIRECT] 
2026-01-19 18:34:35,616 [ERROR] LogOutputStream:75 - [STDERR_REDIRECT] [Fatal Error] :1:1: Premature end of file.
2026-01-19 18:34:35,616 [ERROR] LogOutputStream:75 - [STDERR_REDIRECT] 
2026-01-19 18:34:36,588 [ERROR] LogOutputStream:75 - [STDERR_REDIRECT] [Fatal Error] :1:1: Premature end of file.
2026-01-19 18:34:36,588 [ERROR] LogOutputStream:75 - [STDERR_REDIRECT] 
2026-01-19 18:34:37,598 [ERROR] LogOutputStream:75 - [STDERR_REDIRECT] [Fatal Error] :1:1: Premature end of file.
2026-01-19 18:34:37,598 [ERROR] LogOutputStream:75 - [STDERR_REDIRECT] 
2026-01-19 18:34:38,599 [ERROR] LogOutputStream:75 - [STDERR_REDIRECT] [Fatal Error] :1:1: Premature end of file.
2026-01-19 18:34:38,599 [ERROR] LogOutputStream:75 - [STDERR_REDIRECT] 
2026-01-19 18:34:39,590 [ERROR] LogOutputStream:75 - [STDERR_REDIRECT] [Fatal Error] :1:1: Premature end of file.
2026-01-19 18:34:39,590 [ERROR] LogOutputStream:75 - [STDERR_REDIRECT] 
2026-01-19 18:34:40,592 [ERROR] LogOutputStream:75 - [STDERR_REDIRECT] [Fatal Error] :1:1: Premature end of file.
2026-01-19 18:34:40,592 [ERROR] LogOutputStream:75 - [STDERR_REDIRECT] 
2026-01-19 18:34:41,594 [ERROR] LogOutputStream:75 - [STDERR_REDIRECT] [Fatal Error] :1:1: Premature end of file.
2026-01-19 18:34:41,594 [ERROR] LogOutputStream:75 - [STDERR_REDIRECT] 
2026-01-19 18:34:42,596 [ERROR] LogOutputStream:75 - [STDERR_REDIRECT] [Fatal Error] :1:1: Premature end of file.
2026-01-19 18:34:42,596 [ERROR] LogOutputStream:75 - [STDERR_REDIRECT] 
2026-01-19 18:34:43,604 [ERROR] LogOutputStream:75 - [STDERR_REDIRECT] [Fatal Error] :1:1: Premature end of file.
2026-01-19 18:34:43,604 [ERROR] LogOutputStream:75 - [STDERR_REDIRECT] 
2026-01-19 18:34:44,606 [ERROR] LogOutputStream:75 - [STDERR_REDIRECT] [Fatal Error] :1:1: Premature end of file.
2026-01-19 18:34:44,606 [ERROR] LogOutputStream:75 - [STDERR_REDIRECT] 
2026-01-19 18:34:45,609 [ERROR] LogOutputStream:75 - [STDERR_REDIRECT] [Fatal Error] :1:1: Premature end of file.
2026-01-19 18:34:45,609 [ERROR] LogOutputStream:75 - [STDERR_REDIRECT] 
2026-01-19 18:34:46,597 [ERROR] LogOutputStream:75 - [STDERR_REDIRECT] [Fatal Error] :1:1: Premature end of file.
2026-01-19 18:34:46,597 [ERROR] LogOutputStream:75 - [STDERR_REDIRECT] 
2026-01-19 18:34:47,600 [ERROR] LogOutputStream:75 - [STDERR_REDIRECT] [Fatal Error] :1:1: Premature end of file.
2026-01-19 18:34:47,600 [ERROR] LogOutputStream:75 - [STDERR_REDIRECT] 
2026-01-19 18:34:48,605 [ERROR] LogOutputStream:75 - [STDERR_REDIRECT] [Fatal Error] :1:1: Premature end of file.
2026-01-19 18:34:48,605 [ERROR] LogOutputStream:75 - [STDERR_REDIRECT] 
2026-01-19 18:34:49,604 [ERROR] LogOutputStream:75 - [STDERR_REDIRECT] [Fatal Error] :1:1: Premature end of file.
2026-01-19 18:34:49,604 [ERROR] LogOutputStream:75 - [STDERR_REDIRECT] 
2026-01-19 18:34:50,605 [ERROR] LogOutputStream:75 - [STDERR_REDIRECT] [Fatal Error] :1:1: Premature end of file.
2026-01-19 18:34:50,605 [ERROR] LogOutputStream:75 - [STDERR_REDIRECT] 
2026-01-19 18:34:51,592 [ERROR] LogOutputStream:75 - [STDERR_REDIRECT] [Fatal Error] :1:1: Premature end of file.
2026-01-19 18:34:51,593 [ERROR] LogOutputStream:75 - [STDERR_REDIRECT] 
2026-01-19 18:34:52,602 [ERROR] LogOutputStream:75 - [STDERR_REDIRECT] [Fatal Error] :1:1: Premature end of file.
2026-01-19 18:34:52,602 [ERROR] LogOutputStream:75 - [STDERR_REDIRECT] 
2026-01-19 18:34:53,605 [ERROR] LogOutputStream:75 - [STDERR_REDIRECT] [Fatal Error] :1:1: Premature end of file.
2026-01-19 18:34:53,606 [ERROR] LogOutputStream:75 - [STDERR_REDIRECT] 
2026-01-19 18:34:54,598 [ERROR] LogOutputStream:75 - [STDERR_REDIRECT] [Fatal Error] :1:1: Premature end of file.
2026-01-19 18:34:54,599 [ERROR] LogOutputStream:75 - [STDERR_REDIRECT] 
2026-01-19 18:34:55,609 [ERROR] LogOutputStream:75 - [STDERR_REDIRECT] [Fatal Error] :1:1: Premature end of file.
2026-01-19 18:34:55,611 [ERROR] LogOutputStream:75 - [STDERR_REDIRECT] 
2026-01-19 18:34:56,602 [ERROR] LogOutputStream:75 - [STDERR_REDIRECT] [Fatal Error] :1:1: Premature end of file.
2026-01-19 18:34:56,603 [ERROR] LogOutputStream:75 - [STDERR_REDIRECT] 
2026-01-19 18:34:57,607 [ERROR] LogOutputStream:75 - [STDERR_REDIRECT] [Fatal Error] :1:1: Premature end of file.
2026-01-19 18:34:57,607 [ERROR] LogOutputStream:75 - [STDERR_REDIRECT] 
2026-01-19 18:34:58,598 [ERROR] LogOutputStream:75 - [STDERR_REDIRECT] [Fatal Error] :1:1: Premature end of file.
2026-01-19 18:34:58,598 [ERROR] LogOutputStream:75 - [STDERR_REDIRECT] 
2026-01-19 18:34:59,612 [ERROR] LogOutputStream:75 - [STDERR_REDIRECT] [Fatal Error] :1:1: Premature end of file.
2026-01-19 18:34:59,613 [ERROR] LogOutputStream:75 - [STDERR_REDIRECT] 
2026-01-19 18:35:00,597 [ERROR] LogOutputStream:75 - [STDERR_REDIRECT] [Fatal Error] :1:1: Premature end of file.
2026-01-19 18:35:00,597 [ERROR] LogOutputStream:75 - [STDERR_REDIRECT] 
2026-01-19 18:35:01,602 [ERROR] LogOutputStream:75 - [STDERR_REDIRECT] [Fatal Error] :1:1: Premature end of file.
2026-01-19 18:35:01,602 [ERROR] LogOutputStream:75 - [STDERR_REDIRECT] 
2026-01-19 18:35:02,596 [ERROR] LogOutputStream:75 - [STDERR_REDIRECT] [Fatal Error] :1:1: Premature end of file.
2026-01-19 18:35:02,596 [ERROR] LogOutputStream:75 - [STDERR_REDIRECT] 
2026-01-19 18:35:03,644 [ERROR] LogOutputStream:75 - [STDERR_REDIRECT] [Fatal Error] :1:1: Premature end of file.
2026-01-19 18:35:03,645 [ERROR] LogOutputStream:75 - [STDERR_REDIRECT] 
2026-01-19 18:35:04,606 [ERROR] LogOutputStream:75 - [STDERR_REDIRECT] [Fatal Error] :1:1: Premature end of file.
2026-01-19 18:35:04,606 [ERROR] LogOutputStream:75 - [STDERR_REDIRECT] 
2026-01-19 18:35:05,595 [ERROR] LogOutputStream:75 - [STDERR_REDIRECT] [Fatal Error] :1:1: Premature end of file.
2026-01-19 18:35:05,596 [ERROR] LogOutputStream:75 - [STDERR_REDIRECT] 
2026-01-19 18:35:06,604 [ERROR] LogOutputStream:75 - [STDERR_REDIRECT] [Fatal Error] :1:1: Premature end of file.
2026-01-19 18:35:06,604 [ERROR] LogOutputStream:75 - [STDERR_REDIRECT] 
2026-01-19 18:35:07,606 [ERROR] LogOutputStream:75 - [STDERR_REDIRECT] [Fatal Error] :1:1: Premature end of file.
2026-01-19 18:35:07,606 [ERROR] LogOutputStream:75 - [STDERR_REDIRECT] 
2026-01-19 18:35:08,602 [ERROR] LogOutputStream:75 - [STDERR_REDIRECT] [Fatal Error] :1:1: Premature end of file.
2026-01-19 18:35:08,602 [ERROR] LogOutputStream:75 - [STDERR_REDIRECT] 
2026-01-19 18:35:09,608 [ERROR] LogOutputStream:75 - [STDERR_REDIRECT] [Fatal Error] :1:1: Premature end of file.
2026-01-19 18:35:09,608 [ERROR] LogOutputStream:75 - [STDERR_REDIRECT] 
2026-01-19 18:35:10,605 [ERROR] LogOutputStream:75 - [STDERR_REDIRECT] [Fatal Error] :1:1: Premature end of file.
2026-01-19 18:35:10,605 [ERROR] LogOutputStream:75 - [STDERR_REDIRECT] 
2026-01-19 18:35:11,603 [ERROR] LogOutputStream:75 - [STDERR_REDIRECT] [Fatal Error] :1:1: Premature end of file.
2026-01-19 18:35:11,603 [ERROR] LogOutputStream:75 - [STDERR_REDIRECT] 
2026-01-19 18:35:12,604 [ERROR] LogOutputStream:75 - [STDERR_REDIRECT] [Fatal Error] :1:1: Premature end of file.
2026-01-19 18:35:12,604 [ERROR] LogOutputStream:75 - [STDERR_REDIRECT] 
2026-01-19 18:35:13,603 [ERROR] LogOutputStream:75 - [STDERR_REDIRECT] [Fatal Error] :1:1: Premature end of file.
2026-01-19 18:35:13,603 [ERROR] LogOutputStream:75 - [STDERR_REDIRECT] 
2026-01-19 18:35:14,608 [ERROR] LogOutputStream:75 - [STDERR_REDIRECT] [Fatal Error] :1:1: Premature end of file.
2026-01-19 18:35:14,608 [ERROR] LogOutputStream:75 - [STDERR_REDIRECT] 
2026-01-19 18:35:15,606 [ERROR] LogOutputStream:75 - [STDERR_REDIRECT] [Fatal Error] :1:1: Premature end of file.
2026-01-19 18:35:15,606 [ERROR] LogOutputStream:75 - [STDERR_REDIRECT] 
2026-01-19 18:35:16,592 [ERROR] LogOutputStream:75 - [STDERR_REDIRECT] [Fatal Error] :1:1: Premature end of file.
2026-01-19 18:35:16,592 [ERROR] LogOutputStream:75 - [STDERR_REDIRECT] 
2026-01-19 18:35:17,600 [ERROR] LogOutputStream:75 - [STDERR_REDIRECT] [Fatal Error] :1:1: Premature end of file.
2026-01-19 18:35:17,600 [ERROR] LogOutputStream:75 - [STDERR_REDIRECT] 
2026-01-19 18:35:18,611 [ERROR] LogOutputStream:75 - [STDERR_REDIRECT] [Fatal Error] :1:1: Premature end of file.
2026-01-19 18:35:18,611 [ERROR] LogOutputStream:75 - [STDERR_REDIRECT] 
2026-01-19 18:35:19,605 [ERROR] LogOutputStream:75 - [STDERR_REDIRECT] [Fatal Error] :1:1: Premature end of file.
2026-01-19 18:35:19,605 [ERROR] LogOutputStream:75 - [STDERR_REDIRECT] 
2026-01-19 18:35:20,609 [ERROR] LogOutputStream:75 - [STDERR_REDIRECT] [Fatal Error] :1:1: Premature end of file.
2026-01-19 18:35:20,609 [ERROR] LogOutputStream:75 - [STDERR_REDIRECT] 
2026-01-19 18:35:21,598 [ERROR] LogOutputStream:75 - [STDERR_REDIRECT] [Fatal Error] :1:1: Premature end of file.
2026-01-19 18:35:21,599 [ERROR] LogOutputStream:75 - [STDERR_REDIRECT] 
2026-01-19 18:35:22,607 [ERROR] LogOutputStream:75 - [STDERR_REDIRECT] [Fatal Error] :1:1: Premature end of file.
2026-01-19 18:35:22,608 [ERROR] LogOutputStream:75 - [STDERR_REDIRECT] 
2026-01-19 18:35:23,597 [ERROR] LogOutputStream:75 - [STDERR_REDIRECT] [Fatal Error] :1:1: Premature end of file.
2026-01-19 18:35:23,598 [ERROR] LogOutputStream:75 - [STDERR_REDIRECT] 
2026-01-19 18:35:24,608 [ERROR] LogOutputStream:75 - [STDERR_REDIRECT] [Fatal Error] :1:1: Premature end of file.
2026-01-19 18:35:24,608 [ERROR] LogOutputStream:75 - [STDERR_REDIRECT] 
2026-01-19 18:35:25,607 [ERROR] LogOutputStream:75 - [STDERR_REDIRECT] [Fatal Error] :1:1: Premature end of file.
2026-01-19 18:35:25,607 [ERROR] LogOutputStream:75 - [STDERR_REDIRECT] 
2026-01-19 18:35:26,595 [ERROR] LogOutputStream:75 - [STDERR_REDIRECT] [Fatal Error] :1:1: Premature end of file.
2026-01-19 18:35:26,596 [ERROR] LogOutputStream:75 - [STDERR_REDIRECT] 
2026-01-19 18:35:27,595 [ERROR] LogOutputStream:75 - [STDERR_REDIRECT] [Fatal Error] :1:1: Premature end of file.
2026-01-19 18:35:27,595 [ERROR] LogOutputStream:75 - [STDERR_REDIRECT] 
2026-01-19 18:35:28,597 [ERROR] LogOutputStream:75 - [STDERR_REDIRECT] [Fatal Error] :1:1: Premature end of file.
2026-01-19 18:35:28,597 [ERROR] LogOutputStream:75 - [STDERR_REDIRECT] 
2026-01-19 18:35:29,605 [ERROR] LogOutputStream:75 - [STDERR_REDIRECT] [Fatal Error] :1:1: Premature end of file.
2026-01-19 18:35:29,605 [ERROR] LogOutputStream:75 - [STDERR_REDIRECT] 
2026-01-19 18:35:30,597 [ERROR] LogOutputStream:75 - [STDERR_REDIRECT] [Fatal Error] :1:1: Premature end of file.
2026-01-19 18:35:30,597 [ERROR] LogOutputStream:75 - [STDERR_REDIRECT] 
2026-01-19 18:35:31,597 [ERROR] LogOutputStream:75 - [STDERR_REDIRECT] [Fatal Error] :1:1: Premature end of file.
2026-01-19 18:35:31,597 [ERROR] LogOutputStream:75 - [STDERR_REDIRECT] 
2026-01-19 18:35:32,586 [ERROR] LogOutputStream:75 - [STDERR_REDIRECT] [Fatal Error] :1:1: Premature end of file.
2026-01-19 18:35:32,589 [ERROR] LogOutputStream:75 - [STDERR_REDIRECT] 
2026-01-19 18:35:33,602 [ERROR] LogOutputStream:75 - [STDERR_REDIRECT] [Fatal Error] :1:1: Premature end of file.
2026-01-19 18:35:33,603 [ERROR] LogOutputStream:75 - [STDERR_REDIRECT] 
2026-01-19 18:35:34,599 [ERROR] LogOutputStream:75 - [STDERR_REDIRECT] [Fatal Error] :1:1: Premature end of file.
2026-01-19 18:35:34,599 [ERROR] LogOutputStream:75 - [STDERR_REDIRECT] 
2026-01-19 18:35:35,609 [ERROR] LogOutputStream:75 - [STDERR_REDIRECT] [Fatal Error] :1:1: Premature end of file.
2026-01-19 18:35:35,609 [ERROR] LogOutputStream:75 - [STDERR_REDIRECT] 
2026-01-19 18:35:36,601 [ERROR] LogOutputStream:75 - [STDERR_REDIRECT] [Fatal Error] :1:1: Premature end of file.
2026-01-19 18:35:36,601 [ERROR] LogOutputStream:75 - [STDERR_REDIRECT] 
2026-01-19 18:35:37,607 [ERROR] LogOutputStream:75 - [STDERR_REDIRECT] [Fatal Error] :1:1: Premature end of file.
2026-01-19 18:35:37,607 [ERROR] LogOutputStream:75 - [STDERR_REDIRECT] 
2026-01-19 18:35:38,593 [ERROR] LogOutputStream:75 - [STDERR_REDIRECT] [Fatal Error] :1:1: Premature end of file.
2026-01-19 18:35:38,593 [ERROR] LogOutputStream:75 - [STDERR_REDIRECT] 
2026-01-19 18:35:39,601 [ERROR] LogOutputStream:75 - [STDERR_REDIRECT] [Fatal Error] :1:1: Premature end of file.
2026-01-19 18:35:39,601 [ERROR] LogOutputStream:75 - [STDERR_REDIRECT] 
2026-01-19 18:35:40,608 [ERROR] LogOutputStream:75 - [STDERR_REDIRECT] [Fatal Error] :1:1: Premature end of file.
2026-01-19 18:35:40,608 [ERROR] LogOutputStream:75 - [STDERR_REDIRECT] 
2026-01-19 18:35:41,596 [ERROR] LogOutputStream:75 - [STDERR_REDIRECT] [Fatal Error] :1:1: Premature end of file.
2026-01-19 18:35:41,596 [ERROR] LogOutputStream:75 - [STDERR_REDIRECT] 
2026-01-19 18:35:42,604 [ERROR] LogOutputStream:75 - [STDERR_REDIRECT] [Fatal Error] :1:1: Premature end of file.
2026-01-19 18:35:42,604 [ERROR] LogOutputStream:75 - [STDERR_REDIRECT] 
2026-01-19 18:35:43,608 [ERROR] LogOutputStream:75 - [STDERR_REDIRECT] [Fatal Error] :1:1: Premature end of file.
2026-01-19 18:35:43,608 [ERROR] LogOutputStream:75 - [STDERR_REDIRECT] 
2026-01-19 18:35:44,598 [ERROR] LogOutputStream:75 - [STDERR_REDIRECT] [Fatal Error] :1:1: Premature end of file.
2026-01-19 18:35:44,598 [ERROR] LogOutputStream:75 - [STDERR_REDIRECT] 
2026-01-19 18:35:45,608 [ERROR] LogOutputStream:75 - [STDERR_REDIRECT] [Fatal Error] :1:1: Premature end of file.
2026-01-19 18:35:45,608 [ERROR] LogOutputStream:75 - [STDERR_REDIRECT] 
2026-01-19 18:35:46,601 [ERROR] LogOutputStream:75 - [STDERR_REDIRECT] [Fatal Error] :1:1: Premature end of file.
2026-01-19 18:35:46,601 [ERROR] LogOutputStream:75 - [STDERR_REDIRECT] 
2026-01-19 18:35:47,604 [ERROR] LogOutputStream:75 - [STDERR_REDIRECT] [Fatal Error] :1:1: Premature end of file.
2026-01-19 18:35:47,604 [ERROR] LogOutputStream:75 - [STDERR_REDIRECT] 
2026-01-19 18:35:48,599 [ERROR] LogOutputStream:75 - [STDERR_REDIRECT] [Fatal Error] :1:1: Premature end of file.
2026-01-19 18:35:48,599 [ERROR] LogOutputStream:75 - [STDERR_REDIRECT] 
2026-01-19 18:35:49,603 [ERROR] LogOutputStream:75 - [STDERR_REDIRECT] [Fatal Error] :1:1: Premature end of file.
2026-01-19 18:35:49,603 [ERROR] LogOutputStream:75 - [STDERR_REDIRECT] 
2026-01-19 18:35:50,595 [ERROR] LogOutputStream:75 - [STDERR_REDIRECT] [Fatal Error] :1:1: Premature end of file.
2026-01-19 18:35:50,595 [ERROR] LogOutputStream:75 - [STDERR_REDIRECT] 
2026-01-19 18:35:51,605 [ERROR] LogOutputStream:75 - [STDERR_REDIRECT] [Fatal Error] :1:1: Premature end of file.
2026-01-19 18:35:51,606 [ERROR] LogOutputStream:75 - [STDERR_REDIRECT] 
2026-01-19 18:35:52,598 [ERROR] LogOutputStream:75 - [STDERR_REDIRECT] [Fatal Error] :1:1: Premature end of file.
2026-01-19 18:35:52,599 [ERROR] LogOutputStream:75 - [STDERR_REDIRECT] 
2026-01-19 18:35:53,602 [ERROR] LogOutputStream:75 - [STDERR_REDIRECT] [Fatal Error] :1:1: Premature end of file.
2026-01-19 18:35:53,603 [ERROR] LogOutputStream:75 - [STDERR_REDIRECT] 
2026-01-19 18:35:54,609 [ERROR] LogOutputStream:75 - [STDERR_REDIRECT] [Fatal Error] :1:1: Premature end of file.
2026-01-19 18:35:54,609 [ERROR] LogOutputStream:75 - [STDERR_REDIRECT] 
2026-01-19 18:35:55,607 [ERROR] LogOutputStream:75 - [STDERR_REDIRECT] [Fatal Error] :1:1: Premature end of file.
2026-01-19 18:35:55,607 [ERROR] LogOutputStream:75 - [STDERR_REDIRECT] 
2026-01-19 18:35:56,605 [ERROR] LogOutputStream:75 - [STDERR_REDIRECT] [Fatal Error] :1:1: Premature end of file.
2026-01-19 18:35:56,605 [ERROR] LogOutputStream:75 - [STDERR_REDIRECT] 
2026-01-19 18:35:57,598 [ERROR] LogOutputStream:75 - [STDERR_REDIRECT] [Fatal Error] :1:1: Premature end of file.
2026-01-19 18:35:57,598 [ERROR] LogOutputStream:75 - [STDERR_REDIRECT] 
2026-01-19 18:35:58,603 [ERROR] LogOutputStream:75 - [STDERR_REDIRECT] [Fatal Error] :1:1: Premature end of file.
2026-01-19 18:35:58,603 [ERROR] LogOutputStream:75 - [STDERR_REDIRECT] 
2026-01-19 18:35:59,591 [ERROR] LogOutputStream:75 - [STDERR_REDIRECT] [Fatal Error] :1:1: Premature end of file.
2026-01-19 18:35:59,591 [ERROR] LogOutputStream:75 - [STDERR_REDIRECT] 
2026-01-19 18:36:00,593 [ERROR] LogOutputStream:75 - [STDERR_REDIRECT] [Fatal Error] :1:1: Premature end of file.
2026-01-19 18:36:00,593 [ERROR] LogOutputStream:75 - [STDERR_REDIRECT] 
2026-01-19 18:36:01,591 [ERROR] LogOutputStream:75 - [STDERR_REDIRECT] [Fatal Error] :1:1: Premature end of file.
2026-01-19 18:36:01,591 [ERROR] LogOutputStream:75 - [STDERR_REDIRECT] 
2026-01-19 18:36:02,599 [ERROR] LogOutputStream:75 - [STDERR_REDIRECT] [Fatal Error] :1:1: Premature end of file.
2026-01-19 18:36:02,599 [ERROR] LogOutputStream:75 - [STDERR_REDIRECT] 
2026-01-19 18:36:03,600 [ERROR] LogOutputStream:75 - [STDERR_REDIRECT] [Fatal Error] :1:1: Premature end of file.
2026-01-19 18:36:03,600 [ERROR] LogOutputStream:75 - [STDERR_REDIRECT] 
2026-01-19 18:36:04,594 [ERROR] LogOutputStream:75 - [STDERR_REDIRECT] [Fatal Error] :1:1: Premature end of file.
2026-01-19 18:36:04,594 [ERROR] LogOutputStream:75 - [STDERR_REDIRECT] 
2026-01-19 18:36:05,594 [ERROR] LogOutputStream:75 - [STDERR_REDIRECT] [Fatal Error] :1:1: Premature end of file.
2026-01-19 18:36:05,594 [ERROR] LogOutputStream:75 - [STDERR_REDIRECT] 
2026-01-19 18:36:06,597 [ERROR] LogOutputStream:75 - [STDERR_REDIRECT] [Fatal Error] :1:1: Premature end of file.
2026-01-19 18:36:06,597 [ERROR] LogOutputStream:75 - [STDERR_REDIRECT] 
2026-01-19 18:36:07,599 [ERROR] LogOutputStream:75 - [STDERR_REDIRECT] [Fatal Error] :1:1: Premature end of file.
2026-01-19 18:36:07,599 [ERROR] LogOutputStream:75 - [STDERR_REDIRECT] 
2026-01-19 18:36:08,602 [ERROR] LogOutputStream:75 - [STDERR_REDIRECT] [Fatal Error] :1:1: Premature end of file.
2026-01-19 18:36:08,602 [ERROR] LogOutputStream:75 - [STDERR_REDIRECT] 
2026-01-19 18:36:09,605 [ERROR] LogOutputStream:75 - [STDERR_REDIRECT] [Fatal Error] :1:1: Premature end of file.
2026-01-19 18:36:09,606 [ERROR] LogOutputStream:75 - [STDERR_REDIRECT] 
2026-01-19 18:36:10,598 [ERROR] LogOutputStream:75 - [STDERR_REDIRECT] [Fatal Error] :1:1: Premature end of file.
2026-01-19 18:36:10,599 [ERROR] LogOutputStream:75 - [STDERR_REDIRECT] 
2026-01-19 18:36:11,622 [ERROR] LogOutputStream:75 - [STDERR_REDIRECT] [Fatal Error] :1:1: Premature end of file.
2026-01-19 18:36:11,623 [ERROR] LogOutputStream:75 - [STDERR_REDIRECT] 
2026-01-19 18:36:12,613 [ERROR] LogOutputStream:75 - [STDERR_REDIRECT] [Fatal Error] :1:1: Premature end of file.
2026-01-19 18:36:12,613 [ERROR] LogOutputStream:75 - [STDERR_REDIRECT] 
2026-01-19 18:36:13,608 [ERROR] LogOutputStream:75 - [STDERR_REDIRECT] [Fatal Error] :1:1: Premature end of file.
2026-01-19 18:36:13,608 [ERROR] LogOutputStream:75 - [STDERR_REDIRECT] 
2026-01-19 18:36:14,602 [ERROR] LogOutputStream:75 - [STDERR_REDIRECT] [Fatal Error] :1:1: Premature end of file.
2026-01-19 18:36:14,602 [ERROR] LogOutputStream:75 - [STDERR_REDIRECT] 
2026-01-19 18:36:15,603 [ERROR] LogOutputStream:75 - [STDERR_REDIRECT] [Fatal Error] :1:1: Premature end of file.
2026-01-19 18:36:15,603 [ERROR] LogOutputStream:75 - [STDERR_REDIRECT] 
2026-01-19 18:36:16,611 [ERROR] LogOutputStream:75 - [STDERR_REDIRECT] [Fatal Error] :1:1: Premature end of file.
2026-01-19 18:36:16,611 [ERROR] LogOutputStream:75 - [STDERR_REDIRECT] 
2026-01-19 18:36:17,611 [ERROR] LogOutputStream:75 - [STDERR_REDIRECT] [Fatal Error] :1:1: Premature end of file.
2026-01-19 18:36:17,612 [ERROR] LogOutputStream:75 - [STDERR_REDIRECT] 
2026-01-19 18:36:18,602 [ERROR] LogOutputStream:75 - [STDERR_REDIRECT] [Fatal Error] :1:1: Premature end of file.
2026-01-19 18:36:18,603 [ERROR] LogOutputStream:75 - [STDERR_REDIRECT] 
2026-01-19 18:36:19,596 [ERROR] LogOutputStream:75 - [STDERR_REDIRECT] [Fatal Error] :1:1: Premature end of file.
2026-01-19 18:36:19,597 [ERROR] LogOutputStream:75 - [STDERR_REDIRECT] 
2026-01-19 18:36:20,604 [ERROR] LogOutputStream:75 - [STDERR_REDIRECT] [Fatal Error] :1:1: Premature end of file.
2026-01-19 18:36:20,605 [ERROR] LogOutputStream:75 - [STDERR_REDIRECT] 
2026-01-19 18:36:21,611 [ERROR] LogOutputStream:75 - [STDERR_REDIRECT] [Fatal Error] :1:1: Premature end of file.
2026-01-19 18:36:21,611 [ERROR] LogOutputStream:75 - [STDERR_REDIRECT] 
2026-01-19 18:36:22,607 [ERROR] LogOutputStream:75 - [STDERR_REDIRECT] [Fatal Error] :1:1: Premature end of file.
2026-01-19 18:36:22,608 [ERROR] LogOutputStream:75 - [STDERR_REDIRECT] 
2026-01-19 18:36:23,602 [ERROR] LogOutputStream:75 - [STDERR_REDIRECT] [Fatal Error] :1:1: Premature end of file.
2026-01-19 18:36:23,602 [ERROR] LogOutputStream:75 - [STDERR_REDIRECT] 
2026-01-19 18:36:24,603 [ERROR] LogOutputStream:75 - [STDERR_REDIRECT] [Fatal Error] :1:1: Premature end of file.
2026-01-19 18:36:24,603 [ERROR] LogOutputStream:75 - [STDERR_REDIRECT] 
2026-01-19 18:36:25,606 [ERROR] LogOutputStream:75 - [STDERR_REDIRECT] [Fatal Error] :1:1: Premature end of file.
2026-01-19 18:36:25,606 [ERROR] LogOutputStream:75 - [STDERR_REDIRECT] 
2026-01-19 18:36:26,597 [ERROR] LogOutputStream:75 - [STDERR_REDIRECT] [Fatal Error] :1:1: Premature end of file.
2026-01-19 18:36:26,597 [ERROR] LogOutputStream:75 - [STDERR_REDIRECT] 
2026-01-19 18:36:27,603 [ERROR] LogOutputStream:75 - [STDERR_REDIRECT] [Fatal Error] :1:1: Premature end of file.
2026-01-19 18:36:27,603 [ERROR] LogOutputStream:75 - [STDERR_REDIRECT] 
2026-01-19 18:36:28,597 [ERROR] LogOutputStream:75 - [STDERR_REDIRECT] [Fatal Error] :1:1: Premature end of file.
2026-01-19 18:36:28,597 [ERROR] LogOutputStream:75 - [STDERR_REDIRECT] 
2026-01-19 18:36:29,599 [ERROR] LogOutputStream:75 - [STDERR_REDIRECT] [Fatal Error] :1:1: Premature end of file.
2026-01-19 18:36:29,599 [ERROR] LogOutputStream:75 - [STDERR_REDIRECT] 
2026-01-19 18:36:30,593 [ERROR] LogOutputStream:75 - [STDERR_REDIRECT] [Fatal Error] :1:1: Premature end of file.
2026-01-19 18:36:30,597 [ERROR] LogOutputStream:75 - [STDERR_REDIRECT] 
2026-01-19 18:36:31,601 [ERROR] LogOutputStream:75 - [STDERR_REDIRECT] [Fatal Error] :1:1: Premature end of file.
2026-01-19 18:36:31,601 [ERROR] LogOutputStream:75 - [STDERR_REDIRECT] 
2026-01-19 18:36:32,606 [ERROR] LogOutputStream:75 - [STDERR_REDIRECT] [Fatal Error] :1:1: Premature end of file.
2026-01-19 18:36:32,606 [ERROR] LogOutputStream:75 - [STDERR_REDIRECT] 
2026-01-19 18:36:33,617 [ERROR] LogOutputStream:75 - [STDERR_REDIRECT] [Fatal Error] :1:1: Premature end of file.
2026-01-19 18:36:33,618 [ERROR] LogOutputStream:75 - [STDERR_REDIRECT] 
2026-01-19 18:36:34,606 [ERROR] LogOutputStream:75 - [STDERR_REDIRECT] [Fatal Error] :1:1: Premature end of file.
2026-01-19 18:36:34,606 [ERROR] LogOutputStream:75 - [STDERR_REDIRECT] 
2026-01-19 18:36:35,607 [ERROR] LogOutputStream:75 - [STDERR_REDIRECT] [Fatal Error] :1:1: Premature end of file.
2026-01-19 18:36:35,607 [ERROR] LogOutputStream:75 - [STDERR_REDIRECT] 
2026-01-19 18:36:36,599 [ERROR] LogOutputStream:75 - [STDERR_REDIRECT] [Fatal Error] :1:1: Premature end of file.
2026-01-19 18:36:36,599 [ERROR] LogOutputStream:75 - [STDERR_REDIRECT] 
2026-01-19 18:36:37,593 [ERROR] LogOutputStream:75 - [STDERR_REDIRECT] [Fatal Error] :1:1: Premature end of file.
2026-01-19 18:36:37,593 [ERROR] LogOutputStream:75 - [STDERR_REDIRECT] 
2026-01-19 18:36:38,615 [ERROR] LogOutputStream:75 - [STDERR_REDIRECT] [Fatal Error] :1:1: Premature end of file.
2026-01-19 18:36:38,615 [ERROR] LogOutputStream:75 - [STDERR_REDIRECT] 
2026-01-19 18:36:39,596 [ERROR] LogOutputStream:75 - [STDERR_REDIRECT] [Fatal Error] :1:1: Premature end of file.
2026-01-19 18:36:39,597 [ERROR] LogOutputStream:75 - [STDERR_REDIRECT] 
2026-01-19 18:36:40,599 [ERROR] LogOutputStream:75 - [STDERR_REDIRECT] [Fatal Error] :1:1: Premature end of file.
2026-01-19 18:36:40,599 [ERROR] LogOutputStream:75 - [STDERR_REDIRECT] 
2026-01-19 18:36:41,601 [ERROR] LogOutputStream:75 - [STDERR_REDIRECT] [Fatal Error] :1:1: Premature end of file.
2026-01-19 18:36:41,601 [ERROR] LogOutputStream:75 - [STDERR_REDIRECT] 
2026-01-19 18:36:42,611 [ERROR] LogOutputStream:75 - [STDERR_REDIRECT] [Fatal Error] :1:1: Premature end of file.
2026-01-19 18:36:42,611 [ERROR] LogOutputStream:75 - [STDERR_REDIRECT] 
2026-01-19 18:36:43,598 [ERROR] LogOutputStream:75 - [STDERR_REDIRECT] [Fatal Error] :1:1: Premature end of file.
2026-01-19 18:36:43,598 [ERROR] LogOutputStream:75 - [STDERR_REDIRECT] 
2026-01-19 18:36:44,600 [ERROR] LogOutputStream:75 - [STDERR_REDIRECT] [Fatal Error] :1:1: Premature end of file.
2026-01-19 18:36:44,600 [ERROR] LogOutputStream:75 - [STDERR_REDIRECT] 
2026-01-19 18:36:45,597 [ERROR] LogOutputStream:75 - [STDERR_REDIRECT] [Fatal Error] :1:1: Premature end of file.
2026-01-19 18:36:45,597 [ERROR] LogOutputStream:75 - [STDERR_REDIRECT] 
2026-01-19 18:36:46,605 [ERROR] LogOutputStream:75 - [STDERR_REDIRECT] [Fatal Error] :1:1: Premature end of file.
2026-01-19 18:36:46,605 [ERROR] LogOutputStream:75 - [STDERR_REDIRECT] 
2026-01-19 18:36:47,617 [ERROR] LogOutputStream:75 - [STDERR_REDIRECT] [Fatal Error] :1:1: Premature end of file.
2026-01-19 18:36:47,617 [ERROR] LogOutputStream:75 - [STDERR_REDIRECT] 
2026-01-19 18:36:48,603 [ERROR] LogOutputStream:75 - [STDERR_REDIRECT] [Fatal Error] :1:1: Premature end of file.
2026-01-19 18:36:48,605 [ERROR] LogOutputStream:75 - [STDERR_REDIRECT] 
2026-01-19 18:36:49,606 [ERROR] LogOutputStream:75 - [STDERR_REDIRECT] [Fatal Error] :1:1: Premature end of file.
2026-01-19 18:36:49,606 [ERROR] LogOutputStream:75 - [STDERR_REDIRECT] 
2026-01-19 18:36:50,593 [ERROR] LogOutputStream:75 - [STDERR_REDIRECT] [Fatal Error] :1:1: Premature end of file.
2026-01-19 18:36:50,594 [ERROR] LogOutputStream:75 - [STDERR_REDIRECT] 
2026-01-19 18:36:51,600 [ERROR] LogOutputStream:75 - [STDERR_REDIRECT] [Fatal Error] :1:1: Premature end of file.
2026-01-19 18:36:51,600 [ERROR] LogOutputStream:75 - [STDERR_REDIRECT] 
2026-01-19 18:36:52,597 [ERROR] LogOutputStream:75 - [STDERR_REDIRECT] [Fatal Error] :1:1: Premature end of file.
2026-01-19 18:36:52,597 [ERROR] LogOutputStream:75 - [STDERR_REDIRECT] 
2026-01-19 18:36:53,607 [ERROR] LogOutputStream:75 - [STDERR_REDIRECT] [Fatal Error] :1:1: Premature end of file.
2026-01-19 18:36:53,607 [ERROR] LogOutputStream:75 - [STDERR_REDIRECT] 
2026-01-19 18:36:54,617 [ERROR] LogOutputStream:75 - [STDERR_REDIRECT] [Fatal Error] :1:1: Premature end of file.
2026-01-19 18:36:54,617 [ERROR] LogOutputStream:75 - [STDERR_REDIRECT] 
2026-01-19 18:36:55,603 [ERROR] LogOutputStream:75 - [STDERR_REDIRECT] [Fatal Error] :1:1: Premature end of file.
2026-01-19 18:36:55,605 [ERROR] LogOutputStream:75 - [STDERR_REDIRECT] 
2026-01-19 18:36:56,594 [ERROR] LogOutputStream:75 - [STDERR_REDIRECT] [Fatal Error] :1:1: Premature end of file.
2026-01-19 18:36:56,596 [ERROR] LogOutputStream:75 - [STDERR_REDIRECT] 
2026-01-19 18:36:57,593 [ERROR] LogOutputStream:75 - [STDERR_REDIRECT] [Fatal Error] :1:1: Premature end of file.
2026-01-19 18:36:57,594 [ERROR] LogOutputStream:75 - [STDERR_REDIRECT] 
2026-01-19 18:36:58,602 [ERROR] LogOutputStream:75 - [STDERR_REDIRECT] [Fatal Error] :1:1: Premature end of file.
2026-01-19 18:36:58,603 [ERROR] LogOutputStream:75 - [STDERR_REDIRECT] 
2026-01-19 18:36:59,596 [ERROR] LogOutputStream:75 - [STDERR_REDIRECT] [Fatal Error] :1:1: Premature end of file.
2026-01-19 18:36:59,596 [ERROR] LogOutputStream:75 - [STDERR_REDIRECT] 
2026-01-19 18:37:00,594 [ERROR] LogOutputStream:75 - [STDERR_REDIRECT] [Fatal Error] :1:1: Premature end of file.
2026-01-19 18:37:00,594 [ERROR] LogOutputStream:75 - [STDERR_REDIRECT] 
2026-01-19 18:37:01,592 [ERROR] LogOutputStream:75 - [STDERR_REDIRECT] [Fatal Error] :1:1: Premature end of file.
2026-01-19 18:37:01,592 [ERROR] LogOutputStream:75 - [STDERR_REDIRECT] 
2026-01-19 18:37:02,606 [ERROR] LogOutputStream:75 - [STDERR_REDIRECT] [Fatal Error] :1:1: Premature end of file.
2026-01-19 18:37:02,606 [ERROR] LogOutputStream:75 - [STDERR_REDIRECT] 
2026-01-19 18:37:03,592 [ERROR] LogOutputStream:75 - [STDERR_REDIRECT] [Fatal Error] :1:1: Premature end of file.
2026-01-19 18:37:03,592 [ERROR] LogOutputStream:75 - [STDERR_REDIRECT] 
2026-01-19 18:37:04,597 [ERROR] LogOutputStream:75 - [STDERR_REDIRECT] [Fatal Error] :1:1: Premature end of file.
2026-01-19 18:37:04,597 [ERROR] LogOutputStream:75 - [STDERR_REDIRECT] 
2026-01-19 18:37:05,599 [ERROR] LogOutputStream:75 - [STDERR_REDIRECT] [Fatal Error] :1:1: Premature end of file.
2026-01-19 18:37:05,599 [ERROR] LogOutputStream:75 - [STDERR_REDIRECT] 
2026-01-19 18:37:06,601 [ERROR] LogOutputStream:75 - [STDERR_REDIRECT] [Fatal Error] :1:1: Premature end of file.
2026-01-19 18:37:06,601 [ERROR] LogOutputStream:75 - [STDERR_REDIRECT] 
2026-01-19 18:37:07,592 [ERROR] LogOutputStream:75 - [STDERR_REDIRECT] [Fatal Error] :1:1: Premature end of file.
2026-01-19 18:37:07,592 [ERROR] LogOutputStream:75 - [STDERR_REDIRECT] 
2026-01-19 18:37:08,592 [ERROR] LogOutputStream:75 - [STDERR_REDIRECT] [Fatal Error] :1:1: Premature end of file.
2026-01-19 18:37:08,592 [ERROR] LogOutputStream:75 - [STDERR_REDIRECT] 
2026-01-19 18:37:09,591 [ERROR] LogOutputStream:75 - [STDERR_REDIRECT] [Fatal Error] :1:1: Premature end of file.
2026-01-19 18:37:09,591 [ERROR] LogOutputStream:75 - [STDERR_REDIRECT] 
2026-01-19 18:37:10,599 [ERROR] LogOutputStream:75 - [STDERR_REDIRECT] [Fatal Error] :1:1: Premature end of file.
2026-01-19 18:37:10,599 [ERROR] LogOutputStream:75 - [STDERR_REDIRECT] 
2026-01-19 18:37:11,597 [ERROR] LogOutputStream:75 - [STDERR_REDIRECT] [Fatal Error] :1:1: Premature end of file.
2026-01-19 18:37:11,598 [ERROR] LogOutputStream:75 - [STDERR_REDIRECT] 
2026-01-19 18:37:12,605 [ERROR] LogOutputStream:75 - [STDERR_REDIRECT] [Fatal Error] :1:1: Premature end of file.
2026-01-19 18:37:12,605 [ERROR] LogOutputStream:75 - [STDERR_REDIRECT] 
2026-01-19 18:37:13,598 [ERROR] LogOutputStream:75 - [STDERR_REDIRECT] [Fatal Error] :1:1: Premature end of file.
2026-01-19 18:37:13,598 [ERROR] LogOutputStream:75 - [STDERR_REDIRECT] 
2026-01-19 18:37:14,599 [ERROR] LogOutputStream:75 - [STDERR_REDIRECT] [Fatal Error] :1:1: Premature end of file.
2026-01-19 18:37:14,602 [ERROR] LogOutputStream:75 - [STDERR_REDIRECT] 
2026-01-19 18:37:15,612 [ERROR] LogOutputStream:75 - [STDERR_REDIRECT] [Fatal Error] :1:1: Premature end of file.
2026-01-19 18:37:15,613 [ERROR] LogOutputStream:75 - [STDERR_REDIRECT] 
2026-01-19 18:37:16,599 [ERROR] LogOutputStream:75 - [STDERR_REDIRECT] [Fatal Error] :1:1: Premature end of file.
2026-01-19 18:37:16,599 [ERROR] LogOutputStream:75 - [STDERR_REDIRECT] 
2026-01-19 18:37:17,597 [ERROR] LogOutputStream:75 - [STDERR_REDIRECT] [Fatal Error] :1:1: Premature end of file.
2026-01-19 18:37:17,597 [ERROR] LogOutputStream:75 - [STDERR_REDIRECT] 
2026-01-19 18:37:18,604 [ERROR] LogOutputStream:75 - [STDERR_REDIRECT] [Fatal Error] :1:1: Premature end of file.
2026-01-19 18:37:18,605 [ERROR] LogOutputStream:75 - [STDERR_REDIRECT] 
2026-01-19 18:37:19,609 [ERROR] LogOutputStream:75 - [STDERR_REDIRECT] [Fatal Error] :1:1: Premature end of file.
2026-01-19 18:37:19,609 [ERROR] LogOutputStream:75 - [STDERR_REDIRECT] 
2026-01-19 18:37:20,593 [ERROR] LogOutputStream:75 - [STDERR_REDIRECT] [Fatal Error] :1:1: Premature end of file.
2026-01-19 18:37:20,593 [ERROR] LogOutputStream:75 - [STDERR_REDIRECT] 
2026-01-19 18:37:21,598 [ERROR] LogOutputStream:75 - [STDERR_REDIRECT] [Fatal Error] :1:1: Premature end of file.
2026-01-19 18:37:21,600 [ERROR] LogOutputStream:75 - [STDERR_REDIRECT] 
2026-01-19 18:37:22,598 [ERROR] LogOutputStream:75 - [STDERR_REDIRECT] [Fatal Error] :1:1: Premature end of file.
2026-01-19 18:37:22,598 [ERROR] LogOutputStream:75 - [STDERR_REDIRECT] 
2026-01-19 18:37:23,604 [ERROR] LogOutputStream:75 - [STDERR_REDIRECT] [Fatal Error] :1:1: Premature end of file.
2026-01-19 18:37:23,604 [ERROR] LogOutputStream:75 - [STDERR_REDIRECT] 
2026-01-19 18:37:24,598 [ERROR] LogOutputStream:75 - [STDERR_REDIRECT] [Fatal Error] :1:1: Premature end of file.
2026-01-19 18:37:24,598 [ERROR] LogOutputStream:75 - [STDERR_REDIRECT] 
2026-01-19 18:37:25,606 [ERROR] LogOutputStream:75 - [STDERR_REDIRECT] [Fatal Error] :1:1: Premature end of file.
2026-01-19 18:37:25,606 [ERROR] LogOutputStream:75 - [STDERR_REDIRECT] 
2026-01-19 18:37:26,594 [ERROR] LogOutputStream:75 - [STDERR_REDIRECT] [Fatal Error] :1:1: Premature end of file.
2026-01-19 18:37:26,594 [ERROR] LogOutputStream:75 - [STDERR_REDIRECT] 
2026-01-19 18:37:27,602 [ERROR] LogOutputStream:75 - [STDERR_REDIRECT] [Fatal Error] :1:1: Premature end of file.
2026-01-19 18:37:27,602 [ERROR] LogOutputStream:75 - [STDERR_REDIRECT] 
2026-01-19 18:37:28,597 [ERROR] LogOutputStream:75 - [STDERR_REDIRECT] [Fatal Error] :1:1: Premature end of file.
2026-01-19 18:37:28,597 [ERROR] LogOutputStream:75 - [STDERR_REDIRECT] 
2026-01-19 18:37:29,594 [ERROR] LogOutputStream:75 - [STDERR_REDIRECT] [Fatal Error] :1:1: Premature end of file.
2026-01-19 18:37:29,595 [ERROR] LogOutputStream:75 - [STDERR_REDIRECT] 
2026-01-19 18:37:30,594 [ERROR] LogOutputStream:75 - [STDERR_REDIRECT] [Fatal Error] :1:1: Premature end of file.
2026-01-19 18:37:30,594 [ERROR] LogOutputStream:75 - [STDERR_REDIRECT] 
2026-01-19 18:37:31,599 [ERROR] LogOutputStream:75 - [STDERR_REDIRECT] [Fatal Error] :1:1: Premature end of file.
2026-01-19 18:37:31,599 [ERROR] LogOutputStream:75 - [STDERR_REDIRECT] 
2026-01-19 18:37:32,605 [ERROR] LogOutputStream:75 - [STDERR_REDIRECT] [Fatal Error] :1:1: Premature end of file.
2026-01-19 18:37:32,605 [ERROR] LogOutputStream:75 - [STDERR_REDIRECT] 
2026-01-19 18:37:33,613 [ERROR] LogOutputStream:75 - [STDERR_REDIRECT] [Fatal Error] :1:1: Premature end of file.
2026-01-19 18:37:33,613 [ERROR] LogOutputStream:75 - [STDERR_REDIRECT] 
2026-01-19 18:37:34,593 [ERROR] LogOutputStream:75 - [STDERR_REDIRECT] [Fatal Error] :1:1: Premature end of file.
2026-01-19 18:37:34,593 [ERROR] LogOutputStream:75 - [STDERR_REDIRECT] 
2026-01-19 18:37:35,606 [ERROR] LogOutputStream:75 - [STDERR_REDIRECT] [Fatal Error] :1:1: Premature end of file.
2026-01-19 18:37:35,607 [ERROR] LogOutputStream:75 - [STDERR_REDIRECT] 
2026-01-19 18:37:36,607 [ERROR] LogOutputStream:75 - [STDERR_REDIRECT] [Fatal Error] :1:1: Premature end of file.
2026-01-19 18:37:36,607 [ERROR] LogOutputStream:75 - [STDERR_REDIRECT] 
2026-01-19 18:37:37,594 [ERROR] LogOutputStream:75 - [STDERR_REDIRECT] [Fatal Error] :1:1: Premature end of file.
2026-01-19 18:37:37,594 [ERROR] LogOutputStream:75 - [STDERR_REDIRECT] 
2026-01-19 18:37:38,602 [ERROR] LogOutputStream:75 - [STDERR_REDIRECT] [Fatal Error] :1:1: Premature end of file.
2026-01-19 18:37:38,602 [ERROR] LogOutputStream:75 - [STDERR_REDIRECT] 
2026-01-19 18:37:39,600 [ERROR] LogOutputStream:75 - [STDERR_REDIRECT] [Fatal Error] :1:1: Premature end of file.
2026-01-19 18:37:39,601 [ERROR] LogOutputStream:75 - [STDERR_REDIRECT] 
2026-01-19 18:37:40,603 [ERROR] LogOutputStream:75 - [STDERR_REDIRECT] [Fatal Error] :1:1: Premature end of file.
2026-01-19 18:37:40,603 [ERROR] LogOutputStream:75 - [STDERR_REDIRECT] 
2026-01-19 18:37:41,608 [ERROR] LogOutputStream:75 - [STDERR_REDIRECT] [Fatal Error] :1:1: Premature end of file.
2026-01-19 18:37:41,608 [ERROR] LogOutputStream:75 - [STDERR_REDIRECT] 
2026-01-19 18:37:42,599 [ERROR] LogOutputStream:75 - [STDERR_REDIRECT] [Fatal Error] :1:1: Premature end of file.
2026-01-19 18:37:42,599 [ERROR] LogOutputStream:75 - [STDERR_REDIRECT] 
2026-01-19 18:37:43,612 [ERROR] LogOutputStream:75 - [STDERR_REDIRECT] [Fatal Error] :1:1: Premature end of file.
2026-01-19 18:37:43,612 [ERROR] LogOutputStream:75 - [STDERR_REDIRECT] 
2026-01-19 18:37:44,593 [ERROR] LogOutputStream:75 - [STDERR_REDIRECT] [Fatal Error] :1:1: Premature end of file.
2026-01-19 18:37:44,593 [ERROR] LogOutputStream:75 - [STDERR_REDIRECT] 
2026-01-19 18:37:45,606 [ERROR] LogOutputStream:75 - [STDERR_REDIRECT] [Fatal Error] :1:1: Premature end of file.
2026-01-19 18:37:45,607 [ERROR] LogOutputStream:75 - [STDERR_REDIRECT] 
2026-01-19 18:37:46,608 [ERROR] LogOutputStream:75 - [STDERR_REDIRECT] [Fatal Error] :1:1: Premature end of file.
2026-01-19 18:37:46,608 [ERROR] LogOutputStream:75 - [STDERR_REDIRECT] 
2026-01-19 18:37:47,599 [ERROR] LogOutputStream:75 - [STDERR_REDIRECT] [Fatal Error] :1:1: Premature end of file.
2026-01-19 18:37:47,599 [ERROR] LogOutputStream:75 - [STDERR_REDIRECT] 
2026-01-19 18:37:48,605 [ERROR] LogOutputStream:75 - [STDERR_REDIRECT] [Fatal Error] :1:1: Premature end of file.
2026-01-19 18:37:48,607 [ERROR] LogOutputStream:75 - [STDERR_REDIRECT] 
2026-01-19 18:37:49,593 [ERROR] LogOutputStream:75 - [STDERR_REDIRECT] [Fatal Error] :1:1: Premature end of file.
2026-01-19 18:37:49,594 [ERROR] LogOutputStream:75 - [STDERR_REDIRECT] 
2026-01-19 18:37:50,596 [ERROR] LogOutputStream:75 - [STDERR_REDIRECT] [Fatal Error] :1:1: Premature end of file.
2026-01-19 18:37:50,597 [ERROR] LogOutputStream:75 - [STDERR_REDIRECT] 
2026-01-19 18:37:51,593 [ERROR] LogOutputStream:75 - [STDERR_REDIRECT] [Fatal Error] :1:1: Premature end of file.
2026-01-19 18:37:51,594 [ERROR] LogOutputStream:75 - [STDERR_REDIRECT] 
2026-01-19 18:37:52,599 [ERROR] LogOutputStream:75 - [STDERR_REDIRECT] [Fatal Error] :1:1: Premature end of file.
2026-01-19 18:37:52,599 [ERROR] LogOutputStream:75 - [STDERR_REDIRECT] 
2026-01-19 18:37:53,615 [ERROR] LogOutputStream:75 - [STDERR_REDIRECT] [Fatal Error] :1:1: Premature end of file.
2026-01-19 18:37:53,615 [ERROR] LogOutputStream:75 - [STDERR_REDIRECT] 
2026-01-19 18:37:54,600 [ERROR] LogOutputStream:75 - [STDERR_REDIRECT] [Fatal Error] :1:1: Premature end of file.
2026-01-19 18:37:54,600 [ERROR] LogOutputStream:75 - [STDERR_REDIRECT] 
2026-01-19 18:37:55,600 [ERROR] LogOutputStream:75 - [STDERR_REDIRECT] [Fatal Error] :1:1: Premature end of file.
2026-01-19 18:37:55,600 [ERROR] LogOutputStream:75 - [STDERR_REDIRECT] 
2026-01-19 18:37:56,596 [ERROR] LogOutputStream:75 - [STDERR_REDIRECT] [Fatal Error] :1:1: Premature end of file.
2026-01-19 18:37:56,596 [ERROR] LogOutputStream:75 - [STDERR_REDIRECT] 
2026-01-19 18:37:57,607 [ERROR] LogOutputStream:75 - [STDERR_REDIRECT] [Fatal Error] :1:1: Premature end of file.
2026-01-19 18:37:57,608 [ERROR] LogOutputStream:75 - [STDERR_REDIRECT] 
2026-01-19 18:37:58,611 [ERROR] LogOutputStream:75 - [STDERR_REDIRECT] [Fatal Error] :1:1: Premature end of file.
2026-01-19 18:37:58,612 [ERROR] LogOutputStream:75 - [STDERR_REDIRECT] 
2026-01-19 18:37:59,598 [ERROR] LogOutputStream:75 - [STDERR_REDIRECT] [Fatal Error] :1:1: Premature end of file.
2026-01-19 18:37:59,598 [ERROR] LogOutputStream:75 - [STDERR_REDIRECT] 
2026-01-19 18:38:00,605 [ERROR] LogOutputStream:75 - [STDERR_REDIRECT] [Fatal Error] :1:1: Premature end of file.
2026-01-19 18:38:00,606 [ERROR] LogOutputStream:75 - [STDERR_REDIRECT] 
2026-01-19 18:38:01,607 [ERROR] LogOutputStream:75 - [STDERR_REDIRECT] [Fatal Error] :1:1: Premature end of file.
2026-01-19 18:38:01,607 [ERROR] LogOutputStream:75 - [STDERR_REDIRECT] 
2026-01-19 18:38:02,597 [ERROR] LogOutputStream:75 - [STDERR_REDIRECT] [Fatal Error] :1:1: Premature end of file.
2026-01-19 18:38:02,598 [ERROR] LogOutputStream:75 - [STDERR_REDIRECT] 
2026-01-19 18:38:03,598 [ERROR] LogOutputStream:75 - [STDERR_REDIRECT] [Fatal Error] :1:1: Premature end of file.
2026-01-19 18:38:03,599 [ERROR] LogOutputStream:75 - [STDERR_REDIRECT] 
2026-01-19 18:38:04,604 [ERROR] LogOutputStream:75 - [STDERR_REDIRECT] [Fatal Error] :1:1: Premature end of file.
2026-01-19 18:38:04,604 [ERROR] LogOutputStream:75 - [STDERR_REDIRECT] 
2026-01-19 18:38:05,596 [ERROR] LogOutputStream:75 - [STDERR_REDIRECT] [Fatal Error] :1:1: Premature end of file.
2026-01-19 18:38:05,597 [ERROR] LogOutputStream:75 - [STDERR_REDIRECT] 
2026-01-19 18:38:06,603 [ERROR] LogOutputStream:75 - [STDERR_REDIRECT] [Fatal Error] :1:1: Premature end of file.
2026-01-19 18:38:06,603 [ERROR] LogOutputStream:75 - [STDERR_REDIRECT] 
2026-01-19 18:38:07,594 [ERROR] LogOutputStream:75 - [STDERR_REDIRECT] [Fatal Error] :1:1: Premature end of file.
2026-01-19 18:38:07,594 [ERROR] LogOutputStream:75 - [STDERR_REDIRECT] 
2026-01-19 18:38:08,613 [ERROR] LogOutputStream:75 - [STDERR_REDIRECT] [Fatal Error] :1:1: Premature end of file.
2026-01-19 18:38:08,613 [ERROR] LogOutputStream:75 - [STDERR_REDIRECT] 
2026-01-19 18:38:09,596 [ERROR] LogOutputStream:75 - [STDERR_REDIRECT] [Fatal Error] :1:1: Premature end of file.
2026-01-19 18:38:09,596 [ERROR] LogOutputStream:75 - [STDERR_REDIRECT] 
2026-01-19 18:38:10,593 [ERROR] LogOutputStream:75 - [STDERR_REDIRECT] [Fatal Error] :1:1: Premature end of file.
2026-01-19 18:38:10,593 [ERROR] LogOutputStream:75 - [STDERR_REDIRECT] 
2026-01-19 18:38:11,603 [ERROR] LogOutputStream:75 - [STDERR_REDIRECT] [Fatal Error] :1:1: Premature end of file.
2026-01-19 18:38:11,603 [ERROR] LogOutputStream:75 - [STDERR_REDIRECT] 
2026-01-19 18:38:12,600 [ERROR] LogOutputStream:75 - [STDERR_REDIRECT] [Fatal Error] :1:1: Premature end of file.
2026-01-19 18:38:12,601 [ERROR] LogOutputStream:75 - [STDERR_REDIRECT] 
2026-01-19 18:38:13,604 [ERROR] LogOutputStream:75 - [STDERR_REDIRECT] [Fatal Error] :1:1: Premature end of file.
2026-01-19 18:38:13,604 [ERROR] LogOutputStream:75 - [STDERR_REDIRECT] 
2026-01-19 18:38:14,598 [ERROR] LogOutputStream:75 - [STDERR_REDIRECT] [Fatal Error] :1:1: Premature end of file.
2026-01-19 18:38:14,598 [ERROR] LogOutputStream:75 - [STDERR_REDIRECT] 
2026-01-19 18:38:15,612 [ERROR] LogOutputStream:75 - [STDERR_REDIRECT] [Fatal Error] :1:1: Premature end of file.
2026-01-19 18:38:15,612 [ERROR] LogOutputStream:75 - [STDERR_REDIRECT] 
2026-01-19 18:38:16,606 [ERROR] LogOutputStream:75 - [STDERR_REDIRECT] [Fatal Error] :1:1: Premature end of file.
2026-01-19 18:38:16,606 [ERROR] LogOutputStream:75 - [STDERR_REDIRECT] 
2026-01-19 18:38:17,600 [ERROR] LogOutputStream:75 - [STDERR_REDIRECT] [Fatal Error] :1:1: Premature end of file.
2026-01-19 18:38:17,600 [ERROR] LogOutputStream:75 - [STDERR_REDIRECT] 
2026-01-19 18:38:18,598 [ERROR] LogOutputStream:75 - [STDERR_REDIRECT] [Fatal Error] :1:1: Premature end of file.
2026-01-19 18:38:18,598 [ERROR] LogOutputStream:75 - [STDERR_REDIRECT] 
2026-01-19 18:38:19,602 [ERROR] LogOutputStream:75 - [STDERR_REDIRECT] [Fatal Error] :1:1: Premature end of file.
2026-01-19 18:38:19,602 [ERROR] LogOutputStream:75 - [STDERR_REDIRECT] 
2026-01-19 18:38:20,596 [ERROR] LogOutputStream:75 - [STDERR_REDIRECT] [Fatal Error] :1:1: Premature end of file.
2026-01-19 18:38:20,598 [ERROR] LogOutputStream:75 - [STDERR_REDIRECT] 
2026-01-19 18:38:21,605 [ERROR] LogOutputStream:75 - [STDERR_REDIRECT] [Fatal Error] :1:1: Premature end of file.
2026-01-19 18:38:21,605 [ERROR] LogOutputStream:75 - [STDERR_REDIRECT] 
2026-01-19 18:38:22,600 [ERROR] LogOutputStream:75 - [STDERR_REDIRECT] [Fatal Error] :1:1: Premature end of file.
2026-01-19 18:38:22,600 [ERROR] LogOutputStream:75 - [STDERR_REDIRECT] 
2026-01-19 18:38:23,605 [ERROR] LogOutputStream:75 - [STDERR_REDIRECT] [Fatal Error] :1:1: Premature end of file.
2026-01-19 18:38:23,605 [ERROR] LogOutputStream:75 - [STDERR_REDIRECT] 
2026-01-19 18:38:24,604 [ERROR] LogOutputStream:75 - [STDERR_REDIRECT] [Fatal Error] :1:1: Premature end of file.
2026-01-19 18:38:24,604 [ERROR] LogOutputStream:75 - [STDERR_REDIRECT] 
2026-01-19 18:38:25,607 [ERROR] LogOutputStream:75 - [STDERR_REDIRECT] [Fatal Error] :1:1: Premature end of file.
2026-01-19 18:38:25,607 [ERROR] LogOutputStream:75 - [STDERR_REDIRECT] 
2026-01-19 18:38:26,602 [ERROR] LogOutputStream:75 - [STDERR_REDIRECT] [Fatal Error] :1:1: Premature end of file.
2026-01-19 18:38:26,602 [ERROR] LogOutputStream:75 - [STDERR_REDIRECT] 
2026-01-19 18:38:27,598 [ERROR] LogOutputStream:75 - [STDERR_REDIRECT] [Fatal Error] :1:1: Premature end of file.
2026-01-19 18:38:27,598 [ERROR] LogOutputStream:75 - [STDERR_REDIRECT] 
2026-01-19 18:38:28,595 [ERROR] LogOutputStream:75 - [STDERR_REDIRECT] [Fatal Error] :1:1: Premature end of file.
2026-01-19 18:38:28,595 [ERROR] LogOutputStream:75 - [STDERR_REDIRECT] 
2026-01-19 18:38:29,603 [ERROR] LogOutputStream:75 - [STDERR_REDIRECT] [Fatal Error] :1:1: Premature end of file.
2026-01-19 18:38:29,604 [ERROR] LogOutputStream:75 - [STDERR_REDIRECT] 
2026-01-19 18:38:30,599 [ERROR] LogOutputStream:75 - [STDERR_REDIRECT] [Fatal Error] :1:1: Premature end of file.
2026-01-19 18:38:30,600 [ERROR] LogOutputStream:75 - [STDERR_REDIRECT] 
2026-01-19 18:38:31,594 [ERROR] LogOutputStream:75 - [STDERR_REDIRECT] [Fatal Error] :1:1: Premature end of file.
2026-01-19 18:38:31,594 [ERROR] LogOutputStream:75 - [STDERR_REDIRECT] 
2026-01-19 18:38:32,595 [ERROR] LogOutputStream:75 - [STDERR_REDIRECT] [Fatal Error] :1:1: Premature end of file.
2026-01-19 18:38:32,595 [ERROR] LogOutputStream:75 - [STDERR_REDIRECT] 
2026-01-19 18:38:33,594 [ERROR] LogOutputStream:75 - [STDERR_REDIRECT] [Fatal Error] :1:1: Premature end of file.
2026-01-19 18:38:33,594 [ERROR] LogOutputStream:75 - [STDERR_REDIRECT] 
2026-01-19 18:38:34,597 [ERROR] LogOutputStream:75 - [STDERR_REDIRECT] [Fatal Error] :1:1: Premature end of file.
2026-01-19 18:38:34,597 [ERROR] LogOutputStream:75 - [STDERR_REDIRECT] 
2026-01-19 18:38:35,601 [ERROR] LogOutputStream:75 - [STDERR_REDIRECT] [Fatal Error] :1:1: Premature end of file.
2026-01-19 18:38:35,601 [ERROR] LogOutputStream:75 - [STDERR_REDIRECT] 
2026-01-19 18:38:36,599 [ERROR] LogOutputStream:75 - [STDERR_REDIRECT] [Fatal Error] :1:1: Premature end of file.
2026-01-19 18:38:36,599 [ERROR] LogOutputStream:75 - [STDERR_REDIRECT] 
2026-01-19 18:38:37,601 [ERROR] LogOutputStream:75 - [STDERR_REDIRECT] [Fatal Error] :1:1: Premature end of file.
2026-01-19 18:38:37,601 [ERROR] LogOutputStream:75 - [STDERR_REDIRECT] 
2026-01-19 18:38:38,604 [ERROR] LogOutputStream:75 - [STDERR_REDIRECT] [Fatal Error] :1:1: Premature end of file.
2026-01-19 18:38:38,604 [ERROR] LogOutputStream:75 - [STDERR_REDIRECT] 
2026-01-19 18:38:39,607 [ERROR] LogOutputStream:75 - [STDERR_REDIRECT] [Fatal Error] :1:1: Premature end of file.
2026-01-19 18:38:39,607 [ERROR] LogOutputStream:75 - [STDERR_REDIRECT] 
2026-01-19 18:38:40,602 [ERROR] LogOutputStream:75 - [STDERR_REDIRECT] [Fatal Error] :1:1: Premature end of file.
2026-01-19 18:38:40,602 [ERROR] LogOutputStream:75 - [STDERR_REDIRECT] 
2026-01-19 18:38:41,608 [ERROR] LogOutputStream:75 - [STDERR_REDIRECT] [Fatal Error] :1:1: Premature end of file.
2026-01-19 18:38:41,608 [ERROR] LogOutputStream:75 - [STDERR_REDIRECT] 
2026-01-19 18:38:42,612 [ERROR] LogOutputStream:75 - [STDERR_REDIRECT] [Fatal Error] :1:1: Premature end of file.
2026-01-19 18:38:42,612 [ERROR] LogOutputStream:75 - [STDERR_REDIRECT] 
2026-01-19 18:38:43,597 [ERROR] LogOutputStream:75 - [STDERR_REDIRECT] [Fatal Error] :1:1: Premature end of file.
2026-01-19 18:38:43,597 [ERROR] LogOutputStream:75 - [STDERR_REDIRECT] 
2026-01-19 18:38:44,603 [ERROR] LogOutputStream:75 - [STDERR_REDIRECT] [Fatal Error] :1:1: Premature end of file.
2026-01-19 18:38:44,603 [ERROR] LogOutputStream:75 - [STDERR_REDIRECT] 
2026-01-19 18:38:45,611 [ERROR] LogOutputStream:75 - [STDERR_REDIRECT] [Fatal Error] :1:1: Premature end of file.
2026-01-19 18:38:45,611 [ERROR] LogOutputStream:75 - [STDERR_REDIRECT] 
2026-01-19 18:38:46,611 [ERROR] LogOutputStream:75 - [STDERR_REDIRECT] [Fatal Error] :1:1: Premature end of file.
2026-01-19 18:38:46,611 [ERROR] LogOutputStream:75 - [STDERR_REDIRECT] 
2026-01-19 18:38:47,596 [ERROR] LogOutputStream:75 - [STDERR_REDIRECT] [Fatal Error] :1:1: Premature end of file.
2026-01-19 18:38:47,596 [ERROR] LogOutputStream:75 - [STDERR_REDIRECT] 
2026-01-19 18:38:48,612 [ERROR] LogOutputStream:75 - [STDERR_REDIRECT] [Fatal Error] :1:1: Premature end of file.
2026-01-19 18:38:48,612 [ERROR] LogOutputStream:75 - [STDERR_REDIRECT] 
2026-01-19 18:38:49,600 [ERROR] LogOutputStream:75 - [STDERR_REDIRECT] [Fatal Error] :1:1: Premature end of file.
2026-01-19 18:38:49,600 [ERROR] LogOutputStream:75 - [STDERR_REDIRECT] 
2026-01-19 18:38:50,611 [ERROR] LogOutputStream:75 - [STDERR_REDIRECT] [Fatal Error] :1:1: Premature end of file.
2026-01-19 18:38:50,612 [ERROR] LogOutputStream:75 - [STDERR_REDIRECT] 
2026-01-19 18:38:51,600 [ERROR] LogOutputStream:75 - [STDERR_REDIRECT] [Fatal Error] :1:1: Premature end of file.
2026-01-19 18:38:51,600 [ERROR] LogOutputStream:75 - [STDERR_REDIRECT] 
2026-01-19 18:38:52,597 [ERROR] LogOutputStream:75 - [STDERR_REDIRECT] [Fatal Error] :1:1: Premature end of file.
2026-01-19 18:38:52,597 [ERROR] LogOutputStream:75 - [STDERR_REDIRECT] 
2026-01-19 18:38:53,600 [ERROR] LogOutputStream:75 - [STDERR_REDIRECT] [Fatal Error] :1:1: Premature end of file.
2026-01-19 18:38:53,600 [ERROR] LogOutputStream:75 - [STDERR_REDIRECT] 
2026-01-19 18:38:54,610 [ERROR] LogOutputStream:75 - [STDERR_REDIRECT] [Fatal Error] :1:1: Premature end of file.
2026-01-19 18:38:54,611 [ERROR] LogOutputStream:75 - [STDERR_REDIRECT] 
2026-01-19 18:38:55,598 [ERROR] LogOutputStream:75 - [STDERR_REDIRECT] [Fatal Error] :1:1: Premature end of file.
2026-01-19 18:38:55,599 [ERROR] LogOutputStream:75 - [STDERR_REDIRECT] 
2026-01-19 18:38:56,615 [ERROR] LogOutputStream:75 - [STDERR_REDIRECT] [Fatal Error] :1:1: Premature end of file.
2026-01-19 18:38:56,616 [ERROR] LogOutputStream:75 - [STDERR_REDIRECT] 
2026-01-19 18:38:57,603 [ERROR] LogOutputStream:75 - [STDERR_REDIRECT] [Fatal Error] :1:1: Premature end of file.
2026-01-19 18:38:57,603 [ERROR] LogOutputStream:75 - [STDERR_REDIRECT] 
2026-01-19 18:38:58,609 [ERROR] LogOutputStream:75 - [STDERR_REDIRECT] [Fatal Error] :1:1: Premature end of file.
2026-01-19 18:38:58,609 [ERROR] LogOutputStream:75 - [STDERR_REDIRECT] 
2026-01-19 18:38:59,593 [ERROR] LogOutputStream:75 - [STDERR_REDIRECT] [Fatal Error] :1:1: Premature end of file.
2026-01-19 18:38:59,593 [ERROR] LogOutputStream:75 - [STDERR_REDIRECT] 
2026-01-19 18:39:00,607 [ERROR] LogOutputStream:75 - [STDERR_REDIRECT] [Fatal Error] :1:1: Premature end of file.
2026-01-19 18:39:00,607 [ERROR] LogOutputStream:75 - [STDERR_REDIRECT] 
2026-01-19 18:39:01,607 [ERROR] LogOutputStream:75 - [STDERR_REDIRECT] [Fatal Error] :1:1: Premature end of file.
2026-01-19 18:39:01,608 [ERROR] LogOutputStream:75 - [STDERR_REDIRECT] 
2026-01-19 18:39:02,599 [ERROR] LogOutputStream:75 - [STDERR_REDIRECT] [Fatal Error] :1:1: Premature end of file.
2026-01-19 18:39:02,599 [ERROR] LogOutputStream:75 - [STDERR_REDIRECT] 
2026-01-19 18:39:03,612 [ERROR] LogOutputStream:75 - [STDERR_REDIRECT] [Fatal Error] :1:1: Premature end of file.
2026-01-19 18:39:03,612 [ERROR] LogOutputStream:75 - [STDERR_REDIRECT] 
2026-01-19 18:39:04,621 [ERROR] LogOutputStream:75 - [STDERR_REDIRECT] [Fatal Error] :1:1: Premature end of file.
2026-01-19 18:39:04,623 [ERROR] LogOutputStream:75 - [STDERR_REDIRECT] 
2026-01-19 18:39:05,600 [ERROR] LogOutputStream:75 - [STDERR_REDIRECT] [Fatal Error] :1:1: Premature end of file.
2026-01-19 18:39:05,600 [ERROR] LogOutputStream:75 - [STDERR_REDIRECT] 
2026-01-19 18:39:06,612 [ERROR] LogOutputStream:75 - [STDERR_REDIRECT] [Fatal Error] :1:1: Premature end of file.
2026-01-19 18:39:06,613 [ERROR] LogOutputStream:75 - [STDERR_REDIRECT] 
2026-01-19 18:39:07,592 [ERROR] LogOutputStream:75 - [STDERR_REDIRECT] [Fatal Error] :1:1: Premature end of file.
2026-01-19 18:39:07,593 [ERROR] LogOutputStream:75 - [STDERR_REDIRECT] 
2026-01-19 18:39:08,607 [ERROR] LogOutputStream:75 - [STDERR_REDIRECT] [Fatal Error] :1:1: Premature end of file.
2026-01-19 18:39:08,607 [ERROR] LogOutputStream:75 - [STDERR_REDIRECT] 
2026-01-19 18:39:09,601 [ERROR] LogOutputStream:75 - [STDERR_REDIRECT] [Fatal Error] :1:1: Premature end of file.
2026-01-19 18:39:09,602 [ERROR] LogOutputStream:75 - [STDERR_REDIRECT] 
2026-01-19 18:39:10,592 [ERROR] LogOutputStream:75 - [STDERR_REDIRECT] [Fatal Error] :1:1: Premature end of file.
2026-01-19 18:39:10,592 [ERROR] LogOutputStream:75 - [STDERR_REDIRECT] 
2026-01-19 18:39:11,605 [ERROR] LogOutputStream:75 - [STDERR_REDIRECT] [Fatal Error] :1:1: Premature end of file.
2026-01-19 18:39:11,605 [ERROR] LogOutputStream:75 - [STDERR_REDIRECT] 
2026-01-19 18:39:12,607 [ERROR] LogOutputStream:75 - [STDERR_REDIRECT] [Fatal Error] :1:1: Premature end of file.
2026-01-19 18:39:12,608 [ERROR] LogOutputStream:75 - [STDERR_REDIRECT] 
2026-01-19 18:39:13,587 [ERROR] LogOutputStream:75 - [STDERR_REDIRECT] [Fatal Error] :1:1: Premature end of file.
2026-01-19 18:39:13,588 [ERROR] LogOutputStream:75 - [STDERR_REDIRECT] 
2026-01-19 18:39:14,595 [ERROR] LogOutputStream:75 - [STDERR_REDIRECT] [Fatal Error] :1:1: Premature end of file.
2026-01-19 18:39:14,595 [ERROR] LogOutputStream:75 - [STDERR_REDIRECT] 
2026-01-19 18:39:15,602 [ERROR] LogOutputStream:75 - [STDERR_REDIRECT] [Fatal Error] :1:1: Premature end of file.
2026-01-19 18:39:15,602 [ERROR] LogOutputStream:75 - [STDERR_REDIRECT] 
2026-01-19 18:39:16,601 [ERROR] LogOutputStream:75 - [STDERR_REDIRECT] [Fatal Error] :1:1: Premature end of file.
2026-01-19 18:39:16,601 [ERROR] LogOutputStream:75 - [STDERR_REDIRECT] 
2026-01-19 18:39:17,598 [ERROR] LogOutputStream:75 - [STDERR_REDIRECT] [Fatal Error] :1:1: Premature end of file.
2026-01-19 18:39:17,598 [ERROR] LogOutputStream:75 - [STDERR_REDIRECT] 
2026-01-19 18:39:18,596 [ERROR] LogOutputStream:75 - [STDERR_REDIRECT] [Fatal Error] :1:1: Premature end of file.
2026-01-19 18:39:18,596 [ERROR] LogOutputStream:75 - [STDERR_REDIRECT] 
2026-01-19 18:39:19,589 [ERROR] LogOutputStream:75 - [STDERR_REDIRECT] [Fatal Error] :1:1: Premature end of file.
2026-01-19 18:39:19,589 [ERROR] LogOutputStream:75 - [STDERR_REDIRECT] 
2026-01-19 18:39:20,594 [ERROR] LogOutputStream:75 - [STDERR_REDIRECT] [Fatal Error] :1:1: Premature end of file.
2026-01-19 18:39:20,594 [ERROR] LogOutputStream:75 - [STDERR_REDIRECT] 
2026-01-19 18:39:21,592 [ERROR] LogOutputStream:75 - [STDERR_REDIRECT] [Fatal Error] :1:1: Premature end of file.
2026-01-19 18:39:21,592 [ERROR] LogOutputStream:75 - [STDERR_REDIRECT] 
2026-01-19 18:39:22,599 [ERROR] LogOutputStream:75 - [STDERR_REDIRECT] [Fatal Error] :1:1: Premature end of file.
2026-01-19 18:39:22,599 [ERROR] LogOutputStream:75 - [STDERR_REDIRECT] 
2026-01-19 18:39:23,587 [ERROR] LogOutputStream:75 - [STDERR_REDIRECT] [Fatal Error] :1:1: Premature end of file.
2026-01-19 18:39:23,587 [ERROR] LogOutputStream:75 - [STDERR_REDIRECT] 
2026-01-19 18:39:24,585 [ERROR] LogOutputStream:75 - [STDERR_REDIRECT] [Fatal Error] :1:1: Premature end of file.
2026-01-19 18:39:24,585 [ERROR] LogOutputStream:75 - [STDERR_REDIRECT] 
2026-01-19 18:39:25,602 [ERROR] LogOutputStream:75 - [STDERR_REDIRECT] [Fatal Error] :1:1: Premature end of file.
2026-01-19 18:39:25,602 [ERROR] LogOutputStream:75 - [STDERR_REDIRECT] 
2026-01-19 18:39:26,599 [ERROR] LogOutputStream:75 - [STDERR_REDIRECT] [Fatal Error] :1:1: Premature end of file.
2026-01-19 18:39:26,599 [ERROR] LogOutputStream:75 - [STDERR_REDIRECT] 
2026-01-19 18:39:27,584 [ERROR] LogOutputStream:75 - [STDERR_REDIRECT] [Fatal Error] :1:1: Premature end of file.
2026-01-19 18:39:27,584 [ERROR] LogOutputStream:75 - [STDERR_REDIRECT] 
2026-01-19 18:39:28,587 [ERROR] LogOutputStream:75 - [STDERR_REDIRECT] [Fatal Error] :1:1: Premature end of file.
2026-01-19 18:39:28,587 [ERROR] LogOutputStream:75 - [STDERR_REDIRECT] 
2026-01-19 18:39:29,585 [ERROR] LogOutputStream:75 - [STDERR_REDIRECT] [Fatal Error] :1:1: Premature end of file.
2026-01-19 18:39:29,585 [ERROR] LogOutputStream:75 - [STDERR_REDIRECT] 
2026-01-19 18:39:30,594 [ERROR] LogOutputStream:75 - [STDERR_REDIRECT] [Fatal Error] :1:1: Premature end of file.
2026-01-19 18:39:30,594 [ERROR] LogOutputStream:75 - [STDERR_REDIRECT] 
2026-01-19 18:39:31,591 [ERROR] LogOutputStream:75 - [STDERR_REDIRECT] [Fatal Error] :1:1: Premature end of file.
2026-01-19 18:39:31,591 [ERROR] LogOutputStream:75 - [STDERR_REDIRECT] 
2026-01-19 18:39:32,586 [ERROR] LogOutputStream:75 - [STDERR_REDIRECT] [Fatal Error] :1:1: Premature end of file.
2026-01-19 18:39:32,587 [ERROR] LogOutputStream:75 - [STDERR_REDIRECT] 
2026-01-19 18:39:33,594 [ERROR] LogOutputStream:75 - [STDERR_REDIRECT] [Fatal Error] :1:1: Premature end of file.
2026-01-19 18:39:33,594 [ERROR] LogOutputStream:75 - [STDERR_REDIRECT] 
2026-01-19 18:39:34,596 [ERROR] LogOutputStream:75 - [STDERR_REDIRECT] [Fatal Error] :1:1: Premature end of file.
2026-01-19 18:39:34,598 [ERROR] LogOutputStream:75 - [STDERR_REDIRECT] 
2026-01-19 18:39:35,587 [ERROR] LogOutputStream:75 - [STDERR_REDIRECT] [Fatal Error] :1:1: Premature end of file.
2026-01-19 18:39:35,587 [ERROR] LogOutputStream:75 - [STDERR_REDIRECT] 
2026-01-19 18:39:36,590 [ERROR] LogOutputStream:75 - [STDERR_REDIRECT] [Fatal Error] :1:1: Premature end of file.
2026-01-19 18:39:36,590 [ERROR] LogOutputStream:75 - [STDERR_REDIRECT] 
2026-01-19 18:39:37,588 [ERROR] LogOutputStream:75 - [STDERR_REDIRECT] [Fatal Error] :1:1: Premature end of file.
2026-01-19 18:39:37,588 [ERROR] LogOutputStream:75 - [STDERR_REDIRECT] 
2026-01-19 18:39:38,597 [ERROR] LogOutputStream:75 - [STDERR_REDIRECT] [Fatal Error] :1:1: Premature end of file.
2026-01-19 18:39:38,597 [ERROR] LogOutputStream:75 - [STDERR_REDIRECT] 
2026-01-19 18:39:39,595 [ERROR] LogOutputStream:75 - [STDERR_REDIRECT] [Fatal Error] :1:1: Premature end of file.
2026-01-19 18:39:39,595 [ERROR] LogOutputStream:75 - [STDERR_REDIRECT] 
2026-01-19 18:39:40,594 [ERROR] LogOutputStream:75 - [STDERR_REDIRECT] [Fatal Error] :1:1: Premature end of file.
2026-01-19 18:39:40,595 [ERROR] LogOutputStream:75 - [STDERR_REDIRECT] 
2026-01-19 18:41:02,841 [ERROR] LogOutputStream:75 - [STDERR_REDIRECT] [Fatal Error] :1:1: Premature end of file.
2026-01-19 18:41:02,841 [ERROR] LogOutputStream:75 - [STDERR_REDIRECT] 
2026-01-19 18:41:03,017 [ERROR] LogOutputStream:75 - [STDERR_REDIRECT] [Fatal Error] :1:1: Premature end of file.
2026-01-19 18:41:03,017 [ERROR] LogOutputStream:75 - [STDERR_REDIRECT] 
2026-01-19 18:41:03,199 [ERROR] LogOutputStream:75 - [STDERR_REDIRECT] [Fatal Error] :1:1: Premature end of file.
2026-01-19 18:41:03,199 [ERROR] LogOutputStream:75 - [STDERR_REDIRECT] 
2026-01-19 18:41:03,411 [ERROR] LogOutputStream:75 - [STDERR_REDIRECT] [Fatal Error] :1:1: Premature end of file.
2026-01-19 18:41:03,411 [ERROR] LogOutputStream:75 - [STDERR_REDIRECT] 
2026-01-19 18:41:03,573 [ERROR] LogOutputStream:75 - [STDERR_REDIRECT] [Fatal Error] :1:1: Premature end of file.
2026-01-19 18:41:03,573 [ERROR] LogOutputStream:75 - [STDERR_REDIRECT] 
2026-01-19 18:41:03,785 [ERROR] LogOutputStream:75 - [STDERR_REDIRECT] [Fatal Error] :1:1: Premature end of file.
2026-01-19 18:41:03,785 [ERROR] LogOutputStream:75 - [STDERR_REDIRECT] 
2026-01-19 18:41:03,927 [ERROR] LogOutputStream:75 - [STDERR_REDIRECT] [Fatal Error] :1:1: Premature end of file.
2026-01-19 18:41:03,927 [ERROR] LogOutputStream:75 - [STDERR_REDIRECT] 
2026-01-19 18:41:04,069 [ERROR] LogOutputStream:75 - [STDERR_REDIRECT] [Fatal Error] :1:1: Premature end of file.
2026-01-19 18:41:04,069 [ERROR] LogOutputStream:75 - [STDERR_REDIRECT] 
2026-01-19 18:41:04,197 [ERROR] LogOutputStream:75 - [STDERR_REDIRECT] [Fatal Error] :1:1: Premature end of file.
2026-01-19 18:41:04,198 [ERROR] LogOutputStream:75 - [STDERR_REDIRECT] 
2026-01-19 18:41:04,327 [ERROR] LogOutputStream:75 - [STDERR_REDIRECT] [Fatal Error] :1:1: Premature end of file.
2026-01-19 18:41:04,327 [ERROR] LogOutputStream:75 - [STDERR_REDIRECT] 
2026-01-19 18:41:04,433 [ERROR] LogOutputStream:75 - [STDERR_REDIRECT] [Fatal Error] :1:1: Premature end of file.
2026-01-19 18:41:04,433 [ERROR] LogOutputStream:75 - [STDERR_REDIRECT] 
2026-01-19 18:41:04,540 [ERROR] LogOutputStream:75 - [STDERR_REDIRECT] [Fatal Error] :1:1: Premature end of file.
2026-01-19 18:41:04,540 [ERROR] LogOutputStream:75 - [STDERR_REDIRECT] 
2026-01-19 18:41:04,641 [ERROR] LogOutputStream:75 - [STDERR_REDIRECT] [Fatal Error] :1:1: Premature end of file.
2026-01-19 18:41:04,642 [ERROR] LogOutputStream:75 - [STDERR_REDIRECT] 
2026-01-19 18:41:04,743 [ERROR] LogOutputStream:75 - [STDERR_REDIRECT] [Fatal Error] :1:1: Premature end of file.
2026-01-19 18:41:04,744 [ERROR] LogOutputStream:75 - [STDERR_REDIRECT] 
2026-01-19 18:41:04,836 [ERROR] LogOutputStream:75 - [STDERR_REDIRECT] [Fatal Error] :1:1: Premature end of file.
2026-01-19 18:41:04,837 [ERROR] LogOutputStream:75 - [STDERR_REDIRECT] 
2026-01-19 18:41:04,934 [ERROR] LogOutputStream:75 - [STDERR_REDIRECT] [Fatal Error] :1:1: Premature end of file.
2026-01-19 18:41:04,934 [ERROR] LogOutputStream:75 - [STDERR_REDIRECT] 
2026-01-19 18:41:05,030 [ERROR] LogOutputStream:75 - [STDERR_REDIRECT] [Fatal Error] :1:1: Premature end of file.
2026-01-19 18:41:05,030 [ERROR] LogOutputStream:75 - [STDERR_REDIRECT] 
2026-01-19 18:41:05,125 [ERROR] LogOutputStream:75 - [STDERR_REDIRECT] [Fatal Error] :1:1: Premature end of file.
2026-01-19 18:41:05,126 [ERROR] LogOutputStream:75 - [STDERR_REDIRECT] 
2026-01-19 18:41:05,219 [ERROR] LogOutputStream:75 - [STDERR_REDIRECT] [Fatal Error] :1:1: Premature end of file.
2026-01-19 18:41:05,219 [ERROR] LogOutputStream:75 - [STDERR_REDIRECT] 
2026-01-19 18:41:05,314 [ERROR] LogOutputStream:75 - [STDERR_REDIRECT] [Fatal Error] :1:1: Premature end of file.
2026-01-19 18:41:05,314 [ERROR] LogOutputStream:75 - [STDERR_REDIRECT] 
2026-01-19 18:41:05,410 [ERROR] LogOutputStream:75 - [STDERR_REDIRECT] [Fatal Error] :1:1: Premature end of file.
2026-01-19 18:41:05,410 [ERROR] LogOutputStream:75 - [STDERR_REDIRECT] 
2026-01-19 18:41:05,504 [ERROR] LogOutputStream:75 - [STDERR_REDIRECT] [Fatal Error] :1:1: Premature end of file.
2026-01-19 18:41:05,504 [ERROR] LogOutputStream:75 - [STDERR_REDIRECT] 
2026-01-19 18:41:05,596 [ERROR] LogOutputStream:75 - [STDERR_REDIRECT] [Fatal Error] :1:1: Premature end of file.
2026-01-19 18:41:05,597 [ERROR] LogOutputStream:75 - [STDERR_REDIRECT] 
2026-01-19 18:41:05,689 [ERROR] LogOutputStream:75 - [STDERR_REDIRECT] [Fatal Error] :1:1: Premature end of file.
2026-01-19 18:41:05,689 [ERROR] LogOutputStream:75 - [STDERR_REDIRECT] 
2026-01-19 18:41:05,782 [ERROR] LogOutputStream:75 - [STDERR_REDIRECT] [Fatal Error] :1:1: Premature end of file.
2026-01-19 18:41:05,782 [ERROR] LogOutputStream:75 - [STDERR_REDIRECT] 
2026-01-19 18:41:05,876 [ERROR] LogOutputStream:75 - [STDERR_REDIRECT] [Fatal Error] :1:1: Premature end of file.
2026-01-19 18:41:05,876 [ERROR] LogOutputStream:75 - [STDERR_REDIRECT] 
2026-01-19 18:41:05,973 [ERROR] LogOutputStream:75 - [STDERR_REDIRECT] [Fatal Error] :1:1: Premature end of file.
2026-01-19 18:41:05,974 [ERROR] LogOutputStream:75 - [STDERR_REDIRECT] 
2026-01-19 18:41:06,064 [ERROR] LogOutputStream:75 - [STDERR_REDIRECT] [Fatal Error] :1:1: Premature end of file.
2026-01-19 18:41:06,065 [ERROR] LogOutputStream:75 - [STDERR_REDIRECT] 
2026-01-19 18:41:06,154 [ERROR] LogOutputStream:75 - [STDERR_REDIRECT] [Fatal Error] :1:1: Premature end of file.
2026-01-19 18:41:06,154 [ERROR] LogOutputStream:75 - [STDERR_REDIRECT] 
2026-01-19 18:41:06,252 [ERROR] LogOutputStream:75 - [STDERR_REDIRECT] [Fatal Error] :1:1: Premature end of file.
2026-01-19 18:41:06,252 [ERROR] LogOutputStream:75 - [STDERR_REDIRECT] 
2026-01-19 18:41:06,349 [ERROR] LogOutputStream:75 - [STDERR_REDIRECT] [Fatal Error] :1:1: Premature end of file.
2026-01-19 18:41:06,349 [ERROR] LogOutputStream:75 - [STDERR_REDIRECT] 
2026-01-19 18:41:06,441 [ERROR] LogOutputStream:75 - [STDERR_REDIRECT] [Fatal Error] :1:1: Premature end of file.
2026-01-19 18:41:06,441 [ERROR] LogOutputStream:75 - [STDERR_REDIRECT] 
2026-01-19 18:41:06,543 [ERROR] LogOutputStream:75 - [STDERR_REDIRECT] [Fatal Error] :1:1: Premature end of file.
2026-01-19 18:41:06,543 [ERROR] LogOutputStream:75 - [STDERR_REDIRECT] 
2026-01-19 18:41:06,636 [ERROR] LogOutputStream:75 - [STDERR_REDIRECT] [Fatal Error] :1:1: Premature end of file.
2026-01-19 18:41:06,636 [ERROR] LogOutputStream:75 - [STDERR_REDIRECT] 
2026-01-19 18:41:06,726 [ERROR] LogOutputStream:75 - [STDERR_REDIRECT] [Fatal Error] :1:1: Premature end of file.
2026-01-19 18:41:06,726 [ERROR] LogOutputStream:75 - [STDERR_REDIRECT] 
2026-01-19 18:41:06,817 [ERROR] LogOutputStream:75 - [STDERR_REDIRECT] [Fatal Error] :1:1: Premature end of file.
2026-01-19 18:41:06,818 [ERROR] LogOutputStream:75 - [STDERR_REDIRECT] 
2026-01-19 18:41:06,911 [ERROR] LogOutputStream:75 - [STDERR_REDIRECT] [Fatal Error] :1:1: Premature end of file.
2026-01-19 18:41:06,911 [ERROR] LogOutputStream:75 - [STDERR_REDIRECT] 
2026-01-19 18:41:07,006 [ERROR] LogOutputStream:75 - [STDERR_REDIRECT] [Fatal Error] :1:1: Premature end of file.
2026-01-19 18:41:07,006 [ERROR] LogOutputStream:75 - [STDERR_REDIRECT] 
2026-01-19 18:41:07,106 [ERROR] LogOutputStream:75 - [STDERR_REDIRECT] [Fatal Error] :1:1: Premature end of file.
2026-01-19 18:41:07,107 [ERROR] LogOutputStream:75 - [STDERR_REDIRECT] 
2026-01-19 18:41:07,207 [ERROR] LogOutputStream:75 - [STDERR_REDIRECT] [Fatal Error] :1:1: Premature end of file.
2026-01-19 18:41:07,207 [ERROR] LogOutputStream:75 - [STDERR_REDIRECT] 
2026-01-19 18:41:07,308 [ERROR] LogOutputStream:75 - [STDERR_REDIRECT] [Fatal Error] :1:1: Premature end of file.
2026-01-19 18:41:07,308 [ERROR] LogOutputStream:75 - [STDERR_REDIRECT] 
2026-01-19 18:41:07,413 [ERROR] LogOutputStream:75 - [STDERR_REDIRECT] [Fatal Error] :1:1: Premature end of file.
2026-01-19 18:41:07,413 [ERROR] LogOutputStream:75 - [STDERR_REDIRECT] 
2026-01-19 18:41:07,512 [ERROR] LogOutputStream:75 - [STDERR_REDIRECT] [Fatal Error] :1:1: Premature end of file.
2026-01-19 18:41:07,512 [ERROR] LogOutputStream:75 - [STDERR_REDIRECT] 
2026-01-19 18:41:07,614 [ERROR] LogOutputStream:75 - [STDERR_REDIRECT] [Fatal Error] :1:1: Premature end of file.
2026-01-19 18:41:07,614 [ERROR] LogOutputStream:75 - [STDERR_REDIRECT] 
2026-01-19 18:41:07,716 [ERROR] LogOutputStream:75 - [STDERR_REDIRECT] [Fatal Error] :1:1: Premature end of file.
2026-01-19 18:41:07,717 [ERROR] LogOutputStream:75 - [STDERR_REDIRECT] 
2026-01-19 18:41:07,820 [ERROR] LogOutputStream:75 - [STDERR_REDIRECT] [Fatal Error] :1:1: Premature end of file.
2026-01-19 18:41:07,821 [ERROR] LogOutputStream:75 - [STDERR_REDIRECT] 
2026-01-19 18:41:07,927 [ERROR] LogOutputStream:75 - [STDERR_REDIRECT] [Fatal Error] :1:1: Premature end of file.
2026-01-19 18:41:07,928 [ERROR] LogOutputStream:75 - [STDERR_REDIRECT] 
2026-01-19 18:41:08,027 [ERROR] LogOutputStream:75 - [STDERR_REDIRECT] [Fatal Error] :1:1: Premature end of file.
2026-01-19 18:41:08,028 [ERROR] LogOutputStream:75 - [STDERR_REDIRECT] 
2026-01-19 18:41:08,126 [ERROR] LogOutputStream:75 - [STDERR_REDIRECT] [Fatal Error] :1:1: Premature end of file.
2026-01-19 18:41:08,126 [ERROR] LogOutputStream:75 - [STDERR_REDIRECT] 
2026-01-19 18:41:08,228 [ERROR] LogOutputStream:75 - [STDERR_REDIRECT] [Fatal Error] :1:1: Premature end of file.
2026-01-19 18:41:08,229 [ERROR] LogOutputStream:75 - [STDERR_REDIRECT] 
2026-01-19 18:41:08,330 [ERROR] LogOutputStream:75 - [STDERR_REDIRECT] [Fatal Error] :1:1: Premature end of file.
2026-01-19 18:41:08,330 [ERROR] LogOutputStream:75 - [STDERR_REDIRECT] 
2026-01-19 18:41:08,432 [ERROR] LogOutputStream:75 - [STDERR_REDIRECT] [Fatal Error] :1:1: Premature end of file.
2026-01-19 18:41:08,432 [ERROR] LogOutputStream:75 - [STDERR_REDIRECT] 
2026-01-19 18:41:08,537 [ERROR] LogOutputStream:75 - [STDERR_REDIRECT] [Fatal Error] :1:1: Premature end of file.
2026-01-19 18:41:08,537 [ERROR] LogOutputStream:75 - [STDERR_REDIRECT] 
2026-01-19 18:41:08,638 [ERROR] LogOutputStream:75 - [STDERR_REDIRECT] [Fatal Error] :1:1: Premature end of file.
2026-01-19 18:41:08,638 [ERROR] LogOutputStream:75 - [STDERR_REDIRECT] 
2026-01-19 18:41:08,740 [ERROR] LogOutputStream:75 - [STDERR_REDIRECT] [Fatal Error] :1:1: Premature end of file.
2026-01-19 18:41:08,740 [ERROR] LogOutputStream:75 - [STDERR_REDIRECT] 
2026-01-19 18:41:08,849 [ERROR] LogOutputStream:75 - [STDERR_REDIRECT] [Fatal Error] :1:1: Premature end of file.
2026-01-19 18:41:08,849 [ERROR] LogOutputStream:75 - [STDERR_REDIRECT] 
2026-01-19 18:41:08,950 [ERROR] LogOutputStream:75 - [STDERR_REDIRECT] [Fatal Error] :1:1: Premature end of file.
2026-01-19 18:41:08,950 [ERROR] LogOutputStream:75 - [STDERR_REDIRECT] 
2026-01-19 18:41:09,055 [ERROR] LogOutputStream:75 - [STDERR_REDIRECT] [Fatal Error] :1:1: Premature end of file.
2026-01-19 18:41:09,055 [ERROR] LogOutputStream:75 - [STDERR_REDIRECT] 
2026-01-19 18:41:09,158 [ERROR] LogOutputStream:75 - [STDERR_REDIRECT] [Fatal Error] :1:1: Premature end of file.
2026-01-19 18:41:09,158 [ERROR] LogOutputStream:75 - [STDERR_REDIRECT] 
2026-01-19 18:41:09,267 [ERROR] LogOutputStream:75 - [STDERR_REDIRECT] [Fatal Error] :1:1: Premature end of file.
2026-01-19 18:41:09,267 [ERROR] LogOutputStream:75 - [STDERR_REDIRECT] 
2026-01-19 18:41:09,387 [ERROR] LogOutputStream:75 - [STDERR_REDIRECT] [Fatal Error] :1:1: Premature end of file.
2026-01-19 18:41:09,388 [ERROR] LogOutputStream:75 - [STDERR_REDIRECT] 
2026-01-19 18:41:09,492 [ERROR] LogOutputStream:75 - [STDERR_REDIRECT] [Fatal Error] :1:1: Premature end of file.
2026-01-19 18:41:09,492 [ERROR] LogOutputStream:75 - [STDERR_REDIRECT] 
2026-01-19 18:41:09,588 [ERROR] LogOutputStream:75 - [STDERR_REDIRECT] [Fatal Error] :1:1: Premature end of file.
2026-01-19 18:41:09,588 [ERROR] LogOutputStream:75 - [STDERR_REDIRECT] 
2026-01-19 18:41:09,688 [ERROR] LogOutputStream:75 - [STDERR_REDIRECT] [Fatal Error] :1:1: Premature end of file.
2026-01-19 18:41:09,688 [ERROR] LogOutputStream:75 - [STDERR_REDIRECT] 
2026-01-19 18:41:09,787 [ERROR] LogOutputStream:75 - [STDERR_REDIRECT] [Fatal Error] :1:1: Premature end of file.
2026-01-19 18:41:09,787 [ERROR] LogOutputStream:75 - [STDERR_REDIRECT] 
2026-01-19 18:41:09,886 [ERROR] LogOutputStream:75 - [STDERR_REDIRECT] [Fatal Error] :1:1: Premature end of file.
2026-01-19 18:41:09,886 [ERROR] LogOutputStream:75 - [STDERR_REDIRECT] 
2026-01-19 18:41:09,985 [ERROR] LogOutputStream:75 - [STDERR_REDIRECT] [Fatal Error] :1:1: Premature end of file.
2026-01-19 18:41:09,985 [ERROR] LogOutputStream:75 - [STDERR_REDIRECT] 
2026-01-19 18:41:10,088 [ERROR] LogOutputStream:75 - [STDERR_REDIRECT] [Fatal Error] :1:1: Premature end of file.
2026-01-19 18:41:10,088 [ERROR] LogOutputStream:75 - [STDERR_REDIRECT] 
2026-01-19 18:41:10,187 [ERROR] LogOutputStream:75 - [STDERR_REDIRECT] [Fatal Error] :1:1: Premature end of file.
2026-01-19 18:41:10,188 [ERROR] LogOutputStream:75 - [STDERR_REDIRECT] 
2026-01-19 18:41:10,285 [ERROR] LogOutputStream:75 - [STDERR_REDIRECT] [Fatal Error] :1:1: Premature end of file.
2026-01-19 18:41:10,287 [ERROR] LogOutputStream:75 - [STDERR_REDIRECT] 
2026-01-19 18:41:10,389 [ERROR] LogOutputStream:75 - [STDERR_REDIRECT] [Fatal Error] :1:1: Premature end of file.
2026-01-19 18:41:10,389 [ERROR] LogOutputStream:75 - [STDERR_REDIRECT] 
2026-01-19 18:41:10,492 [ERROR] LogOutputStream:75 - [STDERR_REDIRECT] [Fatal Error] :1:1: Premature end of file.
2026-01-19 18:41:10,493 [ERROR] LogOutputStream:75 - [STDERR_REDIRECT] 
2026-01-19 18:41:10,595 [ERROR] LogOutputStream:75 - [STDERR_REDIRECT] [Fatal Error] :1:1: Premature end of file.
2026-01-19 18:41:10,595 [ERROR] LogOutputStream:75 - [STDERR_REDIRECT] 
2026-01-19 18:41:10,695 [ERROR] LogOutputStream:75 - [STDERR_REDIRECT] [Fatal Error] :1:1: Premature end of file.
2026-01-19 18:41:10,695 [ERROR] LogOutputStream:75 - [STDERR_REDIRECT] 
2026-01-19 18:41:10,791 [ERROR] LogOutputStream:75 - [STDERR_REDIRECT] [Fatal Error] :1:1: Premature end of file.
2026-01-19 18:41:10,791 [ERROR] LogOutputStream:75 - [STDERR_REDIRECT] 
2026-01-19 18:41:10,889 [ERROR] LogOutputStream:75 - [STDERR_REDIRECT] [Fatal Error] :1:1: Premature end of file.
2026-01-19 18:41:10,889 [ERROR] LogOutputStream:75 - [STDERR_REDIRECT] 
2026-01-19 18:41:10,990 [ERROR] LogOutputStream:75 - [STDERR_REDIRECT] [Fatal Error] :1:1: Premature end of file.
2026-01-19 18:41:10,990 [ERROR] LogOutputStream:75 - [STDERR_REDIRECT] 
2026-01-19 18:41:11,087 [ERROR] LogOutputStream:75 - [STDERR_REDIRECT] [Fatal Error] :1:1: Premature end of file.
2026-01-19 18:41:11,087 [ERROR] LogOutputStream:75 - [STDERR_REDIRECT] 
2026-01-19 18:41:11,186 [ERROR] LogOutputStream:75 - [STDERR_REDIRECT] [Fatal Error] :1:1: Premature end of file.
2026-01-19 18:41:11,187 [ERROR] LogOutputStream:75 - [STDERR_REDIRECT] 
2026-01-19 18:41:11,288 [ERROR] LogOutputStream:75 - [STDERR_REDIRECT] [Fatal Error] :1:1: Premature end of file.
2026-01-19 18:41:11,288 [ERROR] LogOutputStream:75 - [STDERR_REDIRECT] 
2026-01-19 18:41:11,390 [ERROR] LogOutputStream:75 - [STDERR_REDIRECT] [Fatal Error] :1:1: Premature end of file.
2026-01-19 18:41:11,390 [ERROR] LogOutputStream:75 - [STDERR_REDIRECT] 
2026-01-19 18:41:11,489 [ERROR] LogOutputStream:75 - [STDERR_REDIRECT] [Fatal Error] :1:1: Premature end of file.
2026-01-19 18:41:11,489 [ERROR] LogOutputStream:75 - [STDERR_REDIRECT] 
2026-01-19 18:41:11,590 [ERROR] LogOutputStream:75 - [STDERR_REDIRECT] [Fatal Error] :1:1: Premature end of file.
2026-01-19 18:41:11,590 [ERROR] LogOutputStream:75 - [STDERR_REDIRECT] 
2026-01-19 18:41:11,691 [ERROR] LogOutputStream:75 - [STDERR_REDIRECT] [Fatal Error] :1:1: Premature end of file.
2026-01-19 18:41:11,691 [ERROR] LogOutputStream:75 - [STDERR_REDIRECT] 
2026-01-19 18:41:11,788 [ERROR] LogOutputStream:75 - [STDERR_REDIRECT] [Fatal Error] :1:1: Premature end of file.
2026-01-19 18:41:11,788 [ERROR] LogOutputStream:75 - [STDERR_REDIRECT] 
2026-01-19 18:41:11,890 [ERROR] LogOutputStream:75 - [STDERR_REDIRECT] [Fatal Error] :1:1: Premature end of file.
2026-01-19 18:41:11,890 [ERROR] LogOutputStream:75 - [STDERR_REDIRECT] 
2026-01-19 18:41:11,990 [ERROR] LogOutputStream:75 - [STDERR_REDIRECT] [Fatal Error] :1:1: Premature end of file.
2026-01-19 18:41:11,991 [ERROR] LogOutputStream:75 - [STDERR_REDIRECT] 
2026-01-19 18:41:12,094 [ERROR] LogOutputStream:75 - [STDERR_REDIRECT] [Fatal Error] :1:1: Premature end of file.
2026-01-19 18:41:12,094 [ERROR] LogOutputStream:75 - [STDERR_REDIRECT] 
2026-01-19 18:41:12,196 [ERROR] LogOutputStream:75 - [STDERR_REDIRECT] [Fatal Error] :1:1: Premature end of file.
2026-01-19 18:41:12,196 [ERROR] LogOutputStream:75 - [STDERR_REDIRECT] 
2026-01-19 18:41:12,299 [ERROR] LogOutputStream:75 - [STDERR_REDIRECT] [Fatal Error] :1:1: Premature end of file.
2026-01-19 18:41:12,300 [ERROR] LogOutputStream:75 - [STDERR_REDIRECT] 
2026-01-19 18:41:12,404 [ERROR] LogOutputStream:75 - [STDERR_REDIRECT] [Fatal Error] :1:1: Premature end of file.
2026-01-19 18:41:12,404 [ERROR] LogOutputStream:75 - [STDERR_REDIRECT] 
2026-01-19 18:41:12,586 [ERROR] LogOutputStream:75 - [STDERR_REDIRECT] [Fatal Error] :1:1: Premature end of file.
2026-01-19 18:41:12,587 [ERROR] LogOutputStream:75 - [STDERR_REDIRECT] 
2026-01-19 18:41:13,608 [ERROR] LogOutputStream:75 - [STDERR_REDIRECT] [Fatal Error] :1:1: Premature end of file.
2026-01-19 18:41:13,608 [ERROR] LogOutputStream:75 - [STDERR_REDIRECT] 
2026-01-19 18:41:14,595 [ERROR] LogOutputStream:75 - [STDERR_REDIRECT] [Fatal Error] :1:1: Premature end of file.
2026-01-19 18:41:14,595 [ERROR] LogOutputStream:75 - [STDERR_REDIRECT] 
2026-01-19 18:41:15,606 [ERROR] LogOutputStream:75 - [STDERR_REDIRECT] [Fatal Error] :1:1: Premature end of file.
2026-01-19 18:41:15,607 [ERROR] LogOutputStream:75 - [STDERR_REDIRECT] 
2026-01-19 18:41:16,606 [ERROR] LogOutputStream:75 - [STDERR_REDIRECT] [Fatal Error] :1:1: Premature end of file.
2026-01-19 18:41:16,606 [ERROR] LogOutputStream:75 - [STDERR_REDIRECT] 
2026-01-19 18:41:17,602 [ERROR] LogOutputStream:75 - [STDERR_REDIRECT] [Fatal Error] :1:1: Premature end of file.
2026-01-19 18:41:17,603 [ERROR] LogOutputStream:75 - [STDERR_REDIRECT] 
2026-01-19 18:41:18,607 [ERROR] LogOutputStream:75 - [STDERR_REDIRECT] [Fatal Error] :1:1: Premature end of file.
2026-01-19 18:41:18,607 [ERROR] LogOutputStream:75 - [STDERR_REDIRECT] 
2026-01-19 18:41:19,601 [ERROR] LogOutputStream:75 - [STDERR_REDIRECT] [Fatal Error] :1:1: Premature end of file.
2026-01-19 18:41:19,601 [ERROR] LogOutputStream:75 - [STDERR_REDIRECT] 
2026-01-19 18:41:20,596 [ERROR] LogOutputStream:75 - [STDERR_REDIRECT] [Fatal Error] :1:1: Premature end of file.
2026-01-19 18:41:20,596 [ERROR] LogOutputStream:75 - [STDERR_REDIRECT] 
2026-01-19 18:41:21,593 [ERROR] LogOutputStream:75 - [STDERR_REDIRECT] [Fatal Error] :1:1: Premature end of file.
2026-01-19 18:41:21,593 [ERROR] LogOutputStream:75 - [STDERR_REDIRECT] 
2026-01-19 18:41:22,601 [ERROR] LogOutputStream:75 - [STDERR_REDIRECT] [Fatal Error] :1:1: Premature end of file.
2026-01-19 18:41:22,601 [ERROR] LogOutputStream:75 - [STDERR_REDIRECT] 
2026-01-19 18:41:23,610 [ERROR] LogOutputStream:75 - [STDERR_REDIRECT] [Fatal Error] :1:1: Premature end of file.
2026-01-19 18:41:23,610 [ERROR] LogOutputStream:75 - [STDERR_REDIRECT] 
2026-01-19 18:41:24,606 [ERROR] LogOutputStream:75 - [STDERR_REDIRECT] [Fatal Error] :1:1: Premature end of file.
2026-01-19 18:41:24,606 [ERROR] LogOutputStream:75 - [STDERR_REDIRECT] 
2026-01-19 18:41:25,597 [ERROR] LogOutputStream:75 - [STDERR_REDIRECT] [Fatal Error] :1:1: Premature end of file.
2026-01-19 18:41:25,597 [ERROR] LogOutputStream:75 - [STDERR_REDIRECT] 
2026-01-19 18:41:26,607 [ERROR] LogOutputStream:75 - [STDERR_REDIRECT] [Fatal Error] :1:1: Premature end of file.
2026-01-19 18:41:26,607 [ERROR] LogOutputStream:75 - [STDERR_REDIRECT] 
2026-01-19 18:41:27,605 [ERROR] LogOutputStream:75 - [STDERR_REDIRECT] [Fatal Error] :1:1: Premature end of file.
2026-01-19 18:41:27,605 [ERROR] LogOutputStream:75 - [STDERR_REDIRECT] 
2026-01-19 18:41:28,613 [ERROR] LogOutputStream:75 - [STDERR_REDIRECT] [Fatal Error] :1:1: Premature end of file.
2026-01-19 18:41:28,613 [ERROR] LogOutputStream:75 - [STDERR_REDIRECT] 
2026-01-19 18:41:29,603 [ERROR] LogOutputStream:75 - [STDERR_REDIRECT] [Fatal Error] :1:1: Premature end of file.
2026-01-19 18:41:29,603 [ERROR] LogOutputStream:75 - [STDERR_REDIRECT] 
2026-01-19 18:41:30,611 [ERROR] LogOutputStream:75 - [STDERR_REDIRECT] [Fatal Error] :1:1: Premature end of file.
2026-01-19 18:41:30,611 [ERROR] LogOutputStream:75 - [STDERR_REDIRECT] 
2026-01-19 18:41:31,604 [ERROR] LogOutputStream:75 - [STDERR_REDIRECT] [Fatal Error] :1:1: Premature end of file.
2026-01-19 18:41:31,604 [ERROR] LogOutputStream:75 - [STDERR_REDIRECT] 
2026-01-19 18:41:32,605 [ERROR] LogOutputStream:75 - [STDERR_REDIRECT] [Fatal Error] :1:1: Premature end of file.
2026-01-19 18:41:32,605 [ERROR] LogOutputStream:75 - [STDERR_REDIRECT] 
2026-01-19 18:41:33,597 [ERROR] LogOutputStream:75 - [STDERR_REDIRECT] [Fatal Error] :1:1: Premature end of file.
2026-01-19 18:41:33,598 [ERROR] LogOutputStream:75 - [STDERR_REDIRECT] 
2026-01-19 18:41:34,602 [ERROR] LogOutputStream:75 - [STDERR_REDIRECT] [Fatal Error] :1:1: Premature end of file.
2026-01-19 18:41:34,602 [ERROR] LogOutputStream:75 - [STDERR_REDIRECT] 
2026-01-19 18:41:35,599 [ERROR] LogOutputStream:75 - [STDERR_REDIRECT] [Fatal Error] :1:1: Premature end of file.
2026-01-19 18:41:35,599 [ERROR] LogOutputStream:75 - [STDERR_REDIRECT] 
2026-01-19 18:41:36,603 [ERROR] LogOutputStream:75 - [STDERR_REDIRECT] [Fatal Error] :1:1: Premature end of file.
2026-01-19 18:41:36,604 [ERROR] LogOutputStream:75 - [STDERR_REDIRECT] 
2026-01-19 18:41:37,598 [ERROR] LogOutputStream:75 - [STDERR_REDIRECT] [Fatal Error] :1:1: Premature end of file.
2026-01-19 18:41:37,598 [ERROR] LogOutputStream:75 - [STDERR_REDIRECT] 
2026-01-19 18:41:38,597 [ERROR] LogOutputStream:75 - [STDERR_REDIRECT] [Fatal Error] :1:1: Premature end of file.
2026-01-19 18:41:38,598 [ERROR] LogOutputStream:75 - [STDERR_REDIRECT] 
2026-01-19 18:41:39,618 [ERROR] LogOutputStream:75 - [STDERR_REDIRECT] [Fatal Error] :1:1: Premature end of file.
2026-01-19 18:41:39,619 [ERROR] LogOutputStream:75 - [STDERR_REDIRECT] 
2026-01-19 18:41:40,604 [ERROR] LogOutputStream:75 - [STDERR_REDIRECT] [Fatal Error] :1:1: Premature end of file.
2026-01-19 18:41:40,605 [ERROR] LogOutputStream:75 - [STDERR_REDIRECT] 
2026-01-19 18:41:41,602 [ERROR] LogOutputStream:75 - [STDERR_REDIRECT] [Fatal Error] :1:1: Premature end of file.
2026-01-19 18:41:41,602 [ERROR] LogOutputStream:75 - [STDERR_REDIRECT] 
2026-01-19 18:41:42,597 [ERROR] LogOutputStream:75 - [STDERR_REDIRECT] [Fatal Error] :1:1: Premature end of file.
2026-01-19 18:41:42,597 [ERROR] LogOutputStream:75 - [STDERR_REDIRECT] 
2026-01-19 18:41:43,606 [ERROR] LogOutputStream:75 - [STDERR_REDIRECT] [Fatal Error] :1:1: Premature end of file.
2026-01-19 18:41:43,606 [ERROR] LogOutputStream:75 - [STDERR_REDIRECT] 
2026-01-19 18:41:44,597 [ERROR] LogOutputStream:75 - [STDERR_REDIRECT] [Fatal Error] :1:1: Premature end of file.
2026-01-19 18:41:44,597 [ERROR] LogOutputStream:75 - [STDERR_REDIRECT] 
2026-01-19 18:41:45,614 [ERROR] LogOutputStream:75 - [STDERR_REDIRECT] [Fatal Error] :1:1: Premature end of file.
2026-01-19 18:41:45,614 [ERROR] LogOutputStream:75 - [STDERR_REDIRECT] 
2026-01-19 18:41:46,601 [ERROR] LogOutputStream:75 - [STDERR_REDIRECT] [Fatal Error] :1:1: Premature end of file.
2026-01-19 18:41:46,601 [ERROR] LogOutputStream:75 - [STDERR_REDIRECT] 
2026-01-19 18:41:47,597 [ERROR] LogOutputStream:75 - [STDERR_REDIRECT] [Fatal Error] :1:1: Premature end of file.
2026-01-19 18:41:47,597 [ERROR] LogOutputStream:75 - [STDERR_REDIRECT] 
2026-01-19 18:41:48,613 [ERROR] LogOutputStream:75 - [STDERR_REDIRECT] [Fatal Error] :1:1: Premature end of file.
2026-01-19 18:41:48,614 [ERROR] LogOutputStream:75 - [STDERR_REDIRECT] 
2026-01-19 18:41:49,600 [ERROR] LogOutputStream:75 - [STDERR_REDIRECT] [Fatal Error] :1:1: Premature end of file.
2026-01-19 18:41:49,602 [ERROR] LogOutputStream:75 - [STDERR_REDIRECT] 
2026-01-19 18:41:50,603 [ERROR] LogOutputStream:75 - [STDERR_REDIRECT] [Fatal Error] :1:1: Premature end of file.
2026-01-19 18:41:50,603 [ERROR] LogOutputStream:75 - [STDERR_REDIRECT] 
2026-01-19 18:41:51,596 [ERROR] LogOutputStream:75 - [STDERR_REDIRECT] [Fatal Error] :1:1: Premature end of file.
2026-01-19 18:41:51,596 [ERROR] LogOutputStream:75 - [STDERR_REDIRECT] 
2026-01-19 18:41:52,603 [ERROR] LogOutputStream:75 - [STDERR_REDIRECT] [Fatal Error] :1:1: Premature end of file.
2026-01-19 18:41:52,604 [ERROR] LogOutputStream:75 - [STDERR_REDIRECT] 
2026-01-19 18:41:53,594 [ERROR] LogOutputStream:75 - [STDERR_REDIRECT] [Fatal Error] :1:1: Premature end of file.
2026-01-19 18:41:53,594 [ERROR] LogOutputStream:75 - [STDERR_REDIRECT] 
2026-01-19 18:41:54,608 [ERROR] LogOutputStream:75 - [STDERR_REDIRECT] [Fatal Error] :1:1: Premature end of file.
2026-01-19 18:41:54,608 [ERROR] LogOutputStream:75 - [STDERR_REDIRECT] 
2026-01-19 18:41:55,607 [ERROR] LogOutputStream:75 - [STDERR_REDIRECT] [Fatal Error] :1:1: Premature end of file.
2026-01-19 18:41:55,607 [ERROR] LogOutputStream:75 - [STDERR_REDIRECT] 
2026-01-19 18:41:56,607 [ERROR] LogOutputStream:75 - [STDERR_REDIRECT] [Fatal Error] :1:1: Premature end of file.
2026-01-19 18:41:56,608 [ERROR] LogOutputStream:75 - [STDERR_REDIRECT] 
2026-01-19 18:41:57,593 [ERROR] LogOutputStream:75 - [STDERR_REDIRECT] [Fatal Error] :1:1: Premature end of file.
2026-01-19 18:41:57,593 [ERROR] LogOutputStream:75 - [STDERR_REDIRECT] 
2026-01-19 18:41:58,604 [ERROR] LogOutputStream:75 - [STDERR_REDIRECT] [Fatal Error] :1:1: Premature end of file.
2026-01-19 18:41:58,604 [ERROR] LogOutputStream:75 - [STDERR_REDIRECT] 
2026-01-19 18:41:59,594 [ERROR] LogOutputStream:75 - [STDERR_REDIRECT] [Fatal Error] :1:1: Premature end of file.
2026-01-19 18:41:59,594 [ERROR] LogOutputStream:75 - [STDERR_REDIRECT] 
2026-01-19 18:42:00,610 [ERROR] LogOutputStream:75 - [STDERR_REDIRECT] [Fatal Error] :1:1: Premature end of file.
2026-01-19 18:42:00,610 [ERROR] LogOutputStream:75 - [STDERR_REDIRECT] 
2026-01-19 18:42:01,592 [ERROR] LogOutputStream:75 - [STDERR_REDIRECT] [Fatal Error] :1:1: Premature end of file.
2026-01-19 18:42:01,592 [ERROR] LogOutputStream:75 - [STDERR_REDIRECT] 
2026-01-19 18:42:02,602 [ERROR] LogOutputStream:75 - [STDERR_REDIRECT] [Fatal Error] :1:1: Premature end of file.
2026-01-19 18:42:02,602 [ERROR] LogOutputStream:75 - [STDERR_REDIRECT] 
2026-01-19 18:42:03,609 [ERROR] LogOutputStream:75 - [STDERR_REDIRECT] [Fatal Error] :1:1: Premature end of file.
2026-01-19 18:42:03,609 [ERROR] LogOutputStream:75 - [STDERR_REDIRECT] 
2026-01-19 18:42:04,596 [ERROR] LogOutputStream:75 - [STDERR_REDIRECT] [Fatal Error] :1:1: Premature end of file.
2026-01-19 18:42:04,596 [ERROR] LogOutputStream:75 - [STDERR_REDIRECT] 
2026-01-19 18:42:05,607 [ERROR] LogOutputStream:75 - [STDERR_REDIRECT] [Fatal Error] :1:1: Premature end of file.
2026-01-19 18:42:05,607 [ERROR] LogOutputStream:75 - [STDERR_REDIRECT] 
2026-01-19 18:42:06,607 [ERROR] LogOutputStream:75 - [STDERR_REDIRECT] [Fatal Error] :1:1: Premature end of file.
2026-01-19 18:42:06,607 [ERROR] LogOutputStream:75 - [STDERR_REDIRECT] 
2026-01-19 18:42:07,602 [ERROR] LogOutputStream:75 - [STDERR_REDIRECT] [Fatal Error] :1:1: Premature end of file.
2026-01-19 18:42:07,602 [ERROR] LogOutputStream:75 - [STDERR_REDIRECT] 
2026-01-19 18:42:08,610 [ERROR] LogOutputStream:75 - [STDERR_REDIRECT] [Fatal Error] :1:1: Premature end of file.
2026-01-19 18:42:08,610 [ERROR] LogOutputStream:75 - [STDERR_REDIRECT] 
2026-01-19 18:42:09,598 [ERROR] LogOutputStream:75 - [STDERR_REDIRECT] [Fatal Error] :1:1: Premature end of file.
2026-01-19 18:42:09,598 [ERROR] LogOutputStream:75 - [STDERR_REDIRECT] 
2026-01-19 18:42:10,609 [ERROR] LogOutputStream:75 - [STDERR_REDIRECT] [Fatal Error] :1:1: Premature end of file.
2026-01-19 18:42:10,610 [ERROR] LogOutputStream:75 - [STDERR_REDIRECT] 
2026-01-19 18:42:11,605 [ERROR] LogOutputStream:75 - [STDERR_REDIRECT] [Fatal Error] :1:1: Premature end of file.
2026-01-19 18:42:11,607 [ERROR] LogOutputStream:75 - [STDERR_REDIRECT] 
2026-01-19 18:42:12,600 [ERROR] LogOutputStream:75 - [STDERR_REDIRECT] [Fatal Error] :1:1: Premature end of file.
2026-01-19 18:42:12,600 [ERROR] LogOutputStream:75 - [STDERR_REDIRECT] 
2026-01-19 18:42:13,604 [ERROR] LogOutputStream:75 - [STDERR_REDIRECT] [Fatal Error] :1:1: Premature end of file.
2026-01-19 18:42:13,604 [ERROR] LogOutputStream:75 - [STDERR_REDIRECT] 
2026-01-19 18:42:14,599 [ERROR] LogOutputStream:75 - [STDERR_REDIRECT] [Fatal Error] :1:1: Premature end of file.
2026-01-19 18:42:14,599 [ERROR] LogOutputStream:75 - [STDERR_REDIRECT] 
2026-01-19 18:42:15,600 [ERROR] LogOutputStream:75 - [STDERR_REDIRECT] [Fatal Error] :1:1: Premature end of file.
2026-01-19 18:42:15,600 [ERROR] LogOutputStream:75 - [STDERR_REDIRECT] 
2026-01-19 18:42:16,609 [ERROR] LogOutputStream:75 - [STDERR_REDIRECT] [Fatal Error] :1:1: Premature end of file.
2026-01-19 18:42:16,609 [ERROR] LogOutputStream:75 - [STDERR_REDIRECT] 
2026-01-19 18:42:17,613 [ERROR] LogOutputStream:75 - [STDERR_REDIRECT] [Fatal Error] :1:1: Premature end of file.
2026-01-19 18:42:17,614 [ERROR] LogOutputStream:75 - [STDERR_REDIRECT] 
2026-01-19 18:42:18,599 [ERROR] LogOutputStream:75 - [STDERR_REDIRECT] [Fatal Error] :1:1: Premature end of file.
2026-01-19 18:42:18,599 [ERROR] LogOutputStream:75 - [STDERR_REDIRECT] 
2026-01-19 18:42:19,611 [ERROR] LogOutputStream:75 - [STDERR_REDIRECT] [Fatal Error] :1:1: Premature end of file.
2026-01-19 18:42:19,611 [ERROR] LogOutputStream:75 - [STDERR_REDIRECT] 
2026-01-19 18:42:20,605 [ERROR] LogOutputStream:75 - [STDERR_REDIRECT] [Fatal Error] :1:1: Premature end of file.
2026-01-19 18:42:20,605 [ERROR] LogOutputStream:75 - [STDERR_REDIRECT] 
2026-01-19 18:42:21,613 [ERROR] LogOutputStream:75 - [STDERR_REDIRECT] [Fatal Error] :1:1: Premature end of file.
2026-01-19 18:42:21,614 [ERROR] LogOutputStream:75 - [STDERR_REDIRECT] 
2026-01-19 18:42:22,590 [ERROR] LogOutputStream:75 - [STDERR_REDIRECT] [Fatal Error] :1:1: Premature end of file.
2026-01-19 18:42:22,590 [ERROR] LogOutputStream:75 - [STDERR_REDIRECT] 
2026-01-19 18:42:23,592 [ERROR] LogOutputStream:75 - [STDERR_REDIRECT] [Fatal Error] :1:1: Premature end of file.
2026-01-19 18:42:23,592 [ERROR] LogOutputStream:75 - [STDERR_REDIRECT] 
2026-01-19 18:42:24,601 [ERROR] LogOutputStream:75 - [STDERR_REDIRECT] [Fatal Error] :1:1: Premature end of file.
2026-01-19 18:42:24,603 [ERROR] LogOutputStream:75 - [STDERR_REDIRECT] 
2026-01-19 18:42:25,601 [ERROR] LogOutputStream:75 - [STDERR_REDIRECT] [Fatal Error] :1:1: Premature end of file.
2026-01-19 18:42:25,601 [ERROR] LogOutputStream:75 - [STDERR_REDIRECT] 
2026-01-19 18:42:26,597 [ERROR] LogOutputStream:75 - [STDERR_REDIRECT] [Fatal Error] :1:1: Premature end of file.
2026-01-19 18:42:26,597 [ERROR] LogOutputStream:75 - [STDERR_REDIRECT] 
2026-01-19 18:42:27,604 [ERROR] LogOutputStream:75 - [STDERR_REDIRECT] [Fatal Error] :1:1: Premature end of file.
2026-01-19 18:42:27,604 [ERROR] LogOutputStream:75 - [STDERR_REDIRECT] 
2026-01-19 18:42:28,604 [ERROR] LogOutputStream:75 - [STDERR_REDIRECT] [Fatal Error] :1:1: Premature end of file.
2026-01-19 18:42:28,605 [ERROR] LogOutputStream:75 - [STDERR_REDIRECT] 
2026-01-19 18:42:29,595 [ERROR] LogOutputStream:75 - [STDERR_REDIRECT] [Fatal Error] :1:1: Premature end of file.
2026-01-19 18:42:29,596 [ERROR] LogOutputStream:75 - [STDERR_REDIRECT] 
2026-01-19 18:42:30,606 [ERROR] LogOutputStream:75 - [STDERR_REDIRECT] [Fatal Error] :1:1: Premature end of file.
2026-01-19 18:42:30,606 [ERROR] LogOutputStream:75 - [STDERR_REDIRECT] 
2026-01-19 18:42:31,608 [ERROR] LogOutputStream:75 - [STDERR_REDIRECT] [Fatal Error] :1:1: Premature end of file.
2026-01-19 18:42:31,609 [ERROR] LogOutputStream:75 - [STDERR_REDIRECT] 
2026-01-19 18:42:32,607 [ERROR] LogOutputStream:75 - [STDERR_REDIRECT] [Fatal Error] :1:1: Premature end of file.
2026-01-19 18:42:32,607 [ERROR] LogOutputStream:75 - [STDERR_REDIRECT] 
2026-01-19 18:42:33,616 [ERROR] LogOutputStream:75 - [STDERR_REDIRECT] [Fatal Error] :1:1: Premature end of file.
2026-01-19 18:42:33,616 [ERROR] LogOutputStream:75 - [STDERR_REDIRECT] 
2026-01-19 18:42:34,609 [ERROR] LogOutputStream:75 - [STDERR_REDIRECT] [Fatal Error] :1:1: Premature end of file.
2026-01-19 18:42:34,609 [ERROR] LogOutputStream:75 - [STDERR_REDIRECT] 
2026-01-19 18:42:35,598 [ERROR] LogOutputStream:75 - [STDERR_REDIRECT] [Fatal Error] :1:1: Premature end of file.
2026-01-19 18:42:35,598 [ERROR] LogOutputStream:75 - [STDERR_REDIRECT] 
2026-01-19 18:42:36,602 [ERROR] LogOutputStream:75 - [STDERR_REDIRECT] [Fatal Error] :1:1: Premature end of file.
2026-01-19 18:42:36,602 [ERROR] LogOutputStream:75 - [STDERR_REDIRECT] 
2026-01-19 18:42:37,602 [ERROR] LogOutputStream:75 - [STDERR_REDIRECT] [Fatal Error] :1:1: Premature end of file.
2026-01-19 18:42:37,603 [ERROR] LogOutputStream:75 - [STDERR_REDIRECT] 
2026-01-19 18:42:38,596 [ERROR] LogOutputStream:75 - [STDERR_REDIRECT] [Fatal Error] :1:1: Premature end of file.
2026-01-19 18:42:38,596 [ERROR] LogOutputStream:75 - [STDERR_REDIRECT] 
2026-01-19 18:42:39,606 [ERROR] LogOutputStream:75 - [STDERR_REDIRECT] [Fatal Error] :1:1: Premature end of file.
2026-01-19 18:42:39,606 [ERROR] LogOutputStream:75 - [STDERR_REDIRECT] 
2026-01-19 18:42:40,604 [ERROR] LogOutputStream:75 - [STDERR_REDIRECT] [Fatal Error] :1:1: Premature end of file.
2026-01-19 18:42:40,604 [ERROR] LogOutputStream:75 - [STDERR_REDIRECT] 
2026-01-19 18:42:41,601 [ERROR] LogOutputStream:75 - [STDERR_REDIRECT] [Fatal Error] :1:1: Premature end of file.
2026-01-19 18:42:41,601 [ERROR] LogOutputStream:75 - [STDERR_REDIRECT] 
2026-01-19 18:42:42,608 [ERROR] LogOutputStream:75 - [STDERR_REDIRECT] [Fatal Error] :1:1: Premature end of file.
2026-01-19 18:42:42,608 [ERROR] LogOutputStream:75 - [STDERR_REDIRECT] 
2026-01-19 18:42:43,595 [ERROR] LogOutputStream:75 - [STDERR_REDIRECT] [Fatal Error] :1:1: Premature end of file.
2026-01-19 18:42:43,595 [ERROR] LogOutputStream:75 - [STDERR_REDIRECT] 
2026-01-19 18:42:44,605 [ERROR] LogOutputStream:75 - [STDERR_REDIRECT] [Fatal Error] :1:1: Premature end of file.
2026-01-19 18:42:44,605 [ERROR] LogOutputStream:75 - [STDERR_REDIRECT] 
2026-01-19 18:42:45,599 [ERROR] LogOutputStream:75 - [STDERR_REDIRECT] [Fatal Error] :1:1: Premature end of file.
2026-01-19 18:42:45,600 [ERROR] LogOutputStream:75 - [STDERR_REDIRECT] 
2026-01-19 18:42:46,593 [ERROR] LogOutputStream:75 - [STDERR_REDIRECT] [Fatal Error] :1:1: Premature end of file.
2026-01-19 18:42:46,593 [ERROR] LogOutputStream:75 - [STDERR_REDIRECT] 
2026-01-19 18:42:47,600 [ERROR] LogOutputStream:75 - [STDERR_REDIRECT] [Fatal Error] :1:1: Premature end of file.
2026-01-19 18:42:47,600 [ERROR] LogOutputStream:75 - [STDERR_REDIRECT] 
2026-01-19 18:42:48,599 [ERROR] LogOutputStream:75 - [STDERR_REDIRECT] [Fatal Error] :1:1: Premature end of file.
2026-01-19 18:42:48,599 [ERROR] LogOutputStream:75 - [STDERR_REDIRECT] 
2026-01-19 18:42:49,594 [ERROR] LogOutputStream:75 - [STDERR_REDIRECT] [Fatal Error] :1:1: Premature end of file.
2026-01-19 18:42:49,594 [ERROR] LogOutputStream:75 - [STDERR_REDIRECT] 
2026-01-19 18:42:50,609 [ERROR] LogOutputStream:75 - [STDERR_REDIRECT] [Fatal Error] :1:1: Premature end of file.
2026-01-19 18:42:50,610 [ERROR] LogOutputStream:75 - [STDERR_REDIRECT] 
2026-01-19 18:42:51,604 [ERROR] LogOutputStream:75 - [STDERR_REDIRECT] [Fatal Error] :1:1: Premature end of file.
2026-01-19 18:42:51,605 [ERROR] LogOutputStream:75 - [STDERR_REDIRECT] 
2026-01-19 18:42:52,608 [ERROR] LogOutputStream:75 - [STDERR_REDIRECT] [Fatal Error] :1:1: Premature end of file.
2026-01-19 18:42:52,608 [ERROR] LogOutputStream:75 - [STDERR_REDIRECT] 
2026-01-19 18:42:53,599 [ERROR] LogOutputStream:75 - [STDERR_REDIRECT] [Fatal Error] :1:1: Premature end of file.
2026-01-19 18:42:53,599 [ERROR] LogOutputStream:75 - [STDERR_REDIRECT] 
2026-01-19 18:42:54,607 [ERROR] LogOutputStream:75 - [STDERR_REDIRECT] [Fatal Error] :1:1: Premature end of file.
2026-01-19 18:42:54,607 [ERROR] LogOutputStream:75 - [STDERR_REDIRECT] 
2026-01-19 18:42:55,596 [ERROR] LogOutputStream:75 - [STDERR_REDIRECT] [Fatal Error] :1:1: Premature end of file.
2026-01-19 18:42:55,596 [ERROR] LogOutputStream:75 - [STDERR_REDIRECT] 
2026-01-19 18:42:56,600 [ERROR] LogOutputStream:75 - [STDERR_REDIRECT] [Fatal Error] :1:1: Premature end of file.
2026-01-19 18:42:56,601 [ERROR] LogOutputStream:75 - [STDERR_REDIRECT] 
2026-01-19 18:42:57,613 [ERROR] LogOutputStream:75 - [STDERR_REDIRECT] [Fatal Error] :1:1: Premature end of file.
2026-01-19 18:42:57,614 [ERROR] LogOutputStream:75 - [STDERR_REDIRECT] 
2026-01-19 18:42:58,612 [ERROR] LogOutputStream:75 - [STDERR_REDIRECT] [Fatal Error] :1:1: Premature end of file.
2026-01-19 18:42:58,612 [ERROR] LogOutputStream:75 - [STDERR_REDIRECT] 
2026-01-19 18:42:59,593 [ERROR] LogOutputStream:75 - [STDERR_REDIRECT] [Fatal Error] :1:1: Premature end of file.
2026-01-19 18:42:59,593 [ERROR] LogOutputStream:75 - [STDERR_REDIRECT] 
2026-01-19 18:43:00,610 [ERROR] LogOutputStream:75 - [STDERR_REDIRECT] [Fatal Error] :1:1: Premature end of file.
2026-01-19 18:43:00,610 [ERROR] LogOutputStream:75 - [STDERR_REDIRECT] 
2026-01-19 18:43:01,600 [ERROR] LogOutputStream:75 - [STDERR_REDIRECT] [Fatal Error] :1:1: Premature end of file.
2026-01-19 18:43:01,600 [ERROR] LogOutputStream:75 - [STDERR_REDIRECT] 
2026-01-19 18:43:02,592 [ERROR] LogOutputStream:75 - [STDERR_REDIRECT] [Fatal Error] :1:1: Premature end of file.
2026-01-19 18:43:02,592 [ERROR] LogOutputStream:75 - [STDERR_REDIRECT] 
2026-01-19 18:43:03,603 [ERROR] LogOutputStream:75 - [STDERR_REDIRECT] [Fatal Error] :1:1: Premature end of file.
2026-01-19 18:43:03,604 [ERROR] LogOutputStream:75 - [STDERR_REDIRECT] 
2026-01-19 18:43:04,596 [ERROR] LogOutputStream:75 - [STDERR_REDIRECT] [Fatal Error] :1:1: Premature end of file.
2026-01-19 18:43:04,596 [ERROR] LogOutputStream:75 - [STDERR_REDIRECT] 
2026-01-19 18:43:05,593 [ERROR] LogOutputStream:75 - [STDERR_REDIRECT] [Fatal Error] :1:1: Premature end of file.
2026-01-19 18:43:05,593 [ERROR] LogOutputStream:75 - [STDERR_REDIRECT] 
2026-01-19 18:43:06,593 [ERROR] LogOutputStream:75 - [STDERR_REDIRECT] [Fatal Error] :1:1: Premature end of file.
2026-01-19 18:43:06,594 [ERROR] LogOutputStream:75 - [STDERR_REDIRECT] 
2026-01-19 18:43:07,601 [ERROR] LogOutputStream:75 - [STDERR_REDIRECT] [Fatal Error] :1:1: Premature end of file.
2026-01-19 18:43:07,602 [ERROR] LogOutputStream:75 - [STDERR_REDIRECT] 
2026-01-19 18:43:08,613 [ERROR] LogOutputStream:75 - [STDERR_REDIRECT] [Fatal Error] :1:1: Premature end of file.
2026-01-19 18:43:08,613 [ERROR] LogOutputStream:75 - [STDERR_REDIRECT] 
2026-01-19 18:43:09,592 [ERROR] LogOutputStream:75 - [STDERR_REDIRECT] [Fatal Error] :1:1: Premature end of file.
2026-01-19 18:43:09,592 [ERROR] LogOutputStream:75 - [STDERR_REDIRECT] 
2026-01-19 18:43:10,603 [ERROR] LogOutputStream:75 - [STDERR_REDIRECT] [Fatal Error] :1:1: Premature end of file.
2026-01-19 18:43:10,605 [ERROR] LogOutputStream:75 - [STDERR_REDIRECT] 
2026-01-19 18:43:11,592 [ERROR] LogOutputStream:75 - [STDERR_REDIRECT] [Fatal Error] :1:1: Premature end of file.
2026-01-19 18:43:11,592 [ERROR] LogOutputStream:75 - [STDERR_REDIRECT] 
2026-01-19 18:43:12,602 [ERROR] LogOutputStream:75 - [STDERR_REDIRECT] [Fatal Error] :1:1: Premature end of file.
2026-01-19 18:43:12,603 [ERROR] LogOutputStream:75 - [STDERR_REDIRECT] 
2026-01-19 18:43:13,591 [ERROR] LogOutputStream:75 - [STDERR_REDIRECT] [Fatal Error] :1:1: Premature end of file.
2026-01-19 18:43:13,592 [ERROR] LogOutputStream:75 - [STDERR_REDIRECT] 
2026-01-19 18:43:14,606 [ERROR] LogOutputStream:75 - [STDERR_REDIRECT] [Fatal Error] :1:1: Premature end of file.
2026-01-19 18:43:14,607 [ERROR] LogOutputStream:75 - [STDERR_REDIRECT] 
2026-01-19 18:43:15,598 [ERROR] LogOutputStream:75 - [STDERR_REDIRECT] [Fatal Error] :1:1: Premature end of file.
2026-01-19 18:43:15,599 [ERROR] LogOutputStream:75 - [STDERR_REDIRECT] 
2026-01-19 18:43:16,591 [ERROR] LogOutputStream:75 - [STDERR_REDIRECT] [Fatal Error] :1:1: Premature end of file.
2026-01-19 18:43:16,591 [ERROR] LogOutputStream:75 - [STDERR_REDIRECT] 
2026-01-19 18:43:17,599 [ERROR] LogOutputStream:75 - [STDERR_REDIRECT] [Fatal Error] :1:1: Premature end of file.
2026-01-19 18:43:17,599 [ERROR] LogOutputStream:75 - [STDERR_REDIRECT] 
2026-01-19 18:43:18,592 [ERROR] LogOutputStream:75 - [STDERR_REDIRECT] [Fatal Error] :1:1: Premature end of file.
2026-01-19 18:43:18,592 [ERROR] LogOutputStream:75 - [STDERR_REDIRECT] 
2026-01-19 18:43:19,594 [ERROR] LogOutputStream:75 - [STDERR_REDIRECT] [Fatal Error] :1:1: Premature end of file.
2026-01-19 18:43:19,594 [ERROR] LogOutputStream:75 - [STDERR_REDIRECT] 
2026-01-19 18:43:20,599 [ERROR] LogOutputStream:75 - [STDERR_REDIRECT] [Fatal Error] :1:1: Premature end of file.
2026-01-19 18:43:20,599 [ERROR] LogOutputStream:75 - [STDERR_REDIRECT] 
2026-01-19 18:43:21,594 [ERROR] LogOutputStream:75 - [STDERR_REDIRECT] [Fatal Error] :1:1: Premature end of file.
2026-01-19 18:43:21,594 [ERROR] LogOutputStream:75 - [STDERR_REDIRECT] 
2026-01-19 18:43:22,590 [ERROR] LogOutputStream:75 - [STDERR_REDIRECT] [Fatal Error] :1:1: Premature end of file.
2026-01-19 18:43:22,590 [ERROR] LogOutputStream:75 - [STDERR_REDIRECT] 
2026-01-19 18:43:23,606 [ERROR] LogOutputStream:75 - [STDERR_REDIRECT] [Fatal Error] :1:1: Premature end of file.
2026-01-19 18:43:23,606 [ERROR] LogOutputStream:75 - [STDERR_REDIRECT] 
2026-01-19 18:43:24,598 [ERROR] LogOutputStream:75 - [STDERR_REDIRECT] [Fatal Error] :1:1: Premature end of file.
2026-01-19 18:43:24,598 [ERROR] LogOutputStream:75 - [STDERR_REDIRECT] 
2026-01-19 18:43:25,602 [ERROR] LogOutputStream:75 - [STDERR_REDIRECT] [Fatal Error] :1:1: Premature end of file.
2026-01-19 18:43:25,602 [ERROR] LogOutputStream:75 - [STDERR_REDIRECT] 
2026-01-19 18:43:26,600 [ERROR] LogOutputStream:75 - [STDERR_REDIRECT] [Fatal Error] :1:1: Premature end of file.
2026-01-19 18:43:26,601 [ERROR] LogOutputStream:75 - [STDERR_REDIRECT] 
2026-01-19 18:43:27,597 [ERROR] LogOutputStream:75 - [STDERR_REDIRECT] [Fatal Error] :1:1: Premature end of file.
2026-01-19 18:43:27,598 [ERROR] LogOutputStream:75 - [STDERR_REDIRECT] 
2026-01-19 18:43:28,602 [ERROR] LogOutputStream:75 - [STDERR_REDIRECT] [Fatal Error] :1:1: Premature end of file.
2026-01-19 18:43:28,603 [ERROR] LogOutputStream:75 - [STDERR_REDIRECT] 
2026-01-19 18:43:29,602 [ERROR] LogOutputStream:75 - [STDERR_REDIRECT] [Fatal Error] :1:1: Premature end of file.
2026-01-19 18:43:29,602 [ERROR] LogOutputStream:75 - [STDERR_REDIRECT] 
2026-01-19 18:43:30,595 [ERROR] LogOutputStream:75 - [STDERR_REDIRECT] [Fatal Error] :1:1: Premature end of file.
2026-01-19 18:43:30,596 [ERROR] LogOutputStream:75 - [STDERR_REDIRECT] 
2026-01-19 18:43:31,604 [ERROR] LogOutputStream:75 - [STDERR_REDIRECT] [Fatal Error] :1:1: Premature end of file.
2026-01-19 18:43:31,604 [ERROR] LogOutputStream:75 - [STDERR_REDIRECT] 
2026-01-19 18:43:32,609 [ERROR] LogOutputStream:75 - [STDERR_REDIRECT] [Fatal Error] :1:1: Premature end of file.
2026-01-19 18:43:32,609 [ERROR] LogOutputStream:75 - [STDERR_REDIRECT] 
2026-01-19 18:43:33,594 [ERROR] LogOutputStream:75 - [STDERR_REDIRECT] [Fatal Error] :1:1: Premature end of file.
2026-01-19 18:43:33,595 [ERROR] LogOutputStream:75 - [STDERR_REDIRECT] 
2026-01-19 18:43:34,598 [ERROR] LogOutputStream:75 - [STDERR_REDIRECT] [Fatal Error] :1:1: Premature end of file.
2026-01-19 18:43:34,600 [ERROR] LogOutputStream:75 - [STDERR_REDIRECT] 
2026-01-19 18:43:35,611 [ERROR] LogOutputStream:75 - [STDERR_REDIRECT] [Fatal Error] :1:1: Premature end of file.
2026-01-19 18:43:35,611 [ERROR] LogOutputStream:75 - [STDERR_REDIRECT] 
2026-01-19 18:43:36,606 [ERROR] LogOutputStream:75 - [STDERR_REDIRECT] [Fatal Error] :1:1: Premature end of file.
2026-01-19 18:43:36,606 [ERROR] LogOutputStream:75 - [STDERR_REDIRECT] 
2026-01-19 18:43:37,604 [ERROR] LogOutputStream:75 - [STDERR_REDIRECT] [Fatal Error] :1:1: Premature end of file.
2026-01-19 18:43:37,604 [ERROR] LogOutputStream:75 - [STDERR_REDIRECT] 
2026-01-19 18:43:38,602 [ERROR] LogOutputStream:75 - [STDERR_REDIRECT] [Fatal Error] :1:1: Premature end of file.
2026-01-19 18:43:38,602 [ERROR] LogOutputStream:75 - [STDERR_REDIRECT] 
2026-01-19 18:43:39,597 [ERROR] LogOutputStream:75 - [STDERR_REDIRECT] [Fatal Error] :1:1: Premature end of file.
2026-01-19 18:43:39,597 [ERROR] LogOutputStream:75 - [STDERR_REDIRECT] 
2026-01-19 18:43:40,599 [ERROR] LogOutputStream:75 - [STDERR_REDIRECT] [Fatal Error] :1:1: Premature end of file.
2026-01-19 18:43:40,599 [ERROR] LogOutputStream:75 - [STDERR_REDIRECT] 
2026-01-19 18:43:41,605 [ERROR] LogOutputStream:75 - [STDERR_REDIRECT] [Fatal Error] :1:1: Premature end of file.
2026-01-19 18:43:41,605 [ERROR] LogOutputStream:75 - [STDERR_REDIRECT] 
2026-01-19 18:43:42,604 [ERROR] LogOutputStream:75 - [STDERR_REDIRECT] [Fatal Error] :1:1: Premature end of file.
2026-01-19 18:43:42,604 [ERROR] LogOutputStream:75 - [STDERR_REDIRECT] 
2026-01-19 18:43:43,602 [ERROR] LogOutputStream:75 - [STDERR_REDIRECT] [Fatal Error] :1:1: Premature end of file.
2026-01-19 18:43:43,605 [ERROR] LogOutputStream:75 - [STDERR_REDIRECT] 
2026-01-19 18:43:44,594 [ERROR] LogOutputStream:75 - [STDERR_REDIRECT] [Fatal Error] :1:1: Premature end of file.
2026-01-19 18:43:44,594 [ERROR] LogOutputStream:75 - [STDERR_REDIRECT] 
2026-01-19 18:43:45,606 [ERROR] LogOutputStream:75 - [STDERR_REDIRECT] [Fatal Error] :1:1: Premature end of file.
2026-01-19 18:43:45,606 [ERROR] LogOutputStream:75 - [STDERR_REDIRECT] 
2026-01-19 18:43:46,601 [ERROR] LogOutputStream:75 - [STDERR_REDIRECT] [Fatal Error] :1:1: Premature end of file.
2026-01-19 18:43:46,601 [ERROR] LogOutputStream:75 - [STDERR_REDIRECT] 
2026-01-19 18:43:47,606 [ERROR] LogOutputStream:75 - [STDERR_REDIRECT] [Fatal Error] :1:1: Premature end of file.
2026-01-19 18:43:47,606 [ERROR] LogOutputStream:75 - [STDERR_REDIRECT] 
2026-01-19 18:43:48,598 [ERROR] LogOutputStream:75 - [STDERR_REDIRECT] [Fatal Error] :1:1: Premature end of file.
2026-01-19 18:43:48,598 [ERROR] LogOutputStream:75 - [STDERR_REDIRECT] 
2026-01-19 18:43:49,596 [ERROR] LogOutputStream:75 - [STDERR_REDIRECT] [Fatal Error] :1:1: Premature end of file.
2026-01-19 18:43:49,597 [ERROR] LogOutputStream:75 - [STDERR_REDIRECT] 
2026-01-19 18:43:50,611 [ERROR] LogOutputStream:75 - [STDERR_REDIRECT] [Fatal Error] :1:1: Premature end of file.
2026-01-19 18:43:50,611 [ERROR] LogOutputStream:75 - [STDERR_REDIRECT] 
2026-01-19 18:43:51,613 [ERROR] LogOutputStream:75 - [STDERR_REDIRECT] [Fatal Error] :1:1: Premature end of file.
2026-01-19 18:43:51,613 [ERROR] LogOutputStream:75 - [STDERR_REDIRECT] 
2026-01-19 18:43:52,595 [ERROR] LogOutputStream:75 - [STDERR_REDIRECT] [Fatal Error] :1:1: Premature end of file.
2026-01-19 18:43:52,595 [ERROR] LogOutputStream:75 - [STDERR_REDIRECT] 
2026-01-19 18:43:53,597 [ERROR] LogOutputStream:75 - [STDERR_REDIRECT] [Fatal Error] :1:1: Premature end of file.
2026-01-19 18:43:53,599 [ERROR] LogOutputStream:75 - [STDERR_REDIRECT] 
2026-01-19 18:43:54,606 [ERROR] LogOutputStream:75 - [STDERR_REDIRECT] [Fatal Error] :1:1: Premature end of file.
2026-01-19 18:43:54,606 [ERROR] LogOutputStream:75 - [STDERR_REDIRECT] 
2026-01-19 18:43:55,601 [ERROR] LogOutputStream:75 - [STDERR_REDIRECT] [Fatal Error] :1:1: Premature end of file.
2026-01-19 18:43:55,602 [ERROR] LogOutputStream:75 - [STDERR_REDIRECT] 
2026-01-19 18:43:56,601 [ERROR] LogOutputStream:75 - [STDERR_REDIRECT] [Fatal Error] :1:1: Premature end of file.
2026-01-19 18:43:56,601 [ERROR] LogOutputStream:75 - [STDERR_REDIRECT] 
2026-01-19 18:43:57,594 [ERROR] LogOutputStream:75 - [STDERR_REDIRECT] [Fatal Error] :1:1: Premature end of file.
2026-01-19 18:43:57,594 [ERROR] LogOutputStream:75 - [STDERR_REDIRECT] 
2026-01-19 18:43:58,594 [ERROR] LogOutputStream:75 - [STDERR_REDIRECT] [Fatal Error] :1:1: Premature end of file.
2026-01-19 18:43:58,595 [ERROR] LogOutputStream:75 - [STDERR_REDIRECT] 
2026-01-19 18:43:59,612 [ERROR] LogOutputStream:75 - [STDERR_REDIRECT] [Fatal Error] :1:1: Premature end of file.
2026-01-19 18:43:59,612 [ERROR] LogOutputStream:75 - [STDERR_REDIRECT] 
2026-01-19 18:44:00,594 [ERROR] LogOutputStream:75 - [STDERR_REDIRECT] [Fatal Error] :1:1: Premature end of file.
2026-01-19 18:44:00,594 [ERROR] LogOutputStream:75 - [STDERR_REDIRECT] 
2026-01-19 18:44:01,592 [ERROR] LogOutputStream:75 - [STDERR_REDIRECT] [Fatal Error] :1:1: Premature end of file.
2026-01-19 18:44:01,592 [ERROR] LogOutputStream:75 - [STDERR_REDIRECT] 
2026-01-19 18:44:02,595 [ERROR] LogOutputStream:75 - [STDERR_REDIRECT] [Fatal Error] :1:1: Premature end of file.
2026-01-19 18:44:02,595 [ERROR] LogOutputStream:75 - [STDERR_REDIRECT] 
2026-01-19 18:44:03,602 [ERROR] LogOutputStream:75 - [STDERR_REDIRECT] [Fatal Error] :1:1: Premature end of file.
2026-01-19 18:44:03,602 [ERROR] LogOutputStream:75 - [STDERR_REDIRECT] 
2026-01-19 18:44:04,617 [ERROR] LogOutputStream:75 - [STDERR_REDIRECT] [Fatal Error] :1:1: Premature end of file.
2026-01-19 18:44:04,618 [ERROR] LogOutputStream:75 - [STDERR_REDIRECT] 
2026-01-19 18:44:05,611 [ERROR] LogOutputStream:75 - [STDERR_REDIRECT] [Fatal Error] :1:1: Premature end of file.
2026-01-19 18:44:05,611 [ERROR] LogOutputStream:75 - [STDERR_REDIRECT] 
2026-01-19 18:44:06,610 [ERROR] LogOutputStream:75 - [STDERR_REDIRECT] [Fatal Error] :1:1: Premature end of file.
2026-01-19 18:44:06,610 [ERROR] LogOutputStream:75 - [STDERR_REDIRECT] 
2026-01-19 18:44:07,596 [ERROR] LogOutputStream:75 - [STDERR_REDIRECT] [Fatal Error] :1:1: Premature end of file.
2026-01-19 18:44:07,596 [ERROR] LogOutputStream:75 - [STDERR_REDIRECT] 
2026-01-19 18:44:08,606 [ERROR] LogOutputStream:75 - [STDERR_REDIRECT] [Fatal Error] :1:1: Premature end of file.
2026-01-19 18:44:08,606 [ERROR] LogOutputStream:75 - [STDERR_REDIRECT] 
2026-01-19 18:44:09,593 [ERROR] LogOutputStream:75 - [STDERR_REDIRECT] [Fatal Error] :1:1: Premature end of file.
2026-01-19 18:44:09,594 [ERROR] LogOutputStream:75 - [STDERR_REDIRECT] 
2026-01-19 18:44:10,600 [ERROR] LogOutputStream:75 - [STDERR_REDIRECT] [Fatal Error] :1:1: Premature end of file.
2026-01-19 18:44:10,600 [ERROR] LogOutputStream:75 - [STDERR_REDIRECT] 
2026-01-19 18:44:11,592 [ERROR] LogOutputStream:75 - [STDERR_REDIRECT] [Fatal Error] :1:1: Premature end of file.
2026-01-19 18:44:11,592 [ERROR] LogOutputStream:75 - [STDERR_REDIRECT] 
2026-01-19 18:44:12,592 [ERROR] LogOutputStream:75 - [STDERR_REDIRECT] [Fatal Error] :1:1: Premature end of file.
2026-01-19 18:44:12,592 [ERROR] LogOutputStream:75 - [STDERR_REDIRECT] 
2026-01-19 18:44:13,590 [ERROR] LogOutputStream:75 - [STDERR_REDIRECT] [Fatal Error] :1:1: Premature end of file.
2026-01-19 18:44:13,590 [ERROR] LogOutputStream:75 - [STDERR_REDIRECT] 
2026-01-19 18:44:14,595 [ERROR] LogOutputStream:75 - [STDERR_REDIRECT] [Fatal Error] :1:1: Premature end of file.
2026-01-19 18:44:14,595 [ERROR] LogOutputStream:75 - [STDERR_REDIRECT] 
2026-01-19 18:44:15,590 [ERROR] LogOutputStream:75 - [STDERR_REDIRECT] [Fatal Error] :1:1: Premature end of file.
2026-01-19 18:44:15,590 [ERROR] LogOutputStream:75 - [STDERR_REDIRECT] 
2026-01-19 18:44:16,596 [ERROR] LogOutputStream:75 - [STDERR_REDIRECT] [Fatal Error] :1:1: Premature end of file.
2026-01-19 18:44:16,597 [ERROR] LogOutputStream:75 - [STDERR_REDIRECT] 
2026-01-19 18:44:17,595 [ERROR] LogOutputStream:75 - [STDERR_REDIRECT] [Fatal Error] :1:1: Premature end of file.
2026-01-19 18:44:17,595 [ERROR] LogOutputStream:75 - [STDERR_REDIRECT] 
2026-01-19 18:44:18,613 [ERROR] LogOutputStream:75 - [STDERR_REDIRECT] [Fatal Error] :1:1: Premature end of file.
2026-01-19 18:44:18,613 [ERROR] LogOutputStream:75 - [STDERR_REDIRECT] 
2026-01-19 18:44:19,599 [ERROR] LogOutputStream:75 - [STDERR_REDIRECT] [Fatal Error] :1:1: Premature end of file.
2026-01-19 18:44:19,600 [ERROR] LogOutputStream:75 - [STDERR_REDIRECT] 
2026-01-19 18:44:20,599 [ERROR] LogOutputStream:75 - [STDERR_REDIRECT] [Fatal Error] :1:1: Premature end of file.
2026-01-19 18:44:20,599 [ERROR] LogOutputStream:75 - [STDERR_REDIRECT] 
2026-01-19 18:44:21,586 [ERROR] LogOutputStream:75 - [STDERR_REDIRECT] [Fatal Error] :1:1: Premature end of file.
2026-01-19 18:44:21,586 [ERROR] LogOutputStream:75 - [STDERR_REDIRECT] 
2026-01-19 18:44:22,596 [ERROR] LogOutputStream:75 - [STDERR_REDIRECT] [Fatal Error] :1:1: Premature end of file.
2026-01-19 18:44:22,596 [ERROR] LogOutputStream:75 - [STDERR_REDIRECT] 
2026-01-19 18:44:23,596 [ERROR] LogOutputStream:75 - [STDERR_REDIRECT] [Fatal Error] :1:1: Premature end of file.
2026-01-19 18:44:23,596 [ERROR] LogOutputStream:75 - [STDERR_REDIRECT] 
2026-01-19 18:44:24,598 [ERROR] LogOutputStream:75 - [STDERR_REDIRECT] [Fatal Error] :1:1: Premature end of file.
2026-01-19 18:44:24,598 [ERROR] LogOutputStream:75 - [STDERR_REDIRECT] 
2026-01-19 18:44:25,593 [ERROR] LogOutputStream:75 - [STDERR_REDIRECT] [Fatal Error] :1:1: Premature end of file.
2026-01-19 18:44:25,593 [ERROR] LogOutputStream:75 - [STDERR_REDIRECT] 
2026-01-19 18:44:26,597 [ERROR] LogOutputStream:75 - [STDERR_REDIRECT] [Fatal Error] :1:1: Premature end of file.
2026-01-19 18:44:26,597 [ERROR] LogOutputStream:75 - [STDERR_REDIRECT] 
2026-01-19 18:44:27,594 [ERROR] LogOutputStream:75 - [STDERR_REDIRECT] [Fatal Error] :1:1: Premature end of file.
2026-01-19 18:44:27,595 [ERROR] LogOutputStream:75 - [STDERR_REDIRECT] 
2026-01-19 18:44:28,594 [ERROR] LogOutputStream:75 - [STDERR_REDIRECT] [Fatal Error] :1:1: Premature end of file.
2026-01-19 18:44:28,594 [ERROR] LogOutputStream:75 - [STDERR_REDIRECT] 
2026-01-19 18:44:29,594 [ERROR] LogOutputStream:75 - [STDERR_REDIRECT] [Fatal Error] :1:1: Premature end of file.
2026-01-19 18:44:29,594 [ERROR] LogOutputStream:75 - [STDERR_REDIRECT] 
2026-01-19 18:44:30,598 [ERROR] LogOutputStream:75 - [STDERR_REDIRECT] [Fatal Error] :1:1: Premature end of file.
2026-01-19 18:44:30,598 [ERROR] LogOutputStream:75 - [STDERR_REDIRECT] 
2026-01-19 18:44:31,590 [ERROR] LogOutputStream:75 - [STDERR_REDIRECT] [Fatal Error] :1:1: Premature end of file.
2026-01-19 18:44:31,590 [ERROR] LogOutputStream:75 - [STDERR_REDIRECT] 
2026-01-19 18:44:32,591 [ERROR] LogOutputStream:75 - [STDERR_REDIRECT] [Fatal Error] :1:1: Premature end of file.
2026-01-19 18:44:32,591 [ERROR] LogOutputStream:75 - [STDERR_REDIRECT] 
2026-01-19 18:44:33,609 [ERROR] LogOutputStream:75 - [STDERR_REDIRECT] [Fatal Error] :1:1: Premature end of file.
2026-01-19 18:44:33,609 [ERROR] LogOutputStream:75 - [STDERR_REDIRECT] 
2026-01-19 18:44:34,599 [ERROR] LogOutputStream:75 - [STDERR_REDIRECT] [Fatal Error] :1:1: Premature end of file.
2026-01-19 18:44:34,599 [ERROR] LogOutputStream:75 - [STDERR_REDIRECT] 
2026-01-19 18:44:35,599 [ERROR] LogOutputStream:75 - [STDERR_REDIRECT] [Fatal Error] :1:1: Premature end of file.
2026-01-19 18:44:35,599 [ERROR] LogOutputStream:75 - [STDERR_REDIRECT] 
2026-01-19 18:44:36,593 [ERROR] LogOutputStream:75 - [STDERR_REDIRECT] [Fatal Error] :1:1: Premature end of file.
2026-01-19 18:44:36,593 [ERROR] LogOutputStream:75 - [STDERR_REDIRECT] 
2026-01-19 18:44:37,603 [ERROR] LogOutputStream:75 - [STDERR_REDIRECT] [Fatal Error] :1:1: Premature end of file.
2026-01-19 18:44:37,603 [ERROR] LogOutputStream:75 - [STDERR_REDIRECT] 
2026-01-19 18:44:38,609 [ERROR] LogOutputStream:75 - [STDERR_REDIRECT] [Fatal Error] :1:1: Premature end of file.
2026-01-19 18:44:38,611 [ERROR] LogOutputStream:75 - [STDERR_REDIRECT] 
2026-01-19 18:44:39,598 [ERROR] LogOutputStream:75 - [STDERR_REDIRECT] [Fatal Error] :1:1: Premature end of file.
2026-01-19 18:44:39,599 [ERROR] LogOutputStream:75 - [STDERR_REDIRECT] 
2026-01-19 18:44:40,606 [ERROR] LogOutputStream:75 - [STDERR_REDIRECT] [Fatal Error] :1:1: Premature end of file.
2026-01-19 18:44:40,606 [ERROR] LogOutputStream:75 - [STDERR_REDIRECT] 
2026-01-19 18:44:41,602 [ERROR] LogOutputStream:75 - [STDERR_REDIRECT] [Fatal Error] :1:1: Premature end of file.
2026-01-19 18:44:41,602 [ERROR] LogOutputStream:75 - [STDERR_REDIRECT] 
2026-01-19 18:44:42,610 [ERROR] LogOutputStream:75 - [STDERR_REDIRECT] [Fatal Error] :1:1: Premature end of file.
2026-01-19 18:44:42,611 [ERROR] LogOutputStream:75 - [STDERR_REDIRECT] 
2026-01-19 18:44:43,590 [ERROR] LogOutputStream:75 - [STDERR_REDIRECT] [Fatal Error] :1:1: Premature end of file.
2026-01-19 18:44:43,591 [ERROR] LogOutputStream:75 - [STDERR_REDIRECT] 
2026-01-19 18:44:44,600 [ERROR] LogOutputStream:75 - [STDERR_REDIRECT] [Fatal Error] :1:1: Premature end of file.
2026-01-19 18:44:44,600 [ERROR] LogOutputStream:75 - [STDERR_REDIRECT] 
2026-01-19 18:44:45,602 [ERROR] LogOutputStream:75 - [STDERR_REDIRECT] [Fatal Error] :1:1: Premature end of file.
2026-01-19 18:44:45,602 [ERROR] LogOutputStream:75 - [STDERR_REDIRECT] 
2026-01-19 18:44:46,603 [ERROR] LogOutputStream:75 - [STDERR_REDIRECT] [Fatal Error] :1:1: Premature end of file.
2026-01-19 18:44:46,605 [ERROR] LogOutputStream:75 - [STDERR_REDIRECT] 
2026-01-19 18:44:47,603 [ERROR] LogOutputStream:75 - [STDERR_REDIRECT] [Fatal Error] :1:1: Premature end of file.
2026-01-19 18:44:47,603 [ERROR] LogOutputStream:75 - [STDERR_REDIRECT] 
2026-01-19 18:44:48,608 [ERROR] LogOutputStream:75 - [STDERR_REDIRECT] [Fatal Error] :1:1: Premature end of file.
2026-01-19 18:44:48,608 [ERROR] LogOutputStream:75 - [STDERR_REDIRECT] 
2026-01-19 18:44:49,583 [ERROR] LogOutputStream:75 - [STDERR_REDIRECT] [Fatal Error] :1:1: Premature end of file.
2026-01-19 18:44:49,583 [ERROR] LogOutputStream:75 - [STDERR_REDIRECT] 
2026-01-19 18:44:50,596 [ERROR] LogOutputStream:75 - [STDERR_REDIRECT] [Fatal Error] :1:1: Premature end of file.
2026-01-19 18:44:50,596 [ERROR] LogOutputStream:75 - [STDERR_REDIRECT] 
2026-01-19 18:44:51,601 [ERROR] LogOutputStream:75 - [STDERR_REDIRECT] [Fatal Error] :1:1: Premature end of file.
2026-01-19 18:44:51,601 [ERROR] LogOutputStream:75 - [STDERR_REDIRECT] 
2026-01-19 18:44:52,605 [ERROR] LogOutputStream:75 - [STDERR_REDIRECT] [Fatal Error] :1:1: Premature end of file.
2026-01-19 18:44:52,605 [ERROR] LogOutputStream:75 - [STDERR_REDIRECT] 
2026-01-19 18:44:53,605 [ERROR] LogOutputStream:75 - [STDERR_REDIRECT] [Fatal Error] :1:1: Premature end of file.
2026-01-19 18:44:53,605 [ERROR] LogOutputStream:75 - [STDERR_REDIRECT] 
2026-01-19 18:44:54,604 [ERROR] LogOutputStream:75 - [STDERR_REDIRECT] [Fatal Error] :1:1: Premature end of file.
2026-01-19 18:44:54,604 [ERROR] LogOutputStream:75 - [STDERR_REDIRECT] 
2026-01-19 18:44:55,601 [ERROR] LogOutputStream:75 - [STDERR_REDIRECT] [Fatal Error] :1:1: Premature end of file.
2026-01-19 18:44:55,601 [ERROR] LogOutputStream:75 - [STDERR_REDIRECT] 
2026-01-19 18:44:56,591 [ERROR] LogOutputStream:75 - [STDERR_REDIRECT] [Fatal Error] :1:1: Premature end of file.
2026-01-19 18:44:56,591 [ERROR] LogOutputStream:75 - [STDERR_REDIRECT] 
2026-01-19 18:44:57,604 [ERROR] LogOutputStream:75 - [STDERR_REDIRECT] [Fatal Error] :1:1: Premature end of file.
2026-01-19 18:44:57,604 [ERROR] LogOutputStream:75 - [STDERR_REDIRECT] 
2026-01-19 18:44:58,597 [ERROR] LogOutputStream:75 - [STDERR_REDIRECT] [Fatal Error] :1:1: Premature end of file.
2026-01-19 18:44:58,597 [ERROR] LogOutputStream:75 - [STDERR_REDIRECT] 
2026-01-19 18:44:59,604 [ERROR] LogOutputStream:75 - [STDERR_REDIRECT] [Fatal Error] :1:1: Premature end of file.
2026-01-19 18:44:59,605 [ERROR] LogOutputStream:75 - [STDERR_REDIRECT] 
2026-01-19 18:45:00,600 [ERROR] LogOutputStream:75 - [STDERR_REDIRECT] [Fatal Error] :1:1: Premature end of file.
2026-01-19 18:45:00,601 [ERROR] LogOutputStream:75 - [STDERR_REDIRECT] 
2026-01-19 18:45:01,607 [ERROR] LogOutputStream:75 - [STDERR_REDIRECT] [Fatal Error] :1:1: Premature end of file.
2026-01-19 18:45:01,607 [ERROR] LogOutputStream:75 - [STDERR_REDIRECT] 
2026-01-19 18:45:02,599 [ERROR] LogOutputStream:75 - [STDERR_REDIRECT] [Fatal Error] :1:1: Premature end of file.
2026-01-19 18:45:02,602 [ERROR] LogOutputStream:75 - [STDERR_REDIRECT] 
2026-01-19 18:45:03,603 [ERROR] LogOutputStream:75 - [STDERR_REDIRECT] [Fatal Error] :1:1: Premature end of file.
2026-01-19 18:45:03,603 [ERROR] LogOutputStream:75 - [STDERR_REDIRECT] 
2026-01-19 18:45:04,613 [ERROR] LogOutputStream:75 - [STDERR_REDIRECT] [Fatal Error] :1:1: Premature end of file.
2026-01-19 18:45:04,614 [ERROR] LogOutputStream:75 - [STDERR_REDIRECT] 
2026-01-19 18:45:05,612 [ERROR] LogOutputStream:75 - [STDERR_REDIRECT] [Fatal Error] :1:1: Premature end of file.
2026-01-19 18:45:05,613 [ERROR] LogOutputStream:75 - [STDERR_REDIRECT] 
2026-01-19 18:45:06,609 [ERROR] LogOutputStream:75 - [STDERR_REDIRECT] [Fatal Error] :1:1: Premature end of file.
2026-01-19 18:45:06,609 [ERROR] LogOutputStream:75 - [STDERR_REDIRECT] 
2026-01-19 18:45:07,602 [ERROR] LogOutputStream:75 - [STDERR_REDIRECT] [Fatal Error] :1:1: Premature end of file.
2026-01-19 18:45:07,602 [ERROR] LogOutputStream:75 - [STDERR_REDIRECT] 
2026-01-19 18:45:08,589 [ERROR] LogOutputStream:75 - [STDERR_REDIRECT] [Fatal Error] :1:1: Premature end of file.
2026-01-19 18:45:08,590 [ERROR] LogOutputStream:75 - [STDERR_REDIRECT] 
2026-01-19 18:45:09,599 [ERROR] LogOutputStream:75 - [STDERR_REDIRECT] [Fatal Error] :1:1: Premature end of file.
2026-01-19 18:45:09,599 [ERROR] LogOutputStream:75 - [STDERR_REDIRECT] 
2026-01-19 18:45:10,596 [ERROR] LogOutputStream:75 - [STDERR_REDIRECT] [Fatal Error] :1:1: Premature end of file.
2026-01-19 18:45:10,596 [ERROR] LogOutputStream:75 - [STDERR_REDIRECT] 
2026-01-19 18:45:11,596 [ERROR] LogOutputStream:75 - [STDERR_REDIRECT] [Fatal Error] :1:1: Premature end of file.
2026-01-19 18:45:11,596 [ERROR] LogOutputStream:75 - [STDERR_REDIRECT] 
2026-01-19 18:45:12,605 [ERROR] LogOutputStream:75 - [STDERR_REDIRECT] [Fatal Error] :1:1: Premature end of file.
2026-01-19 18:45:12,605 [ERROR] LogOutputStream:75 - [STDERR_REDIRECT] 
2026-01-19 18:45:13,599 [ERROR] LogOutputStream:75 - [STDERR_REDIRECT] [Fatal Error] :1:1: Premature end of file.
2026-01-19 18:45:13,599 [ERROR] LogOutputStream:75 - [STDERR_REDIRECT] 
2026-01-19 18:45:14,609 [ERROR] LogOutputStream:75 - [STDERR_REDIRECT] [Fatal Error] :1:1: Premature end of file.
2026-01-19 18:45:14,609 [ERROR] LogOutputStream:75 - [STDERR_REDIRECT] 
2026-01-19 18:45:15,595 [ERROR] LogOutputStream:75 - [STDERR_REDIRECT] [Fatal Error] :1:1: Premature end of file.
2026-01-19 18:45:15,595 [ERROR] LogOutputStream:75 - [STDERR_REDIRECT] 
2026-01-19 18:45:16,594 [ERROR] LogOutputStream:75 - [STDERR_REDIRECT] [Fatal Error] :1:1: Premature end of file.
2026-01-19 18:45:16,594 [ERROR] LogOutputStream:75 - [STDERR_REDIRECT] 
2026-01-19 18:45:17,599 [ERROR] LogOutputStream:75 - [STDERR_REDIRECT] [Fatal Error] :1:1: Premature end of file.
2026-01-19 18:45:17,599 [ERROR] LogOutputStream:75 - [STDERR_REDIRECT] 
2026-01-19 18:45:18,604 [ERROR] LogOutputStream:75 - [STDERR_REDIRECT] [Fatal Error] :1:1: Premature end of file.
2026-01-19 18:45:18,604 [ERROR] LogOutputStream:75 - [STDERR_REDIRECT] 
2026-01-19 18:45:19,599 [ERROR] LogOutputStream:75 - [STDERR_REDIRECT] [Fatal Error] :1:1: Premature end of file.
2026-01-19 18:45:19,599 [ERROR] LogOutputStream:75 - [STDERR_REDIRECT] 
2026-01-19 18:45:20,601 [ERROR] LogOutputStream:75 - [STDERR_REDIRECT] [Fatal Error] :1:1: Premature end of file.
2026-01-19 18:45:20,601 [ERROR] LogOutputStream:75 - [STDERR_REDIRECT] 
2026-01-19 18:45:21,616 [ERROR] LogOutputStream:75 - [STDERR_REDIRECT] [Fatal Error] :1:1: Premature end of file.
2026-01-19 18:45:21,617 [ERROR] LogOutputStream:75 - [STDERR_REDIRECT] 
2026-01-19 18:45:22,603 [ERROR] LogOutputStream:75 - [STDERR_REDIRECT] [Fatal Error] :1:1: Premature end of file.
2026-01-19 18:45:22,603 [ERROR] LogOutputStream:75 - [STDERR_REDIRECT] 
2026-01-19 18:45:23,596 [ERROR] LogOutputStream:75 - [STDERR_REDIRECT] [Fatal Error] :1:1: Premature end of file.
2026-01-19 18:45:23,597 [ERROR] LogOutputStream:75 - [STDERR_REDIRECT] 
2026-01-19 18:45:24,599 [ERROR] LogOutputStream:75 - [STDERR_REDIRECT] [Fatal Error] :1:1: Premature end of file.
2026-01-19 18:45:24,601 [ERROR] LogOutputStream:75 - [STDERR_REDIRECT] 
2026-01-19 18:45:25,595 [ERROR] LogOutputStream:75 - [STDERR_REDIRECT] [Fatal Error] :1:1: Premature end of file.
2026-01-19 18:45:25,595 [ERROR] LogOutputStream:75 - [STDERR_REDIRECT] 
2026-01-19 18:45:26,608 [ERROR] LogOutputStream:75 - [STDERR_REDIRECT] [Fatal Error] :1:1: Premature end of file.
2026-01-19 18:45:26,608 [ERROR] LogOutputStream:75 - [STDERR_REDIRECT] 
2026-01-19 18:45:27,604 [ERROR] LogOutputStream:75 - [STDERR_REDIRECT] [Fatal Error] :1:1: Premature end of file.
2026-01-19 18:45:27,604 [ERROR] LogOutputStream:75 - [STDERR_REDIRECT] 
2026-01-19 18:45:28,593 [ERROR] LogOutputStream:75 - [STDERR_REDIRECT] [Fatal Error] :1:1: Premature end of file.
2026-01-19 18:45:28,593 [ERROR] LogOutputStream:75 - [STDERR_REDIRECT] 
2026-01-19 18:45:29,605 [ERROR] LogOutputStream:75 - [STDERR_REDIRECT] [Fatal Error] :1:1: Premature end of file.
2026-01-19 18:45:29,605 [ERROR] LogOutputStream:75 - [STDERR_REDIRECT] 
2026-01-19 18:45:30,606 [ERROR] LogOutputStream:75 - [STDERR_REDIRECT] [Fatal Error] :1:1: Premature end of file.
2026-01-19 18:45:30,606 [ERROR] LogOutputStream:75 - [STDERR_REDIRECT] 
2026-01-19 18:45:31,601 [ERROR] LogOutputStream:75 - [STDERR_REDIRECT] [Fatal Error] :1:1: Premature end of file.
2026-01-19 18:45:31,601 [ERROR] LogOutputStream:75 - [STDERR_REDIRECT] 
2026-01-19 18:45:32,608 [ERROR] LogOutputStream:75 - [STDERR_REDIRECT] [Fatal Error] :1:1: Premature end of file.
2026-01-19 18:45:32,608 [ERROR] LogOutputStream:75 - [STDERR_REDIRECT] 
2026-01-19 18:45:33,609 [ERROR] LogOutputStream:75 - [STDERR_REDIRECT] [Fatal Error] :1:1: Premature end of file.
2026-01-19 18:45:33,609 [ERROR] LogOutputStream:75 - [STDERR_REDIRECT] 
2026-01-19 18:45:34,607 [ERROR] LogOutputStream:75 - [STDERR_REDIRECT] [Fatal Error] :1:1: Premature end of file.
2026-01-19 18:45:34,608 [ERROR] LogOutputStream:75 - [STDERR_REDIRECT] 
2026-01-19 18:45:35,594 [ERROR] LogOutputStream:75 - [STDERR_REDIRECT] [Fatal Error] :1:1: Premature end of file.
2026-01-19 18:45:35,595 [ERROR] LogOutputStream:75 - [STDERR_REDIRECT] 
2026-01-19 18:45:36,606 [ERROR] LogOutputStream:75 - [STDERR_REDIRECT] [Fatal Error] :1:1: Premature end of file.
2026-01-19 18:45:36,606 [ERROR] LogOutputStream:75 - [STDERR_REDIRECT] 
2026-01-19 18:45:37,592 [ERROR] LogOutputStream:75 - [STDERR_REDIRECT] [Fatal Error] :1:1: Premature end of file.
2026-01-19 18:45:37,592 [ERROR] LogOutputStream:75 - [STDERR_REDIRECT] 
2026-01-19 18:45:38,600 [ERROR] LogOutputStream:75 - [STDERR_REDIRECT] [Fatal Error] :1:1: Premature end of file.
2026-01-19 18:45:38,600 [ERROR] LogOutputStream:75 - [STDERR_REDIRECT] 
2026-01-19 18:45:39,613 [ERROR] LogOutputStream:75 - [STDERR_REDIRECT] [Fatal Error] :1:1: Premature end of file.
2026-01-19 18:45:39,614 [ERROR] LogOutputStream:75 - [STDERR_REDIRECT] 
2026-01-19 18:45:40,593 [ERROR] LogOutputStream:75 - [STDERR_REDIRECT] [Fatal Error] :1:1: Premature end of file.
2026-01-19 18:45:40,593 [ERROR] LogOutputStream:75 - [STDERR_REDIRECT] 
2026-01-19 18:45:41,601 [ERROR] LogOutputStream:75 - [STDERR_REDIRECT] [Fatal Error] :1:1: Premature end of file.
2026-01-19 18:45:41,602 [ERROR] LogOutputStream:75 - [STDERR_REDIRECT] 
2026-01-19 18:45:42,597 [ERROR] LogOutputStream:75 - [STDERR_REDIRECT] [Fatal Error] :1:1: Premature end of file.
2026-01-19 18:45:42,597 [ERROR] LogOutputStream:75 - [STDERR_REDIRECT] 
2026-01-19 18:45:43,602 [ERROR] LogOutputStream:75 - [STDERR_REDIRECT] [Fatal Error] :1:1: Premature end of file.
2026-01-19 18:45:43,602 [ERROR] LogOutputStream:75 - [STDERR_REDIRECT] 
2026-01-19 18:45:44,607 [ERROR] LogOutputStream:75 - [STDERR_REDIRECT] [Fatal Error] :1:1: Premature end of file.
2026-01-19 18:45:44,608 [ERROR] LogOutputStream:75 - [STDERR_REDIRECT] 
2026-01-19 18:45:45,589 [ERROR] LogOutputStream:75 - [STDERR_REDIRECT] [Fatal Error] :1:1: Premature end of file.
2026-01-19 18:45:45,589 [ERROR] LogOutputStream:75 - [STDERR_REDIRECT] 
2026-01-19 18:45:46,592 [ERROR] LogOutputStream:75 - [STDERR_REDIRECT] [Fatal Error] :1:1: Premature end of file.
2026-01-19 18:45:46,592 [ERROR] LogOutputStream:75 - [STDERR_REDIRECT] 
2026-01-19 18:45:47,586 [ERROR] LogOutputStream:75 - [STDERR_REDIRECT] [Fatal Error] :1:1: Premature end of file.
2026-01-19 18:45:47,586 [ERROR] LogOutputStream:75 - [STDERR_REDIRECT] 
2026-01-19 18:45:48,586 [ERROR] LogOutputStream:75 - [STDERR_REDIRECT] [Fatal Error] :1:1: Premature end of file.
2026-01-19 18:45:48,586 [ERROR] LogOutputStream:75 - [STDERR_REDIRECT] 
2026-01-19 18:45:49,609 [ERROR] LogOutputStream:75 - [STDERR_REDIRECT] [Fatal Error] :1:1: Premature end of file.
2026-01-19 18:45:49,609 [ERROR] LogOutputStream:75 - [STDERR_REDIRECT] 
2026-01-19 18:45:50,588 [ERROR] LogOutputStream:75 - [STDERR_REDIRECT] [Fatal Error] :1:1: Premature end of file.
2026-01-19 18:45:50,589 [ERROR] LogOutputStream:75 - [STDERR_REDIRECT] 
2026-01-19 18:45:51,592 [ERROR] LogOutputStream:75 - [STDERR_REDIRECT] [Fatal Error] :1:1: Premature end of file.
2026-01-19 18:45:51,592 [ERROR] LogOutputStream:75 - [STDERR_REDIRECT] 
2026-01-19 18:45:52,608 [ERROR] LogOutputStream:75 - [STDERR_REDIRECT] [Fatal Error] :1:1: Premature end of file.
2026-01-19 18:45:52,609 [ERROR] LogOutputStream:75 - [STDERR_REDIRECT] 
2026-01-19 18:45:53,609 [ERROR] LogOutputStream:75 - [STDERR_REDIRECT] [Fatal Error] :1:1: Premature end of file.
2026-01-19 18:45:53,609 [ERROR] LogOutputStream:75 - [STDERR_REDIRECT] 
2026-01-19 18:45:54,604 [ERROR] LogOutputStream:75 - [STDERR_REDIRECT] [Fatal Error] :1:1: Premature end of file.
2026-01-19 18:45:54,604 [ERROR] LogOutputStream:75 - [STDERR_REDIRECT] 
2026-01-19 18:45:55,597 [ERROR] LogOutputStream:75 - [STDERR_REDIRECT] [Fatal Error] :1:1: Premature end of file.
2026-01-19 18:45:55,597 [ERROR] LogOutputStream:75 - [STDERR_REDIRECT] 
2026-01-19 18:45:56,592 [ERROR] LogOutputStream:75 - [STDERR_REDIRECT] [Fatal Error] :1:1: Premature end of file.
2026-01-19 18:45:56,592 [ERROR] LogOutputStream:75 - [STDERR_REDIRECT] 
2026-01-19 18:45:57,601 [ERROR] LogOutputStream:75 - [STDERR_REDIRECT] [Fatal Error] :1:1: Premature end of file.
2026-01-19 18:45:57,601 [ERROR] LogOutputStream:75 - [STDERR_REDIRECT] 
2026-01-19 18:45:58,615 [ERROR] LogOutputStream:75 - [STDERR_REDIRECT] [Fatal Error] :1:1: Premature end of file.
2026-01-19 18:45:58,615 [ERROR] LogOutputStream:75 - [STDERR_REDIRECT] 
2026-01-19 18:45:59,590 [ERROR] LogOutputStream:75 - [STDERR_REDIRECT] [Fatal Error] :1:1: Premature end of file.
2026-01-19 18:45:59,590 [ERROR] LogOutputStream:75 - [STDERR_REDIRECT] 
2026-01-19 18:46:00,590 [ERROR] LogOutputStream:75 - [STDERR_REDIRECT] [Fatal Error] :1:1: Premature end of file.
2026-01-19 18:46:00,590 [ERROR] LogOutputStream:75 - [STDERR_REDIRECT] 
2026-01-19 18:46:01,630 [ERROR] LogOutputStream:75 - [STDERR_REDIRECT] [Fatal Error] :1:1: Premature end of file.
2026-01-19 18:46:01,631 [ERROR] LogOutputStream:75 - [STDERR_REDIRECT] 
2026-01-19 18:46:02,599 [ERROR] LogOutputStream:75 - [STDERR_REDIRECT] [Fatal Error] :1:1: Premature end of file.
2026-01-19 18:46:02,599 [ERROR] LogOutputStream:75 - [STDERR_REDIRECT] 
2026-01-19 18:46:03,587 [ERROR] LogOutputStream:75 - [STDERR_REDIRECT] [Fatal Error] :1:1: Premature end of file.
2026-01-19 18:46:03,587 [ERROR] LogOutputStream:75 - [STDERR_REDIRECT] 
2026-01-19 18:46:04,601 [ERROR] LogOutputStream:75 - [STDERR_REDIRECT] [Fatal Error] :1:1: Premature end of file.
2026-01-19 18:46:04,601 [ERROR] LogOutputStream:75 - [STDERR_REDIRECT] 
2026-01-19 18:46:05,597 [ERROR] LogOutputStream:75 - [STDERR_REDIRECT] [Fatal Error] :1:1: Premature end of file.
2026-01-19 18:46:05,597 [ERROR] LogOutputStream:75 - [STDERR_REDIRECT] 
2026-01-19 18:46:06,605 [ERROR] LogOutputStream:75 - [STDERR_REDIRECT] [Fatal Error] :1:1: Premature end of file.
2026-01-19 18:46:06,605 [ERROR] LogOutputStream:75 - [STDERR_REDIRECT] 
2026-01-19 18:46:07,600 [ERROR] LogOutputStream:75 - [STDERR_REDIRECT] [Fatal Error] :1:1: Premature end of file.
2026-01-19 18:46:07,600 [ERROR] LogOutputStream:75 - [STDERR_REDIRECT] 
2026-01-19 18:46:08,602 [ERROR] LogOutputStream:75 - [STDERR_REDIRECT] [Fatal Error] :1:1: Premature end of file.
2026-01-19 18:46:08,602 [ERROR] LogOutputStream:75 - [STDERR_REDIRECT] 
2026-01-19 18:46:09,603 [ERROR] LogOutputStream:75 - [STDERR_REDIRECT] [Fatal Error] :1:1: Premature end of file.
2026-01-19 18:46:09,603 [ERROR] LogOutputStream:75 - [STDERR_REDIRECT] 
2026-01-19 18:46:10,618 [ERROR] LogOutputStream:75 - [STDERR_REDIRECT] [Fatal Error] :1:1: Premature end of file.
2026-01-19 18:46:10,618 [ERROR] LogOutputStream:75 - [STDERR_REDIRECT] 
2026-01-19 18:46:11,606 [ERROR] LogOutputStream:75 - [STDERR_REDIRECT] [Fatal Error] :1:1: Premature end of file.
2026-01-19 18:46:11,608 [ERROR] LogOutputStream:75 - [STDERR_REDIRECT] 
2026-01-19 18:46:12,595 [ERROR] LogOutputStream:75 - [STDERR_REDIRECT] [Fatal Error] :1:1: Premature end of file.
2026-01-19 18:46:12,595 [ERROR] LogOutputStream:75 - [STDERR_REDIRECT] 
2026-01-19 18:46:13,593 [ERROR] LogOutputStream:75 - [STDERR_REDIRECT] [Fatal Error] :1:1: Premature end of file.
2026-01-19 18:46:13,593 [ERROR] LogOutputStream:75 - [STDERR_REDIRECT] 
2026-01-19 18:46:14,591 [ERROR] LogOutputStream:75 - [STDERR_REDIRECT] [Fatal Error] :1:1: Premature end of file.
2026-01-19 18:46:14,591 [ERROR] LogOutputStream:75 - [STDERR_REDIRECT] 
2026-01-19 18:46:15,589 [ERROR] LogOutputStream:75 - [STDERR_REDIRECT] [Fatal Error] :1:1: Premature end of file.
2026-01-19 18:46:15,589 [ERROR] LogOutputStream:75 - [STDERR_REDIRECT] 
2026-01-19 18:46:16,596 [ERROR] LogOutputStream:75 - [STDERR_REDIRECT] [Fatal Error] :1:1: Premature end of file.
2026-01-19 18:46:16,596 [ERROR] LogOutputStream:75 - [STDERR_REDIRECT] 
2026-01-19 18:46:17,594 [ERROR] LogOutputStream:75 - [STDERR_REDIRECT] [Fatal Error] :1:1: Premature end of file.
2026-01-19 18:46:17,594 [ERROR] LogOutputStream:75 - [STDERR_REDIRECT] 
2026-01-19 18:46:18,590 [ERROR] LogOutputStream:75 - [STDERR_REDIRECT] [Fatal Error] :1:1: Premature end of file.
2026-01-19 18:46:18,590 [ERROR] LogOutputStream:75 - [STDERR_REDIRECT] 
2026-01-19 18:46:19,597 [ERROR] LogOutputStream:75 - [STDERR_REDIRECT] [Fatal Error] :1:1: Premature end of file.
2026-01-19 18:46:19,597 [ERROR] LogOutputStream:75 - [STDERR_REDIRECT] 
2026-01-19 18:46:20,597 [ERROR] LogOutputStream:75 - [STDERR_REDIRECT] [Fatal Error] :1:1: Premature end of file.
2026-01-19 18:46:20,597 [ERROR] LogOutputStream:75 - [STDERR_REDIRECT] 
2026-01-19 18:46:21,589 [ERROR] LogOutputStream:75 - [STDERR_REDIRECT] [Fatal Error] :1:1: Premature end of file.
2026-01-19 18:46:21,589 [ERROR] LogOutputStream:75 - [STDERR_REDIRECT] 
2026-01-19 18:46:22,592 [ERROR] LogOutputStream:75 - [STDERR_REDIRECT] [Fatal Error] :1:1: Premature end of file.
2026-01-19 18:46:22,592 [ERROR] LogOutputStream:75 - [STDERR_REDIRECT] 
2026-01-19 18:46:23,586 [ERROR] LogOutputStream:75 - [STDERR_REDIRECT] [Fatal Error] :1:1: Premature end of file.
2026-01-19 18:46:23,586 [ERROR] LogOutputStream:75 - [STDERR_REDIRECT] 
2026-01-19 18:46:24,597 [ERROR] LogOutputStream:75 - [STDERR_REDIRECT] [Fatal Error] :1:1: Premature end of file.
2026-01-19 18:46:24,597 [ERROR] LogOutputStream:75 - [STDERR_REDIRECT] 
2026-01-19 18:46:25,588 [ERROR] LogOutputStream:75 - [STDERR_REDIRECT] [Fatal Error] :1:1: Premature end of file.
2026-01-19 18:46:25,588 [ERROR] LogOutputStream:75 - [STDERR_REDIRECT] 
2026-01-19 18:46:26,599 [ERROR] LogOutputStream:75 - [STDERR_REDIRECT] [Fatal Error] :1:1: Premature end of file.
2026-01-19 18:46:26,599 [ERROR] LogOutputStream:75 - [STDERR_REDIRECT] 
2026-01-19 18:46:27,594 [ERROR] LogOutputStream:75 - [STDERR_REDIRECT] [Fatal Error] :1:1: Premature end of file.
2026-01-19 18:46:27,595 [ERROR] LogOutputStream:75 - [STDERR_REDIRECT] 
2026-01-19 18:46:28,597 [ERROR] LogOutputStream:75 - [STDERR_REDIRECT] [Fatal Error] :1:1: Premature end of file.
2026-01-19 18:46:28,599 [ERROR] LogOutputStream:75 - [STDERR_REDIRECT] 
2026-01-19 18:46:29,598 [ERROR] LogOutputStream:75 - [STDERR_REDIRECT] [Fatal Error] :1:1: Premature end of file.
2026-01-19 18:46:29,598 [ERROR] LogOutputStream:75 - [STDERR_REDIRECT] 
2026-01-19 18:46:30,588 [ERROR] LogOutputStream:75 - [STDERR_REDIRECT] [Fatal Error] :1:1: Premature end of file.
2026-01-19 18:46:30,588 [ERROR] LogOutputStream:75 - [STDERR_REDIRECT] 
2026-01-19 18:46:31,593 [ERROR] LogOutputStream:75 - [STDERR_REDIRECT] [Fatal Error] :1:1: Premature end of file.
2026-01-19 18:46:31,593 [ERROR] LogOutputStream:75 - [STDERR_REDIRECT] 
2026-01-19 18:46:32,590 [ERROR] LogOutputStream:75 - [STDERR_REDIRECT] [Fatal Error] :1:1: Premature end of file.
2026-01-19 18:46:32,590 [ERROR] LogOutputStream:75 - [STDERR_REDIRECT] 
2026-01-19 18:46:33,589 [ERROR] LogOutputStream:75 - [STDERR_REDIRECT] [Fatal Error] :1:1: Premature end of file.
2026-01-19 18:46:33,589 [ERROR] LogOutputStream:75 - [STDERR_REDIRECT] 
2026-01-19 18:46:34,589 [ERROR] LogOutputStream:75 - [STDERR_REDIRECT] [Fatal Error] :1:1: Premature end of file.
2026-01-19 18:46:34,590 [ERROR] LogOutputStream:75 - [STDERR_REDIRECT] 
2026-01-19 18:46:35,596 [ERROR] LogOutputStream:75 - [STDERR_REDIRECT] [Fatal Error] :1:1: Premature end of file.
2026-01-19 18:46:35,596 [ERROR] LogOutputStream:75 - [STDERR_REDIRECT] 
2026-01-19 18:46:36,600 [ERROR] LogOutputStream:75 - [STDERR_REDIRECT] [Fatal Error] :1:1: Premature end of file.
2026-01-19 18:46:36,600 [ERROR] LogOutputStream:75 - [STDERR_REDIRECT] 
2026-01-19 18:46:37,591 [ERROR] LogOutputStream:75 - [STDERR_REDIRECT] [Fatal Error] :1:1: Premature end of file.
2026-01-19 18:46:37,591 [ERROR] LogOutputStream:75 - [STDERR_REDIRECT] 
2026-01-19 18:46:38,598 [ERROR] LogOutputStream:75 - [STDERR_REDIRECT] [Fatal Error] :1:1: Premature end of file.
2026-01-19 18:46:38,598 [ERROR] LogOutputStream:75 - [STDERR_REDIRECT] 
2026-01-19 18:46:39,603 [ERROR] LogOutputStream:75 - [STDERR_REDIRECT] [Fatal Error] :1:1: Premature end of file.
2026-01-19 18:46:39,603 [ERROR] LogOutputStream:75 - [STDERR_REDIRECT] 
2026-01-19 18:46:40,584 [ERROR] LogOutputStream:75 - [STDERR_REDIRECT] [Fatal Error] :1:1: Premature end of file.
2026-01-19 18:46:40,584 [ERROR] LogOutputStream:75 - [STDERR_REDIRECT] 
2026-01-19 18:46:41,592 [ERROR] LogOutputStream:75 - [STDERR_REDIRECT] [Fatal Error] :1:1: Premature end of file.
2026-01-19 18:46:41,592 [ERROR] LogOutputStream:75 - [STDERR_REDIRECT] 
2026-01-19 18:46:42,585 [ERROR] LogOutputStream:75 - [STDERR_REDIRECT] [Fatal Error] :1:1: Premature end of file.
2026-01-19 18:46:42,586 [ERROR] LogOutputStream:75 - [STDERR_REDIRECT] 
2026-01-19 18:46:43,586 [ERROR] LogOutputStream:75 - [STDERR_REDIRECT] [Fatal Error] :1:1: Premature end of file.
2026-01-19 18:46:43,587 [ERROR] LogOutputStream:75 - [STDERR_REDIRECT] 
2026-01-19 18:46:44,600 [ERROR] LogOutputStream:75 - [STDERR_REDIRECT] [Fatal Error] :1:1: Premature end of file.
2026-01-19 18:46:44,600 [ERROR] LogOutputStream:75 - [STDERR_REDIRECT] 
2026-01-19 18:46:45,603 [ERROR] LogOutputStream:75 - [STDERR_REDIRECT] [Fatal Error] :1:1: Premature end of file.
2026-01-19 18:46:45,603 [ERROR] LogOutputStream:75 - [STDERR_REDIRECT] 
2026-01-19 18:46:46,588 [ERROR] LogOutputStream:75 - [STDERR_REDIRECT] [Fatal Error] :1:1: Premature end of file.
2026-01-19 18:46:46,588 [ERROR] LogOutputStream:75 - [STDERR_REDIRECT] 
2026-01-19 18:46:47,594 [ERROR] LogOutputStream:75 - [STDERR_REDIRECT] [Fatal Error] :1:1: Premature end of file.
2026-01-19 18:46:47,594 [ERROR] LogOutputStream:75 - [STDERR_REDIRECT] 
2026-01-19 18:46:48,596 [ERROR] LogOutputStream:75 - [STDERR_REDIRECT] [Fatal Error] :1:1: Premature end of file.
2026-01-19 18:46:48,596 [ERROR] LogOutputStream:75 - [STDERR_REDIRECT] 
2026-01-19 18:46:49,589 [ERROR] LogOutputStream:75 - [STDERR_REDIRECT] [Fatal Error] :1:1: Premature end of file.
2026-01-19 18:46:49,589 [ERROR] LogOutputStream:75 - [STDERR_REDIRECT] 
2026-01-19 18:46:50,586 [ERROR] LogOutputStream:75 - [STDERR_REDIRECT] [Fatal Error] :1:1: Premature end of file.
2026-01-19 18:46:50,586 [ERROR] LogOutputStream:75 - [STDERR_REDIRECT] 
2026-01-19 18:46:51,587 [ERROR] LogOutputStream:75 - [STDERR_REDIRECT] [Fatal Error] :1:1: Premature end of file.
2026-01-19 18:46:51,587 [ERROR] LogOutputStream:75 - [STDERR_REDIRECT] 
2026-01-19 18:46:52,598 [ERROR] LogOutputStream:75 - [STDERR_REDIRECT] [Fatal Error] :1:1: Premature end of file.
2026-01-19 18:46:52,598 [ERROR] LogOutputStream:75 - [STDERR_REDIRECT] 
2026-01-19 18:46:53,589 [ERROR] LogOutputStream:75 - [STDERR_REDIRECT] [Fatal Error] :1:1: Premature end of file.
2026-01-19 18:46:53,589 [ERROR] LogOutputStream:75 - [STDERR_REDIRECT] 
2026-01-19 18:46:54,585 [ERROR] LogOutputStream:75 - [STDERR_REDIRECT] [Fatal Error] :1:1: Premature end of file.
2026-01-19 18:46:54,585 [ERROR] LogOutputStream:75 - [STDERR_REDIRECT] 
2026-01-19 18:46:55,593 [ERROR] LogOutputStream:75 - [STDERR_REDIRECT] [Fatal Error] :1:1: Premature end of file.
2026-01-19 18:46:55,593 [ERROR] LogOutputStream:75 - [STDERR_REDIRECT] 
2026-01-19 18:46:56,620 [ERROR] LogOutputStream:75 - [STDERR_REDIRECT] [Fatal Error] :1:1: Premature end of file.
2026-01-19 18:46:56,620 [ERROR] LogOutputStream:75 - [STDERR_REDIRECT] 
2026-01-19 18:46:57,587 [ERROR] LogOutputStream:75 - [STDERR_REDIRECT] [Fatal Error] :1:1: Premature end of file.
2026-01-19 18:46:57,589 [ERROR] LogOutputStream:75 - [STDERR_REDIRECT] 
2026-01-19 18:46:58,595 [ERROR] LogOutputStream:75 - [STDERR_REDIRECT] [Fatal Error] :1:1: Premature end of file.
2026-01-19 18:46:58,595 [ERROR] LogOutputStream:75 - [STDERR_REDIRECT] 
2026-01-19 18:46:59,591 [ERROR] LogOutputStream:75 - [STDERR_REDIRECT] [Fatal Error] :1:1: Premature end of file.
2026-01-19 18:46:59,591 [ERROR] LogOutputStream:75 - [STDERR_REDIRECT] 
2026-01-19 18:47:00,583 [ERROR] LogOutputStream:75 - [STDERR_REDIRECT] [Fatal Error] :1:1: Premature end of file.
2026-01-19 18:47:00,583 [ERROR] LogOutputStream:75 - [STDERR_REDIRECT] 
2026-01-19 18:47:01,608 [ERROR] LogOutputStream:75 - [STDERR_REDIRECT] [Fatal Error] :1:1: Premature end of file.
2026-01-19 18:47:01,608 [ERROR] LogOutputStream:75 - [STDERR_REDIRECT] 
2026-01-19 18:47:02,593 [ERROR] LogOutputStream:75 - [STDERR_REDIRECT] [Fatal Error] :1:1: Premature end of file.
2026-01-19 18:47:02,593 [ERROR] LogOutputStream:75 - [STDERR_REDIRECT] 
2026-01-19 18:47:03,603 [ERROR] LogOutputStream:75 - [STDERR_REDIRECT] [Fatal Error] :1:1: Premature end of file.
2026-01-19 18:47:03,603 [ERROR] LogOutputStream:75 - [STDERR_REDIRECT] 
2026-01-19 18:47:04,595 [ERROR] LogOutputStream:75 - [STDERR_REDIRECT] [Fatal Error] :1:1: Premature end of file.
2026-01-19 18:47:04,595 [ERROR] LogOutputStream:75 - [STDERR_REDIRECT] 
2026-01-19 18:47:05,601 [ERROR] LogOutputStream:75 - [STDERR_REDIRECT] [Fatal Error] :1:1: Premature end of file.
2026-01-19 18:47:05,602 [ERROR] LogOutputStream:75 - [STDERR_REDIRECT] 
2026-01-19 18:47:06,589 [ERROR] LogOutputStream:75 - [STDERR_REDIRECT] [Fatal Error] :1:1: Premature end of file.
2026-01-19 18:47:06,589 [ERROR] LogOutputStream:75 - [STDERR_REDIRECT] 
2026-01-19 18:47:07,588 [ERROR] LogOutputStream:75 - [STDERR_REDIRECT] [Fatal Error] :1:1: Premature end of file.
2026-01-19 18:47:07,588 [ERROR] LogOutputStream:75 - [STDERR_REDIRECT] 
2026-01-19 18:47:08,591 [ERROR] LogOutputStream:75 - [STDERR_REDIRECT] [Fatal Error] :1:1: Premature end of file.
2026-01-19 18:47:08,591 [ERROR] LogOutputStream:75 - [STDERR_REDIRECT] 
2026-01-19 18:47:09,597 [ERROR] LogOutputStream:75 - [STDERR_REDIRECT] [Fatal Error] :1:1: Premature end of file.
2026-01-19 18:47:09,597 [ERROR] LogOutputStream:75 - [STDERR_REDIRECT] 
2026-01-19 18:47:10,591 [ERROR] LogOutputStream:75 - [STDERR_REDIRECT] [Fatal Error] :1:1: Premature end of file.
2026-01-19 18:47:10,591 [ERROR] LogOutputStream:75 - [STDERR_REDIRECT] 
2026-01-19 18:47:11,597 [ERROR] LogOutputStream:75 - [STDERR_REDIRECT] [Fatal Error] :1:1: Premature end of file.
2026-01-19 18:47:11,597 [ERROR] LogOutputStream:75 - [STDERR_REDIRECT] 
2026-01-19 18:47:12,587 [ERROR] LogOutputStream:75 - [STDERR_REDIRECT] [Fatal Error] :1:1: Premature end of file.
2026-01-19 18:47:12,588 [ERROR] LogOutputStream:75 - [STDERR_REDIRECT] 
2026-01-19 18:47:13,595 [ERROR] LogOutputStream:75 - [STDERR_REDIRECT] [Fatal Error] :1:1: Premature end of file.
2026-01-19 18:47:13,595 [ERROR] LogOutputStream:75 - [STDERR_REDIRECT] 
2026-01-19 18:47:14,592 [ERROR] LogOutputStream:75 - [STDERR_REDIRECT] [Fatal Error] :1:1: Premature end of file.
2026-01-19 18:47:14,592 [ERROR] LogOutputStream:75 - [STDERR_REDIRECT] 
2026-01-19 18:47:15,588 [ERROR] LogOutputStream:75 - [STDERR_REDIRECT] [Fatal Error] :1:1: Premature end of file.
2026-01-19 18:47:15,588 [ERROR] LogOutputStream:75 - [STDERR_REDIRECT] 
2026-01-19 18:47:16,586 [ERROR] LogOutputStream:75 - [STDERR_REDIRECT] [Fatal Error] :1:1: Premature end of file.
2026-01-19 18:47:16,587 [ERROR] LogOutputStream:75 - [STDERR_REDIRECT] 
2026-01-19 18:47:17,620 [ERROR] LogOutputStream:75 - [STDERR_REDIRECT] [Fatal Error] :1:1: Premature end of file.
2026-01-19 18:47:17,620 [ERROR] LogOutputStream:75 - [STDERR_REDIRECT] 
2026-01-19 18:47:18,604 [ERROR] LogOutputStream:75 - [STDERR_REDIRECT] [Fatal Error] :1:1: Premature end of file.
2026-01-19 18:47:18,604 [ERROR] LogOutputStream:75 - [STDERR_REDIRECT] 
2026-01-19 18:47:19,599 [ERROR] LogOutputStream:75 - [STDERR_REDIRECT] [Fatal Error] :1:1: Premature end of file.
2026-01-19 18:47:19,599 [ERROR] LogOutputStream:75 - [STDERR_REDIRECT] 
2026-01-19 18:47:20,598 [ERROR] LogOutputStream:75 - [STDERR_REDIRECT] [Fatal Error] :1:1: Premature end of file.
2026-01-19 18:47:20,598 [ERROR] LogOutputStream:75 - [STDERR_REDIRECT] 
2026-01-19 18:47:21,583 [ERROR] LogOutputStream:75 - [STDERR_REDIRECT] [Fatal Error] :1:1: Premature end of file.
2026-01-19 18:47:21,583 [ERROR] LogOutputStream:75 - [STDERR_REDIRECT] 
2026-01-19 18:47:22,633 [ERROR] LogOutputStream:75 - [STDERR_REDIRECT] [Fatal Error] :1:1: Premature end of file.
2026-01-19 18:47:22,634 [ERROR] LogOutputStream:75 - [STDERR_REDIRECT] 
2026-01-19 18:47:23,602 [ERROR] LogOutputStream:75 - [STDERR_REDIRECT] [Fatal Error] :1:1: Premature end of file.
2026-01-19 18:47:23,602 [ERROR] LogOutputStream:75 - [STDERR_REDIRECT] 
2026-01-19 18:47:24,596 [ERROR] LogOutputStream:75 - [STDERR_REDIRECT] [Fatal Error] :1:1: Premature end of file.
2026-01-19 18:47:24,597 [ERROR] LogOutputStream:75 - [STDERR_REDIRECT] 
2026-01-19 18:47:25,610 [ERROR] LogOutputStream:75 - [STDERR_REDIRECT] [Fatal Error] :1:1: Premature end of file.
2026-01-19 18:47:25,610 [ERROR] LogOutputStream:75 - [STDERR_REDIRECT] 
2026-01-19 18:47:26,590 [ERROR] LogOutputStream:75 - [STDERR_REDIRECT] [Fatal Error] :1:1: Premature end of file.
2026-01-19 18:47:26,590 [ERROR] LogOutputStream:75 - [STDERR_REDIRECT] 
2026-01-19 18:47:27,597 [ERROR] LogOutputStream:75 - [STDERR_REDIRECT] [Fatal Error] :1:1: Premature end of file.
2026-01-19 18:47:27,597 [ERROR] LogOutputStream:75 - [STDERR_REDIRECT] 
2026-01-19 18:47:28,590 [ERROR] LogOutputStream:75 - [STDERR_REDIRECT] [Fatal Error] :1:1: Premature end of file.
2026-01-19 18:47:28,590 [ERROR] LogOutputStream:75 - [STDERR_REDIRECT] 
2026-01-19 18:47:29,593 [ERROR] LogOutputStream:75 - [STDERR_REDIRECT] [Fatal Error] :1:1: Premature end of file.
2026-01-19 18:47:29,593 [ERROR] LogOutputStream:75 - [STDERR_REDIRECT] 
2026-01-19 18:47:30,593 [ERROR] LogOutputStream:75 - [STDERR_REDIRECT] [Fatal Error] :1:1: Premature end of file.
2026-01-19 18:47:30,593 [ERROR] LogOutputStream:75 - [STDERR_REDIRECT] 
2026-01-19 18:47:31,585 [ERROR] LogOutputStream:75 - [STDERR_REDIRECT] [Fatal Error] :1:1: Premature end of file.
2026-01-19 18:47:31,585 [ERROR] LogOutputStream:75 - [STDERR_REDIRECT] 
2026-01-19 18:47:32,594 [ERROR] LogOutputStream:75 - [STDERR_REDIRECT] [Fatal Error] :1:1: Premature end of file.
2026-01-19 18:47:32,594 [ERROR] LogOutputStream:75 - [STDERR_REDIRECT] 
2026-01-19 18:47:33,591 [ERROR] LogOutputStream:75 - [STDERR_REDIRECT] [Fatal Error] :1:1: Premature end of file.
2026-01-19 18:47:33,592 [ERROR] LogOutputStream:75 - [STDERR_REDIRECT] 
2026-01-19 18:47:34,589 [ERROR] LogOutputStream:75 - [STDERR_REDIRECT] [Fatal Error] :1:1: Premature end of file.
2026-01-19 18:47:34,589 [ERROR] LogOutputStream:75 - [STDERR_REDIRECT] 
2026-01-19 18:47:35,616 [ERROR] LogOutputStream:75 - [STDERR_REDIRECT] [Fatal Error] :1:1: Premature end of file.
2026-01-19 18:47:35,616 [ERROR] LogOutputStream:75 - [STDERR_REDIRECT] 
2026-01-19 18:47:36,597 [ERROR] LogOutputStream:75 - [STDERR_REDIRECT] [Fatal Error] :1:1: Premature end of file.
2026-01-19 18:47:36,597 [ERROR] LogOutputStream:75 - [STDERR_REDIRECT] 
2026-01-19 18:47:37,593 [ERROR] LogOutputStream:75 - [STDERR_REDIRECT] [Fatal Error] :1:1: Premature end of file.
2026-01-19 18:47:37,593 [ERROR] LogOutputStream:75 - [STDERR_REDIRECT] 
2026-01-19 18:47:38,599 [ERROR] LogOutputStream:75 - [STDERR_REDIRECT] [Fatal Error] :1:1: Premature end of file.
2026-01-19 18:47:38,599 [ERROR] LogOutputStream:75 - [STDERR_REDIRECT] 
2026-01-19 18:47:39,610 [ERROR] LogOutputStream:75 - [STDERR_REDIRECT] [Fatal Error] :1:1: Premature end of file.
2026-01-19 18:47:39,611 [ERROR] LogOutputStream:75 - [STDERR_REDIRECT] 
2026-01-19 18:47:40,593 [ERROR] LogOutputStream:75 - [STDERR_REDIRECT] [Fatal Error] :1:1: Premature end of file.
2026-01-19 18:47:40,593 [ERROR] LogOutputStream:75 - [STDERR_REDIRECT] 
2026-01-19 18:47:41,588 [ERROR] LogOutputStream:75 - [STDERR_REDIRECT] [Fatal Error] :1:1: Premature end of file.
2026-01-19 18:47:41,588 [ERROR] LogOutputStream:75 - [STDERR_REDIRECT] 
2026-01-19 18:47:42,593 [ERROR] LogOutputStream:75 - [STDERR_REDIRECT] [Fatal Error] :1:1: Premature end of file.
2026-01-19 18:47:42,593 [ERROR] LogOutputStream:75 - [STDERR_REDIRECT] 
2026-01-19 18:47:43,600 [ERROR] LogOutputStream:75 - [STDERR_REDIRECT] [Fatal Error] :1:1: Premature end of file.
2026-01-19 18:47:43,600 [ERROR] LogOutputStream:75 - [STDERR_REDIRECT] 
2026-01-19 18:47:44,601 [ERROR] LogOutputStream:75 - [STDERR_REDIRECT] [Fatal Error] :1:1: Premature end of file.
2026-01-19 18:47:44,601 [ERROR] LogOutputStream:75 - [STDERR_REDIRECT] 
2026-01-19 18:47:45,614 [ERROR] LogOutputStream:75 - [STDERR_REDIRECT] [Fatal Error] :1:1: Premature end of file.
2026-01-19 18:47:45,614 [ERROR] LogOutputStream:75 - [STDERR_REDIRECT] 
2026-01-19 18:47:46,615 [ERROR] LogOutputStream:75 - [STDERR_REDIRECT] [Fatal Error] :1:1: Premature end of file.
2026-01-19 18:47:46,615 [ERROR] LogOutputStream:75 - [STDERR_REDIRECT] 
2026-01-19 18:47:47,591 [ERROR] LogOutputStream:75 - [STDERR_REDIRECT] [Fatal Error] :1:1: Premature end of file.
2026-01-19 18:47:47,591 [ERROR] LogOutputStream:75 - [STDERR_REDIRECT] 
2026-01-19 18:47:48,596 [ERROR] LogOutputStream:75 - [STDERR_REDIRECT] [Fatal Error] :1:1: Premature end of file.
2026-01-19 18:47:48,596 [ERROR] LogOutputStream:75 - [STDERR_REDIRECT] 
2026-01-19 18:47:49,592 [ERROR] LogOutputStream:75 - [STDERR_REDIRECT] [Fatal Error] :1:1: Premature end of file.
2026-01-19 18:47:49,594 [ERROR] LogOutputStream:75 - [STDERR_REDIRECT] 
2026-01-19 18:47:50,598 [ERROR] LogOutputStream:75 - [STDERR_REDIRECT] [Fatal Error] :1:1: Premature end of file.
2026-01-19 18:47:50,598 [ERROR] LogOutputStream:75 - [STDERR_REDIRECT] 
2026-01-19 18:47:51,602 [ERROR] LogOutputStream:75 - [STDERR_REDIRECT] [Fatal Error] :1:1: Premature end of file.
2026-01-19 18:47:51,602 [ERROR] LogOutputStream:75 - [STDERR_REDIRECT] 
2026-01-19 18:47:52,588 [ERROR] LogOutputStream:75 - [STDERR_REDIRECT] [Fatal Error] :1:1: Premature end of file.
2026-01-19 18:47:52,588 [ERROR] LogOutputStream:75 - [STDERR_REDIRECT] 
2026-01-19 18:47:53,583 [ERROR] LogOutputStream:75 - [STDERR_REDIRECT] [Fatal Error] :1:1: Premature end of file.
2026-01-19 18:47:53,583 [ERROR] LogOutputStream:75 - [STDERR_REDIRECT] 
2026-01-19 18:47:54,611 [ERROR] LogOutputStream:75 - [STDERR_REDIRECT] [Fatal Error] :1:1: Premature end of file.
2026-01-19 18:47:54,611 [ERROR] LogOutputStream:75 - [STDERR_REDIRECT] 
2026-01-19 18:47:55,598 [ERROR] LogOutputStream:75 - [STDERR_REDIRECT] [Fatal Error] :1:1: Premature end of file.
2026-01-19 18:47:55,598 [ERROR] LogOutputStream:75 - [STDERR_REDIRECT] 
2026-01-19 18:47:56,591 [ERROR] LogOutputStream:75 - [STDERR_REDIRECT] [Fatal Error] :1:1: Premature end of file.
2026-01-19 18:47:56,591 [ERROR] LogOutputStream:75 - [STDERR_REDIRECT] 
2026-01-19 18:47:57,586 [ERROR] LogOutputStream:75 - [STDERR_REDIRECT] [Fatal Error] :1:1: Premature end of file.
2026-01-19 18:47:57,586 [ERROR] LogOutputStream:75 - [STDERR_REDIRECT] 
2026-01-19 18:47:58,601 [ERROR] LogOutputStream:75 - [STDERR_REDIRECT] [Fatal Error] :1:1: Premature end of file.
2026-01-19 18:47:58,601 [ERROR] LogOutputStream:75 - [STDERR_REDIRECT] 
2026-01-19 18:47:59,597 [ERROR] LogOutputStream:75 - [STDERR_REDIRECT] [Fatal Error] :1:1: Premature end of file.
2026-01-19 18:47:59,597 [ERROR] LogOutputStream:75 - [STDERR_REDIRECT] 
2026-01-19 18:48:00,591 [ERROR] LogOutputStream:75 - [STDERR_REDIRECT] [Fatal Error] :1:1: Premature end of file.
2026-01-19 18:48:00,591 [ERROR] LogOutputStream:75 - [STDERR_REDIRECT] 
2026-01-19 18:48:01,596 [ERROR] LogOutputStream:75 - [STDERR_REDIRECT] [Fatal Error] :1:1: Premature end of file.
2026-01-19 18:48:01,596 [ERROR] LogOutputStream:75 - [STDERR_REDIRECT] 
2026-01-19 18:48:02,599 [ERROR] LogOutputStream:75 - [STDERR_REDIRECT] [Fatal Error] :1:1: Premature end of file.
2026-01-19 18:48:02,599 [ERROR] LogOutputStream:75 - [STDERR_REDIRECT] 
2026-01-19 18:48:03,585 [ERROR] LogOutputStream:75 - [STDERR_REDIRECT] [Fatal Error] :1:1: Premature end of file.
2026-01-19 18:48:03,585 [ERROR] LogOutputStream:75 - [STDERR_REDIRECT] 
2026-01-19 18:48:04,605 [ERROR] LogOutputStream:75 - [STDERR_REDIRECT] [Fatal Error] :1:1: Premature end of file.
2026-01-19 18:48:04,605 [ERROR] LogOutputStream:75 - [STDERR_REDIRECT] 
2026-01-19 18:48:05,596 [ERROR] LogOutputStream:75 - [STDERR_REDIRECT] [Fatal Error] :1:1: Premature end of file.
2026-01-19 18:48:05,596 [ERROR] LogOutputStream:75 - [STDERR_REDIRECT] 
2026-01-19 18:48:06,590 [ERROR] LogOutputStream:75 - [STDERR_REDIRECT] [Fatal Error] :1:1: Premature end of file.
2026-01-19 18:48:06,590 [ERROR] LogOutputStream:75 - [STDERR_REDIRECT] 
2026-01-19 18:48:07,590 [ERROR] LogOutputStream:75 - [STDERR_REDIRECT] [Fatal Error] :1:1: Premature end of file.
2026-01-19 18:48:07,591 [ERROR] LogOutputStream:75 - [STDERR_REDIRECT] 
2026-01-19 18:48:08,597 [ERROR] LogOutputStream:75 - [STDERR_REDIRECT] [Fatal Error] :1:1: Premature end of file.
2026-01-19 18:48:08,597 [ERROR] LogOutputStream:75 - [STDERR_REDIRECT] 
2026-01-19 18:48:09,595 [ERROR] LogOutputStream:75 - [STDERR_REDIRECT] [Fatal Error] :1:1: Premature end of file.
2026-01-19 18:48:09,595 [ERROR] LogOutputStream:75 - [STDERR_REDIRECT] 
2026-01-19 18:48:10,588 [ERROR] LogOutputStream:75 - [STDERR_REDIRECT] [Fatal Error] :1:1: Premature end of file.
2026-01-19 18:48:10,588 [ERROR] LogOutputStream:75 - [STDERR_REDIRECT] 
2026-01-19 18:48:11,599 [ERROR] LogOutputStream:75 - [STDERR_REDIRECT] [Fatal Error] :1:1: Premature end of file.
2026-01-19 18:48:11,599 [ERROR] LogOutputStream:75 - [STDERR_REDIRECT] 
2026-01-19 18:48:12,594 [ERROR] LogOutputStream:75 - [STDERR_REDIRECT] [Fatal Error] :1:1: Premature end of file.
2026-01-19 18:48:12,594 [ERROR] LogOutputStream:75 - [STDERR_REDIRECT] 
2026-01-19 18:48:13,583 [ERROR] LogOutputStream:75 - [STDERR_REDIRECT] [Fatal Error] :1:1: Premature end of file.
2026-01-19 18:48:13,583 [ERROR] LogOutputStream:75 - [STDERR_REDIRECT] 
2026-01-19 18:48:14,589 [ERROR] LogOutputStream:75 - [STDERR_REDIRECT] [Fatal Error] :1:1: Premature end of file.
2026-01-19 18:48:14,590 [ERROR] LogOutputStream:75 - [STDERR_REDIRECT] 
2026-01-19 18:48:15,597 [ERROR] LogOutputStream:75 - [STDERR_REDIRECT] [Fatal Error] :1:1: Premature end of file.
2026-01-19 18:48:15,597 [ERROR] LogOutputStream:75 - [STDERR_REDIRECT] 
2026-01-19 18:48:16,598 [ERROR] LogOutputStream:75 - [STDERR_REDIRECT] [Fatal Error] :1:1: Premature end of file.
2026-01-19 18:48:16,598 [ERROR] LogOutputStream:75 - [STDERR_REDIRECT] 
2026-01-19 18:48:17,606 [ERROR] LogOutputStream:75 - [STDERR_REDIRECT] [Fatal Error] :1:1: Premature end of file.
2026-01-19 18:48:17,606 [ERROR] LogOutputStream:75 - [STDERR_REDIRECT] 
2026-01-19 18:48:18,600 [ERROR] LogOutputStream:75 - [STDERR_REDIRECT] [Fatal Error] :1:1: Premature end of file.
2026-01-19 18:48:18,601 [ERROR] LogOutputStream:75 - [STDERR_REDIRECT] 
2026-01-19 18:48:19,609 [ERROR] LogOutputStream:75 - [STDERR_REDIRECT] [Fatal Error] :1:1: Premature end of file.
2026-01-19 18:48:19,609 [ERROR] LogOutputStream:75 - [STDERR_REDIRECT] 
2026-01-19 18:48:20,609 [ERROR] LogOutputStream:75 - [STDERR_REDIRECT] [Fatal Error] :1:1: Premature end of file.
2026-01-19 18:48:20,609 [ERROR] LogOutputStream:75 - [STDERR_REDIRECT] 
2026-01-19 18:48:21,612 [ERROR] LogOutputStream:75 - [STDERR_REDIRECT] [Fatal Error] :1:1: Premature end of file.
2026-01-19 18:48:21,612 [ERROR] LogOutputStream:75 - [STDERR_REDIRECT] 
2026-01-19 18:48:22,608 [ERROR] LogOutputStream:75 - [STDERR_REDIRECT] [Fatal Error] :1:1: Premature end of file.
2026-01-19 18:48:22,608 [ERROR] LogOutputStream:75 - [STDERR_REDIRECT] 
2026-01-19 18:48:23,598 [ERROR] LogOutputStream:75 - [STDERR_REDIRECT] [Fatal Error] :1:1: Premature end of file.
2026-01-19 18:48:23,599 [ERROR] LogOutputStream:75 - [STDERR_REDIRECT] 
2026-01-19 18:48:24,606 [ERROR] LogOutputStream:75 - [STDERR_REDIRECT] [Fatal Error] :1:1: Premature end of file.
2026-01-19 18:48:24,606 [ERROR] LogOutputStream:75 - [STDERR_REDIRECT] 
2026-01-19 18:48:25,613 [ERROR] LogOutputStream:75 - [STDERR_REDIRECT] [Fatal Error] :1:1: Premature end of file.
2026-01-19 18:48:25,615 [ERROR] LogOutputStream:75 - [STDERR_REDIRECT] 
2026-01-19 18:48:26,609 [ERROR] LogOutputStream:75 - [STDERR_REDIRECT] [Fatal Error] :1:1: Premature end of file.
2026-01-19 18:48:26,609 [ERROR] LogOutputStream:75 - [STDERR_REDIRECT] 
2026-01-19 18:48:27,605 [ERROR] LogOutputStream:75 - [STDERR_REDIRECT] [Fatal Error] :1:1: Premature end of file.
2026-01-19 18:48:27,605 [ERROR] LogOutputStream:75 - [STDERR_REDIRECT] 
2026-01-19 18:48:28,603 [ERROR] LogOutputStream:75 - [STDERR_REDIRECT] [Fatal Error] :1:1: Premature end of file.
2026-01-19 18:48:28,603 [ERROR] LogOutputStream:75 - [STDERR_REDIRECT] 
2026-01-19 18:48:29,602 [ERROR] LogOutputStream:75 - [STDERR_REDIRECT] [Fatal Error] :1:1: Premature end of file.
2026-01-19 18:48:29,602 [ERROR] LogOutputStream:75 - [STDERR_REDIRECT] 
2026-01-19 18:48:30,596 [ERROR] LogOutputStream:75 - [STDERR_REDIRECT] [Fatal Error] :1:1: Premature end of file.
2026-01-19 18:48:30,597 [ERROR] LogOutputStream:75 - [STDERR_REDIRECT] 
2026-01-19 18:48:31,606 [ERROR] LogOutputStream:75 - [STDERR_REDIRECT] [Fatal Error] :1:1: Premature end of file.
2026-01-19 18:48:31,607 [ERROR] LogOutputStream:75 - [STDERR_REDIRECT] 
2026-01-19 18:48:32,595 [ERROR] LogOutputStream:75 - [STDERR_REDIRECT] [Fatal Error] :1:1: Premature end of file.
2026-01-19 18:48:32,595 [ERROR] LogOutputStream:75 - [STDERR_REDIRECT] 
2026-01-19 18:48:33,604 [ERROR] LogOutputStream:75 - [STDERR_REDIRECT] [Fatal Error] :1:1: Premature end of file.
2026-01-19 18:48:33,606 [ERROR] LogOutputStream:75 - [STDERR_REDIRECT] 
2026-01-19 18:48:34,608 [ERROR] LogOutputStream:75 - [STDERR_REDIRECT] [Fatal Error] :1:1: Premature end of file.
2026-01-19 18:48:34,608 [ERROR] LogOutputStream:75 - [STDERR_REDIRECT] 
2026-01-19 18:48:35,597 [ERROR] LogOutputStream:75 - [STDERR_REDIRECT] [Fatal Error] :1:1: Premature end of file.
2026-01-19 18:48:35,597 [ERROR] LogOutputStream:75 - [STDERR_REDIRECT] 
2026-01-19 18:48:36,599 [ERROR] LogOutputStream:75 - [STDERR_REDIRECT] [Fatal Error] :1:1: Premature end of file.
2026-01-19 18:48:36,600 [ERROR] LogOutputStream:75 - [STDERR_REDIRECT] 
2026-01-19 18:48:37,599 [ERROR] LogOutputStream:75 - [STDERR_REDIRECT] [Fatal Error] :1:1: Premature end of file.
2026-01-19 18:48:37,600 [ERROR] LogOutputStream:75 - [STDERR_REDIRECT] 
2026-01-19 18:48:38,589 [ERROR] LogOutputStream:75 - [STDERR_REDIRECT] [Fatal Error] :1:1: Premature end of file.
2026-01-19 18:48:38,589 [ERROR] LogOutputStream:75 - [STDERR_REDIRECT] 
2026-01-19 18:48:39,601 [ERROR] LogOutputStream:75 - [STDERR_REDIRECT] [Fatal Error] :1:1: Premature end of file.
2026-01-19 18:48:39,602 [ERROR] LogOutputStream:75 - [STDERR_REDIRECT] 
2026-01-19 18:48:40,605 [ERROR] LogOutputStream:75 - [STDERR_REDIRECT] [Fatal Error] :1:1: Premature end of file.
2026-01-19 18:48:40,605 [ERROR] LogOutputStream:75 - [STDERR_REDIRECT] 
2026-01-19 18:48:41,622 [ERROR] LogOutputStream:75 - [STDERR_REDIRECT] [Fatal Error] :1:1: Premature end of file.
2026-01-19 18:48:41,622 [ERROR] LogOutputStream:75 - [STDERR_REDIRECT] 
2026-01-19 18:48:42,613 [ERROR] LogOutputStream:75 - [STDERR_REDIRECT] [Fatal Error] :1:1: Premature end of file.
2026-01-19 18:48:42,613 [ERROR] LogOutputStream:75 - [STDERR_REDIRECT] 
2026-01-19 18:48:43,599 [ERROR] LogOutputStream:75 - [STDERR_REDIRECT] [Fatal Error] :1:1: Premature end of file.
2026-01-19 18:48:43,600 [ERROR] LogOutputStream:75 - [STDERR_REDIRECT] 
2026-01-19 18:48:44,596 [ERROR] LogOutputStream:75 - [STDERR_REDIRECT] [Fatal Error] :1:1: Premature end of file.
2026-01-19 18:48:44,596 [ERROR] LogOutputStream:75 - [STDERR_REDIRECT] 
2026-01-19 18:48:45,585 [ERROR] LogOutputStream:75 - [STDERR_REDIRECT] [Fatal Error] :1:1: Premature end of file.
2026-01-19 18:48:45,585 [ERROR] LogOutputStream:75 - [STDERR_REDIRECT] 
2026-01-19 18:48:46,600 [ERROR] LogOutputStream:75 - [STDERR_REDIRECT] [Fatal Error] :1:1: Premature end of file.
2026-01-19 18:48:46,600 [ERROR] LogOutputStream:75 - [STDERR_REDIRECT] 
2026-01-19 18:48:47,591 [ERROR] LogOutputStream:75 - [STDERR_REDIRECT] [Fatal Error] :1:1: Premature end of file.
2026-01-19 18:48:47,591 [ERROR] LogOutputStream:75 - [STDERR_REDIRECT] 
2026-01-19 18:48:48,593 [ERROR] LogOutputStream:75 - [STDERR_REDIRECT] [Fatal Error] :1:1: Premature end of file.
2026-01-19 18:48:48,593 [ERROR] LogOutputStream:75 - [STDERR_REDIRECT] 
2026-01-19 18:48:49,601 [ERROR] LogOutputStream:75 - [STDERR_REDIRECT] [Fatal Error] :1:1: Premature end of file.
2026-01-19 18:48:49,601 [ERROR] LogOutputStream:75 - [STDERR_REDIRECT] 
2026-01-19 18:48:50,609 [ERROR] LogOutputStream:75 - [STDERR_REDIRECT] [Fatal Error] :1:1: Premature end of file.
2026-01-19 18:48:50,609 [ERROR] LogOutputStream:75 - [STDERR_REDIRECT] 
2026-01-19 18:48:51,595 [ERROR] LogOutputStream:75 - [STDERR_REDIRECT] [Fatal Error] :1:1: Premature end of file.
2026-01-19 18:48:51,596 [ERROR] LogOutputStream:75 - [STDERR_REDIRECT] 
2026-01-19 18:48:52,593 [ERROR] LogOutputStream:75 - [STDERR_REDIRECT] [Fatal Error] :1:1: Premature end of file.
2026-01-19 18:48:52,593 [ERROR] LogOutputStream:75 - [STDERR_REDIRECT] 
2026-01-19 18:48:53,594 [ERROR] LogOutputStream:75 - [STDERR_REDIRECT] [Fatal Error] :1:1: Premature end of file.
2026-01-19 18:48:53,594 [ERROR] LogOutputStream:75 - [STDERR_REDIRECT] 
2026-01-19 18:48:54,607 [ERROR] LogOutputStream:75 - [STDERR_REDIRECT] [Fatal Error] :1:1: Premature end of file.
2026-01-19 18:48:54,607 [ERROR] LogOutputStream:75 - [STDERR_REDIRECT] 
2026-01-19 18:48:55,594 [ERROR] LogOutputStream:75 - [STDERR_REDIRECT] [Fatal Error] :1:1: Premature end of file.
2026-01-19 18:48:55,594 [ERROR] LogOutputStream:75 - [STDERR_REDIRECT] 
2026-01-19 18:48:56,600 [ERROR] LogOutputStream:75 - [STDERR_REDIRECT] [Fatal Error] :1:1: Premature end of file.
2026-01-19 18:48:56,600 [ERROR] LogOutputStream:75 - [STDERR_REDIRECT] 
2026-01-19 18:48:57,601 [ERROR] LogOutputStream:75 - [STDERR_REDIRECT] [Fatal Error] :1:1: Premature end of file.
2026-01-19 18:48:57,602 [ERROR] LogOutputStream:75 - [STDERR_REDIRECT] 
2026-01-19 18:48:58,593 [ERROR] LogOutputStream:75 - [STDERR_REDIRECT] [Fatal Error] :1:1: Premature end of file.
2026-01-19 18:48:58,593 [ERROR] LogOutputStream:75 - [STDERR_REDIRECT] 
2026-01-19 18:48:59,611 [ERROR] LogOutputStream:75 - [STDERR_REDIRECT] [Fatal Error] :1:1: Premature end of file.
2026-01-19 18:48:59,612 [ERROR] LogOutputStream:75 - [STDERR_REDIRECT] 
2026-01-19 18:49:00,589 [ERROR] LogOutputStream:75 - [STDERR_REDIRECT] [Fatal Error] :1:1: Premature end of file.
2026-01-19 18:49:00,589 [ERROR] LogOutputStream:75 - [STDERR_REDIRECT] 
2026-01-19 18:49:01,589 [ERROR] LogOutputStream:75 - [STDERR_REDIRECT] [Fatal Error] :1:1: Premature end of file.
2026-01-19 18:49:01,589 [ERROR] LogOutputStream:75 - [STDERR_REDIRECT] 
2026-01-19 18:49:02,580 [ERROR] LogOutputStream:75 - [STDERR_REDIRECT] [Fatal Error] :1:1: Premature end of file.
2026-01-19 18:49:02,580 [ERROR] LogOutputStream:75 - [STDERR_REDIRECT] 
2026-01-19 18:49:03,586 [ERROR] LogOutputStream:75 - [STDERR_REDIRECT] [Fatal Error] :1:1: Premature end of file.
2026-01-19 18:49:03,587 [ERROR] LogOutputStream:75 - [STDERR_REDIRECT] 
2026-01-19 18:49:04,596 [ERROR] LogOutputStream:75 - [STDERR_REDIRECT] [Fatal Error] :1:1: Premature end of file.
2026-01-19 18:49:04,596 [ERROR] LogOutputStream:75 - [STDERR_REDIRECT] 
2026-01-19 18:49:05,588 [ERROR] LogOutputStream:75 - [STDERR_REDIRECT] [Fatal Error] :1:1: Premature end of file.
2026-01-19 18:49:05,588 [ERROR] LogOutputStream:75 - [STDERR_REDIRECT] 
2026-01-19 18:49:06,593 [ERROR] LogOutputStream:75 - [STDERR_REDIRECT] [Fatal Error] :1:1: Premature end of file.
2026-01-19 18:49:06,593 [ERROR] LogOutputStream:75 - [STDERR_REDIRECT] 
2026-01-19 18:49:07,602 [ERROR] LogOutputStream:75 - [STDERR_REDIRECT] [Fatal Error] :1:1: Premature end of file.
2026-01-19 18:49:07,602 [ERROR] LogOutputStream:75 - [STDERR_REDIRECT] 
2026-01-19 18:49:08,594 [ERROR] LogOutputStream:75 - [STDERR_REDIRECT] [Fatal Error] :1:1: Premature end of file.
2026-01-19 18:49:08,594 [ERROR] LogOutputStream:75 - [STDERR_REDIRECT] 
2026-01-19 18:49:09,591 [ERROR] LogOutputStream:75 - [STDERR_REDIRECT] [Fatal Error] :1:1: Premature end of file.
2026-01-19 18:49:09,591 [ERROR] LogOutputStream:75 - [STDERR_REDIRECT] 
2026-01-19 18:49:10,602 [ERROR] LogOutputStream:75 - [STDERR_REDIRECT] [Fatal Error] :1:1: Premature end of file.
2026-01-19 18:49:10,602 [ERROR] LogOutputStream:75 - [STDERR_REDIRECT] 
2026-01-19 18:49:11,607 [ERROR] LogOutputStream:75 - [STDERR_REDIRECT] [Fatal Error] :1:1: Premature end of file.
2026-01-19 18:49:11,609 [ERROR] LogOutputStream:75 - [STDERR_REDIRECT] 
2026-01-19 18:49:12,594 [ERROR] LogOutputStream:75 - [STDERR_REDIRECT] [Fatal Error] :1:1: Premature end of file.
2026-01-19 18:49:12,594 [ERROR] LogOutputStream:75 - [STDERR_REDIRECT] 
2026-01-19 18:49:13,590 [ERROR] LogOutputStream:75 - [STDERR_REDIRECT] [Fatal Error] :1:1: Premature end of file.
2026-01-19 18:49:13,590 [ERROR] LogOutputStream:75 - [STDERR_REDIRECT] 
2026-01-19 18:49:14,578 [ERROR] LogOutputStream:75 - [STDERR_REDIRECT] [Fatal Error] :1:1: Premature end of file.
2026-01-19 18:49:14,579 [ERROR] LogOutputStream:75 - [STDERR_REDIRECT] 
2026-01-19 18:49:15,579 [ERROR] LogOutputStream:75 - [STDERR_REDIRECT] [Fatal Error] :1:1: Premature end of file.
2026-01-19 18:49:15,579 [ERROR] LogOutputStream:75 - [STDERR_REDIRECT] 
2026-01-19 18:49:16,590 [ERROR] LogOutputStream:75 - [STDERR_REDIRECT] [Fatal Error] :1:1: Premature end of file.
2026-01-19 18:49:16,590 [ERROR] LogOutputStream:75 - [STDERR_REDIRECT] 
2026-01-19 18:49:17,587 [ERROR] LogOutputStream:75 - [STDERR_REDIRECT] [Fatal Error] :1:1: Premature end of file.
2026-01-19 18:49:17,587 [ERROR] LogOutputStream:75 - [STDERR_REDIRECT] 
2026-01-19 18:49:18,593 [ERROR] LogOutputStream:75 - [STDERR_REDIRECT] [Fatal Error] :1:1: Premature end of file.
2026-01-19 18:49:18,593 [ERROR] LogOutputStream:75 - [STDERR_REDIRECT] 
2026-01-19 18:49:19,593 [ERROR] LogOutputStream:75 - [STDERR_REDIRECT] [Fatal Error] :1:1: Premature end of file.
2026-01-19 18:49:19,593 [ERROR] LogOutputStream:75 - [STDERR_REDIRECT] 
2026-01-19 18:49:20,609 [ERROR] LogOutputStream:75 - [STDERR_REDIRECT] [Fatal Error] :1:1: Premature end of file.
2026-01-19 18:49:20,609 [ERROR] LogOutputStream:75 - [STDERR_REDIRECT] 
2026-01-19 18:49:21,580 [ERROR] LogOutputStream:75 - [STDERR_REDIRECT] [Fatal Error] :1:1: Premature end of file.
2026-01-19 18:49:21,581 [ERROR] LogOutputStream:75 - [STDERR_REDIRECT] 
2026-01-19 18:49:22,607 [ERROR] LogOutputStream:75 - [STDERR_REDIRECT] [Fatal Error] :1:1: Premature end of file.
2026-01-19 18:49:22,607 [ERROR] LogOutputStream:75 - [STDERR_REDIRECT] 
2026-01-19 18:49:23,624 [ERROR] LogOutputStream:75 - [STDERR_REDIRECT] [Fatal Error] :1:1: Premature end of file.
2026-01-19 18:49:23,625 [ERROR] LogOutputStream:75 - [STDERR_REDIRECT] 
2026-01-19 18:49:24,609 [ERROR] LogOutputStream:75 - [STDERR_REDIRECT] [Fatal Error] :1:1: Premature end of file.
2026-01-19 18:49:24,609 [ERROR] LogOutputStream:75 - [STDERR_REDIRECT] 
2026-01-19 18:49:25,600 [ERROR] LogOutputStream:75 - [STDERR_REDIRECT] [Fatal Error] :1:1: Premature end of file.
2026-01-19 18:49:25,600 [ERROR] LogOutputStream:75 - [STDERR_REDIRECT] 
2026-01-19 18:49:26,627 [ERROR] LogOutputStream:75 - [STDERR_REDIRECT] [Fatal Error] :1:1: Premature end of file.
2026-01-19 18:49:26,627 [ERROR] LogOutputStream:75 - [STDERR_REDIRECT] 
2026-01-19 18:49:27,602 [ERROR] LogOutputStream:75 - [STDERR_REDIRECT] [Fatal Error] :1:1: Premature end of file.
2026-01-19 18:49:27,602 [ERROR] LogOutputStream:75 - [STDERR_REDIRECT] 
2026-01-19 18:49:28,604 [ERROR] LogOutputStream:75 - [STDERR_REDIRECT] [Fatal Error] :1:1: Premature end of file.
2026-01-19 18:49:28,605 [ERROR] LogOutputStream:75 - [STDERR_REDIRECT] 
2026-01-19 18:49:29,619 [ERROR] LogOutputStream:75 - [STDERR_REDIRECT] [Fatal Error] :1:1: Premature end of file.
2026-01-19 18:49:29,619 [ERROR] LogOutputStream:75 - [STDERR_REDIRECT] 
2026-01-19 18:49:30,580 [ERROR] LogOutputStream:75 - [STDERR_REDIRECT] [Fatal Error] :1:1: Premature end of file.
2026-01-19 18:49:30,580 [ERROR] LogOutputStream:75 - [STDERR_REDIRECT] 
2026-01-19 18:49:31,560 [ERROR] LogOutputStream:75 - [STDERR_REDIRECT] [Fatal Error] :1:1: Premature end of file.
2026-01-19 18:49:31,560 [ERROR] LogOutputStream:75 - [STDERR_REDIRECT] 
2026-01-19 18:49:32,562 [ERROR] LogOutputStream:75 - [STDERR_REDIRECT] [Fatal Error] :1:1: Premature end of file.
2026-01-19 18:49:32,562 [ERROR] LogOutputStream:75 - [STDERR_REDIRECT] 
2026-01-19 18:49:33,564 [ERROR] LogOutputStream:75 - [STDERR_REDIRECT] [Fatal Error] :1:1: Premature end of file.
2026-01-19 18:49:33,565 [ERROR] LogOutputStream:75 - [STDERR_REDIRECT] 
2026-01-19 18:49:34,560 [ERROR] LogOutputStream:75 - [STDERR_REDIRECT] [Fatal Error] :1:1: Premature end of file.
2026-01-19 18:49:34,560 [ERROR] LogOutputStream:75 - [STDERR_REDIRECT] 
2026-01-19 18:49:35,569 [ERROR] LogOutputStream:75 - [STDERR_REDIRECT] [Fatal Error] :1:1: Premature end of file.
2026-01-19 18:49:35,569 [ERROR] LogOutputStream:75 - [STDERR_REDIRECT] 
2026-01-19 18:49:36,586 [ERROR] LogOutputStream:75 - [STDERR_REDIRECT] [Fatal Error] :1:1: Premature end of file.
2026-01-19 18:49:36,587 [ERROR] LogOutputStream:75 - [STDERR_REDIRECT] 
2026-01-19 18:49:37,558 [ERROR] LogOutputStream:75 - [STDERR_REDIRECT] [Fatal Error] :1:1: Premature end of file.
2026-01-19 18:49:37,558 [ERROR] LogOutputStream:75 - [STDERR_REDIRECT] 
