!SESSION 2026-01-16 20:48:04.844 -----------------------------------------------
eclipse.buildId=Version 1.19.0
java.version=21.0.3
java.vendor=Eclipse Adoptium
BootLoader constants: OS=win32, ARCH=x86_64, WS=win32, NL=en_IN
Command-line arguments:  -os win32 -ws win32 -arch x86_64

This is a continuation of log file C:\Users\megha\Desktop\STM32_programs\.metadata\.bak_3.log
Created Time: 2026-01-16 22:33:11.739

!ENTRY com.st.stm32cube.ide.mpu.remote.serial 4 0 2026-01-16 22:33:11.740
!MESSAGE Failed to parse wmic output
!STACK 0
org.xml.sax.SAXParseException; lineNumber: 1; columnNumber: 1; Premature end of file.
	at java.xml/com.sun.org.apache.xerces.internal.parsers.DOMParser.parse(DOMParser.java:262)
	at java.xml/com.sun.org.apache.xerces.internal.jaxp.DocumentBuilderImpl.parse(DocumentBuilderImpl.java:342)
	at com.st.stm32cube.ide.mpu.remote.serial.internal.SerialPortProviderWindows.run(SerialPortProviderWindows.java:127)
	at java.base/java.util.TimerThread.mainLoop(Timer.java:566)
	at java.base/java.util.TimerThread.run(Timer.java:516)

!ENTRY com.st.stm32cube.ide.mpu.remote.serial 4 0 2026-01-16 22:33:12.729
!MESSAGE Failed to parse wmic output
!STACK 0
org.xml.sax.SAXParseException; lineNumber: 1; columnNumber: 1; Premature end of file.
	at java.xml/com.sun.org.apache.xerces.internal.parsers.DOMParser.parse(DOMParser.java:262)
	at java.xml/com.sun.org.apache.xerces.internal.jaxp.DocumentBuilderImpl.parse(DocumentBuilderImpl.java:342)
	at com.st.stm32cube.ide.mpu.remote.serial.internal.SerialPortProviderWindows.run(SerialPortProviderWindows.java:127)
	at java.base/java.util.TimerThread.mainLoop(Timer.java:566)
	at java.base/java.util.TimerThread.run(Timer.java:516)

!ENTRY com.st.stm32cube.ide.mpu.remote.serial 4 0 2026-01-16 22:33:13.743
!MESSAGE Failed to parse wmic output
!STACK 0
org.xml.sax.SAXParseException; lineNumber: 1; columnNumber: 1; Premature end of file.
	at java.xml/com.sun.org.apache.xerces.internal.parsers.DOMParser.parse(DOMParser.java:262)
	at java.xml/com.sun.org.apache.xerces.internal.jaxp.DocumentBuilderImpl.parse(DocumentBuilderImpl.java:342)
	at com.st.stm32cube.ide.mpu.remote.serial.internal.SerialPortProviderWindows.run(SerialPortProviderWindows.java:127)
	at java.base/java.util.TimerThread.mainLoop(Timer.java:566)
	at java.base/java.util.TimerThread.run(Timer.java:516)

!ENTRY com.st.stm32cube.ide.mpu.remote.serial 4 0 2026-01-16 22:33:14.725
!MESSAGE Failed to parse wmic output
!STACK 0
org.xml.sax.SAXParseException; lineNumber: 1; columnNumber: 1; Premature end of file.
	at java.xml/com.sun.org.apache.xerces.internal.parsers.DOMParser.parse(DOMParser.java:262)
	at java.xml/com.sun.org.apache.xerces.internal.jaxp.DocumentBuilderImpl.parse(DocumentBuilderImpl.java:342)
	at com.st.stm32cube.ide.mpu.remote.serial.internal.SerialPortProviderWindows.run(SerialPortProviderWindows.java:127)
	at java.base/java.util.TimerThread.mainLoop(Timer.java:566)
	at java.base/java.util.TimerThread.run(Timer.java:516)

!ENTRY com.st.stm32cube.ide.mpu.remote.serial 4 0 2026-01-16 22:33:15.721
!MESSAGE Failed to parse wmic output
!STACK 0
org.xml.sax.SAXParseException; lineNumber: 1; columnNumber: 1; Premature end of file.
	at java.xml/com.sun.org.apache.xerces.internal.parsers.DOMParser.parse(DOMParser.java:262)
	at java.xml/com.sun.org.apache.xerces.internal.jaxp.DocumentBuilderImpl.parse(DocumentBuilderImpl.java:342)
	at com.st.stm32cube.ide.mpu.remote.serial.internal.SerialPortProviderWindows.run(SerialPortProviderWindows.java:127)
	at java.base/java.util.TimerThread.mainLoop(Timer.java:566)
	at java.base/java.util.TimerThread.run(Timer.java:516)

!ENTRY com.st.stm32cube.ide.mpu.remote.serial 4 0 2026-01-16 22:33:16.738
!MESSAGE Failed to parse wmic output
!STACK 0
org.xml.sax.SAXParseException; lineNumber: 1; columnNumber: 1; Premature end of file.
	at java.xml/com.sun.org.apache.xerces.internal.parsers.DOMParser.parse(DOMParser.java:262)
	at java.xml/com.sun.org.apache.xerces.internal.jaxp.DocumentBuilderImpl.parse(DocumentBuilderImpl.java:342)
	at com.st.stm32cube.ide.mpu.remote.serial.internal.SerialPortProviderWindows.run(SerialPortProviderWindows.java:127)
	at java.base/java.util.TimerThread.mainLoop(Timer.java:566)
	at java.base/java.util.TimerThread.run(Timer.java:516)

!ENTRY com.st.stm32cube.ide.mpu.remote.serial 4 0 2026-01-16 22:33:17.731
!MESSAGE Failed to parse wmic output
!STACK 0
org.xml.sax.SAXParseException; lineNumber: 1; columnNumber: 1; Premature end of file.
	at java.xml/com.sun.org.apache.xerces.internal.parsers.DOMParser.parse(DOMParser.java:262)
	at java.xml/com.sun.org.apache.xerces.internal.jaxp.DocumentBuilderImpl.parse(DocumentBuilderImpl.java:342)
	at com.st.stm32cube.ide.mpu.remote.serial.internal.SerialPortProviderWindows.run(SerialPortProviderWindows.java:127)
	at java.base/java.util.TimerThread.mainLoop(Timer.java:566)
	at java.base/java.util.TimerThread.run(Timer.java:516)

!ENTRY com.st.stm32cube.ide.mpu.remote.serial 4 0 2026-01-16 22:33:18.745
!MESSAGE Failed to parse wmic output
!STACK 0
org.xml.sax.SAXParseException; lineNumber: 1; columnNumber: 1; Premature end of file.
	at java.xml/com.sun.org.apache.xerces.internal.parsers.DOMParser.parse(DOMParser.java:262)
	at java.xml/com.sun.org.apache.xerces.internal.jaxp.DocumentBuilderImpl.parse(DocumentBuilderImpl.java:342)
	at com.st.stm32cube.ide.mpu.remote.serial.internal.SerialPortProviderWindows.run(SerialPortProviderWindows.java:127)
	at java.base/java.util.TimerThread.mainLoop(Timer.java:566)
	at java.base/java.util.TimerThread.run(Timer.java:516)

!ENTRY com.st.stm32cube.ide.mpu.remote.serial 4 0 2026-01-16 22:33:19.746
!MESSAGE Failed to parse wmic output
!STACK 0
org.xml.sax.SAXParseException; lineNumber: 1; columnNumber: 1; Premature end of file.
	at java.xml/com.sun.org.apache.xerces.internal.parsers.DOMParser.parse(DOMParser.java:262)
	at java.xml/com.sun.org.apache.xerces.internal.jaxp.DocumentBuilderImpl.parse(DocumentBuilderImpl.java:342)
	at com.st.stm32cube.ide.mpu.remote.serial.internal.SerialPortProviderWindows.run(SerialPortProviderWindows.java:127)
	at java.base/java.util.TimerThread.mainLoop(Timer.java:566)
	at java.base/java.util.TimerThread.run(Timer.java:516)

!ENTRY com.st.stm32cube.ide.mpu.remote.serial 4 0 2026-01-16 22:33:20.729
!MESSAGE Failed to parse wmic output
!STACK 0
org.xml.sax.SAXParseException; lineNumber: 1; columnNumber: 1; Premature end of file.
	at java.xml/com.sun.org.apache.xerces.internal.parsers.DOMParser.parse(DOMParser.java:262)
	at java.xml/com.sun.org.apache.xerces.internal.jaxp.DocumentBuilderImpl.parse(DocumentBuilderImpl.java:342)
	at com.st.stm32cube.ide.mpu.remote.serial.internal.SerialPortProviderWindows.run(SerialPortProviderWindows.java:127)
	at java.base/java.util.TimerThread.mainLoop(Timer.java:566)
	at java.base/java.util.TimerThread.run(Timer.java:516)

!ENTRY com.st.stm32cube.ide.mpu.remote.serial 4 0 2026-01-16 22:33:21.732
!MESSAGE Failed to parse wmic output
!STACK 0
org.xml.sax.SAXParseException; lineNumber: 1; columnNumber: 1; Premature end of file.
	at java.xml/com.sun.org.apache.xerces.internal.parsers.DOMParser.parse(DOMParser.java:262)
	at java.xml/com.sun.org.apache.xerces.internal.jaxp.DocumentBuilderImpl.parse(DocumentBuilderImpl.java:342)
	at com.st.stm32cube.ide.mpu.remote.serial.internal.SerialPortProviderWindows.run(SerialPortProviderWindows.java:127)
	at java.base/java.util.TimerThread.mainLoop(Timer.java:566)
	at java.base/java.util.TimerThread.run(Timer.java:516)

!ENTRY com.st.stm32cube.ide.mpu.remote.serial 4 0 2026-01-16 22:33:22.720
!MESSAGE Failed to parse wmic output
!STACK 0
org.xml.sax.SAXParseException; lineNumber: 1; columnNumber: 1; Premature end of file.
	at java.xml/com.sun.org.apache.xerces.internal.parsers.DOMParser.parse(DOMParser.java:262)
	at java.xml/com.sun.org.apache.xerces.internal.jaxp.DocumentBuilderImpl.parse(DocumentBuilderImpl.java:342)
	at com.st.stm32cube.ide.mpu.remote.serial.internal.SerialPortProviderWindows.run(SerialPortProviderWindows.java:127)
	at java.base/java.util.TimerThread.mainLoop(Timer.java:566)
	at java.base/java.util.TimerThread.run(Timer.java:516)

!ENTRY com.st.stm32cube.ide.mpu.remote.serial 4 0 2026-01-16 22:33:23.713
!MESSAGE Failed to parse wmic output
!STACK 0
org.xml.sax.SAXParseException; lineNumber: 1; columnNumber: 1; Premature end of file.
	at java.xml/com.sun.org.apache.xerces.internal.parsers.DOMParser.parse(DOMParser.java:262)
	at java.xml/com.sun.org.apache.xerces.internal.jaxp.DocumentBuilderImpl.parse(DocumentBuilderImpl.java:342)
	at com.st.stm32cube.ide.mpu.remote.serial.internal.SerialPortProviderWindows.run(SerialPortProviderWindows.java:127)
	at java.base/java.util.TimerThread.mainLoop(Timer.java:566)
	at java.base/java.util.TimerThread.run(Timer.java:516)

!ENTRY com.st.stm32cube.ide.mpu.remote.serial 4 0 2026-01-16 22:33:24.729
!MESSAGE Failed to parse wmic output
!STACK 0
org.xml.sax.SAXParseException; lineNumber: 1; columnNumber: 1; Premature end of file.
	at java.xml/com.sun.org.apache.xerces.internal.parsers.DOMParser.parse(DOMParser.java:262)
	at java.xml/com.sun.org.apache.xerces.internal.jaxp.DocumentBuilderImpl.parse(DocumentBuilderImpl.java:342)
	at com.st.stm32cube.ide.mpu.remote.serial.internal.SerialPortProviderWindows.run(SerialPortProviderWindows.java:127)
	at java.base/java.util.TimerThread.mainLoop(Timer.java:566)
	at java.base/java.util.TimerThread.run(Timer.java:516)

!ENTRY com.st.stm32cube.ide.mpu.remote.serial 4 0 2026-01-16 22:33:25.724
!MESSAGE Failed to parse wmic output
!STACK 0
org.xml.sax.SAXParseException; lineNumber: 1; columnNumber: 1; Premature end of file.
	at java.xml/com.sun.org.apache.xerces.internal.parsers.DOMParser.parse(DOMParser.java:262)
	at java.xml/com.sun.org.apache.xerces.internal.jaxp.DocumentBuilderImpl.parse(DocumentBuilderImpl.java:342)
	at com.st.stm32cube.ide.mpu.remote.serial.internal.SerialPortProviderWindows.run(SerialPortProviderWindows.java:127)
	at java.base/java.util.TimerThread.mainLoop(Timer.java:566)
	at java.base/java.util.TimerThread.run(Timer.java:516)

!ENTRY com.st.stm32cube.ide.mpu.remote.serial 4 0 2026-01-16 22:33:26.717
!MESSAGE Failed to parse wmic output
!STACK 0
org.xml.sax.SAXParseException; lineNumber: 1; columnNumber: 1; Premature end of file.
	at java.xml/com.sun.org.apache.xerces.internal.parsers.DOMParser.parse(DOMParser.java:262)
	at java.xml/com.sun.org.apache.xerces.internal.jaxp.DocumentBuilderImpl.parse(DocumentBuilderImpl.java:342)
	at com.st.stm32cube.ide.mpu.remote.serial.internal.SerialPortProviderWindows.run(SerialPortProviderWindows.java:127)
	at java.base/java.util.TimerThread.mainLoop(Timer.java:566)
	at java.base/java.util.TimerThread.run(Timer.java:516)

!ENTRY com.st.stm32cube.ide.mpu.remote.serial 4 0 2026-01-16 22:33:27.733
!MESSAGE Failed to parse wmic output
!STACK 0
org.xml.sax.SAXParseException; lineNumber: 1; columnNumber: 1; Premature end of file.
	at java.xml/com.sun.org.apache.xerces.internal.parsers.DOMParser.parse(DOMParser.java:262)
	at java.xml/com.sun.org.apache.xerces.internal.jaxp.DocumentBuilderImpl.parse(DocumentBuilderImpl.java:342)
	at com.st.stm32cube.ide.mpu.remote.serial.internal.SerialPortProviderWindows.run(SerialPortProviderWindows.java:127)
	at java.base/java.util.TimerThread.mainLoop(Timer.java:566)
	at java.base/java.util.TimerThread.run(Timer.java:516)

!ENTRY com.st.stm32cube.ide.mpu.remote.serial 4 0 2026-01-16 22:33:28.772
!MESSAGE Failed to parse wmic output
!STACK 0
org.xml.sax.SAXParseException; lineNumber: 1; columnNumber: 1; Premature end of file.
	at java.xml/com.sun.org.apache.xerces.internal.parsers.DOMParser.parse(DOMParser.java:262)
	at java.xml/com.sun.org.apache.xerces.internal.jaxp.DocumentBuilderImpl.parse(DocumentBuilderImpl.java:342)
	at com.st.stm32cube.ide.mpu.remote.serial.internal.SerialPortProviderWindows.run(SerialPortProviderWindows.java:127)
	at java.base/java.util.TimerThread.mainLoop(Timer.java:566)
	at java.base/java.util.TimerThread.run(Timer.java:516)

!ENTRY com.st.stm32cube.ide.mpu.remote.serial 4 0 2026-01-16 22:33:29.734
!MESSAGE Failed to parse wmic output
!STACK 0
org.xml.sax.SAXParseException; lineNumber: 1; columnNumber: 1; Premature end of file.
	at java.xml/com.sun.org.apache.xerces.internal.parsers.DOMParser.parse(DOMParser.java:262)
	at java.xml/com.sun.org.apache.xerces.internal.jaxp.DocumentBuilderImpl.parse(DocumentBuilderImpl.java:342)
	at com.st.stm32cube.ide.mpu.remote.serial.internal.SerialPortProviderWindows.run(SerialPortProviderWindows.java:127)
	at java.base/java.util.TimerThread.mainLoop(Timer.java:566)
	at java.base/java.util.TimerThread.run(Timer.java:516)

!ENTRY com.st.stm32cube.ide.mpu.remote.serial 4 0 2026-01-16 22:33:30.732
!MESSAGE Failed to parse wmic output
!STACK 0
org.xml.sax.SAXParseException; lineNumber: 1; columnNumber: 1; Premature end of file.
	at java.xml/com.sun.org.apache.xerces.internal.parsers.DOMParser.parse(DOMParser.java:262)
	at java.xml/com.sun.org.apache.xerces.internal.jaxp.DocumentBuilderImpl.parse(DocumentBuilderImpl.java:342)
	at com.st.stm32cube.ide.mpu.remote.serial.internal.SerialPortProviderWindows.run(SerialPortProviderWindows.java:127)
	at java.base/java.util.TimerThread.mainLoop(Timer.java:566)
	at java.base/java.util.TimerThread.run(Timer.java:516)

!ENTRY com.st.stm32cube.ide.mpu.remote.serial 4 0 2026-01-16 22:33:31.734
!MESSAGE Failed to parse wmic output
!STACK 0
org.xml.sax.SAXParseException; lineNumber: 1; columnNumber: 1; Premature end of file.
	at java.xml/com.sun.org.apache.xerces.internal.parsers.DOMParser.parse(DOMParser.java:262)
	at java.xml/com.sun.org.apache.xerces.internal.jaxp.DocumentBuilderImpl.parse(DocumentBuilderImpl.java:342)
	at com.st.stm32cube.ide.mpu.remote.serial.internal.SerialPortProviderWindows.run(SerialPortProviderWindows.java:127)
	at java.base/java.util.TimerThread.mainLoop(Timer.java:566)
	at java.base/java.util.TimerThread.run(Timer.java:516)

!ENTRY com.st.stm32cube.ide.mpu.remote.serial 4 0 2026-01-16 22:33:32.715
!MESSAGE Failed to parse wmic output
!STACK 0
org.xml.sax.SAXParseException; lineNumber: 1; columnNumber: 1; Premature end of file.
	at java.xml/com.sun.org.apache.xerces.internal.parsers.DOMParser.parse(DOMParser.java:262)
	at java.xml/com.sun.org.apache.xerces.internal.jaxp.DocumentBuilderImpl.parse(DocumentBuilderImpl.java:342)
	at com.st.stm32cube.ide.mpu.remote.serial.internal.SerialPortProviderWindows.run(SerialPortProviderWindows.java:127)
	at java.base/java.util.TimerThread.mainLoop(Timer.java:566)
	at java.base/java.util.TimerThread.run(Timer.java:516)

!ENTRY com.st.stm32cube.ide.mpu.remote.serial 4 0 2026-01-16 22:33:33.722
!MESSAGE Failed to parse wmic output
!STACK 0
org.xml.sax.SAXParseException; lineNumber: 1; columnNumber: 1; Premature end of file.
	at java.xml/com.sun.org.apache.xerces.internal.parsers.DOMParser.parse(DOMParser.java:262)
	at java.xml/com.sun.org.apache.xerces.internal.jaxp.DocumentBuilderImpl.parse(DocumentBuilderImpl.java:342)
	at com.st.stm32cube.ide.mpu.remote.serial.internal.SerialPortProviderWindows.run(SerialPortProviderWindows.java:127)
	at java.base/java.util.TimerThread.mainLoop(Timer.java:566)
	at java.base/java.util.TimerThread.run(Timer.java:516)

!ENTRY com.st.stm32cube.ide.mpu.remote.serial 4 0 2026-01-16 22:33:34.728
!MESSAGE Failed to parse wmic output
!STACK 0
org.xml.sax.SAXParseException; lineNumber: 1; columnNumber: 1; Premature end of file.
	at java.xml/com.sun.org.apache.xerces.internal.parsers.DOMParser.parse(DOMParser.java:262)
	at java.xml/com.sun.org.apache.xerces.internal.jaxp.DocumentBuilderImpl.parse(DocumentBuilderImpl.java:342)
	at com.st.stm32cube.ide.mpu.remote.serial.internal.SerialPortProviderWindows.run(SerialPortProviderWindows.java:127)
	at java.base/java.util.TimerThread.mainLoop(Timer.java:566)
	at java.base/java.util.TimerThread.run(Timer.java:516)

!ENTRY com.st.stm32cube.ide.mpu.remote.serial 4 0 2026-01-16 22:33:35.711
!MESSAGE Failed to parse wmic output
!STACK 0
org.xml.sax.SAXParseException; lineNumber: 1; columnNumber: 1; Premature end of file.
	at java.xml/com.sun.org.apache.xerces.internal.parsers.DOMParser.parse(DOMParser.java:262)
	at java.xml/com.sun.org.apache.xerces.internal.jaxp.DocumentBuilderImpl.parse(DocumentBuilderImpl.java:342)
	at com.st.stm32cube.ide.mpu.remote.serial.internal.SerialPortProviderWindows.run(SerialPortProviderWindows.java:127)
	at java.base/java.util.TimerThread.mainLoop(Timer.java:566)
	at java.base/java.util.TimerThread.run(Timer.java:516)

!ENTRY com.st.stm32cube.ide.mpu.remote.serial 4 0 2026-01-16 22:33:36.733
!MESSAGE Failed to parse wmic output
!STACK 0
org.xml.sax.SAXParseException; lineNumber: 1; columnNumber: 1; Premature end of file.
	at java.xml/com.sun.org.apache.xerces.internal.parsers.DOMParser.parse(DOMParser.java:262)
	at java.xml/com.sun.org.apache.xerces.internal.jaxp.DocumentBuilderImpl.parse(DocumentBuilderImpl.java:342)
	at com.st.stm32cube.ide.mpu.remote.serial.internal.SerialPortProviderWindows.run(SerialPortProviderWindows.java:127)
	at java.base/java.util.TimerThread.mainLoop(Timer.java:566)
	at java.base/java.util.TimerThread.run(Timer.java:516)

!ENTRY com.st.stm32cube.ide.mpu.remote.serial 4 0 2026-01-16 22:33:37.723
!MESSAGE Failed to parse wmic output
!STACK 0
org.xml.sax.SAXParseException; lineNumber: 1; columnNumber: 1; Premature end of file.
	at java.xml/com.sun.org.apache.xerces.internal.parsers.DOMParser.parse(DOMParser.java:262)
	at java.xml/com.sun.org.apache.xerces.internal.jaxp.DocumentBuilderImpl.parse(DocumentBuilderImpl.java:342)
	at com.st.stm32cube.ide.mpu.remote.serial.internal.SerialPortProviderWindows.run(SerialPortProviderWindows.java:127)
	at java.base/java.util.TimerThread.mainLoop(Timer.java:566)
	at java.base/java.util.TimerThread.run(Timer.java:516)

!ENTRY com.st.stm32cube.ide.mpu.remote.serial 4 0 2026-01-16 22:33:38.729
!MESSAGE Failed to parse wmic output
!STACK 0
org.xml.sax.SAXParseException; lineNumber: 1; columnNumber: 1; Premature end of file.
	at java.xml/com.sun.org.apache.xerces.internal.parsers.DOMParser.parse(DOMParser.java:262)
	at java.xml/com.sun.org.apache.xerces.internal.jaxp.DocumentBuilderImpl.parse(DocumentBuilderImpl.java:342)
	at com.st.stm32cube.ide.mpu.remote.serial.internal.SerialPortProviderWindows.run(SerialPortProviderWindows.java:127)
	at java.base/java.util.TimerThread.mainLoop(Timer.java:566)
	at java.base/java.util.TimerThread.run(Timer.java:516)

!ENTRY com.st.stm32cube.ide.mpu.remote.serial 4 0 2026-01-16 22:33:39.722
!MESSAGE Failed to parse wmic output
!STACK 0
org.xml.sax.SAXParseException; lineNumber: 1; columnNumber: 1; Premature end of file.
	at java.xml/com.sun.org.apache.xerces.internal.parsers.DOMParser.parse(DOMParser.java:262)
	at java.xml/com.sun.org.apache.xerces.internal.jaxp.DocumentBuilderImpl.parse(DocumentBuilderImpl.java:342)
	at com.st.stm32cube.ide.mpu.remote.serial.internal.SerialPortProviderWindows.run(SerialPortProviderWindows.java:127)
	at java.base/java.util.TimerThread.mainLoop(Timer.java:566)
	at java.base/java.util.TimerThread.run(Timer.java:516)

!ENTRY com.st.stm32cube.ide.mpu.remote.serial 4 0 2026-01-16 22:33:40.744
!MESSAGE Failed to parse wmic output
!STACK 0
org.xml.sax.SAXParseException; lineNumber: 1; columnNumber: 1; Premature end of file.
	at java.xml/com.sun.org.apache.xerces.internal.parsers.DOMParser.parse(DOMParser.java:262)
	at java.xml/com.sun.org.apache.xerces.internal.jaxp.DocumentBuilderImpl.parse(DocumentBuilderImpl.java:342)
	at com.st.stm32cube.ide.mpu.remote.serial.internal.SerialPortProviderWindows.run(SerialPortProviderWindows.java:127)
	at java.base/java.util.TimerThread.mainLoop(Timer.java:566)
	at java.base/java.util.TimerThread.run(Timer.java:516)

!ENTRY com.st.stm32cube.ide.mpu.remote.serial 4 0 2026-01-16 22:33:41.717
!MESSAGE Failed to parse wmic output
!STACK 0
org.xml.sax.SAXParseException; lineNumber: 1; columnNumber: 1; Premature end of file.
	at java.xml/com.sun.org.apache.xerces.internal.parsers.DOMParser.parse(DOMParser.java:262)
	at java.xml/com.sun.org.apache.xerces.internal.jaxp.DocumentBuilderImpl.parse(DocumentBuilderImpl.java:342)
	at com.st.stm32cube.ide.mpu.remote.serial.internal.SerialPortProviderWindows.run(SerialPortProviderWindows.java:127)
	at java.base/java.util.TimerThread.mainLoop(Timer.java:566)
	at java.base/java.util.TimerThread.run(Timer.java:516)

!ENTRY com.st.stm32cube.ide.mpu.remote.serial 4 0 2026-01-16 22:33:42.720
!MESSAGE Failed to parse wmic output
!STACK 0
org.xml.sax.SAXParseException; lineNumber: 1; columnNumber: 1; Premature end of file.
	at java.xml/com.sun.org.apache.xerces.internal.parsers.DOMParser.parse(DOMParser.java:262)
	at java.xml/com.sun.org.apache.xerces.internal.jaxp.DocumentBuilderImpl.parse(DocumentBuilderImpl.java:342)
	at com.st.stm32cube.ide.mpu.remote.serial.internal.SerialPortProviderWindows.run(SerialPortProviderWindows.java:127)
	at java.base/java.util.TimerThread.mainLoop(Timer.java:566)
	at java.base/java.util.TimerThread.run(Timer.java:516)

!ENTRY com.st.stm32cube.ide.mpu.remote.serial 4 0 2026-01-16 22:33:43.733
!MESSAGE Failed to parse wmic output
!STACK 0
org.xml.sax.SAXParseException; lineNumber: 1; columnNumber: 1; Premature end of file.
	at java.xml/com.sun.org.apache.xerces.internal.parsers.DOMParser.parse(DOMParser.java:262)
	at java.xml/com.sun.org.apache.xerces.internal.jaxp.DocumentBuilderImpl.parse(DocumentBuilderImpl.java:342)
	at com.st.stm32cube.ide.mpu.remote.serial.internal.SerialPortProviderWindows.run(SerialPortProviderWindows.java:127)
	at java.base/java.util.TimerThread.mainLoop(Timer.java:566)
	at java.base/java.util.TimerThread.run(Timer.java:516)

!ENTRY com.st.stm32cube.ide.mpu.remote.serial 4 0 2026-01-16 22:33:44.748
!MESSAGE Failed to parse wmic output
!STACK 0
org.xml.sax.SAXParseException; lineNumber: 1; columnNumber: 1; Premature end of file.
	at java.xml/com.sun.org.apache.xerces.internal.parsers.DOMParser.parse(DOMParser.java:262)
	at java.xml/com.sun.org.apache.xerces.internal.jaxp.DocumentBuilderImpl.parse(DocumentBuilderImpl.java:342)
	at com.st.stm32cube.ide.mpu.remote.serial.internal.SerialPortProviderWindows.run(SerialPortProviderWindows.java:127)
	at java.base/java.util.TimerThread.mainLoop(Timer.java:566)
	at java.base/java.util.TimerThread.run(Timer.java:516)

!ENTRY com.st.stm32cube.ide.mpu.remote.serial 4 0 2026-01-16 22:33:45.736
!MESSAGE Failed to parse wmic output
!STACK 0
org.xml.sax.SAXParseException; lineNumber: 1; columnNumber: 1; Premature end of file.
	at java.xml/com.sun.org.apache.xerces.internal.parsers.DOMParser.parse(DOMParser.java:262)
	at java.xml/com.sun.org.apache.xerces.internal.jaxp.DocumentBuilderImpl.parse(DocumentBuilderImpl.java:342)
	at com.st.stm32cube.ide.mpu.remote.serial.internal.SerialPortProviderWindows.run(SerialPortProviderWindows.java:127)
	at java.base/java.util.TimerThread.mainLoop(Timer.java:566)
	at java.base/java.util.TimerThread.run(Timer.java:516)

!ENTRY com.st.stm32cube.ide.mpu.remote.serial 4 0 2026-01-16 22:33:46.723
!MESSAGE Failed to parse wmic output
!STACK 0
org.xml.sax.SAXParseException; lineNumber: 1; columnNumber: 1; Premature end of file.
	at java.xml/com.sun.org.apache.xerces.internal.parsers.DOMParser.parse(DOMParser.java:262)
	at java.xml/com.sun.org.apache.xerces.internal.jaxp.DocumentBuilderImpl.parse(DocumentBuilderImpl.java:342)
	at com.st.stm32cube.ide.mpu.remote.serial.internal.SerialPortProviderWindows.run(SerialPortProviderWindows.java:127)
	at java.base/java.util.TimerThread.mainLoop(Timer.java:566)
	at java.base/java.util.TimerThread.run(Timer.java:516)

!ENTRY com.st.stm32cube.ide.mpu.remote.serial 4 0 2026-01-16 22:33:47.726
!MESSAGE Failed to parse wmic output
!STACK 0
org.xml.sax.SAXParseException; lineNumber: 1; columnNumber: 1; Premature end of file.
	at java.xml/com.sun.org.apache.xerces.internal.parsers.DOMParser.parse(DOMParser.java:262)
	at java.xml/com.sun.org.apache.xerces.internal.jaxp.DocumentBuilderImpl.parse(DocumentBuilderImpl.java:342)
	at com.st.stm32cube.ide.mpu.remote.serial.internal.SerialPortProviderWindows.run(SerialPortProviderWindows.java:127)
	at java.base/java.util.TimerThread.mainLoop(Timer.java:566)
	at java.base/java.util.TimerThread.run(Timer.java:516)

!ENTRY com.st.stm32cube.ide.mpu.remote.serial 4 0 2026-01-16 22:33:48.732
!MESSAGE Failed to parse wmic output
!STACK 0
org.xml.sax.SAXParseException; lineNumber: 1; columnNumber: 1; Premature end of file.
	at java.xml/com.sun.org.apache.xerces.internal.parsers.DOMParser.parse(DOMParser.java:262)
	at java.xml/com.sun.org.apache.xerces.internal.jaxp.DocumentBuilderImpl.parse(DocumentBuilderImpl.java:342)
	at com.st.stm32cube.ide.mpu.remote.serial.internal.SerialPortProviderWindows.run(SerialPortProviderWindows.java:127)
	at java.base/java.util.TimerThread.mainLoop(Timer.java:566)
	at java.base/java.util.TimerThread.run(Timer.java:516)

!ENTRY com.st.stm32cube.ide.mpu.remote.serial 4 0 2026-01-16 22:33:49.730
!MESSAGE Failed to parse wmic output
!STACK 0
org.xml.sax.SAXParseException; lineNumber: 1; columnNumber: 1; Premature end of file.
	at java.xml/com.sun.org.apache.xerces.internal.parsers.DOMParser.parse(DOMParser.java:262)
	at java.xml/com.sun.org.apache.xerces.internal.jaxp.DocumentBuilderImpl.parse(DocumentBuilderImpl.java:342)
	at com.st.stm32cube.ide.mpu.remote.serial.internal.SerialPortProviderWindows.run(SerialPortProviderWindows.java:127)
	at java.base/java.util.TimerThread.mainLoop(Timer.java:566)
	at java.base/java.util.TimerThread.run(Timer.java:516)

!ENTRY com.st.stm32cube.ide.mpu.remote.serial 4 0 2026-01-16 22:33:50.719
!MESSAGE Failed to parse wmic output
!STACK 0
org.xml.sax.SAXParseException; lineNumber: 1; columnNumber: 1; Premature end of file.
	at java.xml/com.sun.org.apache.xerces.internal.parsers.DOMParser.parse(DOMParser.java:262)
	at java.xml/com.sun.org.apache.xerces.internal.jaxp.DocumentBuilderImpl.parse(DocumentBuilderImpl.java:342)
	at com.st.stm32cube.ide.mpu.remote.serial.internal.SerialPortProviderWindows.run(SerialPortProviderWindows.java:127)
	at java.base/java.util.TimerThread.mainLoop(Timer.java:566)
	at java.base/java.util.TimerThread.run(Timer.java:516)

!ENTRY com.st.stm32cube.ide.mpu.remote.serial 4 0 2026-01-16 22:33:51.740
!MESSAGE Failed to parse wmic output
!STACK 0
org.xml.sax.SAXParseException; lineNumber: 1; columnNumber: 1; Premature end of file.
	at java.xml/com.sun.org.apache.xerces.internal.parsers.DOMParser.parse(DOMParser.java:262)
	at java.xml/com.sun.org.apache.xerces.internal.jaxp.DocumentBuilderImpl.parse(DocumentBuilderImpl.java:342)
	at com.st.stm32cube.ide.mpu.remote.serial.internal.SerialPortProviderWindows.run(SerialPortProviderWindows.java:127)
	at java.base/java.util.TimerThread.mainLoop(Timer.java:566)
	at java.base/java.util.TimerThread.run(Timer.java:516)

!ENTRY com.st.stm32cube.ide.mpu.remote.serial 4 0 2026-01-16 22:33:52.718
!MESSAGE Failed to parse wmic output
!STACK 0
org.xml.sax.SAXParseException; lineNumber: 1; columnNumber: 1; Premature end of file.
	at java.xml/com.sun.org.apache.xerces.internal.parsers.DOMParser.parse(DOMParser.java:262)
	at java.xml/com.sun.org.apache.xerces.internal.jaxp.DocumentBuilderImpl.parse(DocumentBuilderImpl.java:342)
	at com.st.stm32cube.ide.mpu.remote.serial.internal.SerialPortProviderWindows.run(SerialPortProviderWindows.java:127)
	at java.base/java.util.TimerThread.mainLoop(Timer.java:566)
	at java.base/java.util.TimerThread.run(Timer.java:516)

!ENTRY com.st.stm32cube.ide.mpu.remote.serial 4 0 2026-01-16 22:33:53.745
!MESSAGE Failed to parse wmic output
!STACK 0
org.xml.sax.SAXParseException; lineNumber: 1; columnNumber: 1; Premature end of file.
	at java.xml/com.sun.org.apache.xerces.internal.parsers.DOMParser.parse(DOMParser.java:262)
	at java.xml/com.sun.org.apache.xerces.internal.jaxp.DocumentBuilderImpl.parse(DocumentBuilderImpl.java:342)
	at com.st.stm32cube.ide.mpu.remote.serial.internal.SerialPortProviderWindows.run(SerialPortProviderWindows.java:127)
	at java.base/java.util.TimerThread.mainLoop(Timer.java:566)
	at java.base/java.util.TimerThread.run(Timer.java:516)

!ENTRY com.st.stm32cube.ide.mpu.remote.serial 4 0 2026-01-16 22:33:54.715
!MESSAGE Failed to parse wmic output
!STACK 0
org.xml.sax.SAXParseException; lineNumber: 1; columnNumber: 1; Premature end of file.
	at java.xml/com.sun.org.apache.xerces.internal.parsers.DOMParser.parse(DOMParser.java:262)
	at java.xml/com.sun.org.apache.xerces.internal.jaxp.DocumentBuilderImpl.parse(DocumentBuilderImpl.java:342)
	at com.st.stm32cube.ide.mpu.remote.serial.internal.SerialPortProviderWindows.run(SerialPortProviderWindows.java:127)
	at java.base/java.util.TimerThread.mainLoop(Timer.java:566)
	at java.base/java.util.TimerThread.run(Timer.java:516)

!ENTRY com.st.stm32cube.ide.mpu.remote.serial 4 0 2026-01-16 22:33:55.717
!MESSAGE Failed to parse wmic output
!STACK 0
org.xml.sax.SAXParseException; lineNumber: 1; columnNumber: 1; Premature end of file.
	at java.xml/com.sun.org.apache.xerces.internal.parsers.DOMParser.parse(DOMParser.java:262)
	at java.xml/com.sun.org.apache.xerces.internal.jaxp.DocumentBuilderImpl.parse(DocumentBuilderImpl.java:342)
	at com.st.stm32cube.ide.mpu.remote.serial.internal.SerialPortProviderWindows.run(SerialPortProviderWindows.java:127)
	at java.base/java.util.TimerThread.mainLoop(Timer.java:566)
	at java.base/java.util.TimerThread.run(Timer.java:516)

!ENTRY com.st.stm32cube.ide.mpu.remote.serial 4 0 2026-01-16 22:33:56.737
!MESSAGE Failed to parse wmic output
!STACK 0
org.xml.sax.SAXParseException; lineNumber: 1; columnNumber: 1; Premature end of file.
	at java.xml/com.sun.org.apache.xerces.internal.parsers.DOMParser.parse(DOMParser.java:262)
	at java.xml/com.sun.org.apache.xerces.internal.jaxp.DocumentBuilderImpl.parse(DocumentBuilderImpl.java:342)
	at com.st.stm32cube.ide.mpu.remote.serial.internal.SerialPortProviderWindows.run(SerialPortProviderWindows.java:127)
	at java.base/java.util.TimerThread.mainLoop(Timer.java:566)
	at java.base/java.util.TimerThread.run(Timer.java:516)

!ENTRY com.st.stm32cube.ide.mpu.remote.serial 4 0 2026-01-16 22:33:57.724
!MESSAGE Failed to parse wmic output
!STACK 0
org.xml.sax.SAXParseException; lineNumber: 1; columnNumber: 1; Premature end of file.
	at java.xml/com.sun.org.apache.xerces.internal.parsers.DOMParser.parse(DOMParser.java:262)
	at java.xml/com.sun.org.apache.xerces.internal.jaxp.DocumentBuilderImpl.parse(DocumentBuilderImpl.java:342)
	at com.st.stm32cube.ide.mpu.remote.serial.internal.SerialPortProviderWindows.run(SerialPortProviderWindows.java:127)
	at java.base/java.util.TimerThread.mainLoop(Timer.java:566)
	at java.base/java.util.TimerThread.run(Timer.java:516)

!ENTRY com.st.stm32cube.ide.mpu.remote.serial 4 0 2026-01-16 22:33:58.718
!MESSAGE Failed to parse wmic output
!STACK 0
org.xml.sax.SAXParseException; lineNumber: 1; columnNumber: 1; Premature end of file.
	at java.xml/com.sun.org.apache.xerces.internal.parsers.DOMParser.parse(DOMParser.java:262)
	at java.xml/com.sun.org.apache.xerces.internal.jaxp.DocumentBuilderImpl.parse(DocumentBuilderImpl.java:342)
	at com.st.stm32cube.ide.mpu.remote.serial.internal.SerialPortProviderWindows.run(SerialPortProviderWindows.java:127)
	at java.base/java.util.TimerThread.mainLoop(Timer.java:566)
	at java.base/java.util.TimerThread.run(Timer.java:516)

!ENTRY com.st.stm32cube.ide.mpu.remote.serial 4 0 2026-01-16 22:33:59.744
!MESSAGE Failed to parse wmic output
!STACK 0
org.xml.sax.SAXParseException; lineNumber: 1; columnNumber: 1; Premature end of file.
	at java.xml/com.sun.org.apache.xerces.internal.parsers.DOMParser.parse(DOMParser.java:262)
	at java.xml/com.sun.org.apache.xerces.internal.jaxp.DocumentBuilderImpl.parse(DocumentBuilderImpl.java:342)
	at com.st.stm32cube.ide.mpu.remote.serial.internal.SerialPortProviderWindows.run(SerialPortProviderWindows.java:127)
	at java.base/java.util.TimerThread.mainLoop(Timer.java:566)
	at java.base/java.util.TimerThread.run(Timer.java:516)

!ENTRY com.st.stm32cube.ide.mpu.remote.serial 4 0 2026-01-16 22:34:00.752
!MESSAGE Failed to parse wmic output
!STACK 0
org.xml.sax.SAXParseException; lineNumber: 1; columnNumber: 1; Premature end of file.
	at java.xml/com.sun.org.apache.xerces.internal.parsers.DOMParser.parse(DOMParser.java:262)
	at java.xml/com.sun.org.apache.xerces.internal.jaxp.DocumentBuilderImpl.parse(DocumentBuilderImpl.java:342)
	at com.st.stm32cube.ide.mpu.remote.serial.internal.SerialPortProviderWindows.run(SerialPortProviderWindows.java:127)
	at java.base/java.util.TimerThread.mainLoop(Timer.java:566)
	at java.base/java.util.TimerThread.run(Timer.java:516)

!ENTRY com.st.stm32cube.ide.mpu.remote.serial 4 0 2026-01-16 22:34:01.726
!MESSAGE Failed to parse wmic output
!STACK 0
org.xml.sax.SAXParseException; lineNumber: 1; columnNumber: 1; Premature end of file.
	at java.xml/com.sun.org.apache.xerces.internal.parsers.DOMParser.parse(DOMParser.java:262)
	at java.xml/com.sun.org.apache.xerces.internal.jaxp.DocumentBuilderImpl.parse(DocumentBuilderImpl.java:342)
	at com.st.stm32cube.ide.mpu.remote.serial.internal.SerialPortProviderWindows.run(SerialPortProviderWindows.java:127)
	at java.base/java.util.TimerThread.mainLoop(Timer.java:566)
	at java.base/java.util.TimerThread.run(Timer.java:516)

!ENTRY com.st.stm32cube.ide.mpu.remote.serial 4 0 2026-01-16 22:34:02.765
!MESSAGE Failed to parse wmic output
!STACK 0
org.xml.sax.SAXParseException; lineNumber: 1; columnNumber: 1; Premature end of file.
	at java.xml/com.sun.org.apache.xerces.internal.parsers.DOMParser.parse(DOMParser.java:262)
	at java.xml/com.sun.org.apache.xerces.internal.jaxp.DocumentBuilderImpl.parse(DocumentBuilderImpl.java:342)
	at com.st.stm32cube.ide.mpu.remote.serial.internal.SerialPortProviderWindows.run(SerialPortProviderWindows.java:127)
	at java.base/java.util.TimerThread.mainLoop(Timer.java:566)
	at java.base/java.util.TimerThread.run(Timer.java:516)

!ENTRY com.st.stm32cube.ide.mpu.remote.serial 4 0 2026-01-16 22:34:03.736
!MESSAGE Failed to parse wmic output
!STACK 0
org.xml.sax.SAXParseException; lineNumber: 1; columnNumber: 1; Premature end of file.
	at java.xml/com.sun.org.apache.xerces.internal.parsers.DOMParser.parse(DOMParser.java:262)
	at java.xml/com.sun.org.apache.xerces.internal.jaxp.DocumentBuilderImpl.parse(DocumentBuilderImpl.java:342)
	at com.st.stm32cube.ide.mpu.remote.serial.internal.SerialPortProviderWindows.run(SerialPortProviderWindows.java:127)
	at java.base/java.util.TimerThread.mainLoop(Timer.java:566)
	at java.base/java.util.TimerThread.run(Timer.java:516)

!ENTRY com.st.stm32cube.ide.mpu.remote.serial 4 0 2026-01-16 22:34:04.728
!MESSAGE Failed to parse wmic output
!STACK 0
org.xml.sax.SAXParseException; lineNumber: 1; columnNumber: 1; Premature end of file.
	at java.xml/com.sun.org.apache.xerces.internal.parsers.DOMParser.parse(DOMParser.java:262)
	at java.xml/com.sun.org.apache.xerces.internal.jaxp.DocumentBuilderImpl.parse(DocumentBuilderImpl.java:342)
	at com.st.stm32cube.ide.mpu.remote.serial.internal.SerialPortProviderWindows.run(SerialPortProviderWindows.java:127)
	at java.base/java.util.TimerThread.mainLoop(Timer.java:566)
	at java.base/java.util.TimerThread.run(Timer.java:516)

!ENTRY com.st.stm32cube.ide.mpu.remote.serial 4 0 2026-01-16 22:34:05.733
!MESSAGE Failed to parse wmic output
!STACK 0
org.xml.sax.SAXParseException; lineNumber: 1; columnNumber: 1; Premature end of file.
	at java.xml/com.sun.org.apache.xerces.internal.parsers.DOMParser.parse(DOMParser.java:262)
	at java.xml/com.sun.org.apache.xerces.internal.jaxp.DocumentBuilderImpl.parse(DocumentBuilderImpl.java:342)
	at com.st.stm32cube.ide.mpu.remote.serial.internal.SerialPortProviderWindows.run(SerialPortProviderWindows.java:127)
	at java.base/java.util.TimerThread.mainLoop(Timer.java:566)
	at java.base/java.util.TimerThread.run(Timer.java:516)

!ENTRY com.st.stm32cube.ide.mpu.remote.serial 4 0 2026-01-16 22:34:06.718
!MESSAGE Failed to parse wmic output
!STACK 0
org.xml.sax.SAXParseException; lineNumber: 1; columnNumber: 1; Premature end of file.
	at java.xml/com.sun.org.apache.xerces.internal.parsers.DOMParser.parse(DOMParser.java:262)
	at java.xml/com.sun.org.apache.xerces.internal.jaxp.DocumentBuilderImpl.parse(DocumentBuilderImpl.java:342)
	at com.st.stm32cube.ide.mpu.remote.serial.internal.SerialPortProviderWindows.run(SerialPortProviderWindows.java:127)
	at java.base/java.util.TimerThread.mainLoop(Timer.java:566)
	at java.base/java.util.TimerThread.run(Timer.java:516)

!ENTRY com.st.stm32cube.ide.mpu.remote.serial 4 0 2026-01-16 22:34:07.726
!MESSAGE Failed to parse wmic output
!STACK 0
org.xml.sax.SAXParseException; lineNumber: 1; columnNumber: 1; Premature end of file.
	at java.xml/com.sun.org.apache.xerces.internal.parsers.DOMParser.parse(DOMParser.java:262)
	at java.xml/com.sun.org.apache.xerces.internal.jaxp.DocumentBuilderImpl.parse(DocumentBuilderImpl.java:342)
	at com.st.stm32cube.ide.mpu.remote.serial.internal.SerialPortProviderWindows.run(SerialPortProviderWindows.java:127)
	at java.base/java.util.TimerThread.mainLoop(Timer.java:566)
	at java.base/java.util.TimerThread.run(Timer.java:516)

!ENTRY com.st.stm32cube.ide.mpu.remote.serial 4 0 2026-01-16 22:34:08.759
!MESSAGE Failed to parse wmic output
!STACK 0
org.xml.sax.SAXParseException; lineNumber: 1; columnNumber: 1; Premature end of file.
	at java.xml/com.sun.org.apache.xerces.internal.parsers.DOMParser.parse(DOMParser.java:262)
	at java.xml/com.sun.org.apache.xerces.internal.jaxp.DocumentBuilderImpl.parse(DocumentBuilderImpl.java:342)
	at com.st.stm32cube.ide.mpu.remote.serial.internal.SerialPortProviderWindows.run(SerialPortProviderWindows.java:127)
	at java.base/java.util.TimerThread.mainLoop(Timer.java:566)
	at java.base/java.util.TimerThread.run(Timer.java:516)

!ENTRY com.st.stm32cube.ide.mpu.remote.serial 4 0 2026-01-16 22:34:09.743
!MESSAGE Failed to parse wmic output
!STACK 0
org.xml.sax.SAXParseException; lineNumber: 1; columnNumber: 1; Premature end of file.
	at java.xml/com.sun.org.apache.xerces.internal.parsers.DOMParser.parse(DOMParser.java:262)
	at java.xml/com.sun.org.apache.xerces.internal.jaxp.DocumentBuilderImpl.parse(DocumentBuilderImpl.java:342)
	at com.st.stm32cube.ide.mpu.remote.serial.internal.SerialPortProviderWindows.run(SerialPortProviderWindows.java:127)
	at java.base/java.util.TimerThread.mainLoop(Timer.java:566)
	at java.base/java.util.TimerThread.run(Timer.java:516)

!ENTRY com.st.stm32cube.ide.mpu.remote.serial 4 0 2026-01-16 22:34:10.733
!MESSAGE Failed to parse wmic output
!STACK 0
org.xml.sax.SAXParseException; lineNumber: 1; columnNumber: 1; Premature end of file.
	at java.xml/com.sun.org.apache.xerces.internal.parsers.DOMParser.parse(DOMParser.java:262)
	at java.xml/com.sun.org.apache.xerces.internal.jaxp.DocumentBuilderImpl.parse(DocumentBuilderImpl.java:342)
	at com.st.stm32cube.ide.mpu.remote.serial.internal.SerialPortProviderWindows.run(SerialPortProviderWindows.java:127)
	at java.base/java.util.TimerThread.mainLoop(Timer.java:566)
	at java.base/java.util.TimerThread.run(Timer.java:516)

!ENTRY com.st.stm32cube.ide.mpu.remote.serial 4 0 2026-01-16 22:34:11.737
!MESSAGE Failed to parse wmic output
!STACK 0
org.xml.sax.SAXParseException; lineNumber: 1; columnNumber: 1; Premature end of file.
	at java.xml/com.sun.org.apache.xerces.internal.parsers.DOMParser.parse(DOMParser.java:262)
	at java.xml/com.sun.org.apache.xerces.internal.jaxp.DocumentBuilderImpl.parse(DocumentBuilderImpl.java:342)
	at com.st.stm32cube.ide.mpu.remote.serial.internal.SerialPortProviderWindows.run(SerialPortProviderWindows.java:127)
	at java.base/java.util.TimerThread.mainLoop(Timer.java:566)
	at java.base/java.util.TimerThread.run(Timer.java:516)

!ENTRY com.st.stm32cube.ide.mpu.remote.serial 4 0 2026-01-16 22:34:12.733
!MESSAGE Failed to parse wmic output
!STACK 0
org.xml.sax.SAXParseException; lineNumber: 1; columnNumber: 1; Premature end of file.
	at java.xml/com.sun.org.apache.xerces.internal.parsers.DOMParser.parse(DOMParser.java:262)
	at java.xml/com.sun.org.apache.xerces.internal.jaxp.DocumentBuilderImpl.parse(DocumentBuilderImpl.java:342)
	at com.st.stm32cube.ide.mpu.remote.serial.internal.SerialPortProviderWindows.run(SerialPortProviderWindows.java:127)
	at java.base/java.util.TimerThread.mainLoop(Timer.java:566)
	at java.base/java.util.TimerThread.run(Timer.java:516)

!ENTRY com.st.stm32cube.ide.mpu.remote.serial 4 0 2026-01-16 22:34:13.739
!MESSAGE Failed to parse wmic output
!STACK 0
org.xml.sax.SAXParseException; lineNumber: 1; columnNumber: 1; Premature end of file.
	at java.xml/com.sun.org.apache.xerces.internal.parsers.DOMParser.parse(DOMParser.java:262)
	at java.xml/com.sun.org.apache.xerces.internal.jaxp.DocumentBuilderImpl.parse(DocumentBuilderImpl.java:342)
	at com.st.stm32cube.ide.mpu.remote.serial.internal.SerialPortProviderWindows.run(SerialPortProviderWindows.java:127)
	at java.base/java.util.TimerThread.mainLoop(Timer.java:566)
	at java.base/java.util.TimerThread.run(Timer.java:516)

!ENTRY com.st.stm32cube.ide.mpu.remote.serial 4 0 2026-01-16 22:34:14.749
!MESSAGE Failed to parse wmic output
!STACK 0
org.xml.sax.SAXParseException; lineNumber: 1; columnNumber: 1; Premature end of file.
	at java.xml/com.sun.org.apache.xerces.internal.parsers.DOMParser.parse(DOMParser.java:262)
	at java.xml/com.sun.org.apache.xerces.internal.jaxp.DocumentBuilderImpl.parse(DocumentBuilderImpl.java:342)
	at com.st.stm32cube.ide.mpu.remote.serial.internal.SerialPortProviderWindows.run(SerialPortProviderWindows.java:127)
	at java.base/java.util.TimerThread.mainLoop(Timer.java:566)
	at java.base/java.util.TimerThread.run(Timer.java:516)

!ENTRY com.st.stm32cube.ide.mpu.remote.serial 4 0 2026-01-16 22:34:15.726
!MESSAGE Failed to parse wmic output
!STACK 0
org.xml.sax.SAXParseException; lineNumber: 1; columnNumber: 1; Premature end of file.
	at java.xml/com.sun.org.apache.xerces.internal.parsers.DOMParser.parse(DOMParser.java:262)
	at java.xml/com.sun.org.apache.xerces.internal.jaxp.DocumentBuilderImpl.parse(DocumentBuilderImpl.java:342)
	at com.st.stm32cube.ide.mpu.remote.serial.internal.SerialPortProviderWindows.run(SerialPortProviderWindows.java:127)
	at java.base/java.util.TimerThread.mainLoop(Timer.java:566)
	at java.base/java.util.TimerThread.run(Timer.java:516)

!ENTRY com.st.stm32cube.ide.mpu.remote.serial 4 0 2026-01-16 22:34:16.730
!MESSAGE Failed to parse wmic output
!STACK 0
org.xml.sax.SAXParseException; lineNumber: 1; columnNumber: 1; Premature end of file.
	at java.xml/com.sun.org.apache.xerces.internal.parsers.DOMParser.parse(DOMParser.java:262)
	at java.xml/com.sun.org.apache.xerces.internal.jaxp.DocumentBuilderImpl.parse(DocumentBuilderImpl.java:342)
	at com.st.stm32cube.ide.mpu.remote.serial.internal.SerialPortProviderWindows.run(SerialPortProviderWindows.java:127)
	at java.base/java.util.TimerThread.mainLoop(Timer.java:566)
	at java.base/java.util.TimerThread.run(Timer.java:516)

!ENTRY com.st.stm32cube.ide.mpu.remote.serial 4 0 2026-01-16 22:34:17.722
!MESSAGE Failed to parse wmic output
!STACK 0
org.xml.sax.SAXParseException; lineNumber: 1; columnNumber: 1; Premature end of file.
	at java.xml/com.sun.org.apache.xerces.internal.parsers.DOMParser.parse(DOMParser.java:262)
	at java.xml/com.sun.org.apache.xerces.internal.jaxp.DocumentBuilderImpl.parse(DocumentBuilderImpl.java:342)
	at com.st.stm32cube.ide.mpu.remote.serial.internal.SerialPortProviderWindows.run(SerialPortProviderWindows.java:127)
	at java.base/java.util.TimerThread.mainLoop(Timer.java:566)
	at java.base/java.util.TimerThread.run(Timer.java:516)

!ENTRY com.st.stm32cube.ide.mpu.remote.serial 4 0 2026-01-16 22:34:18.726
!MESSAGE Failed to parse wmic output
!STACK 0
org.xml.sax.SAXParseException; lineNumber: 1; columnNumber: 1; Premature end of file.
	at java.xml/com.sun.org.apache.xerces.internal.parsers.DOMParser.parse(DOMParser.java:262)
	at java.xml/com.sun.org.apache.xerces.internal.jaxp.DocumentBuilderImpl.parse(DocumentBuilderImpl.java:342)
	at com.st.stm32cube.ide.mpu.remote.serial.internal.SerialPortProviderWindows.run(SerialPortProviderWindows.java:127)
	at java.base/java.util.TimerThread.mainLoop(Timer.java:566)
	at java.base/java.util.TimerThread.run(Timer.java:516)

!ENTRY com.st.stm32cube.ide.mpu.remote.serial 4 0 2026-01-16 22:34:19.730
!MESSAGE Failed to parse wmic output
!STACK 0
org.xml.sax.SAXParseException; lineNumber: 1; columnNumber: 1; Premature end of file.
	at java.xml/com.sun.org.apache.xerces.internal.parsers.DOMParser.parse(DOMParser.java:262)
	at java.xml/com.sun.org.apache.xerces.internal.jaxp.DocumentBuilderImpl.parse(DocumentBuilderImpl.java:342)
	at com.st.stm32cube.ide.mpu.remote.serial.internal.SerialPortProviderWindows.run(SerialPortProviderWindows.java:127)
	at java.base/java.util.TimerThread.mainLoop(Timer.java:566)
	at java.base/java.util.TimerThread.run(Timer.java:516)

!ENTRY com.st.stm32cube.ide.mpu.remote.serial 4 0 2026-01-16 22:34:20.738
!MESSAGE Failed to parse wmic output
!STACK 0
org.xml.sax.SAXParseException; lineNumber: 1; columnNumber: 1; Premature end of file.
	at java.xml/com.sun.org.apache.xerces.internal.parsers.DOMParser.parse(DOMParser.java:262)
	at java.xml/com.sun.org.apache.xerces.internal.jaxp.DocumentBuilderImpl.parse(DocumentBuilderImpl.java:342)
	at com.st.stm32cube.ide.mpu.remote.serial.internal.SerialPortProviderWindows.run(SerialPortProviderWindows.java:127)
	at java.base/java.util.TimerThread.mainLoop(Timer.java:566)
	at java.base/java.util.TimerThread.run(Timer.java:516)

!ENTRY com.st.stm32cube.ide.mpu.remote.serial 4 0 2026-01-16 22:34:21.739
!MESSAGE Failed to parse wmic output
!STACK 0
org.xml.sax.SAXParseException; lineNumber: 1; columnNumber: 1; Premature end of file.
	at java.xml/com.sun.org.apache.xerces.internal.parsers.DOMParser.parse(DOMParser.java:262)
	at java.xml/com.sun.org.apache.xerces.internal.jaxp.DocumentBuilderImpl.parse(DocumentBuilderImpl.java:342)
	at com.st.stm32cube.ide.mpu.remote.serial.internal.SerialPortProviderWindows.run(SerialPortProviderWindows.java:127)
	at java.base/java.util.TimerThread.mainLoop(Timer.java:566)
	at java.base/java.util.TimerThread.run(Timer.java:516)

!ENTRY com.st.stm32cube.ide.mpu.remote.serial 4 0 2026-01-16 22:34:22.730
!MESSAGE Failed to parse wmic output
!STACK 0
org.xml.sax.SAXParseException; lineNumber: 1; columnNumber: 1; Premature end of file.
	at java.xml/com.sun.org.apache.xerces.internal.parsers.DOMParser.parse(DOMParser.java:262)
	at java.xml/com.sun.org.apache.xerces.internal.jaxp.DocumentBuilderImpl.parse(DocumentBuilderImpl.java:342)
	at com.st.stm32cube.ide.mpu.remote.serial.internal.SerialPortProviderWindows.run(SerialPortProviderWindows.java:127)
	at java.base/java.util.TimerThread.mainLoop(Timer.java:566)
	at java.base/java.util.TimerThread.run(Timer.java:516)

!ENTRY com.st.stm32cube.ide.mpu.remote.serial 4 0 2026-01-16 22:34:23.725
!MESSAGE Failed to parse wmic output
!STACK 0
org.xml.sax.SAXParseException; lineNumber: 1; columnNumber: 1; Premature end of file.
	at java.xml/com.sun.org.apache.xerces.internal.parsers.DOMParser.parse(DOMParser.java:262)
	at java.xml/com.sun.org.apache.xerces.internal.jaxp.DocumentBuilderImpl.parse(DocumentBuilderImpl.java:342)
	at com.st.stm32cube.ide.mpu.remote.serial.internal.SerialPortProviderWindows.run(SerialPortProviderWindows.java:127)
	at java.base/java.util.TimerThread.mainLoop(Timer.java:566)
	at java.base/java.util.TimerThread.run(Timer.java:516)

!ENTRY com.st.stm32cube.ide.mpu.remote.serial 4 0 2026-01-16 22:34:24.726
!MESSAGE Failed to parse wmic output
!STACK 0
org.xml.sax.SAXParseException; lineNumber: 1; columnNumber: 1; Premature end of file.
	at java.xml/com.sun.org.apache.xerces.internal.parsers.DOMParser.parse(DOMParser.java:262)
	at java.xml/com.sun.org.apache.xerces.internal.jaxp.DocumentBuilderImpl.parse(DocumentBuilderImpl.java:342)
	at com.st.stm32cube.ide.mpu.remote.serial.internal.SerialPortProviderWindows.run(SerialPortProviderWindows.java:127)
	at java.base/java.util.TimerThread.mainLoop(Timer.java:566)
	at java.base/java.util.TimerThread.run(Timer.java:516)

!ENTRY com.st.stm32cube.ide.mpu.remote.serial 4 0 2026-01-16 22:34:25.735
!MESSAGE Failed to parse wmic output
!STACK 0
org.xml.sax.SAXParseException; lineNumber: 1; columnNumber: 1; Premature end of file.
	at java.xml/com.sun.org.apache.xerces.internal.parsers.DOMParser.parse(DOMParser.java:262)
	at java.xml/com.sun.org.apache.xerces.internal.jaxp.DocumentBuilderImpl.parse(DocumentBuilderImpl.java:342)
	at com.st.stm32cube.ide.mpu.remote.serial.internal.SerialPortProviderWindows.run(SerialPortProviderWindows.java:127)
	at java.base/java.util.TimerThread.mainLoop(Timer.java:566)
	at java.base/java.util.TimerThread.run(Timer.java:516)

!ENTRY com.st.stm32cube.ide.mpu.remote.serial 4 0 2026-01-16 22:34:26.736
!MESSAGE Failed to parse wmic output
!STACK 0
org.xml.sax.SAXParseException; lineNumber: 1; columnNumber: 1; Premature end of file.
	at java.xml/com.sun.org.apache.xerces.internal.parsers.DOMParser.parse(DOMParser.java:262)
	at java.xml/com.sun.org.apache.xerces.internal.jaxp.DocumentBuilderImpl.parse(DocumentBuilderImpl.java:342)
	at com.st.stm32cube.ide.mpu.remote.serial.internal.SerialPortProviderWindows.run(SerialPortProviderWindows.java:127)
	at java.base/java.util.TimerThread.mainLoop(Timer.java:566)
	at java.base/java.util.TimerThread.run(Timer.java:516)

!ENTRY com.st.stm32cube.ide.mpu.remote.serial 4 0 2026-01-16 22:34:27.732
!MESSAGE Failed to parse wmic output
!STACK 0
org.xml.sax.SAXParseException; lineNumber: 1; columnNumber: 1; Premature end of file.
	at java.xml/com.sun.org.apache.xerces.internal.parsers.DOMParser.parse(DOMParser.java:262)
	at java.xml/com.sun.org.apache.xerces.internal.jaxp.DocumentBuilderImpl.parse(DocumentBuilderImpl.java:342)
	at com.st.stm32cube.ide.mpu.remote.serial.internal.SerialPortProviderWindows.run(SerialPortProviderWindows.java:127)
	at java.base/java.util.TimerThread.mainLoop(Timer.java:566)
	at java.base/java.util.TimerThread.run(Timer.java:516)

!ENTRY com.st.stm32cube.ide.mpu.remote.serial 4 0 2026-01-16 22:34:28.728
!MESSAGE Failed to parse wmic output
!STACK 0
org.xml.sax.SAXParseException; lineNumber: 1; columnNumber: 1; Premature end of file.
	at java.xml/com.sun.org.apache.xerces.internal.parsers.DOMParser.parse(DOMParser.java:262)
	at java.xml/com.sun.org.apache.xerces.internal.jaxp.DocumentBuilderImpl.parse(DocumentBuilderImpl.java:342)
	at com.st.stm32cube.ide.mpu.remote.serial.internal.SerialPortProviderWindows.run(SerialPortProviderWindows.java:127)
	at java.base/java.util.TimerThread.mainLoop(Timer.java:566)
	at java.base/java.util.TimerThread.run(Timer.java:516)

!ENTRY com.st.stm32cube.ide.mpu.remote.serial 4 0 2026-01-16 22:34:29.735
!MESSAGE Failed to parse wmic output
!STACK 0
org.xml.sax.SAXParseException; lineNumber: 1; columnNumber: 1; Premature end of file.
	at java.xml/com.sun.org.apache.xerces.internal.parsers.DOMParser.parse(DOMParser.java:262)
	at java.xml/com.sun.org.apache.xerces.internal.jaxp.DocumentBuilderImpl.parse(DocumentBuilderImpl.java:342)
	at com.st.stm32cube.ide.mpu.remote.serial.internal.SerialPortProviderWindows.run(SerialPortProviderWindows.java:127)
	at java.base/java.util.TimerThread.mainLoop(Timer.java:566)
	at java.base/java.util.TimerThread.run(Timer.java:516)

!ENTRY com.st.stm32cube.ide.mpu.remote.serial 4 0 2026-01-16 22:34:30.715
!MESSAGE Failed to parse wmic output
!STACK 0
org.xml.sax.SAXParseException; lineNumber: 1; columnNumber: 1; Premature end of file.
	at java.xml/com.sun.org.apache.xerces.internal.parsers.DOMParser.parse(DOMParser.java:262)
	at java.xml/com.sun.org.apache.xerces.internal.jaxp.DocumentBuilderImpl.parse(DocumentBuilderImpl.java:342)
	at com.st.stm32cube.ide.mpu.remote.serial.internal.SerialPortProviderWindows.run(SerialPortProviderWindows.java:127)
	at java.base/java.util.TimerThread.mainLoop(Timer.java:566)
	at java.base/java.util.TimerThread.run(Timer.java:516)

!ENTRY com.st.stm32cube.ide.mpu.remote.serial 4 0 2026-01-16 22:34:31.725
!MESSAGE Failed to parse wmic output
!STACK 0
org.xml.sax.SAXParseException; lineNumber: 1; columnNumber: 1; Premature end of file.
	at java.xml/com.sun.org.apache.xerces.internal.parsers.DOMParser.parse(DOMParser.java:262)
	at java.xml/com.sun.org.apache.xerces.internal.jaxp.DocumentBuilderImpl.parse(DocumentBuilderImpl.java:342)
	at com.st.stm32cube.ide.mpu.remote.serial.internal.SerialPortProviderWindows.run(SerialPortProviderWindows.java:127)
	at java.base/java.util.TimerThread.mainLoop(Timer.java:566)
	at java.base/java.util.TimerThread.run(Timer.java:516)

!ENTRY com.st.stm32cube.ide.mpu.remote.serial 4 0 2026-01-16 22:34:32.733
!MESSAGE Failed to parse wmic output
!STACK 0
org.xml.sax.SAXParseException; lineNumber: 1; columnNumber: 1; Premature end of file.
	at java.xml/com.sun.org.apache.xerces.internal.parsers.DOMParser.parse(DOMParser.java:262)
	at java.xml/com.sun.org.apache.xerces.internal.jaxp.DocumentBuilderImpl.parse(DocumentBuilderImpl.java:342)
	at com.st.stm32cube.ide.mpu.remote.serial.internal.SerialPortProviderWindows.run(SerialPortProviderWindows.java:127)
	at java.base/java.util.TimerThread.mainLoop(Timer.java:566)
	at java.base/java.util.TimerThread.run(Timer.java:516)

!ENTRY com.st.stm32cube.ide.mpu.remote.serial 4 0 2026-01-16 22:34:33.751
!MESSAGE Failed to parse wmic output
!STACK 0
org.xml.sax.SAXParseException; lineNumber: 1; columnNumber: 1; Premature end of file.
	at java.xml/com.sun.org.apache.xerces.internal.parsers.DOMParser.parse(DOMParser.java:262)
	at java.xml/com.sun.org.apache.xerces.internal.jaxp.DocumentBuilderImpl.parse(DocumentBuilderImpl.java:342)
	at com.st.stm32cube.ide.mpu.remote.serial.internal.SerialPortProviderWindows.run(SerialPortProviderWindows.java:127)
	at java.base/java.util.TimerThread.mainLoop(Timer.java:566)
	at java.base/java.util.TimerThread.run(Timer.java:516)

!ENTRY com.st.stm32cube.ide.mpu.remote.serial 4 0 2026-01-16 22:34:34.728
!MESSAGE Failed to parse wmic output
!STACK 0
org.xml.sax.SAXParseException; lineNumber: 1; columnNumber: 1; Premature end of file.
	at java.xml/com.sun.org.apache.xerces.internal.parsers.DOMParser.parse(DOMParser.java:262)
	at java.xml/com.sun.org.apache.xerces.internal.jaxp.DocumentBuilderImpl.parse(DocumentBuilderImpl.java:342)
	at com.st.stm32cube.ide.mpu.remote.serial.internal.SerialPortProviderWindows.run(SerialPortProviderWindows.java:127)
	at java.base/java.util.TimerThread.mainLoop(Timer.java:566)
	at java.base/java.util.TimerThread.run(Timer.java:516)

!ENTRY com.st.stm32cube.ide.mpu.remote.serial 4 0 2026-01-16 22:34:35.720
!MESSAGE Failed to parse wmic output
!STACK 0
org.xml.sax.SAXParseException; lineNumber: 1; columnNumber: 1; Premature end of file.
	at java.xml/com.sun.org.apache.xerces.internal.parsers.DOMParser.parse(DOMParser.java:262)
	at java.xml/com.sun.org.apache.xerces.internal.jaxp.DocumentBuilderImpl.parse(DocumentBuilderImpl.java:342)
	at com.st.stm32cube.ide.mpu.remote.serial.internal.SerialPortProviderWindows.run(SerialPortProviderWindows.java:127)
	at java.base/java.util.TimerThread.mainLoop(Timer.java:566)
	at java.base/java.util.TimerThread.run(Timer.java:516)

!ENTRY com.st.stm32cube.ide.mpu.remote.serial 4 0 2026-01-16 22:34:36.733
!MESSAGE Failed to parse wmic output
!STACK 0
org.xml.sax.SAXParseException; lineNumber: 1; columnNumber: 1; Premature end of file.
	at java.xml/com.sun.org.apache.xerces.internal.parsers.DOMParser.parse(DOMParser.java:262)
	at java.xml/com.sun.org.apache.xerces.internal.jaxp.DocumentBuilderImpl.parse(DocumentBuilderImpl.java:342)
	at com.st.stm32cube.ide.mpu.remote.serial.internal.SerialPortProviderWindows.run(SerialPortProviderWindows.java:127)
	at java.base/java.util.TimerThread.mainLoop(Timer.java:566)
	at java.base/java.util.TimerThread.run(Timer.java:516)

!ENTRY com.st.stm32cube.ide.mpu.remote.serial 4 0 2026-01-16 22:34:37.752
!MESSAGE Failed to parse wmic output
!STACK 0
org.xml.sax.SAXParseException; lineNumber: 1; columnNumber: 1; Premature end of file.
	at java.xml/com.sun.org.apache.xerces.internal.parsers.DOMParser.parse(DOMParser.java:262)
	at java.xml/com.sun.org.apache.xerces.internal.jaxp.DocumentBuilderImpl.parse(DocumentBuilderImpl.java:342)
	at com.st.stm32cube.ide.mpu.remote.serial.internal.SerialPortProviderWindows.run(SerialPortProviderWindows.java:127)
	at java.base/java.util.TimerThread.mainLoop(Timer.java:566)
	at java.base/java.util.TimerThread.run(Timer.java:516)

!ENTRY com.st.stm32cube.ide.mpu.remote.serial 4 0 2026-01-16 22:34:38.736
!MESSAGE Failed to parse wmic output
!STACK 0
org.xml.sax.SAXParseException; lineNumber: 1; columnNumber: 1; Premature end of file.
	at java.xml/com.sun.org.apache.xerces.internal.parsers.DOMParser.parse(DOMParser.java:262)
	at java.xml/com.sun.org.apache.xerces.internal.jaxp.DocumentBuilderImpl.parse(DocumentBuilderImpl.java:342)
	at com.st.stm32cube.ide.mpu.remote.serial.internal.SerialPortProviderWindows.run(SerialPortProviderWindows.java:127)
	at java.base/java.util.TimerThread.mainLoop(Timer.java:566)
	at java.base/java.util.TimerThread.run(Timer.java:516)

!ENTRY com.st.stm32cube.ide.mpu.remote.serial 4 0 2026-01-16 22:34:39.733
!MESSAGE Failed to parse wmic output
!STACK 0
org.xml.sax.SAXParseException; lineNumber: 1; columnNumber: 1; Premature end of file.
	at java.xml/com.sun.org.apache.xerces.internal.parsers.DOMParser.parse(DOMParser.java:262)
	at java.xml/com.sun.org.apache.xerces.internal.jaxp.DocumentBuilderImpl.parse(DocumentBuilderImpl.java:342)
	at com.st.stm32cube.ide.mpu.remote.serial.internal.SerialPortProviderWindows.run(SerialPortProviderWindows.java:127)
	at java.base/java.util.TimerThread.mainLoop(Timer.java:566)
	at java.base/java.util.TimerThread.run(Timer.java:516)

!ENTRY com.st.stm32cube.ide.mpu.remote.serial 4 0 2026-01-16 22:34:40.727
!MESSAGE Failed to parse wmic output
!STACK 0
org.xml.sax.SAXParseException; lineNumber: 1; columnNumber: 1; Premature end of file.
	at java.xml/com.sun.org.apache.xerces.internal.parsers.DOMParser.parse(DOMParser.java:262)
	at java.xml/com.sun.org.apache.xerces.internal.jaxp.DocumentBuilderImpl.parse(DocumentBuilderImpl.java:342)
	at com.st.stm32cube.ide.mpu.remote.serial.internal.SerialPortProviderWindows.run(SerialPortProviderWindows.java:127)
	at java.base/java.util.TimerThread.mainLoop(Timer.java:566)
	at java.base/java.util.TimerThread.run(Timer.java:516)

!ENTRY com.st.stm32cube.ide.mpu.remote.serial 4 0 2026-01-16 22:34:41.733
!MESSAGE Failed to parse wmic output
!STACK 0
org.xml.sax.SAXParseException; lineNumber: 1; columnNumber: 1; Premature end of file.
	at java.xml/com.sun.org.apache.xerces.internal.parsers.DOMParser.parse(DOMParser.java:262)
	at java.xml/com.sun.org.apache.xerces.internal.jaxp.DocumentBuilderImpl.parse(DocumentBuilderImpl.java:342)
	at com.st.stm32cube.ide.mpu.remote.serial.internal.SerialPortProviderWindows.run(SerialPortProviderWindows.java:127)
	at java.base/java.util.TimerThread.mainLoop(Timer.java:566)
	at java.base/java.util.TimerThread.run(Timer.java:516)

!ENTRY com.st.stm32cube.ide.mpu.remote.serial 4 0 2026-01-16 22:34:42.734
!MESSAGE Failed to parse wmic output
!STACK 0
org.xml.sax.SAXParseException; lineNumber: 1; columnNumber: 1; Premature end of file.
	at java.xml/com.sun.org.apache.xerces.internal.parsers.DOMParser.parse(DOMParser.java:262)
	at java.xml/com.sun.org.apache.xerces.internal.jaxp.DocumentBuilderImpl.parse(DocumentBuilderImpl.java:342)
	at com.st.stm32cube.ide.mpu.remote.serial.internal.SerialPortProviderWindows.run(SerialPortProviderWindows.java:127)
	at java.base/java.util.TimerThread.mainLoop(Timer.java:566)
	at java.base/java.util.TimerThread.run(Timer.java:516)

!ENTRY com.st.stm32cube.ide.mpu.remote.serial 4 0 2026-01-16 22:34:43.732
!MESSAGE Failed to parse wmic output
!STACK 0
org.xml.sax.SAXParseException; lineNumber: 1; columnNumber: 1; Premature end of file.
	at java.xml/com.sun.org.apache.xerces.internal.parsers.DOMParser.parse(DOMParser.java:262)
	at java.xml/com.sun.org.apache.xerces.internal.jaxp.DocumentBuilderImpl.parse(DocumentBuilderImpl.java:342)
	at com.st.stm32cube.ide.mpu.remote.serial.internal.SerialPortProviderWindows.run(SerialPortProviderWindows.java:127)
	at java.base/java.util.TimerThread.mainLoop(Timer.java:566)
	at java.base/java.util.TimerThread.run(Timer.java:516)

!ENTRY com.st.stm32cube.ide.mpu.remote.serial 4 0 2026-01-16 22:34:44.724
!MESSAGE Failed to parse wmic output
!STACK 0
org.xml.sax.SAXParseException; lineNumber: 1; columnNumber: 1; Premature end of file.
	at java.xml/com.sun.org.apache.xerces.internal.parsers.DOMParser.parse(DOMParser.java:262)
	at java.xml/com.sun.org.apache.xerces.internal.jaxp.DocumentBuilderImpl.parse(DocumentBuilderImpl.java:342)
	at com.st.stm32cube.ide.mpu.remote.serial.internal.SerialPortProviderWindows.run(SerialPortProviderWindows.java:127)
	at java.base/java.util.TimerThread.mainLoop(Timer.java:566)
	at java.base/java.util.TimerThread.run(Timer.java:516)

!ENTRY com.st.stm32cube.ide.mpu.remote.serial 4 0 2026-01-16 22:34:45.709
!MESSAGE Failed to parse wmic output
!STACK 0
org.xml.sax.SAXParseException; lineNumber: 1; columnNumber: 1; Premature end of file.
	at java.xml/com.sun.org.apache.xerces.internal.parsers.DOMParser.parse(DOMParser.java:262)
	at java.xml/com.sun.org.apache.xerces.internal.jaxp.DocumentBuilderImpl.parse(DocumentBuilderImpl.java:342)
	at com.st.stm32cube.ide.mpu.remote.serial.internal.SerialPortProviderWindows.run(SerialPortProviderWindows.java:127)
	at java.base/java.util.TimerThread.mainLoop(Timer.java:566)
	at java.base/java.util.TimerThread.run(Timer.java:516)

!ENTRY com.st.stm32cube.ide.mpu.remote.serial 4 0 2026-01-16 22:34:46.715
!MESSAGE Failed to parse wmic output
!STACK 0
org.xml.sax.SAXParseException; lineNumber: 1; columnNumber: 1; Premature end of file.
	at java.xml/com.sun.org.apache.xerces.internal.parsers.DOMParser.parse(DOMParser.java:262)
	at java.xml/com.sun.org.apache.xerces.internal.jaxp.DocumentBuilderImpl.parse(DocumentBuilderImpl.java:342)
	at com.st.stm32cube.ide.mpu.remote.serial.internal.SerialPortProviderWindows.run(SerialPortProviderWindows.java:127)
	at java.base/java.util.TimerThread.mainLoop(Timer.java:566)
	at java.base/java.util.TimerThread.run(Timer.java:516)

!ENTRY com.st.stm32cube.ide.mpu.remote.serial 4 0 2026-01-16 22:34:47.731
!MESSAGE Failed to parse wmic output
!STACK 0
org.xml.sax.SAXParseException; lineNumber: 1; columnNumber: 1; Premature end of file.
	at java.xml/com.sun.org.apache.xerces.internal.parsers.DOMParser.parse(DOMParser.java:262)
	at java.xml/com.sun.org.apache.xerces.internal.jaxp.DocumentBuilderImpl.parse(DocumentBuilderImpl.java:342)
	at com.st.stm32cube.ide.mpu.remote.serial.internal.SerialPortProviderWindows.run(SerialPortProviderWindows.java:127)
	at java.base/java.util.TimerThread.mainLoop(Timer.java:566)
	at java.base/java.util.TimerThread.run(Timer.java:516)

!ENTRY com.st.stm32cube.ide.mpu.remote.serial 4 0 2026-01-16 22:34:48.728
!MESSAGE Failed to parse wmic output
!STACK 0
org.xml.sax.SAXParseException; lineNumber: 1; columnNumber: 1; Premature end of file.
	at java.xml/com.sun.org.apache.xerces.internal.parsers.DOMParser.parse(DOMParser.java:262)
	at java.xml/com.sun.org.apache.xerces.internal.jaxp.DocumentBuilderImpl.parse(DocumentBuilderImpl.java:342)
	at com.st.stm32cube.ide.mpu.remote.serial.internal.SerialPortProviderWindows.run(SerialPortProviderWindows.java:127)
	at java.base/java.util.TimerThread.mainLoop(Timer.java:566)
	at java.base/java.util.TimerThread.run(Timer.java:516)

!ENTRY com.st.stm32cube.ide.mpu.remote.serial 4 0 2026-01-16 22:34:49.723
!MESSAGE Failed to parse wmic output
!STACK 0
org.xml.sax.SAXParseException; lineNumber: 1; columnNumber: 1; Premature end of file.
	at java.xml/com.sun.org.apache.xerces.internal.parsers.DOMParser.parse(DOMParser.java:262)
	at java.xml/com.sun.org.apache.xerces.internal.jaxp.DocumentBuilderImpl.parse(DocumentBuilderImpl.java:342)
	at com.st.stm32cube.ide.mpu.remote.serial.internal.SerialPortProviderWindows.run(SerialPortProviderWindows.java:127)
	at java.base/java.util.TimerThread.mainLoop(Timer.java:566)
	at java.base/java.util.TimerThread.run(Timer.java:516)

!ENTRY com.st.stm32cube.ide.mpu.remote.serial 4 0 2026-01-16 22:34:50.724
!MESSAGE Failed to parse wmic output
!STACK 0
org.xml.sax.SAXParseException; lineNumber: 1; columnNumber: 1; Premature end of file.
	at java.xml/com.sun.org.apache.xerces.internal.parsers.DOMParser.parse(DOMParser.java:262)
	at java.xml/com.sun.org.apache.xerces.internal.jaxp.DocumentBuilderImpl.parse(DocumentBuilderImpl.java:342)
	at com.st.stm32cube.ide.mpu.remote.serial.internal.SerialPortProviderWindows.run(SerialPortProviderWindows.java:127)
	at java.base/java.util.TimerThread.mainLoop(Timer.java:566)
	at java.base/java.util.TimerThread.run(Timer.java:516)

!ENTRY com.st.stm32cube.ide.mpu.remote.serial 4 0 2026-01-16 22:34:51.722
!MESSAGE Failed to parse wmic output
!STACK 0
org.xml.sax.SAXParseException; lineNumber: 1; columnNumber: 1; Premature end of file.
	at java.xml/com.sun.org.apache.xerces.internal.parsers.DOMParser.parse(DOMParser.java:262)
	at java.xml/com.sun.org.apache.xerces.internal.jaxp.DocumentBuilderImpl.parse(DocumentBuilderImpl.java:342)
	at com.st.stm32cube.ide.mpu.remote.serial.internal.SerialPortProviderWindows.run(SerialPortProviderWindows.java:127)
	at java.base/java.util.TimerThread.mainLoop(Timer.java:566)
	at java.base/java.util.TimerThread.run(Timer.java:516)

!ENTRY com.st.stm32cube.ide.mpu.remote.serial 4 0 2026-01-16 22:34:52.716
!MESSAGE Failed to parse wmic output
!STACK 0
org.xml.sax.SAXParseException; lineNumber: 1; columnNumber: 1; Premature end of file.
	at java.xml/com.sun.org.apache.xerces.internal.parsers.DOMParser.parse(DOMParser.java:262)
	at java.xml/com.sun.org.apache.xerces.internal.jaxp.DocumentBuilderImpl.parse(DocumentBuilderImpl.java:342)
	at com.st.stm32cube.ide.mpu.remote.serial.internal.SerialPortProviderWindows.run(SerialPortProviderWindows.java:127)
	at java.base/java.util.TimerThread.mainLoop(Timer.java:566)
	at java.base/java.util.TimerThread.run(Timer.java:516)

!ENTRY com.st.stm32cube.ide.mpu.remote.serial 4 0 2026-01-16 22:34:53.730
!MESSAGE Failed to parse wmic output
!STACK 0
org.xml.sax.SAXParseException; lineNumber: 1; columnNumber: 1; Premature end of file.
	at java.xml/com.sun.org.apache.xerces.internal.parsers.DOMParser.parse(DOMParser.java:262)
	at java.xml/com.sun.org.apache.xerces.internal.jaxp.DocumentBuilderImpl.parse(DocumentBuilderImpl.java:342)
	at com.st.stm32cube.ide.mpu.remote.serial.internal.SerialPortProviderWindows.run(SerialPortProviderWindows.java:127)
	at java.base/java.util.TimerThread.mainLoop(Timer.java:566)
	at java.base/java.util.TimerThread.run(Timer.java:516)

!ENTRY com.st.stm32cube.ide.mpu.remote.serial 4 0 2026-01-16 22:34:54.731
!MESSAGE Failed to parse wmic output
!STACK 0
org.xml.sax.SAXParseException; lineNumber: 1; columnNumber: 1; Premature end of file.
	at java.xml/com.sun.org.apache.xerces.internal.parsers.DOMParser.parse(DOMParser.java:262)
	at java.xml/com.sun.org.apache.xerces.internal.jaxp.DocumentBuilderImpl.parse(DocumentBuilderImpl.java:342)
	at com.st.stm32cube.ide.mpu.remote.serial.internal.SerialPortProviderWindows.run(SerialPortProviderWindows.java:127)
	at java.base/java.util.TimerThread.mainLoop(Timer.java:566)
	at java.base/java.util.TimerThread.run(Timer.java:516)

!ENTRY com.st.stm32cube.ide.mpu.remote.serial 4 0 2026-01-16 22:34:55.725
!MESSAGE Failed to parse wmic output
!STACK 0
org.xml.sax.SAXParseException; lineNumber: 1; columnNumber: 1; Premature end of file.
	at java.xml/com.sun.org.apache.xerces.internal.parsers.DOMParser.parse(DOMParser.java:262)
	at java.xml/com.sun.org.apache.xerces.internal.jaxp.DocumentBuilderImpl.parse(DocumentBuilderImpl.java:342)
	at com.st.stm32cube.ide.mpu.remote.serial.internal.SerialPortProviderWindows.run(SerialPortProviderWindows.java:127)
	at java.base/java.util.TimerThread.mainLoop(Timer.java:566)
	at java.base/java.util.TimerThread.run(Timer.java:516)

!ENTRY com.st.stm32cube.ide.mpu.remote.serial 4 0 2026-01-16 22:34:56.748
!MESSAGE Failed to parse wmic output
!STACK 0
org.xml.sax.SAXParseException; lineNumber: 1; columnNumber: 1; Premature end of file.
	at java.xml/com.sun.org.apache.xerces.internal.parsers.DOMParser.parse(DOMParser.java:262)
	at java.xml/com.sun.org.apache.xerces.internal.jaxp.DocumentBuilderImpl.parse(DocumentBuilderImpl.java:342)
	at com.st.stm32cube.ide.mpu.remote.serial.internal.SerialPortProviderWindows.run(SerialPortProviderWindows.java:127)
	at java.base/java.util.TimerThread.mainLoop(Timer.java:566)
	at java.base/java.util.TimerThread.run(Timer.java:516)

!ENTRY com.st.stm32cube.ide.mpu.remote.serial 4 0 2026-01-16 22:34:57.745
!MESSAGE Failed to parse wmic output
!STACK 0
org.xml.sax.SAXParseException; lineNumber: 1; columnNumber: 1; Premature end of file.
	at java.xml/com.sun.org.apache.xerces.internal.parsers.DOMParser.parse(DOMParser.java:262)
	at java.xml/com.sun.org.apache.xerces.internal.jaxp.DocumentBuilderImpl.parse(DocumentBuilderImpl.java:342)
	at com.st.stm32cube.ide.mpu.remote.serial.internal.SerialPortProviderWindows.run(SerialPortProviderWindows.java:127)
	at java.base/java.util.TimerThread.mainLoop(Timer.java:566)
	at java.base/java.util.TimerThread.run(Timer.java:516)

!ENTRY com.st.stm32cube.ide.mpu.remote.serial 4 0 2026-01-16 22:34:58.731
!MESSAGE Failed to parse wmic output
!STACK 0
org.xml.sax.SAXParseException; lineNumber: 1; columnNumber: 1; Premature end of file.
	at java.xml/com.sun.org.apache.xerces.internal.parsers.DOMParser.parse(DOMParser.java:262)
	at java.xml/com.sun.org.apache.xerces.internal.jaxp.DocumentBuilderImpl.parse(DocumentBuilderImpl.java:342)
	at com.st.stm32cube.ide.mpu.remote.serial.internal.SerialPortProviderWindows.run(SerialPortProviderWindows.java:127)
	at java.base/java.util.TimerThread.mainLoop(Timer.java:566)
	at java.base/java.util.TimerThread.run(Timer.java:516)

!ENTRY com.st.stm32cube.ide.mpu.remote.serial 4 0 2026-01-16 22:34:59.736
!MESSAGE Failed to parse wmic output
!STACK 0
org.xml.sax.SAXParseException; lineNumber: 1; columnNumber: 1; Premature end of file.
	at java.xml/com.sun.org.apache.xerces.internal.parsers.DOMParser.parse(DOMParser.java:262)
	at java.xml/com.sun.org.apache.xerces.internal.jaxp.DocumentBuilderImpl.parse(DocumentBuilderImpl.java:342)
	at com.st.stm32cube.ide.mpu.remote.serial.internal.SerialPortProviderWindows.run(SerialPortProviderWindows.java:127)
	at java.base/java.util.TimerThread.mainLoop(Timer.java:566)
	at java.base/java.util.TimerThread.run(Timer.java:516)

!ENTRY com.st.stm32cube.ide.mpu.remote.serial 4 0 2026-01-16 22:35:00.730
!MESSAGE Failed to parse wmic output
!STACK 0
org.xml.sax.SAXParseException; lineNumber: 1; columnNumber: 1; Premature end of file.
	at java.xml/com.sun.org.apache.xerces.internal.parsers.DOMParser.parse(DOMParser.java:262)
	at java.xml/com.sun.org.apache.xerces.internal.jaxp.DocumentBuilderImpl.parse(DocumentBuilderImpl.java:342)
	at com.st.stm32cube.ide.mpu.remote.serial.internal.SerialPortProviderWindows.run(SerialPortProviderWindows.java:127)
	at java.base/java.util.TimerThread.mainLoop(Timer.java:566)
	at java.base/java.util.TimerThread.run(Timer.java:516)

!ENTRY com.st.stm32cube.ide.mpu.remote.serial 4 0 2026-01-16 22:35:01.737
!MESSAGE Failed to parse wmic output
!STACK 0
org.xml.sax.SAXParseException; lineNumber: 1; columnNumber: 1; Premature end of file.
	at java.xml/com.sun.org.apache.xerces.internal.parsers.DOMParser.parse(DOMParser.java:262)
	at java.xml/com.sun.org.apache.xerces.internal.jaxp.DocumentBuilderImpl.parse(DocumentBuilderImpl.java:342)
	at com.st.stm32cube.ide.mpu.remote.serial.internal.SerialPortProviderWindows.run(SerialPortProviderWindows.java:127)
	at java.base/java.util.TimerThread.mainLoop(Timer.java:566)
	at java.base/java.util.TimerThread.run(Timer.java:516)

!ENTRY com.st.stm32cube.ide.mpu.remote.serial 4 0 2026-01-16 22:35:02.724
!MESSAGE Failed to parse wmic output
!STACK 0
org.xml.sax.SAXParseException; lineNumber: 1; columnNumber: 1; Premature end of file.
	at java.xml/com.sun.org.apache.xerces.internal.parsers.DOMParser.parse(DOMParser.java:262)
	at java.xml/com.sun.org.apache.xerces.internal.jaxp.DocumentBuilderImpl.parse(DocumentBuilderImpl.java:342)
	at com.st.stm32cube.ide.mpu.remote.serial.internal.SerialPortProviderWindows.run(SerialPortProviderWindows.java:127)
	at java.base/java.util.TimerThread.mainLoop(Timer.java:566)
	at java.base/java.util.TimerThread.run(Timer.java:516)

!ENTRY com.st.stm32cube.ide.mpu.remote.serial 4 0 2026-01-16 22:35:03.736
!MESSAGE Failed to parse wmic output
!STACK 0
org.xml.sax.SAXParseException; lineNumber: 1; columnNumber: 1; Premature end of file.
	at java.xml/com.sun.org.apache.xerces.internal.parsers.DOMParser.parse(DOMParser.java:262)
	at java.xml/com.sun.org.apache.xerces.internal.jaxp.DocumentBuilderImpl.parse(DocumentBuilderImpl.java:342)
	at com.st.stm32cube.ide.mpu.remote.serial.internal.SerialPortProviderWindows.run(SerialPortProviderWindows.java:127)
	at java.base/java.util.TimerThread.mainLoop(Timer.java:566)
	at java.base/java.util.TimerThread.run(Timer.java:516)

!ENTRY com.st.stm32cube.ide.mpu.remote.serial 4 0 2026-01-16 22:35:04.724
!MESSAGE Failed to parse wmic output
!STACK 0
org.xml.sax.SAXParseException; lineNumber: 1; columnNumber: 1; Premature end of file.
	at java.xml/com.sun.org.apache.xerces.internal.parsers.DOMParser.parse(DOMParser.java:262)
	at java.xml/com.sun.org.apache.xerces.internal.jaxp.DocumentBuilderImpl.parse(DocumentBuilderImpl.java:342)
	at com.st.stm32cube.ide.mpu.remote.serial.internal.SerialPortProviderWindows.run(SerialPortProviderWindows.java:127)
	at java.base/java.util.TimerThread.mainLoop(Timer.java:566)
	at java.base/java.util.TimerThread.run(Timer.java:516)

!ENTRY com.st.stm32cube.ide.mpu.remote.serial 4 0 2026-01-16 22:35:05.733
!MESSAGE Failed to parse wmic output
!STACK 0
org.xml.sax.SAXParseException; lineNumber: 1; columnNumber: 1; Premature end of file.
	at java.xml/com.sun.org.apache.xerces.internal.parsers.DOMParser.parse(DOMParser.java:262)
	at java.xml/com.sun.org.apache.xerces.internal.jaxp.DocumentBuilderImpl.parse(DocumentBuilderImpl.java:342)
	at com.st.stm32cube.ide.mpu.remote.serial.internal.SerialPortProviderWindows.run(SerialPortProviderWindows.java:127)
	at java.base/java.util.TimerThread.mainLoop(Timer.java:566)
	at java.base/java.util.TimerThread.run(Timer.java:516)

!ENTRY com.st.stm32cube.ide.mpu.remote.serial 4 0 2026-01-16 22:35:06.719
!MESSAGE Failed to parse wmic output
!STACK 0
org.xml.sax.SAXParseException; lineNumber: 1; columnNumber: 1; Premature end of file.
	at java.xml/com.sun.org.apache.xerces.internal.parsers.DOMParser.parse(DOMParser.java:262)
	at java.xml/com.sun.org.apache.xerces.internal.jaxp.DocumentBuilderImpl.parse(DocumentBuilderImpl.java:342)
	at com.st.stm32cube.ide.mpu.remote.serial.internal.SerialPortProviderWindows.run(SerialPortProviderWindows.java:127)
	at java.base/java.util.TimerThread.mainLoop(Timer.java:566)
	at java.base/java.util.TimerThread.run(Timer.java:516)

!ENTRY com.st.stm32cube.ide.mpu.remote.serial 4 0 2026-01-16 22:35:07.737
!MESSAGE Failed to parse wmic output
!STACK 0
org.xml.sax.SAXParseException; lineNumber: 1; columnNumber: 1; Premature end of file.
	at java.xml/com.sun.org.apache.xerces.internal.parsers.DOMParser.parse(DOMParser.java:262)
	at java.xml/com.sun.org.apache.xerces.internal.jaxp.DocumentBuilderImpl.parse(DocumentBuilderImpl.java:342)
	at com.st.stm32cube.ide.mpu.remote.serial.internal.SerialPortProviderWindows.run(SerialPortProviderWindows.java:127)
	at java.base/java.util.TimerThread.mainLoop(Timer.java:566)
	at java.base/java.util.TimerThread.run(Timer.java:516)

!ENTRY com.st.stm32cube.ide.mpu.remote.serial 4 0 2026-01-16 22:35:08.742
!MESSAGE Failed to parse wmic output
!STACK 0
org.xml.sax.SAXParseException; lineNumber: 1; columnNumber: 1; Premature end of file.
	at java.xml/com.sun.org.apache.xerces.internal.parsers.DOMParser.parse(DOMParser.java:262)
	at java.xml/com.sun.org.apache.xerces.internal.jaxp.DocumentBuilderImpl.parse(DocumentBuilderImpl.java:342)
	at com.st.stm32cube.ide.mpu.remote.serial.internal.SerialPortProviderWindows.run(SerialPortProviderWindows.java:127)
	at java.base/java.util.TimerThread.mainLoop(Timer.java:566)
	at java.base/java.util.TimerThread.run(Timer.java:516)

!ENTRY com.st.stm32cube.ide.mpu.remote.serial 4 0 2026-01-16 22:35:09.728
!MESSAGE Failed to parse wmic output
!STACK 0
org.xml.sax.SAXParseException; lineNumber: 1; columnNumber: 1; Premature end of file.
	at java.xml/com.sun.org.apache.xerces.internal.parsers.DOMParser.parse(DOMParser.java:262)
	at java.xml/com.sun.org.apache.xerces.internal.jaxp.DocumentBuilderImpl.parse(DocumentBuilderImpl.java:342)
	at com.st.stm32cube.ide.mpu.remote.serial.internal.SerialPortProviderWindows.run(SerialPortProviderWindows.java:127)
	at java.base/java.util.TimerThread.mainLoop(Timer.java:566)
	at java.base/java.util.TimerThread.run(Timer.java:516)

!ENTRY com.st.stm32cube.ide.mpu.remote.serial 4 0 2026-01-16 22:35:10.715
!MESSAGE Failed to parse wmic output
!STACK 0
org.xml.sax.SAXParseException; lineNumber: 1; columnNumber: 1; Premature end of file.
	at java.xml/com.sun.org.apache.xerces.internal.parsers.DOMParser.parse(DOMParser.java:262)
	at java.xml/com.sun.org.apache.xerces.internal.jaxp.DocumentBuilderImpl.parse(DocumentBuilderImpl.java:342)
	at com.st.stm32cube.ide.mpu.remote.serial.internal.SerialPortProviderWindows.run(SerialPortProviderWindows.java:127)
	at java.base/java.util.TimerThread.mainLoop(Timer.java:566)
	at java.base/java.util.TimerThread.run(Timer.java:516)

!ENTRY com.st.stm32cube.ide.mpu.remote.serial 4 0 2026-01-16 22:35:11.718
!MESSAGE Failed to parse wmic output
!STACK 0
org.xml.sax.SAXParseException; lineNumber: 1; columnNumber: 1; Premature end of file.
	at java.xml/com.sun.org.apache.xerces.internal.parsers.DOMParser.parse(DOMParser.java:262)
	at java.xml/com.sun.org.apache.xerces.internal.jaxp.DocumentBuilderImpl.parse(DocumentBuilderImpl.java:342)
	at com.st.stm32cube.ide.mpu.remote.serial.internal.SerialPortProviderWindows.run(SerialPortProviderWindows.java:127)
	at java.base/java.util.TimerThread.mainLoop(Timer.java:566)
	at java.base/java.util.TimerThread.run(Timer.java:516)

!ENTRY com.st.stm32cube.ide.mpu.remote.serial 4 0 2026-01-16 22:35:12.735
!MESSAGE Failed to parse wmic output
!STACK 0
org.xml.sax.SAXParseException; lineNumber: 1; columnNumber: 1; Premature end of file.
	at java.xml/com.sun.org.apache.xerces.internal.parsers.DOMParser.parse(DOMParser.java:262)
	at java.xml/com.sun.org.apache.xerces.internal.jaxp.DocumentBuilderImpl.parse(DocumentBuilderImpl.java:342)
	at com.st.stm32cube.ide.mpu.remote.serial.internal.SerialPortProviderWindows.run(SerialPortProviderWindows.java:127)
	at java.base/java.util.TimerThread.mainLoop(Timer.java:566)
	at java.base/java.util.TimerThread.run(Timer.java:516)

!ENTRY com.st.stm32cube.ide.mpu.remote.serial 4 0 2026-01-16 22:35:13.739
!MESSAGE Failed to parse wmic output
!STACK 0
org.xml.sax.SAXParseException; lineNumber: 1; columnNumber: 1; Premature end of file.
	at java.xml/com.sun.org.apache.xerces.internal.parsers.DOMParser.parse(DOMParser.java:262)
	at java.xml/com.sun.org.apache.xerces.internal.jaxp.DocumentBuilderImpl.parse(DocumentBuilderImpl.java:342)
	at com.st.stm32cube.ide.mpu.remote.serial.internal.SerialPortProviderWindows.run(SerialPortProviderWindows.java:127)
	at java.base/java.util.TimerThread.mainLoop(Timer.java:566)
	at java.base/java.util.TimerThread.run(Timer.java:516)

!ENTRY com.st.stm32cube.ide.mpu.remote.serial 4 0 2026-01-16 22:35:14.732
!MESSAGE Failed to parse wmic output
!STACK 0
org.xml.sax.SAXParseException; lineNumber: 1; columnNumber: 1; Premature end of file.
	at java.xml/com.sun.org.apache.xerces.internal.parsers.DOMParser.parse(DOMParser.java:262)
	at java.xml/com.sun.org.apache.xerces.internal.jaxp.DocumentBuilderImpl.parse(DocumentBuilderImpl.java:342)
	at com.st.stm32cube.ide.mpu.remote.serial.internal.SerialPortProviderWindows.run(SerialPortProviderWindows.java:127)
	at java.base/java.util.TimerThread.mainLoop(Timer.java:566)
	at java.base/java.util.TimerThread.run(Timer.java:516)

!ENTRY com.st.stm32cube.ide.mpu.remote.serial 4 0 2026-01-16 22:35:15.724
!MESSAGE Failed to parse wmic output
!STACK 0
org.xml.sax.SAXParseException; lineNumber: 1; columnNumber: 1; Premature end of file.
	at java.xml/com.sun.org.apache.xerces.internal.parsers.DOMParser.parse(DOMParser.java:262)
	at java.xml/com.sun.org.apache.xerces.internal.jaxp.DocumentBuilderImpl.parse(DocumentBuilderImpl.java:342)
	at com.st.stm32cube.ide.mpu.remote.serial.internal.SerialPortProviderWindows.run(SerialPortProviderWindows.java:127)
	at java.base/java.util.TimerThread.mainLoop(Timer.java:566)
	at java.base/java.util.TimerThread.run(Timer.java:516)

!ENTRY com.st.stm32cube.ide.mpu.remote.serial 4 0 2026-01-16 22:35:16.727
!MESSAGE Failed to parse wmic output
!STACK 0
org.xml.sax.SAXParseException; lineNumber: 1; columnNumber: 1; Premature end of file.
	at java.xml/com.sun.org.apache.xerces.internal.parsers.DOMParser.parse(DOMParser.java:262)
	at java.xml/com.sun.org.apache.xerces.internal.jaxp.DocumentBuilderImpl.parse(DocumentBuilderImpl.java:342)
	at com.st.stm32cube.ide.mpu.remote.serial.internal.SerialPortProviderWindows.run(SerialPortProviderWindows.java:127)
	at java.base/java.util.TimerThread.mainLoop(Timer.java:566)
	at java.base/java.util.TimerThread.run(Timer.java:516)

!ENTRY com.st.stm32cube.ide.mpu.remote.serial 4 0 2026-01-16 22:35:17.731
!MESSAGE Failed to parse wmic output
!STACK 0
org.xml.sax.SAXParseException; lineNumber: 1; columnNumber: 1; Premature end of file.
	at java.xml/com.sun.org.apache.xerces.internal.parsers.DOMParser.parse(DOMParser.java:262)
	at java.xml/com.sun.org.apache.xerces.internal.jaxp.DocumentBuilderImpl.parse(DocumentBuilderImpl.java:342)
	at com.st.stm32cube.ide.mpu.remote.serial.internal.SerialPortProviderWindows.run(SerialPortProviderWindows.java:127)
	at java.base/java.util.TimerThread.mainLoop(Timer.java:566)
	at java.base/java.util.TimerThread.run(Timer.java:516)

!ENTRY com.st.stm32cube.ide.mpu.remote.serial 4 0 2026-01-16 22:35:18.714
!MESSAGE Failed to parse wmic output
!STACK 0
org.xml.sax.SAXParseException; lineNumber: 1; columnNumber: 1; Premature end of file.
	at java.xml/com.sun.org.apache.xerces.internal.parsers.DOMParser.parse(DOMParser.java:262)
	at java.xml/com.sun.org.apache.xerces.internal.jaxp.DocumentBuilderImpl.parse(DocumentBuilderImpl.java:342)
	at com.st.stm32cube.ide.mpu.remote.serial.internal.SerialPortProviderWindows.run(SerialPortProviderWindows.java:127)
	at java.base/java.util.TimerThread.mainLoop(Timer.java:566)
	at java.base/java.util.TimerThread.run(Timer.java:516)

!ENTRY com.st.stm32cube.ide.mpu.remote.serial 4 0 2026-01-16 22:35:19.721
!MESSAGE Failed to parse wmic output
!STACK 0
org.xml.sax.SAXParseException; lineNumber: 1; columnNumber: 1; Premature end of file.
	at java.xml/com.sun.org.apache.xerces.internal.parsers.DOMParser.parse(DOMParser.java:262)
	at java.xml/com.sun.org.apache.xerces.internal.jaxp.DocumentBuilderImpl.parse(DocumentBuilderImpl.java:342)
	at com.st.stm32cube.ide.mpu.remote.serial.internal.SerialPortProviderWindows.run(SerialPortProviderWindows.java:127)
	at java.base/java.util.TimerThread.mainLoop(Timer.java:566)
	at java.base/java.util.TimerThread.run(Timer.java:516)

!ENTRY com.st.stm32cube.ide.mpu.remote.serial 4 0 2026-01-16 22:35:20.727
!MESSAGE Failed to parse wmic output
!STACK 0
org.xml.sax.SAXParseException; lineNumber: 1; columnNumber: 1; Premature end of file.
	at java.xml/com.sun.org.apache.xerces.internal.parsers.DOMParser.parse(DOMParser.java:262)
	at java.xml/com.sun.org.apache.xerces.internal.jaxp.DocumentBuilderImpl.parse(DocumentBuilderImpl.java:342)
	at com.st.stm32cube.ide.mpu.remote.serial.internal.SerialPortProviderWindows.run(SerialPortProviderWindows.java:127)
	at java.base/java.util.TimerThread.mainLoop(Timer.java:566)
	at java.base/java.util.TimerThread.run(Timer.java:516)

!ENTRY com.st.stm32cube.ide.mpu.remote.serial 4 0 2026-01-16 22:35:21.745
!MESSAGE Failed to parse wmic output
!STACK 0
org.xml.sax.SAXParseException; lineNumber: 1; columnNumber: 1; Premature end of file.
	at java.xml/com.sun.org.apache.xerces.internal.parsers.DOMParser.parse(DOMParser.java:262)
	at java.xml/com.sun.org.apache.xerces.internal.jaxp.DocumentBuilderImpl.parse(DocumentBuilderImpl.java:342)
	at com.st.stm32cube.ide.mpu.remote.serial.internal.SerialPortProviderWindows.run(SerialPortProviderWindows.java:127)
	at java.base/java.util.TimerThread.mainLoop(Timer.java:566)
	at java.base/java.util.TimerThread.run(Timer.java:516)

!ENTRY com.st.stm32cube.ide.mpu.remote.serial 4 0 2026-01-16 22:35:22.731
!MESSAGE Failed to parse wmic output
!STACK 0
org.xml.sax.SAXParseException; lineNumber: 1; columnNumber: 1; Premature end of file.
	at java.xml/com.sun.org.apache.xerces.internal.parsers.DOMParser.parse(DOMParser.java:262)
	at java.xml/com.sun.org.apache.xerces.internal.jaxp.DocumentBuilderImpl.parse(DocumentBuilderImpl.java:342)
	at com.st.stm32cube.ide.mpu.remote.serial.internal.SerialPortProviderWindows.run(SerialPortProviderWindows.java:127)
	at java.base/java.util.TimerThread.mainLoop(Timer.java:566)
	at java.base/java.util.TimerThread.run(Timer.java:516)

!ENTRY com.st.stm32cube.ide.mpu.remote.serial 4 0 2026-01-16 22:35:23.723
!MESSAGE Failed to parse wmic output
!STACK 0
org.xml.sax.SAXParseException; lineNumber: 1; columnNumber: 1; Premature end of file.
	at java.xml/com.sun.org.apache.xerces.internal.parsers.DOMParser.parse(DOMParser.java:262)
	at java.xml/com.sun.org.apache.xerces.internal.jaxp.DocumentBuilderImpl.parse(DocumentBuilderImpl.java:342)
	at com.st.stm32cube.ide.mpu.remote.serial.internal.SerialPortProviderWindows.run(SerialPortProviderWindows.java:127)
	at java.base/java.util.TimerThread.mainLoop(Timer.java:566)
	at java.base/java.util.TimerThread.run(Timer.java:516)

!ENTRY com.st.stm32cube.ide.mpu.remote.serial 4 0 2026-01-16 22:35:24.751
!MESSAGE Failed to parse wmic output
!STACK 0
org.xml.sax.SAXParseException; lineNumber: 1; columnNumber: 1; Premature end of file.
	at java.xml/com.sun.org.apache.xerces.internal.parsers.DOMParser.parse(DOMParser.java:262)
	at java.xml/com.sun.org.apache.xerces.internal.jaxp.DocumentBuilderImpl.parse(DocumentBuilderImpl.java:342)
	at com.st.stm32cube.ide.mpu.remote.serial.internal.SerialPortProviderWindows.run(SerialPortProviderWindows.java:127)
	at java.base/java.util.TimerThread.mainLoop(Timer.java:566)
	at java.base/java.util.TimerThread.run(Timer.java:516)

!ENTRY com.st.stm32cube.ide.mpu.remote.serial 4 0 2026-01-16 22:35:25.706
!MESSAGE Failed to parse wmic output
!STACK 0
org.xml.sax.SAXParseException; lineNumber: 1; columnNumber: 1; Premature end of file.
	at java.xml/com.sun.org.apache.xerces.internal.parsers.DOMParser.parse(DOMParser.java:262)
	at java.xml/com.sun.org.apache.xerces.internal.jaxp.DocumentBuilderImpl.parse(DocumentBuilderImpl.java:342)
	at com.st.stm32cube.ide.mpu.remote.serial.internal.SerialPortProviderWindows.run(SerialPortProviderWindows.java:127)
	at java.base/java.util.TimerThread.mainLoop(Timer.java:566)
	at java.base/java.util.TimerThread.run(Timer.java:516)

!ENTRY com.st.stm32cube.ide.mpu.remote.serial 4 0 2026-01-16 22:35:26.727
!MESSAGE Failed to parse wmic output
!STACK 0
org.xml.sax.SAXParseException; lineNumber: 1; columnNumber: 1; Premature end of file.
	at java.xml/com.sun.org.apache.xerces.internal.parsers.DOMParser.parse(DOMParser.java:262)
	at java.xml/com.sun.org.apache.xerces.internal.jaxp.DocumentBuilderImpl.parse(DocumentBuilderImpl.java:342)
	at com.st.stm32cube.ide.mpu.remote.serial.internal.SerialPortProviderWindows.run(SerialPortProviderWindows.java:127)
	at java.base/java.util.TimerThread.mainLoop(Timer.java:566)
	at java.base/java.util.TimerThread.run(Timer.java:516)

!ENTRY com.st.stm32cube.ide.mpu.remote.serial 4 0 2026-01-16 22:35:27.723
!MESSAGE Failed to parse wmic output
!STACK 0
org.xml.sax.SAXParseException; lineNumber: 1; columnNumber: 1; Premature end of file.
	at java.xml/com.sun.org.apache.xerces.internal.parsers.DOMParser.parse(DOMParser.java:262)
	at java.xml/com.sun.org.apache.xerces.internal.jaxp.DocumentBuilderImpl.parse(DocumentBuilderImpl.java:342)
	at com.st.stm32cube.ide.mpu.remote.serial.internal.SerialPortProviderWindows.run(SerialPortProviderWindows.java:127)
	at java.base/java.util.TimerThread.mainLoop(Timer.java:566)
	at java.base/java.util.TimerThread.run(Timer.java:516)

!ENTRY com.st.stm32cube.ide.mpu.remote.serial 4 0 2026-01-16 22:35:28.742
!MESSAGE Failed to parse wmic output
!STACK 0
org.xml.sax.SAXParseException; lineNumber: 1; columnNumber: 1; Premature end of file.
	at java.xml/com.sun.org.apache.xerces.internal.parsers.DOMParser.parse(DOMParser.java:262)
	at java.xml/com.sun.org.apache.xerces.internal.jaxp.DocumentBuilderImpl.parse(DocumentBuilderImpl.java:342)
	at com.st.stm32cube.ide.mpu.remote.serial.internal.SerialPortProviderWindows.run(SerialPortProviderWindows.java:127)
	at java.base/java.util.TimerThread.mainLoop(Timer.java:566)
	at java.base/java.util.TimerThread.run(Timer.java:516)

!ENTRY com.st.stm32cube.ide.mpu.remote.serial 4 0 2026-01-16 22:35:29.732
!MESSAGE Failed to parse wmic output
!STACK 0
org.xml.sax.SAXParseException; lineNumber: 1; columnNumber: 1; Premature end of file.
	at java.xml/com.sun.org.apache.xerces.internal.parsers.DOMParser.parse(DOMParser.java:262)
	at java.xml/com.sun.org.apache.xerces.internal.jaxp.DocumentBuilderImpl.parse(DocumentBuilderImpl.java:342)
	at com.st.stm32cube.ide.mpu.remote.serial.internal.SerialPortProviderWindows.run(SerialPortProviderWindows.java:127)
	at java.base/java.util.TimerThread.mainLoop(Timer.java:566)
	at java.base/java.util.TimerThread.run(Timer.java:516)

!ENTRY com.st.stm32cube.ide.mpu.remote.serial 4 0 2026-01-16 22:35:30.727
!MESSAGE Failed to parse wmic output
!STACK 0
org.xml.sax.SAXParseException; lineNumber: 1; columnNumber: 1; Premature end of file.
	at java.xml/com.sun.org.apache.xerces.internal.parsers.DOMParser.parse(DOMParser.java:262)
	at java.xml/com.sun.org.apache.xerces.internal.jaxp.DocumentBuilderImpl.parse(DocumentBuilderImpl.java:342)
	at com.st.stm32cube.ide.mpu.remote.serial.internal.SerialPortProviderWindows.run(SerialPortProviderWindows.java:127)
	at java.base/java.util.TimerThread.mainLoop(Timer.java:566)
	at java.base/java.util.TimerThread.run(Timer.java:516)

!ENTRY com.st.stm32cube.ide.mpu.remote.serial 4 0 2026-01-16 22:35:31.727
!MESSAGE Failed to parse wmic output
!STACK 0
org.xml.sax.SAXParseException; lineNumber: 1; columnNumber: 1; Premature end of file.
	at java.xml/com.sun.org.apache.xerces.internal.parsers.DOMParser.parse(DOMParser.java:262)
	at java.xml/com.sun.org.apache.xerces.internal.jaxp.DocumentBuilderImpl.parse(DocumentBuilderImpl.java:342)
	at com.st.stm32cube.ide.mpu.remote.serial.internal.SerialPortProviderWindows.run(SerialPortProviderWindows.java:127)
	at java.base/java.util.TimerThread.mainLoop(Timer.java:566)
	at java.base/java.util.TimerThread.run(Timer.java:516)

!ENTRY com.st.stm32cube.ide.mpu.remote.serial 4 0 2026-01-16 22:35:32.736
!MESSAGE Failed to parse wmic output
!STACK 0
org.xml.sax.SAXParseException; lineNumber: 1; columnNumber: 1; Premature end of file.
	at java.xml/com.sun.org.apache.xerces.internal.parsers.DOMParser.parse(DOMParser.java:262)
	at java.xml/com.sun.org.apache.xerces.internal.jaxp.DocumentBuilderImpl.parse(DocumentBuilderImpl.java:342)
	at com.st.stm32cube.ide.mpu.remote.serial.internal.SerialPortProviderWindows.run(SerialPortProviderWindows.java:127)
	at java.base/java.util.TimerThread.mainLoop(Timer.java:566)
	at java.base/java.util.TimerThread.run(Timer.java:516)

!ENTRY com.st.stm32cube.ide.mpu.remote.serial 4 0 2026-01-16 22:35:33.732
!MESSAGE Failed to parse wmic output
!STACK 0
org.xml.sax.SAXParseException; lineNumber: 1; columnNumber: 1; Premature end of file.
	at java.xml/com.sun.org.apache.xerces.internal.parsers.DOMParser.parse(DOMParser.java:262)
	at java.xml/com.sun.org.apache.xerces.internal.jaxp.DocumentBuilderImpl.parse(DocumentBuilderImpl.java:342)
	at com.st.stm32cube.ide.mpu.remote.serial.internal.SerialPortProviderWindows.run(SerialPortProviderWindows.java:127)
	at java.base/java.util.TimerThread.mainLoop(Timer.java:566)
	at java.base/java.util.TimerThread.run(Timer.java:516)

!ENTRY com.st.stm32cube.ide.mpu.remote.serial 4 0 2026-01-16 22:35:34.728
!MESSAGE Failed to parse wmic output
!STACK 0
org.xml.sax.SAXParseException; lineNumber: 1; columnNumber: 1; Premature end of file.
	at java.xml/com.sun.org.apache.xerces.internal.parsers.DOMParser.parse(DOMParser.java:262)
	at java.xml/com.sun.org.apache.xerces.internal.jaxp.DocumentBuilderImpl.parse(DocumentBuilderImpl.java:342)
	at com.st.stm32cube.ide.mpu.remote.serial.internal.SerialPortProviderWindows.run(SerialPortProviderWindows.java:127)
	at java.base/java.util.TimerThread.mainLoop(Timer.java:566)
	at java.base/java.util.TimerThread.run(Timer.java:516)

!ENTRY com.st.stm32cube.ide.mpu.remote.serial 4 0 2026-01-16 22:35:35.726
!MESSAGE Failed to parse wmic output
!STACK 0
org.xml.sax.SAXParseException; lineNumber: 1; columnNumber: 1; Premature end of file.
	at java.xml/com.sun.org.apache.xerces.internal.parsers.DOMParser.parse(DOMParser.java:262)
	at java.xml/com.sun.org.apache.xerces.internal.jaxp.DocumentBuilderImpl.parse(DocumentBuilderImpl.java:342)
	at com.st.stm32cube.ide.mpu.remote.serial.internal.SerialPortProviderWindows.run(SerialPortProviderWindows.java:127)
	at java.base/java.util.TimerThread.mainLoop(Timer.java:566)
	at java.base/java.util.TimerThread.run(Timer.java:516)

!ENTRY com.st.stm32cube.ide.mpu.remote.serial 4 0 2026-01-16 22:35:36.735
!MESSAGE Failed to parse wmic output
!STACK 0
org.xml.sax.SAXParseException; lineNumber: 1; columnNumber: 1; Premature end of file.
	at java.xml/com.sun.org.apache.xerces.internal.parsers.DOMParser.parse(DOMParser.java:262)
	at java.xml/com.sun.org.apache.xerces.internal.jaxp.DocumentBuilderImpl.parse(DocumentBuilderImpl.java:342)
	at com.st.stm32cube.ide.mpu.remote.serial.internal.SerialPortProviderWindows.run(SerialPortProviderWindows.java:127)
	at java.base/java.util.TimerThread.mainLoop(Timer.java:566)
	at java.base/java.util.TimerThread.run(Timer.java:516)

!ENTRY com.st.stm32cube.ide.mpu.remote.serial 4 0 2026-01-16 22:35:37.741
!MESSAGE Failed to parse wmic output
!STACK 0
org.xml.sax.SAXParseException; lineNumber: 1; columnNumber: 1; Premature end of file.
	at java.xml/com.sun.org.apache.xerces.internal.parsers.DOMParser.parse(DOMParser.java:262)
	at java.xml/com.sun.org.apache.xerces.internal.jaxp.DocumentBuilderImpl.parse(DocumentBuilderImpl.java:342)
	at com.st.stm32cube.ide.mpu.remote.serial.internal.SerialPortProviderWindows.run(SerialPortProviderWindows.java:127)
	at java.base/java.util.TimerThread.mainLoop(Timer.java:566)
	at java.base/java.util.TimerThread.run(Timer.java:516)

!ENTRY com.st.stm32cube.ide.mpu.remote.serial 4 0 2026-01-16 22:35:38.737
!MESSAGE Failed to parse wmic output
!STACK 0
org.xml.sax.SAXParseException; lineNumber: 1; columnNumber: 1; Premature end of file.
	at java.xml/com.sun.org.apache.xerces.internal.parsers.DOMParser.parse(DOMParser.java:262)
	at java.xml/com.sun.org.apache.xerces.internal.jaxp.DocumentBuilderImpl.parse(DocumentBuilderImpl.java:342)
	at com.st.stm32cube.ide.mpu.remote.serial.internal.SerialPortProviderWindows.run(SerialPortProviderWindows.java:127)
	at java.base/java.util.TimerThread.mainLoop(Timer.java:566)
	at java.base/java.util.TimerThread.run(Timer.java:516)

!ENTRY com.st.stm32cube.ide.mpu.remote.serial 4 0 2026-01-16 22:35:39.724
!MESSAGE Failed to parse wmic output
!STACK 0
org.xml.sax.SAXParseException; lineNumber: 1; columnNumber: 1; Premature end of file.
	at java.xml/com.sun.org.apache.xerces.internal.parsers.DOMParser.parse(DOMParser.java:262)
	at java.xml/com.sun.org.apache.xerces.internal.jaxp.DocumentBuilderImpl.parse(DocumentBuilderImpl.java:342)
	at com.st.stm32cube.ide.mpu.remote.serial.internal.SerialPortProviderWindows.run(SerialPortProviderWindows.java:127)
	at java.base/java.util.TimerThread.mainLoop(Timer.java:566)
	at java.base/java.util.TimerThread.run(Timer.java:516)

!ENTRY com.st.stm32cube.ide.mpu.remote.serial 4 0 2026-01-16 22:35:40.735
!MESSAGE Failed to parse wmic output
!STACK 0
org.xml.sax.SAXParseException; lineNumber: 1; columnNumber: 1; Premature end of file.
	at java.xml/com.sun.org.apache.xerces.internal.parsers.DOMParser.parse(DOMParser.java:262)
	at java.xml/com.sun.org.apache.xerces.internal.jaxp.DocumentBuilderImpl.parse(DocumentBuilderImpl.java:342)
	at com.st.stm32cube.ide.mpu.remote.serial.internal.SerialPortProviderWindows.run(SerialPortProviderWindows.java:127)
	at java.base/java.util.TimerThread.mainLoop(Timer.java:566)
	at java.base/java.util.TimerThread.run(Timer.java:516)

!ENTRY com.st.stm32cube.ide.mpu.remote.serial 4 0 2026-01-16 22:35:41.731
!MESSAGE Failed to parse wmic output
!STACK 0
org.xml.sax.SAXParseException; lineNumber: 1; columnNumber: 1; Premature end of file.
	at java.xml/com.sun.org.apache.xerces.internal.parsers.DOMParser.parse(DOMParser.java:262)
	at java.xml/com.sun.org.apache.xerces.internal.jaxp.DocumentBuilderImpl.parse(DocumentBuilderImpl.java:342)
	at com.st.stm32cube.ide.mpu.remote.serial.internal.SerialPortProviderWindows.run(SerialPortProviderWindows.java:127)
	at java.base/java.util.TimerThread.mainLoop(Timer.java:566)
	at java.base/java.util.TimerThread.run(Timer.java:516)

!ENTRY com.st.stm32cube.ide.mpu.remote.serial 4 0 2026-01-16 22:35:42.724
!MESSAGE Failed to parse wmic output
!STACK 0
org.xml.sax.SAXParseException; lineNumber: 1; columnNumber: 1; Premature end of file.
	at java.xml/com.sun.org.apache.xerces.internal.parsers.DOMParser.parse(DOMParser.java:262)
	at java.xml/com.sun.org.apache.xerces.internal.jaxp.DocumentBuilderImpl.parse(DocumentBuilderImpl.java:342)
	at com.st.stm32cube.ide.mpu.remote.serial.internal.SerialPortProviderWindows.run(SerialPortProviderWindows.java:127)
	at java.base/java.util.TimerThread.mainLoop(Timer.java:566)
	at java.base/java.util.TimerThread.run(Timer.java:516)

!ENTRY com.st.stm32cube.ide.mpu.remote.serial 4 0 2026-01-16 22:35:43.743
!MESSAGE Failed to parse wmic output
!STACK 0
org.xml.sax.SAXParseException; lineNumber: 1; columnNumber: 1; Premature end of file.
	at java.xml/com.sun.org.apache.xerces.internal.parsers.DOMParser.parse(DOMParser.java:262)
	at java.xml/com.sun.org.apache.xerces.internal.jaxp.DocumentBuilderImpl.parse(DocumentBuilderImpl.java:342)
	at com.st.stm32cube.ide.mpu.remote.serial.internal.SerialPortProviderWindows.run(SerialPortProviderWindows.java:127)
	at java.base/java.util.TimerThread.mainLoop(Timer.java:566)
	at java.base/java.util.TimerThread.run(Timer.java:516)

!ENTRY com.st.stm32cube.ide.mpu.remote.serial 4 0 2026-01-16 22:35:44.715
!MESSAGE Failed to parse wmic output
!STACK 0
org.xml.sax.SAXParseException; lineNumber: 1; columnNumber: 1; Premature end of file.
	at java.xml/com.sun.org.apache.xerces.internal.parsers.DOMParser.parse(DOMParser.java:262)
	at java.xml/com.sun.org.apache.xerces.internal.jaxp.DocumentBuilderImpl.parse(DocumentBuilderImpl.java:342)
	at com.st.stm32cube.ide.mpu.remote.serial.internal.SerialPortProviderWindows.run(SerialPortProviderWindows.java:127)
	at java.base/java.util.TimerThread.mainLoop(Timer.java:566)
	at java.base/java.util.TimerThread.run(Timer.java:516)

!ENTRY com.st.stm32cube.ide.mpu.remote.serial 4 0 2026-01-16 22:35:45.725
!MESSAGE Failed to parse wmic output
!STACK 0
org.xml.sax.SAXParseException; lineNumber: 1; columnNumber: 1; Premature end of file.
	at java.xml/com.sun.org.apache.xerces.internal.parsers.DOMParser.parse(DOMParser.java:262)
	at java.xml/com.sun.org.apache.xerces.internal.jaxp.DocumentBuilderImpl.parse(DocumentBuilderImpl.java:342)
	at com.st.stm32cube.ide.mpu.remote.serial.internal.SerialPortProviderWindows.run(SerialPortProviderWindows.java:127)
	at java.base/java.util.TimerThread.mainLoop(Timer.java:566)
	at java.base/java.util.TimerThread.run(Timer.java:516)

!ENTRY com.st.stm32cube.ide.mpu.remote.serial 4 0 2026-01-16 22:35:46.733
!MESSAGE Failed to parse wmic output
!STACK 0
org.xml.sax.SAXParseException; lineNumber: 1; columnNumber: 1; Premature end of file.
	at java.xml/com.sun.org.apache.xerces.internal.parsers.DOMParser.parse(DOMParser.java:262)
	at java.xml/com.sun.org.apache.xerces.internal.jaxp.DocumentBuilderImpl.parse(DocumentBuilderImpl.java:342)
	at com.st.stm32cube.ide.mpu.remote.serial.internal.SerialPortProviderWindows.run(SerialPortProviderWindows.java:127)
	at java.base/java.util.TimerThread.mainLoop(Timer.java:566)
	at java.base/java.util.TimerThread.run(Timer.java:516)

!ENTRY com.st.stm32cube.ide.mpu.remote.serial 4 0 2026-01-16 22:35:47.739
!MESSAGE Failed to parse wmic output
!STACK 0
org.xml.sax.SAXParseException; lineNumber: 1; columnNumber: 1; Premature end of file.
	at java.xml/com.sun.org.apache.xerces.internal.parsers.DOMParser.parse(DOMParser.java:262)
	at java.xml/com.sun.org.apache.xerces.internal.jaxp.DocumentBuilderImpl.parse(DocumentBuilderImpl.java:342)
	at com.st.stm32cube.ide.mpu.remote.serial.internal.SerialPortProviderWindows.run(SerialPortProviderWindows.java:127)
	at java.base/java.util.TimerThread.mainLoop(Timer.java:566)
	at java.base/java.util.TimerThread.run(Timer.java:516)

!ENTRY com.st.stm32cube.ide.mpu.remote.serial 4 0 2026-01-16 22:35:48.726
!MESSAGE Failed to parse wmic output
!STACK 0
org.xml.sax.SAXParseException; lineNumber: 1; columnNumber: 1; Premature end of file.
	at java.xml/com.sun.org.apache.xerces.internal.parsers.DOMParser.parse(DOMParser.java:262)
	at java.xml/com.sun.org.apache.xerces.internal.jaxp.DocumentBuilderImpl.parse(DocumentBuilderImpl.java:342)
	at com.st.stm32cube.ide.mpu.remote.serial.internal.SerialPortProviderWindows.run(SerialPortProviderWindows.java:127)
	at java.base/java.util.TimerThread.mainLoop(Timer.java:566)
	at java.base/java.util.TimerThread.run(Timer.java:516)

!ENTRY com.st.stm32cube.ide.mpu.remote.serial 4 0 2026-01-16 22:35:49.731
!MESSAGE Failed to parse wmic output
!STACK 0
org.xml.sax.SAXParseException; lineNumber: 1; columnNumber: 1; Premature end of file.
	at java.xml/com.sun.org.apache.xerces.internal.parsers.DOMParser.parse(DOMParser.java:262)
	at java.xml/com.sun.org.apache.xerces.internal.jaxp.DocumentBuilderImpl.parse(DocumentBuilderImpl.java:342)
	at com.st.stm32cube.ide.mpu.remote.serial.internal.SerialPortProviderWindows.run(SerialPortProviderWindows.java:127)
	at java.base/java.util.TimerThread.mainLoop(Timer.java:566)
	at java.base/java.util.TimerThread.run(Timer.java:516)

!ENTRY com.st.stm32cube.ide.mpu.remote.serial 4 0 2026-01-16 22:35:50.734
!MESSAGE Failed to parse wmic output
!STACK 0
org.xml.sax.SAXParseException; lineNumber: 1; columnNumber: 1; Premature end of file.
	at java.xml/com.sun.org.apache.xerces.internal.parsers.DOMParser.parse(DOMParser.java:262)
	at java.xml/com.sun.org.apache.xerces.internal.jaxp.DocumentBuilderImpl.parse(DocumentBuilderImpl.java:342)
	at com.st.stm32cube.ide.mpu.remote.serial.internal.SerialPortProviderWindows.run(SerialPortProviderWindows.java:127)
	at java.base/java.util.TimerThread.mainLoop(Timer.java:566)
	at java.base/java.util.TimerThread.run(Timer.java:516)

!ENTRY com.st.stm32cube.ide.mpu.remote.serial 4 0 2026-01-16 22:35:51.738
!MESSAGE Failed to parse wmic output
!STACK 0
org.xml.sax.SAXParseException; lineNumber: 1; columnNumber: 1; Premature end of file.
	at java.xml/com.sun.org.apache.xerces.internal.parsers.DOMParser.parse(DOMParser.java:262)
	at java.xml/com.sun.org.apache.xerces.internal.jaxp.DocumentBuilderImpl.parse(DocumentBuilderImpl.java:342)
	at com.st.stm32cube.ide.mpu.remote.serial.internal.SerialPortProviderWindows.run(SerialPortProviderWindows.java:127)
	at java.base/java.util.TimerThread.mainLoop(Timer.java:566)
	at java.base/java.util.TimerThread.run(Timer.java:516)

!ENTRY com.st.stm32cube.ide.mpu.remote.serial 4 0 2026-01-16 22:35:52.730
!MESSAGE Failed to parse wmic output
!STACK 0
org.xml.sax.SAXParseException; lineNumber: 1; columnNumber: 1; Premature end of file.
	at java.xml/com.sun.org.apache.xerces.internal.parsers.DOMParser.parse(DOMParser.java:262)
	at java.xml/com.sun.org.apache.xerces.internal.jaxp.DocumentBuilderImpl.parse(DocumentBuilderImpl.java:342)
	at com.st.stm32cube.ide.mpu.remote.serial.internal.SerialPortProviderWindows.run(SerialPortProviderWindows.java:127)
	at java.base/java.util.TimerThread.mainLoop(Timer.java:566)
	at java.base/java.util.TimerThread.run(Timer.java:516)

!ENTRY com.st.stm32cube.ide.mpu.remote.serial 4 0 2026-01-16 22:35:53.730
!MESSAGE Failed to parse wmic output
!STACK 0
org.xml.sax.SAXParseException; lineNumber: 1; columnNumber: 1; Premature end of file.
	at java.xml/com.sun.org.apache.xerces.internal.parsers.DOMParser.parse(DOMParser.java:262)
	at java.xml/com.sun.org.apache.xerces.internal.jaxp.DocumentBuilderImpl.parse(DocumentBuilderImpl.java:342)
	at com.st.stm32cube.ide.mpu.remote.serial.internal.SerialPortProviderWindows.run(SerialPortProviderWindows.java:127)
	at java.base/java.util.TimerThread.mainLoop(Timer.java:566)
	at java.base/java.util.TimerThread.run(Timer.java:516)

!ENTRY com.st.stm32cube.ide.mpu.remote.serial 4 0 2026-01-16 22:35:54.732
!MESSAGE Failed to parse wmic output
!STACK 0
org.xml.sax.SAXParseException; lineNumber: 1; columnNumber: 1; Premature end of file.
	at java.xml/com.sun.org.apache.xerces.internal.parsers.DOMParser.parse(DOMParser.java:262)
	at java.xml/com.sun.org.apache.xerces.internal.jaxp.DocumentBuilderImpl.parse(DocumentBuilderImpl.java:342)
	at com.st.stm32cube.ide.mpu.remote.serial.internal.SerialPortProviderWindows.run(SerialPortProviderWindows.java:127)
	at java.base/java.util.TimerThread.mainLoop(Timer.java:566)
	at java.base/java.util.TimerThread.run(Timer.java:516)

!ENTRY com.st.stm32cube.ide.mpu.remote.serial 4 0 2026-01-16 22:35:55.724
!MESSAGE Failed to parse wmic output
!STACK 0
org.xml.sax.SAXParseException; lineNumber: 1; columnNumber: 1; Premature end of file.
	at java.xml/com.sun.org.apache.xerces.internal.parsers.DOMParser.parse(DOMParser.java:262)
	at java.xml/com.sun.org.apache.xerces.internal.jaxp.DocumentBuilderImpl.parse(DocumentBuilderImpl.java:342)
	at com.st.stm32cube.ide.mpu.remote.serial.internal.SerialPortProviderWindows.run(SerialPortProviderWindows.java:127)
	at java.base/java.util.TimerThread.mainLoop(Timer.java:566)
	at java.base/java.util.TimerThread.run(Timer.java:516)

!ENTRY com.st.stm32cube.ide.mpu.remote.serial 4 0 2026-01-16 22:35:56.734
!MESSAGE Failed to parse wmic output
!STACK 0
org.xml.sax.SAXParseException; lineNumber: 1; columnNumber: 1; Premature end of file.
	at java.xml/com.sun.org.apache.xerces.internal.parsers.DOMParser.parse(DOMParser.java:262)
	at java.xml/com.sun.org.apache.xerces.internal.jaxp.DocumentBuilderImpl.parse(DocumentBuilderImpl.java:342)
	at com.st.stm32cube.ide.mpu.remote.serial.internal.SerialPortProviderWindows.run(SerialPortProviderWindows.java:127)
	at java.base/java.util.TimerThread.mainLoop(Timer.java:566)
	at java.base/java.util.TimerThread.run(Timer.java:516)

!ENTRY com.st.stm32cube.ide.mpu.remote.serial 4 0 2026-01-16 22:35:57.722
!MESSAGE Failed to parse wmic output
!STACK 0
org.xml.sax.SAXParseException; lineNumber: 1; columnNumber: 1; Premature end of file.
	at java.xml/com.sun.org.apache.xerces.internal.parsers.DOMParser.parse(DOMParser.java:262)
	at java.xml/com.sun.org.apache.xerces.internal.jaxp.DocumentBuilderImpl.parse(DocumentBuilderImpl.java:342)
	at com.st.stm32cube.ide.mpu.remote.serial.internal.SerialPortProviderWindows.run(SerialPortProviderWindows.java:127)
	at java.base/java.util.TimerThread.mainLoop(Timer.java:566)
	at java.base/java.util.TimerThread.run(Timer.java:516)

!ENTRY com.st.stm32cube.ide.mpu.remote.serial 4 0 2026-01-16 22:35:58.736
!MESSAGE Failed to parse wmic output
!STACK 0
org.xml.sax.SAXParseException; lineNumber: 1; columnNumber: 1; Premature end of file.
	at java.xml/com.sun.org.apache.xerces.internal.parsers.DOMParser.parse(DOMParser.java:262)
	at java.xml/com.sun.org.apache.xerces.internal.jaxp.DocumentBuilderImpl.parse(DocumentBuilderImpl.java:342)
	at com.st.stm32cube.ide.mpu.remote.serial.internal.SerialPortProviderWindows.run(SerialPortProviderWindows.java:127)
	at java.base/java.util.TimerThread.mainLoop(Timer.java:566)
	at java.base/java.util.TimerThread.run(Timer.java:516)

!ENTRY com.st.stm32cube.ide.mpu.remote.serial 4 0 2026-01-16 22:35:59.727
!MESSAGE Failed to parse wmic output
!STACK 0
org.xml.sax.SAXParseException; lineNumber: 1; columnNumber: 1; Premature end of file.
	at java.xml/com.sun.org.apache.xerces.internal.parsers.DOMParser.parse(DOMParser.java:262)
	at java.xml/com.sun.org.apache.xerces.internal.jaxp.DocumentBuilderImpl.parse(DocumentBuilderImpl.java:342)
	at com.st.stm32cube.ide.mpu.remote.serial.internal.SerialPortProviderWindows.run(SerialPortProviderWindows.java:127)
	at java.base/java.util.TimerThread.mainLoop(Timer.java:566)
	at java.base/java.util.TimerThread.run(Timer.java:516)

!ENTRY com.st.stm32cube.ide.mpu.remote.serial 4 0 2026-01-16 22:36:00.731
!MESSAGE Failed to parse wmic output
!STACK 0
org.xml.sax.SAXParseException; lineNumber: 1; columnNumber: 1; Premature end of file.
	at java.xml/com.sun.org.apache.xerces.internal.parsers.DOMParser.parse(DOMParser.java:262)
	at java.xml/com.sun.org.apache.xerces.internal.jaxp.DocumentBuilderImpl.parse(DocumentBuilderImpl.java:342)
	at com.st.stm32cube.ide.mpu.remote.serial.internal.SerialPortProviderWindows.run(SerialPortProviderWindows.java:127)
	at java.base/java.util.TimerThread.mainLoop(Timer.java:566)
	at java.base/java.util.TimerThread.run(Timer.java:516)

!ENTRY com.st.stm32cube.ide.mpu.remote.serial 4 0 2026-01-16 22:36:01.723
!MESSAGE Failed to parse wmic output
!STACK 0
org.xml.sax.SAXParseException; lineNumber: 1; columnNumber: 1; Premature end of file.
	at java.xml/com.sun.org.apache.xerces.internal.parsers.DOMParser.parse(DOMParser.java:262)
	at java.xml/com.sun.org.apache.xerces.internal.jaxp.DocumentBuilderImpl.parse(DocumentBuilderImpl.java:342)
	at com.st.stm32cube.ide.mpu.remote.serial.internal.SerialPortProviderWindows.run(SerialPortProviderWindows.java:127)
	at java.base/java.util.TimerThread.mainLoop(Timer.java:566)
	at java.base/java.util.TimerThread.run(Timer.java:516)

!ENTRY com.st.stm32cube.ide.mpu.remote.serial 4 0 2026-01-16 22:36:02.730
!MESSAGE Failed to parse wmic output
!STACK 0
org.xml.sax.SAXParseException; lineNumber: 1; columnNumber: 1; Premature end of file.
	at java.xml/com.sun.org.apache.xerces.internal.parsers.DOMParser.parse(DOMParser.java:262)
	at java.xml/com.sun.org.apache.xerces.internal.jaxp.DocumentBuilderImpl.parse(DocumentBuilderImpl.java:342)
	at com.st.stm32cube.ide.mpu.remote.serial.internal.SerialPortProviderWindows.run(SerialPortProviderWindows.java:127)
	at java.base/java.util.TimerThread.mainLoop(Timer.java:566)
	at java.base/java.util.TimerThread.run(Timer.java:516)

!ENTRY com.st.stm32cube.ide.mpu.remote.serial 4 0 2026-01-16 22:36:03.727
!MESSAGE Failed to parse wmic output
!STACK 0
org.xml.sax.SAXParseException; lineNumber: 1; columnNumber: 1; Premature end of file.
	at java.xml/com.sun.org.apache.xerces.internal.parsers.DOMParser.parse(DOMParser.java:262)
	at java.xml/com.sun.org.apache.xerces.internal.jaxp.DocumentBuilderImpl.parse(DocumentBuilderImpl.java:342)
	at com.st.stm32cube.ide.mpu.remote.serial.internal.SerialPortProviderWindows.run(SerialPortProviderWindows.java:127)
	at java.base/java.util.TimerThread.mainLoop(Timer.java:566)
	at java.base/java.util.TimerThread.run(Timer.java:516)

!ENTRY com.st.stm32cube.ide.mpu.remote.serial 4 0 2026-01-16 22:36:04.727
!MESSAGE Failed to parse wmic output
!STACK 0
org.xml.sax.SAXParseException; lineNumber: 1; columnNumber: 1; Premature end of file.
	at java.xml/com.sun.org.apache.xerces.internal.parsers.DOMParser.parse(DOMParser.java:262)
	at java.xml/com.sun.org.apache.xerces.internal.jaxp.DocumentBuilderImpl.parse(DocumentBuilderImpl.java:342)
	at com.st.stm32cube.ide.mpu.remote.serial.internal.SerialPortProviderWindows.run(SerialPortProviderWindows.java:127)
	at java.base/java.util.TimerThread.mainLoop(Timer.java:566)
	at java.base/java.util.TimerThread.run(Timer.java:516)

!ENTRY com.st.stm32cube.ide.mpu.remote.serial 4 0 2026-01-16 22:36:05.725
!MESSAGE Failed to parse wmic output
!STACK 0
org.xml.sax.SAXParseException; lineNumber: 1; columnNumber: 1; Premature end of file.
	at java.xml/com.sun.org.apache.xerces.internal.parsers.DOMParser.parse(DOMParser.java:262)
	at java.xml/com.sun.org.apache.xerces.internal.jaxp.DocumentBuilderImpl.parse(DocumentBuilderImpl.java:342)
	at com.st.stm32cube.ide.mpu.remote.serial.internal.SerialPortProviderWindows.run(SerialPortProviderWindows.java:127)
	at java.base/java.util.TimerThread.mainLoop(Timer.java:566)
	at java.base/java.util.TimerThread.run(Timer.java:516)

!ENTRY com.st.stm32cube.ide.mpu.remote.serial 4 0 2026-01-16 22:36:06.725
!MESSAGE Failed to parse wmic output
!STACK 0
org.xml.sax.SAXParseException; lineNumber: 1; columnNumber: 1; Premature end of file.
	at java.xml/com.sun.org.apache.xerces.internal.parsers.DOMParser.parse(DOMParser.java:262)
	at java.xml/com.sun.org.apache.xerces.internal.jaxp.DocumentBuilderImpl.parse(DocumentBuilderImpl.java:342)
	at com.st.stm32cube.ide.mpu.remote.serial.internal.SerialPortProviderWindows.run(SerialPortProviderWindows.java:127)
	at java.base/java.util.TimerThread.mainLoop(Timer.java:566)
	at java.base/java.util.TimerThread.run(Timer.java:516)

!ENTRY com.st.stm32cube.ide.mpu.remote.serial 4 0 2026-01-16 22:36:07.729
!MESSAGE Failed to parse wmic output
!STACK 0
org.xml.sax.SAXParseException; lineNumber: 1; columnNumber: 1; Premature end of file.
	at java.xml/com.sun.org.apache.xerces.internal.parsers.DOMParser.parse(DOMParser.java:262)
	at java.xml/com.sun.org.apache.xerces.internal.jaxp.DocumentBuilderImpl.parse(DocumentBuilderImpl.java:342)
	at com.st.stm32cube.ide.mpu.remote.serial.internal.SerialPortProviderWindows.run(SerialPortProviderWindows.java:127)
	at java.base/java.util.TimerThread.mainLoop(Timer.java:566)
	at java.base/java.util.TimerThread.run(Timer.java:516)

!ENTRY com.st.stm32cube.ide.mpu.remote.serial 4 0 2026-01-16 22:36:08.745
!MESSAGE Failed to parse wmic output
!STACK 0
org.xml.sax.SAXParseException; lineNumber: 1; columnNumber: 1; Premature end of file.
	at java.xml/com.sun.org.apache.xerces.internal.parsers.DOMParser.parse(DOMParser.java:262)
	at java.xml/com.sun.org.apache.xerces.internal.jaxp.DocumentBuilderImpl.parse(DocumentBuilderImpl.java:342)
	at com.st.stm32cube.ide.mpu.remote.serial.internal.SerialPortProviderWindows.run(SerialPortProviderWindows.java:127)
	at java.base/java.util.TimerThread.mainLoop(Timer.java:566)
	at java.base/java.util.TimerThread.run(Timer.java:516)

!ENTRY com.st.stm32cube.ide.mpu.remote.serial 4 0 2026-01-16 22:36:09.726
!MESSAGE Failed to parse wmic output
!STACK 0
org.xml.sax.SAXParseException; lineNumber: 1; columnNumber: 1; Premature end of file.
	at java.xml/com.sun.org.apache.xerces.internal.parsers.DOMParser.parse(DOMParser.java:262)
	at java.xml/com.sun.org.apache.xerces.internal.jaxp.DocumentBuilderImpl.parse(DocumentBuilderImpl.java:342)
	at com.st.stm32cube.ide.mpu.remote.serial.internal.SerialPortProviderWindows.run(SerialPortProviderWindows.java:127)
	at java.base/java.util.TimerThread.mainLoop(Timer.java:566)
	at java.base/java.util.TimerThread.run(Timer.java:516)

!ENTRY com.st.stm32cube.ide.mpu.remote.serial 4 0 2026-01-16 22:36:10.723
!MESSAGE Failed to parse wmic output
!STACK 0
org.xml.sax.SAXParseException; lineNumber: 1; columnNumber: 1; Premature end of file.
	at java.xml/com.sun.org.apache.xerces.internal.parsers.DOMParser.parse(DOMParser.java:262)
	at java.xml/com.sun.org.apache.xerces.internal.jaxp.DocumentBuilderImpl.parse(DocumentBuilderImpl.java:342)
	at com.st.stm32cube.ide.mpu.remote.serial.internal.SerialPortProviderWindows.run(SerialPortProviderWindows.java:127)
	at java.base/java.util.TimerThread.mainLoop(Timer.java:566)
	at java.base/java.util.TimerThread.run(Timer.java:516)

!ENTRY com.st.stm32cube.ide.mpu.remote.serial 4 0 2026-01-16 22:36:11.733
!MESSAGE Failed to parse wmic output
!STACK 0
org.xml.sax.SAXParseException; lineNumber: 1; columnNumber: 1; Premature end of file.
	at java.xml/com.sun.org.apache.xerces.internal.parsers.DOMParser.parse(DOMParser.java:262)
	at java.xml/com.sun.org.apache.xerces.internal.jaxp.DocumentBuilderImpl.parse(DocumentBuilderImpl.java:342)
	at com.st.stm32cube.ide.mpu.remote.serial.internal.SerialPortProviderWindows.run(SerialPortProviderWindows.java:127)
	at java.base/java.util.TimerThread.mainLoop(Timer.java:566)
	at java.base/java.util.TimerThread.run(Timer.java:516)

!ENTRY com.st.stm32cube.ide.mpu.remote.serial 4 0 2026-01-16 22:36:12.725
!MESSAGE Failed to parse wmic output
!STACK 0
org.xml.sax.SAXParseException; lineNumber: 1; columnNumber: 1; Premature end of file.
	at java.xml/com.sun.org.apache.xerces.internal.parsers.DOMParser.parse(DOMParser.java:262)
	at java.xml/com.sun.org.apache.xerces.internal.jaxp.DocumentBuilderImpl.parse(DocumentBuilderImpl.java:342)
	at com.st.stm32cube.ide.mpu.remote.serial.internal.SerialPortProviderWindows.run(SerialPortProviderWindows.java:127)
	at java.base/java.util.TimerThread.mainLoop(Timer.java:566)
	at java.base/java.util.TimerThread.run(Timer.java:516)

!ENTRY com.st.stm32cube.ide.mpu.remote.serial 4 0 2026-01-16 22:36:13.735
!MESSAGE Failed to parse wmic output
!STACK 0
org.xml.sax.SAXParseException; lineNumber: 1; columnNumber: 1; Premature end of file.
	at java.xml/com.sun.org.apache.xerces.internal.parsers.DOMParser.parse(DOMParser.java:262)
	at java.xml/com.sun.org.apache.xerces.internal.jaxp.DocumentBuilderImpl.parse(DocumentBuilderImpl.java:342)
	at com.st.stm32cube.ide.mpu.remote.serial.internal.SerialPortProviderWindows.run(SerialPortProviderWindows.java:127)
	at java.base/java.util.TimerThread.mainLoop(Timer.java:566)
	at java.base/java.util.TimerThread.run(Timer.java:516)

!ENTRY com.st.stm32cube.ide.mpu.remote.serial 4 0 2026-01-16 22:36:14.725
!MESSAGE Failed to parse wmic output
!STACK 0
org.xml.sax.SAXParseException; lineNumber: 1; columnNumber: 1; Premature end of file.
	at java.xml/com.sun.org.apache.xerces.internal.parsers.DOMParser.parse(DOMParser.java:262)
	at java.xml/com.sun.org.apache.xerces.internal.jaxp.DocumentBuilderImpl.parse(DocumentBuilderImpl.java:342)
	at com.st.stm32cube.ide.mpu.remote.serial.internal.SerialPortProviderWindows.run(SerialPortProviderWindows.java:127)
	at java.base/java.util.TimerThread.mainLoop(Timer.java:566)
	at java.base/java.util.TimerThread.run(Timer.java:516)

!ENTRY com.st.stm32cube.ide.mpu.remote.serial 4 0 2026-01-16 22:36:15.733
!MESSAGE Failed to parse wmic output
!STACK 0
org.xml.sax.SAXParseException; lineNumber: 1; columnNumber: 1; Premature end of file.
	at java.xml/com.sun.org.apache.xerces.internal.parsers.DOMParser.parse(DOMParser.java:262)
	at java.xml/com.sun.org.apache.xerces.internal.jaxp.DocumentBuilderImpl.parse(DocumentBuilderImpl.java:342)
	at com.st.stm32cube.ide.mpu.remote.serial.internal.SerialPortProviderWindows.run(SerialPortProviderWindows.java:127)
	at java.base/java.util.TimerThread.mainLoop(Timer.java:566)
	at java.base/java.util.TimerThread.run(Timer.java:516)

!ENTRY com.st.stm32cube.ide.mpu.remote.serial 4 0 2026-01-16 22:36:16.740
!MESSAGE Failed to parse wmic output
!STACK 0
org.xml.sax.SAXParseException; lineNumber: 1; columnNumber: 1; Premature end of file.
	at java.xml/com.sun.org.apache.xerces.internal.parsers.DOMParser.parse(DOMParser.java:262)
	at java.xml/com.sun.org.apache.xerces.internal.jaxp.DocumentBuilderImpl.parse(DocumentBuilderImpl.java:342)
	at com.st.stm32cube.ide.mpu.remote.serial.internal.SerialPortProviderWindows.run(SerialPortProviderWindows.java:127)
	at java.base/java.util.TimerThread.mainLoop(Timer.java:566)
	at java.base/java.util.TimerThread.run(Timer.java:516)

!ENTRY com.st.stm32cube.ide.mpu.remote.serial 4 0 2026-01-16 22:36:17.722
!MESSAGE Failed to parse wmic output
!STACK 0
org.xml.sax.SAXParseException; lineNumber: 1; columnNumber: 1; Premature end of file.
	at java.xml/com.sun.org.apache.xerces.internal.parsers.DOMParser.parse(DOMParser.java:262)
	at java.xml/com.sun.org.apache.xerces.internal.jaxp.DocumentBuilderImpl.parse(DocumentBuilderImpl.java:342)
	at com.st.stm32cube.ide.mpu.remote.serial.internal.SerialPortProviderWindows.run(SerialPortProviderWindows.java:127)
	at java.base/java.util.TimerThread.mainLoop(Timer.java:566)
	at java.base/java.util.TimerThread.run(Timer.java:516)

!ENTRY com.st.stm32cube.ide.mpu.remote.serial 4 0 2026-01-16 22:36:18.744
!MESSAGE Failed to parse wmic output
!STACK 0
org.xml.sax.SAXParseException; lineNumber: 1; columnNumber: 1; Premature end of file.
	at java.xml/com.sun.org.apache.xerces.internal.parsers.DOMParser.parse(DOMParser.java:262)
	at java.xml/com.sun.org.apache.xerces.internal.jaxp.DocumentBuilderImpl.parse(DocumentBuilderImpl.java:342)
	at com.st.stm32cube.ide.mpu.remote.serial.internal.SerialPortProviderWindows.run(SerialPortProviderWindows.java:127)
	at java.base/java.util.TimerThread.mainLoop(Timer.java:566)
	at java.base/java.util.TimerThread.run(Timer.java:516)

!ENTRY com.st.stm32cube.ide.mpu.remote.serial 4 0 2026-01-16 22:36:19.726
!MESSAGE Failed to parse wmic output
!STACK 0
org.xml.sax.SAXParseException; lineNumber: 1; columnNumber: 1; Premature end of file.
	at java.xml/com.sun.org.apache.xerces.internal.parsers.DOMParser.parse(DOMParser.java:262)
	at java.xml/com.sun.org.apache.xerces.internal.jaxp.DocumentBuilderImpl.parse(DocumentBuilderImpl.java:342)
	at com.st.stm32cube.ide.mpu.remote.serial.internal.SerialPortProviderWindows.run(SerialPortProviderWindows.java:127)
	at java.base/java.util.TimerThread.mainLoop(Timer.java:566)
	at java.base/java.util.TimerThread.run(Timer.java:516)

!ENTRY com.st.stm32cube.ide.mpu.remote.serial 4 0 2026-01-16 22:36:20.722
!MESSAGE Failed to parse wmic output
!STACK 0
org.xml.sax.SAXParseException; lineNumber: 1; columnNumber: 1; Premature end of file.
	at java.xml/com.sun.org.apache.xerces.internal.parsers.DOMParser.parse(DOMParser.java:262)
	at java.xml/com.sun.org.apache.xerces.internal.jaxp.DocumentBuilderImpl.parse(DocumentBuilderImpl.java:342)
	at com.st.stm32cube.ide.mpu.remote.serial.internal.SerialPortProviderWindows.run(SerialPortProviderWindows.java:127)
	at java.base/java.util.TimerThread.mainLoop(Timer.java:566)
	at java.base/java.util.TimerThread.run(Timer.java:516)

!ENTRY com.st.stm32cube.ide.mpu.remote.serial 4 0 2026-01-16 22:36:21.740
!MESSAGE Failed to parse wmic output
!STACK 0
org.xml.sax.SAXParseException; lineNumber: 1; columnNumber: 1; Premature end of file.
	at java.xml/com.sun.org.apache.xerces.internal.parsers.DOMParser.parse(DOMParser.java:262)
	at java.xml/com.sun.org.apache.xerces.internal.jaxp.DocumentBuilderImpl.parse(DocumentBuilderImpl.java:342)
	at com.st.stm32cube.ide.mpu.remote.serial.internal.SerialPortProviderWindows.run(SerialPortProviderWindows.java:127)
	at java.base/java.util.TimerThread.mainLoop(Timer.java:566)
	at java.base/java.util.TimerThread.run(Timer.java:516)

!ENTRY com.st.stm32cube.ide.mpu.remote.serial 4 0 2026-01-16 22:36:22.722
!MESSAGE Failed to parse wmic output
!STACK 0
org.xml.sax.SAXParseException; lineNumber: 1; columnNumber: 1; Premature end of file.
	at java.xml/com.sun.org.apache.xerces.internal.parsers.DOMParser.parse(DOMParser.java:262)
	at java.xml/com.sun.org.apache.xerces.internal.jaxp.DocumentBuilderImpl.parse(DocumentBuilderImpl.java:342)
	at com.st.stm32cube.ide.mpu.remote.serial.internal.SerialPortProviderWindows.run(SerialPortProviderWindows.java:127)
	at java.base/java.util.TimerThread.mainLoop(Timer.java:566)
	at java.base/java.util.TimerThread.run(Timer.java:516)

!ENTRY com.st.stm32cube.ide.mpu.remote.serial 4 0 2026-01-16 22:36:23.723
!MESSAGE Failed to parse wmic output
!STACK 0
org.xml.sax.SAXParseException; lineNumber: 1; columnNumber: 1; Premature end of file.
	at java.xml/com.sun.org.apache.xerces.internal.parsers.DOMParser.parse(DOMParser.java:262)
	at java.xml/com.sun.org.apache.xerces.internal.jaxp.DocumentBuilderImpl.parse(DocumentBuilderImpl.java:342)
	at com.st.stm32cube.ide.mpu.remote.serial.internal.SerialPortProviderWindows.run(SerialPortProviderWindows.java:127)
	at java.base/java.util.TimerThread.mainLoop(Timer.java:566)
	at java.base/java.util.TimerThread.run(Timer.java:516)

!ENTRY com.st.stm32cube.ide.mpu.remote.serial 4 0 2026-01-16 22:36:24.738
!MESSAGE Failed to parse wmic output
!STACK 0
org.xml.sax.SAXParseException; lineNumber: 1; columnNumber: 1; Premature end of file.
	at java.xml/com.sun.org.apache.xerces.internal.parsers.DOMParser.parse(DOMParser.java:262)
	at java.xml/com.sun.org.apache.xerces.internal.jaxp.DocumentBuilderImpl.parse(DocumentBuilderImpl.java:342)
	at com.st.stm32cube.ide.mpu.remote.serial.internal.SerialPortProviderWindows.run(SerialPortProviderWindows.java:127)
	at java.base/java.util.TimerThread.mainLoop(Timer.java:566)
	at java.base/java.util.TimerThread.run(Timer.java:516)

!ENTRY com.st.stm32cube.ide.mpu.remote.serial 4 0 2026-01-16 22:36:25.729
!MESSAGE Failed to parse wmic output
!STACK 0
org.xml.sax.SAXParseException; lineNumber: 1; columnNumber: 1; Premature end of file.
	at java.xml/com.sun.org.apache.xerces.internal.parsers.DOMParser.parse(DOMParser.java:262)
	at java.xml/com.sun.org.apache.xerces.internal.jaxp.DocumentBuilderImpl.parse(DocumentBuilderImpl.java:342)
	at com.st.stm32cube.ide.mpu.remote.serial.internal.SerialPortProviderWindows.run(SerialPortProviderWindows.java:127)
	at java.base/java.util.TimerThread.mainLoop(Timer.java:566)
	at java.base/java.util.TimerThread.run(Timer.java:516)

!ENTRY com.st.stm32cube.ide.mpu.remote.serial 4 0 2026-01-16 22:36:26.737
!MESSAGE Failed to parse wmic output
!STACK 0
org.xml.sax.SAXParseException; lineNumber: 1; columnNumber: 1; Premature end of file.
	at java.xml/com.sun.org.apache.xerces.internal.parsers.DOMParser.parse(DOMParser.java:262)
	at java.xml/com.sun.org.apache.xerces.internal.jaxp.DocumentBuilderImpl.parse(DocumentBuilderImpl.java:342)
	at com.st.stm32cube.ide.mpu.remote.serial.internal.SerialPortProviderWindows.run(SerialPortProviderWindows.java:127)
	at java.base/java.util.TimerThread.mainLoop(Timer.java:566)
	at java.base/java.util.TimerThread.run(Timer.java:516)

!ENTRY com.st.stm32cube.ide.mpu.remote.serial 4 0 2026-01-16 22:36:27.731
!MESSAGE Failed to parse wmic output
!STACK 0
org.xml.sax.SAXParseException; lineNumber: 1; columnNumber: 1; Premature end of file.
	at java.xml/com.sun.org.apache.xerces.internal.parsers.DOMParser.parse(DOMParser.java:262)
	at java.xml/com.sun.org.apache.xerces.internal.jaxp.DocumentBuilderImpl.parse(DocumentBuilderImpl.java:342)
	at com.st.stm32cube.ide.mpu.remote.serial.internal.SerialPortProviderWindows.run(SerialPortProviderWindows.java:127)
	at java.base/java.util.TimerThread.mainLoop(Timer.java:566)
	at java.base/java.util.TimerThread.run(Timer.java:516)

!ENTRY com.st.stm32cube.ide.mpu.remote.serial 4 0 2026-01-16 22:36:28.728
!MESSAGE Failed to parse wmic output
!STACK 0
org.xml.sax.SAXParseException; lineNumber: 1; columnNumber: 1; Premature end of file.
	at java.xml/com.sun.org.apache.xerces.internal.parsers.DOMParser.parse(DOMParser.java:262)
	at java.xml/com.sun.org.apache.xerces.internal.jaxp.DocumentBuilderImpl.parse(DocumentBuilderImpl.java:342)
	at com.st.stm32cube.ide.mpu.remote.serial.internal.SerialPortProviderWindows.run(SerialPortProviderWindows.java:127)
	at java.base/java.util.TimerThread.mainLoop(Timer.java:566)
	at java.base/java.util.TimerThread.run(Timer.java:516)

!ENTRY com.st.stm32cube.ide.mpu.remote.serial 4 0 2026-01-16 22:36:29.726
!MESSAGE Failed to parse wmic output
!STACK 0
org.xml.sax.SAXParseException; lineNumber: 1; columnNumber: 1; Premature end of file.
	at java.xml/com.sun.org.apache.xerces.internal.parsers.DOMParser.parse(DOMParser.java:262)
	at java.xml/com.sun.org.apache.xerces.internal.jaxp.DocumentBuilderImpl.parse(DocumentBuilderImpl.java:342)
	at com.st.stm32cube.ide.mpu.remote.serial.internal.SerialPortProviderWindows.run(SerialPortProviderWindows.java:127)
	at java.base/java.util.TimerThread.mainLoop(Timer.java:566)
	at java.base/java.util.TimerThread.run(Timer.java:516)

!ENTRY com.st.stm32cube.ide.mpu.remote.serial 4 0 2026-01-16 22:36:30.732
!MESSAGE Failed to parse wmic output
!STACK 0
org.xml.sax.SAXParseException; lineNumber: 1; columnNumber: 1; Premature end of file.
	at java.xml/com.sun.org.apache.xerces.internal.parsers.DOMParser.parse(DOMParser.java:262)
	at java.xml/com.sun.org.apache.xerces.internal.jaxp.DocumentBuilderImpl.parse(DocumentBuilderImpl.java:342)
	at com.st.stm32cube.ide.mpu.remote.serial.internal.SerialPortProviderWindows.run(SerialPortProviderWindows.java:127)
	at java.base/java.util.TimerThread.mainLoop(Timer.java:566)
	at java.base/java.util.TimerThread.run(Timer.java:516)

!ENTRY com.st.stm32cube.ide.mpu.remote.serial 4 0 2026-01-16 22:36:31.738
!MESSAGE Failed to parse wmic output
!STACK 0
org.xml.sax.SAXParseException; lineNumber: 1; columnNumber: 1; Premature end of file.
	at java.xml/com.sun.org.apache.xerces.internal.parsers.DOMParser.parse(DOMParser.java:262)
	at java.xml/com.sun.org.apache.xerces.internal.jaxp.DocumentBuilderImpl.parse(DocumentBuilderImpl.java:342)
	at com.st.stm32cube.ide.mpu.remote.serial.internal.SerialPortProviderWindows.run(SerialPortProviderWindows.java:127)
	at java.base/java.util.TimerThread.mainLoop(Timer.java:566)
	at java.base/java.util.TimerThread.run(Timer.java:516)

!ENTRY com.st.stm32cube.ide.mpu.remote.serial 4 0 2026-01-16 22:36:32.727
!MESSAGE Failed to parse wmic output
!STACK 0
org.xml.sax.SAXParseException; lineNumber: 1; columnNumber: 1; Premature end of file.
	at java.xml/com.sun.org.apache.xerces.internal.parsers.DOMParser.parse(DOMParser.java:262)
	at java.xml/com.sun.org.apache.xerces.internal.jaxp.DocumentBuilderImpl.parse(DocumentBuilderImpl.java:342)
	at com.st.stm32cube.ide.mpu.remote.serial.internal.SerialPortProviderWindows.run(SerialPortProviderWindows.java:127)
	at java.base/java.util.TimerThread.mainLoop(Timer.java:566)
	at java.base/java.util.TimerThread.run(Timer.java:516)

!ENTRY com.st.stm32cube.ide.mpu.remote.serial 4 0 2026-01-16 22:36:33.728
!MESSAGE Failed to parse wmic output
!STACK 0
org.xml.sax.SAXParseException; lineNumber: 1; columnNumber: 1; Premature end of file.
	at java.xml/com.sun.org.apache.xerces.internal.parsers.DOMParser.parse(DOMParser.java:262)
	at java.xml/com.sun.org.apache.xerces.internal.jaxp.DocumentBuilderImpl.parse(DocumentBuilderImpl.java:342)
	at com.st.stm32cube.ide.mpu.remote.serial.internal.SerialPortProviderWindows.run(SerialPortProviderWindows.java:127)
	at java.base/java.util.TimerThread.mainLoop(Timer.java:566)
	at java.base/java.util.TimerThread.run(Timer.java:516)

!ENTRY com.st.stm32cube.ide.mpu.remote.serial 4 0 2026-01-16 22:36:34.739
!MESSAGE Failed to parse wmic output
!STACK 0
org.xml.sax.SAXParseException; lineNumber: 1; columnNumber: 1; Premature end of file.
	at java.xml/com.sun.org.apache.xerces.internal.parsers.DOMParser.parse(DOMParser.java:262)
	at java.xml/com.sun.org.apache.xerces.internal.jaxp.DocumentBuilderImpl.parse(DocumentBuilderImpl.java:342)
	at com.st.stm32cube.ide.mpu.remote.serial.internal.SerialPortProviderWindows.run(SerialPortProviderWindows.java:127)
	at java.base/java.util.TimerThread.mainLoop(Timer.java:566)
	at java.base/java.util.TimerThread.run(Timer.java:516)

!ENTRY com.st.stm32cube.ide.mpu.remote.serial 4 0 2026-01-16 22:36:35.727
!MESSAGE Failed to parse wmic output
!STACK 0
org.xml.sax.SAXParseException; lineNumber: 1; columnNumber: 1; Premature end of file.
	at java.xml/com.sun.org.apache.xerces.internal.parsers.DOMParser.parse(DOMParser.java:262)
	at java.xml/com.sun.org.apache.xerces.internal.jaxp.DocumentBuilderImpl.parse(DocumentBuilderImpl.java:342)
	at com.st.stm32cube.ide.mpu.remote.serial.internal.SerialPortProviderWindows.run(SerialPortProviderWindows.java:127)
	at java.base/java.util.TimerThread.mainLoop(Timer.java:566)
	at java.base/java.util.TimerThread.run(Timer.java:516)

!ENTRY com.st.stm32cube.ide.mpu.remote.serial 4 0 2026-01-16 22:36:36.727
!MESSAGE Failed to parse wmic output
!STACK 0
org.xml.sax.SAXParseException; lineNumber: 1; columnNumber: 1; Premature end of file.
	at java.xml/com.sun.org.apache.xerces.internal.parsers.DOMParser.parse(DOMParser.java:262)
	at java.xml/com.sun.org.apache.xerces.internal.jaxp.DocumentBuilderImpl.parse(DocumentBuilderImpl.java:342)
	at com.st.stm32cube.ide.mpu.remote.serial.internal.SerialPortProviderWindows.run(SerialPortProviderWindows.java:127)
	at java.base/java.util.TimerThread.mainLoop(Timer.java:566)
	at java.base/java.util.TimerThread.run(Timer.java:516)

!ENTRY com.st.stm32cube.ide.mpu.remote.serial 4 0 2026-01-16 22:36:37.724
!MESSAGE Failed to parse wmic output
!STACK 0
org.xml.sax.SAXParseException; lineNumber: 1; columnNumber: 1; Premature end of file.
	at java.xml/com.sun.org.apache.xerces.internal.parsers.DOMParser.parse(DOMParser.java:262)
	at java.xml/com.sun.org.apache.xerces.internal.jaxp.DocumentBuilderImpl.parse(DocumentBuilderImpl.java:342)
	at com.st.stm32cube.ide.mpu.remote.serial.internal.SerialPortProviderWindows.run(SerialPortProviderWindows.java:127)
	at java.base/java.util.TimerThread.mainLoop(Timer.java:566)
	at java.base/java.util.TimerThread.run(Timer.java:516)

!ENTRY com.st.stm32cube.ide.mpu.remote.serial 4 0 2026-01-16 22:36:38.737
!MESSAGE Failed to parse wmic output
!STACK 0
org.xml.sax.SAXParseException; lineNumber: 1; columnNumber: 1; Premature end of file.
	at java.xml/com.sun.org.apache.xerces.internal.parsers.DOMParser.parse(DOMParser.java:262)
	at java.xml/com.sun.org.apache.xerces.internal.jaxp.DocumentBuilderImpl.parse(DocumentBuilderImpl.java:342)
	at com.st.stm32cube.ide.mpu.remote.serial.internal.SerialPortProviderWindows.run(SerialPortProviderWindows.java:127)
	at java.base/java.util.TimerThread.mainLoop(Timer.java:566)
	at java.base/java.util.TimerThread.run(Timer.java:516)

!ENTRY com.st.stm32cube.ide.mpu.remote.serial 4 0 2026-01-16 22:36:39.727
!MESSAGE Failed to parse wmic output
!STACK 0
org.xml.sax.SAXParseException; lineNumber: 1; columnNumber: 1; Premature end of file.
	at java.xml/com.sun.org.apache.xerces.internal.parsers.DOMParser.parse(DOMParser.java:262)
	at java.xml/com.sun.org.apache.xerces.internal.jaxp.DocumentBuilderImpl.parse(DocumentBuilderImpl.java:342)
	at com.st.stm32cube.ide.mpu.remote.serial.internal.SerialPortProviderWindows.run(SerialPortProviderWindows.java:127)
	at java.base/java.util.TimerThread.mainLoop(Timer.java:566)
	at java.base/java.util.TimerThread.run(Timer.java:516)

!ENTRY com.st.stm32cube.ide.mpu.remote.serial 4 0 2026-01-16 22:36:40.726
!MESSAGE Failed to parse wmic output
!STACK 0
org.xml.sax.SAXParseException; lineNumber: 1; columnNumber: 1; Premature end of file.
	at java.xml/com.sun.org.apache.xerces.internal.parsers.DOMParser.parse(DOMParser.java:262)
	at java.xml/com.sun.org.apache.xerces.internal.jaxp.DocumentBuilderImpl.parse(DocumentBuilderImpl.java:342)
	at com.st.stm32cube.ide.mpu.remote.serial.internal.SerialPortProviderWindows.run(SerialPortProviderWindows.java:127)
	at java.base/java.util.TimerThread.mainLoop(Timer.java:566)
	at java.base/java.util.TimerThread.run(Timer.java:516)

!ENTRY com.st.stm32cube.ide.mpu.remote.serial 4 0 2026-01-16 22:36:41.734
!MESSAGE Failed to parse wmic output
!STACK 0
org.xml.sax.SAXParseException; lineNumber: 1; columnNumber: 1; Premature end of file.
	at java.xml/com.sun.org.apache.xerces.internal.parsers.DOMParser.parse(DOMParser.java:262)
	at java.xml/com.sun.org.apache.xerces.internal.jaxp.DocumentBuilderImpl.parse(DocumentBuilderImpl.java:342)
	at com.st.stm32cube.ide.mpu.remote.serial.internal.SerialPortProviderWindows.run(SerialPortProviderWindows.java:127)
	at java.base/java.util.TimerThread.mainLoop(Timer.java:566)
	at java.base/java.util.TimerThread.run(Timer.java:516)

!ENTRY com.st.stm32cube.ide.mpu.remote.serial 4 0 2026-01-16 22:36:42.726
!MESSAGE Failed to parse wmic output
!STACK 0
org.xml.sax.SAXParseException; lineNumber: 1; columnNumber: 1; Premature end of file.
	at java.xml/com.sun.org.apache.xerces.internal.parsers.DOMParser.parse(DOMParser.java:262)
	at java.xml/com.sun.org.apache.xerces.internal.jaxp.DocumentBuilderImpl.parse(DocumentBuilderImpl.java:342)
	at com.st.stm32cube.ide.mpu.remote.serial.internal.SerialPortProviderWindows.run(SerialPortProviderWindows.java:127)
	at java.base/java.util.TimerThread.mainLoop(Timer.java:566)
	at java.base/java.util.TimerThread.run(Timer.java:516)

!ENTRY com.st.stm32cube.ide.mpu.remote.serial 4 0 2026-01-16 22:36:43.734
!MESSAGE Failed to parse wmic output
!STACK 0
org.xml.sax.SAXParseException; lineNumber: 1; columnNumber: 1; Premature end of file.
	at java.xml/com.sun.org.apache.xerces.internal.parsers.DOMParser.parse(DOMParser.java:262)
	at java.xml/com.sun.org.apache.xerces.internal.jaxp.DocumentBuilderImpl.parse(DocumentBuilderImpl.java:342)
	at com.st.stm32cube.ide.mpu.remote.serial.internal.SerialPortProviderWindows.run(SerialPortProviderWindows.java:127)
	at java.base/java.util.TimerThread.mainLoop(Timer.java:566)
	at java.base/java.util.TimerThread.run(Timer.java:516)

!ENTRY com.st.stm32cube.ide.mpu.remote.serial 4 0 2026-01-16 22:36:44.734
!MESSAGE Failed to parse wmic output
!STACK 0
org.xml.sax.SAXParseException; lineNumber: 1; columnNumber: 1; Premature end of file.
	at java.xml/com.sun.org.apache.xerces.internal.parsers.DOMParser.parse(DOMParser.java:262)
	at java.xml/com.sun.org.apache.xerces.internal.jaxp.DocumentBuilderImpl.parse(DocumentBuilderImpl.java:342)
	at com.st.stm32cube.ide.mpu.remote.serial.internal.SerialPortProviderWindows.run(SerialPortProviderWindows.java:127)
	at java.base/java.util.TimerThread.mainLoop(Timer.java:566)
	at java.base/java.util.TimerThread.run(Timer.java:516)

!ENTRY com.st.stm32cube.ide.mpu.remote.serial 4 0 2026-01-16 22:36:45.725
!MESSAGE Failed to parse wmic output
!STACK 0
org.xml.sax.SAXParseException; lineNumber: 1; columnNumber: 1; Premature end of file.
	at java.xml/com.sun.org.apache.xerces.internal.parsers.DOMParser.parse(DOMParser.java:262)
	at java.xml/com.sun.org.apache.xerces.internal.jaxp.DocumentBuilderImpl.parse(DocumentBuilderImpl.java:342)
	at com.st.stm32cube.ide.mpu.remote.serial.internal.SerialPortProviderWindows.run(SerialPortProviderWindows.java:127)
	at java.base/java.util.TimerThread.mainLoop(Timer.java:566)
	at java.base/java.util.TimerThread.run(Timer.java:516)

!ENTRY com.st.stm32cube.ide.mpu.remote.serial 4 0 2026-01-16 22:36:46.734
!MESSAGE Failed to parse wmic output
!STACK 0
org.xml.sax.SAXParseException; lineNumber: 1; columnNumber: 1; Premature end of file.
	at java.xml/com.sun.org.apache.xerces.internal.parsers.DOMParser.parse(DOMParser.java:262)
	at java.xml/com.sun.org.apache.xerces.internal.jaxp.DocumentBuilderImpl.parse(DocumentBuilderImpl.java:342)
	at com.st.stm32cube.ide.mpu.remote.serial.internal.SerialPortProviderWindows.run(SerialPortProviderWindows.java:127)
	at java.base/java.util.TimerThread.mainLoop(Timer.java:566)
	at java.base/java.util.TimerThread.run(Timer.java:516)

!ENTRY com.st.stm32cube.ide.mpu.remote.serial 4 0 2026-01-16 22:36:47.727
!MESSAGE Failed to parse wmic output
!STACK 0
org.xml.sax.SAXParseException; lineNumber: 1; columnNumber: 1; Premature end of file.
	at java.xml/com.sun.org.apache.xerces.internal.parsers.DOMParser.parse(DOMParser.java:262)
	at java.xml/com.sun.org.apache.xerces.internal.jaxp.DocumentBuilderImpl.parse(DocumentBuilderImpl.java:342)
	at com.st.stm32cube.ide.mpu.remote.serial.internal.SerialPortProviderWindows.run(SerialPortProviderWindows.java:127)
	at java.base/java.util.TimerThread.mainLoop(Timer.java:566)
	at java.base/java.util.TimerThread.run(Timer.java:516)

!ENTRY com.st.stm32cube.ide.mpu.remote.serial 4 0 2026-01-16 22:36:48.740
!MESSAGE Failed to parse wmic output
!STACK 0
org.xml.sax.SAXParseException; lineNumber: 1; columnNumber: 1; Premature end of file.
	at java.xml/com.sun.org.apache.xerces.internal.parsers.DOMParser.parse(DOMParser.java:262)
	at java.xml/com.sun.org.apache.xerces.internal.jaxp.DocumentBuilderImpl.parse(DocumentBuilderImpl.java:342)
	at com.st.stm32cube.ide.mpu.remote.serial.internal.SerialPortProviderWindows.run(SerialPortProviderWindows.java:127)
	at java.base/java.util.TimerThread.mainLoop(Timer.java:566)
	at java.base/java.util.TimerThread.run(Timer.java:516)

!ENTRY com.st.stm32cube.ide.mpu.remote.serial 4 0 2026-01-16 22:36:49.736
!MESSAGE Failed to parse wmic output
!STACK 0
org.xml.sax.SAXParseException; lineNumber: 1; columnNumber: 1; Premature end of file.
	at java.xml/com.sun.org.apache.xerces.internal.parsers.DOMParser.parse(DOMParser.java:262)
	at java.xml/com.sun.org.apache.xerces.internal.jaxp.DocumentBuilderImpl.parse(DocumentBuilderImpl.java:342)
	at com.st.stm32cube.ide.mpu.remote.serial.internal.SerialPortProviderWindows.run(SerialPortProviderWindows.java:127)
	at java.base/java.util.TimerThread.mainLoop(Timer.java:566)
	at java.base/java.util.TimerThread.run(Timer.java:516)

!ENTRY com.st.stm32cube.ide.mpu.remote.serial 4 0 2026-01-16 22:36:50.735
!MESSAGE Failed to parse wmic output
!STACK 0
org.xml.sax.SAXParseException; lineNumber: 1; columnNumber: 1; Premature end of file.
	at java.xml/com.sun.org.apache.xerces.internal.parsers.DOMParser.parse(DOMParser.java:262)
	at java.xml/com.sun.org.apache.xerces.internal.jaxp.DocumentBuilderImpl.parse(DocumentBuilderImpl.java:342)
	at com.st.stm32cube.ide.mpu.remote.serial.internal.SerialPortProviderWindows.run(SerialPortProviderWindows.java:127)
	at java.base/java.util.TimerThread.mainLoop(Timer.java:566)
	at java.base/java.util.TimerThread.run(Timer.java:516)

!ENTRY com.st.stm32cube.ide.mpu.remote.serial 4 0 2026-01-16 22:36:51.730
!MESSAGE Failed to parse wmic output
!STACK 0
org.xml.sax.SAXParseException; lineNumber: 1; columnNumber: 1; Premature end of file.
	at java.xml/com.sun.org.apache.xerces.internal.parsers.DOMParser.parse(DOMParser.java:262)
	at java.xml/com.sun.org.apache.xerces.internal.jaxp.DocumentBuilderImpl.parse(DocumentBuilderImpl.java:342)
	at com.st.stm32cube.ide.mpu.remote.serial.internal.SerialPortProviderWindows.run(SerialPortProviderWindows.java:127)
	at java.base/java.util.TimerThread.mainLoop(Timer.java:566)
	at java.base/java.util.TimerThread.run(Timer.java:516)

!ENTRY com.st.stm32cube.ide.mpu.remote.serial 4 0 2026-01-16 22:36:52.734
!MESSAGE Failed to parse wmic output
!STACK 0
org.xml.sax.SAXParseException; lineNumber: 1; columnNumber: 1; Premature end of file.
	at java.xml/com.sun.org.apache.xerces.internal.parsers.DOMParser.parse(DOMParser.java:262)
	at java.xml/com.sun.org.apache.xerces.internal.jaxp.DocumentBuilderImpl.parse(DocumentBuilderImpl.java:342)
	at com.st.stm32cube.ide.mpu.remote.serial.internal.SerialPortProviderWindows.run(SerialPortProviderWindows.java:127)
	at java.base/java.util.TimerThread.mainLoop(Timer.java:566)
	at java.base/java.util.TimerThread.run(Timer.java:516)

!ENTRY com.st.stm32cube.ide.mpu.remote.serial 4 0 2026-01-16 22:36:53.739
!MESSAGE Failed to parse wmic output
!STACK 0
org.xml.sax.SAXParseException; lineNumber: 1; columnNumber: 1; Premature end of file.
	at java.xml/com.sun.org.apache.xerces.internal.parsers.DOMParser.parse(DOMParser.java:262)
	at java.xml/com.sun.org.apache.xerces.internal.jaxp.DocumentBuilderImpl.parse(DocumentBuilderImpl.java:342)
	at com.st.stm32cube.ide.mpu.remote.serial.internal.SerialPortProviderWindows.run(SerialPortProviderWindows.java:127)
	at java.base/java.util.TimerThread.mainLoop(Timer.java:566)
	at java.base/java.util.TimerThread.run(Timer.java:516)

!ENTRY com.st.stm32cube.ide.mpu.remote.serial 4 0 2026-01-16 22:36:54.735
!MESSAGE Failed to parse wmic output
!STACK 0
org.xml.sax.SAXParseException; lineNumber: 1; columnNumber: 1; Premature end of file.
	at java.xml/com.sun.org.apache.xerces.internal.parsers.DOMParser.parse(DOMParser.java:262)
	at java.xml/com.sun.org.apache.xerces.internal.jaxp.DocumentBuilderImpl.parse(DocumentBuilderImpl.java:342)
	at com.st.stm32cube.ide.mpu.remote.serial.internal.SerialPortProviderWindows.run(SerialPortProviderWindows.java:127)
	at java.base/java.util.TimerThread.mainLoop(Timer.java:566)
	at java.base/java.util.TimerThread.run(Timer.java:516)

!ENTRY com.st.stm32cube.ide.mpu.remote.serial 4 0 2026-01-16 22:36:55.729
!MESSAGE Failed to parse wmic output
!STACK 0
org.xml.sax.SAXParseException; lineNumber: 1; columnNumber: 1; Premature end of file.
	at java.xml/com.sun.org.apache.xerces.internal.parsers.DOMParser.parse(DOMParser.java:262)
	at java.xml/com.sun.org.apache.xerces.internal.jaxp.DocumentBuilderImpl.parse(DocumentBuilderImpl.java:342)
	at com.st.stm32cube.ide.mpu.remote.serial.internal.SerialPortProviderWindows.run(SerialPortProviderWindows.java:127)
	at java.base/java.util.TimerThread.mainLoop(Timer.java:566)
	at java.base/java.util.TimerThread.run(Timer.java:516)

!ENTRY com.st.stm32cube.ide.mpu.remote.serial 4 0 2026-01-16 22:36:56.741
!MESSAGE Failed to parse wmic output
!STACK 0
org.xml.sax.SAXParseException; lineNumber: 1; columnNumber: 1; Premature end of file.
	at java.xml/com.sun.org.apache.xerces.internal.parsers.DOMParser.parse(DOMParser.java:262)
	at java.xml/com.sun.org.apache.xerces.internal.jaxp.DocumentBuilderImpl.parse(DocumentBuilderImpl.java:342)
	at com.st.stm32cube.ide.mpu.remote.serial.internal.SerialPortProviderWindows.run(SerialPortProviderWindows.java:127)
	at java.base/java.util.TimerThread.mainLoop(Timer.java:566)
	at java.base/java.util.TimerThread.run(Timer.java:516)

!ENTRY com.st.stm32cube.ide.mpu.remote.serial 4 0 2026-01-16 22:36:57.739
!MESSAGE Failed to parse wmic output
!STACK 0
org.xml.sax.SAXParseException; lineNumber: 1; columnNumber: 1; Premature end of file.
	at java.xml/com.sun.org.apache.xerces.internal.parsers.DOMParser.parse(DOMParser.java:262)
	at java.xml/com.sun.org.apache.xerces.internal.jaxp.DocumentBuilderImpl.parse(DocumentBuilderImpl.java:342)
	at com.st.stm32cube.ide.mpu.remote.serial.internal.SerialPortProviderWindows.run(SerialPortProviderWindows.java:127)
	at java.base/java.util.TimerThread.mainLoop(Timer.java:566)
	at java.base/java.util.TimerThread.run(Timer.java:516)

!ENTRY com.st.stm32cube.ide.mpu.remote.serial 4 0 2026-01-16 22:36:58.734
!MESSAGE Failed to parse wmic output
!STACK 0
org.xml.sax.SAXParseException; lineNumber: 1; columnNumber: 1; Premature end of file.
	at java.xml/com.sun.org.apache.xerces.internal.parsers.DOMParser.parse(DOMParser.java:262)
	at java.xml/com.sun.org.apache.xerces.internal.jaxp.DocumentBuilderImpl.parse(DocumentBuilderImpl.java:342)
	at com.st.stm32cube.ide.mpu.remote.serial.internal.SerialPortProviderWindows.run(SerialPortProviderWindows.java:127)
	at java.base/java.util.TimerThread.mainLoop(Timer.java:566)
	at java.base/java.util.TimerThread.run(Timer.java:516)

!ENTRY com.st.stm32cube.ide.mpu.remote.serial 4 0 2026-01-16 22:36:59.723
!MESSAGE Failed to parse wmic output
!STACK 0
org.xml.sax.SAXParseException; lineNumber: 1; columnNumber: 1; Premature end of file.
	at java.xml/com.sun.org.apache.xerces.internal.parsers.DOMParser.parse(DOMParser.java:262)
	at java.xml/com.sun.org.apache.xerces.internal.jaxp.DocumentBuilderImpl.parse(DocumentBuilderImpl.java:342)
	at com.st.stm32cube.ide.mpu.remote.serial.internal.SerialPortProviderWindows.run(SerialPortProviderWindows.java:127)
	at java.base/java.util.TimerThread.mainLoop(Timer.java:566)
	at java.base/java.util.TimerThread.run(Timer.java:516)

!ENTRY com.st.stm32cube.ide.mpu.remote.serial 4 0 2026-01-16 22:37:00.730
!MESSAGE Failed to parse wmic output
!STACK 0
org.xml.sax.SAXParseException; lineNumber: 1; columnNumber: 1; Premature end of file.
	at java.xml/com.sun.org.apache.xerces.internal.parsers.DOMParser.parse(DOMParser.java:262)
	at java.xml/com.sun.org.apache.xerces.internal.jaxp.DocumentBuilderImpl.parse(DocumentBuilderImpl.java:342)
	at com.st.stm32cube.ide.mpu.remote.serial.internal.SerialPortProviderWindows.run(SerialPortProviderWindows.java:127)
	at java.base/java.util.TimerThread.mainLoop(Timer.java:566)
	at java.base/java.util.TimerThread.run(Timer.java:516)

!ENTRY com.st.stm32cube.ide.mpu.remote.serial 4 0 2026-01-16 22:37:01.735
!MESSAGE Failed to parse wmic output
!STACK 0
org.xml.sax.SAXParseException; lineNumber: 1; columnNumber: 1; Premature end of file.
	at java.xml/com.sun.org.apache.xerces.internal.parsers.DOMParser.parse(DOMParser.java:262)
	at java.xml/com.sun.org.apache.xerces.internal.jaxp.DocumentBuilderImpl.parse(DocumentBuilderImpl.java:342)
	at com.st.stm32cube.ide.mpu.remote.serial.internal.SerialPortProviderWindows.run(SerialPortProviderWindows.java:127)
	at java.base/java.util.TimerThread.mainLoop(Timer.java:566)
	at java.base/java.util.TimerThread.run(Timer.java:516)

!ENTRY com.st.stm32cube.ide.mpu.remote.serial 4 0 2026-01-16 22:37:02.729
!MESSAGE Failed to parse wmic output
!STACK 0
org.xml.sax.SAXParseException; lineNumber: 1; columnNumber: 1; Premature end of file.
	at java.xml/com.sun.org.apache.xerces.internal.parsers.DOMParser.parse(DOMParser.java:262)
	at java.xml/com.sun.org.apache.xerces.internal.jaxp.DocumentBuilderImpl.parse(DocumentBuilderImpl.java:342)
	at com.st.stm32cube.ide.mpu.remote.serial.internal.SerialPortProviderWindows.run(SerialPortProviderWindows.java:127)
	at java.base/java.util.TimerThread.mainLoop(Timer.java:566)
	at java.base/java.util.TimerThread.run(Timer.java:516)

!ENTRY com.st.stm32cube.ide.mpu.remote.serial 4 0 2026-01-16 22:37:03.740
!MESSAGE Failed to parse wmic output
!STACK 0
org.xml.sax.SAXParseException; lineNumber: 1; columnNumber: 1; Premature end of file.
	at java.xml/com.sun.org.apache.xerces.internal.parsers.DOMParser.parse(DOMParser.java:262)
	at java.xml/com.sun.org.apache.xerces.internal.jaxp.DocumentBuilderImpl.parse(DocumentBuilderImpl.java:342)
	at com.st.stm32cube.ide.mpu.remote.serial.internal.SerialPortProviderWindows.run(SerialPortProviderWindows.java:127)
	at java.base/java.util.TimerThread.mainLoop(Timer.java:566)
	at java.base/java.util.TimerThread.run(Timer.java:516)

!ENTRY com.st.stm32cube.ide.mpu.remote.serial 4 0 2026-01-16 22:37:04.728
!MESSAGE Failed to parse wmic output
!STACK 0
org.xml.sax.SAXParseException; lineNumber: 1; columnNumber: 1; Premature end of file.
	at java.xml/com.sun.org.apache.xerces.internal.parsers.DOMParser.parse(DOMParser.java:262)
	at java.xml/com.sun.org.apache.xerces.internal.jaxp.DocumentBuilderImpl.parse(DocumentBuilderImpl.java:342)
	at com.st.stm32cube.ide.mpu.remote.serial.internal.SerialPortProviderWindows.run(SerialPortProviderWindows.java:127)
	at java.base/java.util.TimerThread.mainLoop(Timer.java:566)
	at java.base/java.util.TimerThread.run(Timer.java:516)

!ENTRY com.st.stm32cube.ide.mpu.remote.serial 4 0 2026-01-16 22:37:05.738
!MESSAGE Failed to parse wmic output
!STACK 0
org.xml.sax.SAXParseException; lineNumber: 1; columnNumber: 1; Premature end of file.
	at java.xml/com.sun.org.apache.xerces.internal.parsers.DOMParser.parse(DOMParser.java:262)
	at java.xml/com.sun.org.apache.xerces.internal.jaxp.DocumentBuilderImpl.parse(DocumentBuilderImpl.java:342)
	at com.st.stm32cube.ide.mpu.remote.serial.internal.SerialPortProviderWindows.run(SerialPortProviderWindows.java:127)
	at java.base/java.util.TimerThread.mainLoop(Timer.java:566)
	at java.base/java.util.TimerThread.run(Timer.java:516)

!ENTRY com.st.stm32cube.ide.mpu.remote.serial 4 0 2026-01-16 22:37:06.736
!MESSAGE Failed to parse wmic output
!STACK 0
org.xml.sax.SAXParseException; lineNumber: 1; columnNumber: 1; Premature end of file.
	at java.xml/com.sun.org.apache.xerces.internal.parsers.DOMParser.parse(DOMParser.java:262)
	at java.xml/com.sun.org.apache.xerces.internal.jaxp.DocumentBuilderImpl.parse(DocumentBuilderImpl.java:342)
	at com.st.stm32cube.ide.mpu.remote.serial.internal.SerialPortProviderWindows.run(SerialPortProviderWindows.java:127)
	at java.base/java.util.TimerThread.mainLoop(Timer.java:566)
	at java.base/java.util.TimerThread.run(Timer.java:516)

!ENTRY com.st.stm32cube.ide.mpu.remote.serial 4 0 2026-01-16 22:37:07.727
!MESSAGE Failed to parse wmic output
!STACK 0
org.xml.sax.SAXParseException; lineNumber: 1; columnNumber: 1; Premature end of file.
	at java.xml/com.sun.org.apache.xerces.internal.parsers.DOMParser.parse(DOMParser.java:262)
	at java.xml/com.sun.org.apache.xerces.internal.jaxp.DocumentBuilderImpl.parse(DocumentBuilderImpl.java:342)
	at com.st.stm32cube.ide.mpu.remote.serial.internal.SerialPortProviderWindows.run(SerialPortProviderWindows.java:127)
	at java.base/java.util.TimerThread.mainLoop(Timer.java:566)
	at java.base/java.util.TimerThread.run(Timer.java:516)

!ENTRY com.st.stm32cube.ide.mpu.remote.serial 4 0 2026-01-16 22:37:08.730
!MESSAGE Failed to parse wmic output
!STACK 0
org.xml.sax.SAXParseException; lineNumber: 1; columnNumber: 1; Premature end of file.
	at java.xml/com.sun.org.apache.xerces.internal.parsers.DOMParser.parse(DOMParser.java:262)
	at java.xml/com.sun.org.apache.xerces.internal.jaxp.DocumentBuilderImpl.parse(DocumentBuilderImpl.java:342)
	at com.st.stm32cube.ide.mpu.remote.serial.internal.SerialPortProviderWindows.run(SerialPortProviderWindows.java:127)
	at java.base/java.util.TimerThread.mainLoop(Timer.java:566)
	at java.base/java.util.TimerThread.run(Timer.java:516)

!ENTRY com.st.stm32cube.ide.mpu.remote.serial 4 0 2026-01-16 22:37:09.736
!MESSAGE Failed to parse wmic output
!STACK 0
org.xml.sax.SAXParseException; lineNumber: 1; columnNumber: 1; Premature end of file.
	at java.xml/com.sun.org.apache.xerces.internal.parsers.DOMParser.parse(DOMParser.java:262)
	at java.xml/com.sun.org.apache.xerces.internal.jaxp.DocumentBuilderImpl.parse(DocumentBuilderImpl.java:342)
	at com.st.stm32cube.ide.mpu.remote.serial.internal.SerialPortProviderWindows.run(SerialPortProviderWindows.java:127)
	at java.base/java.util.TimerThread.mainLoop(Timer.java:566)
	at java.base/java.util.TimerThread.run(Timer.java:516)

!ENTRY com.st.stm32cube.ide.mpu.remote.serial 4 0 2026-01-16 22:37:10.729
!MESSAGE Failed to parse wmic output
!STACK 0
org.xml.sax.SAXParseException; lineNumber: 1; columnNumber: 1; Premature end of file.
	at java.xml/com.sun.org.apache.xerces.internal.parsers.DOMParser.parse(DOMParser.java:262)
	at java.xml/com.sun.org.apache.xerces.internal.jaxp.DocumentBuilderImpl.parse(DocumentBuilderImpl.java:342)
	at com.st.stm32cube.ide.mpu.remote.serial.internal.SerialPortProviderWindows.run(SerialPortProviderWindows.java:127)
	at java.base/java.util.TimerThread.mainLoop(Timer.java:566)
	at java.base/java.util.TimerThread.run(Timer.java:516)

!ENTRY com.st.stm32cube.ide.mpu.remote.serial 4 0 2026-01-16 22:37:11.725
!MESSAGE Failed to parse wmic output
!STACK 0
org.xml.sax.SAXParseException; lineNumber: 1; columnNumber: 1; Premature end of file.
	at java.xml/com.sun.org.apache.xerces.internal.parsers.DOMParser.parse(DOMParser.java:262)
	at java.xml/com.sun.org.apache.xerces.internal.jaxp.DocumentBuilderImpl.parse(DocumentBuilderImpl.java:342)
	at com.st.stm32cube.ide.mpu.remote.serial.internal.SerialPortProviderWindows.run(SerialPortProviderWindows.java:127)
	at java.base/java.util.TimerThread.mainLoop(Timer.java:566)
	at java.base/java.util.TimerThread.run(Timer.java:516)

!ENTRY com.st.stm32cube.ide.mpu.remote.serial 4 0 2026-01-16 22:37:12.724
!MESSAGE Failed to parse wmic output
!STACK 0
org.xml.sax.SAXParseException; lineNumber: 1; columnNumber: 1; Premature end of file.
	at java.xml/com.sun.org.apache.xerces.internal.parsers.DOMParser.parse(DOMParser.java:262)
	at java.xml/com.sun.org.apache.xerces.internal.jaxp.DocumentBuilderImpl.parse(DocumentBuilderImpl.java:342)
	at com.st.stm32cube.ide.mpu.remote.serial.internal.SerialPortProviderWindows.run(SerialPortProviderWindows.java:127)
	at java.base/java.util.TimerThread.mainLoop(Timer.java:566)
	at java.base/java.util.TimerThread.run(Timer.java:516)

!ENTRY com.st.stm32cube.ide.mpu.remote.serial 4 0 2026-01-16 22:37:13.733
!MESSAGE Failed to parse wmic output
!STACK 0
org.xml.sax.SAXParseException; lineNumber: 1; columnNumber: 1; Premature end of file.
	at java.xml/com.sun.org.apache.xerces.internal.parsers.DOMParser.parse(DOMParser.java:262)
	at java.xml/com.sun.org.apache.xerces.internal.jaxp.DocumentBuilderImpl.parse(DocumentBuilderImpl.java:342)
	at com.st.stm32cube.ide.mpu.remote.serial.internal.SerialPortProviderWindows.run(SerialPortProviderWindows.java:127)
	at java.base/java.util.TimerThread.mainLoop(Timer.java:566)
	at java.base/java.util.TimerThread.run(Timer.java:516)

!ENTRY com.st.stm32cube.ide.mpu.remote.serial 4 0 2026-01-16 22:37:14.725
!MESSAGE Failed to parse wmic output
!STACK 0
org.xml.sax.SAXParseException; lineNumber: 1; columnNumber: 1; Premature end of file.
	at java.xml/com.sun.org.apache.xerces.internal.parsers.DOMParser.parse(DOMParser.java:262)
	at java.xml/com.sun.org.apache.xerces.internal.jaxp.DocumentBuilderImpl.parse(DocumentBuilderImpl.java:342)
	at com.st.stm32cube.ide.mpu.remote.serial.internal.SerialPortProviderWindows.run(SerialPortProviderWindows.java:127)
	at java.base/java.util.TimerThread.mainLoop(Timer.java:566)
	at java.base/java.util.TimerThread.run(Timer.java:516)

!ENTRY com.st.stm32cube.ide.mpu.remote.serial 4 0 2026-01-16 22:37:15.734
!MESSAGE Failed to parse wmic output
!STACK 0
org.xml.sax.SAXParseException; lineNumber: 1; columnNumber: 1; Premature end of file.
	at java.xml/com.sun.org.apache.xerces.internal.parsers.DOMParser.parse(DOMParser.java:262)
	at java.xml/com.sun.org.apache.xerces.internal.jaxp.DocumentBuilderImpl.parse(DocumentBuilderImpl.java:342)
	at com.st.stm32cube.ide.mpu.remote.serial.internal.SerialPortProviderWindows.run(SerialPortProviderWindows.java:127)
	at java.base/java.util.TimerThread.mainLoop(Timer.java:566)
	at java.base/java.util.TimerThread.run(Timer.java:516)

!ENTRY com.st.stm32cube.ide.mpu.remote.serial 4 0 2026-01-16 22:37:16.723
!MESSAGE Failed to parse wmic output
!STACK 0
org.xml.sax.SAXParseException; lineNumber: 1; columnNumber: 1; Premature end of file.
	at java.xml/com.sun.org.apache.xerces.internal.parsers.DOMParser.parse(DOMParser.java:262)
	at java.xml/com.sun.org.apache.xerces.internal.jaxp.DocumentBuilderImpl.parse(DocumentBuilderImpl.java:342)
	at com.st.stm32cube.ide.mpu.remote.serial.internal.SerialPortProviderWindows.run(SerialPortProviderWindows.java:127)
	at java.base/java.util.TimerThread.mainLoop(Timer.java:566)
	at java.base/java.util.TimerThread.run(Timer.java:516)

!ENTRY com.st.stm32cube.ide.mpu.remote.serial 4 0 2026-01-16 22:37:17.723
!MESSAGE Failed to parse wmic output
!STACK 0
org.xml.sax.SAXParseException; lineNumber: 1; columnNumber: 1; Premature end of file.
	at java.xml/com.sun.org.apache.xerces.internal.parsers.DOMParser.parse(DOMParser.java:262)
	at java.xml/com.sun.org.apache.xerces.internal.jaxp.DocumentBuilderImpl.parse(DocumentBuilderImpl.java:342)
	at com.st.stm32cube.ide.mpu.remote.serial.internal.SerialPortProviderWindows.run(SerialPortProviderWindows.java:127)
	at java.base/java.util.TimerThread.mainLoop(Timer.java:566)
	at java.base/java.util.TimerThread.run(Timer.java:516)

!ENTRY com.st.stm32cube.ide.mpu.remote.serial 4 0 2026-01-16 22:37:18.733
!MESSAGE Failed to parse wmic output
!STACK 0
org.xml.sax.SAXParseException; lineNumber: 1; columnNumber: 1; Premature end of file.
	at java.xml/com.sun.org.apache.xerces.internal.parsers.DOMParser.parse(DOMParser.java:262)
	at java.xml/com.sun.org.apache.xerces.internal.jaxp.DocumentBuilderImpl.parse(DocumentBuilderImpl.java:342)
	at com.st.stm32cube.ide.mpu.remote.serial.internal.SerialPortProviderWindows.run(SerialPortProviderWindows.java:127)
	at java.base/java.util.TimerThread.mainLoop(Timer.java:566)
	at java.base/java.util.TimerThread.run(Timer.java:516)

!ENTRY com.st.stm32cube.ide.mpu.remote.serial 4 0 2026-01-16 22:37:19.729
!MESSAGE Failed to parse wmic output
!STACK 0
org.xml.sax.SAXParseException; lineNumber: 1; columnNumber: 1; Premature end of file.
	at java.xml/com.sun.org.apache.xerces.internal.parsers.DOMParser.parse(DOMParser.java:262)
	at java.xml/com.sun.org.apache.xerces.internal.jaxp.DocumentBuilderImpl.parse(DocumentBuilderImpl.java:342)
	at com.st.stm32cube.ide.mpu.remote.serial.internal.SerialPortProviderWindows.run(SerialPortProviderWindows.java:127)
	at java.base/java.util.TimerThread.mainLoop(Timer.java:566)
	at java.base/java.util.TimerThread.run(Timer.java:516)

!ENTRY com.st.stm32cube.ide.mpu.remote.serial 4 0 2026-01-16 22:37:20.725
!MESSAGE Failed to parse wmic output
!STACK 0
org.xml.sax.SAXParseException; lineNumber: 1; columnNumber: 1; Premature end of file.
	at java.xml/com.sun.org.apache.xerces.internal.parsers.DOMParser.parse(DOMParser.java:262)
	at java.xml/com.sun.org.apache.xerces.internal.jaxp.DocumentBuilderImpl.parse(DocumentBuilderImpl.java:342)
	at com.st.stm32cube.ide.mpu.remote.serial.internal.SerialPortProviderWindows.run(SerialPortProviderWindows.java:127)
	at java.base/java.util.TimerThread.mainLoop(Timer.java:566)
	at java.base/java.util.TimerThread.run(Timer.java:516)

!ENTRY com.st.stm32cube.ide.mpu.remote.serial 4 0 2026-01-16 22:37:21.726
!MESSAGE Failed to parse wmic output
!STACK 0
org.xml.sax.SAXParseException; lineNumber: 1; columnNumber: 1; Premature end of file.
	at java.xml/com.sun.org.apache.xerces.internal.parsers.DOMParser.parse(DOMParser.java:262)
	at java.xml/com.sun.org.apache.xerces.internal.jaxp.DocumentBuilderImpl.parse(DocumentBuilderImpl.java:342)
	at com.st.stm32cube.ide.mpu.remote.serial.internal.SerialPortProviderWindows.run(SerialPortProviderWindows.java:127)
	at java.base/java.util.TimerThread.mainLoop(Timer.java:566)
	at java.base/java.util.TimerThread.run(Timer.java:516)

!ENTRY com.st.stm32cube.ide.mpu.remote.serial 4 0 2026-01-16 22:37:22.727
!MESSAGE Failed to parse wmic output
!STACK 0
org.xml.sax.SAXParseException; lineNumber: 1; columnNumber: 1; Premature end of file.
	at java.xml/com.sun.org.apache.xerces.internal.parsers.DOMParser.parse(DOMParser.java:262)
	at java.xml/com.sun.org.apache.xerces.internal.jaxp.DocumentBuilderImpl.parse(DocumentBuilderImpl.java:342)
	at com.st.stm32cube.ide.mpu.remote.serial.internal.SerialPortProviderWindows.run(SerialPortProviderWindows.java:127)
	at java.base/java.util.TimerThread.mainLoop(Timer.java:566)
	at java.base/java.util.TimerThread.run(Timer.java:516)

!ENTRY com.st.stm32cube.ide.mpu.remote.serial 4 0 2026-01-16 22:37:23.736
!MESSAGE Failed to parse wmic output
!STACK 0
org.xml.sax.SAXParseException; lineNumber: 1; columnNumber: 1; Premature end of file.
	at java.xml/com.sun.org.apache.xerces.internal.parsers.DOMParser.parse(DOMParser.java:262)
	at java.xml/com.sun.org.apache.xerces.internal.jaxp.DocumentBuilderImpl.parse(DocumentBuilderImpl.java:342)
	at com.st.stm32cube.ide.mpu.remote.serial.internal.SerialPortProviderWindows.run(SerialPortProviderWindows.java:127)
	at java.base/java.util.TimerThread.mainLoop(Timer.java:566)
	at java.base/java.util.TimerThread.run(Timer.java:516)

!ENTRY com.st.stm32cube.ide.mpu.remote.serial 4 0 2026-01-16 22:37:24.727
!MESSAGE Failed to parse wmic output
!STACK 0
org.xml.sax.SAXParseException; lineNumber: 1; columnNumber: 1; Premature end of file.
	at java.xml/com.sun.org.apache.xerces.internal.parsers.DOMParser.parse(DOMParser.java:262)
	at java.xml/com.sun.org.apache.xerces.internal.jaxp.DocumentBuilderImpl.parse(DocumentBuilderImpl.java:342)
	at com.st.stm32cube.ide.mpu.remote.serial.internal.SerialPortProviderWindows.run(SerialPortProviderWindows.java:127)
	at java.base/java.util.TimerThread.mainLoop(Timer.java:566)
	at java.base/java.util.TimerThread.run(Timer.java:516)

!ENTRY com.st.stm32cube.ide.mpu.remote.serial 4 0 2026-01-16 22:37:25.716
!MESSAGE Failed to parse wmic output
!STACK 0
org.xml.sax.SAXParseException; lineNumber: 1; columnNumber: 1; Premature end of file.
	at java.xml/com.sun.org.apache.xerces.internal.parsers.DOMParser.parse(DOMParser.java:262)
	at java.xml/com.sun.org.apache.xerces.internal.jaxp.DocumentBuilderImpl.parse(DocumentBuilderImpl.java:342)
	at com.st.stm32cube.ide.mpu.remote.serial.internal.SerialPortProviderWindows.run(SerialPortProviderWindows.java:127)
	at java.base/java.util.TimerThread.mainLoop(Timer.java:566)
	at java.base/java.util.TimerThread.run(Timer.java:516)

!ENTRY com.st.stm32cube.ide.mpu.remote.serial 4 0 2026-01-16 22:37:26.706
!MESSAGE Failed to parse wmic output
!STACK 0
org.xml.sax.SAXParseException; lineNumber: 1; columnNumber: 1; Premature end of file.
	at java.xml/com.sun.org.apache.xerces.internal.parsers.DOMParser.parse(DOMParser.java:262)
	at java.xml/com.sun.org.apache.xerces.internal.jaxp.DocumentBuilderImpl.parse(DocumentBuilderImpl.java:342)
	at com.st.stm32cube.ide.mpu.remote.serial.internal.SerialPortProviderWindows.run(SerialPortProviderWindows.java:127)
	at java.base/java.util.TimerThread.mainLoop(Timer.java:566)
	at java.base/java.util.TimerThread.run(Timer.java:516)

!ENTRY com.st.stm32cube.ide.mpu.remote.serial 4 0 2026-01-16 22:37:27.724
!MESSAGE Failed to parse wmic output
!STACK 0
org.xml.sax.SAXParseException; lineNumber: 1; columnNumber: 1; Premature end of file.
	at java.xml/com.sun.org.apache.xerces.internal.parsers.DOMParser.parse(DOMParser.java:262)
	at java.xml/com.sun.org.apache.xerces.internal.jaxp.DocumentBuilderImpl.parse(DocumentBuilderImpl.java:342)
	at com.st.stm32cube.ide.mpu.remote.serial.internal.SerialPortProviderWindows.run(SerialPortProviderWindows.java:127)
	at java.base/java.util.TimerThread.mainLoop(Timer.java:566)
	at java.base/java.util.TimerThread.run(Timer.java:516)

!ENTRY com.st.stm32cube.ide.mpu.remote.serial 4 0 2026-01-16 22:37:28.740
!MESSAGE Failed to parse wmic output
!STACK 0
org.xml.sax.SAXParseException; lineNumber: 1; columnNumber: 1; Premature end of file.
	at java.xml/com.sun.org.apache.xerces.internal.parsers.DOMParser.parse(DOMParser.java:262)
	at java.xml/com.sun.org.apache.xerces.internal.jaxp.DocumentBuilderImpl.parse(DocumentBuilderImpl.java:342)
	at com.st.stm32cube.ide.mpu.remote.serial.internal.SerialPortProviderWindows.run(SerialPortProviderWindows.java:127)
	at java.base/java.util.TimerThread.mainLoop(Timer.java:566)
	at java.base/java.util.TimerThread.run(Timer.java:516)

!ENTRY com.st.stm32cube.ide.mpu.remote.serial 4 0 2026-01-16 22:37:29.739
!MESSAGE Failed to parse wmic output
!STACK 0
org.xml.sax.SAXParseException; lineNumber: 1; columnNumber: 1; Premature end of file.
	at java.xml/com.sun.org.apache.xerces.internal.parsers.DOMParser.parse(DOMParser.java:262)
	at java.xml/com.sun.org.apache.xerces.internal.jaxp.DocumentBuilderImpl.parse(DocumentBuilderImpl.java:342)
	at com.st.stm32cube.ide.mpu.remote.serial.internal.SerialPortProviderWindows.run(SerialPortProviderWindows.java:127)
	at java.base/java.util.TimerThread.mainLoop(Timer.java:566)
	at java.base/java.util.TimerThread.run(Timer.java:516)

!ENTRY com.st.stm32cube.ide.mpu.remote.serial 4 0 2026-01-16 22:37:30.730
!MESSAGE Failed to parse wmic output
!STACK 0
org.xml.sax.SAXParseException; lineNumber: 1; columnNumber: 1; Premature end of file.
	at java.xml/com.sun.org.apache.xerces.internal.parsers.DOMParser.parse(DOMParser.java:262)
	at java.xml/com.sun.org.apache.xerces.internal.jaxp.DocumentBuilderImpl.parse(DocumentBuilderImpl.java:342)
	at com.st.stm32cube.ide.mpu.remote.serial.internal.SerialPortProviderWindows.run(SerialPortProviderWindows.java:127)
	at java.base/java.util.TimerThread.mainLoop(Timer.java:566)
	at java.base/java.util.TimerThread.run(Timer.java:516)

!ENTRY com.st.stm32cube.ide.mpu.remote.serial 4 0 2026-01-16 22:37:31.736
!MESSAGE Failed to parse wmic output
!STACK 0
org.xml.sax.SAXParseException; lineNumber: 1; columnNumber: 1; Premature end of file.
	at java.xml/com.sun.org.apache.xerces.internal.parsers.DOMParser.parse(DOMParser.java:262)
	at java.xml/com.sun.org.apache.xerces.internal.jaxp.DocumentBuilderImpl.parse(DocumentBuilderImpl.java:342)
	at com.st.stm32cube.ide.mpu.remote.serial.internal.SerialPortProviderWindows.run(SerialPortProviderWindows.java:127)
	at java.base/java.util.TimerThread.mainLoop(Timer.java:566)
	at java.base/java.util.TimerThread.run(Timer.java:516)

!ENTRY com.st.stm32cube.ide.mpu.remote.serial 4 0 2026-01-16 22:37:32.731
!MESSAGE Failed to parse wmic output
!STACK 0
org.xml.sax.SAXParseException; lineNumber: 1; columnNumber: 1; Premature end of file.
	at java.xml/com.sun.org.apache.xerces.internal.parsers.DOMParser.parse(DOMParser.java:262)
	at java.xml/com.sun.org.apache.xerces.internal.jaxp.DocumentBuilderImpl.parse(DocumentBuilderImpl.java:342)
	at com.st.stm32cube.ide.mpu.remote.serial.internal.SerialPortProviderWindows.run(SerialPortProviderWindows.java:127)
	at java.base/java.util.TimerThread.mainLoop(Timer.java:566)
	at java.base/java.util.TimerThread.run(Timer.java:516)

!ENTRY com.st.stm32cube.ide.mpu.remote.serial 4 0 2026-01-16 22:37:33.728
!MESSAGE Failed to parse wmic output
!STACK 0
org.xml.sax.SAXParseException; lineNumber: 1; columnNumber: 1; Premature end of file.
	at java.xml/com.sun.org.apache.xerces.internal.parsers.DOMParser.parse(DOMParser.java:262)
	at java.xml/com.sun.org.apache.xerces.internal.jaxp.DocumentBuilderImpl.parse(DocumentBuilderImpl.java:342)
	at com.st.stm32cube.ide.mpu.remote.serial.internal.SerialPortProviderWindows.run(SerialPortProviderWindows.java:127)
	at java.base/java.util.TimerThread.mainLoop(Timer.java:566)
	at java.base/java.util.TimerThread.run(Timer.java:516)

!ENTRY com.st.stm32cube.ide.mpu.remote.serial 4 0 2026-01-16 22:37:34.736
!MESSAGE Failed to parse wmic output
!STACK 0
org.xml.sax.SAXParseException; lineNumber: 1; columnNumber: 1; Premature end of file.
	at java.xml/com.sun.org.apache.xerces.internal.parsers.DOMParser.parse(DOMParser.java:262)
	at java.xml/com.sun.org.apache.xerces.internal.jaxp.DocumentBuilderImpl.parse(DocumentBuilderImpl.java:342)
	at com.st.stm32cube.ide.mpu.remote.serial.internal.SerialPortProviderWindows.run(SerialPortProviderWindows.java:127)
	at java.base/java.util.TimerThread.mainLoop(Timer.java:566)
	at java.base/java.util.TimerThread.run(Timer.java:516)

!ENTRY com.st.stm32cube.ide.mpu.remote.serial 4 0 2026-01-16 22:37:35.753
!MESSAGE Failed to parse wmic output
!STACK 0
org.xml.sax.SAXParseException; lineNumber: 1; columnNumber: 1; Premature end of file.
	at java.xml/com.sun.org.apache.xerces.internal.parsers.DOMParser.parse(DOMParser.java:262)
	at java.xml/com.sun.org.apache.xerces.internal.jaxp.DocumentBuilderImpl.parse(DocumentBuilderImpl.java:342)
	at com.st.stm32cube.ide.mpu.remote.serial.internal.SerialPortProviderWindows.run(SerialPortProviderWindows.java:127)
	at java.base/java.util.TimerThread.mainLoop(Timer.java:566)
	at java.base/java.util.TimerThread.run(Timer.java:516)

!ENTRY com.st.stm32cube.ide.mpu.remote.serial 4 0 2026-01-16 22:37:36.734
!MESSAGE Failed to parse wmic output
!STACK 0
org.xml.sax.SAXParseException; lineNumber: 1; columnNumber: 1; Premature end of file.
	at java.xml/com.sun.org.apache.xerces.internal.parsers.DOMParser.parse(DOMParser.java:262)
	at java.xml/com.sun.org.apache.xerces.internal.jaxp.DocumentBuilderImpl.parse(DocumentBuilderImpl.java:342)
	at com.st.stm32cube.ide.mpu.remote.serial.internal.SerialPortProviderWindows.run(SerialPortProviderWindows.java:127)
	at java.base/java.util.TimerThread.mainLoop(Timer.java:566)
	at java.base/java.util.TimerThread.run(Timer.java:516)

!ENTRY com.st.stm32cube.ide.mpu.remote.serial 4 0 2026-01-16 22:37:37.727
!MESSAGE Failed to parse wmic output
!STACK 0
org.xml.sax.SAXParseException; lineNumber: 1; columnNumber: 1; Premature end of file.
	at java.xml/com.sun.org.apache.xerces.internal.parsers.DOMParser.parse(DOMParser.java:262)
	at java.xml/com.sun.org.apache.xerces.internal.jaxp.DocumentBuilderImpl.parse(DocumentBuilderImpl.java:342)
	at com.st.stm32cube.ide.mpu.remote.serial.internal.SerialPortProviderWindows.run(SerialPortProviderWindows.java:127)
	at java.base/java.util.TimerThread.mainLoop(Timer.java:566)
	at java.base/java.util.TimerThread.run(Timer.java:516)

!ENTRY com.st.stm32cube.ide.mpu.remote.serial 4 0 2026-01-16 22:37:38.734
!MESSAGE Failed to parse wmic output
!STACK 0
org.xml.sax.SAXParseException; lineNumber: 1; columnNumber: 1; Premature end of file.
	at java.xml/com.sun.org.apache.xerces.internal.parsers.DOMParser.parse(DOMParser.java:262)
	at java.xml/com.sun.org.apache.xerces.internal.jaxp.DocumentBuilderImpl.parse(DocumentBuilderImpl.java:342)
	at com.st.stm32cube.ide.mpu.remote.serial.internal.SerialPortProviderWindows.run(SerialPortProviderWindows.java:127)
	at java.base/java.util.TimerThread.mainLoop(Timer.java:566)
	at java.base/java.util.TimerThread.run(Timer.java:516)

!ENTRY com.st.stm32cube.ide.mpu.remote.serial 4 0 2026-01-16 22:37:39.726
!MESSAGE Failed to parse wmic output
!STACK 0
org.xml.sax.SAXParseException; lineNumber: 1; columnNumber: 1; Premature end of file.
	at java.xml/com.sun.org.apache.xerces.internal.parsers.DOMParser.parse(DOMParser.java:262)
	at java.xml/com.sun.org.apache.xerces.internal.jaxp.DocumentBuilderImpl.parse(DocumentBuilderImpl.java:342)
	at com.st.stm32cube.ide.mpu.remote.serial.internal.SerialPortProviderWindows.run(SerialPortProviderWindows.java:127)
	at java.base/java.util.TimerThread.mainLoop(Timer.java:566)
	at java.base/java.util.TimerThread.run(Timer.java:516)

!ENTRY com.st.stm32cube.ide.mpu.remote.serial 4 0 2026-01-16 22:37:40.735
!MESSAGE Failed to parse wmic output
!STACK 0
org.xml.sax.SAXParseException; lineNumber: 1; columnNumber: 1; Premature end of file.
	at java.xml/com.sun.org.apache.xerces.internal.parsers.DOMParser.parse(DOMParser.java:262)
	at java.xml/com.sun.org.apache.xerces.internal.jaxp.DocumentBuilderImpl.parse(DocumentBuilderImpl.java:342)
	at com.st.stm32cube.ide.mpu.remote.serial.internal.SerialPortProviderWindows.run(SerialPortProviderWindows.java:127)
	at java.base/java.util.TimerThread.mainLoop(Timer.java:566)
	at java.base/java.util.TimerThread.run(Timer.java:516)

!ENTRY com.st.stm32cube.ide.mpu.remote.serial 4 0 2026-01-16 22:37:41.732
!MESSAGE Failed to parse wmic output
!STACK 0
org.xml.sax.SAXParseException; lineNumber: 1; columnNumber: 1; Premature end of file.
	at java.xml/com.sun.org.apache.xerces.internal.parsers.DOMParser.parse(DOMParser.java:262)
	at java.xml/com.sun.org.apache.xerces.internal.jaxp.DocumentBuilderImpl.parse(DocumentBuilderImpl.java:342)
	at com.st.stm32cube.ide.mpu.remote.serial.internal.SerialPortProviderWindows.run(SerialPortProviderWindows.java:127)
	at java.base/java.util.TimerThread.mainLoop(Timer.java:566)
	at java.base/java.util.TimerThread.run(Timer.java:516)

!ENTRY com.st.stm32cube.ide.mpu.remote.serial 4 0 2026-01-16 22:37:42.731
!MESSAGE Failed to parse wmic output
!STACK 0
org.xml.sax.SAXParseException; lineNumber: 1; columnNumber: 1; Premature end of file.
	at java.xml/com.sun.org.apache.xerces.internal.parsers.DOMParser.parse(DOMParser.java:262)
	at java.xml/com.sun.org.apache.xerces.internal.jaxp.DocumentBuilderImpl.parse(DocumentBuilderImpl.java:342)
	at com.st.stm32cube.ide.mpu.remote.serial.internal.SerialPortProviderWindows.run(SerialPortProviderWindows.java:127)
	at java.base/java.util.TimerThread.mainLoop(Timer.java:566)
	at java.base/java.util.TimerThread.run(Timer.java:516)

!ENTRY com.st.stm32cube.ide.mpu.remote.serial 4 0 2026-01-16 22:37:43.723
!MESSAGE Failed to parse wmic output
!STACK 0
org.xml.sax.SAXParseException; lineNumber: 1; columnNumber: 1; Premature end of file.
	at java.xml/com.sun.org.apache.xerces.internal.parsers.DOMParser.parse(DOMParser.java:262)
	at java.xml/com.sun.org.apache.xerces.internal.jaxp.DocumentBuilderImpl.parse(DocumentBuilderImpl.java:342)
	at com.st.stm32cube.ide.mpu.remote.serial.internal.SerialPortProviderWindows.run(SerialPortProviderWindows.java:127)
	at java.base/java.util.TimerThread.mainLoop(Timer.java:566)
	at java.base/java.util.TimerThread.run(Timer.java:516)

!ENTRY com.st.stm32cube.ide.mpu.remote.serial 4 0 2026-01-16 22:37:44.731
!MESSAGE Failed to parse wmic output
!STACK 0
org.xml.sax.SAXParseException; lineNumber: 1; columnNumber: 1; Premature end of file.
	at java.xml/com.sun.org.apache.xerces.internal.parsers.DOMParser.parse(DOMParser.java:262)
	at java.xml/com.sun.org.apache.xerces.internal.jaxp.DocumentBuilderImpl.parse(DocumentBuilderImpl.java:342)
	at com.st.stm32cube.ide.mpu.remote.serial.internal.SerialPortProviderWindows.run(SerialPortProviderWindows.java:127)
	at java.base/java.util.TimerThread.mainLoop(Timer.java:566)
	at java.base/java.util.TimerThread.run(Timer.java:516)

!ENTRY com.st.stm32cube.ide.mpu.remote.serial 4 0 2026-01-16 22:37:45.733
!MESSAGE Failed to parse wmic output
!STACK 0
org.xml.sax.SAXParseException; lineNumber: 1; columnNumber: 1; Premature end of file.
	at java.xml/com.sun.org.apache.xerces.internal.parsers.DOMParser.parse(DOMParser.java:262)
	at java.xml/com.sun.org.apache.xerces.internal.jaxp.DocumentBuilderImpl.parse(DocumentBuilderImpl.java:342)
	at com.st.stm32cube.ide.mpu.remote.serial.internal.SerialPortProviderWindows.run(SerialPortProviderWindows.java:127)
	at java.base/java.util.TimerThread.mainLoop(Timer.java:566)
	at java.base/java.util.TimerThread.run(Timer.java:516)

!ENTRY com.st.stm32cube.ide.mpu.remote.serial 4 0 2026-01-16 22:37:46.731
!MESSAGE Failed to parse wmic output
!STACK 0
org.xml.sax.SAXParseException; lineNumber: 1; columnNumber: 1; Premature end of file.
	at java.xml/com.sun.org.apache.xerces.internal.parsers.DOMParser.parse(DOMParser.java:262)
	at java.xml/com.sun.org.apache.xerces.internal.jaxp.DocumentBuilderImpl.parse(DocumentBuilderImpl.java:342)
	at com.st.stm32cube.ide.mpu.remote.serial.internal.SerialPortProviderWindows.run(SerialPortProviderWindows.java:127)
	at java.base/java.util.TimerThread.mainLoop(Timer.java:566)
	at java.base/java.util.TimerThread.run(Timer.java:516)

!ENTRY com.st.stm32cube.ide.mpu.remote.serial 4 0 2026-01-16 22:37:47.725
!MESSAGE Failed to parse wmic output
!STACK 0
org.xml.sax.SAXParseException; lineNumber: 1; columnNumber: 1; Premature end of file.
	at java.xml/com.sun.org.apache.xerces.internal.parsers.DOMParser.parse(DOMParser.java:262)
	at java.xml/com.sun.org.apache.xerces.internal.jaxp.DocumentBuilderImpl.parse(DocumentBuilderImpl.java:342)
	at com.st.stm32cube.ide.mpu.remote.serial.internal.SerialPortProviderWindows.run(SerialPortProviderWindows.java:127)
	at java.base/java.util.TimerThread.mainLoop(Timer.java:566)
	at java.base/java.util.TimerThread.run(Timer.java:516)

!ENTRY com.st.stm32cube.ide.mpu.remote.serial 4 0 2026-01-16 22:37:48.739
!MESSAGE Failed to parse wmic output
!STACK 0
org.xml.sax.SAXParseException; lineNumber: 1; columnNumber: 1; Premature end of file.
	at java.xml/com.sun.org.apache.xerces.internal.parsers.DOMParser.parse(DOMParser.java:262)
	at java.xml/com.sun.org.apache.xerces.internal.jaxp.DocumentBuilderImpl.parse(DocumentBuilderImpl.java:342)
	at com.st.stm32cube.ide.mpu.remote.serial.internal.SerialPortProviderWindows.run(SerialPortProviderWindows.java:127)
	at java.base/java.util.TimerThread.mainLoop(Timer.java:566)
	at java.base/java.util.TimerThread.run(Timer.java:516)

!ENTRY com.st.stm32cube.ide.mpu.remote.serial 4 0 2026-01-16 22:37:49.737
!MESSAGE Failed to parse wmic output
!STACK 0
org.xml.sax.SAXParseException; lineNumber: 1; columnNumber: 1; Premature end of file.
	at java.xml/com.sun.org.apache.xerces.internal.parsers.DOMParser.parse(DOMParser.java:262)
	at java.xml/com.sun.org.apache.xerces.internal.jaxp.DocumentBuilderImpl.parse(DocumentBuilderImpl.java:342)
	at com.st.stm32cube.ide.mpu.remote.serial.internal.SerialPortProviderWindows.run(SerialPortProviderWindows.java:127)
	at java.base/java.util.TimerThread.mainLoop(Timer.java:566)
	at java.base/java.util.TimerThread.run(Timer.java:516)

!ENTRY com.st.stm32cube.ide.mpu.remote.serial 4 0 2026-01-16 22:37:50.734
!MESSAGE Failed to parse wmic output
!STACK 0
org.xml.sax.SAXParseException; lineNumber: 1; columnNumber: 1; Premature end of file.
	at java.xml/com.sun.org.apache.xerces.internal.parsers.DOMParser.parse(DOMParser.java:262)
	at java.xml/com.sun.org.apache.xerces.internal.jaxp.DocumentBuilderImpl.parse(DocumentBuilderImpl.java:342)
	at com.st.stm32cube.ide.mpu.remote.serial.internal.SerialPortProviderWindows.run(SerialPortProviderWindows.java:127)
	at java.base/java.util.TimerThread.mainLoop(Timer.java:566)
	at java.base/java.util.TimerThread.run(Timer.java:516)

!ENTRY com.st.stm32cube.ide.mpu.remote.serial 4 0 2026-01-16 22:37:51.739
!MESSAGE Failed to parse wmic output
!STACK 0
org.xml.sax.SAXParseException; lineNumber: 1; columnNumber: 1; Premature end of file.
	at java.xml/com.sun.org.apache.xerces.internal.parsers.DOMParser.parse(DOMParser.java:262)
	at java.xml/com.sun.org.apache.xerces.internal.jaxp.DocumentBuilderImpl.parse(DocumentBuilderImpl.java:342)
	at com.st.stm32cube.ide.mpu.remote.serial.internal.SerialPortProviderWindows.run(SerialPortProviderWindows.java:127)
	at java.base/java.util.TimerThread.mainLoop(Timer.java:566)
	at java.base/java.util.TimerThread.run(Timer.java:516)

!ENTRY com.st.stm32cube.ide.mpu.remote.serial 4 0 2026-01-16 22:37:52.736
!MESSAGE Failed to parse wmic output
!STACK 0
org.xml.sax.SAXParseException; lineNumber: 1; columnNumber: 1; Premature end of file.
	at java.xml/com.sun.org.apache.xerces.internal.parsers.DOMParser.parse(DOMParser.java:262)
	at java.xml/com.sun.org.apache.xerces.internal.jaxp.DocumentBuilderImpl.parse(DocumentBuilderImpl.java:342)
	at com.st.stm32cube.ide.mpu.remote.serial.internal.SerialPortProviderWindows.run(SerialPortProviderWindows.java:127)
	at java.base/java.util.TimerThread.mainLoop(Timer.java:566)
	at java.base/java.util.TimerThread.run(Timer.java:516)

!ENTRY com.st.stm32cube.ide.mpu.remote.serial 4 0 2026-01-16 22:37:53.732
!MESSAGE Failed to parse wmic output
!STACK 0
org.xml.sax.SAXParseException; lineNumber: 1; columnNumber: 1; Premature end of file.
	at java.xml/com.sun.org.apache.xerces.internal.parsers.DOMParser.parse(DOMParser.java:262)
	at java.xml/com.sun.org.apache.xerces.internal.jaxp.DocumentBuilderImpl.parse(DocumentBuilderImpl.java:342)
	at com.st.stm32cube.ide.mpu.remote.serial.internal.SerialPortProviderWindows.run(SerialPortProviderWindows.java:127)
	at java.base/java.util.TimerThread.mainLoop(Timer.java:566)
	at java.base/java.util.TimerThread.run(Timer.java:516)

!ENTRY com.st.stm32cube.ide.mpu.remote.serial 4 0 2026-01-16 22:37:54.737
!MESSAGE Failed to parse wmic output
!STACK 0
org.xml.sax.SAXParseException; lineNumber: 1; columnNumber: 1; Premature end of file.
	at java.xml/com.sun.org.apache.xerces.internal.parsers.DOMParser.parse(DOMParser.java:262)
	at java.xml/com.sun.org.apache.xerces.internal.jaxp.DocumentBuilderImpl.parse(DocumentBuilderImpl.java:342)
	at com.st.stm32cube.ide.mpu.remote.serial.internal.SerialPortProviderWindows.run(SerialPortProviderWindows.java:127)
	at java.base/java.util.TimerThread.mainLoop(Timer.java:566)
	at java.base/java.util.TimerThread.run(Timer.java:516)

!ENTRY com.st.stm32cube.ide.mpu.remote.serial 4 0 2026-01-16 22:37:55.716
!MESSAGE Failed to parse wmic output
!STACK 0
org.xml.sax.SAXParseException; lineNumber: 1; columnNumber: 1; Premature end of file.
	at java.xml/com.sun.org.apache.xerces.internal.parsers.DOMParser.parse(DOMParser.java:262)
	at java.xml/com.sun.org.apache.xerces.internal.jaxp.DocumentBuilderImpl.parse(DocumentBuilderImpl.java:342)
	at com.st.stm32cube.ide.mpu.remote.serial.internal.SerialPortProviderWindows.run(SerialPortProviderWindows.java:127)
	at java.base/java.util.TimerThread.mainLoop(Timer.java:566)
	at java.base/java.util.TimerThread.run(Timer.java:516)

!ENTRY com.st.stm32cube.ide.mpu.remote.serial 4 0 2026-01-16 22:37:56.725
!MESSAGE Failed to parse wmic output
!STACK 0
org.xml.sax.SAXParseException; lineNumber: 1; columnNumber: 1; Premature end of file.
	at java.xml/com.sun.org.apache.xerces.internal.parsers.DOMParser.parse(DOMParser.java:262)
	at java.xml/com.sun.org.apache.xerces.internal.jaxp.DocumentBuilderImpl.parse(DocumentBuilderImpl.java:342)
	at com.st.stm32cube.ide.mpu.remote.serial.internal.SerialPortProviderWindows.run(SerialPortProviderWindows.java:127)
	at java.base/java.util.TimerThread.mainLoop(Timer.java:566)
	at java.base/java.util.TimerThread.run(Timer.java:516)

!ENTRY com.st.stm32cube.ide.mpu.remote.serial 4 0 2026-01-16 22:37:57.724
!MESSAGE Failed to parse wmic output
!STACK 0
org.xml.sax.SAXParseException; lineNumber: 1; columnNumber: 1; Premature end of file.
	at java.xml/com.sun.org.apache.xerces.internal.parsers.DOMParser.parse(DOMParser.java:262)
	at java.xml/com.sun.org.apache.xerces.internal.jaxp.DocumentBuilderImpl.parse(DocumentBuilderImpl.java:342)
	at com.st.stm32cube.ide.mpu.remote.serial.internal.SerialPortProviderWindows.run(SerialPortProviderWindows.java:127)
	at java.base/java.util.TimerThread.mainLoop(Timer.java:566)
	at java.base/java.util.TimerThread.run(Timer.java:516)

!ENTRY com.st.stm32cube.ide.mpu.remote.serial 4 0 2026-01-16 22:37:58.744
!MESSAGE Failed to parse wmic output
!STACK 0
org.xml.sax.SAXParseException; lineNumber: 1; columnNumber: 1; Premature end of file.
	at java.xml/com.sun.org.apache.xerces.internal.parsers.DOMParser.parse(DOMParser.java:262)
	at java.xml/com.sun.org.apache.xerces.internal.jaxp.DocumentBuilderImpl.parse(DocumentBuilderImpl.java:342)
	at com.st.stm32cube.ide.mpu.remote.serial.internal.SerialPortProviderWindows.run(SerialPortProviderWindows.java:127)
	at java.base/java.util.TimerThread.mainLoop(Timer.java:566)
	at java.base/java.util.TimerThread.run(Timer.java:516)

!ENTRY com.st.stm32cube.ide.mpu.remote.serial 4 0 2026-01-16 22:37:59.731
!MESSAGE Failed to parse wmic output
!STACK 0
org.xml.sax.SAXParseException; lineNumber: 1; columnNumber: 1; Premature end of file.
	at java.xml/com.sun.org.apache.xerces.internal.parsers.DOMParser.parse(DOMParser.java:262)
	at java.xml/com.sun.org.apache.xerces.internal.jaxp.DocumentBuilderImpl.parse(DocumentBuilderImpl.java:342)
	at com.st.stm32cube.ide.mpu.remote.serial.internal.SerialPortProviderWindows.run(SerialPortProviderWindows.java:127)
	at java.base/java.util.TimerThread.mainLoop(Timer.java:566)
	at java.base/java.util.TimerThread.run(Timer.java:516)

!ENTRY com.st.stm32cube.ide.mpu.remote.serial 4 0 2026-01-16 22:38:00.733
!MESSAGE Failed to parse wmic output
!STACK 0
org.xml.sax.SAXParseException; lineNumber: 1; columnNumber: 1; Premature end of file.
	at java.xml/com.sun.org.apache.xerces.internal.parsers.DOMParser.parse(DOMParser.java:262)
	at java.xml/com.sun.org.apache.xerces.internal.jaxp.DocumentBuilderImpl.parse(DocumentBuilderImpl.java:342)
	at com.st.stm32cube.ide.mpu.remote.serial.internal.SerialPortProviderWindows.run(SerialPortProviderWindows.java:127)
	at java.base/java.util.TimerThread.mainLoop(Timer.java:566)
	at java.base/java.util.TimerThread.run(Timer.java:516)

!ENTRY com.st.stm32cube.ide.mpu.remote.serial 4 0 2026-01-16 22:38:01.741
!MESSAGE Failed to parse wmic output
!STACK 0
org.xml.sax.SAXParseException; lineNumber: 1; columnNumber: 1; Premature end of file.
	at java.xml/com.sun.org.apache.xerces.internal.parsers.DOMParser.parse(DOMParser.java:262)
	at java.xml/com.sun.org.apache.xerces.internal.jaxp.DocumentBuilderImpl.parse(DocumentBuilderImpl.java:342)
	at com.st.stm32cube.ide.mpu.remote.serial.internal.SerialPortProviderWindows.run(SerialPortProviderWindows.java:127)
	at java.base/java.util.TimerThread.mainLoop(Timer.java:566)
	at java.base/java.util.TimerThread.run(Timer.java:516)

!ENTRY com.st.stm32cube.ide.mpu.remote.serial 4 0 2026-01-16 22:38:02.726
!MESSAGE Failed to parse wmic output
!STACK 0
org.xml.sax.SAXParseException; lineNumber: 1; columnNumber: 1; Premature end of file.
	at java.xml/com.sun.org.apache.xerces.internal.parsers.DOMParser.parse(DOMParser.java:262)
	at java.xml/com.sun.org.apache.xerces.internal.jaxp.DocumentBuilderImpl.parse(DocumentBuilderImpl.java:342)
	at com.st.stm32cube.ide.mpu.remote.serial.internal.SerialPortProviderWindows.run(SerialPortProviderWindows.java:127)
	at java.base/java.util.TimerThread.mainLoop(Timer.java:566)
	at java.base/java.util.TimerThread.run(Timer.java:516)

!ENTRY com.st.stm32cube.ide.mpu.remote.serial 4 0 2026-01-16 22:38:03.737
!MESSAGE Failed to parse wmic output
!STACK 0
org.xml.sax.SAXParseException; lineNumber: 1; columnNumber: 1; Premature end of file.
	at java.xml/com.sun.org.apache.xerces.internal.parsers.DOMParser.parse(DOMParser.java:262)
	at java.xml/com.sun.org.apache.xerces.internal.jaxp.DocumentBuilderImpl.parse(DocumentBuilderImpl.java:342)
	at com.st.stm32cube.ide.mpu.remote.serial.internal.SerialPortProviderWindows.run(SerialPortProviderWindows.java:127)
	at java.base/java.util.TimerThread.mainLoop(Timer.java:566)
	at java.base/java.util.TimerThread.run(Timer.java:516)

!ENTRY com.st.stm32cube.ide.mpu.remote.serial 4 0 2026-01-16 22:38:04.736
!MESSAGE Failed to parse wmic output
!STACK 0
org.xml.sax.SAXParseException; lineNumber: 1; columnNumber: 1; Premature end of file.
	at java.xml/com.sun.org.apache.xerces.internal.parsers.DOMParser.parse(DOMParser.java:262)
	at java.xml/com.sun.org.apache.xerces.internal.jaxp.DocumentBuilderImpl.parse(DocumentBuilderImpl.java:342)
	at com.st.stm32cube.ide.mpu.remote.serial.internal.SerialPortProviderWindows.run(SerialPortProviderWindows.java:127)
	at java.base/java.util.TimerThread.mainLoop(Timer.java:566)
	at java.base/java.util.TimerThread.run(Timer.java:516)

!ENTRY com.st.stm32cube.ide.mpu.remote.serial 4 0 2026-01-16 22:38:05.731
!MESSAGE Failed to parse wmic output
!STACK 0
org.xml.sax.SAXParseException; lineNumber: 1; columnNumber: 1; Premature end of file.
	at java.xml/com.sun.org.apache.xerces.internal.parsers.DOMParser.parse(DOMParser.java:262)
	at java.xml/com.sun.org.apache.xerces.internal.jaxp.DocumentBuilderImpl.parse(DocumentBuilderImpl.java:342)
	at com.st.stm32cube.ide.mpu.remote.serial.internal.SerialPortProviderWindows.run(SerialPortProviderWindows.java:127)
	at java.base/java.util.TimerThread.mainLoop(Timer.java:566)
	at java.base/java.util.TimerThread.run(Timer.java:516)

!ENTRY com.st.stm32cube.ide.mpu.remote.serial 4 0 2026-01-16 22:38:06.736
!MESSAGE Failed to parse wmic output
!STACK 0
org.xml.sax.SAXParseException; lineNumber: 1; columnNumber: 1; Premature end of file.
	at java.xml/com.sun.org.apache.xerces.internal.parsers.DOMParser.parse(DOMParser.java:262)
	at java.xml/com.sun.org.apache.xerces.internal.jaxp.DocumentBuilderImpl.parse(DocumentBuilderImpl.java:342)
	at com.st.stm32cube.ide.mpu.remote.serial.internal.SerialPortProviderWindows.run(SerialPortProviderWindows.java:127)
	at java.base/java.util.TimerThread.mainLoop(Timer.java:566)
	at java.base/java.util.TimerThread.run(Timer.java:516)

!ENTRY com.st.stm32cube.ide.mpu.remote.serial 4 0 2026-01-16 22:38:07.728
!MESSAGE Failed to parse wmic output
!STACK 0
org.xml.sax.SAXParseException; lineNumber: 1; columnNumber: 1; Premature end of file.
	at java.xml/com.sun.org.apache.xerces.internal.parsers.DOMParser.parse(DOMParser.java:262)
	at java.xml/com.sun.org.apache.xerces.internal.jaxp.DocumentBuilderImpl.parse(DocumentBuilderImpl.java:342)
	at com.st.stm32cube.ide.mpu.remote.serial.internal.SerialPortProviderWindows.run(SerialPortProviderWindows.java:127)
	at java.base/java.util.TimerThread.mainLoop(Timer.java:566)
	at java.base/java.util.TimerThread.run(Timer.java:516)

!ENTRY com.st.stm32cube.ide.mpu.remote.serial 4 0 2026-01-16 22:38:08.752
!MESSAGE Failed to parse wmic output
!STACK 0
org.xml.sax.SAXParseException; lineNumber: 1; columnNumber: 1; Premature end of file.
	at java.xml/com.sun.org.apache.xerces.internal.parsers.DOMParser.parse(DOMParser.java:262)
	at java.xml/com.sun.org.apache.xerces.internal.jaxp.DocumentBuilderImpl.parse(DocumentBuilderImpl.java:342)
	at com.st.stm32cube.ide.mpu.remote.serial.internal.SerialPortProviderWindows.run(SerialPortProviderWindows.java:127)
	at java.base/java.util.TimerThread.mainLoop(Timer.java:566)
	at java.base/java.util.TimerThread.run(Timer.java:516)

!ENTRY com.st.stm32cube.ide.mpu.remote.serial 4 0 2026-01-16 22:38:09.730
!MESSAGE Failed to parse wmic output
!STACK 0
org.xml.sax.SAXParseException; lineNumber: 1; columnNumber: 1; Premature end of file.
	at java.xml/com.sun.org.apache.xerces.internal.parsers.DOMParser.parse(DOMParser.java:262)
	at java.xml/com.sun.org.apache.xerces.internal.jaxp.DocumentBuilderImpl.parse(DocumentBuilderImpl.java:342)
	at com.st.stm32cube.ide.mpu.remote.serial.internal.SerialPortProviderWindows.run(SerialPortProviderWindows.java:127)
	at java.base/java.util.TimerThread.mainLoop(Timer.java:566)
	at java.base/java.util.TimerThread.run(Timer.java:516)

!ENTRY com.st.stm32cube.ide.mpu.remote.serial 4 0 2026-01-16 22:38:10.735
!MESSAGE Failed to parse wmic output
!STACK 0
org.xml.sax.SAXParseException; lineNumber: 1; columnNumber: 1; Premature end of file.
	at java.xml/com.sun.org.apache.xerces.internal.parsers.DOMParser.parse(DOMParser.java:262)
	at java.xml/com.sun.org.apache.xerces.internal.jaxp.DocumentBuilderImpl.parse(DocumentBuilderImpl.java:342)
	at com.st.stm32cube.ide.mpu.remote.serial.internal.SerialPortProviderWindows.run(SerialPortProviderWindows.java:127)
	at java.base/java.util.TimerThread.mainLoop(Timer.java:566)
	at java.base/java.util.TimerThread.run(Timer.java:516)

!ENTRY com.st.stm32cube.ide.mpu.remote.serial 4 0 2026-01-16 22:38:11.719
!MESSAGE Failed to parse wmic output
!STACK 0
org.xml.sax.SAXParseException; lineNumber: 1; columnNumber: 1; Premature end of file.
	at java.xml/com.sun.org.apache.xerces.internal.parsers.DOMParser.parse(DOMParser.java:262)
	at java.xml/com.sun.org.apache.xerces.internal.jaxp.DocumentBuilderImpl.parse(DocumentBuilderImpl.java:342)
	at com.st.stm32cube.ide.mpu.remote.serial.internal.SerialPortProviderWindows.run(SerialPortProviderWindows.java:127)
	at java.base/java.util.TimerThread.mainLoop(Timer.java:566)
	at java.base/java.util.TimerThread.run(Timer.java:516)

!ENTRY com.st.stm32cube.ide.mpu.remote.serial 4 0 2026-01-16 22:38:12.735
!MESSAGE Failed to parse wmic output
!STACK 0
org.xml.sax.SAXParseException; lineNumber: 1; columnNumber: 1; Premature end of file.
	at java.xml/com.sun.org.apache.xerces.internal.parsers.DOMParser.parse(DOMParser.java:262)
	at java.xml/com.sun.org.apache.xerces.internal.jaxp.DocumentBuilderImpl.parse(DocumentBuilderImpl.java:342)
	at com.st.stm32cube.ide.mpu.remote.serial.internal.SerialPortProviderWindows.run(SerialPortProviderWindows.java:127)
	at java.base/java.util.TimerThread.mainLoop(Timer.java:566)
	at java.base/java.util.TimerThread.run(Timer.java:516)

!ENTRY com.st.stm32cube.ide.mpu.remote.serial 4 0 2026-01-16 22:38:13.734
!MESSAGE Failed to parse wmic output
!STACK 0
org.xml.sax.SAXParseException; lineNumber: 1; columnNumber: 1; Premature end of file.
	at java.xml/com.sun.org.apache.xerces.internal.parsers.DOMParser.parse(DOMParser.java:262)
	at java.xml/com.sun.org.apache.xerces.internal.jaxp.DocumentBuilderImpl.parse(DocumentBuilderImpl.java:342)
	at com.st.stm32cube.ide.mpu.remote.serial.internal.SerialPortProviderWindows.run(SerialPortProviderWindows.java:127)
	at java.base/java.util.TimerThread.mainLoop(Timer.java:566)
	at java.base/java.util.TimerThread.run(Timer.java:516)

!ENTRY com.st.stm32cube.ide.mpu.remote.serial 4 0 2026-01-16 22:38:14.726
!MESSAGE Failed to parse wmic output
!STACK 0
org.xml.sax.SAXParseException; lineNumber: 1; columnNumber: 1; Premature end of file.
	at java.xml/com.sun.org.apache.xerces.internal.parsers.DOMParser.parse(DOMParser.java:262)
	at java.xml/com.sun.org.apache.xerces.internal.jaxp.DocumentBuilderImpl.parse(DocumentBuilderImpl.java:342)
	at com.st.stm32cube.ide.mpu.remote.serial.internal.SerialPortProviderWindows.run(SerialPortProviderWindows.java:127)
	at java.base/java.util.TimerThread.mainLoop(Timer.java:566)
	at java.base/java.util.TimerThread.run(Timer.java:516)

!ENTRY com.st.stm32cube.ide.mpu.remote.serial 4 0 2026-01-16 22:38:15.738
!MESSAGE Failed to parse wmic output
!STACK 0
org.xml.sax.SAXParseException; lineNumber: 1; columnNumber: 1; Premature end of file.
	at java.xml/com.sun.org.apache.xerces.internal.parsers.DOMParser.parse(DOMParser.java:262)
	at java.xml/com.sun.org.apache.xerces.internal.jaxp.DocumentBuilderImpl.parse(DocumentBuilderImpl.java:342)
	at com.st.stm32cube.ide.mpu.remote.serial.internal.SerialPortProviderWindows.run(SerialPortProviderWindows.java:127)
	at java.base/java.util.TimerThread.mainLoop(Timer.java:566)
	at java.base/java.util.TimerThread.run(Timer.java:516)

!ENTRY com.st.stm32cube.ide.mpu.remote.serial 4 0 2026-01-16 22:38:16.750
!MESSAGE Failed to parse wmic output
!STACK 0
org.xml.sax.SAXParseException; lineNumber: 1; columnNumber: 1; Premature end of file.
	at java.xml/com.sun.org.apache.xerces.internal.parsers.DOMParser.parse(DOMParser.java:262)
	at java.xml/com.sun.org.apache.xerces.internal.jaxp.DocumentBuilderImpl.parse(DocumentBuilderImpl.java:342)
	at com.st.stm32cube.ide.mpu.remote.serial.internal.SerialPortProviderWindows.run(SerialPortProviderWindows.java:127)
	at java.base/java.util.TimerThread.mainLoop(Timer.java:566)
	at java.base/java.util.TimerThread.run(Timer.java:516)

!ENTRY com.st.stm32cube.ide.mpu.remote.serial 4 0 2026-01-16 22:38:17.737
!MESSAGE Failed to parse wmic output
!STACK 0
org.xml.sax.SAXParseException; lineNumber: 1; columnNumber: 1; Premature end of file.
	at java.xml/com.sun.org.apache.xerces.internal.parsers.DOMParser.parse(DOMParser.java:262)
	at java.xml/com.sun.org.apache.xerces.internal.jaxp.DocumentBuilderImpl.parse(DocumentBuilderImpl.java:342)
	at com.st.stm32cube.ide.mpu.remote.serial.internal.SerialPortProviderWindows.run(SerialPortProviderWindows.java:127)
	at java.base/java.util.TimerThread.mainLoop(Timer.java:566)
	at java.base/java.util.TimerThread.run(Timer.java:516)

!ENTRY com.st.stm32cube.ide.mpu.remote.serial 4 0 2026-01-16 22:38:18.727
!MESSAGE Failed to parse wmic output
!STACK 0
org.xml.sax.SAXParseException; lineNumber: 1; columnNumber: 1; Premature end of file.
	at java.xml/com.sun.org.apache.xerces.internal.parsers.DOMParser.parse(DOMParser.java:262)
	at java.xml/com.sun.org.apache.xerces.internal.jaxp.DocumentBuilderImpl.parse(DocumentBuilderImpl.java:342)
	at com.st.stm32cube.ide.mpu.remote.serial.internal.SerialPortProviderWindows.run(SerialPortProviderWindows.java:127)
	at java.base/java.util.TimerThread.mainLoop(Timer.java:566)
	at java.base/java.util.TimerThread.run(Timer.java:516)

!ENTRY com.st.stm32cube.ide.mpu.remote.serial 4 0 2026-01-16 22:38:19.741
!MESSAGE Failed to parse wmic output
!STACK 0
org.xml.sax.SAXParseException; lineNumber: 1; columnNumber: 1; Premature end of file.
	at java.xml/com.sun.org.apache.xerces.internal.parsers.DOMParser.parse(DOMParser.java:262)
	at java.xml/com.sun.org.apache.xerces.internal.jaxp.DocumentBuilderImpl.parse(DocumentBuilderImpl.java:342)
	at com.st.stm32cube.ide.mpu.remote.serial.internal.SerialPortProviderWindows.run(SerialPortProviderWindows.java:127)
	at java.base/java.util.TimerThread.mainLoop(Timer.java:566)
	at java.base/java.util.TimerThread.run(Timer.java:516)

!ENTRY com.st.stm32cube.ide.mpu.remote.serial 4 0 2026-01-16 22:38:20.729
!MESSAGE Failed to parse wmic output
!STACK 0
org.xml.sax.SAXParseException; lineNumber: 1; columnNumber: 1; Premature end of file.
	at java.xml/com.sun.org.apache.xerces.internal.parsers.DOMParser.parse(DOMParser.java:262)
	at java.xml/com.sun.org.apache.xerces.internal.jaxp.DocumentBuilderImpl.parse(DocumentBuilderImpl.java:342)
	at com.st.stm32cube.ide.mpu.remote.serial.internal.SerialPortProviderWindows.run(SerialPortProviderWindows.java:127)
	at java.base/java.util.TimerThread.mainLoop(Timer.java:566)
	at java.base/java.util.TimerThread.run(Timer.java:516)

!ENTRY com.st.stm32cube.ide.mpu.remote.serial 4 0 2026-01-16 22:38:21.749
!MESSAGE Failed to parse wmic output
!STACK 0
org.xml.sax.SAXParseException; lineNumber: 1; columnNumber: 1; Premature end of file.
	at java.xml/com.sun.org.apache.xerces.internal.parsers.DOMParser.parse(DOMParser.java:262)
	at java.xml/com.sun.org.apache.xerces.internal.jaxp.DocumentBuilderImpl.parse(DocumentBuilderImpl.java:342)
	at com.st.stm32cube.ide.mpu.remote.serial.internal.SerialPortProviderWindows.run(SerialPortProviderWindows.java:127)
	at java.base/java.util.TimerThread.mainLoop(Timer.java:566)
	at java.base/java.util.TimerThread.run(Timer.java:516)

!ENTRY com.st.stm32cube.ide.mpu.remote.serial 4 0 2026-01-16 22:38:22.707
!MESSAGE Failed to parse wmic output
!STACK 0
org.xml.sax.SAXParseException; lineNumber: 1; columnNumber: 1; Premature end of file.
	at java.xml/com.sun.org.apache.xerces.internal.parsers.DOMParser.parse(DOMParser.java:262)
	at java.xml/com.sun.org.apache.xerces.internal.jaxp.DocumentBuilderImpl.parse(DocumentBuilderImpl.java:342)
	at com.st.stm32cube.ide.mpu.remote.serial.internal.SerialPortProviderWindows.run(SerialPortProviderWindows.java:127)
	at java.base/java.util.TimerThread.mainLoop(Timer.java:566)
	at java.base/java.util.TimerThread.run(Timer.java:516)

!ENTRY com.st.stm32cube.ide.mpu.remote.serial 4 0 2026-01-16 22:38:23.728
!MESSAGE Failed to parse wmic output
!STACK 0
org.xml.sax.SAXParseException; lineNumber: 1; columnNumber: 1; Premature end of file.
	at java.xml/com.sun.org.apache.xerces.internal.parsers.DOMParser.parse(DOMParser.java:262)
	at java.xml/com.sun.org.apache.xerces.internal.jaxp.DocumentBuilderImpl.parse(DocumentBuilderImpl.java:342)
	at com.st.stm32cube.ide.mpu.remote.serial.internal.SerialPortProviderWindows.run(SerialPortProviderWindows.java:127)
	at java.base/java.util.TimerThread.mainLoop(Timer.java:566)
	at java.base/java.util.TimerThread.run(Timer.java:516)

!ENTRY com.st.stm32cube.ide.mpu.remote.serial 4 0 2026-01-16 22:38:24.741
!MESSAGE Failed to parse wmic output
!STACK 0
org.xml.sax.SAXParseException; lineNumber: 1; columnNumber: 1; Premature end of file.
	at java.xml/com.sun.org.apache.xerces.internal.parsers.DOMParser.parse(DOMParser.java:262)
	at java.xml/com.sun.org.apache.xerces.internal.jaxp.DocumentBuilderImpl.parse(DocumentBuilderImpl.java:342)
	at com.st.stm32cube.ide.mpu.remote.serial.internal.SerialPortProviderWindows.run(SerialPortProviderWindows.java:127)
	at java.base/java.util.TimerThread.mainLoop(Timer.java:566)
	at java.base/java.util.TimerThread.run(Timer.java:516)

!ENTRY com.st.stm32cube.ide.mpu.remote.serial 4 0 2026-01-16 22:38:25.731
!MESSAGE Failed to parse wmic output
!STACK 0
org.xml.sax.SAXParseException; lineNumber: 1; columnNumber: 1; Premature end of file.
	at java.xml/com.sun.org.apache.xerces.internal.parsers.DOMParser.parse(DOMParser.java:262)
	at java.xml/com.sun.org.apache.xerces.internal.jaxp.DocumentBuilderImpl.parse(DocumentBuilderImpl.java:342)
	at com.st.stm32cube.ide.mpu.remote.serial.internal.SerialPortProviderWindows.run(SerialPortProviderWindows.java:127)
	at java.base/java.util.TimerThread.mainLoop(Timer.java:566)
	at java.base/java.util.TimerThread.run(Timer.java:516)

!ENTRY com.st.stm32cube.ide.mpu.remote.serial 4 0 2026-01-16 22:38:26.739
!MESSAGE Failed to parse wmic output
!STACK 0
org.xml.sax.SAXParseException; lineNumber: 1; columnNumber: 1; Premature end of file.
	at java.xml/com.sun.org.apache.xerces.internal.parsers.DOMParser.parse(DOMParser.java:262)
	at java.xml/com.sun.org.apache.xerces.internal.jaxp.DocumentBuilderImpl.parse(DocumentBuilderImpl.java:342)
	at com.st.stm32cube.ide.mpu.remote.serial.internal.SerialPortProviderWindows.run(SerialPortProviderWindows.java:127)
	at java.base/java.util.TimerThread.mainLoop(Timer.java:566)
	at java.base/java.util.TimerThread.run(Timer.java:516)

!ENTRY com.st.stm32cube.ide.mpu.remote.serial 4 0 2026-01-16 22:38:27.736
!MESSAGE Failed to parse wmic output
!STACK 0
org.xml.sax.SAXParseException; lineNumber: 1; columnNumber: 1; Premature end of file.
	at java.xml/com.sun.org.apache.xerces.internal.parsers.DOMParser.parse(DOMParser.java:262)
	at java.xml/com.sun.org.apache.xerces.internal.jaxp.DocumentBuilderImpl.parse(DocumentBuilderImpl.java:342)
	at com.st.stm32cube.ide.mpu.remote.serial.internal.SerialPortProviderWindows.run(SerialPortProviderWindows.java:127)
	at java.base/java.util.TimerThread.mainLoop(Timer.java:566)
	at java.base/java.util.TimerThread.run(Timer.java:516)

!ENTRY com.st.stm32cube.ide.mpu.remote.serial 4 0 2026-01-16 22:38:28.719
!MESSAGE Failed to parse wmic output
!STACK 0
org.xml.sax.SAXParseException; lineNumber: 1; columnNumber: 1; Premature end of file.
	at java.xml/com.sun.org.apache.xerces.internal.parsers.DOMParser.parse(DOMParser.java:262)
	at java.xml/com.sun.org.apache.xerces.internal.jaxp.DocumentBuilderImpl.parse(DocumentBuilderImpl.java:342)
	at com.st.stm32cube.ide.mpu.remote.serial.internal.SerialPortProviderWindows.run(SerialPortProviderWindows.java:127)
	at java.base/java.util.TimerThread.mainLoop(Timer.java:566)
	at java.base/java.util.TimerThread.run(Timer.java:516)

!ENTRY com.st.stm32cube.ide.mpu.remote.serial 4 0 2026-01-16 22:38:29.731
!MESSAGE Failed to parse wmic output
!STACK 0
org.xml.sax.SAXParseException; lineNumber: 1; columnNumber: 1; Premature end of file.
	at java.xml/com.sun.org.apache.xerces.internal.parsers.DOMParser.parse(DOMParser.java:262)
	at java.xml/com.sun.org.apache.xerces.internal.jaxp.DocumentBuilderImpl.parse(DocumentBuilderImpl.java:342)
	at com.st.stm32cube.ide.mpu.remote.serial.internal.SerialPortProviderWindows.run(SerialPortProviderWindows.java:127)
	at java.base/java.util.TimerThread.mainLoop(Timer.java:566)
	at java.base/java.util.TimerThread.run(Timer.java:516)

!ENTRY com.st.stm32cube.ide.mpu.remote.serial 4 0 2026-01-16 22:38:30.727
!MESSAGE Failed to parse wmic output
!STACK 0
org.xml.sax.SAXParseException; lineNumber: 1; columnNumber: 1; Premature end of file.
	at java.xml/com.sun.org.apache.xerces.internal.parsers.DOMParser.parse(DOMParser.java:262)
	at java.xml/com.sun.org.apache.xerces.internal.jaxp.DocumentBuilderImpl.parse(DocumentBuilderImpl.java:342)
	at com.st.stm32cube.ide.mpu.remote.serial.internal.SerialPortProviderWindows.run(SerialPortProviderWindows.java:127)
	at java.base/java.util.TimerThread.mainLoop(Timer.java:566)
	at java.base/java.util.TimerThread.run(Timer.java:516)

!ENTRY com.st.stm32cube.ide.mpu.remote.serial 4 0 2026-01-16 22:38:31.739
!MESSAGE Failed to parse wmic output
!STACK 0
org.xml.sax.SAXParseException; lineNumber: 1; columnNumber: 1; Premature end of file.
	at java.xml/com.sun.org.apache.xerces.internal.parsers.DOMParser.parse(DOMParser.java:262)
	at java.xml/com.sun.org.apache.xerces.internal.jaxp.DocumentBuilderImpl.parse(DocumentBuilderImpl.java:342)
	at com.st.stm32cube.ide.mpu.remote.serial.internal.SerialPortProviderWindows.run(SerialPortProviderWindows.java:127)
	at java.base/java.util.TimerThread.mainLoop(Timer.java:566)
	at java.base/java.util.TimerThread.run(Timer.java:516)

!ENTRY com.st.stm32cube.ide.mpu.remote.serial 4 0 2026-01-16 22:38:32.738
!MESSAGE Failed to parse wmic output
!STACK 0
org.xml.sax.SAXParseException; lineNumber: 1; columnNumber: 1; Premature end of file.
	at java.xml/com.sun.org.apache.xerces.internal.parsers.DOMParser.parse(DOMParser.java:262)
	at java.xml/com.sun.org.apache.xerces.internal.jaxp.DocumentBuilderImpl.parse(DocumentBuilderImpl.java:342)
	at com.st.stm32cube.ide.mpu.remote.serial.internal.SerialPortProviderWindows.run(SerialPortProviderWindows.java:127)
	at java.base/java.util.TimerThread.mainLoop(Timer.java:566)
	at java.base/java.util.TimerThread.run(Timer.java:516)

!ENTRY com.st.stm32cube.ide.mpu.remote.serial 4 0 2026-01-16 22:38:33.738
!MESSAGE Failed to parse wmic output
!STACK 0
org.xml.sax.SAXParseException; lineNumber: 1; columnNumber: 1; Premature end of file.
	at java.xml/com.sun.org.apache.xerces.internal.parsers.DOMParser.parse(DOMParser.java:262)
	at java.xml/com.sun.org.apache.xerces.internal.jaxp.DocumentBuilderImpl.parse(DocumentBuilderImpl.java:342)
	at com.st.stm32cube.ide.mpu.remote.serial.internal.SerialPortProviderWindows.run(SerialPortProviderWindows.java:127)
	at java.base/java.util.TimerThread.mainLoop(Timer.java:566)
	at java.base/java.util.TimerThread.run(Timer.java:516)

!ENTRY com.st.stm32cube.ide.mpu.remote.serial 4 0 2026-01-16 22:38:34.735
!MESSAGE Failed to parse wmic output
!STACK 0
org.xml.sax.SAXParseException; lineNumber: 1; columnNumber: 1; Premature end of file.
	at java.xml/com.sun.org.apache.xerces.internal.parsers.DOMParser.parse(DOMParser.java:262)
	at java.xml/com.sun.org.apache.xerces.internal.jaxp.DocumentBuilderImpl.parse(DocumentBuilderImpl.java:342)
	at com.st.stm32cube.ide.mpu.remote.serial.internal.SerialPortProviderWindows.run(SerialPortProviderWindows.java:127)
	at java.base/java.util.TimerThread.mainLoop(Timer.java:566)
	at java.base/java.util.TimerThread.run(Timer.java:516)

!ENTRY com.st.stm32cube.ide.mpu.remote.serial 4 0 2026-01-16 22:38:35.730
!MESSAGE Failed to parse wmic output
!STACK 0
org.xml.sax.SAXParseException; lineNumber: 1; columnNumber: 1; Premature end of file.
	at java.xml/com.sun.org.apache.xerces.internal.parsers.DOMParser.parse(DOMParser.java:262)
	at java.xml/com.sun.org.apache.xerces.internal.jaxp.DocumentBuilderImpl.parse(DocumentBuilderImpl.java:342)
	at com.st.stm32cube.ide.mpu.remote.serial.internal.SerialPortProviderWindows.run(SerialPortProviderWindows.java:127)
	at java.base/java.util.TimerThread.mainLoop(Timer.java:566)
	at java.base/java.util.TimerThread.run(Timer.java:516)

!ENTRY com.st.stm32cube.ide.mpu.remote.serial 4 0 2026-01-16 22:38:36.729
!MESSAGE Failed to parse wmic output
!STACK 0
org.xml.sax.SAXParseException; lineNumber: 1; columnNumber: 1; Premature end of file.
	at java.xml/com.sun.org.apache.xerces.internal.parsers.DOMParser.parse(DOMParser.java:262)
	at java.xml/com.sun.org.apache.xerces.internal.jaxp.DocumentBuilderImpl.parse(DocumentBuilderImpl.java:342)
	at com.st.stm32cube.ide.mpu.remote.serial.internal.SerialPortProviderWindows.run(SerialPortProviderWindows.java:127)
	at java.base/java.util.TimerThread.mainLoop(Timer.java:566)
	at java.base/java.util.TimerThread.run(Timer.java:516)

!ENTRY com.st.stm32cube.ide.mpu.remote.serial 4 0 2026-01-16 22:38:37.724
!MESSAGE Failed to parse wmic output
!STACK 0
org.xml.sax.SAXParseException; lineNumber: 1; columnNumber: 1; Premature end of file.
	at java.xml/com.sun.org.apache.xerces.internal.parsers.DOMParser.parse(DOMParser.java:262)
	at java.xml/com.sun.org.apache.xerces.internal.jaxp.DocumentBuilderImpl.parse(DocumentBuilderImpl.java:342)
	at com.st.stm32cube.ide.mpu.remote.serial.internal.SerialPortProviderWindows.run(SerialPortProviderWindows.java:127)
	at java.base/java.util.TimerThread.mainLoop(Timer.java:566)
	at java.base/java.util.TimerThread.run(Timer.java:516)

!ENTRY com.st.stm32cube.ide.mpu.remote.serial 4 0 2026-01-16 22:38:38.738
!MESSAGE Failed to parse wmic output
!STACK 0
org.xml.sax.SAXParseException; lineNumber: 1; columnNumber: 1; Premature end of file.
	at java.xml/com.sun.org.apache.xerces.internal.parsers.DOMParser.parse(DOMParser.java:262)
	at java.xml/com.sun.org.apache.xerces.internal.jaxp.DocumentBuilderImpl.parse(DocumentBuilderImpl.java:342)
	at com.st.stm32cube.ide.mpu.remote.serial.internal.SerialPortProviderWindows.run(SerialPortProviderWindows.java:127)
	at java.base/java.util.TimerThread.mainLoop(Timer.java:566)
	at java.base/java.util.TimerThread.run(Timer.java:516)

!ENTRY com.st.stm32cube.ide.mpu.remote.serial 4 0 2026-01-16 22:38:39.741
!MESSAGE Failed to parse wmic output
!STACK 0
org.xml.sax.SAXParseException; lineNumber: 1; columnNumber: 1; Premature end of file.
	at java.xml/com.sun.org.apache.xerces.internal.parsers.DOMParser.parse(DOMParser.java:262)
	at java.xml/com.sun.org.apache.xerces.internal.jaxp.DocumentBuilderImpl.parse(DocumentBuilderImpl.java:342)
	at com.st.stm32cube.ide.mpu.remote.serial.internal.SerialPortProviderWindows.run(SerialPortProviderWindows.java:127)
	at java.base/java.util.TimerThread.mainLoop(Timer.java:566)
	at java.base/java.util.TimerThread.run(Timer.java:516)

!ENTRY com.st.stm32cube.ide.mpu.remote.serial 4 0 2026-01-16 22:38:40.726
!MESSAGE Failed to parse wmic output
!STACK 0
org.xml.sax.SAXParseException; lineNumber: 1; columnNumber: 1; Premature end of file.
	at java.xml/com.sun.org.apache.xerces.internal.parsers.DOMParser.parse(DOMParser.java:262)
	at java.xml/com.sun.org.apache.xerces.internal.jaxp.DocumentBuilderImpl.parse(DocumentBuilderImpl.java:342)
	at com.st.stm32cube.ide.mpu.remote.serial.internal.SerialPortProviderWindows.run(SerialPortProviderWindows.java:127)
	at java.base/java.util.TimerThread.mainLoop(Timer.java:566)
	at java.base/java.util.TimerThread.run(Timer.java:516)

!ENTRY com.st.stm32cube.ide.mpu.remote.serial 4 0 2026-01-16 22:38:41.739
!MESSAGE Failed to parse wmic output
!STACK 0
org.xml.sax.SAXParseException; lineNumber: 1; columnNumber: 1; Premature end of file.
	at java.xml/com.sun.org.apache.xerces.internal.parsers.DOMParser.parse(DOMParser.java:262)
	at java.xml/com.sun.org.apache.xerces.internal.jaxp.DocumentBuilderImpl.parse(DocumentBuilderImpl.java:342)
	at com.st.stm32cube.ide.mpu.remote.serial.internal.SerialPortProviderWindows.run(SerialPortProviderWindows.java:127)
	at java.base/java.util.TimerThread.mainLoop(Timer.java:566)
	at java.base/java.util.TimerThread.run(Timer.java:516)

!ENTRY com.st.stm32cube.ide.mpu.remote.serial 4 0 2026-01-16 22:38:42.733
!MESSAGE Failed to parse wmic output
!STACK 0
org.xml.sax.SAXParseException; lineNumber: 1; columnNumber: 1; Premature end of file.
	at java.xml/com.sun.org.apache.xerces.internal.parsers.DOMParser.parse(DOMParser.java:262)
	at java.xml/com.sun.org.apache.xerces.internal.jaxp.DocumentBuilderImpl.parse(DocumentBuilderImpl.java:342)
	at com.st.stm32cube.ide.mpu.remote.serial.internal.SerialPortProviderWindows.run(SerialPortProviderWindows.java:127)
	at java.base/java.util.TimerThread.mainLoop(Timer.java:566)
	at java.base/java.util.TimerThread.run(Timer.java:516)

!ENTRY com.st.stm32cube.ide.mpu.remote.serial 4 0 2026-01-16 22:38:43.734
!MESSAGE Failed to parse wmic output
!STACK 0
org.xml.sax.SAXParseException; lineNumber: 1; columnNumber: 1; Premature end of file.
	at java.xml/com.sun.org.apache.xerces.internal.parsers.DOMParser.parse(DOMParser.java:262)
	at java.xml/com.sun.org.apache.xerces.internal.jaxp.DocumentBuilderImpl.parse(DocumentBuilderImpl.java:342)
	at com.st.stm32cube.ide.mpu.remote.serial.internal.SerialPortProviderWindows.run(SerialPortProviderWindows.java:127)
	at java.base/java.util.TimerThread.mainLoop(Timer.java:566)
	at java.base/java.util.TimerThread.run(Timer.java:516)

!ENTRY com.st.stm32cube.ide.mpu.remote.serial 4 0 2026-01-16 22:38:44.735
!MESSAGE Failed to parse wmic output
!STACK 0
org.xml.sax.SAXParseException; lineNumber: 1; columnNumber: 1; Premature end of file.
	at java.xml/com.sun.org.apache.xerces.internal.parsers.DOMParser.parse(DOMParser.java:262)
	at java.xml/com.sun.org.apache.xerces.internal.jaxp.DocumentBuilderImpl.parse(DocumentBuilderImpl.java:342)
	at com.st.stm32cube.ide.mpu.remote.serial.internal.SerialPortProviderWindows.run(SerialPortProviderWindows.java:127)
	at java.base/java.util.TimerThread.mainLoop(Timer.java:566)
	at java.base/java.util.TimerThread.run(Timer.java:516)

!ENTRY com.st.stm32cube.ide.mpu.remote.serial 4 0 2026-01-16 22:38:45.740
!MESSAGE Failed to parse wmic output
!STACK 0
org.xml.sax.SAXParseException; lineNumber: 1; columnNumber: 1; Premature end of file.
	at java.xml/com.sun.org.apache.xerces.internal.parsers.DOMParser.parse(DOMParser.java:262)
	at java.xml/com.sun.org.apache.xerces.internal.jaxp.DocumentBuilderImpl.parse(DocumentBuilderImpl.java:342)
	at com.st.stm32cube.ide.mpu.remote.serial.internal.SerialPortProviderWindows.run(SerialPortProviderWindows.java:127)
	at java.base/java.util.TimerThread.mainLoop(Timer.java:566)
	at java.base/java.util.TimerThread.run(Timer.java:516)

!ENTRY com.st.stm32cube.ide.mpu.remote.serial 4 0 2026-01-16 22:38:46.726
!MESSAGE Failed to parse wmic output
!STACK 0
org.xml.sax.SAXParseException; lineNumber: 1; columnNumber: 1; Premature end of file.
	at java.xml/com.sun.org.apache.xerces.internal.parsers.DOMParser.parse(DOMParser.java:262)
	at java.xml/com.sun.org.apache.xerces.internal.jaxp.DocumentBuilderImpl.parse(DocumentBuilderImpl.java:342)
	at com.st.stm32cube.ide.mpu.remote.serial.internal.SerialPortProviderWindows.run(SerialPortProviderWindows.java:127)
	at java.base/java.util.TimerThread.mainLoop(Timer.java:566)
	at java.base/java.util.TimerThread.run(Timer.java:516)

!ENTRY com.st.stm32cube.ide.mpu.remote.serial 4 0 2026-01-16 22:38:47.734
!MESSAGE Failed to parse wmic output
!STACK 0
org.xml.sax.SAXParseException; lineNumber: 1; columnNumber: 1; Premature end of file.
	at java.xml/com.sun.org.apache.xerces.internal.parsers.DOMParser.parse(DOMParser.java:262)
	at java.xml/com.sun.org.apache.xerces.internal.jaxp.DocumentBuilderImpl.parse(DocumentBuilderImpl.java:342)
	at com.st.stm32cube.ide.mpu.remote.serial.internal.SerialPortProviderWindows.run(SerialPortProviderWindows.java:127)
	at java.base/java.util.TimerThread.mainLoop(Timer.java:566)
	at java.base/java.util.TimerThread.run(Timer.java:516)

!ENTRY com.st.stm32cube.ide.mpu.remote.serial 4 0 2026-01-16 22:38:48.736
!MESSAGE Failed to parse wmic output
!STACK 0
org.xml.sax.SAXParseException; lineNumber: 1; columnNumber: 1; Premature end of file.
	at java.xml/com.sun.org.apache.xerces.internal.parsers.DOMParser.parse(DOMParser.java:262)
	at java.xml/com.sun.org.apache.xerces.internal.jaxp.DocumentBuilderImpl.parse(DocumentBuilderImpl.java:342)
	at com.st.stm32cube.ide.mpu.remote.serial.internal.SerialPortProviderWindows.run(SerialPortProviderWindows.java:127)
	at java.base/java.util.TimerThread.mainLoop(Timer.java:566)
	at java.base/java.util.TimerThread.run(Timer.java:516)

!ENTRY com.st.stm32cube.ide.mpu.remote.serial 4 0 2026-01-16 22:38:49.727
!MESSAGE Failed to parse wmic output
!STACK 0
org.xml.sax.SAXParseException; lineNumber: 1; columnNumber: 1; Premature end of file.
	at java.xml/com.sun.org.apache.xerces.internal.parsers.DOMParser.parse(DOMParser.java:262)
	at java.xml/com.sun.org.apache.xerces.internal.jaxp.DocumentBuilderImpl.parse(DocumentBuilderImpl.java:342)
	at com.st.stm32cube.ide.mpu.remote.serial.internal.SerialPortProviderWindows.run(SerialPortProviderWindows.java:127)
	at java.base/java.util.TimerThread.mainLoop(Timer.java:566)
	at java.base/java.util.TimerThread.run(Timer.java:516)

!ENTRY com.st.stm32cube.ide.mpu.remote.serial 4 0 2026-01-16 22:38:50.724
!MESSAGE Failed to parse wmic output
!STACK 0
org.xml.sax.SAXParseException; lineNumber: 1; columnNumber: 1; Premature end of file.
	at java.xml/com.sun.org.apache.xerces.internal.parsers.DOMParser.parse(DOMParser.java:262)
	at java.xml/com.sun.org.apache.xerces.internal.jaxp.DocumentBuilderImpl.parse(DocumentBuilderImpl.java:342)
	at com.st.stm32cube.ide.mpu.remote.serial.internal.SerialPortProviderWindows.run(SerialPortProviderWindows.java:127)
	at java.base/java.util.TimerThread.mainLoop(Timer.java:566)
	at java.base/java.util.TimerThread.run(Timer.java:516)

!ENTRY com.st.stm32cube.ide.mpu.remote.serial 4 0 2026-01-16 22:38:51.732
!MESSAGE Failed to parse wmic output
!STACK 0
org.xml.sax.SAXParseException; lineNumber: 1; columnNumber: 1; Premature end of file.
	at java.xml/com.sun.org.apache.xerces.internal.parsers.DOMParser.parse(DOMParser.java:262)
	at java.xml/com.sun.org.apache.xerces.internal.jaxp.DocumentBuilderImpl.parse(DocumentBuilderImpl.java:342)
	at com.st.stm32cube.ide.mpu.remote.serial.internal.SerialPortProviderWindows.run(SerialPortProviderWindows.java:127)
	at java.base/java.util.TimerThread.mainLoop(Timer.java:566)
	at java.base/java.util.TimerThread.run(Timer.java:516)

!ENTRY com.st.stm32cube.ide.mpu.remote.serial 4 0 2026-01-16 22:38:52.734
!MESSAGE Failed to parse wmic output
!STACK 0
org.xml.sax.SAXParseException; lineNumber: 1; columnNumber: 1; Premature end of file.
	at java.xml/com.sun.org.apache.xerces.internal.parsers.DOMParser.parse(DOMParser.java:262)
	at java.xml/com.sun.org.apache.xerces.internal.jaxp.DocumentBuilderImpl.parse(DocumentBuilderImpl.java:342)
	at com.st.stm32cube.ide.mpu.remote.serial.internal.SerialPortProviderWindows.run(SerialPortProviderWindows.java:127)
	at java.base/java.util.TimerThread.mainLoop(Timer.java:566)
	at java.base/java.util.TimerThread.run(Timer.java:516)

!ENTRY com.st.stm32cube.ide.mpu.remote.serial 4 0 2026-01-16 22:38:53.727
!MESSAGE Failed to parse wmic output
!STACK 0
org.xml.sax.SAXParseException; lineNumber: 1; columnNumber: 1; Premature end of file.
	at java.xml/com.sun.org.apache.xerces.internal.parsers.DOMParser.parse(DOMParser.java:262)
	at java.xml/com.sun.org.apache.xerces.internal.jaxp.DocumentBuilderImpl.parse(DocumentBuilderImpl.java:342)
	at com.st.stm32cube.ide.mpu.remote.serial.internal.SerialPortProviderWindows.run(SerialPortProviderWindows.java:127)
	at java.base/java.util.TimerThread.mainLoop(Timer.java:566)
	at java.base/java.util.TimerThread.run(Timer.java:516)

!ENTRY com.st.stm32cube.ide.mpu.remote.serial 4 0 2026-01-16 22:38:54.733
!MESSAGE Failed to parse wmic output
!STACK 0
org.xml.sax.SAXParseException; lineNumber: 1; columnNumber: 1; Premature end of file.
	at java.xml/com.sun.org.apache.xerces.internal.parsers.DOMParser.parse(DOMParser.java:262)
	at java.xml/com.sun.org.apache.xerces.internal.jaxp.DocumentBuilderImpl.parse(DocumentBuilderImpl.java:342)
	at com.st.stm32cube.ide.mpu.remote.serial.internal.SerialPortProviderWindows.run(SerialPortProviderWindows.java:127)
	at java.base/java.util.TimerThread.mainLoop(Timer.java:566)
	at java.base/java.util.TimerThread.run(Timer.java:516)

!ENTRY com.st.stm32cube.ide.mpu.remote.serial 4 0 2026-01-16 22:38:55.724
!MESSAGE Failed to parse wmic output
!STACK 0
org.xml.sax.SAXParseException; lineNumber: 1; columnNumber: 1; Premature end of file.
	at java.xml/com.sun.org.apache.xerces.internal.parsers.DOMParser.parse(DOMParser.java:262)
	at java.xml/com.sun.org.apache.xerces.internal.jaxp.DocumentBuilderImpl.parse(DocumentBuilderImpl.java:342)
	at com.st.stm32cube.ide.mpu.remote.serial.internal.SerialPortProviderWindows.run(SerialPortProviderWindows.java:127)
	at java.base/java.util.TimerThread.mainLoop(Timer.java:566)
	at java.base/java.util.TimerThread.run(Timer.java:516)

!ENTRY com.st.stm32cube.ide.mpu.remote.serial 4 0 2026-01-16 22:38:56.725
!MESSAGE Failed to parse wmic output
!STACK 0
org.xml.sax.SAXParseException; lineNumber: 1; columnNumber: 1; Premature end of file.
	at java.xml/com.sun.org.apache.xerces.internal.parsers.DOMParser.parse(DOMParser.java:262)
	at java.xml/com.sun.org.apache.xerces.internal.jaxp.DocumentBuilderImpl.parse(DocumentBuilderImpl.java:342)
	at com.st.stm32cube.ide.mpu.remote.serial.internal.SerialPortProviderWindows.run(SerialPortProviderWindows.java:127)
	at java.base/java.util.TimerThread.mainLoop(Timer.java:566)
	at java.base/java.util.TimerThread.run(Timer.java:516)

!ENTRY com.st.stm32cube.ide.mpu.remote.serial 4 0 2026-01-16 22:38:57.723
!MESSAGE Failed to parse wmic output
!STACK 0
org.xml.sax.SAXParseException; lineNumber: 1; columnNumber: 1; Premature end of file.
	at java.xml/com.sun.org.apache.xerces.internal.parsers.DOMParser.parse(DOMParser.java:262)
	at java.xml/com.sun.org.apache.xerces.internal.jaxp.DocumentBuilderImpl.parse(DocumentBuilderImpl.java:342)
	at com.st.stm32cube.ide.mpu.remote.serial.internal.SerialPortProviderWindows.run(SerialPortProviderWindows.java:127)
	at java.base/java.util.TimerThread.mainLoop(Timer.java:566)
	at java.base/java.util.TimerThread.run(Timer.java:516)

!ENTRY com.st.stm32cube.ide.mpu.remote.serial 4 0 2026-01-16 22:38:58.716
!MESSAGE Failed to parse wmic output
!STACK 0
org.xml.sax.SAXParseException; lineNumber: 1; columnNumber: 1; Premature end of file.
	at java.xml/com.sun.org.apache.xerces.internal.parsers.DOMParser.parse(DOMParser.java:262)
	at java.xml/com.sun.org.apache.xerces.internal.jaxp.DocumentBuilderImpl.parse(DocumentBuilderImpl.java:342)
	at com.st.stm32cube.ide.mpu.remote.serial.internal.SerialPortProviderWindows.run(SerialPortProviderWindows.java:127)
	at java.base/java.util.TimerThread.mainLoop(Timer.java:566)
	at java.base/java.util.TimerThread.run(Timer.java:516)

!ENTRY com.st.stm32cube.ide.mpu.remote.serial 4 0 2026-01-16 22:38:59.721
!MESSAGE Failed to parse wmic output
!STACK 0
org.xml.sax.SAXParseException; lineNumber: 1; columnNumber: 1; Premature end of file.
	at java.xml/com.sun.org.apache.xerces.internal.parsers.DOMParser.parse(DOMParser.java:262)
	at java.xml/com.sun.org.apache.xerces.internal.jaxp.DocumentBuilderImpl.parse(DocumentBuilderImpl.java:342)
	at com.st.stm32cube.ide.mpu.remote.serial.internal.SerialPortProviderWindows.run(SerialPortProviderWindows.java:127)
	at java.base/java.util.TimerThread.mainLoop(Timer.java:566)
	at java.base/java.util.TimerThread.run(Timer.java:516)

!ENTRY com.st.stm32cube.ide.mpu.remote.serial 4 0 2026-01-16 22:39:00.720
!MESSAGE Failed to parse wmic output
!STACK 0
org.xml.sax.SAXParseException; lineNumber: 1; columnNumber: 1; Premature end of file.
	at java.xml/com.sun.org.apache.xerces.internal.parsers.DOMParser.parse(DOMParser.java:262)
	at java.xml/com.sun.org.apache.xerces.internal.jaxp.DocumentBuilderImpl.parse(DocumentBuilderImpl.java:342)
	at com.st.stm32cube.ide.mpu.remote.serial.internal.SerialPortProviderWindows.run(SerialPortProviderWindows.java:127)
	at java.base/java.util.TimerThread.mainLoop(Timer.java:566)
	at java.base/java.util.TimerThread.run(Timer.java:516)

!ENTRY com.st.stm32cube.ide.mpu.remote.serial 4 0 2026-01-16 22:39:01.712
!MESSAGE Failed to parse wmic output
!STACK 0
org.xml.sax.SAXParseException; lineNumber: 1; columnNumber: 1; Premature end of file.
	at java.xml/com.sun.org.apache.xerces.internal.parsers.DOMParser.parse(DOMParser.java:262)
	at java.xml/com.sun.org.apache.xerces.internal.jaxp.DocumentBuilderImpl.parse(DocumentBuilderImpl.java:342)
	at com.st.stm32cube.ide.mpu.remote.serial.internal.SerialPortProviderWindows.run(SerialPortProviderWindows.java:127)
	at java.base/java.util.TimerThread.mainLoop(Timer.java:566)
	at java.base/java.util.TimerThread.run(Timer.java:516)

!ENTRY com.st.stm32cube.ide.mpu.remote.serial 4 0 2026-01-16 22:39:02.721
!MESSAGE Failed to parse wmic output
!STACK 0
org.xml.sax.SAXParseException; lineNumber: 1; columnNumber: 1; Premature end of file.
	at java.xml/com.sun.org.apache.xerces.internal.parsers.DOMParser.parse(DOMParser.java:262)
	at java.xml/com.sun.org.apache.xerces.internal.jaxp.DocumentBuilderImpl.parse(DocumentBuilderImpl.java:342)
	at com.st.stm32cube.ide.mpu.remote.serial.internal.SerialPortProviderWindows.run(SerialPortProviderWindows.java:127)
	at java.base/java.util.TimerThread.mainLoop(Timer.java:566)
	at java.base/java.util.TimerThread.run(Timer.java:516)

!ENTRY com.st.stm32cube.ide.mpu.remote.serial 4 0 2026-01-16 22:39:03.730
!MESSAGE Failed to parse wmic output
!STACK 0
org.xml.sax.SAXParseException; lineNumber: 1; columnNumber: 1; Premature end of file.
	at java.xml/com.sun.org.apache.xerces.internal.parsers.DOMParser.parse(DOMParser.java:262)
	at java.xml/com.sun.org.apache.xerces.internal.jaxp.DocumentBuilderImpl.parse(DocumentBuilderImpl.java:342)
	at com.st.stm32cube.ide.mpu.remote.serial.internal.SerialPortProviderWindows.run(SerialPortProviderWindows.java:127)
	at java.base/java.util.TimerThread.mainLoop(Timer.java:566)
	at java.base/java.util.TimerThread.run(Timer.java:516)

!ENTRY com.st.stm32cube.ide.mpu.remote.serial 4 0 2026-01-16 22:39:04.730
!MESSAGE Failed to parse wmic output
!STACK 0
org.xml.sax.SAXParseException; lineNumber: 1; columnNumber: 1; Premature end of file.
	at java.xml/com.sun.org.apache.xerces.internal.parsers.DOMParser.parse(DOMParser.java:262)
	at java.xml/com.sun.org.apache.xerces.internal.jaxp.DocumentBuilderImpl.parse(DocumentBuilderImpl.java:342)
	at com.st.stm32cube.ide.mpu.remote.serial.internal.SerialPortProviderWindows.run(SerialPortProviderWindows.java:127)
	at java.base/java.util.TimerThread.mainLoop(Timer.java:566)
	at java.base/java.util.TimerThread.run(Timer.java:516)

!ENTRY com.st.stm32cube.ide.mpu.remote.serial 4 0 2026-01-16 22:39:05.722
!MESSAGE Failed to parse wmic output
!STACK 0
org.xml.sax.SAXParseException; lineNumber: 1; columnNumber: 1; Premature end of file.
	at java.xml/com.sun.org.apache.xerces.internal.parsers.DOMParser.parse(DOMParser.java:262)
	at java.xml/com.sun.org.apache.xerces.internal.jaxp.DocumentBuilderImpl.parse(DocumentBuilderImpl.java:342)
	at com.st.stm32cube.ide.mpu.remote.serial.internal.SerialPortProviderWindows.run(SerialPortProviderWindows.java:127)
	at java.base/java.util.TimerThread.mainLoop(Timer.java:566)
	at java.base/java.util.TimerThread.run(Timer.java:516)

!ENTRY com.st.stm32cube.ide.mpu.remote.serial 4 0 2026-01-16 22:39:06.728
!MESSAGE Failed to parse wmic output
!STACK 0
org.xml.sax.SAXParseException; lineNumber: 1; columnNumber: 1; Premature end of file.
	at java.xml/com.sun.org.apache.xerces.internal.parsers.DOMParser.parse(DOMParser.java:262)
	at java.xml/com.sun.org.apache.xerces.internal.jaxp.DocumentBuilderImpl.parse(DocumentBuilderImpl.java:342)
	at com.st.stm32cube.ide.mpu.remote.serial.internal.SerialPortProviderWindows.run(SerialPortProviderWindows.java:127)
	at java.base/java.util.TimerThread.mainLoop(Timer.java:566)
	at java.base/java.util.TimerThread.run(Timer.java:516)

!ENTRY com.st.stm32cube.ide.mpu.remote.serial 4 0 2026-01-16 22:39:07.725
!MESSAGE Failed to parse wmic output
!STACK 0
org.xml.sax.SAXParseException; lineNumber: 1; columnNumber: 1; Premature end of file.
	at java.xml/com.sun.org.apache.xerces.internal.parsers.DOMParser.parse(DOMParser.java:262)
	at java.xml/com.sun.org.apache.xerces.internal.jaxp.DocumentBuilderImpl.parse(DocumentBuilderImpl.java:342)
	at com.st.stm32cube.ide.mpu.remote.serial.internal.SerialPortProviderWindows.run(SerialPortProviderWindows.java:127)
	at java.base/java.util.TimerThread.mainLoop(Timer.java:566)
	at java.base/java.util.TimerThread.run(Timer.java:516)

!ENTRY com.st.stm32cube.ide.mpu.remote.serial 4 0 2026-01-16 22:39:08.727
!MESSAGE Failed to parse wmic output
!STACK 0
org.xml.sax.SAXParseException; lineNumber: 1; columnNumber: 1; Premature end of file.
	at java.xml/com.sun.org.apache.xerces.internal.parsers.DOMParser.parse(DOMParser.java:262)
	at java.xml/com.sun.org.apache.xerces.internal.jaxp.DocumentBuilderImpl.parse(DocumentBuilderImpl.java:342)
	at com.st.stm32cube.ide.mpu.remote.serial.internal.SerialPortProviderWindows.run(SerialPortProviderWindows.java:127)
	at java.base/java.util.TimerThread.mainLoop(Timer.java:566)
	at java.base/java.util.TimerThread.run(Timer.java:516)

!ENTRY com.st.stm32cube.ide.mpu.remote.serial 4 0 2026-01-16 22:39:09.721
!MESSAGE Failed to parse wmic output
!STACK 0
org.xml.sax.SAXParseException; lineNumber: 1; columnNumber: 1; Premature end of file.
	at java.xml/com.sun.org.apache.xerces.internal.parsers.DOMParser.parse(DOMParser.java:262)
	at java.xml/com.sun.org.apache.xerces.internal.jaxp.DocumentBuilderImpl.parse(DocumentBuilderImpl.java:342)
	at com.st.stm32cube.ide.mpu.remote.serial.internal.SerialPortProviderWindows.run(SerialPortProviderWindows.java:127)
	at java.base/java.util.TimerThread.mainLoop(Timer.java:566)
	at java.base/java.util.TimerThread.run(Timer.java:516)

!ENTRY com.st.stm32cube.ide.mpu.remote.serial 4 0 2026-01-16 22:39:10.736
!MESSAGE Failed to parse wmic output
!STACK 0
org.xml.sax.SAXParseException; lineNumber: 1; columnNumber: 1; Premature end of file.
	at java.xml/com.sun.org.apache.xerces.internal.parsers.DOMParser.parse(DOMParser.java:262)
	at java.xml/com.sun.org.apache.xerces.internal.jaxp.DocumentBuilderImpl.parse(DocumentBuilderImpl.java:342)
	at com.st.stm32cube.ide.mpu.remote.serial.internal.SerialPortProviderWindows.run(SerialPortProviderWindows.java:127)
	at java.base/java.util.TimerThread.mainLoop(Timer.java:566)
	at java.base/java.util.TimerThread.run(Timer.java:516)

!ENTRY com.st.stm32cube.ide.mpu.remote.serial 4 0 2026-01-16 22:39:11.729
!MESSAGE Failed to parse wmic output
!STACK 0
org.xml.sax.SAXParseException; lineNumber: 1; columnNumber: 1; Premature end of file.
	at java.xml/com.sun.org.apache.xerces.internal.parsers.DOMParser.parse(DOMParser.java:262)
	at java.xml/com.sun.org.apache.xerces.internal.jaxp.DocumentBuilderImpl.parse(DocumentBuilderImpl.java:342)
	at com.st.stm32cube.ide.mpu.remote.serial.internal.SerialPortProviderWindows.run(SerialPortProviderWindows.java:127)
	at java.base/java.util.TimerThread.mainLoop(Timer.java:566)
	at java.base/java.util.TimerThread.run(Timer.java:516)

!ENTRY com.st.stm32cube.ide.mpu.remote.serial 4 0 2026-01-16 22:39:12.725
!MESSAGE Failed to parse wmic output
!STACK 0
org.xml.sax.SAXParseException; lineNumber: 1; columnNumber: 1; Premature end of file.
	at java.xml/com.sun.org.apache.xerces.internal.parsers.DOMParser.parse(DOMParser.java:262)
	at java.xml/com.sun.org.apache.xerces.internal.jaxp.DocumentBuilderImpl.parse(DocumentBuilderImpl.java:342)
	at com.st.stm32cube.ide.mpu.remote.serial.internal.SerialPortProviderWindows.run(SerialPortProviderWindows.java:127)
	at java.base/java.util.TimerThread.mainLoop(Timer.java:566)
	at java.base/java.util.TimerThread.run(Timer.java:516)

!ENTRY com.st.stm32cube.ide.mpu.remote.serial 4 0 2026-01-16 22:39:13.735
!MESSAGE Failed to parse wmic output
!STACK 0
org.xml.sax.SAXParseException; lineNumber: 1; columnNumber: 1; Premature end of file.
	at java.xml/com.sun.org.apache.xerces.internal.parsers.DOMParser.parse(DOMParser.java:262)
	at java.xml/com.sun.org.apache.xerces.internal.jaxp.DocumentBuilderImpl.parse(DocumentBuilderImpl.java:342)
	at com.st.stm32cube.ide.mpu.remote.serial.internal.SerialPortProviderWindows.run(SerialPortProviderWindows.java:127)
	at java.base/java.util.TimerThread.mainLoop(Timer.java:566)
	at java.base/java.util.TimerThread.run(Timer.java:516)

!ENTRY com.st.stm32cube.ide.mpu.remote.serial 4 0 2026-01-16 22:39:14.726
!MESSAGE Failed to parse wmic output
!STACK 0
org.xml.sax.SAXParseException; lineNumber: 1; columnNumber: 1; Premature end of file.
	at java.xml/com.sun.org.apache.xerces.internal.parsers.DOMParser.parse(DOMParser.java:262)
	at java.xml/com.sun.org.apache.xerces.internal.jaxp.DocumentBuilderImpl.parse(DocumentBuilderImpl.java:342)
	at com.st.stm32cube.ide.mpu.remote.serial.internal.SerialPortProviderWindows.run(SerialPortProviderWindows.java:127)
	at java.base/java.util.TimerThread.mainLoop(Timer.java:566)
	at java.base/java.util.TimerThread.run(Timer.java:516)

!ENTRY com.st.stm32cube.ide.mpu.remote.serial 4 0 2026-01-16 22:39:15.734
!MESSAGE Failed to parse wmic output
!STACK 0
org.xml.sax.SAXParseException; lineNumber: 1; columnNumber: 1; Premature end of file.
	at java.xml/com.sun.org.apache.xerces.internal.parsers.DOMParser.parse(DOMParser.java:262)
	at java.xml/com.sun.org.apache.xerces.internal.jaxp.DocumentBuilderImpl.parse(DocumentBuilderImpl.java:342)
	at com.st.stm32cube.ide.mpu.remote.serial.internal.SerialPortProviderWindows.run(SerialPortProviderWindows.java:127)
	at java.base/java.util.TimerThread.mainLoop(Timer.java:566)
	at java.base/java.util.TimerThread.run(Timer.java:516)

!ENTRY com.st.stm32cube.ide.mpu.remote.serial 4 0 2026-01-16 22:39:16.735
!MESSAGE Failed to parse wmic output
!STACK 0
org.xml.sax.SAXParseException; lineNumber: 1; columnNumber: 1; Premature end of file.
	at java.xml/com.sun.org.apache.xerces.internal.parsers.DOMParser.parse(DOMParser.java:262)
	at java.xml/com.sun.org.apache.xerces.internal.jaxp.DocumentBuilderImpl.parse(DocumentBuilderImpl.java:342)
	at com.st.stm32cube.ide.mpu.remote.serial.internal.SerialPortProviderWindows.run(SerialPortProviderWindows.java:127)
	at java.base/java.util.TimerThread.mainLoop(Timer.java:566)
	at java.base/java.util.TimerThread.run(Timer.java:516)

!ENTRY com.st.stm32cube.ide.mpu.remote.serial 4 0 2026-01-16 22:39:17.735
!MESSAGE Failed to parse wmic output
!STACK 0
org.xml.sax.SAXParseException; lineNumber: 1; columnNumber: 1; Premature end of file.
	at java.xml/com.sun.org.apache.xerces.internal.parsers.DOMParser.parse(DOMParser.java:262)
	at java.xml/com.sun.org.apache.xerces.internal.jaxp.DocumentBuilderImpl.parse(DocumentBuilderImpl.java:342)
	at com.st.stm32cube.ide.mpu.remote.serial.internal.SerialPortProviderWindows.run(SerialPortProviderWindows.java:127)
	at java.base/java.util.TimerThread.mainLoop(Timer.java:566)
	at java.base/java.util.TimerThread.run(Timer.java:516)

!ENTRY com.st.stm32cube.ide.mpu.remote.serial 4 0 2026-01-16 22:39:18.725
!MESSAGE Failed to parse wmic output
!STACK 0
org.xml.sax.SAXParseException; lineNumber: 1; columnNumber: 1; Premature end of file.
	at java.xml/com.sun.org.apache.xerces.internal.parsers.DOMParser.parse(DOMParser.java:262)
	at java.xml/com.sun.org.apache.xerces.internal.jaxp.DocumentBuilderImpl.parse(DocumentBuilderImpl.java:342)
	at com.st.stm32cube.ide.mpu.remote.serial.internal.SerialPortProviderWindows.run(SerialPortProviderWindows.java:127)
	at java.base/java.util.TimerThread.mainLoop(Timer.java:566)
	at java.base/java.util.TimerThread.run(Timer.java:516)

!ENTRY com.st.stm32cube.ide.mpu.remote.serial 4 0 2026-01-16 22:39:19.741
!MESSAGE Failed to parse wmic output
!STACK 0
org.xml.sax.SAXParseException; lineNumber: 1; columnNumber: 1; Premature end of file.
	at java.xml/com.sun.org.apache.xerces.internal.parsers.DOMParser.parse(DOMParser.java:262)
	at java.xml/com.sun.org.apache.xerces.internal.jaxp.DocumentBuilderImpl.parse(DocumentBuilderImpl.java:342)
	at com.st.stm32cube.ide.mpu.remote.serial.internal.SerialPortProviderWindows.run(SerialPortProviderWindows.java:127)
	at java.base/java.util.TimerThread.mainLoop(Timer.java:566)
	at java.base/java.util.TimerThread.run(Timer.java:516)

!ENTRY com.st.stm32cube.ide.mpu.remote.serial 4 0 2026-01-16 22:39:20.726
!MESSAGE Failed to parse wmic output
!STACK 0
org.xml.sax.SAXParseException; lineNumber: 1; columnNumber: 1; Premature end of file.
	at java.xml/com.sun.org.apache.xerces.internal.parsers.DOMParser.parse(DOMParser.java:262)
	at java.xml/com.sun.org.apache.xerces.internal.jaxp.DocumentBuilderImpl.parse(DocumentBuilderImpl.java:342)
	at com.st.stm32cube.ide.mpu.remote.serial.internal.SerialPortProviderWindows.run(SerialPortProviderWindows.java:127)
	at java.base/java.util.TimerThread.mainLoop(Timer.java:566)
	at java.base/java.util.TimerThread.run(Timer.java:516)

!ENTRY com.st.stm32cube.ide.mpu.remote.serial 4 0 2026-01-16 22:39:21.743
!MESSAGE Failed to parse wmic output
!STACK 0
org.xml.sax.SAXParseException; lineNumber: 1; columnNumber: 1; Premature end of file.
	at java.xml/com.sun.org.apache.xerces.internal.parsers.DOMParser.parse(DOMParser.java:262)
	at java.xml/com.sun.org.apache.xerces.internal.jaxp.DocumentBuilderImpl.parse(DocumentBuilderImpl.java:342)
	at com.st.stm32cube.ide.mpu.remote.serial.internal.SerialPortProviderWindows.run(SerialPortProviderWindows.java:127)
	at java.base/java.util.TimerThread.mainLoop(Timer.java:566)
	at java.base/java.util.TimerThread.run(Timer.java:516)

!ENTRY com.st.stm32cube.ide.mpu.remote.serial 4 0 2026-01-16 22:39:22.736
!MESSAGE Failed to parse wmic output
!STACK 0
org.xml.sax.SAXParseException; lineNumber: 1; columnNumber: 1; Premature end of file.
	at java.xml/com.sun.org.apache.xerces.internal.parsers.DOMParser.parse(DOMParser.java:262)
	at java.xml/com.sun.org.apache.xerces.internal.jaxp.DocumentBuilderImpl.parse(DocumentBuilderImpl.java:342)
	at com.st.stm32cube.ide.mpu.remote.serial.internal.SerialPortProviderWindows.run(SerialPortProviderWindows.java:127)
	at java.base/java.util.TimerThread.mainLoop(Timer.java:566)
	at java.base/java.util.TimerThread.run(Timer.java:516)

!ENTRY com.st.stm32cube.ide.mpu.remote.serial 4 0 2026-01-16 22:39:23.730
!MESSAGE Failed to parse wmic output
!STACK 0
org.xml.sax.SAXParseException; lineNumber: 1; columnNumber: 1; Premature end of file.
	at java.xml/com.sun.org.apache.xerces.internal.parsers.DOMParser.parse(DOMParser.java:262)
	at java.xml/com.sun.org.apache.xerces.internal.jaxp.DocumentBuilderImpl.parse(DocumentBuilderImpl.java:342)
	at com.st.stm32cube.ide.mpu.remote.serial.internal.SerialPortProviderWindows.run(SerialPortProviderWindows.java:127)
	at java.base/java.util.TimerThread.mainLoop(Timer.java:566)
	at java.base/java.util.TimerThread.run(Timer.java:516)

!ENTRY com.st.stm32cube.ide.mpu.remote.serial 4 0 2026-01-16 22:39:24.724
!MESSAGE Failed to parse wmic output
!STACK 0
org.xml.sax.SAXParseException; lineNumber: 1; columnNumber: 1; Premature end of file.
	at java.xml/com.sun.org.apache.xerces.internal.parsers.DOMParser.parse(DOMParser.java:262)
	at java.xml/com.sun.org.apache.xerces.internal.jaxp.DocumentBuilderImpl.parse(DocumentBuilderImpl.java:342)
	at com.st.stm32cube.ide.mpu.remote.serial.internal.SerialPortProviderWindows.run(SerialPortProviderWindows.java:127)
	at java.base/java.util.TimerThread.mainLoop(Timer.java:566)
	at java.base/java.util.TimerThread.run(Timer.java:516)

!ENTRY com.st.stm32cube.ide.mpu.remote.serial 4 0 2026-01-16 22:39:25.725
!MESSAGE Failed to parse wmic output
!STACK 0
org.xml.sax.SAXParseException; lineNumber: 1; columnNumber: 1; Premature end of file.
	at java.xml/com.sun.org.apache.xerces.internal.parsers.DOMParser.parse(DOMParser.java:262)
	at java.xml/com.sun.org.apache.xerces.internal.jaxp.DocumentBuilderImpl.parse(DocumentBuilderImpl.java:342)
	at com.st.stm32cube.ide.mpu.remote.serial.internal.SerialPortProviderWindows.run(SerialPortProviderWindows.java:127)
	at java.base/java.util.TimerThread.mainLoop(Timer.java:566)
	at java.base/java.util.TimerThread.run(Timer.java:516)

!ENTRY com.st.stm32cube.ide.mpu.remote.serial 4 0 2026-01-16 22:39:26.729
!MESSAGE Failed to parse wmic output
!STACK 0
org.xml.sax.SAXParseException; lineNumber: 1; columnNumber: 1; Premature end of file.
	at java.xml/com.sun.org.apache.xerces.internal.parsers.DOMParser.parse(DOMParser.java:262)
	at java.xml/com.sun.org.apache.xerces.internal.jaxp.DocumentBuilderImpl.parse(DocumentBuilderImpl.java:342)
	at com.st.stm32cube.ide.mpu.remote.serial.internal.SerialPortProviderWindows.run(SerialPortProviderWindows.java:127)
	at java.base/java.util.TimerThread.mainLoop(Timer.java:566)
	at java.base/java.util.TimerThread.run(Timer.java:516)

!ENTRY com.st.stm32cube.ide.mpu.remote.serial 4 0 2026-01-16 22:39:27.723
!MESSAGE Failed to parse wmic output
!STACK 0
org.xml.sax.SAXParseException; lineNumber: 1; columnNumber: 1; Premature end of file.
	at java.xml/com.sun.org.apache.xerces.internal.parsers.DOMParser.parse(DOMParser.java:262)
	at java.xml/com.sun.org.apache.xerces.internal.jaxp.DocumentBuilderImpl.parse(DocumentBuilderImpl.java:342)
	at com.st.stm32cube.ide.mpu.remote.serial.internal.SerialPortProviderWindows.run(SerialPortProviderWindows.java:127)
	at java.base/java.util.TimerThread.mainLoop(Timer.java:566)
	at java.base/java.util.TimerThread.run(Timer.java:516)

!ENTRY com.st.stm32cube.ide.mpu.remote.serial 4 0 2026-01-16 22:39:28.729
!MESSAGE Failed to parse wmic output
!STACK 0
org.xml.sax.SAXParseException; lineNumber: 1; columnNumber: 1; Premature end of file.
	at java.xml/com.sun.org.apache.xerces.internal.parsers.DOMParser.parse(DOMParser.java:262)
	at java.xml/com.sun.org.apache.xerces.internal.jaxp.DocumentBuilderImpl.parse(DocumentBuilderImpl.java:342)
	at com.st.stm32cube.ide.mpu.remote.serial.internal.SerialPortProviderWindows.run(SerialPortProviderWindows.java:127)
	at java.base/java.util.TimerThread.mainLoop(Timer.java:566)
	at java.base/java.util.TimerThread.run(Timer.java:516)

!ENTRY com.st.stm32cube.ide.mpu.remote.serial 4 0 2026-01-16 22:39:29.733
!MESSAGE Failed to parse wmic output
!STACK 0
org.xml.sax.SAXParseException; lineNumber: 1; columnNumber: 1; Premature end of file.
	at java.xml/com.sun.org.apache.xerces.internal.parsers.DOMParser.parse(DOMParser.java:262)
	at java.xml/com.sun.org.apache.xerces.internal.jaxp.DocumentBuilderImpl.parse(DocumentBuilderImpl.java:342)
	at com.st.stm32cube.ide.mpu.remote.serial.internal.SerialPortProviderWindows.run(SerialPortProviderWindows.java:127)
	at java.base/java.util.TimerThread.mainLoop(Timer.java:566)
	at java.base/java.util.TimerThread.run(Timer.java:516)

!ENTRY com.st.stm32cube.ide.mpu.remote.serial 4 0 2026-01-16 22:39:30.732
!MESSAGE Failed to parse wmic output
!STACK 0
org.xml.sax.SAXParseException; lineNumber: 1; columnNumber: 1; Premature end of file.
	at java.xml/com.sun.org.apache.xerces.internal.parsers.DOMParser.parse(DOMParser.java:262)
	at java.xml/com.sun.org.apache.xerces.internal.jaxp.DocumentBuilderImpl.parse(DocumentBuilderImpl.java:342)
	at com.st.stm32cube.ide.mpu.remote.serial.internal.SerialPortProviderWindows.run(SerialPortProviderWindows.java:127)
	at java.base/java.util.TimerThread.mainLoop(Timer.java:566)
	at java.base/java.util.TimerThread.run(Timer.java:516)

!ENTRY com.st.stm32cube.ide.mpu.remote.serial 4 0 2026-01-16 22:39:31.716
!MESSAGE Failed to parse wmic output
!STACK 0
org.xml.sax.SAXParseException; lineNumber: 1; columnNumber: 1; Premature end of file.
	at java.xml/com.sun.org.apache.xerces.internal.parsers.DOMParser.parse(DOMParser.java:262)
	at java.xml/com.sun.org.apache.xerces.internal.jaxp.DocumentBuilderImpl.parse(DocumentBuilderImpl.java:342)
	at com.st.stm32cube.ide.mpu.remote.serial.internal.SerialPortProviderWindows.run(SerialPortProviderWindows.java:127)
	at java.base/java.util.TimerThread.mainLoop(Timer.java:566)
	at java.base/java.util.TimerThread.run(Timer.java:516)

!ENTRY com.st.stm32cube.ide.mpu.remote.serial 4 0 2026-01-16 22:39:32.738
!MESSAGE Failed to parse wmic output
!STACK 0
org.xml.sax.SAXParseException; lineNumber: 1; columnNumber: 1; Premature end of file.
	at java.xml/com.sun.org.apache.xerces.internal.parsers.DOMParser.parse(DOMParser.java:262)
	at java.xml/com.sun.org.apache.xerces.internal.jaxp.DocumentBuilderImpl.parse(DocumentBuilderImpl.java:342)
	at com.st.stm32cube.ide.mpu.remote.serial.internal.SerialPortProviderWindows.run(SerialPortProviderWindows.java:127)
	at java.base/java.util.TimerThread.mainLoop(Timer.java:566)
	at java.base/java.util.TimerThread.run(Timer.java:516)

!ENTRY com.st.stm32cube.ide.mpu.remote.serial 4 0 2026-01-16 22:39:33.726
!MESSAGE Failed to parse wmic output
!STACK 0
org.xml.sax.SAXParseException; lineNumber: 1; columnNumber: 1; Premature end of file.
	at java.xml/com.sun.org.apache.xerces.internal.parsers.DOMParser.parse(DOMParser.java:262)
	at java.xml/com.sun.org.apache.xerces.internal.jaxp.DocumentBuilderImpl.parse(DocumentBuilderImpl.java:342)
	at com.st.stm32cube.ide.mpu.remote.serial.internal.SerialPortProviderWindows.run(SerialPortProviderWindows.java:127)
	at java.base/java.util.TimerThread.mainLoop(Timer.java:566)
	at java.base/java.util.TimerThread.run(Timer.java:516)

!ENTRY com.st.stm32cube.ide.mpu.remote.serial 4 0 2026-01-16 22:39:34.736
!MESSAGE Failed to parse wmic output
!STACK 0
org.xml.sax.SAXParseException; lineNumber: 1; columnNumber: 1; Premature end of file.
	at java.xml/com.sun.org.apache.xerces.internal.parsers.DOMParser.parse(DOMParser.java:262)
	at java.xml/com.sun.org.apache.xerces.internal.jaxp.DocumentBuilderImpl.parse(DocumentBuilderImpl.java:342)
	at com.st.stm32cube.ide.mpu.remote.serial.internal.SerialPortProviderWindows.run(SerialPortProviderWindows.java:127)
	at java.base/java.util.TimerThread.mainLoop(Timer.java:566)
	at java.base/java.util.TimerThread.run(Timer.java:516)

!ENTRY com.st.stm32cube.ide.mpu.remote.serial 4 0 2026-01-16 22:39:35.729
!MESSAGE Failed to parse wmic output
!STACK 0
org.xml.sax.SAXParseException; lineNumber: 1; columnNumber: 1; Premature end of file.
	at java.xml/com.sun.org.apache.xerces.internal.parsers.DOMParser.parse(DOMParser.java:262)
	at java.xml/com.sun.org.apache.xerces.internal.jaxp.DocumentBuilderImpl.parse(DocumentBuilderImpl.java:342)
	at com.st.stm32cube.ide.mpu.remote.serial.internal.SerialPortProviderWindows.run(SerialPortProviderWindows.java:127)
	at java.base/java.util.TimerThread.mainLoop(Timer.java:566)
	at java.base/java.util.TimerThread.run(Timer.java:516)

!ENTRY com.st.stm32cube.ide.mpu.remote.serial 4 0 2026-01-16 22:39:36.728
!MESSAGE Failed to parse wmic output
!STACK 0
org.xml.sax.SAXParseException; lineNumber: 1; columnNumber: 1; Premature end of file.
	at java.xml/com.sun.org.apache.xerces.internal.parsers.DOMParser.parse(DOMParser.java:262)
	at java.xml/com.sun.org.apache.xerces.internal.jaxp.DocumentBuilderImpl.parse(DocumentBuilderImpl.java:342)
	at com.st.stm32cube.ide.mpu.remote.serial.internal.SerialPortProviderWindows.run(SerialPortProviderWindows.java:127)
	at java.base/java.util.TimerThread.mainLoop(Timer.java:566)
	at java.base/java.util.TimerThread.run(Timer.java:516)

!ENTRY com.st.stm32cube.ide.mpu.remote.serial 4 0 2026-01-16 22:39:37.728
!MESSAGE Failed to parse wmic output
!STACK 0
org.xml.sax.SAXParseException; lineNumber: 1; columnNumber: 1; Premature end of file.
	at java.xml/com.sun.org.apache.xerces.internal.parsers.DOMParser.parse(DOMParser.java:262)
	at java.xml/com.sun.org.apache.xerces.internal.jaxp.DocumentBuilderImpl.parse(DocumentBuilderImpl.java:342)
	at com.st.stm32cube.ide.mpu.remote.serial.internal.SerialPortProviderWindows.run(SerialPortProviderWindows.java:127)
	at java.base/java.util.TimerThread.mainLoop(Timer.java:566)
	at java.base/java.util.TimerThread.run(Timer.java:516)

!ENTRY com.st.stm32cube.ide.mpu.remote.serial 4 0 2026-01-16 22:39:38.723
!MESSAGE Failed to parse wmic output
!STACK 0
org.xml.sax.SAXParseException; lineNumber: 1; columnNumber: 1; Premature end of file.
	at java.xml/com.sun.org.apache.xerces.internal.parsers.DOMParser.parse(DOMParser.java:262)
	at java.xml/com.sun.org.apache.xerces.internal.jaxp.DocumentBuilderImpl.parse(DocumentBuilderImpl.java:342)
	at com.st.stm32cube.ide.mpu.remote.serial.internal.SerialPortProviderWindows.run(SerialPortProviderWindows.java:127)
	at java.base/java.util.TimerThread.mainLoop(Timer.java:566)
	at java.base/java.util.TimerThread.run(Timer.java:516)

!ENTRY com.st.stm32cube.ide.mpu.remote.serial 4 0 2026-01-16 22:39:39.728
!MESSAGE Failed to parse wmic output
!STACK 0
org.xml.sax.SAXParseException; lineNumber: 1; columnNumber: 1; Premature end of file.
	at java.xml/com.sun.org.apache.xerces.internal.parsers.DOMParser.parse(DOMParser.java:262)
	at java.xml/com.sun.org.apache.xerces.internal.jaxp.DocumentBuilderImpl.parse(DocumentBuilderImpl.java:342)
	at com.st.stm32cube.ide.mpu.remote.serial.internal.SerialPortProviderWindows.run(SerialPortProviderWindows.java:127)
	at java.base/java.util.TimerThread.mainLoop(Timer.java:566)
	at java.base/java.util.TimerThread.run(Timer.java:516)

!ENTRY com.st.stm32cube.ide.mpu.remote.serial 4 0 2026-01-16 22:39:40.722
!MESSAGE Failed to parse wmic output
!STACK 0
org.xml.sax.SAXParseException; lineNumber: 1; columnNumber: 1; Premature end of file.
	at java.xml/com.sun.org.apache.xerces.internal.parsers.DOMParser.parse(DOMParser.java:262)
	at java.xml/com.sun.org.apache.xerces.internal.jaxp.DocumentBuilderImpl.parse(DocumentBuilderImpl.java:342)
	at com.st.stm32cube.ide.mpu.remote.serial.internal.SerialPortProviderWindows.run(SerialPortProviderWindows.java:127)
	at java.base/java.util.TimerThread.mainLoop(Timer.java:566)
	at java.base/java.util.TimerThread.run(Timer.java:516)

!ENTRY com.st.stm32cube.ide.mpu.remote.serial 4 0 2026-01-16 22:39:41.739
!MESSAGE Failed to parse wmic output
!STACK 0
org.xml.sax.SAXParseException; lineNumber: 1; columnNumber: 1; Premature end of file.
	at java.xml/com.sun.org.apache.xerces.internal.parsers.DOMParser.parse(DOMParser.java:262)
	at java.xml/com.sun.org.apache.xerces.internal.jaxp.DocumentBuilderImpl.parse(DocumentBuilderImpl.java:342)
	at com.st.stm32cube.ide.mpu.remote.serial.internal.SerialPortProviderWindows.run(SerialPortProviderWindows.java:127)
	at java.base/java.util.TimerThread.mainLoop(Timer.java:566)
	at java.base/java.util.TimerThread.run(Timer.java:516)

!ENTRY com.st.stm32cube.ide.mpu.remote.serial 4 0 2026-01-16 22:39:42.727
!MESSAGE Failed to parse wmic output
!STACK 0
org.xml.sax.SAXParseException; lineNumber: 1; columnNumber: 1; Premature end of file.
	at java.xml/com.sun.org.apache.xerces.internal.parsers.DOMParser.parse(DOMParser.java:262)
	at java.xml/com.sun.org.apache.xerces.internal.jaxp.DocumentBuilderImpl.parse(DocumentBuilderImpl.java:342)
	at com.st.stm32cube.ide.mpu.remote.serial.internal.SerialPortProviderWindows.run(SerialPortProviderWindows.java:127)
	at java.base/java.util.TimerThread.mainLoop(Timer.java:566)
	at java.base/java.util.TimerThread.run(Timer.java:516)

!ENTRY com.st.stm32cube.ide.mpu.remote.serial 4 0 2026-01-16 22:39:43.734
!MESSAGE Failed to parse wmic output
!STACK 0
org.xml.sax.SAXParseException; lineNumber: 1; columnNumber: 1; Premature end of file.
	at java.xml/com.sun.org.apache.xerces.internal.parsers.DOMParser.parse(DOMParser.java:262)
	at java.xml/com.sun.org.apache.xerces.internal.jaxp.DocumentBuilderImpl.parse(DocumentBuilderImpl.java:342)
	at com.st.stm32cube.ide.mpu.remote.serial.internal.SerialPortProviderWindows.run(SerialPortProviderWindows.java:127)
	at java.base/java.util.TimerThread.mainLoop(Timer.java:566)
	at java.base/java.util.TimerThread.run(Timer.java:516)

!ENTRY com.st.stm32cube.ide.mpu.remote.serial 4 0 2026-01-16 22:39:44.736
!MESSAGE Failed to parse wmic output
!STACK 0
org.xml.sax.SAXParseException; lineNumber: 1; columnNumber: 1; Premature end of file.
	at java.xml/com.sun.org.apache.xerces.internal.parsers.DOMParser.parse(DOMParser.java:262)
	at java.xml/com.sun.org.apache.xerces.internal.jaxp.DocumentBuilderImpl.parse(DocumentBuilderImpl.java:342)
	at com.st.stm32cube.ide.mpu.remote.serial.internal.SerialPortProviderWindows.run(SerialPortProviderWindows.java:127)
	at java.base/java.util.TimerThread.mainLoop(Timer.java:566)
	at java.base/java.util.TimerThread.run(Timer.java:516)

!ENTRY com.st.stm32cube.ide.mpu.remote.serial 4 0 2026-01-16 22:39:45.738
!MESSAGE Failed to parse wmic output
!STACK 0
org.xml.sax.SAXParseException; lineNumber: 1; columnNumber: 1; Premature end of file.
	at java.xml/com.sun.org.apache.xerces.internal.parsers.DOMParser.parse(DOMParser.java:262)
	at java.xml/com.sun.org.apache.xerces.internal.jaxp.DocumentBuilderImpl.parse(DocumentBuilderImpl.java:342)
	at com.st.stm32cube.ide.mpu.remote.serial.internal.SerialPortProviderWindows.run(SerialPortProviderWindows.java:127)
	at java.base/java.util.TimerThread.mainLoop(Timer.java:566)
	at java.base/java.util.TimerThread.run(Timer.java:516)

!ENTRY com.st.stm32cube.ide.mpu.remote.serial 4 0 2026-01-16 22:39:46.726
!MESSAGE Failed to parse wmic output
!STACK 0
org.xml.sax.SAXParseException; lineNumber: 1; columnNumber: 1; Premature end of file.
	at java.xml/com.sun.org.apache.xerces.internal.parsers.DOMParser.parse(DOMParser.java:262)
	at java.xml/com.sun.org.apache.xerces.internal.jaxp.DocumentBuilderImpl.parse(DocumentBuilderImpl.java:342)
	at com.st.stm32cube.ide.mpu.remote.serial.internal.SerialPortProviderWindows.run(SerialPortProviderWindows.java:127)
	at java.base/java.util.TimerThread.mainLoop(Timer.java:566)
	at java.base/java.util.TimerThread.run(Timer.java:516)

!ENTRY com.st.stm32cube.ide.mpu.remote.serial 4 0 2026-01-16 22:39:47.733
!MESSAGE Failed to parse wmic output
!STACK 0
org.xml.sax.SAXParseException; lineNumber: 1; columnNumber: 1; Premature end of file.
	at java.xml/com.sun.org.apache.xerces.internal.parsers.DOMParser.parse(DOMParser.java:262)
	at java.xml/com.sun.org.apache.xerces.internal.jaxp.DocumentBuilderImpl.parse(DocumentBuilderImpl.java:342)
	at com.st.stm32cube.ide.mpu.remote.serial.internal.SerialPortProviderWindows.run(SerialPortProviderWindows.java:127)
	at java.base/java.util.TimerThread.mainLoop(Timer.java:566)
	at java.base/java.util.TimerThread.run(Timer.java:516)

!ENTRY com.st.stm32cube.ide.mpu.remote.serial 4 0 2026-01-16 22:39:48.734
!MESSAGE Failed to parse wmic output
!STACK 0
org.xml.sax.SAXParseException; lineNumber: 1; columnNumber: 1; Premature end of file.
	at java.xml/com.sun.org.apache.xerces.internal.parsers.DOMParser.parse(DOMParser.java:262)
	at java.xml/com.sun.org.apache.xerces.internal.jaxp.DocumentBuilderImpl.parse(DocumentBuilderImpl.java:342)
	at com.st.stm32cube.ide.mpu.remote.serial.internal.SerialPortProviderWindows.run(SerialPortProviderWindows.java:127)
	at java.base/java.util.TimerThread.mainLoop(Timer.java:566)
	at java.base/java.util.TimerThread.run(Timer.java:516)

!ENTRY com.st.stm32cube.ide.mpu.remote.serial 4 0 2026-01-16 22:39:49.732
!MESSAGE Failed to parse wmic output
!STACK 0
org.xml.sax.SAXParseException; lineNumber: 1; columnNumber: 1; Premature end of file.
	at java.xml/com.sun.org.apache.xerces.internal.parsers.DOMParser.parse(DOMParser.java:262)
	at java.xml/com.sun.org.apache.xerces.internal.jaxp.DocumentBuilderImpl.parse(DocumentBuilderImpl.java:342)
	at com.st.stm32cube.ide.mpu.remote.serial.internal.SerialPortProviderWindows.run(SerialPortProviderWindows.java:127)
	at java.base/java.util.TimerThread.mainLoop(Timer.java:566)
	at java.base/java.util.TimerThread.run(Timer.java:516)

!ENTRY com.st.stm32cube.ide.mpu.remote.serial 4 0 2026-01-16 22:39:50.714
!MESSAGE Failed to parse wmic output
!STACK 0
org.xml.sax.SAXParseException; lineNumber: 1; columnNumber: 1; Premature end of file.
	at java.xml/com.sun.org.apache.xerces.internal.parsers.DOMParser.parse(DOMParser.java:262)
	at java.xml/com.sun.org.apache.xerces.internal.jaxp.DocumentBuilderImpl.parse(DocumentBuilderImpl.java:342)
	at com.st.stm32cube.ide.mpu.remote.serial.internal.SerialPortProviderWindows.run(SerialPortProviderWindows.java:127)
	at java.base/java.util.TimerThread.mainLoop(Timer.java:566)
	at java.base/java.util.TimerThread.run(Timer.java:516)

!ENTRY com.st.stm32cube.ide.mpu.remote.serial 4 0 2026-01-16 22:39:51.744
!MESSAGE Failed to parse wmic output
!STACK 0
org.xml.sax.SAXParseException; lineNumber: 1; columnNumber: 1; Premature end of file.
	at java.xml/com.sun.org.apache.xerces.internal.parsers.DOMParser.parse(DOMParser.java:262)
	at java.xml/com.sun.org.apache.xerces.internal.jaxp.DocumentBuilderImpl.parse(DocumentBuilderImpl.java:342)
	at com.st.stm32cube.ide.mpu.remote.serial.internal.SerialPortProviderWindows.run(SerialPortProviderWindows.java:127)
	at java.base/java.util.TimerThread.mainLoop(Timer.java:566)
	at java.base/java.util.TimerThread.run(Timer.java:516)

!ENTRY com.st.stm32cube.ide.mpu.remote.serial 4 0 2026-01-16 22:39:52.733
!MESSAGE Failed to parse wmic output
!STACK 0
org.xml.sax.SAXParseException; lineNumber: 1; columnNumber: 1; Premature end of file.
	at java.xml/com.sun.org.apache.xerces.internal.parsers.DOMParser.parse(DOMParser.java:262)
	at java.xml/com.sun.org.apache.xerces.internal.jaxp.DocumentBuilderImpl.parse(DocumentBuilderImpl.java:342)
	at com.st.stm32cube.ide.mpu.remote.serial.internal.SerialPortProviderWindows.run(SerialPortProviderWindows.java:127)
	at java.base/java.util.TimerThread.mainLoop(Timer.java:566)
	at java.base/java.util.TimerThread.run(Timer.java:516)

!ENTRY com.st.stm32cube.ide.mpu.remote.serial 4 0 2026-01-16 22:39:53.723
!MESSAGE Failed to parse wmic output
!STACK 0
org.xml.sax.SAXParseException; lineNumber: 1; columnNumber: 1; Premature end of file.
	at java.xml/com.sun.org.apache.xerces.internal.parsers.DOMParser.parse(DOMParser.java:262)
	at java.xml/com.sun.org.apache.xerces.internal.jaxp.DocumentBuilderImpl.parse(DocumentBuilderImpl.java:342)
	at com.st.stm32cube.ide.mpu.remote.serial.internal.SerialPortProviderWindows.run(SerialPortProviderWindows.java:127)
	at java.base/java.util.TimerThread.mainLoop(Timer.java:566)
	at java.base/java.util.TimerThread.run(Timer.java:516)

!ENTRY com.st.stm32cube.ide.mpu.remote.serial 4 0 2026-01-16 22:39:54.730
!MESSAGE Failed to parse wmic output
!STACK 0
org.xml.sax.SAXParseException; lineNumber: 1; columnNumber: 1; Premature end of file.
	at java.xml/com.sun.org.apache.xerces.internal.parsers.DOMParser.parse(DOMParser.java:262)
	at java.xml/com.sun.org.apache.xerces.internal.jaxp.DocumentBuilderImpl.parse(DocumentBuilderImpl.java:342)
	at com.st.stm32cube.ide.mpu.remote.serial.internal.SerialPortProviderWindows.run(SerialPortProviderWindows.java:127)
	at java.base/java.util.TimerThread.mainLoop(Timer.java:566)
	at java.base/java.util.TimerThread.run(Timer.java:516)

!ENTRY com.st.stm32cube.ide.mpu.remote.serial 4 0 2026-01-16 22:39:55.724
!MESSAGE Failed to parse wmic output
!STACK 0
org.xml.sax.SAXParseException; lineNumber: 1; columnNumber: 1; Premature end of file.
	at java.xml/com.sun.org.apache.xerces.internal.parsers.DOMParser.parse(DOMParser.java:262)
	at java.xml/com.sun.org.apache.xerces.internal.jaxp.DocumentBuilderImpl.parse(DocumentBuilderImpl.java:342)
	at com.st.stm32cube.ide.mpu.remote.serial.internal.SerialPortProviderWindows.run(SerialPortProviderWindows.java:127)
	at java.base/java.util.TimerThread.mainLoop(Timer.java:566)
	at java.base/java.util.TimerThread.run(Timer.java:516)

!ENTRY com.st.stm32cube.ide.mpu.remote.serial 4 0 2026-01-16 22:39:56.729
!MESSAGE Failed to parse wmic output
!STACK 0
org.xml.sax.SAXParseException; lineNumber: 1; columnNumber: 1; Premature end of file.
	at java.xml/com.sun.org.apache.xerces.internal.parsers.DOMParser.parse(DOMParser.java:262)
	at java.xml/com.sun.org.apache.xerces.internal.jaxp.DocumentBuilderImpl.parse(DocumentBuilderImpl.java:342)
	at com.st.stm32cube.ide.mpu.remote.serial.internal.SerialPortProviderWindows.run(SerialPortProviderWindows.java:127)
	at java.base/java.util.TimerThread.mainLoop(Timer.java:566)
	at java.base/java.util.TimerThread.run(Timer.java:516)

!ENTRY com.st.stm32cube.ide.mpu.remote.serial 4 0 2026-01-16 22:39:57.738
!MESSAGE Failed to parse wmic output
!STACK 0
org.xml.sax.SAXParseException; lineNumber: 1; columnNumber: 1; Premature end of file.
	at java.xml/com.sun.org.apache.xerces.internal.parsers.DOMParser.parse(DOMParser.java:262)
	at java.xml/com.sun.org.apache.xerces.internal.jaxp.DocumentBuilderImpl.parse(DocumentBuilderImpl.java:342)
	at com.st.stm32cube.ide.mpu.remote.serial.internal.SerialPortProviderWindows.run(SerialPortProviderWindows.java:127)
	at java.base/java.util.TimerThread.mainLoop(Timer.java:566)
	at java.base/java.util.TimerThread.run(Timer.java:516)

!ENTRY com.st.stm32cube.ide.mpu.remote.serial 4 0 2026-01-16 22:39:58.733
!MESSAGE Failed to parse wmic output
!STACK 0
org.xml.sax.SAXParseException; lineNumber: 1; columnNumber: 1; Premature end of file.
	at java.xml/com.sun.org.apache.xerces.internal.parsers.DOMParser.parse(DOMParser.java:262)
	at java.xml/com.sun.org.apache.xerces.internal.jaxp.DocumentBuilderImpl.parse(DocumentBuilderImpl.java:342)
	at com.st.stm32cube.ide.mpu.remote.serial.internal.SerialPortProviderWindows.run(SerialPortProviderWindows.java:127)
	at java.base/java.util.TimerThread.mainLoop(Timer.java:566)
	at java.base/java.util.TimerThread.run(Timer.java:516)

!ENTRY com.st.stm32cube.ide.mpu.remote.serial 4 0 2026-01-16 22:39:59.732
!MESSAGE Failed to parse wmic output
!STACK 0
org.xml.sax.SAXParseException; lineNumber: 1; columnNumber: 1; Premature end of file.
	at java.xml/com.sun.org.apache.xerces.internal.parsers.DOMParser.parse(DOMParser.java:262)
	at java.xml/com.sun.org.apache.xerces.internal.jaxp.DocumentBuilderImpl.parse(DocumentBuilderImpl.java:342)
	at com.st.stm32cube.ide.mpu.remote.serial.internal.SerialPortProviderWindows.run(SerialPortProviderWindows.java:127)
	at java.base/java.util.TimerThread.mainLoop(Timer.java:566)
	at java.base/java.util.TimerThread.run(Timer.java:516)

!ENTRY com.st.stm32cube.ide.mpu.remote.serial 4 0 2026-01-16 22:40:00.738
!MESSAGE Failed to parse wmic output
!STACK 0
org.xml.sax.SAXParseException; lineNumber: 1; columnNumber: 1; Premature end of file.
	at java.xml/com.sun.org.apache.xerces.internal.parsers.DOMParser.parse(DOMParser.java:262)
	at java.xml/com.sun.org.apache.xerces.internal.jaxp.DocumentBuilderImpl.parse(DocumentBuilderImpl.java:342)
	at com.st.stm32cube.ide.mpu.remote.serial.internal.SerialPortProviderWindows.run(SerialPortProviderWindows.java:127)
	at java.base/java.util.TimerThread.mainLoop(Timer.java:566)
	at java.base/java.util.TimerThread.run(Timer.java:516)

!ENTRY com.st.stm32cube.ide.mpu.remote.serial 4 0 2026-01-16 22:40:01.730
!MESSAGE Failed to parse wmic output
!STACK 0
org.xml.sax.SAXParseException; lineNumber: 1; columnNumber: 1; Premature end of file.
	at java.xml/com.sun.org.apache.xerces.internal.parsers.DOMParser.parse(DOMParser.java:262)
	at java.xml/com.sun.org.apache.xerces.internal.jaxp.DocumentBuilderImpl.parse(DocumentBuilderImpl.java:342)
	at com.st.stm32cube.ide.mpu.remote.serial.internal.SerialPortProviderWindows.run(SerialPortProviderWindows.java:127)
	at java.base/java.util.TimerThread.mainLoop(Timer.java:566)
	at java.base/java.util.TimerThread.run(Timer.java:516)

!ENTRY com.st.stm32cube.ide.mpu.remote.serial 4 0 2026-01-16 22:40:02.725
!MESSAGE Failed to parse wmic output
!STACK 0
org.xml.sax.SAXParseException; lineNumber: 1; columnNumber: 1; Premature end of file.
	at java.xml/com.sun.org.apache.xerces.internal.parsers.DOMParser.parse(DOMParser.java:262)
	at java.xml/com.sun.org.apache.xerces.internal.jaxp.DocumentBuilderImpl.parse(DocumentBuilderImpl.java:342)
	at com.st.stm32cube.ide.mpu.remote.serial.internal.SerialPortProviderWindows.run(SerialPortProviderWindows.java:127)
	at java.base/java.util.TimerThread.mainLoop(Timer.java:566)
	at java.base/java.util.TimerThread.run(Timer.java:516)

!ENTRY com.st.stm32cube.ide.mpu.remote.serial 4 0 2026-01-16 22:40:03.724
!MESSAGE Failed to parse wmic output
!STACK 0
org.xml.sax.SAXParseException; lineNumber: 1; columnNumber: 1; Premature end of file.
	at java.xml/com.sun.org.apache.xerces.internal.parsers.DOMParser.parse(DOMParser.java:262)
	at java.xml/com.sun.org.apache.xerces.internal.jaxp.DocumentBuilderImpl.parse(DocumentBuilderImpl.java:342)
	at com.st.stm32cube.ide.mpu.remote.serial.internal.SerialPortProviderWindows.run(SerialPortProviderWindows.java:127)
	at java.base/java.util.TimerThread.mainLoop(Timer.java:566)
	at java.base/java.util.TimerThread.run(Timer.java:516)

!ENTRY com.st.stm32cube.ide.mpu.remote.serial 4 0 2026-01-16 22:40:04.738
!MESSAGE Failed to parse wmic output
!STACK 0
org.xml.sax.SAXParseException; lineNumber: 1; columnNumber: 1; Premature end of file.
	at java.xml/com.sun.org.apache.xerces.internal.parsers.DOMParser.parse(DOMParser.java:262)
	at java.xml/com.sun.org.apache.xerces.internal.jaxp.DocumentBuilderImpl.parse(DocumentBuilderImpl.java:342)
	at com.st.stm32cube.ide.mpu.remote.serial.internal.SerialPortProviderWindows.run(SerialPortProviderWindows.java:127)
	at java.base/java.util.TimerThread.mainLoop(Timer.java:566)
	at java.base/java.util.TimerThread.run(Timer.java:516)

!ENTRY com.st.stm32cube.ide.mpu.remote.serial 4 0 2026-01-16 22:40:05.730
!MESSAGE Failed to parse wmic output
!STACK 0
org.xml.sax.SAXParseException; lineNumber: 1; columnNumber: 1; Premature end of file.
	at java.xml/com.sun.org.apache.xerces.internal.parsers.DOMParser.parse(DOMParser.java:262)
	at java.xml/com.sun.org.apache.xerces.internal.jaxp.DocumentBuilderImpl.parse(DocumentBuilderImpl.java:342)
	at com.st.stm32cube.ide.mpu.remote.serial.internal.SerialPortProviderWindows.run(SerialPortProviderWindows.java:127)
	at java.base/java.util.TimerThread.mainLoop(Timer.java:566)
	at java.base/java.util.TimerThread.run(Timer.java:516)

!ENTRY com.st.stm32cube.ide.mpu.remote.serial 4 0 2026-01-16 22:40:06.729
!MESSAGE Failed to parse wmic output
!STACK 0
org.xml.sax.SAXParseException; lineNumber: 1; columnNumber: 1; Premature end of file.
	at java.xml/com.sun.org.apache.xerces.internal.parsers.DOMParser.parse(DOMParser.java:262)
	at java.xml/com.sun.org.apache.xerces.internal.jaxp.DocumentBuilderImpl.parse(DocumentBuilderImpl.java:342)
	at com.st.stm32cube.ide.mpu.remote.serial.internal.SerialPortProviderWindows.run(SerialPortProviderWindows.java:127)
	at java.base/java.util.TimerThread.mainLoop(Timer.java:566)
	at java.base/java.util.TimerThread.run(Timer.java:516)

!ENTRY com.st.stm32cube.ide.mpu.remote.serial 4 0 2026-01-16 22:40:07.735
!MESSAGE Failed to parse wmic output
!STACK 0
org.xml.sax.SAXParseException; lineNumber: 1; columnNumber: 1; Premature end of file.
	at java.xml/com.sun.org.apache.xerces.internal.parsers.DOMParser.parse(DOMParser.java:262)
	at java.xml/com.sun.org.apache.xerces.internal.jaxp.DocumentBuilderImpl.parse(DocumentBuilderImpl.java:342)
	at com.st.stm32cube.ide.mpu.remote.serial.internal.SerialPortProviderWindows.run(SerialPortProviderWindows.java:127)
	at java.base/java.util.TimerThread.mainLoop(Timer.java:566)
	at java.base/java.util.TimerThread.run(Timer.java:516)

!ENTRY com.st.stm32cube.ide.mpu.remote.serial 4 0 2026-01-16 22:40:08.730
!MESSAGE Failed to parse wmic output
!STACK 0
org.xml.sax.SAXParseException; lineNumber: 1; columnNumber: 1; Premature end of file.
	at java.xml/com.sun.org.apache.xerces.internal.parsers.DOMParser.parse(DOMParser.java:262)
	at java.xml/com.sun.org.apache.xerces.internal.jaxp.DocumentBuilderImpl.parse(DocumentBuilderImpl.java:342)
	at com.st.stm32cube.ide.mpu.remote.serial.internal.SerialPortProviderWindows.run(SerialPortProviderWindows.java:127)
	at java.base/java.util.TimerThread.mainLoop(Timer.java:566)
	at java.base/java.util.TimerThread.run(Timer.java:516)

!ENTRY com.st.stm32cube.ide.mpu.remote.serial 4 0 2026-01-16 22:40:09.731
!MESSAGE Failed to parse wmic output
!STACK 0
org.xml.sax.SAXParseException; lineNumber: 1; columnNumber: 1; Premature end of file.
	at java.xml/com.sun.org.apache.xerces.internal.parsers.DOMParser.parse(DOMParser.java:262)
	at java.xml/com.sun.org.apache.xerces.internal.jaxp.DocumentBuilderImpl.parse(DocumentBuilderImpl.java:342)
	at com.st.stm32cube.ide.mpu.remote.serial.internal.SerialPortProviderWindows.run(SerialPortProviderWindows.java:127)
	at java.base/java.util.TimerThread.mainLoop(Timer.java:566)
	at java.base/java.util.TimerThread.run(Timer.java:516)

!ENTRY com.st.stm32cube.ide.mpu.remote.serial 4 0 2026-01-16 22:40:10.719
!MESSAGE Failed to parse wmic output
!STACK 0
org.xml.sax.SAXParseException; lineNumber: 1; columnNumber: 1; Premature end of file.
	at java.xml/com.sun.org.apache.xerces.internal.parsers.DOMParser.parse(DOMParser.java:262)
	at java.xml/com.sun.org.apache.xerces.internal.jaxp.DocumentBuilderImpl.parse(DocumentBuilderImpl.java:342)
	at com.st.stm32cube.ide.mpu.remote.serial.internal.SerialPortProviderWindows.run(SerialPortProviderWindows.java:127)
	at java.base/java.util.TimerThread.mainLoop(Timer.java:566)
	at java.base/java.util.TimerThread.run(Timer.java:516)

!ENTRY com.st.stm32cube.ide.mpu.remote.serial 4 0 2026-01-16 22:40:11.720
!MESSAGE Failed to parse wmic output
!STACK 0
org.xml.sax.SAXParseException; lineNumber: 1; columnNumber: 1; Premature end of file.
	at java.xml/com.sun.org.apache.xerces.internal.parsers.DOMParser.parse(DOMParser.java:262)
	at java.xml/com.sun.org.apache.xerces.internal.jaxp.DocumentBuilderImpl.parse(DocumentBuilderImpl.java:342)
	at com.st.stm32cube.ide.mpu.remote.serial.internal.SerialPortProviderWindows.run(SerialPortProviderWindows.java:127)
	at java.base/java.util.TimerThread.mainLoop(Timer.java:566)
	at java.base/java.util.TimerThread.run(Timer.java:516)

!ENTRY com.st.stm32cube.ide.mpu.remote.serial 4 0 2026-01-16 22:40:12.717
!MESSAGE Failed to parse wmic output
!STACK 0
org.xml.sax.SAXParseException; lineNumber: 1; columnNumber: 1; Premature end of file.
	at java.xml/com.sun.org.apache.xerces.internal.parsers.DOMParser.parse(DOMParser.java:262)
	at java.xml/com.sun.org.apache.xerces.internal.jaxp.DocumentBuilderImpl.parse(DocumentBuilderImpl.java:342)
	at com.st.stm32cube.ide.mpu.remote.serial.internal.SerialPortProviderWindows.run(SerialPortProviderWindows.java:127)
	at java.base/java.util.TimerThread.mainLoop(Timer.java:566)
	at java.base/java.util.TimerThread.run(Timer.java:516)

!ENTRY com.st.stm32cube.ide.mpu.remote.serial 4 0 2026-01-16 22:40:13.734
!MESSAGE Failed to parse wmic output
!STACK 0
org.xml.sax.SAXParseException; lineNumber: 1; columnNumber: 1; Premature end of file.
	at java.xml/com.sun.org.apache.xerces.internal.parsers.DOMParser.parse(DOMParser.java:262)
	at java.xml/com.sun.org.apache.xerces.internal.jaxp.DocumentBuilderImpl.parse(DocumentBuilderImpl.java:342)
	at com.st.stm32cube.ide.mpu.remote.serial.internal.SerialPortProviderWindows.run(SerialPortProviderWindows.java:127)
	at java.base/java.util.TimerThread.mainLoop(Timer.java:566)
	at java.base/java.util.TimerThread.run(Timer.java:516)

!ENTRY com.st.stm32cube.ide.mpu.remote.serial 4 0 2026-01-16 22:40:14.737
!MESSAGE Failed to parse wmic output
!STACK 0
org.xml.sax.SAXParseException; lineNumber: 1; columnNumber: 1; Premature end of file.
	at java.xml/com.sun.org.apache.xerces.internal.parsers.DOMParser.parse(DOMParser.java:262)
	at java.xml/com.sun.org.apache.xerces.internal.jaxp.DocumentBuilderImpl.parse(DocumentBuilderImpl.java:342)
	at com.st.stm32cube.ide.mpu.remote.serial.internal.SerialPortProviderWindows.run(SerialPortProviderWindows.java:127)
	at java.base/java.util.TimerThread.mainLoop(Timer.java:566)
	at java.base/java.util.TimerThread.run(Timer.java:516)

!ENTRY com.st.stm32cube.ide.mpu.remote.serial 4 0 2026-01-16 22:40:15.731
!MESSAGE Failed to parse wmic output
!STACK 0
org.xml.sax.SAXParseException; lineNumber: 1; columnNumber: 1; Premature end of file.
	at java.xml/com.sun.org.apache.xerces.internal.parsers.DOMParser.parse(DOMParser.java:262)
	at java.xml/com.sun.org.apache.xerces.internal.jaxp.DocumentBuilderImpl.parse(DocumentBuilderImpl.java:342)
	at com.st.stm32cube.ide.mpu.remote.serial.internal.SerialPortProviderWindows.run(SerialPortProviderWindows.java:127)
	at java.base/java.util.TimerThread.mainLoop(Timer.java:566)
	at java.base/java.util.TimerThread.run(Timer.java:516)

!ENTRY com.st.stm32cube.ide.mpu.remote.serial 4 0 2026-01-16 22:40:16.726
!MESSAGE Failed to parse wmic output
!STACK 0
org.xml.sax.SAXParseException; lineNumber: 1; columnNumber: 1; Premature end of file.
	at java.xml/com.sun.org.apache.xerces.internal.parsers.DOMParser.parse(DOMParser.java:262)
	at java.xml/com.sun.org.apache.xerces.internal.jaxp.DocumentBuilderImpl.parse(DocumentBuilderImpl.java:342)
	at com.st.stm32cube.ide.mpu.remote.serial.internal.SerialPortProviderWindows.run(SerialPortProviderWindows.java:127)
	at java.base/java.util.TimerThread.mainLoop(Timer.java:566)
	at java.base/java.util.TimerThread.run(Timer.java:516)

!ENTRY com.st.stm32cube.ide.mpu.remote.serial 4 0 2026-01-16 22:40:17.734
!MESSAGE Failed to parse wmic output
!STACK 0
org.xml.sax.SAXParseException; lineNumber: 1; columnNumber: 1; Premature end of file.
	at java.xml/com.sun.org.apache.xerces.internal.parsers.DOMParser.parse(DOMParser.java:262)
	at java.xml/com.sun.org.apache.xerces.internal.jaxp.DocumentBuilderImpl.parse(DocumentBuilderImpl.java:342)
	at com.st.stm32cube.ide.mpu.remote.serial.internal.SerialPortProviderWindows.run(SerialPortProviderWindows.java:127)
	at java.base/java.util.TimerThread.mainLoop(Timer.java:566)
	at java.base/java.util.TimerThread.run(Timer.java:516)

!ENTRY com.st.stm32cube.ide.mpu.remote.serial 4 0 2026-01-16 22:40:18.741
!MESSAGE Failed to parse wmic output
!STACK 0
org.xml.sax.SAXParseException; lineNumber: 1; columnNumber: 1; Premature end of file.
	at java.xml/com.sun.org.apache.xerces.internal.parsers.DOMParser.parse(DOMParser.java:262)
	at java.xml/com.sun.org.apache.xerces.internal.jaxp.DocumentBuilderImpl.parse(DocumentBuilderImpl.java:342)
	at com.st.stm32cube.ide.mpu.remote.serial.internal.SerialPortProviderWindows.run(SerialPortProviderWindows.java:127)
	at java.base/java.util.TimerThread.mainLoop(Timer.java:566)
	at java.base/java.util.TimerThread.run(Timer.java:516)

!ENTRY com.st.stm32cube.ide.mpu.remote.serial 4 0 2026-01-16 22:40:19.736
!MESSAGE Failed to parse wmic output
!STACK 0
org.xml.sax.SAXParseException; lineNumber: 1; columnNumber: 1; Premature end of file.
	at java.xml/com.sun.org.apache.xerces.internal.parsers.DOMParser.parse(DOMParser.java:262)
	at java.xml/com.sun.org.apache.xerces.internal.jaxp.DocumentBuilderImpl.parse(DocumentBuilderImpl.java:342)
	at com.st.stm32cube.ide.mpu.remote.serial.internal.SerialPortProviderWindows.run(SerialPortProviderWindows.java:127)
	at java.base/java.util.TimerThread.mainLoop(Timer.java:566)
	at java.base/java.util.TimerThread.run(Timer.java:516)

!ENTRY com.st.stm32cube.ide.mpu.remote.serial 4 0 2026-01-16 22:40:20.726
!MESSAGE Failed to parse wmic output
!STACK 0
org.xml.sax.SAXParseException; lineNumber: 1; columnNumber: 1; Premature end of file.
	at java.xml/com.sun.org.apache.xerces.internal.parsers.DOMParser.parse(DOMParser.java:262)
	at java.xml/com.sun.org.apache.xerces.internal.jaxp.DocumentBuilderImpl.parse(DocumentBuilderImpl.java:342)
	at com.st.stm32cube.ide.mpu.remote.serial.internal.SerialPortProviderWindows.run(SerialPortProviderWindows.java:127)
	at java.base/java.util.TimerThread.mainLoop(Timer.java:566)
	at java.base/java.util.TimerThread.run(Timer.java:516)

!ENTRY com.st.stm32cube.ide.mpu.remote.serial 4 0 2026-01-16 22:40:21.728
!MESSAGE Failed to parse wmic output
!STACK 0
org.xml.sax.SAXParseException; lineNumber: 1; columnNumber: 1; Premature end of file.
	at java.xml/com.sun.org.apache.xerces.internal.parsers.DOMParser.parse(DOMParser.java:262)
	at java.xml/com.sun.org.apache.xerces.internal.jaxp.DocumentBuilderImpl.parse(DocumentBuilderImpl.java:342)
	at com.st.stm32cube.ide.mpu.remote.serial.internal.SerialPortProviderWindows.run(SerialPortProviderWindows.java:127)
	at java.base/java.util.TimerThread.mainLoop(Timer.java:566)
	at java.base/java.util.TimerThread.run(Timer.java:516)

!ENTRY com.st.stm32cube.ide.mpu.remote.serial 4 0 2026-01-16 22:40:22.732
!MESSAGE Failed to parse wmic output
!STACK 0
org.xml.sax.SAXParseException; lineNumber: 1; columnNumber: 1; Premature end of file.
	at java.xml/com.sun.org.apache.xerces.internal.parsers.DOMParser.parse(DOMParser.java:262)
	at java.xml/com.sun.org.apache.xerces.internal.jaxp.DocumentBuilderImpl.parse(DocumentBuilderImpl.java:342)
	at com.st.stm32cube.ide.mpu.remote.serial.internal.SerialPortProviderWindows.run(SerialPortProviderWindows.java:127)
	at java.base/java.util.TimerThread.mainLoop(Timer.java:566)
	at java.base/java.util.TimerThread.run(Timer.java:516)

!ENTRY com.st.stm32cube.ide.mpu.remote.serial 4 0 2026-01-16 22:40:23.736
!MESSAGE Failed to parse wmic output
!STACK 0
org.xml.sax.SAXParseException; lineNumber: 1; columnNumber: 1; Premature end of file.
	at java.xml/com.sun.org.apache.xerces.internal.parsers.DOMParser.parse(DOMParser.java:262)
	at java.xml/com.sun.org.apache.xerces.internal.jaxp.DocumentBuilderImpl.parse(DocumentBuilderImpl.java:342)
	at com.st.stm32cube.ide.mpu.remote.serial.internal.SerialPortProviderWindows.run(SerialPortProviderWindows.java:127)
	at java.base/java.util.TimerThread.mainLoop(Timer.java:566)
	at java.base/java.util.TimerThread.run(Timer.java:516)

!ENTRY com.st.stm32cube.ide.mpu.remote.serial 4 0 2026-01-16 22:40:24.734
!MESSAGE Failed to parse wmic output
!STACK 0
org.xml.sax.SAXParseException; lineNumber: 1; columnNumber: 1; Premature end of file.
	at java.xml/com.sun.org.apache.xerces.internal.parsers.DOMParser.parse(DOMParser.java:262)
	at java.xml/com.sun.org.apache.xerces.internal.jaxp.DocumentBuilderImpl.parse(DocumentBuilderImpl.java:342)
	at com.st.stm32cube.ide.mpu.remote.serial.internal.SerialPortProviderWindows.run(SerialPortProviderWindows.java:127)
	at java.base/java.util.TimerThread.mainLoop(Timer.java:566)
	at java.base/java.util.TimerThread.run(Timer.java:516)

!ENTRY com.st.stm32cube.ide.mpu.remote.serial 4 0 2026-01-16 22:40:25.731
!MESSAGE Failed to parse wmic output
!STACK 0
org.xml.sax.SAXParseException; lineNumber: 1; columnNumber: 1; Premature end of file.
	at java.xml/com.sun.org.apache.xerces.internal.parsers.DOMParser.parse(DOMParser.java:262)
	at java.xml/com.sun.org.apache.xerces.internal.jaxp.DocumentBuilderImpl.parse(DocumentBuilderImpl.java:342)
	at com.st.stm32cube.ide.mpu.remote.serial.internal.SerialPortProviderWindows.run(SerialPortProviderWindows.java:127)
	at java.base/java.util.TimerThread.mainLoop(Timer.java:566)
	at java.base/java.util.TimerThread.run(Timer.java:516)

!ENTRY com.st.stm32cube.ide.mpu.remote.serial 4 0 2026-01-16 22:40:26.735
!MESSAGE Failed to parse wmic output
!STACK 0
org.xml.sax.SAXParseException; lineNumber: 1; columnNumber: 1; Premature end of file.
	at java.xml/com.sun.org.apache.xerces.internal.parsers.DOMParser.parse(DOMParser.java:262)
	at java.xml/com.sun.org.apache.xerces.internal.jaxp.DocumentBuilderImpl.parse(DocumentBuilderImpl.java:342)
	at com.st.stm32cube.ide.mpu.remote.serial.internal.SerialPortProviderWindows.run(SerialPortProviderWindows.java:127)
	at java.base/java.util.TimerThread.mainLoop(Timer.java:566)
	at java.base/java.util.TimerThread.run(Timer.java:516)

!ENTRY com.st.stm32cube.ide.mpu.remote.serial 4 0 2026-01-16 22:40:27.735
!MESSAGE Failed to parse wmic output
!STACK 0
org.xml.sax.SAXParseException; lineNumber: 1; columnNumber: 1; Premature end of file.
	at java.xml/com.sun.org.apache.xerces.internal.parsers.DOMParser.parse(DOMParser.java:262)
	at java.xml/com.sun.org.apache.xerces.internal.jaxp.DocumentBuilderImpl.parse(DocumentBuilderImpl.java:342)
	at com.st.stm32cube.ide.mpu.remote.serial.internal.SerialPortProviderWindows.run(SerialPortProviderWindows.java:127)
	at java.base/java.util.TimerThread.mainLoop(Timer.java:566)
	at java.base/java.util.TimerThread.run(Timer.java:516)

!ENTRY com.st.stm32cube.ide.mpu.remote.serial 4 0 2026-01-16 22:40:28.732
!MESSAGE Failed to parse wmic output
!STACK 0
org.xml.sax.SAXParseException; lineNumber: 1; columnNumber: 1; Premature end of file.
	at java.xml/com.sun.org.apache.xerces.internal.parsers.DOMParser.parse(DOMParser.java:262)
	at java.xml/com.sun.org.apache.xerces.internal.jaxp.DocumentBuilderImpl.parse(DocumentBuilderImpl.java:342)
	at com.st.stm32cube.ide.mpu.remote.serial.internal.SerialPortProviderWindows.run(SerialPortProviderWindows.java:127)
	at java.base/java.util.TimerThread.mainLoop(Timer.java:566)
	at java.base/java.util.TimerThread.run(Timer.java:516)

!ENTRY com.st.stm32cube.ide.mpu.remote.serial 4 0 2026-01-16 22:40:29.724
!MESSAGE Failed to parse wmic output
!STACK 0
org.xml.sax.SAXParseException; lineNumber: 1; columnNumber: 1; Premature end of file.
	at java.xml/com.sun.org.apache.xerces.internal.parsers.DOMParser.parse(DOMParser.java:262)
	at java.xml/com.sun.org.apache.xerces.internal.jaxp.DocumentBuilderImpl.parse(DocumentBuilderImpl.java:342)
	at com.st.stm32cube.ide.mpu.remote.serial.internal.SerialPortProviderWindows.run(SerialPortProviderWindows.java:127)
	at java.base/java.util.TimerThread.mainLoop(Timer.java:566)
	at java.base/java.util.TimerThread.run(Timer.java:516)

!ENTRY com.st.stm32cube.ide.mpu.remote.serial 4 0 2026-01-16 22:40:30.732
!MESSAGE Failed to parse wmic output
!STACK 0
org.xml.sax.SAXParseException; lineNumber: 1; columnNumber: 1; Premature end of file.
	at java.xml/com.sun.org.apache.xerces.internal.parsers.DOMParser.parse(DOMParser.java:262)
	at java.xml/com.sun.org.apache.xerces.internal.jaxp.DocumentBuilderImpl.parse(DocumentBuilderImpl.java:342)
	at com.st.stm32cube.ide.mpu.remote.serial.internal.SerialPortProviderWindows.run(SerialPortProviderWindows.java:127)
	at java.base/java.util.TimerThread.mainLoop(Timer.java:566)
	at java.base/java.util.TimerThread.run(Timer.java:516)

!ENTRY com.st.stm32cube.ide.mpu.remote.serial 4 0 2026-01-16 22:40:31.732
!MESSAGE Failed to parse wmic output
!STACK 0
org.xml.sax.SAXParseException; lineNumber: 1; columnNumber: 1; Premature end of file.
	at java.xml/com.sun.org.apache.xerces.internal.parsers.DOMParser.parse(DOMParser.java:262)
	at java.xml/com.sun.org.apache.xerces.internal.jaxp.DocumentBuilderImpl.parse(DocumentBuilderImpl.java:342)
	at com.st.stm32cube.ide.mpu.remote.serial.internal.SerialPortProviderWindows.run(SerialPortProviderWindows.java:127)
	at java.base/java.util.TimerThread.mainLoop(Timer.java:566)
	at java.base/java.util.TimerThread.run(Timer.java:516)

!ENTRY com.st.stm32cube.ide.mpu.remote.serial 4 0 2026-01-16 22:40:32.728
!MESSAGE Failed to parse wmic output
!STACK 0
org.xml.sax.SAXParseException; lineNumber: 1; columnNumber: 1; Premature end of file.
	at java.xml/com.sun.org.apache.xerces.internal.parsers.DOMParser.parse(DOMParser.java:262)
	at java.xml/com.sun.org.apache.xerces.internal.jaxp.DocumentBuilderImpl.parse(DocumentBuilderImpl.java:342)
	at com.st.stm32cube.ide.mpu.remote.serial.internal.SerialPortProviderWindows.run(SerialPortProviderWindows.java:127)
	at java.base/java.util.TimerThread.mainLoop(Timer.java:566)
	at java.base/java.util.TimerThread.run(Timer.java:516)

!ENTRY com.st.stm32cube.ide.mpu.remote.serial 4 0 2026-01-16 22:40:33.725
!MESSAGE Failed to parse wmic output
!STACK 0
org.xml.sax.SAXParseException; lineNumber: 1; columnNumber: 1; Premature end of file.
	at java.xml/com.sun.org.apache.xerces.internal.parsers.DOMParser.parse(DOMParser.java:262)
	at java.xml/com.sun.org.apache.xerces.internal.jaxp.DocumentBuilderImpl.parse(DocumentBuilderImpl.java:342)
	at com.st.stm32cube.ide.mpu.remote.serial.internal.SerialPortProviderWindows.run(SerialPortProviderWindows.java:127)
	at java.base/java.util.TimerThread.mainLoop(Timer.java:566)
	at java.base/java.util.TimerThread.run(Timer.java:516)

!ENTRY com.st.stm32cube.ide.mpu.remote.serial 4 0 2026-01-16 22:40:34.731
!MESSAGE Failed to parse wmic output
!STACK 0
org.xml.sax.SAXParseException; lineNumber: 1; columnNumber: 1; Premature end of file.
	at java.xml/com.sun.org.apache.xerces.internal.parsers.DOMParser.parse(DOMParser.java:262)
	at java.xml/com.sun.org.apache.xerces.internal.jaxp.DocumentBuilderImpl.parse(DocumentBuilderImpl.java:342)
	at com.st.stm32cube.ide.mpu.remote.serial.internal.SerialPortProviderWindows.run(SerialPortProviderWindows.java:127)
	at java.base/java.util.TimerThread.mainLoop(Timer.java:566)
	at java.base/java.util.TimerThread.run(Timer.java:516)

!ENTRY com.st.stm32cube.ide.mpu.remote.serial 4 0 2026-01-16 22:40:35.728
!MESSAGE Failed to parse wmic output
!STACK 0
org.xml.sax.SAXParseException; lineNumber: 1; columnNumber: 1; Premature end of file.
	at java.xml/com.sun.org.apache.xerces.internal.parsers.DOMParser.parse(DOMParser.java:262)
	at java.xml/com.sun.org.apache.xerces.internal.jaxp.DocumentBuilderImpl.parse(DocumentBuilderImpl.java:342)
	at com.st.stm32cube.ide.mpu.remote.serial.internal.SerialPortProviderWindows.run(SerialPortProviderWindows.java:127)
	at java.base/java.util.TimerThread.mainLoop(Timer.java:566)
	at java.base/java.util.TimerThread.run(Timer.java:516)

!ENTRY com.st.stm32cube.ide.mpu.remote.serial 4 0 2026-01-16 22:40:36.737
!MESSAGE Failed to parse wmic output
!STACK 0
org.xml.sax.SAXParseException; lineNumber: 1; columnNumber: 1; Premature end of file.
	at java.xml/com.sun.org.apache.xerces.internal.parsers.DOMParser.parse(DOMParser.java:262)
	at java.xml/com.sun.org.apache.xerces.internal.jaxp.DocumentBuilderImpl.parse(DocumentBuilderImpl.java:342)
	at com.st.stm32cube.ide.mpu.remote.serial.internal.SerialPortProviderWindows.run(SerialPortProviderWindows.java:127)
	at java.base/java.util.TimerThread.mainLoop(Timer.java:566)
	at java.base/java.util.TimerThread.run(Timer.java:516)

!ENTRY com.st.stm32cube.ide.mpu.remote.serial 4 0 2026-01-16 22:40:37.725
!MESSAGE Failed to parse wmic output
!STACK 0
org.xml.sax.SAXParseException; lineNumber: 1; columnNumber: 1; Premature end of file.
	at java.xml/com.sun.org.apache.xerces.internal.parsers.DOMParser.parse(DOMParser.java:262)
	at java.xml/com.sun.org.apache.xerces.internal.jaxp.DocumentBuilderImpl.parse(DocumentBuilderImpl.java:342)
	at com.st.stm32cube.ide.mpu.remote.serial.internal.SerialPortProviderWindows.run(SerialPortProviderWindows.java:127)
	at java.base/java.util.TimerThread.mainLoop(Timer.java:566)
	at java.base/java.util.TimerThread.run(Timer.java:516)

!ENTRY com.st.stm32cube.ide.mpu.remote.serial 4 0 2026-01-16 22:40:38.737
!MESSAGE Failed to parse wmic output
!STACK 0
org.xml.sax.SAXParseException; lineNumber: 1; columnNumber: 1; Premature end of file.
	at java.xml/com.sun.org.apache.xerces.internal.parsers.DOMParser.parse(DOMParser.java:262)
	at java.xml/com.sun.org.apache.xerces.internal.jaxp.DocumentBuilderImpl.parse(DocumentBuilderImpl.java:342)
	at com.st.stm32cube.ide.mpu.remote.serial.internal.SerialPortProviderWindows.run(SerialPortProviderWindows.java:127)
	at java.base/java.util.TimerThread.mainLoop(Timer.java:566)
	at java.base/java.util.TimerThread.run(Timer.java:516)

!ENTRY com.st.stm32cube.ide.mpu.remote.serial 4 0 2026-01-16 22:40:39.731
!MESSAGE Failed to parse wmic output
!STACK 0
org.xml.sax.SAXParseException; lineNumber: 1; columnNumber: 1; Premature end of file.
	at java.xml/com.sun.org.apache.xerces.internal.parsers.DOMParser.parse(DOMParser.java:262)
	at java.xml/com.sun.org.apache.xerces.internal.jaxp.DocumentBuilderImpl.parse(DocumentBuilderImpl.java:342)
	at com.st.stm32cube.ide.mpu.remote.serial.internal.SerialPortProviderWindows.run(SerialPortProviderWindows.java:127)
	at java.base/java.util.TimerThread.mainLoop(Timer.java:566)
	at java.base/java.util.TimerThread.run(Timer.java:516)

!ENTRY com.st.stm32cube.ide.mpu.remote.serial 4 0 2026-01-16 22:40:40.728
!MESSAGE Failed to parse wmic output
!STACK 0
org.xml.sax.SAXParseException; lineNumber: 1; columnNumber: 1; Premature end of file.
	at java.xml/com.sun.org.apache.xerces.internal.parsers.DOMParser.parse(DOMParser.java:262)
	at java.xml/com.sun.org.apache.xerces.internal.jaxp.DocumentBuilderImpl.parse(DocumentBuilderImpl.java:342)
	at com.st.stm32cube.ide.mpu.remote.serial.internal.SerialPortProviderWindows.run(SerialPortProviderWindows.java:127)
	at java.base/java.util.TimerThread.mainLoop(Timer.java:566)
	at java.base/java.util.TimerThread.run(Timer.java:516)

!ENTRY com.st.stm32cube.ide.mpu.remote.serial 4 0 2026-01-16 22:40:41.736
!MESSAGE Failed to parse wmic output
!STACK 0
org.xml.sax.SAXParseException; lineNumber: 1; columnNumber: 1; Premature end of file.
	at java.xml/com.sun.org.apache.xerces.internal.parsers.DOMParser.parse(DOMParser.java:262)
	at java.xml/com.sun.org.apache.xerces.internal.jaxp.DocumentBuilderImpl.parse(DocumentBuilderImpl.java:342)
	at com.st.stm32cube.ide.mpu.remote.serial.internal.SerialPortProviderWindows.run(SerialPortProviderWindows.java:127)
	at java.base/java.util.TimerThread.mainLoop(Timer.java:566)
	at java.base/java.util.TimerThread.run(Timer.java:516)

!ENTRY com.st.stm32cube.ide.mpu.remote.serial 4 0 2026-01-16 22:40:42.733
!MESSAGE Failed to parse wmic output
!STACK 0
org.xml.sax.SAXParseException; lineNumber: 1; columnNumber: 1; Premature end of file.
	at java.xml/com.sun.org.apache.xerces.internal.parsers.DOMParser.parse(DOMParser.java:262)
	at java.xml/com.sun.org.apache.xerces.internal.jaxp.DocumentBuilderImpl.parse(DocumentBuilderImpl.java:342)
	at com.st.stm32cube.ide.mpu.remote.serial.internal.SerialPortProviderWindows.run(SerialPortProviderWindows.java:127)
	at java.base/java.util.TimerThread.mainLoop(Timer.java:566)
	at java.base/java.util.TimerThread.run(Timer.java:516)

!ENTRY com.st.stm32cube.ide.mpu.remote.serial 4 0 2026-01-16 22:40:43.735
!MESSAGE Failed to parse wmic output
!STACK 0
org.xml.sax.SAXParseException; lineNumber: 1; columnNumber: 1; Premature end of file.
	at java.xml/com.sun.org.apache.xerces.internal.parsers.DOMParser.parse(DOMParser.java:262)
	at java.xml/com.sun.org.apache.xerces.internal.jaxp.DocumentBuilderImpl.parse(DocumentBuilderImpl.java:342)
	at com.st.stm32cube.ide.mpu.remote.serial.internal.SerialPortProviderWindows.run(SerialPortProviderWindows.java:127)
	at java.base/java.util.TimerThread.mainLoop(Timer.java:566)
	at java.base/java.util.TimerThread.run(Timer.java:516)

!ENTRY com.st.stm32cube.ide.mpu.remote.serial 4 0 2026-01-16 22:40:44.728
!MESSAGE Failed to parse wmic output
!STACK 0
org.xml.sax.SAXParseException; lineNumber: 1; columnNumber: 1; Premature end of file.
	at java.xml/com.sun.org.apache.xerces.internal.parsers.DOMParser.parse(DOMParser.java:262)
	at java.xml/com.sun.org.apache.xerces.internal.jaxp.DocumentBuilderImpl.parse(DocumentBuilderImpl.java:342)
	at com.st.stm32cube.ide.mpu.remote.serial.internal.SerialPortProviderWindows.run(SerialPortProviderWindows.java:127)
	at java.base/java.util.TimerThread.mainLoop(Timer.java:566)
	at java.base/java.util.TimerThread.run(Timer.java:516)

!ENTRY com.st.stm32cube.ide.mpu.remote.serial 4 0 2026-01-16 22:40:45.735
!MESSAGE Failed to parse wmic output
!STACK 0
org.xml.sax.SAXParseException; lineNumber: 1; columnNumber: 1; Premature end of file.
	at java.xml/com.sun.org.apache.xerces.internal.parsers.DOMParser.parse(DOMParser.java:262)
	at java.xml/com.sun.org.apache.xerces.internal.jaxp.DocumentBuilderImpl.parse(DocumentBuilderImpl.java:342)
	at com.st.stm32cube.ide.mpu.remote.serial.internal.SerialPortProviderWindows.run(SerialPortProviderWindows.java:127)
	at java.base/java.util.TimerThread.mainLoop(Timer.java:566)
	at java.base/java.util.TimerThread.run(Timer.java:516)

!ENTRY com.st.stm32cube.ide.mpu.remote.serial 4 0 2026-01-16 22:40:46.725
!MESSAGE Failed to parse wmic output
!STACK 0
org.xml.sax.SAXParseException; lineNumber: 1; columnNumber: 1; Premature end of file.
	at java.xml/com.sun.org.apache.xerces.internal.parsers.DOMParser.parse(DOMParser.java:262)
	at java.xml/com.sun.org.apache.xerces.internal.jaxp.DocumentBuilderImpl.parse(DocumentBuilderImpl.java:342)
	at com.st.stm32cube.ide.mpu.remote.serial.internal.SerialPortProviderWindows.run(SerialPortProviderWindows.java:127)
	at java.base/java.util.TimerThread.mainLoop(Timer.java:566)
	at java.base/java.util.TimerThread.run(Timer.java:516)

!ENTRY com.st.stm32cube.ide.mpu.remote.serial 4 0 2026-01-16 22:40:47.735
!MESSAGE Failed to parse wmic output
!STACK 0
org.xml.sax.SAXParseException; lineNumber: 1; columnNumber: 1; Premature end of file.
	at java.xml/com.sun.org.apache.xerces.internal.parsers.DOMParser.parse(DOMParser.java:262)
	at java.xml/com.sun.org.apache.xerces.internal.jaxp.DocumentBuilderImpl.parse(DocumentBuilderImpl.java:342)
	at com.st.stm32cube.ide.mpu.remote.serial.internal.SerialPortProviderWindows.run(SerialPortProviderWindows.java:127)
	at java.base/java.util.TimerThread.mainLoop(Timer.java:566)
	at java.base/java.util.TimerThread.run(Timer.java:516)

!ENTRY com.st.stm32cube.ide.mpu.remote.serial 4 0 2026-01-16 22:40:48.741
!MESSAGE Failed to parse wmic output
!STACK 0
org.xml.sax.SAXParseException; lineNumber: 1; columnNumber: 1; Premature end of file.
	at java.xml/com.sun.org.apache.xerces.internal.parsers.DOMParser.parse(DOMParser.java:262)
	at java.xml/com.sun.org.apache.xerces.internal.jaxp.DocumentBuilderImpl.parse(DocumentBuilderImpl.java:342)
	at com.st.stm32cube.ide.mpu.remote.serial.internal.SerialPortProviderWindows.run(SerialPortProviderWindows.java:127)
	at java.base/java.util.TimerThread.mainLoop(Timer.java:566)
	at java.base/java.util.TimerThread.run(Timer.java:516)

!ENTRY com.st.stm32cube.ide.mpu.remote.serial 4 0 2026-01-16 22:40:49.726
!MESSAGE Failed to parse wmic output
!STACK 0
org.xml.sax.SAXParseException; lineNumber: 1; columnNumber: 1; Premature end of file.
	at java.xml/com.sun.org.apache.xerces.internal.parsers.DOMParser.parse(DOMParser.java:262)
	at java.xml/com.sun.org.apache.xerces.internal.jaxp.DocumentBuilderImpl.parse(DocumentBuilderImpl.java:342)
	at com.st.stm32cube.ide.mpu.remote.serial.internal.SerialPortProviderWindows.run(SerialPortProviderWindows.java:127)
	at java.base/java.util.TimerThread.mainLoop(Timer.java:566)
	at java.base/java.util.TimerThread.run(Timer.java:516)

!ENTRY com.st.stm32cube.ide.mpu.remote.serial 4 0 2026-01-16 22:40:50.734
!MESSAGE Failed to parse wmic output
!STACK 0
org.xml.sax.SAXParseException; lineNumber: 1; columnNumber: 1; Premature end of file.
	at java.xml/com.sun.org.apache.xerces.internal.parsers.DOMParser.parse(DOMParser.java:262)
	at java.xml/com.sun.org.apache.xerces.internal.jaxp.DocumentBuilderImpl.parse(DocumentBuilderImpl.java:342)
	at com.st.stm32cube.ide.mpu.remote.serial.internal.SerialPortProviderWindows.run(SerialPortProviderWindows.java:127)
	at java.base/java.util.TimerThread.mainLoop(Timer.java:566)
	at java.base/java.util.TimerThread.run(Timer.java:516)

!ENTRY com.st.stm32cube.ide.mpu.remote.serial 4 0 2026-01-16 22:40:51.725
!MESSAGE Failed to parse wmic output
!STACK 0
org.xml.sax.SAXParseException; lineNumber: 1; columnNumber: 1; Premature end of file.
	at java.xml/com.sun.org.apache.xerces.internal.parsers.DOMParser.parse(DOMParser.java:262)
	at java.xml/com.sun.org.apache.xerces.internal.jaxp.DocumentBuilderImpl.parse(DocumentBuilderImpl.java:342)
	at com.st.stm32cube.ide.mpu.remote.serial.internal.SerialPortProviderWindows.run(SerialPortProviderWindows.java:127)
	at java.base/java.util.TimerThread.mainLoop(Timer.java:566)
	at java.base/java.util.TimerThread.run(Timer.java:516)

!ENTRY com.st.stm32cube.ide.mpu.remote.serial 4 0 2026-01-16 22:40:52.742
!MESSAGE Failed to parse wmic output
!STACK 0
org.xml.sax.SAXParseException; lineNumber: 1; columnNumber: 1; Premature end of file.
	at java.xml/com.sun.org.apache.xerces.internal.parsers.DOMParser.parse(DOMParser.java:262)
	at java.xml/com.sun.org.apache.xerces.internal.jaxp.DocumentBuilderImpl.parse(DocumentBuilderImpl.java:342)
	at com.st.stm32cube.ide.mpu.remote.serial.internal.SerialPortProviderWindows.run(SerialPortProviderWindows.java:127)
	at java.base/java.util.TimerThread.mainLoop(Timer.java:566)
	at java.base/java.util.TimerThread.run(Timer.java:516)

!ENTRY com.st.stm32cube.ide.mpu.remote.serial 4 0 2026-01-16 22:40:53.726
!MESSAGE Failed to parse wmic output
!STACK 0
org.xml.sax.SAXParseException; lineNumber: 1; columnNumber: 1; Premature end of file.
	at java.xml/com.sun.org.apache.xerces.internal.parsers.DOMParser.parse(DOMParser.java:262)
	at java.xml/com.sun.org.apache.xerces.internal.jaxp.DocumentBuilderImpl.parse(DocumentBuilderImpl.java:342)
	at com.st.stm32cube.ide.mpu.remote.serial.internal.SerialPortProviderWindows.run(SerialPortProviderWindows.java:127)
	at java.base/java.util.TimerThread.mainLoop(Timer.java:566)
	at java.base/java.util.TimerThread.run(Timer.java:516)

!ENTRY com.st.stm32cube.ide.mpu.remote.serial 4 0 2026-01-16 22:40:54.736
!MESSAGE Failed to parse wmic output
!STACK 0
org.xml.sax.SAXParseException; lineNumber: 1; columnNumber: 1; Premature end of file.
	at java.xml/com.sun.org.apache.xerces.internal.parsers.DOMParser.parse(DOMParser.java:262)
	at java.xml/com.sun.org.apache.xerces.internal.jaxp.DocumentBuilderImpl.parse(DocumentBuilderImpl.java:342)
	at com.st.stm32cube.ide.mpu.remote.serial.internal.SerialPortProviderWindows.run(SerialPortProviderWindows.java:127)
	at java.base/java.util.TimerThread.mainLoop(Timer.java:566)
	at java.base/java.util.TimerThread.run(Timer.java:516)

!ENTRY com.st.stm32cube.ide.mpu.remote.serial 4 0 2026-01-16 22:40:55.715
!MESSAGE Failed to parse wmic output
!STACK 0
org.xml.sax.SAXParseException; lineNumber: 1; columnNumber: 1; Premature end of file.
	at java.xml/com.sun.org.apache.xerces.internal.parsers.DOMParser.parse(DOMParser.java:262)
	at java.xml/com.sun.org.apache.xerces.internal.jaxp.DocumentBuilderImpl.parse(DocumentBuilderImpl.java:342)
	at com.st.stm32cube.ide.mpu.remote.serial.internal.SerialPortProviderWindows.run(SerialPortProviderWindows.java:127)
	at java.base/java.util.TimerThread.mainLoop(Timer.java:566)
	at java.base/java.util.TimerThread.run(Timer.java:516)

!ENTRY com.st.stm32cube.ide.mpu.remote.serial 4 0 2026-01-16 22:40:56.714
!MESSAGE Failed to parse wmic output
!STACK 0
org.xml.sax.SAXParseException; lineNumber: 1; columnNumber: 1; Premature end of file.
	at java.xml/com.sun.org.apache.xerces.internal.parsers.DOMParser.parse(DOMParser.java:262)
	at java.xml/com.sun.org.apache.xerces.internal.jaxp.DocumentBuilderImpl.parse(DocumentBuilderImpl.java:342)
	at com.st.stm32cube.ide.mpu.remote.serial.internal.SerialPortProviderWindows.run(SerialPortProviderWindows.java:127)
	at java.base/java.util.TimerThread.mainLoop(Timer.java:566)
	at java.base/java.util.TimerThread.run(Timer.java:516)

!ENTRY com.st.stm32cube.ide.mpu.remote.serial 4 0 2026-01-16 22:40:57.723
!MESSAGE Failed to parse wmic output
!STACK 0
org.xml.sax.SAXParseException; lineNumber: 1; columnNumber: 1; Premature end of file.
	at java.xml/com.sun.org.apache.xerces.internal.parsers.DOMParser.parse(DOMParser.java:262)
	at java.xml/com.sun.org.apache.xerces.internal.jaxp.DocumentBuilderImpl.parse(DocumentBuilderImpl.java:342)
	at com.st.stm32cube.ide.mpu.remote.serial.internal.SerialPortProviderWindows.run(SerialPortProviderWindows.java:127)
	at java.base/java.util.TimerThread.mainLoop(Timer.java:566)
	at java.base/java.util.TimerThread.run(Timer.java:516)

!ENTRY com.st.stm32cube.ide.mpu.remote.serial 4 0 2026-01-16 22:40:58.731
!MESSAGE Failed to parse wmic output
!STACK 0
org.xml.sax.SAXParseException; lineNumber: 1; columnNumber: 1; Premature end of file.
	at java.xml/com.sun.org.apache.xerces.internal.parsers.DOMParser.parse(DOMParser.java:262)
	at java.xml/com.sun.org.apache.xerces.internal.jaxp.DocumentBuilderImpl.parse(DocumentBuilderImpl.java:342)
	at com.st.stm32cube.ide.mpu.remote.serial.internal.SerialPortProviderWindows.run(SerialPortProviderWindows.java:127)
	at java.base/java.util.TimerThread.mainLoop(Timer.java:566)
	at java.base/java.util.TimerThread.run(Timer.java:516)

!ENTRY com.st.stm32cube.ide.mpu.remote.serial 4 0 2026-01-16 22:40:59.732
!MESSAGE Failed to parse wmic output
!STACK 0
org.xml.sax.SAXParseException; lineNumber: 1; columnNumber: 1; Premature end of file.
	at java.xml/com.sun.org.apache.xerces.internal.parsers.DOMParser.parse(DOMParser.java:262)
	at java.xml/com.sun.org.apache.xerces.internal.jaxp.DocumentBuilderImpl.parse(DocumentBuilderImpl.java:342)
	at com.st.stm32cube.ide.mpu.remote.serial.internal.SerialPortProviderWindows.run(SerialPortProviderWindows.java:127)
	at java.base/java.util.TimerThread.mainLoop(Timer.java:566)
	at java.base/java.util.TimerThread.run(Timer.java:516)

!ENTRY com.st.stm32cube.ide.mpu.remote.serial 4 0 2026-01-16 22:41:00.740
!MESSAGE Failed to parse wmic output
!STACK 0
org.xml.sax.SAXParseException; lineNumber: 1; columnNumber: 1; Premature end of file.
	at java.xml/com.sun.org.apache.xerces.internal.parsers.DOMParser.parse(DOMParser.java:262)
	at java.xml/com.sun.org.apache.xerces.internal.jaxp.DocumentBuilderImpl.parse(DocumentBuilderImpl.java:342)
	at com.st.stm32cube.ide.mpu.remote.serial.internal.SerialPortProviderWindows.run(SerialPortProviderWindows.java:127)
	at java.base/java.util.TimerThread.mainLoop(Timer.java:566)
	at java.base/java.util.TimerThread.run(Timer.java:516)

!ENTRY com.st.stm32cube.ide.mpu.remote.serial 4 0 2026-01-16 22:41:01.734
!MESSAGE Failed to parse wmic output
!STACK 0
org.xml.sax.SAXParseException; lineNumber: 1; columnNumber: 1; Premature end of file.
	at java.xml/com.sun.org.apache.xerces.internal.parsers.DOMParser.parse(DOMParser.java:262)
	at java.xml/com.sun.org.apache.xerces.internal.jaxp.DocumentBuilderImpl.parse(DocumentBuilderImpl.java:342)
	at com.st.stm32cube.ide.mpu.remote.serial.internal.SerialPortProviderWindows.run(SerialPortProviderWindows.java:127)
	at java.base/java.util.TimerThread.mainLoop(Timer.java:566)
	at java.base/java.util.TimerThread.run(Timer.java:516)

!ENTRY com.st.stm32cube.ide.mpu.remote.serial 4 0 2026-01-16 22:41:02.719
!MESSAGE Failed to parse wmic output
!STACK 0
org.xml.sax.SAXParseException; lineNumber: 1; columnNumber: 1; Premature end of file.
	at java.xml/com.sun.org.apache.xerces.internal.parsers.DOMParser.parse(DOMParser.java:262)
	at java.xml/com.sun.org.apache.xerces.internal.jaxp.DocumentBuilderImpl.parse(DocumentBuilderImpl.java:342)
	at com.st.stm32cube.ide.mpu.remote.serial.internal.SerialPortProviderWindows.run(SerialPortProviderWindows.java:127)
	at java.base/java.util.TimerThread.mainLoop(Timer.java:566)
	at java.base/java.util.TimerThread.run(Timer.java:516)

!ENTRY com.st.stm32cube.ide.mpu.remote.serial 4 0 2026-01-16 22:41:03.738
!MESSAGE Failed to parse wmic output
!STACK 0
org.xml.sax.SAXParseException; lineNumber: 1; columnNumber: 1; Premature end of file.
	at java.xml/com.sun.org.apache.xerces.internal.parsers.DOMParser.parse(DOMParser.java:262)
	at java.xml/com.sun.org.apache.xerces.internal.jaxp.DocumentBuilderImpl.parse(DocumentBuilderImpl.java:342)
	at com.st.stm32cube.ide.mpu.remote.serial.internal.SerialPortProviderWindows.run(SerialPortProviderWindows.java:127)
	at java.base/java.util.TimerThread.mainLoop(Timer.java:566)
	at java.base/java.util.TimerThread.run(Timer.java:516)

!ENTRY com.st.stm32cube.ide.mpu.remote.serial 4 0 2026-01-16 22:41:04.732
!MESSAGE Failed to parse wmic output
!STACK 0
org.xml.sax.SAXParseException; lineNumber: 1; columnNumber: 1; Premature end of file.
	at java.xml/com.sun.org.apache.xerces.internal.parsers.DOMParser.parse(DOMParser.java:262)
	at java.xml/com.sun.org.apache.xerces.internal.jaxp.DocumentBuilderImpl.parse(DocumentBuilderImpl.java:342)
	at com.st.stm32cube.ide.mpu.remote.serial.internal.SerialPortProviderWindows.run(SerialPortProviderWindows.java:127)
	at java.base/java.util.TimerThread.mainLoop(Timer.java:566)
	at java.base/java.util.TimerThread.run(Timer.java:516)

!ENTRY com.st.stm32cube.ide.mpu.remote.serial 4 0 2026-01-16 22:41:05.721
!MESSAGE Failed to parse wmic output
!STACK 0
org.xml.sax.SAXParseException; lineNumber: 1; columnNumber: 1; Premature end of file.
	at java.xml/com.sun.org.apache.xerces.internal.parsers.DOMParser.parse(DOMParser.java:262)
	at java.xml/com.sun.org.apache.xerces.internal.jaxp.DocumentBuilderImpl.parse(DocumentBuilderImpl.java:342)
	at com.st.stm32cube.ide.mpu.remote.serial.internal.SerialPortProviderWindows.run(SerialPortProviderWindows.java:127)
	at java.base/java.util.TimerThread.mainLoop(Timer.java:566)
	at java.base/java.util.TimerThread.run(Timer.java:516)

!ENTRY com.st.stm32cube.ide.mpu.remote.serial 4 0 2026-01-16 22:41:06.720
!MESSAGE Failed to parse wmic output
!STACK 0
org.xml.sax.SAXParseException; lineNumber: 1; columnNumber: 1; Premature end of file.
	at java.xml/com.sun.org.apache.xerces.internal.parsers.DOMParser.parse(DOMParser.java:262)
	at java.xml/com.sun.org.apache.xerces.internal.jaxp.DocumentBuilderImpl.parse(DocumentBuilderImpl.java:342)
	at com.st.stm32cube.ide.mpu.remote.serial.internal.SerialPortProviderWindows.run(SerialPortProviderWindows.java:127)
	at java.base/java.util.TimerThread.mainLoop(Timer.java:566)
	at java.base/java.util.TimerThread.run(Timer.java:516)

!ENTRY com.st.stm32cube.ide.mpu.remote.serial 4 0 2026-01-16 22:41:07.753
!MESSAGE Failed to parse wmic output
!STACK 0
org.xml.sax.SAXParseException; lineNumber: 1; columnNumber: 1; Premature end of file.
	at java.xml/com.sun.org.apache.xerces.internal.parsers.DOMParser.parse(DOMParser.java:262)
	at java.xml/com.sun.org.apache.xerces.internal.jaxp.DocumentBuilderImpl.parse(DocumentBuilderImpl.java:342)
	at com.st.stm32cube.ide.mpu.remote.serial.internal.SerialPortProviderWindows.run(SerialPortProviderWindows.java:127)
	at java.base/java.util.TimerThread.mainLoop(Timer.java:566)
	at java.base/java.util.TimerThread.run(Timer.java:516)

!ENTRY com.st.stm32cube.ide.mpu.remote.serial 4 0 2026-01-16 22:41:08.724
!MESSAGE Failed to parse wmic output
!STACK 0
org.xml.sax.SAXParseException; lineNumber: 1; columnNumber: 1; Premature end of file.
	at java.xml/com.sun.org.apache.xerces.internal.parsers.DOMParser.parse(DOMParser.java:262)
	at java.xml/com.sun.org.apache.xerces.internal.jaxp.DocumentBuilderImpl.parse(DocumentBuilderImpl.java:342)
	at com.st.stm32cube.ide.mpu.remote.serial.internal.SerialPortProviderWindows.run(SerialPortProviderWindows.java:127)
	at java.base/java.util.TimerThread.mainLoop(Timer.java:566)
	at java.base/java.util.TimerThread.run(Timer.java:516)

!ENTRY com.st.stm32cube.ide.mpu.remote.serial 4 0 2026-01-16 22:41:09.738
!MESSAGE Failed to parse wmic output
!STACK 0
org.xml.sax.SAXParseException; lineNumber: 1; columnNumber: 1; Premature end of file.
	at java.xml/com.sun.org.apache.xerces.internal.parsers.DOMParser.parse(DOMParser.java:262)
	at java.xml/com.sun.org.apache.xerces.internal.jaxp.DocumentBuilderImpl.parse(DocumentBuilderImpl.java:342)
	at com.st.stm32cube.ide.mpu.remote.serial.internal.SerialPortProviderWindows.run(SerialPortProviderWindows.java:127)
	at java.base/java.util.TimerThread.mainLoop(Timer.java:566)
	at java.base/java.util.TimerThread.run(Timer.java:516)

!ENTRY com.st.stm32cube.ide.mpu.remote.serial 4 0 2026-01-16 22:41:10.727
!MESSAGE Failed to parse wmic output
!STACK 0
org.xml.sax.SAXParseException; lineNumber: 1; columnNumber: 1; Premature end of file.
	at java.xml/com.sun.org.apache.xerces.internal.parsers.DOMParser.parse(DOMParser.java:262)
	at java.xml/com.sun.org.apache.xerces.internal.jaxp.DocumentBuilderImpl.parse(DocumentBuilderImpl.java:342)
	at com.st.stm32cube.ide.mpu.remote.serial.internal.SerialPortProviderWindows.run(SerialPortProviderWindows.java:127)
	at java.base/java.util.TimerThread.mainLoop(Timer.java:566)
	at java.base/java.util.TimerThread.run(Timer.java:516)

!ENTRY com.st.stm32cube.ide.mpu.remote.serial 4 0 2026-01-16 22:41:11.728
!MESSAGE Failed to parse wmic output
!STACK 0
org.xml.sax.SAXParseException; lineNumber: 1; columnNumber: 1; Premature end of file.
	at java.xml/com.sun.org.apache.xerces.internal.parsers.DOMParser.parse(DOMParser.java:262)
	at java.xml/com.sun.org.apache.xerces.internal.jaxp.DocumentBuilderImpl.parse(DocumentBuilderImpl.java:342)
	at com.st.stm32cube.ide.mpu.remote.serial.internal.SerialPortProviderWindows.run(SerialPortProviderWindows.java:127)
	at java.base/java.util.TimerThread.mainLoop(Timer.java:566)
	at java.base/java.util.TimerThread.run(Timer.java:516)

!ENTRY com.st.stm32cube.ide.mpu.remote.serial 4 0 2026-01-16 22:41:12.726
!MESSAGE Failed to parse wmic output
!STACK 0
org.xml.sax.SAXParseException; lineNumber: 1; columnNumber: 1; Premature end of file.
	at java.xml/com.sun.org.apache.xerces.internal.parsers.DOMParser.parse(DOMParser.java:262)
	at java.xml/com.sun.org.apache.xerces.internal.jaxp.DocumentBuilderImpl.parse(DocumentBuilderImpl.java:342)
	at com.st.stm32cube.ide.mpu.remote.serial.internal.SerialPortProviderWindows.run(SerialPortProviderWindows.java:127)
	at java.base/java.util.TimerThread.mainLoop(Timer.java:566)
	at java.base/java.util.TimerThread.run(Timer.java:516)

!ENTRY com.st.stm32cube.ide.mpu.remote.serial 4 0 2026-01-16 22:41:13.823
!MESSAGE Failed to parse wmic output
!STACK 0
org.xml.sax.SAXParseException; lineNumber: 1; columnNumber: 1; Premature end of file.
	at java.xml/com.sun.org.apache.xerces.internal.parsers.DOMParser.parse(DOMParser.java:262)
	at java.xml/com.sun.org.apache.xerces.internal.jaxp.DocumentBuilderImpl.parse(DocumentBuilderImpl.java:342)
	at com.st.stm32cube.ide.mpu.remote.serial.internal.SerialPortProviderWindows.run(SerialPortProviderWindows.java:127)
	at java.base/java.util.TimerThread.mainLoop(Timer.java:566)
	at java.base/java.util.TimerThread.run(Timer.java:516)

!ENTRY com.st.stm32cube.ide.mpu.remote.serial 4 0 2026-01-16 22:41:14.722
!MESSAGE Failed to parse wmic output
!STACK 0
org.xml.sax.SAXParseException; lineNumber: 1; columnNumber: 1; Premature end of file.
	at java.xml/com.sun.org.apache.xerces.internal.parsers.DOMParser.parse(DOMParser.java:262)
	at java.xml/com.sun.org.apache.xerces.internal.jaxp.DocumentBuilderImpl.parse(DocumentBuilderImpl.java:342)
	at com.st.stm32cube.ide.mpu.remote.serial.internal.SerialPortProviderWindows.run(SerialPortProviderWindows.java:127)
	at java.base/java.util.TimerThread.mainLoop(Timer.java:566)
	at java.base/java.util.TimerThread.run(Timer.java:516)

!ENTRY com.st.stm32cube.ide.mpu.remote.serial 4 0 2026-01-16 22:41:15.727
!MESSAGE Failed to parse wmic output
!STACK 0
org.xml.sax.SAXParseException; lineNumber: 1; columnNumber: 1; Premature end of file.
	at java.xml/com.sun.org.apache.xerces.internal.parsers.DOMParser.parse(DOMParser.java:262)
	at java.xml/com.sun.org.apache.xerces.internal.jaxp.DocumentBuilderImpl.parse(DocumentBuilderImpl.java:342)
	at com.st.stm32cube.ide.mpu.remote.serial.internal.SerialPortProviderWindows.run(SerialPortProviderWindows.java:127)
	at java.base/java.util.TimerThread.mainLoop(Timer.java:566)
	at java.base/java.util.TimerThread.run(Timer.java:516)

!ENTRY com.st.stm32cube.ide.mpu.remote.serial 4 0 2026-01-16 22:41:16.739
!MESSAGE Failed to parse wmic output
!STACK 0
org.xml.sax.SAXParseException; lineNumber: 1; columnNumber: 1; Premature end of file.
	at java.xml/com.sun.org.apache.xerces.internal.parsers.DOMParser.parse(DOMParser.java:262)
	at java.xml/com.sun.org.apache.xerces.internal.jaxp.DocumentBuilderImpl.parse(DocumentBuilderImpl.java:342)
	at com.st.stm32cube.ide.mpu.remote.serial.internal.SerialPortProviderWindows.run(SerialPortProviderWindows.java:127)
	at java.base/java.util.TimerThread.mainLoop(Timer.java:566)
	at java.base/java.util.TimerThread.run(Timer.java:516)

!ENTRY com.st.stm32cube.ide.mpu.remote.serial 4 0 2026-01-16 22:41:17.729
!MESSAGE Failed to parse wmic output
!STACK 0
org.xml.sax.SAXParseException; lineNumber: 1; columnNumber: 1; Premature end of file.
	at java.xml/com.sun.org.apache.xerces.internal.parsers.DOMParser.parse(DOMParser.java:262)
	at java.xml/com.sun.org.apache.xerces.internal.jaxp.DocumentBuilderImpl.parse(DocumentBuilderImpl.java:342)
	at com.st.stm32cube.ide.mpu.remote.serial.internal.SerialPortProviderWindows.run(SerialPortProviderWindows.java:127)
	at java.base/java.util.TimerThread.mainLoop(Timer.java:566)
	at java.base/java.util.TimerThread.run(Timer.java:516)

!ENTRY com.st.stm32cube.ide.mpu.remote.serial 4 0 2026-01-16 22:41:18.724
!MESSAGE Failed to parse wmic output
!STACK 0
org.xml.sax.SAXParseException; lineNumber: 1; columnNumber: 1; Premature end of file.
	at java.xml/com.sun.org.apache.xerces.internal.parsers.DOMParser.parse(DOMParser.java:262)
	at java.xml/com.sun.org.apache.xerces.internal.jaxp.DocumentBuilderImpl.parse(DocumentBuilderImpl.java:342)
	at com.st.stm32cube.ide.mpu.remote.serial.internal.SerialPortProviderWindows.run(SerialPortProviderWindows.java:127)
	at java.base/java.util.TimerThread.mainLoop(Timer.java:566)
	at java.base/java.util.TimerThread.run(Timer.java:516)

!ENTRY com.st.stm32cube.ide.mpu.remote.serial 4 0 2026-01-16 22:41:19.736
!MESSAGE Failed to parse wmic output
!STACK 0
org.xml.sax.SAXParseException; lineNumber: 1; columnNumber: 1; Premature end of file.
	at java.xml/com.sun.org.apache.xerces.internal.parsers.DOMParser.parse(DOMParser.java:262)
	at java.xml/com.sun.org.apache.xerces.internal.jaxp.DocumentBuilderImpl.parse(DocumentBuilderImpl.java:342)
	at com.st.stm32cube.ide.mpu.remote.serial.internal.SerialPortProviderWindows.run(SerialPortProviderWindows.java:127)
	at java.base/java.util.TimerThread.mainLoop(Timer.java:566)
	at java.base/java.util.TimerThread.run(Timer.java:516)

!ENTRY com.st.stm32cube.ide.mpu.remote.serial 4 0 2026-01-16 22:41:20.731
!MESSAGE Failed to parse wmic output
!STACK 0
org.xml.sax.SAXParseException; lineNumber: 1; columnNumber: 1; Premature end of file.
	at java.xml/com.sun.org.apache.xerces.internal.parsers.DOMParser.parse(DOMParser.java:262)
	at java.xml/com.sun.org.apache.xerces.internal.jaxp.DocumentBuilderImpl.parse(DocumentBuilderImpl.java:342)
	at com.st.stm32cube.ide.mpu.remote.serial.internal.SerialPortProviderWindows.run(SerialPortProviderWindows.java:127)
	at java.base/java.util.TimerThread.mainLoop(Timer.java:566)
	at java.base/java.util.TimerThread.run(Timer.java:516)

!ENTRY com.st.stm32cube.ide.mpu.remote.serial 4 0 2026-01-16 22:41:21.741
!MESSAGE Failed to parse wmic output
!STACK 0
org.xml.sax.SAXParseException; lineNumber: 1; columnNumber: 1; Premature end of file.
	at java.xml/com.sun.org.apache.xerces.internal.parsers.DOMParser.parse(DOMParser.java:262)
	at java.xml/com.sun.org.apache.xerces.internal.jaxp.DocumentBuilderImpl.parse(DocumentBuilderImpl.java:342)
	at com.st.stm32cube.ide.mpu.remote.serial.internal.SerialPortProviderWindows.run(SerialPortProviderWindows.java:127)
	at java.base/java.util.TimerThread.mainLoop(Timer.java:566)
	at java.base/java.util.TimerThread.run(Timer.java:516)

!ENTRY com.st.stm32cube.ide.mpu.remote.serial 4 0 2026-01-16 22:41:22.735
!MESSAGE Failed to parse wmic output
!STACK 0
org.xml.sax.SAXParseException; lineNumber: 1; columnNumber: 1; Premature end of file.
	at java.xml/com.sun.org.apache.xerces.internal.parsers.DOMParser.parse(DOMParser.java:262)
	at java.xml/com.sun.org.apache.xerces.internal.jaxp.DocumentBuilderImpl.parse(DocumentBuilderImpl.java:342)
	at com.st.stm32cube.ide.mpu.remote.serial.internal.SerialPortProviderWindows.run(SerialPortProviderWindows.java:127)
	at java.base/java.util.TimerThread.mainLoop(Timer.java:566)
	at java.base/java.util.TimerThread.run(Timer.java:516)

!ENTRY com.st.stm32cube.ide.mpu.remote.serial 4 0 2026-01-16 22:41:23.727
!MESSAGE Failed to parse wmic output
!STACK 0
org.xml.sax.SAXParseException; lineNumber: 1; columnNumber: 1; Premature end of file.
	at java.xml/com.sun.org.apache.xerces.internal.parsers.DOMParser.parse(DOMParser.java:262)
	at java.xml/com.sun.org.apache.xerces.internal.jaxp.DocumentBuilderImpl.parse(DocumentBuilderImpl.java:342)
	at com.st.stm32cube.ide.mpu.remote.serial.internal.SerialPortProviderWindows.run(SerialPortProviderWindows.java:127)
	at java.base/java.util.TimerThread.mainLoop(Timer.java:566)
	at java.base/java.util.TimerThread.run(Timer.java:516)

!ENTRY com.st.stm32cube.ide.mpu.remote.serial 4 0 2026-01-16 22:41:24.733
!MESSAGE Failed to parse wmic output
!STACK 0
org.xml.sax.SAXParseException; lineNumber: 1; columnNumber: 1; Premature end of file.
	at java.xml/com.sun.org.apache.xerces.internal.parsers.DOMParser.parse(DOMParser.java:262)
	at java.xml/com.sun.org.apache.xerces.internal.jaxp.DocumentBuilderImpl.parse(DocumentBuilderImpl.java:342)
	at com.st.stm32cube.ide.mpu.remote.serial.internal.SerialPortProviderWindows.run(SerialPortProviderWindows.java:127)
	at java.base/java.util.TimerThread.mainLoop(Timer.java:566)
	at java.base/java.util.TimerThread.run(Timer.java:516)

!ENTRY com.st.stm32cube.ide.mpu.remote.serial 4 0 2026-01-16 22:41:25.765
!MESSAGE Failed to parse wmic output
!STACK 0
org.xml.sax.SAXParseException; lineNumber: 1; columnNumber: 1; Premature end of file.
	at java.xml/com.sun.org.apache.xerces.internal.parsers.DOMParser.parse(DOMParser.java:262)
	at java.xml/com.sun.org.apache.xerces.internal.jaxp.DocumentBuilderImpl.parse(DocumentBuilderImpl.java:342)
	at com.st.stm32cube.ide.mpu.remote.serial.internal.SerialPortProviderWindows.run(SerialPortProviderWindows.java:127)
	at java.base/java.util.TimerThread.mainLoop(Timer.java:566)
	at java.base/java.util.TimerThread.run(Timer.java:516)

!ENTRY com.st.stm32cube.ide.mpu.remote.serial 4 0 2026-01-16 22:41:26.761
!MESSAGE Failed to parse wmic output
!STACK 0
org.xml.sax.SAXParseException; lineNumber: 1; columnNumber: 1; Premature end of file.
	at java.xml/com.sun.org.apache.xerces.internal.parsers.DOMParser.parse(DOMParser.java:262)
	at java.xml/com.sun.org.apache.xerces.internal.jaxp.DocumentBuilderImpl.parse(DocumentBuilderImpl.java:342)
	at com.st.stm32cube.ide.mpu.remote.serial.internal.SerialPortProviderWindows.run(SerialPortProviderWindows.java:127)
	at java.base/java.util.TimerThread.mainLoop(Timer.java:566)
	at java.base/java.util.TimerThread.run(Timer.java:516)

!ENTRY com.st.stm32cube.ide.mpu.remote.serial 4 0 2026-01-16 22:41:27.725
!MESSAGE Failed to parse wmic output
!STACK 0
org.xml.sax.SAXParseException; lineNumber: 1; columnNumber: 1; Premature end of file.
	at java.xml/com.sun.org.apache.xerces.internal.parsers.DOMParser.parse(DOMParser.java:262)
	at java.xml/com.sun.org.apache.xerces.internal.jaxp.DocumentBuilderImpl.parse(DocumentBuilderImpl.java:342)
	at com.st.stm32cube.ide.mpu.remote.serial.internal.SerialPortProviderWindows.run(SerialPortProviderWindows.java:127)
	at java.base/java.util.TimerThread.mainLoop(Timer.java:566)
	at java.base/java.util.TimerThread.run(Timer.java:516)

!ENTRY com.st.stm32cube.ide.mpu.remote.serial 4 0 2026-01-16 22:41:28.721
!MESSAGE Failed to parse wmic output
!STACK 0
org.xml.sax.SAXParseException; lineNumber: 1; columnNumber: 1; Premature end of file.
	at java.xml/com.sun.org.apache.xerces.internal.parsers.DOMParser.parse(DOMParser.java:262)
	at java.xml/com.sun.org.apache.xerces.internal.jaxp.DocumentBuilderImpl.parse(DocumentBuilderImpl.java:342)
	at com.st.stm32cube.ide.mpu.remote.serial.internal.SerialPortProviderWindows.run(SerialPortProviderWindows.java:127)
	at java.base/java.util.TimerThread.mainLoop(Timer.java:566)
	at java.base/java.util.TimerThread.run(Timer.java:516)

!ENTRY com.st.stm32cube.ide.mpu.remote.serial 4 0 2026-01-16 22:41:29.735
!MESSAGE Failed to parse wmic output
!STACK 0
org.xml.sax.SAXParseException; lineNumber: 1; columnNumber: 1; Premature end of file.
	at java.xml/com.sun.org.apache.xerces.internal.parsers.DOMParser.parse(DOMParser.java:262)
	at java.xml/com.sun.org.apache.xerces.internal.jaxp.DocumentBuilderImpl.parse(DocumentBuilderImpl.java:342)
	at com.st.stm32cube.ide.mpu.remote.serial.internal.SerialPortProviderWindows.run(SerialPortProviderWindows.java:127)
	at java.base/java.util.TimerThread.mainLoop(Timer.java:566)
	at java.base/java.util.TimerThread.run(Timer.java:516)

!ENTRY com.st.stm32cube.ide.mpu.remote.serial 4 0 2026-01-16 22:41:30.732
!MESSAGE Failed to parse wmic output
!STACK 0
org.xml.sax.SAXParseException; lineNumber: 1; columnNumber: 1; Premature end of file.
	at java.xml/com.sun.org.apache.xerces.internal.parsers.DOMParser.parse(DOMParser.java:262)
	at java.xml/com.sun.org.apache.xerces.internal.jaxp.DocumentBuilderImpl.parse(DocumentBuilderImpl.java:342)
	at com.st.stm32cube.ide.mpu.remote.serial.internal.SerialPortProviderWindows.run(SerialPortProviderWindows.java:127)
	at java.base/java.util.TimerThread.mainLoop(Timer.java:566)
	at java.base/java.util.TimerThread.run(Timer.java:516)

!ENTRY com.st.stm32cube.ide.mpu.remote.serial 4 0 2026-01-16 22:41:31.735
!MESSAGE Failed to parse wmic output
!STACK 0
org.xml.sax.SAXParseException; lineNumber: 1; columnNumber: 1; Premature end of file.
	at java.xml/com.sun.org.apache.xerces.internal.parsers.DOMParser.parse(DOMParser.java:262)
	at java.xml/com.sun.org.apache.xerces.internal.jaxp.DocumentBuilderImpl.parse(DocumentBuilderImpl.java:342)
	at com.st.stm32cube.ide.mpu.remote.serial.internal.SerialPortProviderWindows.run(SerialPortProviderWindows.java:127)
	at java.base/java.util.TimerThread.mainLoop(Timer.java:566)
	at java.base/java.util.TimerThread.run(Timer.java:516)

!ENTRY com.st.stm32cube.ide.mpu.remote.serial 4 0 2026-01-16 22:41:32.721
!MESSAGE Failed to parse wmic output
!STACK 0
org.xml.sax.SAXParseException; lineNumber: 1; columnNumber: 1; Premature end of file.
	at java.xml/com.sun.org.apache.xerces.internal.parsers.DOMParser.parse(DOMParser.java:262)
	at java.xml/com.sun.org.apache.xerces.internal.jaxp.DocumentBuilderImpl.parse(DocumentBuilderImpl.java:342)
	at com.st.stm32cube.ide.mpu.remote.serial.internal.SerialPortProviderWindows.run(SerialPortProviderWindows.java:127)
	at java.base/java.util.TimerThread.mainLoop(Timer.java:566)
	at java.base/java.util.TimerThread.run(Timer.java:516)

!ENTRY com.st.stm32cube.ide.mpu.remote.serial 4 0 2026-01-16 22:41:33.755
!MESSAGE Failed to parse wmic output
!STACK 0
org.xml.sax.SAXParseException; lineNumber: 1; columnNumber: 1; Premature end of file.
	at java.xml/com.sun.org.apache.xerces.internal.parsers.DOMParser.parse(DOMParser.java:262)
	at java.xml/com.sun.org.apache.xerces.internal.jaxp.DocumentBuilderImpl.parse(DocumentBuilderImpl.java:342)
	at com.st.stm32cube.ide.mpu.remote.serial.internal.SerialPortProviderWindows.run(SerialPortProviderWindows.java:127)
	at java.base/java.util.TimerThread.mainLoop(Timer.java:566)
	at java.base/java.util.TimerThread.run(Timer.java:516)

!ENTRY com.st.stm32cube.ide.mpu.remote.serial 4 0 2026-01-16 22:41:34.737
!MESSAGE Failed to parse wmic output
!STACK 0
org.xml.sax.SAXParseException; lineNumber: 1; columnNumber: 1; Premature end of file.
	at java.xml/com.sun.org.apache.xerces.internal.parsers.DOMParser.parse(DOMParser.java:262)
	at java.xml/com.sun.org.apache.xerces.internal.jaxp.DocumentBuilderImpl.parse(DocumentBuilderImpl.java:342)
	at com.st.stm32cube.ide.mpu.remote.serial.internal.SerialPortProviderWindows.run(SerialPortProviderWindows.java:127)
	at java.base/java.util.TimerThread.mainLoop(Timer.java:566)
	at java.base/java.util.TimerThread.run(Timer.java:516)

!ENTRY com.st.stm32cube.ide.mpu.remote.serial 4 0 2026-01-16 22:41:35.734
!MESSAGE Failed to parse wmic output
!STACK 0
org.xml.sax.SAXParseException; lineNumber: 1; columnNumber: 1; Premature end of file.
	at java.xml/com.sun.org.apache.xerces.internal.parsers.DOMParser.parse(DOMParser.java:262)
	at java.xml/com.sun.org.apache.xerces.internal.jaxp.DocumentBuilderImpl.parse(DocumentBuilderImpl.java:342)
	at com.st.stm32cube.ide.mpu.remote.serial.internal.SerialPortProviderWindows.run(SerialPortProviderWindows.java:127)
	at java.base/java.util.TimerThread.mainLoop(Timer.java:566)
	at java.base/java.util.TimerThread.run(Timer.java:516)

!ENTRY com.st.stm32cube.ide.mpu.remote.serial 4 0 2026-01-16 22:41:36.734
!MESSAGE Failed to parse wmic output
!STACK 0
org.xml.sax.SAXParseException; lineNumber: 1; columnNumber: 1; Premature end of file.
	at java.xml/com.sun.org.apache.xerces.internal.parsers.DOMParser.parse(DOMParser.java:262)
	at java.xml/com.sun.org.apache.xerces.internal.jaxp.DocumentBuilderImpl.parse(DocumentBuilderImpl.java:342)
	at com.st.stm32cube.ide.mpu.remote.serial.internal.SerialPortProviderWindows.run(SerialPortProviderWindows.java:127)
	at java.base/java.util.TimerThread.mainLoop(Timer.java:566)
	at java.base/java.util.TimerThread.run(Timer.java:516)

!ENTRY com.st.stm32cube.ide.mpu.remote.serial 4 0 2026-01-16 22:41:37.722
!MESSAGE Failed to parse wmic output
!STACK 0
org.xml.sax.SAXParseException; lineNumber: 1; columnNumber: 1; Premature end of file.
	at java.xml/com.sun.org.apache.xerces.internal.parsers.DOMParser.parse(DOMParser.java:262)
	at java.xml/com.sun.org.apache.xerces.internal.jaxp.DocumentBuilderImpl.parse(DocumentBuilderImpl.java:342)
	at com.st.stm32cube.ide.mpu.remote.serial.internal.SerialPortProviderWindows.run(SerialPortProviderWindows.java:127)
	at java.base/java.util.TimerThread.mainLoop(Timer.java:566)
	at java.base/java.util.TimerThread.run(Timer.java:516)

!ENTRY com.st.stm32cube.ide.mpu.remote.serial 4 0 2026-01-16 22:41:38.722
!MESSAGE Failed to parse wmic output
!STACK 0
org.xml.sax.SAXParseException; lineNumber: 1; columnNumber: 1; Premature end of file.
	at java.xml/com.sun.org.apache.xerces.internal.parsers.DOMParser.parse(DOMParser.java:262)
	at java.xml/com.sun.org.apache.xerces.internal.jaxp.DocumentBuilderImpl.parse(DocumentBuilderImpl.java:342)
	at com.st.stm32cube.ide.mpu.remote.serial.internal.SerialPortProviderWindows.run(SerialPortProviderWindows.java:127)
	at java.base/java.util.TimerThread.mainLoop(Timer.java:566)
	at java.base/java.util.TimerThread.run(Timer.java:516)

!ENTRY com.st.stm32cube.ide.mpu.remote.serial 4 0 2026-01-16 22:41:39.733
!MESSAGE Failed to parse wmic output
!STACK 0
org.xml.sax.SAXParseException; lineNumber: 1; columnNumber: 1; Premature end of file.
	at java.xml/com.sun.org.apache.xerces.internal.parsers.DOMParser.parse(DOMParser.java:262)
	at java.xml/com.sun.org.apache.xerces.internal.jaxp.DocumentBuilderImpl.parse(DocumentBuilderImpl.java:342)
	at com.st.stm32cube.ide.mpu.remote.serial.internal.SerialPortProviderWindows.run(SerialPortProviderWindows.java:127)
	at java.base/java.util.TimerThread.mainLoop(Timer.java:566)
	at java.base/java.util.TimerThread.run(Timer.java:516)

!ENTRY com.st.stm32cube.ide.mpu.remote.serial 4 0 2026-01-16 22:41:40.749
!MESSAGE Failed to parse wmic output
!STACK 0
org.xml.sax.SAXParseException; lineNumber: 1; columnNumber: 1; Premature end of file.
	at java.xml/com.sun.org.apache.xerces.internal.parsers.DOMParser.parse(DOMParser.java:262)
	at java.xml/com.sun.org.apache.xerces.internal.jaxp.DocumentBuilderImpl.parse(DocumentBuilderImpl.java:342)
	at com.st.stm32cube.ide.mpu.remote.serial.internal.SerialPortProviderWindows.run(SerialPortProviderWindows.java:127)
	at java.base/java.util.TimerThread.mainLoop(Timer.java:566)
	at java.base/java.util.TimerThread.run(Timer.java:516)

!ENTRY com.st.stm32cube.ide.mpu.remote.serial 4 0 2026-01-16 22:41:41.721
!MESSAGE Failed to parse wmic output
!STACK 0
org.xml.sax.SAXParseException; lineNumber: 1; columnNumber: 1; Premature end of file.
	at java.xml/com.sun.org.apache.xerces.internal.parsers.DOMParser.parse(DOMParser.java:262)
	at java.xml/com.sun.org.apache.xerces.internal.jaxp.DocumentBuilderImpl.parse(DocumentBuilderImpl.java:342)
	at com.st.stm32cube.ide.mpu.remote.serial.internal.SerialPortProviderWindows.run(SerialPortProviderWindows.java:127)
	at java.base/java.util.TimerThread.mainLoop(Timer.java:566)
	at java.base/java.util.TimerThread.run(Timer.java:516)

!ENTRY com.st.stm32cube.ide.mpu.remote.serial 4 0 2026-01-16 22:41:42.736
!MESSAGE Failed to parse wmic output
!STACK 0
org.xml.sax.SAXParseException; lineNumber: 1; columnNumber: 1; Premature end of file.
	at java.xml/com.sun.org.apache.xerces.internal.parsers.DOMParser.parse(DOMParser.java:262)
	at java.xml/com.sun.org.apache.xerces.internal.jaxp.DocumentBuilderImpl.parse(DocumentBuilderImpl.java:342)
	at com.st.stm32cube.ide.mpu.remote.serial.internal.SerialPortProviderWindows.run(SerialPortProviderWindows.java:127)
	at java.base/java.util.TimerThread.mainLoop(Timer.java:566)
	at java.base/java.util.TimerThread.run(Timer.java:516)

!ENTRY com.st.stm32cube.ide.mpu.remote.serial 4 0 2026-01-16 22:41:43.751
!MESSAGE Failed to parse wmic output
!STACK 0
org.xml.sax.SAXParseException; lineNumber: 1; columnNumber: 1; Premature end of file.
	at java.xml/com.sun.org.apache.xerces.internal.parsers.DOMParser.parse(DOMParser.java:262)
	at java.xml/com.sun.org.apache.xerces.internal.jaxp.DocumentBuilderImpl.parse(DocumentBuilderImpl.java:342)
	at com.st.stm32cube.ide.mpu.remote.serial.internal.SerialPortProviderWindows.run(SerialPortProviderWindows.java:127)
	at java.base/java.util.TimerThread.mainLoop(Timer.java:566)
	at java.base/java.util.TimerThread.run(Timer.java:516)

!ENTRY com.st.stm32cube.ide.mpu.remote.serial 4 0 2026-01-16 22:41:44.746
!MESSAGE Failed to parse wmic output
!STACK 0
org.xml.sax.SAXParseException; lineNumber: 1; columnNumber: 1; Premature end of file.
	at java.xml/com.sun.org.apache.xerces.internal.parsers.DOMParser.parse(DOMParser.java:262)
	at java.xml/com.sun.org.apache.xerces.internal.jaxp.DocumentBuilderImpl.parse(DocumentBuilderImpl.java:342)
	at com.st.stm32cube.ide.mpu.remote.serial.internal.SerialPortProviderWindows.run(SerialPortProviderWindows.java:127)
	at java.base/java.util.TimerThread.mainLoop(Timer.java:566)
	at java.base/java.util.TimerThread.run(Timer.java:516)

!ENTRY com.st.stm32cube.ide.mpu.remote.serial 4 0 2026-01-16 22:41:45.730
!MESSAGE Failed to parse wmic output
!STACK 0
org.xml.sax.SAXParseException; lineNumber: 1; columnNumber: 1; Premature end of file.
	at java.xml/com.sun.org.apache.xerces.internal.parsers.DOMParser.parse(DOMParser.java:262)
	at java.xml/com.sun.org.apache.xerces.internal.jaxp.DocumentBuilderImpl.parse(DocumentBuilderImpl.java:342)
	at com.st.stm32cube.ide.mpu.remote.serial.internal.SerialPortProviderWindows.run(SerialPortProviderWindows.java:127)
	at java.base/java.util.TimerThread.mainLoop(Timer.java:566)
	at java.base/java.util.TimerThread.run(Timer.java:516)

!ENTRY com.st.stm32cube.ide.mpu.remote.serial 4 0 2026-01-16 22:41:46.732
!MESSAGE Failed to parse wmic output
!STACK 0
org.xml.sax.SAXParseException; lineNumber: 1; columnNumber: 1; Premature end of file.
	at java.xml/com.sun.org.apache.xerces.internal.parsers.DOMParser.parse(DOMParser.java:262)
	at java.xml/com.sun.org.apache.xerces.internal.jaxp.DocumentBuilderImpl.parse(DocumentBuilderImpl.java:342)
	at com.st.stm32cube.ide.mpu.remote.serial.internal.SerialPortProviderWindows.run(SerialPortProviderWindows.java:127)
	at java.base/java.util.TimerThread.mainLoop(Timer.java:566)
	at java.base/java.util.TimerThread.run(Timer.java:516)

!ENTRY com.st.stm32cube.ide.mpu.remote.serial 4 0 2026-01-16 22:41:47.739
!MESSAGE Failed to parse wmic output
!STACK 0
org.xml.sax.SAXParseException; lineNumber: 1; columnNumber: 1; Premature end of file.
	at java.xml/com.sun.org.apache.xerces.internal.parsers.DOMParser.parse(DOMParser.java:262)
	at java.xml/com.sun.org.apache.xerces.internal.jaxp.DocumentBuilderImpl.parse(DocumentBuilderImpl.java:342)
	at com.st.stm32cube.ide.mpu.remote.serial.internal.SerialPortProviderWindows.run(SerialPortProviderWindows.java:127)
	at java.base/java.util.TimerThread.mainLoop(Timer.java:566)
	at java.base/java.util.TimerThread.run(Timer.java:516)

!ENTRY com.st.stm32cube.ide.mpu.remote.serial 4 0 2026-01-16 22:41:48.719
!MESSAGE Failed to parse wmic output
!STACK 0
org.xml.sax.SAXParseException; lineNumber: 1; columnNumber: 1; Premature end of file.
	at java.xml/com.sun.org.apache.xerces.internal.parsers.DOMParser.parse(DOMParser.java:262)
	at java.xml/com.sun.org.apache.xerces.internal.jaxp.DocumentBuilderImpl.parse(DocumentBuilderImpl.java:342)
	at com.st.stm32cube.ide.mpu.remote.serial.internal.SerialPortProviderWindows.run(SerialPortProviderWindows.java:127)
	at java.base/java.util.TimerThread.mainLoop(Timer.java:566)
	at java.base/java.util.TimerThread.run(Timer.java:516)

!ENTRY com.st.stm32cube.ide.mpu.remote.serial 4 0 2026-01-16 22:41:49.728
!MESSAGE Failed to parse wmic output
!STACK 0
org.xml.sax.SAXParseException; lineNumber: 1; columnNumber: 1; Premature end of file.
	at java.xml/com.sun.org.apache.xerces.internal.parsers.DOMParser.parse(DOMParser.java:262)
	at java.xml/com.sun.org.apache.xerces.internal.jaxp.DocumentBuilderImpl.parse(DocumentBuilderImpl.java:342)
	at com.st.stm32cube.ide.mpu.remote.serial.internal.SerialPortProviderWindows.run(SerialPortProviderWindows.java:127)
	at java.base/java.util.TimerThread.mainLoop(Timer.java:566)
	at java.base/java.util.TimerThread.run(Timer.java:516)

!ENTRY com.st.stm32cube.ide.mpu.remote.serial 4 0 2026-01-16 22:41:50.725
!MESSAGE Failed to parse wmic output
!STACK 0
org.xml.sax.SAXParseException; lineNumber: 1; columnNumber: 1; Premature end of file.
	at java.xml/com.sun.org.apache.xerces.internal.parsers.DOMParser.parse(DOMParser.java:262)
	at java.xml/com.sun.org.apache.xerces.internal.jaxp.DocumentBuilderImpl.parse(DocumentBuilderImpl.java:342)
	at com.st.stm32cube.ide.mpu.remote.serial.internal.SerialPortProviderWindows.run(SerialPortProviderWindows.java:127)
	at java.base/java.util.TimerThread.mainLoop(Timer.java:566)
	at java.base/java.util.TimerThread.run(Timer.java:516)

!ENTRY com.st.stm32cube.ide.mpu.remote.serial 4 0 2026-01-16 22:41:51.733
!MESSAGE Failed to parse wmic output
!STACK 0
org.xml.sax.SAXParseException; lineNumber: 1; columnNumber: 1; Premature end of file.
	at java.xml/com.sun.org.apache.xerces.internal.parsers.DOMParser.parse(DOMParser.java:262)
	at java.xml/com.sun.org.apache.xerces.internal.jaxp.DocumentBuilderImpl.parse(DocumentBuilderImpl.java:342)
	at com.st.stm32cube.ide.mpu.remote.serial.internal.SerialPortProviderWindows.run(SerialPortProviderWindows.java:127)
	at java.base/java.util.TimerThread.mainLoop(Timer.java:566)
	at java.base/java.util.TimerThread.run(Timer.java:516)

!ENTRY com.st.stm32cube.ide.mpu.remote.serial 4 0 2026-01-16 22:41:52.725
!MESSAGE Failed to parse wmic output
!STACK 0
org.xml.sax.SAXParseException; lineNumber: 1; columnNumber: 1; Premature end of file.
	at java.xml/com.sun.org.apache.xerces.internal.parsers.DOMParser.parse(DOMParser.java:262)
	at java.xml/com.sun.org.apache.xerces.internal.jaxp.DocumentBuilderImpl.parse(DocumentBuilderImpl.java:342)
	at com.st.stm32cube.ide.mpu.remote.serial.internal.SerialPortProviderWindows.run(SerialPortProviderWindows.java:127)
	at java.base/java.util.TimerThread.mainLoop(Timer.java:566)
	at java.base/java.util.TimerThread.run(Timer.java:516)

!ENTRY com.st.stm32cube.ide.mpu.remote.serial 4 0 2026-01-16 22:41:53.737
!MESSAGE Failed to parse wmic output
!STACK 0
org.xml.sax.SAXParseException; lineNumber: 1; columnNumber: 1; Premature end of file.
	at java.xml/com.sun.org.apache.xerces.internal.parsers.DOMParser.parse(DOMParser.java:262)
	at java.xml/com.sun.org.apache.xerces.internal.jaxp.DocumentBuilderImpl.parse(DocumentBuilderImpl.java:342)
	at com.st.stm32cube.ide.mpu.remote.serial.internal.SerialPortProviderWindows.run(SerialPortProviderWindows.java:127)
	at java.base/java.util.TimerThread.mainLoop(Timer.java:566)
	at java.base/java.util.TimerThread.run(Timer.java:516)

!ENTRY com.st.stm32cube.ide.mpu.remote.serial 4 0 2026-01-16 22:41:54.737
!MESSAGE Failed to parse wmic output
!STACK 0
org.xml.sax.SAXParseException; lineNumber: 1; columnNumber: 1; Premature end of file.
	at java.xml/com.sun.org.apache.xerces.internal.parsers.DOMParser.parse(DOMParser.java:262)
	at java.xml/com.sun.org.apache.xerces.internal.jaxp.DocumentBuilderImpl.parse(DocumentBuilderImpl.java:342)
	at com.st.stm32cube.ide.mpu.remote.serial.internal.SerialPortProviderWindows.run(SerialPortProviderWindows.java:127)
	at java.base/java.util.TimerThread.mainLoop(Timer.java:566)
	at java.base/java.util.TimerThread.run(Timer.java:516)

!ENTRY com.st.stm32cube.ide.mpu.remote.serial 4 0 2026-01-16 22:41:55.741
!MESSAGE Failed to parse wmic output
!STACK 0
org.xml.sax.SAXParseException; lineNumber: 1; columnNumber: 1; Premature end of file.
	at java.xml/com.sun.org.apache.xerces.internal.parsers.DOMParser.parse(DOMParser.java:262)
	at java.xml/com.sun.org.apache.xerces.internal.jaxp.DocumentBuilderImpl.parse(DocumentBuilderImpl.java:342)
	at com.st.stm32cube.ide.mpu.remote.serial.internal.SerialPortProviderWindows.run(SerialPortProviderWindows.java:127)
	at java.base/java.util.TimerThread.mainLoop(Timer.java:566)
	at java.base/java.util.TimerThread.run(Timer.java:516)

!ENTRY com.st.stm32cube.ide.mpu.remote.serial 4 0 2026-01-16 22:41:56.731
!MESSAGE Failed to parse wmic output
!STACK 0
org.xml.sax.SAXParseException; lineNumber: 1; columnNumber: 1; Premature end of file.
	at java.xml/com.sun.org.apache.xerces.internal.parsers.DOMParser.parse(DOMParser.java:262)
	at java.xml/com.sun.org.apache.xerces.internal.jaxp.DocumentBuilderImpl.parse(DocumentBuilderImpl.java:342)
	at com.st.stm32cube.ide.mpu.remote.serial.internal.SerialPortProviderWindows.run(SerialPortProviderWindows.java:127)
	at java.base/java.util.TimerThread.mainLoop(Timer.java:566)
	at java.base/java.util.TimerThread.run(Timer.java:516)

!ENTRY com.st.stm32cube.ide.mpu.remote.serial 4 0 2026-01-16 22:41:57.732
!MESSAGE Failed to parse wmic output
!STACK 0
org.xml.sax.SAXParseException; lineNumber: 1; columnNumber: 1; Premature end of file.
	at java.xml/com.sun.org.apache.xerces.internal.parsers.DOMParser.parse(DOMParser.java:262)
	at java.xml/com.sun.org.apache.xerces.internal.jaxp.DocumentBuilderImpl.parse(DocumentBuilderImpl.java:342)
	at com.st.stm32cube.ide.mpu.remote.serial.internal.SerialPortProviderWindows.run(SerialPortProviderWindows.java:127)
	at java.base/java.util.TimerThread.mainLoop(Timer.java:566)
	at java.base/java.util.TimerThread.run(Timer.java:516)

!ENTRY com.st.stm32cube.ide.mpu.remote.serial 4 0 2026-01-16 22:41:58.740
!MESSAGE Failed to parse wmic output
!STACK 0
org.xml.sax.SAXParseException; lineNumber: 1; columnNumber: 1; Premature end of file.
	at java.xml/com.sun.org.apache.xerces.internal.parsers.DOMParser.parse(DOMParser.java:262)
	at java.xml/com.sun.org.apache.xerces.internal.jaxp.DocumentBuilderImpl.parse(DocumentBuilderImpl.java:342)
	at com.st.stm32cube.ide.mpu.remote.serial.internal.SerialPortProviderWindows.run(SerialPortProviderWindows.java:127)
	at java.base/java.util.TimerThread.mainLoop(Timer.java:566)
	at java.base/java.util.TimerThread.run(Timer.java:516)

!ENTRY com.st.stm32cube.ide.mpu.remote.serial 4 0 2026-01-16 22:41:59.733
!MESSAGE Failed to parse wmic output
!STACK 0
org.xml.sax.SAXParseException; lineNumber: 1; columnNumber: 1; Premature end of file.
	at java.xml/com.sun.org.apache.xerces.internal.parsers.DOMParser.parse(DOMParser.java:262)
	at java.xml/com.sun.org.apache.xerces.internal.jaxp.DocumentBuilderImpl.parse(DocumentBuilderImpl.java:342)
	at com.st.stm32cube.ide.mpu.remote.serial.internal.SerialPortProviderWindows.run(SerialPortProviderWindows.java:127)
	at java.base/java.util.TimerThread.mainLoop(Timer.java:566)
	at java.base/java.util.TimerThread.run(Timer.java:516)

!ENTRY com.st.stm32cube.ide.mpu.remote.serial 4 0 2026-01-16 22:42:00.731
!MESSAGE Failed to parse wmic output
!STACK 0
org.xml.sax.SAXParseException; lineNumber: 1; columnNumber: 1; Premature end of file.
	at java.xml/com.sun.org.apache.xerces.internal.parsers.DOMParser.parse(DOMParser.java:262)
	at java.xml/com.sun.org.apache.xerces.internal.jaxp.DocumentBuilderImpl.parse(DocumentBuilderImpl.java:342)
	at com.st.stm32cube.ide.mpu.remote.serial.internal.SerialPortProviderWindows.run(SerialPortProviderWindows.java:127)
	at java.base/java.util.TimerThread.mainLoop(Timer.java:566)
	at java.base/java.util.TimerThread.run(Timer.java:516)

!ENTRY com.st.stm32cube.ide.mpu.remote.serial 4 0 2026-01-16 22:42:01.723
!MESSAGE Failed to parse wmic output
!STACK 0
org.xml.sax.SAXParseException; lineNumber: 1; columnNumber: 1; Premature end of file.
	at java.xml/com.sun.org.apache.xerces.internal.parsers.DOMParser.parse(DOMParser.java:262)
	at java.xml/com.sun.org.apache.xerces.internal.jaxp.DocumentBuilderImpl.parse(DocumentBuilderImpl.java:342)
	at com.st.stm32cube.ide.mpu.remote.serial.internal.SerialPortProviderWindows.run(SerialPortProviderWindows.java:127)
	at java.base/java.util.TimerThread.mainLoop(Timer.java:566)
	at java.base/java.util.TimerThread.run(Timer.java:516)

!ENTRY com.st.stm32cube.ide.mpu.remote.serial 4 0 2026-01-16 22:42:02.731
!MESSAGE Failed to parse wmic output
!STACK 0
org.xml.sax.SAXParseException; lineNumber: 1; columnNumber: 1; Premature end of file.
	at java.xml/com.sun.org.apache.xerces.internal.parsers.DOMParser.parse(DOMParser.java:262)
	at java.xml/com.sun.org.apache.xerces.internal.jaxp.DocumentBuilderImpl.parse(DocumentBuilderImpl.java:342)
	at com.st.stm32cube.ide.mpu.remote.serial.internal.SerialPortProviderWindows.run(SerialPortProviderWindows.java:127)
	at java.base/java.util.TimerThread.mainLoop(Timer.java:566)
	at java.base/java.util.TimerThread.run(Timer.java:516)

!ENTRY com.st.stm32cube.ide.mpu.remote.serial 4 0 2026-01-16 22:42:03.732
!MESSAGE Failed to parse wmic output
!STACK 0
org.xml.sax.SAXParseException; lineNumber: 1; columnNumber: 1; Premature end of file.
	at java.xml/com.sun.org.apache.xerces.internal.parsers.DOMParser.parse(DOMParser.java:262)
	at java.xml/com.sun.org.apache.xerces.internal.jaxp.DocumentBuilderImpl.parse(DocumentBuilderImpl.java:342)
	at com.st.stm32cube.ide.mpu.remote.serial.internal.SerialPortProviderWindows.run(SerialPortProviderWindows.java:127)
	at java.base/java.util.TimerThread.mainLoop(Timer.java:566)
	at java.base/java.util.TimerThread.run(Timer.java:516)

!ENTRY com.st.stm32cube.ide.mpu.remote.serial 4 0 2026-01-16 22:42:04.722
!MESSAGE Failed to parse wmic output
!STACK 0
org.xml.sax.SAXParseException; lineNumber: 1; columnNumber: 1; Premature end of file.
	at java.xml/com.sun.org.apache.xerces.internal.parsers.DOMParser.parse(DOMParser.java:262)
	at java.xml/com.sun.org.apache.xerces.internal.jaxp.DocumentBuilderImpl.parse(DocumentBuilderImpl.java:342)
	at com.st.stm32cube.ide.mpu.remote.serial.internal.SerialPortProviderWindows.run(SerialPortProviderWindows.java:127)
	at java.base/java.util.TimerThread.mainLoop(Timer.java:566)
	at java.base/java.util.TimerThread.run(Timer.java:516)

!ENTRY com.st.stm32cube.ide.mpu.remote.serial 4 0 2026-01-16 22:42:05.733
!MESSAGE Failed to parse wmic output
!STACK 0
org.xml.sax.SAXParseException; lineNumber: 1; columnNumber: 1; Premature end of file.
	at java.xml/com.sun.org.apache.xerces.internal.parsers.DOMParser.parse(DOMParser.java:262)
	at java.xml/com.sun.org.apache.xerces.internal.jaxp.DocumentBuilderImpl.parse(DocumentBuilderImpl.java:342)
	at com.st.stm32cube.ide.mpu.remote.serial.internal.SerialPortProviderWindows.run(SerialPortProviderWindows.java:127)
	at java.base/java.util.TimerThread.mainLoop(Timer.java:566)
	at java.base/java.util.TimerThread.run(Timer.java:516)

!ENTRY com.st.stm32cube.ide.mpu.remote.serial 4 0 2026-01-16 22:42:06.738
!MESSAGE Failed to parse wmic output
!STACK 0
org.xml.sax.SAXParseException; lineNumber: 1; columnNumber: 1; Premature end of file.
	at java.xml/com.sun.org.apache.xerces.internal.parsers.DOMParser.parse(DOMParser.java:262)
	at java.xml/com.sun.org.apache.xerces.internal.jaxp.DocumentBuilderImpl.parse(DocumentBuilderImpl.java:342)
	at com.st.stm32cube.ide.mpu.remote.serial.internal.SerialPortProviderWindows.run(SerialPortProviderWindows.java:127)
	at java.base/java.util.TimerThread.mainLoop(Timer.java:566)
	at java.base/java.util.TimerThread.run(Timer.java:516)

!ENTRY com.st.stm32cube.ide.mpu.remote.serial 4 0 2026-01-16 22:42:07.732
!MESSAGE Failed to parse wmic output
!STACK 0
org.xml.sax.SAXParseException; lineNumber: 1; columnNumber: 1; Premature end of file.
	at java.xml/com.sun.org.apache.xerces.internal.parsers.DOMParser.parse(DOMParser.java:262)
	at java.xml/com.sun.org.apache.xerces.internal.jaxp.DocumentBuilderImpl.parse(DocumentBuilderImpl.java:342)
	at com.st.stm32cube.ide.mpu.remote.serial.internal.SerialPortProviderWindows.run(SerialPortProviderWindows.java:127)
	at java.base/java.util.TimerThread.mainLoop(Timer.java:566)
	at java.base/java.util.TimerThread.run(Timer.java:516)

!ENTRY com.st.stm32cube.ide.mpu.remote.serial 4 0 2026-01-16 22:42:08.732
!MESSAGE Failed to parse wmic output
!STACK 0
org.xml.sax.SAXParseException; lineNumber: 1; columnNumber: 1; Premature end of file.
	at java.xml/com.sun.org.apache.xerces.internal.parsers.DOMParser.parse(DOMParser.java:262)
	at java.xml/com.sun.org.apache.xerces.internal.jaxp.DocumentBuilderImpl.parse(DocumentBuilderImpl.java:342)
	at com.st.stm32cube.ide.mpu.remote.serial.internal.SerialPortProviderWindows.run(SerialPortProviderWindows.java:127)
	at java.base/java.util.TimerThread.mainLoop(Timer.java:566)
	at java.base/java.util.TimerThread.run(Timer.java:516)

!ENTRY com.st.stm32cube.ide.mpu.remote.serial 4 0 2026-01-16 22:42:09.723
!MESSAGE Failed to parse wmic output
!STACK 0
org.xml.sax.SAXParseException; lineNumber: 1; columnNumber: 1; Premature end of file.
	at java.xml/com.sun.org.apache.xerces.internal.parsers.DOMParser.parse(DOMParser.java:262)
	at java.xml/com.sun.org.apache.xerces.internal.jaxp.DocumentBuilderImpl.parse(DocumentBuilderImpl.java:342)
	at com.st.stm32cube.ide.mpu.remote.serial.internal.SerialPortProviderWindows.run(SerialPortProviderWindows.java:127)
	at java.base/java.util.TimerThread.mainLoop(Timer.java:566)
	at java.base/java.util.TimerThread.run(Timer.java:516)

!ENTRY com.st.stm32cube.ide.mpu.remote.serial 4 0 2026-01-16 22:42:10.734
!MESSAGE Failed to parse wmic output
!STACK 0
org.xml.sax.SAXParseException; lineNumber: 1; columnNumber: 1; Premature end of file.
	at java.xml/com.sun.org.apache.xerces.internal.parsers.DOMParser.parse(DOMParser.java:262)
	at java.xml/com.sun.org.apache.xerces.internal.jaxp.DocumentBuilderImpl.parse(DocumentBuilderImpl.java:342)
	at com.st.stm32cube.ide.mpu.remote.serial.internal.SerialPortProviderWindows.run(SerialPortProviderWindows.java:127)
	at java.base/java.util.TimerThread.mainLoop(Timer.java:566)
	at java.base/java.util.TimerThread.run(Timer.java:516)

!ENTRY com.st.stm32cube.ide.mpu.remote.serial 4 0 2026-01-16 22:42:11.737
!MESSAGE Failed to parse wmic output
!STACK 0
org.xml.sax.SAXParseException; lineNumber: 1; columnNumber: 1; Premature end of file.
	at java.xml/com.sun.org.apache.xerces.internal.parsers.DOMParser.parse(DOMParser.java:262)
	at java.xml/com.sun.org.apache.xerces.internal.jaxp.DocumentBuilderImpl.parse(DocumentBuilderImpl.java:342)
	at com.st.stm32cube.ide.mpu.remote.serial.internal.SerialPortProviderWindows.run(SerialPortProviderWindows.java:127)
	at java.base/java.util.TimerThread.mainLoop(Timer.java:566)
	at java.base/java.util.TimerThread.run(Timer.java:516)

!ENTRY com.st.stm32cube.ide.mpu.remote.serial 4 0 2026-01-16 22:42:12.728
!MESSAGE Failed to parse wmic output
!STACK 0
org.xml.sax.SAXParseException; lineNumber: 1; columnNumber: 1; Premature end of file.
	at java.xml/com.sun.org.apache.xerces.internal.parsers.DOMParser.parse(DOMParser.java:262)
	at java.xml/com.sun.org.apache.xerces.internal.jaxp.DocumentBuilderImpl.parse(DocumentBuilderImpl.java:342)
	at com.st.stm32cube.ide.mpu.remote.serial.internal.SerialPortProviderWindows.run(SerialPortProviderWindows.java:127)
	at java.base/java.util.TimerThread.mainLoop(Timer.java:566)
	at java.base/java.util.TimerThread.run(Timer.java:516)

!ENTRY com.st.stm32cube.ide.mpu.remote.serial 4 0 2026-01-16 22:42:13.740
!MESSAGE Failed to parse wmic output
!STACK 0
org.xml.sax.SAXParseException; lineNumber: 1; columnNumber: 1; Premature end of file.
	at java.xml/com.sun.org.apache.xerces.internal.parsers.DOMParser.parse(DOMParser.java:262)
	at java.xml/com.sun.org.apache.xerces.internal.jaxp.DocumentBuilderImpl.parse(DocumentBuilderImpl.java:342)
	at com.st.stm32cube.ide.mpu.remote.serial.internal.SerialPortProviderWindows.run(SerialPortProviderWindows.java:127)
	at java.base/java.util.TimerThread.mainLoop(Timer.java:566)
	at java.base/java.util.TimerThread.run(Timer.java:516)

!ENTRY com.st.stm32cube.ide.mpu.remote.serial 4 0 2026-01-16 22:42:14.727
!MESSAGE Failed to parse wmic output
!STACK 0
org.xml.sax.SAXParseException; lineNumber: 1; columnNumber: 1; Premature end of file.
	at java.xml/com.sun.org.apache.xerces.internal.parsers.DOMParser.parse(DOMParser.java:262)
	at java.xml/com.sun.org.apache.xerces.internal.jaxp.DocumentBuilderImpl.parse(DocumentBuilderImpl.java:342)
	at com.st.stm32cube.ide.mpu.remote.serial.internal.SerialPortProviderWindows.run(SerialPortProviderWindows.java:127)
	at java.base/java.util.TimerThread.mainLoop(Timer.java:566)
	at java.base/java.util.TimerThread.run(Timer.java:516)

!ENTRY com.st.stm32cube.ide.mpu.remote.serial 4 0 2026-01-16 22:42:15.726
!MESSAGE Failed to parse wmic output
!STACK 0
org.xml.sax.SAXParseException; lineNumber: 1; columnNumber: 1; Premature end of file.
	at java.xml/com.sun.org.apache.xerces.internal.parsers.DOMParser.parse(DOMParser.java:262)
	at java.xml/com.sun.org.apache.xerces.internal.jaxp.DocumentBuilderImpl.parse(DocumentBuilderImpl.java:342)
	at com.st.stm32cube.ide.mpu.remote.serial.internal.SerialPortProviderWindows.run(SerialPortProviderWindows.java:127)
	at java.base/java.util.TimerThread.mainLoop(Timer.java:566)
	at java.base/java.util.TimerThread.run(Timer.java:516)

!ENTRY com.st.stm32cube.ide.mpu.remote.serial 4 0 2026-01-16 22:42:16.709
!MESSAGE Failed to parse wmic output
!STACK 0
org.xml.sax.SAXParseException; lineNumber: 1; columnNumber: 1; Premature end of file.
	at java.xml/com.sun.org.apache.xerces.internal.parsers.DOMParser.parse(DOMParser.java:262)
	at java.xml/com.sun.org.apache.xerces.internal.jaxp.DocumentBuilderImpl.parse(DocumentBuilderImpl.java:342)
	at com.st.stm32cube.ide.mpu.remote.serial.internal.SerialPortProviderWindows.run(SerialPortProviderWindows.java:127)
	at java.base/java.util.TimerThread.mainLoop(Timer.java:566)
	at java.base/java.util.TimerThread.run(Timer.java:516)

!ENTRY com.st.stm32cube.ide.mpu.remote.serial 4 0 2026-01-16 22:42:17.718
!MESSAGE Failed to parse wmic output
!STACK 0
org.xml.sax.SAXParseException; lineNumber: 1; columnNumber: 1; Premature end of file.
	at java.xml/com.sun.org.apache.xerces.internal.parsers.DOMParser.parse(DOMParser.java:262)
	at java.xml/com.sun.org.apache.xerces.internal.jaxp.DocumentBuilderImpl.parse(DocumentBuilderImpl.java:342)
	at com.st.stm32cube.ide.mpu.remote.serial.internal.SerialPortProviderWindows.run(SerialPortProviderWindows.java:127)
	at java.base/java.util.TimerThread.mainLoop(Timer.java:566)
	at java.base/java.util.TimerThread.run(Timer.java:516)

!ENTRY com.st.stm32cube.ide.mpu.remote.serial 4 0 2026-01-16 22:42:18.726
!MESSAGE Failed to parse wmic output
!STACK 0
org.xml.sax.SAXParseException; lineNumber: 1; columnNumber: 1; Premature end of file.
	at java.xml/com.sun.org.apache.xerces.internal.parsers.DOMParser.parse(DOMParser.java:262)
	at java.xml/com.sun.org.apache.xerces.internal.jaxp.DocumentBuilderImpl.parse(DocumentBuilderImpl.java:342)
	at com.st.stm32cube.ide.mpu.remote.serial.internal.SerialPortProviderWindows.run(SerialPortProviderWindows.java:127)
	at java.base/java.util.TimerThread.mainLoop(Timer.java:566)
	at java.base/java.util.TimerThread.run(Timer.java:516)

!ENTRY com.st.stm32cube.ide.mpu.remote.serial 4 0 2026-01-16 22:42:19.736
!MESSAGE Failed to parse wmic output
!STACK 0
org.xml.sax.SAXParseException; lineNumber: 1; columnNumber: 1; Premature end of file.
	at java.xml/com.sun.org.apache.xerces.internal.parsers.DOMParser.parse(DOMParser.java:262)
	at java.xml/com.sun.org.apache.xerces.internal.jaxp.DocumentBuilderImpl.parse(DocumentBuilderImpl.java:342)
	at com.st.stm32cube.ide.mpu.remote.serial.internal.SerialPortProviderWindows.run(SerialPortProviderWindows.java:127)
	at java.base/java.util.TimerThread.mainLoop(Timer.java:566)
	at java.base/java.util.TimerThread.run(Timer.java:516)

!ENTRY com.st.stm32cube.ide.mpu.remote.serial 4 0 2026-01-16 22:42:20.730
!MESSAGE Failed to parse wmic output
!STACK 0
org.xml.sax.SAXParseException; lineNumber: 1; columnNumber: 1; Premature end of file.
	at java.xml/com.sun.org.apache.xerces.internal.parsers.DOMParser.parse(DOMParser.java:262)
	at java.xml/com.sun.org.apache.xerces.internal.jaxp.DocumentBuilderImpl.parse(DocumentBuilderImpl.java:342)
	at com.st.stm32cube.ide.mpu.remote.serial.internal.SerialPortProviderWindows.run(SerialPortProviderWindows.java:127)
	at java.base/java.util.TimerThread.mainLoop(Timer.java:566)
	at java.base/java.util.TimerThread.run(Timer.java:516)

!ENTRY com.st.stm32cube.ide.mpu.remote.serial 4 0 2026-01-16 22:42:21.737
!MESSAGE Failed to parse wmic output
!STACK 0
org.xml.sax.SAXParseException; lineNumber: 1; columnNumber: 1; Premature end of file.
	at java.xml/com.sun.org.apache.xerces.internal.parsers.DOMParser.parse(DOMParser.java:262)
	at java.xml/com.sun.org.apache.xerces.internal.jaxp.DocumentBuilderImpl.parse(DocumentBuilderImpl.java:342)
	at com.st.stm32cube.ide.mpu.remote.serial.internal.SerialPortProviderWindows.run(SerialPortProviderWindows.java:127)
	at java.base/java.util.TimerThread.mainLoop(Timer.java:566)
	at java.base/java.util.TimerThread.run(Timer.java:516)

!ENTRY com.st.stm32cube.ide.mpu.remote.serial 4 0 2026-01-16 22:42:22.735
!MESSAGE Failed to parse wmic output
!STACK 0
org.xml.sax.SAXParseException; lineNumber: 1; columnNumber: 1; Premature end of file.
	at java.xml/com.sun.org.apache.xerces.internal.parsers.DOMParser.parse(DOMParser.java:262)
	at java.xml/com.sun.org.apache.xerces.internal.jaxp.DocumentBuilderImpl.parse(DocumentBuilderImpl.java:342)
	at com.st.stm32cube.ide.mpu.remote.serial.internal.SerialPortProviderWindows.run(SerialPortProviderWindows.java:127)
	at java.base/java.util.TimerThread.mainLoop(Timer.java:566)
	at java.base/java.util.TimerThread.run(Timer.java:516)

!ENTRY com.st.stm32cube.ide.mpu.remote.serial 4 0 2026-01-16 22:42:23.729
!MESSAGE Failed to parse wmic output
!STACK 0
org.xml.sax.SAXParseException; lineNumber: 1; columnNumber: 1; Premature end of file.
	at java.xml/com.sun.org.apache.xerces.internal.parsers.DOMParser.parse(DOMParser.java:262)
	at java.xml/com.sun.org.apache.xerces.internal.jaxp.DocumentBuilderImpl.parse(DocumentBuilderImpl.java:342)
	at com.st.stm32cube.ide.mpu.remote.serial.internal.SerialPortProviderWindows.run(SerialPortProviderWindows.java:127)
	at java.base/java.util.TimerThread.mainLoop(Timer.java:566)
	at java.base/java.util.TimerThread.run(Timer.java:516)

!ENTRY com.st.stm32cube.ide.mpu.remote.serial 4 0 2026-01-16 22:42:24.742
!MESSAGE Failed to parse wmic output
!STACK 0
org.xml.sax.SAXParseException; lineNumber: 1; columnNumber: 1; Premature end of file.
	at java.xml/com.sun.org.apache.xerces.internal.parsers.DOMParser.parse(DOMParser.java:262)
	at java.xml/com.sun.org.apache.xerces.internal.jaxp.DocumentBuilderImpl.parse(DocumentBuilderImpl.java:342)
	at com.st.stm32cube.ide.mpu.remote.serial.internal.SerialPortProviderWindows.run(SerialPortProviderWindows.java:127)
	at java.base/java.util.TimerThread.mainLoop(Timer.java:566)
	at java.base/java.util.TimerThread.run(Timer.java:516)

!ENTRY com.st.stm32cube.ide.mpu.remote.serial 4 0 2026-01-16 22:42:25.727
!MESSAGE Failed to parse wmic output
!STACK 0
org.xml.sax.SAXParseException; lineNumber: 1; columnNumber: 1; Premature end of file.
	at java.xml/com.sun.org.apache.xerces.internal.parsers.DOMParser.parse(DOMParser.java:262)
	at java.xml/com.sun.org.apache.xerces.internal.jaxp.DocumentBuilderImpl.parse(DocumentBuilderImpl.java:342)
	at com.st.stm32cube.ide.mpu.remote.serial.internal.SerialPortProviderWindows.run(SerialPortProviderWindows.java:127)
	at java.base/java.util.TimerThread.mainLoop(Timer.java:566)
	at java.base/java.util.TimerThread.run(Timer.java:516)

!ENTRY com.st.stm32cube.ide.mpu.remote.serial 4 0 2026-01-16 22:42:26.743
!MESSAGE Failed to parse wmic output
!STACK 0
org.xml.sax.SAXParseException; lineNumber: 1; columnNumber: 1; Premature end of file.
	at java.xml/com.sun.org.apache.xerces.internal.parsers.DOMParser.parse(DOMParser.java:262)
	at java.xml/com.sun.org.apache.xerces.internal.jaxp.DocumentBuilderImpl.parse(DocumentBuilderImpl.java:342)
	at com.st.stm32cube.ide.mpu.remote.serial.internal.SerialPortProviderWindows.run(SerialPortProviderWindows.java:127)
	at java.base/java.util.TimerThread.mainLoop(Timer.java:566)
	at java.base/java.util.TimerThread.run(Timer.java:516)

!ENTRY com.st.stm32cube.ide.mpu.remote.serial 4 0 2026-01-16 22:42:27.732
!MESSAGE Failed to parse wmic output
!STACK 0
org.xml.sax.SAXParseException; lineNumber: 1; columnNumber: 1; Premature end of file.
	at java.xml/com.sun.org.apache.xerces.internal.parsers.DOMParser.parse(DOMParser.java:262)
	at java.xml/com.sun.org.apache.xerces.internal.jaxp.DocumentBuilderImpl.parse(DocumentBuilderImpl.java:342)
	at com.st.stm32cube.ide.mpu.remote.serial.internal.SerialPortProviderWindows.run(SerialPortProviderWindows.java:127)
	at java.base/java.util.TimerThread.mainLoop(Timer.java:566)
	at java.base/java.util.TimerThread.run(Timer.java:516)

!ENTRY com.st.stm32cube.ide.mpu.remote.serial 4 0 2026-01-16 22:42:28.727
!MESSAGE Failed to parse wmic output
!STACK 0
org.xml.sax.SAXParseException; lineNumber: 1; columnNumber: 1; Premature end of file.
	at java.xml/com.sun.org.apache.xerces.internal.parsers.DOMParser.parse(DOMParser.java:262)
	at java.xml/com.sun.org.apache.xerces.internal.jaxp.DocumentBuilderImpl.parse(DocumentBuilderImpl.java:342)
	at com.st.stm32cube.ide.mpu.remote.serial.internal.SerialPortProviderWindows.run(SerialPortProviderWindows.java:127)
	at java.base/java.util.TimerThread.mainLoop(Timer.java:566)
	at java.base/java.util.TimerThread.run(Timer.java:516)

!ENTRY com.st.stm32cube.ide.mpu.remote.serial 4 0 2026-01-16 22:42:29.717
!MESSAGE Failed to parse wmic output
!STACK 0
org.xml.sax.SAXParseException; lineNumber: 1; columnNumber: 1; Premature end of file.
	at java.xml/com.sun.org.apache.xerces.internal.parsers.DOMParser.parse(DOMParser.java:262)
	at java.xml/com.sun.org.apache.xerces.internal.jaxp.DocumentBuilderImpl.parse(DocumentBuilderImpl.java:342)
	at com.st.stm32cube.ide.mpu.remote.serial.internal.SerialPortProviderWindows.run(SerialPortProviderWindows.java:127)
	at java.base/java.util.TimerThread.mainLoop(Timer.java:566)
	at java.base/java.util.TimerThread.run(Timer.java:516)

!ENTRY com.st.stm32cube.ide.mpu.remote.serial 4 0 2026-01-16 22:42:30.723
!MESSAGE Failed to parse wmic output
!STACK 0
org.xml.sax.SAXParseException; lineNumber: 1; columnNumber: 1; Premature end of file.
	at java.xml/com.sun.org.apache.xerces.internal.parsers.DOMParser.parse(DOMParser.java:262)
	at java.xml/com.sun.org.apache.xerces.internal.jaxp.DocumentBuilderImpl.parse(DocumentBuilderImpl.java:342)
	at com.st.stm32cube.ide.mpu.remote.serial.internal.SerialPortProviderWindows.run(SerialPortProviderWindows.java:127)
	at java.base/java.util.TimerThread.mainLoop(Timer.java:566)
	at java.base/java.util.TimerThread.run(Timer.java:516)

!ENTRY com.st.stm32cube.ide.mpu.remote.serial 4 0 2026-01-16 22:42:31.732
!MESSAGE Failed to parse wmic output
!STACK 0
org.xml.sax.SAXParseException; lineNumber: 1; columnNumber: 1; Premature end of file.
	at java.xml/com.sun.org.apache.xerces.internal.parsers.DOMParser.parse(DOMParser.java:262)
	at java.xml/com.sun.org.apache.xerces.internal.jaxp.DocumentBuilderImpl.parse(DocumentBuilderImpl.java:342)
	at com.st.stm32cube.ide.mpu.remote.serial.internal.SerialPortProviderWindows.run(SerialPortProviderWindows.java:127)
	at java.base/java.util.TimerThread.mainLoop(Timer.java:566)
	at java.base/java.util.TimerThread.run(Timer.java:516)

!ENTRY com.st.stm32cube.ide.mpu.remote.serial 4 0 2026-01-16 22:42:32.747
!MESSAGE Failed to parse wmic output
!STACK 0
org.xml.sax.SAXParseException; lineNumber: 1; columnNumber: 1; Premature end of file.
	at java.xml/com.sun.org.apache.xerces.internal.parsers.DOMParser.parse(DOMParser.java:262)
	at java.xml/com.sun.org.apache.xerces.internal.jaxp.DocumentBuilderImpl.parse(DocumentBuilderImpl.java:342)
	at com.st.stm32cube.ide.mpu.remote.serial.internal.SerialPortProviderWindows.run(SerialPortProviderWindows.java:127)
	at java.base/java.util.TimerThread.mainLoop(Timer.java:566)
	at java.base/java.util.TimerThread.run(Timer.java:516)

!ENTRY com.st.stm32cube.ide.mpu.remote.serial 4 0 2026-01-16 22:42:33.753
!MESSAGE Failed to parse wmic output
!STACK 0
org.xml.sax.SAXParseException; lineNumber: 1; columnNumber: 1; Premature end of file.
	at java.xml/com.sun.org.apache.xerces.internal.parsers.DOMParser.parse(DOMParser.java:262)
	at java.xml/com.sun.org.apache.xerces.internal.jaxp.DocumentBuilderImpl.parse(DocumentBuilderImpl.java:342)
	at com.st.stm32cube.ide.mpu.remote.serial.internal.SerialPortProviderWindows.run(SerialPortProviderWindows.java:127)
	at java.base/java.util.TimerThread.mainLoop(Timer.java:566)
	at java.base/java.util.TimerThread.run(Timer.java:516)

!ENTRY com.st.stm32cube.ide.mpu.remote.serial 4 0 2026-01-16 22:42:34.735
!MESSAGE Failed to parse wmic output
!STACK 0
org.xml.sax.SAXParseException; lineNumber: 1; columnNumber: 1; Premature end of file.
	at java.xml/com.sun.org.apache.xerces.internal.parsers.DOMParser.parse(DOMParser.java:262)
	at java.xml/com.sun.org.apache.xerces.internal.jaxp.DocumentBuilderImpl.parse(DocumentBuilderImpl.java:342)
	at com.st.stm32cube.ide.mpu.remote.serial.internal.SerialPortProviderWindows.run(SerialPortProviderWindows.java:127)
	at java.base/java.util.TimerThread.mainLoop(Timer.java:566)
	at java.base/java.util.TimerThread.run(Timer.java:516)

!ENTRY com.st.stm32cube.ide.mpu.remote.serial 4 0 2026-01-16 22:42:35.739
!MESSAGE Failed to parse wmic output
!STACK 0
org.xml.sax.SAXParseException; lineNumber: 1; columnNumber: 1; Premature end of file.
	at java.xml/com.sun.org.apache.xerces.internal.parsers.DOMParser.parse(DOMParser.java:262)
	at java.xml/com.sun.org.apache.xerces.internal.jaxp.DocumentBuilderImpl.parse(DocumentBuilderImpl.java:342)
	at com.st.stm32cube.ide.mpu.remote.serial.internal.SerialPortProviderWindows.run(SerialPortProviderWindows.java:127)
	at java.base/java.util.TimerThread.mainLoop(Timer.java:566)
	at java.base/java.util.TimerThread.run(Timer.java:516)

!ENTRY com.st.stm32cube.ide.mpu.remote.serial 4 0 2026-01-16 22:42:36.732
!MESSAGE Failed to parse wmic output
!STACK 0
org.xml.sax.SAXParseException; lineNumber: 1; columnNumber: 1; Premature end of file.
	at java.xml/com.sun.org.apache.xerces.internal.parsers.DOMParser.parse(DOMParser.java:262)
	at java.xml/com.sun.org.apache.xerces.internal.jaxp.DocumentBuilderImpl.parse(DocumentBuilderImpl.java:342)
	at com.st.stm32cube.ide.mpu.remote.serial.internal.SerialPortProviderWindows.run(SerialPortProviderWindows.java:127)
	at java.base/java.util.TimerThread.mainLoop(Timer.java:566)
	at java.base/java.util.TimerThread.run(Timer.java:516)

!ENTRY com.st.stm32cube.ide.mpu.remote.serial 4 0 2026-01-16 22:42:37.736
!MESSAGE Failed to parse wmic output
!STACK 0
org.xml.sax.SAXParseException; lineNumber: 1; columnNumber: 1; Premature end of file.
	at java.xml/com.sun.org.apache.xerces.internal.parsers.DOMParser.parse(DOMParser.java:262)
	at java.xml/com.sun.org.apache.xerces.internal.jaxp.DocumentBuilderImpl.parse(DocumentBuilderImpl.java:342)
	at com.st.stm32cube.ide.mpu.remote.serial.internal.SerialPortProviderWindows.run(SerialPortProviderWindows.java:127)
	at java.base/java.util.TimerThread.mainLoop(Timer.java:566)
	at java.base/java.util.TimerThread.run(Timer.java:516)

!ENTRY com.st.stm32cube.ide.mpu.remote.serial 4 0 2026-01-16 22:42:38.730
!MESSAGE Failed to parse wmic output
!STACK 0
org.xml.sax.SAXParseException; lineNumber: 1; columnNumber: 1; Premature end of file.
	at java.xml/com.sun.org.apache.xerces.internal.parsers.DOMParser.parse(DOMParser.java:262)
	at java.xml/com.sun.org.apache.xerces.internal.jaxp.DocumentBuilderImpl.parse(DocumentBuilderImpl.java:342)
	at com.st.stm32cube.ide.mpu.remote.serial.internal.SerialPortProviderWindows.run(SerialPortProviderWindows.java:127)
	at java.base/java.util.TimerThread.mainLoop(Timer.java:566)
	at java.base/java.util.TimerThread.run(Timer.java:516)

!ENTRY com.st.stm32cube.ide.mpu.remote.serial 4 0 2026-01-16 22:42:39.724
!MESSAGE Failed to parse wmic output
!STACK 0
org.xml.sax.SAXParseException; lineNumber: 1; columnNumber: 1; Premature end of file.
	at java.xml/com.sun.org.apache.xerces.internal.parsers.DOMParser.parse(DOMParser.java:262)
	at java.xml/com.sun.org.apache.xerces.internal.jaxp.DocumentBuilderImpl.parse(DocumentBuilderImpl.java:342)
	at com.st.stm32cube.ide.mpu.remote.serial.internal.SerialPortProviderWindows.run(SerialPortProviderWindows.java:127)
	at java.base/java.util.TimerThread.mainLoop(Timer.java:566)
	at java.base/java.util.TimerThread.run(Timer.java:516)

!ENTRY com.st.stm32cube.ide.mpu.remote.serial 4 0 2026-01-16 22:42:40.721
!MESSAGE Failed to parse wmic output
!STACK 0
org.xml.sax.SAXParseException; lineNumber: 1; columnNumber: 1; Premature end of file.
	at java.xml/com.sun.org.apache.xerces.internal.parsers.DOMParser.parse(DOMParser.java:262)
	at java.xml/com.sun.org.apache.xerces.internal.jaxp.DocumentBuilderImpl.parse(DocumentBuilderImpl.java:342)
	at com.st.stm32cube.ide.mpu.remote.serial.internal.SerialPortProviderWindows.run(SerialPortProviderWindows.java:127)
	at java.base/java.util.TimerThread.mainLoop(Timer.java:566)
	at java.base/java.util.TimerThread.run(Timer.java:516)

!ENTRY com.st.stm32cube.ide.mpu.remote.serial 4 0 2026-01-16 22:42:41.730
!MESSAGE Failed to parse wmic output
!STACK 0
org.xml.sax.SAXParseException; lineNumber: 1; columnNumber: 1; Premature end of file.
	at java.xml/com.sun.org.apache.xerces.internal.parsers.DOMParser.parse(DOMParser.java:262)
	at java.xml/com.sun.org.apache.xerces.internal.jaxp.DocumentBuilderImpl.parse(DocumentBuilderImpl.java:342)
	at com.st.stm32cube.ide.mpu.remote.serial.internal.SerialPortProviderWindows.run(SerialPortProviderWindows.java:127)
	at java.base/java.util.TimerThread.mainLoop(Timer.java:566)
	at java.base/java.util.TimerThread.run(Timer.java:516)

!ENTRY com.st.stm32cube.ide.mpu.remote.serial 4 0 2026-01-16 22:42:42.724
!MESSAGE Failed to parse wmic output
!STACK 0
org.xml.sax.SAXParseException; lineNumber: 1; columnNumber: 1; Premature end of file.
	at java.xml/com.sun.org.apache.xerces.internal.parsers.DOMParser.parse(DOMParser.java:262)
	at java.xml/com.sun.org.apache.xerces.internal.jaxp.DocumentBuilderImpl.parse(DocumentBuilderImpl.java:342)
	at com.st.stm32cube.ide.mpu.remote.serial.internal.SerialPortProviderWindows.run(SerialPortProviderWindows.java:127)
	at java.base/java.util.TimerThread.mainLoop(Timer.java:566)
	at java.base/java.util.TimerThread.run(Timer.java:516)

!ENTRY com.st.stm32cube.ide.mpu.remote.serial 4 0 2026-01-16 22:42:43.733
!MESSAGE Failed to parse wmic output
!STACK 0
org.xml.sax.SAXParseException; lineNumber: 1; columnNumber: 1; Premature end of file.
	at java.xml/com.sun.org.apache.xerces.internal.parsers.DOMParser.parse(DOMParser.java:262)
	at java.xml/com.sun.org.apache.xerces.internal.jaxp.DocumentBuilderImpl.parse(DocumentBuilderImpl.java:342)
	at com.st.stm32cube.ide.mpu.remote.serial.internal.SerialPortProviderWindows.run(SerialPortProviderWindows.java:127)
	at java.base/java.util.TimerThread.mainLoop(Timer.java:566)
	at java.base/java.util.TimerThread.run(Timer.java:516)

!ENTRY com.st.stm32cube.ide.mpu.remote.serial 4 0 2026-01-16 22:42:44.724
!MESSAGE Failed to parse wmic output
!STACK 0
org.xml.sax.SAXParseException; lineNumber: 1; columnNumber: 1; Premature end of file.
	at java.xml/com.sun.org.apache.xerces.internal.parsers.DOMParser.parse(DOMParser.java:262)
	at java.xml/com.sun.org.apache.xerces.internal.jaxp.DocumentBuilderImpl.parse(DocumentBuilderImpl.java:342)
	at com.st.stm32cube.ide.mpu.remote.serial.internal.SerialPortProviderWindows.run(SerialPortProviderWindows.java:127)
	at java.base/java.util.TimerThread.mainLoop(Timer.java:566)
	at java.base/java.util.TimerThread.run(Timer.java:516)

!ENTRY com.st.stm32cube.ide.mpu.remote.serial 4 0 2026-01-16 22:42:45.735
!MESSAGE Failed to parse wmic output
!STACK 0
org.xml.sax.SAXParseException; lineNumber: 1; columnNumber: 1; Premature end of file.
	at java.xml/com.sun.org.apache.xerces.internal.parsers.DOMParser.parse(DOMParser.java:262)
	at java.xml/com.sun.org.apache.xerces.internal.jaxp.DocumentBuilderImpl.parse(DocumentBuilderImpl.java:342)
	at com.st.stm32cube.ide.mpu.remote.serial.internal.SerialPortProviderWindows.run(SerialPortProviderWindows.java:127)
	at java.base/java.util.TimerThread.mainLoop(Timer.java:566)
	at java.base/java.util.TimerThread.run(Timer.java:516)

!ENTRY com.st.stm32cube.ide.mpu.remote.serial 4 0 2026-01-16 22:42:46.726
!MESSAGE Failed to parse wmic output
!STACK 0
org.xml.sax.SAXParseException; lineNumber: 1; columnNumber: 1; Premature end of file.
	at java.xml/com.sun.org.apache.xerces.internal.parsers.DOMParser.parse(DOMParser.java:262)
	at java.xml/com.sun.org.apache.xerces.internal.jaxp.DocumentBuilderImpl.parse(DocumentBuilderImpl.java:342)
	at com.st.stm32cube.ide.mpu.remote.serial.internal.SerialPortProviderWindows.run(SerialPortProviderWindows.java:127)
	at java.base/java.util.TimerThread.mainLoop(Timer.java:566)
	at java.base/java.util.TimerThread.run(Timer.java:516)

!ENTRY com.st.stm32cube.ide.mpu.remote.serial 4 0 2026-01-16 22:42:47.722
!MESSAGE Failed to parse wmic output
!STACK 0
org.xml.sax.SAXParseException; lineNumber: 1; columnNumber: 1; Premature end of file.
	at java.xml/com.sun.org.apache.xerces.internal.parsers.DOMParser.parse(DOMParser.java:262)
	at java.xml/com.sun.org.apache.xerces.internal.jaxp.DocumentBuilderImpl.parse(DocumentBuilderImpl.java:342)
	at com.st.stm32cube.ide.mpu.remote.serial.internal.SerialPortProviderWindows.run(SerialPortProviderWindows.java:127)
	at java.base/java.util.TimerThread.mainLoop(Timer.java:566)
	at java.base/java.util.TimerThread.run(Timer.java:516)

!ENTRY com.st.stm32cube.ide.mpu.remote.serial 4 0 2026-01-16 22:42:48.741
!MESSAGE Failed to parse wmic output
!STACK 0
org.xml.sax.SAXParseException; lineNumber: 1; columnNumber: 1; Premature end of file.
	at java.xml/com.sun.org.apache.xerces.internal.parsers.DOMParser.parse(DOMParser.java:262)
	at java.xml/com.sun.org.apache.xerces.internal.jaxp.DocumentBuilderImpl.parse(DocumentBuilderImpl.java:342)
	at com.st.stm32cube.ide.mpu.remote.serial.internal.SerialPortProviderWindows.run(SerialPortProviderWindows.java:127)
	at java.base/java.util.TimerThread.mainLoop(Timer.java:566)
	at java.base/java.util.TimerThread.run(Timer.java:516)

!ENTRY com.st.stm32cube.ide.mpu.remote.serial 4 0 2026-01-16 22:42:49.736
!MESSAGE Failed to parse wmic output
!STACK 0
org.xml.sax.SAXParseException; lineNumber: 1; columnNumber: 1; Premature end of file.
	at java.xml/com.sun.org.apache.xerces.internal.parsers.DOMParser.parse(DOMParser.java:262)
	at java.xml/com.sun.org.apache.xerces.internal.jaxp.DocumentBuilderImpl.parse(DocumentBuilderImpl.java:342)
	at com.st.stm32cube.ide.mpu.remote.serial.internal.SerialPortProviderWindows.run(SerialPortProviderWindows.java:127)
	at java.base/java.util.TimerThread.mainLoop(Timer.java:566)
	at java.base/java.util.TimerThread.run(Timer.java:516)

!ENTRY com.st.stm32cube.ide.mpu.remote.serial 4 0 2026-01-16 22:42:50.734
!MESSAGE Failed to parse wmic output
!STACK 0
org.xml.sax.SAXParseException; lineNumber: 1; columnNumber: 1; Premature end of file.
	at java.xml/com.sun.org.apache.xerces.internal.parsers.DOMParser.parse(DOMParser.java:262)
	at java.xml/com.sun.org.apache.xerces.internal.jaxp.DocumentBuilderImpl.parse(DocumentBuilderImpl.java:342)
	at com.st.stm32cube.ide.mpu.remote.serial.internal.SerialPortProviderWindows.run(SerialPortProviderWindows.java:127)
	at java.base/java.util.TimerThread.mainLoop(Timer.java:566)
	at java.base/java.util.TimerThread.run(Timer.java:516)

!ENTRY com.st.stm32cube.ide.mpu.remote.serial 4 0 2026-01-16 22:42:51.735
!MESSAGE Failed to parse wmic output
!STACK 0
org.xml.sax.SAXParseException; lineNumber: 1; columnNumber: 1; Premature end of file.
	at java.xml/com.sun.org.apache.xerces.internal.parsers.DOMParser.parse(DOMParser.java:262)
	at java.xml/com.sun.org.apache.xerces.internal.jaxp.DocumentBuilderImpl.parse(DocumentBuilderImpl.java:342)
	at com.st.stm32cube.ide.mpu.remote.serial.internal.SerialPortProviderWindows.run(SerialPortProviderWindows.java:127)
	at java.base/java.util.TimerThread.mainLoop(Timer.java:566)
	at java.base/java.util.TimerThread.run(Timer.java:516)

!ENTRY com.st.stm32cube.ide.mpu.remote.serial 4 0 2026-01-16 22:42:52.747
!MESSAGE Failed to parse wmic output
!STACK 0
org.xml.sax.SAXParseException; lineNumber: 1; columnNumber: 1; Premature end of file.
	at java.xml/com.sun.org.apache.xerces.internal.parsers.DOMParser.parse(DOMParser.java:262)
	at java.xml/com.sun.org.apache.xerces.internal.jaxp.DocumentBuilderImpl.parse(DocumentBuilderImpl.java:342)
	at com.st.stm32cube.ide.mpu.remote.serial.internal.SerialPortProviderWindows.run(SerialPortProviderWindows.java:127)
	at java.base/java.util.TimerThread.mainLoop(Timer.java:566)
	at java.base/java.util.TimerThread.run(Timer.java:516)

!ENTRY com.st.stm32cube.ide.mpu.remote.serial 4 0 2026-01-16 22:42:53.717
!MESSAGE Failed to parse wmic output
!STACK 0
org.xml.sax.SAXParseException; lineNumber: 1; columnNumber: 1; Premature end of file.
	at java.xml/com.sun.org.apache.xerces.internal.parsers.DOMParser.parse(DOMParser.java:262)
	at java.xml/com.sun.org.apache.xerces.internal.jaxp.DocumentBuilderImpl.parse(DocumentBuilderImpl.java:342)
	at com.st.stm32cube.ide.mpu.remote.serial.internal.SerialPortProviderWindows.run(SerialPortProviderWindows.java:127)
	at java.base/java.util.TimerThread.mainLoop(Timer.java:566)
	at java.base/java.util.TimerThread.run(Timer.java:516)

!ENTRY com.st.stm32cube.ide.mpu.remote.serial 4 0 2026-01-16 22:42:54.752
!MESSAGE Failed to parse wmic output
!STACK 0
org.xml.sax.SAXParseException; lineNumber: 1; columnNumber: 1; Premature end of file.
	at java.xml/com.sun.org.apache.xerces.internal.parsers.DOMParser.parse(DOMParser.java:262)
	at java.xml/com.sun.org.apache.xerces.internal.jaxp.DocumentBuilderImpl.parse(DocumentBuilderImpl.java:342)
	at com.st.stm32cube.ide.mpu.remote.serial.internal.SerialPortProviderWindows.run(SerialPortProviderWindows.java:127)
	at java.base/java.util.TimerThread.mainLoop(Timer.java:566)
	at java.base/java.util.TimerThread.run(Timer.java:516)

!ENTRY com.st.stm32cube.ide.mpu.remote.serial 4 0 2026-01-16 22:42:55.730
!MESSAGE Failed to parse wmic output
!STACK 0
org.xml.sax.SAXParseException; lineNumber: 1; columnNumber: 1; Premature end of file.
	at java.xml/com.sun.org.apache.xerces.internal.parsers.DOMParser.parse(DOMParser.java:262)
	at java.xml/com.sun.org.apache.xerces.internal.jaxp.DocumentBuilderImpl.parse(DocumentBuilderImpl.java:342)
	at com.st.stm32cube.ide.mpu.remote.serial.internal.SerialPortProviderWindows.run(SerialPortProviderWindows.java:127)
	at java.base/java.util.TimerThread.mainLoop(Timer.java:566)
	at java.base/java.util.TimerThread.run(Timer.java:516)

!ENTRY com.st.stm32cube.ide.mpu.remote.serial 4 0 2026-01-16 22:42:56.741
!MESSAGE Failed to parse wmic output
!STACK 0
org.xml.sax.SAXParseException; lineNumber: 1; columnNumber: 1; Premature end of file.
	at java.xml/com.sun.org.apache.xerces.internal.parsers.DOMParser.parse(DOMParser.java:262)
	at java.xml/com.sun.org.apache.xerces.internal.jaxp.DocumentBuilderImpl.parse(DocumentBuilderImpl.java:342)
	at com.st.stm32cube.ide.mpu.remote.serial.internal.SerialPortProviderWindows.run(SerialPortProviderWindows.java:127)
	at java.base/java.util.TimerThread.mainLoop(Timer.java:566)
	at java.base/java.util.TimerThread.run(Timer.java:516)

!ENTRY com.st.stm32cube.ide.mpu.remote.serial 4 0 2026-01-16 22:42:57.741
!MESSAGE Failed to parse wmic output
!STACK 0
org.xml.sax.SAXParseException; lineNumber: 1; columnNumber: 1; Premature end of file.
	at java.xml/com.sun.org.apache.xerces.internal.parsers.DOMParser.parse(DOMParser.java:262)
	at java.xml/com.sun.org.apache.xerces.internal.jaxp.DocumentBuilderImpl.parse(DocumentBuilderImpl.java:342)
	at com.st.stm32cube.ide.mpu.remote.serial.internal.SerialPortProviderWindows.run(SerialPortProviderWindows.java:127)
	at java.base/java.util.TimerThread.mainLoop(Timer.java:566)
	at java.base/java.util.TimerThread.run(Timer.java:516)

!ENTRY com.st.stm32cube.ide.mpu.remote.serial 4 0 2026-01-16 22:42:58.740
!MESSAGE Failed to parse wmic output
!STACK 0
org.xml.sax.SAXParseException; lineNumber: 1; columnNumber: 1; Premature end of file.
	at java.xml/com.sun.org.apache.xerces.internal.parsers.DOMParser.parse(DOMParser.java:262)
	at java.xml/com.sun.org.apache.xerces.internal.jaxp.DocumentBuilderImpl.parse(DocumentBuilderImpl.java:342)
	at com.st.stm32cube.ide.mpu.remote.serial.internal.SerialPortProviderWindows.run(SerialPortProviderWindows.java:127)
	at java.base/java.util.TimerThread.mainLoop(Timer.java:566)
	at java.base/java.util.TimerThread.run(Timer.java:516)

!ENTRY com.st.stm32cube.ide.mpu.remote.serial 4 0 2026-01-16 22:42:59.774
!MESSAGE Failed to parse wmic output
!STACK 0
org.xml.sax.SAXParseException; lineNumber: 1; columnNumber: 1; Premature end of file.
	at java.xml/com.sun.org.apache.xerces.internal.parsers.DOMParser.parse(DOMParser.java:262)
	at java.xml/com.sun.org.apache.xerces.internal.jaxp.DocumentBuilderImpl.parse(DocumentBuilderImpl.java:342)
	at com.st.stm32cube.ide.mpu.remote.serial.internal.SerialPortProviderWindows.run(SerialPortProviderWindows.java:127)
	at java.base/java.util.TimerThread.mainLoop(Timer.java:566)
	at java.base/java.util.TimerThread.run(Timer.java:516)

!ENTRY com.st.stm32cube.ide.mpu.remote.serial 4 0 2026-01-16 22:43:00.720
!MESSAGE Failed to parse wmic output
!STACK 0
org.xml.sax.SAXParseException; lineNumber: 1; columnNumber: 1; Premature end of file.
	at java.xml/com.sun.org.apache.xerces.internal.parsers.DOMParser.parse(DOMParser.java:262)
	at java.xml/com.sun.org.apache.xerces.internal.jaxp.DocumentBuilderImpl.parse(DocumentBuilderImpl.java:342)
	at com.st.stm32cube.ide.mpu.remote.serial.internal.SerialPortProviderWindows.run(SerialPortProviderWindows.java:127)
	at java.base/java.util.TimerThread.mainLoop(Timer.java:566)
	at java.base/java.util.TimerThread.run(Timer.java:516)

!ENTRY com.st.stm32cube.ide.mpu.remote.serial 4 0 2026-01-16 22:43:01.726
!MESSAGE Failed to parse wmic output
!STACK 0
org.xml.sax.SAXParseException; lineNumber: 1; columnNumber: 1; Premature end of file.
	at java.xml/com.sun.org.apache.xerces.internal.parsers.DOMParser.parse(DOMParser.java:262)
	at java.xml/com.sun.org.apache.xerces.internal.jaxp.DocumentBuilderImpl.parse(DocumentBuilderImpl.java:342)
	at com.st.stm32cube.ide.mpu.remote.serial.internal.SerialPortProviderWindows.run(SerialPortProviderWindows.java:127)
	at java.base/java.util.TimerThread.mainLoop(Timer.java:566)
	at java.base/java.util.TimerThread.run(Timer.java:516)

!ENTRY com.st.stm32cube.ide.mpu.remote.serial 4 0 2026-01-16 22:43:02.723
!MESSAGE Failed to parse wmic output
!STACK 0
org.xml.sax.SAXParseException; lineNumber: 1; columnNumber: 1; Premature end of file.
	at java.xml/com.sun.org.apache.xerces.internal.parsers.DOMParser.parse(DOMParser.java:262)
	at java.xml/com.sun.org.apache.xerces.internal.jaxp.DocumentBuilderImpl.parse(DocumentBuilderImpl.java:342)
	at com.st.stm32cube.ide.mpu.remote.serial.internal.SerialPortProviderWindows.run(SerialPortProviderWindows.java:127)
	at java.base/java.util.TimerThread.mainLoop(Timer.java:566)
	at java.base/java.util.TimerThread.run(Timer.java:516)

!ENTRY com.st.stm32cube.ide.mpu.remote.serial 4 0 2026-01-16 22:43:03.726
!MESSAGE Failed to parse wmic output
!STACK 0
org.xml.sax.SAXParseException; lineNumber: 1; columnNumber: 1; Premature end of file.
	at java.xml/com.sun.org.apache.xerces.internal.parsers.DOMParser.parse(DOMParser.java:262)
	at java.xml/com.sun.org.apache.xerces.internal.jaxp.DocumentBuilderImpl.parse(DocumentBuilderImpl.java:342)
	at com.st.stm32cube.ide.mpu.remote.serial.internal.SerialPortProviderWindows.run(SerialPortProviderWindows.java:127)
	at java.base/java.util.TimerThread.mainLoop(Timer.java:566)
	at java.base/java.util.TimerThread.run(Timer.java:516)

!ENTRY com.st.stm32cube.ide.mpu.remote.serial 4 0 2026-01-16 22:43:04.742
!MESSAGE Failed to parse wmic output
!STACK 0
org.xml.sax.SAXParseException; lineNumber: 1; columnNumber: 1; Premature end of file.
	at java.xml/com.sun.org.apache.xerces.internal.parsers.DOMParser.parse(DOMParser.java:262)
	at java.xml/com.sun.org.apache.xerces.internal.jaxp.DocumentBuilderImpl.parse(DocumentBuilderImpl.java:342)
	at com.st.stm32cube.ide.mpu.remote.serial.internal.SerialPortProviderWindows.run(SerialPortProviderWindows.java:127)
	at java.base/java.util.TimerThread.mainLoop(Timer.java:566)
	at java.base/java.util.TimerThread.run(Timer.java:516)

!ENTRY com.st.stm32cube.ide.mpu.remote.serial 4 0 2026-01-16 22:43:05.724
!MESSAGE Failed to parse wmic output
!STACK 0
org.xml.sax.SAXParseException; lineNumber: 1; columnNumber: 1; Premature end of file.
	at java.xml/com.sun.org.apache.xerces.internal.parsers.DOMParser.parse(DOMParser.java:262)
	at java.xml/com.sun.org.apache.xerces.internal.jaxp.DocumentBuilderImpl.parse(DocumentBuilderImpl.java:342)
	at com.st.stm32cube.ide.mpu.remote.serial.internal.SerialPortProviderWindows.run(SerialPortProviderWindows.java:127)
	at java.base/java.util.TimerThread.mainLoop(Timer.java:566)
	at java.base/java.util.TimerThread.run(Timer.java:516)

!ENTRY com.st.stm32cube.ide.mpu.remote.serial 4 0 2026-01-16 22:43:06.732
!MESSAGE Failed to parse wmic output
!STACK 0
org.xml.sax.SAXParseException; lineNumber: 1; columnNumber: 1; Premature end of file.
	at java.xml/com.sun.org.apache.xerces.internal.parsers.DOMParser.parse(DOMParser.java:262)
	at java.xml/com.sun.org.apache.xerces.internal.jaxp.DocumentBuilderImpl.parse(DocumentBuilderImpl.java:342)
	at com.st.stm32cube.ide.mpu.remote.serial.internal.SerialPortProviderWindows.run(SerialPortProviderWindows.java:127)
	at java.base/java.util.TimerThread.mainLoop(Timer.java:566)
	at java.base/java.util.TimerThread.run(Timer.java:516)

!ENTRY com.st.stm32cube.ide.mpu.remote.serial 4 0 2026-01-16 22:43:07.733
!MESSAGE Failed to parse wmic output
!STACK 0
org.xml.sax.SAXParseException; lineNumber: 1; columnNumber: 1; Premature end of file.
	at java.xml/com.sun.org.apache.xerces.internal.parsers.DOMParser.parse(DOMParser.java:262)
	at java.xml/com.sun.org.apache.xerces.internal.jaxp.DocumentBuilderImpl.parse(DocumentBuilderImpl.java:342)
	at com.st.stm32cube.ide.mpu.remote.serial.internal.SerialPortProviderWindows.run(SerialPortProviderWindows.java:127)
	at java.base/java.util.TimerThread.mainLoop(Timer.java:566)
	at java.base/java.util.TimerThread.run(Timer.java:516)

!ENTRY com.st.stm32cube.ide.mpu.remote.serial 4 0 2026-01-16 22:43:08.741
!MESSAGE Failed to parse wmic output
!STACK 0
org.xml.sax.SAXParseException; lineNumber: 1; columnNumber: 1; Premature end of file.
	at java.xml/com.sun.org.apache.xerces.internal.parsers.DOMParser.parse(DOMParser.java:262)
	at java.xml/com.sun.org.apache.xerces.internal.jaxp.DocumentBuilderImpl.parse(DocumentBuilderImpl.java:342)
	at com.st.stm32cube.ide.mpu.remote.serial.internal.SerialPortProviderWindows.run(SerialPortProviderWindows.java:127)
	at java.base/java.util.TimerThread.mainLoop(Timer.java:566)
	at java.base/java.util.TimerThread.run(Timer.java:516)

!ENTRY com.st.stm32cube.ide.mpu.remote.serial 4 0 2026-01-16 22:43:09.751
!MESSAGE Failed to parse wmic output
!STACK 0
org.xml.sax.SAXParseException; lineNumber: 1; columnNumber: 1; Premature end of file.
	at java.xml/com.sun.org.apache.xerces.internal.parsers.DOMParser.parse(DOMParser.java:262)
	at java.xml/com.sun.org.apache.xerces.internal.jaxp.DocumentBuilderImpl.parse(DocumentBuilderImpl.java:342)
	at com.st.stm32cube.ide.mpu.remote.serial.internal.SerialPortProviderWindows.run(SerialPortProviderWindows.java:127)
	at java.base/java.util.TimerThread.mainLoop(Timer.java:566)
	at java.base/java.util.TimerThread.run(Timer.java:516)

!ENTRY com.st.stm32cube.ide.mpu.remote.serial 4 0 2026-01-16 22:43:10.729
!MESSAGE Failed to parse wmic output
!STACK 0
org.xml.sax.SAXParseException; lineNumber: 1; columnNumber: 1; Premature end of file.
	at java.xml/com.sun.org.apache.xerces.internal.parsers.DOMParser.parse(DOMParser.java:262)
	at java.xml/com.sun.org.apache.xerces.internal.jaxp.DocumentBuilderImpl.parse(DocumentBuilderImpl.java:342)
	at com.st.stm32cube.ide.mpu.remote.serial.internal.SerialPortProviderWindows.run(SerialPortProviderWindows.java:127)
	at java.base/java.util.TimerThread.mainLoop(Timer.java:566)
	at java.base/java.util.TimerThread.run(Timer.java:516)

!ENTRY com.st.stm32cube.ide.mpu.remote.serial 4 0 2026-01-16 22:43:11.777
!MESSAGE Failed to parse wmic output
!STACK 0
org.xml.sax.SAXParseException; lineNumber: 1; columnNumber: 1; Premature end of file.
	at java.xml/com.sun.org.apache.xerces.internal.parsers.DOMParser.parse(DOMParser.java:262)
	at java.xml/com.sun.org.apache.xerces.internal.jaxp.DocumentBuilderImpl.parse(DocumentBuilderImpl.java:342)
	at com.st.stm32cube.ide.mpu.remote.serial.internal.SerialPortProviderWindows.run(SerialPortProviderWindows.java:127)
	at java.base/java.util.TimerThread.mainLoop(Timer.java:566)
	at java.base/java.util.TimerThread.run(Timer.java:516)

!ENTRY com.st.stm32cube.ide.mpu.remote.serial 4 0 2026-01-16 22:43:12.748
!MESSAGE Failed to parse wmic output
!STACK 0
org.xml.sax.SAXParseException; lineNumber: 1; columnNumber: 1; Premature end of file.
	at java.xml/com.sun.org.apache.xerces.internal.parsers.DOMParser.parse(DOMParser.java:262)
	at java.xml/com.sun.org.apache.xerces.internal.jaxp.DocumentBuilderImpl.parse(DocumentBuilderImpl.java:342)
	at com.st.stm32cube.ide.mpu.remote.serial.internal.SerialPortProviderWindows.run(SerialPortProviderWindows.java:127)
	at java.base/java.util.TimerThread.mainLoop(Timer.java:566)
	at java.base/java.util.TimerThread.run(Timer.java:516)

!ENTRY com.st.stm32cube.ide.mpu.remote.serial 4 0 2026-01-16 22:43:13.745
!MESSAGE Failed to parse wmic output
!STACK 0
org.xml.sax.SAXParseException; lineNumber: 1; columnNumber: 1; Premature end of file.
	at java.xml/com.sun.org.apache.xerces.internal.parsers.DOMParser.parse(DOMParser.java:262)
	at java.xml/com.sun.org.apache.xerces.internal.jaxp.DocumentBuilderImpl.parse(DocumentBuilderImpl.java:342)
	at com.st.stm32cube.ide.mpu.remote.serial.internal.SerialPortProviderWindows.run(SerialPortProviderWindows.java:127)
	at java.base/java.util.TimerThread.mainLoop(Timer.java:566)
	at java.base/java.util.TimerThread.run(Timer.java:516)

!ENTRY com.st.stm32cube.ide.mpu.remote.serial 4 0 2026-01-16 22:43:14.745
!MESSAGE Failed to parse wmic output
!STACK 0
org.xml.sax.SAXParseException; lineNumber: 1; columnNumber: 1; Premature end of file.
	at java.xml/com.sun.org.apache.xerces.internal.parsers.DOMParser.parse(DOMParser.java:262)
	at java.xml/com.sun.org.apache.xerces.internal.jaxp.DocumentBuilderImpl.parse(DocumentBuilderImpl.java:342)
	at com.st.stm32cube.ide.mpu.remote.serial.internal.SerialPortProviderWindows.run(SerialPortProviderWindows.java:127)
	at java.base/java.util.TimerThread.mainLoop(Timer.java:566)
	at java.base/java.util.TimerThread.run(Timer.java:516)

!ENTRY com.st.stm32cube.ide.mpu.remote.serial 4 0 2026-01-16 22:43:15.729
!MESSAGE Failed to parse wmic output
!STACK 0
org.xml.sax.SAXParseException; lineNumber: 1; columnNumber: 1; Premature end of file.
	at java.xml/com.sun.org.apache.xerces.internal.parsers.DOMParser.parse(DOMParser.java:262)
	at java.xml/com.sun.org.apache.xerces.internal.jaxp.DocumentBuilderImpl.parse(DocumentBuilderImpl.java:342)
	at com.st.stm32cube.ide.mpu.remote.serial.internal.SerialPortProviderWindows.run(SerialPortProviderWindows.java:127)
	at java.base/java.util.TimerThread.mainLoop(Timer.java:566)
	at java.base/java.util.TimerThread.run(Timer.java:516)

!ENTRY com.st.stm32cube.ide.mpu.remote.serial 4 0 2026-01-16 22:43:16.736
!MESSAGE Failed to parse wmic output
!STACK 0
org.xml.sax.SAXParseException; lineNumber: 1; columnNumber: 1; Premature end of file.
	at java.xml/com.sun.org.apache.xerces.internal.parsers.DOMParser.parse(DOMParser.java:262)
	at java.xml/com.sun.org.apache.xerces.internal.jaxp.DocumentBuilderImpl.parse(DocumentBuilderImpl.java:342)
	at com.st.stm32cube.ide.mpu.remote.serial.internal.SerialPortProviderWindows.run(SerialPortProviderWindows.java:127)
	at java.base/java.util.TimerThread.mainLoop(Timer.java:566)
	at java.base/java.util.TimerThread.run(Timer.java:516)

!ENTRY com.st.stm32cube.ide.mpu.remote.serial 4 0 2026-01-16 22:43:17.737
!MESSAGE Failed to parse wmic output
!STACK 0
org.xml.sax.SAXParseException; lineNumber: 1; columnNumber: 1; Premature end of file.
	at java.xml/com.sun.org.apache.xerces.internal.parsers.DOMParser.parse(DOMParser.java:262)
	at java.xml/com.sun.org.apache.xerces.internal.jaxp.DocumentBuilderImpl.parse(DocumentBuilderImpl.java:342)
	at com.st.stm32cube.ide.mpu.remote.serial.internal.SerialPortProviderWindows.run(SerialPortProviderWindows.java:127)
	at java.base/java.util.TimerThread.mainLoop(Timer.java:566)
	at java.base/java.util.TimerThread.run(Timer.java:516)

!ENTRY com.st.stm32cube.ide.mpu.remote.serial 4 0 2026-01-16 22:43:18.736
!MESSAGE Failed to parse wmic output
!STACK 0
org.xml.sax.SAXParseException; lineNumber: 1; columnNumber: 1; Premature end of file.
	at java.xml/com.sun.org.apache.xerces.internal.parsers.DOMParser.parse(DOMParser.java:262)
	at java.xml/com.sun.org.apache.xerces.internal.jaxp.DocumentBuilderImpl.parse(DocumentBuilderImpl.java:342)
	at com.st.stm32cube.ide.mpu.remote.serial.internal.SerialPortProviderWindows.run(SerialPortProviderWindows.java:127)
	at java.base/java.util.TimerThread.mainLoop(Timer.java:566)
	at java.base/java.util.TimerThread.run(Timer.java:516)

!ENTRY com.st.stm32cube.ide.mpu.remote.serial 4 0 2026-01-16 22:43:19.734
!MESSAGE Failed to parse wmic output
!STACK 0
org.xml.sax.SAXParseException; lineNumber: 1; columnNumber: 1; Premature end of file.
	at java.xml/com.sun.org.apache.xerces.internal.parsers.DOMParser.parse(DOMParser.java:262)
	at java.xml/com.sun.org.apache.xerces.internal.jaxp.DocumentBuilderImpl.parse(DocumentBuilderImpl.java:342)
	at com.st.stm32cube.ide.mpu.remote.serial.internal.SerialPortProviderWindows.run(SerialPortProviderWindows.java:127)
	at java.base/java.util.TimerThread.mainLoop(Timer.java:566)
	at java.base/java.util.TimerThread.run(Timer.java:516)

!ENTRY com.st.stm32cube.ide.mpu.remote.serial 4 0 2026-01-16 22:43:20.727
!MESSAGE Failed to parse wmic output
!STACK 0
org.xml.sax.SAXParseException; lineNumber: 1; columnNumber: 1; Premature end of file.
	at java.xml/com.sun.org.apache.xerces.internal.parsers.DOMParser.parse(DOMParser.java:262)
	at java.xml/com.sun.org.apache.xerces.internal.jaxp.DocumentBuilderImpl.parse(DocumentBuilderImpl.java:342)
	at com.st.stm32cube.ide.mpu.remote.serial.internal.SerialPortProviderWindows.run(SerialPortProviderWindows.java:127)
	at java.base/java.util.TimerThread.mainLoop(Timer.java:566)
	at java.base/java.util.TimerThread.run(Timer.java:516)

!ENTRY com.st.stm32cube.ide.mpu.remote.serial 4 0 2026-01-16 22:43:21.754
!MESSAGE Failed to parse wmic output
!STACK 0
org.xml.sax.SAXParseException; lineNumber: 1; columnNumber: 1; Premature end of file.
	at java.xml/com.sun.org.apache.xerces.internal.parsers.DOMParser.parse(DOMParser.java:262)
	at java.xml/com.sun.org.apache.xerces.internal.jaxp.DocumentBuilderImpl.parse(DocumentBuilderImpl.java:342)
	at com.st.stm32cube.ide.mpu.remote.serial.internal.SerialPortProviderWindows.run(SerialPortProviderWindows.java:127)
	at java.base/java.util.TimerThread.mainLoop(Timer.java:566)
	at java.base/java.util.TimerThread.run(Timer.java:516)

!ENTRY com.st.stm32cube.ide.mpu.remote.serial 4 0 2026-01-16 22:43:22.853
!MESSAGE Failed to parse wmic output
!STACK 0
org.xml.sax.SAXParseException; lineNumber: 1; columnNumber: 1; Premature end of file.
	at java.xml/com.sun.org.apache.xerces.internal.parsers.DOMParser.parse(DOMParser.java:262)
	at java.xml/com.sun.org.apache.xerces.internal.jaxp.DocumentBuilderImpl.parse(DocumentBuilderImpl.java:342)
	at com.st.stm32cube.ide.mpu.remote.serial.internal.SerialPortProviderWindows.run(SerialPortProviderWindows.java:127)
	at java.base/java.util.TimerThread.mainLoop(Timer.java:566)
	at java.base/java.util.TimerThread.run(Timer.java:516)

!ENTRY com.st.stm32cube.ide.mpu.remote.serial 4 0 2026-01-16 22:43:23.725
!MESSAGE Failed to parse wmic output
!STACK 0
org.xml.sax.SAXParseException; lineNumber: 1; columnNumber: 1; Premature end of file.
	at java.xml/com.sun.org.apache.xerces.internal.parsers.DOMParser.parse(DOMParser.java:262)
	at java.xml/com.sun.org.apache.xerces.internal.jaxp.DocumentBuilderImpl.parse(DocumentBuilderImpl.java:342)
	at com.st.stm32cube.ide.mpu.remote.serial.internal.SerialPortProviderWindows.run(SerialPortProviderWindows.java:127)
	at java.base/java.util.TimerThread.mainLoop(Timer.java:566)
	at java.base/java.util.TimerThread.run(Timer.java:516)

!ENTRY com.st.stm32cube.ide.mpu.remote.serial 4 0 2026-01-16 22:43:24.770
!MESSAGE Failed to parse wmic output
!STACK 0
org.xml.sax.SAXParseException; lineNumber: 1; columnNumber: 1; Premature end of file.
	at java.xml/com.sun.org.apache.xerces.internal.parsers.DOMParser.parse(DOMParser.java:262)
	at java.xml/com.sun.org.apache.xerces.internal.jaxp.DocumentBuilderImpl.parse(DocumentBuilderImpl.java:342)
	at com.st.stm32cube.ide.mpu.remote.serial.internal.SerialPortProviderWindows.run(SerialPortProviderWindows.java:127)
	at java.base/java.util.TimerThread.mainLoop(Timer.java:566)
	at java.base/java.util.TimerThread.run(Timer.java:516)

!ENTRY com.st.stm32cube.ide.mpu.remote.serial 4 0 2026-01-16 22:43:25.750
!MESSAGE Failed to parse wmic output
!STACK 0
org.xml.sax.SAXParseException; lineNumber: 1; columnNumber: 1; Premature end of file.
	at java.xml/com.sun.org.apache.xerces.internal.parsers.DOMParser.parse(DOMParser.java:262)
	at java.xml/com.sun.org.apache.xerces.internal.jaxp.DocumentBuilderImpl.parse(DocumentBuilderImpl.java:342)
	at com.st.stm32cube.ide.mpu.remote.serial.internal.SerialPortProviderWindows.run(SerialPortProviderWindows.java:127)
	at java.base/java.util.TimerThread.mainLoop(Timer.java:566)
	at java.base/java.util.TimerThread.run(Timer.java:516)

!ENTRY com.st.stm32cube.ide.mpu.remote.serial 4 0 2026-01-16 22:43:26.733
!MESSAGE Failed to parse wmic output
!STACK 0
org.xml.sax.SAXParseException; lineNumber: 1; columnNumber: 1; Premature end of file.
	at java.xml/com.sun.org.apache.xerces.internal.parsers.DOMParser.parse(DOMParser.java:262)
	at java.xml/com.sun.org.apache.xerces.internal.jaxp.DocumentBuilderImpl.parse(DocumentBuilderImpl.java:342)
	at com.st.stm32cube.ide.mpu.remote.serial.internal.SerialPortProviderWindows.run(SerialPortProviderWindows.java:127)
	at java.base/java.util.TimerThread.mainLoop(Timer.java:566)
	at java.base/java.util.TimerThread.run(Timer.java:516)

!ENTRY com.st.stm32cube.ide.mpu.remote.serial 4 0 2026-01-16 22:43:27.755
!MESSAGE Failed to parse wmic output
!STACK 0
org.xml.sax.SAXParseException; lineNumber: 1; columnNumber: 1; Premature end of file.
	at java.xml/com.sun.org.apache.xerces.internal.parsers.DOMParser.parse(DOMParser.java:262)
	at java.xml/com.sun.org.apache.xerces.internal.jaxp.DocumentBuilderImpl.parse(DocumentBuilderImpl.java:342)
	at com.st.stm32cube.ide.mpu.remote.serial.internal.SerialPortProviderWindows.run(SerialPortProviderWindows.java:127)
	at java.base/java.util.TimerThread.mainLoop(Timer.java:566)
	at java.base/java.util.TimerThread.run(Timer.java:516)

!ENTRY com.st.stm32cube.ide.mpu.remote.serial 4 0 2026-01-16 22:43:28.729
!MESSAGE Failed to parse wmic output
!STACK 0
org.xml.sax.SAXParseException; lineNumber: 1; columnNumber: 1; Premature end of file.
	at java.xml/com.sun.org.apache.xerces.internal.parsers.DOMParser.parse(DOMParser.java:262)
	at java.xml/com.sun.org.apache.xerces.internal.jaxp.DocumentBuilderImpl.parse(DocumentBuilderImpl.java:342)
	at com.st.stm32cube.ide.mpu.remote.serial.internal.SerialPortProviderWindows.run(SerialPortProviderWindows.java:127)
	at java.base/java.util.TimerThread.mainLoop(Timer.java:566)
	at java.base/java.util.TimerThread.run(Timer.java:516)

!ENTRY com.st.stm32cube.ide.mpu.remote.serial 4 0 2026-01-16 22:43:29.776
!MESSAGE Failed to parse wmic output
!STACK 0
org.xml.sax.SAXParseException; lineNumber: 1; columnNumber: 1; Premature end of file.
	at java.xml/com.sun.org.apache.xerces.internal.parsers.DOMParser.parse(DOMParser.java:262)
	at java.xml/com.sun.org.apache.xerces.internal.jaxp.DocumentBuilderImpl.parse(DocumentBuilderImpl.java:342)
	at com.st.stm32cube.ide.mpu.remote.serial.internal.SerialPortProviderWindows.run(SerialPortProviderWindows.java:127)
	at java.base/java.util.TimerThread.mainLoop(Timer.java:566)
	at java.base/java.util.TimerThread.run(Timer.java:516)

!ENTRY com.st.stm32cube.ide.mpu.remote.serial 4 0 2026-01-16 22:43:30.732
!MESSAGE Failed to parse wmic output
!STACK 0
org.xml.sax.SAXParseException; lineNumber: 1; columnNumber: 1; Premature end of file.
	at java.xml/com.sun.org.apache.xerces.internal.parsers.DOMParser.parse(DOMParser.java:262)
	at java.xml/com.sun.org.apache.xerces.internal.jaxp.DocumentBuilderImpl.parse(DocumentBuilderImpl.java:342)
	at com.st.stm32cube.ide.mpu.remote.serial.internal.SerialPortProviderWindows.run(SerialPortProviderWindows.java:127)
	at java.base/java.util.TimerThread.mainLoop(Timer.java:566)
	at java.base/java.util.TimerThread.run(Timer.java:516)

!ENTRY com.st.stm32cube.ide.mpu.remote.serial 4 0 2026-01-16 22:43:31.782
!MESSAGE Failed to parse wmic output
!STACK 0
org.xml.sax.SAXParseException; lineNumber: 1; columnNumber: 1; Premature end of file.
	at java.xml/com.sun.org.apache.xerces.internal.parsers.DOMParser.parse(DOMParser.java:262)
	at java.xml/com.sun.org.apache.xerces.internal.jaxp.DocumentBuilderImpl.parse(DocumentBuilderImpl.java:342)
	at com.st.stm32cube.ide.mpu.remote.serial.internal.SerialPortProviderWindows.run(SerialPortProviderWindows.java:127)
	at java.base/java.util.TimerThread.mainLoop(Timer.java:566)
	at java.base/java.util.TimerThread.run(Timer.java:516)

!ENTRY com.st.stm32cube.ide.mpu.remote.serial 4 0 2026-01-16 22:43:32.719
!MESSAGE Failed to parse wmic output
!STACK 0
org.xml.sax.SAXParseException; lineNumber: 1; columnNumber: 1; Premature end of file.
	at java.xml/com.sun.org.apache.xerces.internal.parsers.DOMParser.parse(DOMParser.java:262)
	at java.xml/com.sun.org.apache.xerces.internal.jaxp.DocumentBuilderImpl.parse(DocumentBuilderImpl.java:342)
	at com.st.stm32cube.ide.mpu.remote.serial.internal.SerialPortProviderWindows.run(SerialPortProviderWindows.java:127)
	at java.base/java.util.TimerThread.mainLoop(Timer.java:566)
	at java.base/java.util.TimerThread.run(Timer.java:516)

!ENTRY com.st.stm32cube.ide.mpu.remote.serial 4 0 2026-01-16 22:43:33.734
!MESSAGE Failed to parse wmic output
!STACK 0
org.xml.sax.SAXParseException; lineNumber: 1; columnNumber: 1; Premature end of file.
	at java.xml/com.sun.org.apache.xerces.internal.parsers.DOMParser.parse(DOMParser.java:262)
	at java.xml/com.sun.org.apache.xerces.internal.jaxp.DocumentBuilderImpl.parse(DocumentBuilderImpl.java:342)
	at com.st.stm32cube.ide.mpu.remote.serial.internal.SerialPortProviderWindows.run(SerialPortProviderWindows.java:127)
	at java.base/java.util.TimerThread.mainLoop(Timer.java:566)
	at java.base/java.util.TimerThread.run(Timer.java:516)

!ENTRY com.st.stm32cube.ide.mpu.remote.serial 4 0 2026-01-16 22:43:34.719
!MESSAGE Failed to parse wmic output
!STACK 0
org.xml.sax.SAXParseException; lineNumber: 1; columnNumber: 1; Premature end of file.
	at java.xml/com.sun.org.apache.xerces.internal.parsers.DOMParser.parse(DOMParser.java:262)
	at java.xml/com.sun.org.apache.xerces.internal.jaxp.DocumentBuilderImpl.parse(DocumentBuilderImpl.java:342)
	at com.st.stm32cube.ide.mpu.remote.serial.internal.SerialPortProviderWindows.run(SerialPortProviderWindows.java:127)
	at java.base/java.util.TimerThread.mainLoop(Timer.java:566)
	at java.base/java.util.TimerThread.run(Timer.java:516)

!ENTRY com.st.stm32cube.ide.mpu.remote.serial 4 0 2026-01-16 22:43:35.747
!MESSAGE Failed to parse wmic output
!STACK 0
org.xml.sax.SAXParseException; lineNumber: 1; columnNumber: 1; Premature end of file.
	at java.xml/com.sun.org.apache.xerces.internal.parsers.DOMParser.parse(DOMParser.java:262)
	at java.xml/com.sun.org.apache.xerces.internal.jaxp.DocumentBuilderImpl.parse(DocumentBuilderImpl.java:342)
	at com.st.stm32cube.ide.mpu.remote.serial.internal.SerialPortProviderWindows.run(SerialPortProviderWindows.java:127)
	at java.base/java.util.TimerThread.mainLoop(Timer.java:566)
	at java.base/java.util.TimerThread.run(Timer.java:516)

!ENTRY com.st.stm32cube.ide.mpu.remote.serial 4 0 2026-01-16 22:43:36.737
!MESSAGE Failed to parse wmic output
!STACK 0
org.xml.sax.SAXParseException; lineNumber: 1; columnNumber: 1; Premature end of file.
	at java.xml/com.sun.org.apache.xerces.internal.parsers.DOMParser.parse(DOMParser.java:262)
	at java.xml/com.sun.org.apache.xerces.internal.jaxp.DocumentBuilderImpl.parse(DocumentBuilderImpl.java:342)
	at com.st.stm32cube.ide.mpu.remote.serial.internal.SerialPortProviderWindows.run(SerialPortProviderWindows.java:127)
	at java.base/java.util.TimerThread.mainLoop(Timer.java:566)
	at java.base/java.util.TimerThread.run(Timer.java:516)

!ENTRY com.st.stm32cube.ide.mpu.remote.serial 4 0 2026-01-16 22:43:37.775
!MESSAGE Failed to parse wmic output
!STACK 0
org.xml.sax.SAXParseException; lineNumber: 1; columnNumber: 1; Premature end of file.
	at java.xml/com.sun.org.apache.xerces.internal.parsers.DOMParser.parse(DOMParser.java:262)
	at java.xml/com.sun.org.apache.xerces.internal.jaxp.DocumentBuilderImpl.parse(DocumentBuilderImpl.java:342)
	at com.st.stm32cube.ide.mpu.remote.serial.internal.SerialPortProviderWindows.run(SerialPortProviderWindows.java:127)
	at java.base/java.util.TimerThread.mainLoop(Timer.java:566)
	at java.base/java.util.TimerThread.run(Timer.java:516)

!ENTRY com.st.stm32cube.ide.mpu.remote.serial 4 0 2026-01-16 22:43:38.723
!MESSAGE Failed to parse wmic output
!STACK 0
org.xml.sax.SAXParseException; lineNumber: 1; columnNumber: 1; Premature end of file.
	at java.xml/com.sun.org.apache.xerces.internal.parsers.DOMParser.parse(DOMParser.java:262)
	at java.xml/com.sun.org.apache.xerces.internal.jaxp.DocumentBuilderImpl.parse(DocumentBuilderImpl.java:342)
	at com.st.stm32cube.ide.mpu.remote.serial.internal.SerialPortProviderWindows.run(SerialPortProviderWindows.java:127)
	at java.base/java.util.TimerThread.mainLoop(Timer.java:566)
	at java.base/java.util.TimerThread.run(Timer.java:516)

!ENTRY com.st.stm32cube.ide.mpu.remote.serial 4 0 2026-01-16 22:43:39.729
!MESSAGE Failed to parse wmic output
!STACK 0
org.xml.sax.SAXParseException; lineNumber: 1; columnNumber: 1; Premature end of file.
	at java.xml/com.sun.org.apache.xerces.internal.parsers.DOMParser.parse(DOMParser.java:262)
	at java.xml/com.sun.org.apache.xerces.internal.jaxp.DocumentBuilderImpl.parse(DocumentBuilderImpl.java:342)
	at com.st.stm32cube.ide.mpu.remote.serial.internal.SerialPortProviderWindows.run(SerialPortProviderWindows.java:127)
	at java.base/java.util.TimerThread.mainLoop(Timer.java:566)
	at java.base/java.util.TimerThread.run(Timer.java:516)

!ENTRY com.st.stm32cube.ide.mpu.remote.serial 4 0 2026-01-16 22:43:40.747
!MESSAGE Failed to parse wmic output
!STACK 0
org.xml.sax.SAXParseException; lineNumber: 1; columnNumber: 1; Premature end of file.
	at java.xml/com.sun.org.apache.xerces.internal.parsers.DOMParser.parse(DOMParser.java:262)
	at java.xml/com.sun.org.apache.xerces.internal.jaxp.DocumentBuilderImpl.parse(DocumentBuilderImpl.java:342)
	at com.st.stm32cube.ide.mpu.remote.serial.internal.SerialPortProviderWindows.run(SerialPortProviderWindows.java:127)
	at java.base/java.util.TimerThread.mainLoop(Timer.java:566)
	at java.base/java.util.TimerThread.run(Timer.java:516)

!ENTRY com.st.stm32cube.ide.mpu.remote.serial 4 0 2026-01-16 22:43:41.728
!MESSAGE Failed to parse wmic output
!STACK 0
org.xml.sax.SAXParseException; lineNumber: 1; columnNumber: 1; Premature end of file.
	at java.xml/com.sun.org.apache.xerces.internal.parsers.DOMParser.parse(DOMParser.java:262)
	at java.xml/com.sun.org.apache.xerces.internal.jaxp.DocumentBuilderImpl.parse(DocumentBuilderImpl.java:342)
	at com.st.stm32cube.ide.mpu.remote.serial.internal.SerialPortProviderWindows.run(SerialPortProviderWindows.java:127)
	at java.base/java.util.TimerThread.mainLoop(Timer.java:566)
	at java.base/java.util.TimerThread.run(Timer.java:516)

!ENTRY com.st.stm32cube.ide.mpu.remote.serial 4 0 2026-01-16 22:43:42.713
!MESSAGE Failed to parse wmic output
!STACK 0
org.xml.sax.SAXParseException; lineNumber: 1; columnNumber: 1; Premature end of file.
	at java.xml/com.sun.org.apache.xerces.internal.parsers.DOMParser.parse(DOMParser.java:262)
	at java.xml/com.sun.org.apache.xerces.internal.jaxp.DocumentBuilderImpl.parse(DocumentBuilderImpl.java:342)
	at com.st.stm32cube.ide.mpu.remote.serial.internal.SerialPortProviderWindows.run(SerialPortProviderWindows.java:127)
	at java.base/java.util.TimerThread.mainLoop(Timer.java:566)
	at java.base/java.util.TimerThread.run(Timer.java:516)

!ENTRY com.st.stm32cube.ide.mpu.remote.serial 4 0 2026-01-16 22:43:43.734
!MESSAGE Failed to parse wmic output
!STACK 0
org.xml.sax.SAXParseException; lineNumber: 1; columnNumber: 1; Premature end of file.
	at java.xml/com.sun.org.apache.xerces.internal.parsers.DOMParser.parse(DOMParser.java:262)
	at java.xml/com.sun.org.apache.xerces.internal.jaxp.DocumentBuilderImpl.parse(DocumentBuilderImpl.java:342)
	at com.st.stm32cube.ide.mpu.remote.serial.internal.SerialPortProviderWindows.run(SerialPortProviderWindows.java:127)
	at java.base/java.util.TimerThread.mainLoop(Timer.java:566)
	at java.base/java.util.TimerThread.run(Timer.java:516)

!ENTRY com.st.stm32cube.ide.mpu.remote.serial 4 0 2026-01-16 22:43:44.720
!MESSAGE Failed to parse wmic output
!STACK 0
org.xml.sax.SAXParseException; lineNumber: 1; columnNumber: 1; Premature end of file.
	at java.xml/com.sun.org.apache.xerces.internal.parsers.DOMParser.parse(DOMParser.java:262)
	at java.xml/com.sun.org.apache.xerces.internal.jaxp.DocumentBuilderImpl.parse(DocumentBuilderImpl.java:342)
	at com.st.stm32cube.ide.mpu.remote.serial.internal.SerialPortProviderWindows.run(SerialPortProviderWindows.java:127)
	at java.base/java.util.TimerThread.mainLoop(Timer.java:566)
	at java.base/java.util.TimerThread.run(Timer.java:516)

!ENTRY com.st.stm32cube.ide.mpu.remote.serial 4 0 2026-01-16 22:43:45.748
!MESSAGE Failed to parse wmic output
!STACK 0
org.xml.sax.SAXParseException; lineNumber: 1; columnNumber: 1; Premature end of file.
	at java.xml/com.sun.org.apache.xerces.internal.parsers.DOMParser.parse(DOMParser.java:262)
	at java.xml/com.sun.org.apache.xerces.internal.jaxp.DocumentBuilderImpl.parse(DocumentBuilderImpl.java:342)
	at com.st.stm32cube.ide.mpu.remote.serial.internal.SerialPortProviderWindows.run(SerialPortProviderWindows.java:127)
	at java.base/java.util.TimerThread.mainLoop(Timer.java:566)
	at java.base/java.util.TimerThread.run(Timer.java:516)

!ENTRY com.st.stm32cube.ide.mpu.remote.serial 4 0 2026-01-16 22:43:46.738
!MESSAGE Failed to parse wmic output
!STACK 0
org.xml.sax.SAXParseException; lineNumber: 1; columnNumber: 1; Premature end of file.
	at java.xml/com.sun.org.apache.xerces.internal.parsers.DOMParser.parse(DOMParser.java:262)
	at java.xml/com.sun.org.apache.xerces.internal.jaxp.DocumentBuilderImpl.parse(DocumentBuilderImpl.java:342)
	at com.st.stm32cube.ide.mpu.remote.serial.internal.SerialPortProviderWindows.run(SerialPortProviderWindows.java:127)
	at java.base/java.util.TimerThread.mainLoop(Timer.java:566)
	at java.base/java.util.TimerThread.run(Timer.java:516)

!ENTRY com.st.stm32cube.ide.mpu.remote.serial 4 0 2026-01-16 22:43:47.738
!MESSAGE Failed to parse wmic output
!STACK 0
org.xml.sax.SAXParseException; lineNumber: 1; columnNumber: 1; Premature end of file.
	at java.xml/com.sun.org.apache.xerces.internal.parsers.DOMParser.parse(DOMParser.java:262)
	at java.xml/com.sun.org.apache.xerces.internal.jaxp.DocumentBuilderImpl.parse(DocumentBuilderImpl.java:342)
	at com.st.stm32cube.ide.mpu.remote.serial.internal.SerialPortProviderWindows.run(SerialPortProviderWindows.java:127)
	at java.base/java.util.TimerThread.mainLoop(Timer.java:566)
	at java.base/java.util.TimerThread.run(Timer.java:516)

!ENTRY com.st.stm32cube.ide.mpu.remote.serial 4 0 2026-01-16 22:43:48.732
!MESSAGE Failed to parse wmic output
!STACK 0
org.xml.sax.SAXParseException; lineNumber: 1; columnNumber: 1; Premature end of file.
	at java.xml/com.sun.org.apache.xerces.internal.parsers.DOMParser.parse(DOMParser.java:262)
	at java.xml/com.sun.org.apache.xerces.internal.jaxp.DocumentBuilderImpl.parse(DocumentBuilderImpl.java:342)
	at com.st.stm32cube.ide.mpu.remote.serial.internal.SerialPortProviderWindows.run(SerialPortProviderWindows.java:127)
	at java.base/java.util.TimerThread.mainLoop(Timer.java:566)
	at java.base/java.util.TimerThread.run(Timer.java:516)

!ENTRY com.st.stm32cube.ide.mpu.remote.serial 4 0 2026-01-16 22:43:49.734
!MESSAGE Failed to parse wmic output
!STACK 0
org.xml.sax.SAXParseException; lineNumber: 1; columnNumber: 1; Premature end of file.
	at java.xml/com.sun.org.apache.xerces.internal.parsers.DOMParser.parse(DOMParser.java:262)
	at java.xml/com.sun.org.apache.xerces.internal.jaxp.DocumentBuilderImpl.parse(DocumentBuilderImpl.java:342)
	at com.st.stm32cube.ide.mpu.remote.serial.internal.SerialPortProviderWindows.run(SerialPortProviderWindows.java:127)
	at java.base/java.util.TimerThread.mainLoop(Timer.java:566)
	at java.base/java.util.TimerThread.run(Timer.java:516)

!ENTRY com.st.stm32cube.ide.mpu.remote.serial 4 0 2026-01-16 22:43:50.736
!MESSAGE Failed to parse wmic output
!STACK 0
org.xml.sax.SAXParseException; lineNumber: 1; columnNumber: 1; Premature end of file.
	at java.xml/com.sun.org.apache.xerces.internal.parsers.DOMParser.parse(DOMParser.java:262)
	at java.xml/com.sun.org.apache.xerces.internal.jaxp.DocumentBuilderImpl.parse(DocumentBuilderImpl.java:342)
	at com.st.stm32cube.ide.mpu.remote.serial.internal.SerialPortProviderWindows.run(SerialPortProviderWindows.java:127)
	at java.base/java.util.TimerThread.mainLoop(Timer.java:566)
	at java.base/java.util.TimerThread.run(Timer.java:516)

!ENTRY com.st.stm32cube.ide.mpu.remote.serial 4 0 2026-01-16 22:43:51.772
!MESSAGE Failed to parse wmic output
!STACK 0
org.xml.sax.SAXParseException; lineNumber: 1; columnNumber: 1; Premature end of file.
	at java.xml/com.sun.org.apache.xerces.internal.parsers.DOMParser.parse(DOMParser.java:262)
	at java.xml/com.sun.org.apache.xerces.internal.jaxp.DocumentBuilderImpl.parse(DocumentBuilderImpl.java:342)
	at com.st.stm32cube.ide.mpu.remote.serial.internal.SerialPortProviderWindows.run(SerialPortProviderWindows.java:127)
	at java.base/java.util.TimerThread.mainLoop(Timer.java:566)
	at java.base/java.util.TimerThread.run(Timer.java:516)

!ENTRY com.st.stm32cube.ide.mpu.remote.serial 4 0 2026-01-16 22:43:52.735
!MESSAGE Failed to parse wmic output
!STACK 0
org.xml.sax.SAXParseException; lineNumber: 1; columnNumber: 1; Premature end of file.
	at java.xml/com.sun.org.apache.xerces.internal.parsers.DOMParser.parse(DOMParser.java:262)
	at java.xml/com.sun.org.apache.xerces.internal.jaxp.DocumentBuilderImpl.parse(DocumentBuilderImpl.java:342)
	at com.st.stm32cube.ide.mpu.remote.serial.internal.SerialPortProviderWindows.run(SerialPortProviderWindows.java:127)
	at java.base/java.util.TimerThread.mainLoop(Timer.java:566)
	at java.base/java.util.TimerThread.run(Timer.java:516)

!ENTRY com.st.stm32cube.ide.mpu.remote.serial 4 0 2026-01-16 22:43:53.755
!MESSAGE Failed to parse wmic output
!STACK 0
org.xml.sax.SAXParseException; lineNumber: 1; columnNumber: 1; Premature end of file.
	at java.xml/com.sun.org.apache.xerces.internal.parsers.DOMParser.parse(DOMParser.java:262)
	at java.xml/com.sun.org.apache.xerces.internal.jaxp.DocumentBuilderImpl.parse(DocumentBuilderImpl.java:342)
	at com.st.stm32cube.ide.mpu.remote.serial.internal.SerialPortProviderWindows.run(SerialPortProviderWindows.java:127)
	at java.base/java.util.TimerThread.mainLoop(Timer.java:566)
	at java.base/java.util.TimerThread.run(Timer.java:516)

!ENTRY com.st.stm32cube.ide.mpu.remote.serial 4 0 2026-01-16 22:43:54.776
!MESSAGE Failed to parse wmic output
!STACK 0
org.xml.sax.SAXParseException; lineNumber: 1; columnNumber: 1; Premature end of file.
	at java.xml/com.sun.org.apache.xerces.internal.parsers.DOMParser.parse(DOMParser.java:262)
	at java.xml/com.sun.org.apache.xerces.internal.jaxp.DocumentBuilderImpl.parse(DocumentBuilderImpl.java:342)
	at com.st.stm32cube.ide.mpu.remote.serial.internal.SerialPortProviderWindows.run(SerialPortProviderWindows.java:127)
	at java.base/java.util.TimerThread.mainLoop(Timer.java:566)
	at java.base/java.util.TimerThread.run(Timer.java:516)

!ENTRY com.st.stm32cube.ide.mpu.remote.serial 4 0 2026-01-16 22:43:55.752
!MESSAGE Failed to parse wmic output
!STACK 0
org.xml.sax.SAXParseException; lineNumber: 1; columnNumber: 1; Premature end of file.
	at java.xml/com.sun.org.apache.xerces.internal.parsers.DOMParser.parse(DOMParser.java:262)
	at java.xml/com.sun.org.apache.xerces.internal.jaxp.DocumentBuilderImpl.parse(DocumentBuilderImpl.java:342)
	at com.st.stm32cube.ide.mpu.remote.serial.internal.SerialPortProviderWindows.run(SerialPortProviderWindows.java:127)
	at java.base/java.util.TimerThread.mainLoop(Timer.java:566)
	at java.base/java.util.TimerThread.run(Timer.java:516)

!ENTRY com.st.stm32cube.ide.mpu.remote.serial 4 0 2026-01-16 22:43:56.744
!MESSAGE Failed to parse wmic output
!STACK 0
org.xml.sax.SAXParseException; lineNumber: 1; columnNumber: 1; Premature end of file.
	at java.xml/com.sun.org.apache.xerces.internal.parsers.DOMParser.parse(DOMParser.java:262)
	at java.xml/com.sun.org.apache.xerces.internal.jaxp.DocumentBuilderImpl.parse(DocumentBuilderImpl.java:342)
	at com.st.stm32cube.ide.mpu.remote.serial.internal.SerialPortProviderWindows.run(SerialPortProviderWindows.java:127)
	at java.base/java.util.TimerThread.mainLoop(Timer.java:566)
	at java.base/java.util.TimerThread.run(Timer.java:516)

!ENTRY com.st.stm32cube.ide.mpu.remote.serial 4 0 2026-01-16 22:43:57.720
!MESSAGE Failed to parse wmic output
!STACK 0
org.xml.sax.SAXParseException; lineNumber: 1; columnNumber: 1; Premature end of file.
	at java.xml/com.sun.org.apache.xerces.internal.parsers.DOMParser.parse(DOMParser.java:262)
	at java.xml/com.sun.org.apache.xerces.internal.jaxp.DocumentBuilderImpl.parse(DocumentBuilderImpl.java:342)
	at com.st.stm32cube.ide.mpu.remote.serial.internal.SerialPortProviderWindows.run(SerialPortProviderWindows.java:127)
	at java.base/java.util.TimerThread.mainLoop(Timer.java:566)
	at java.base/java.util.TimerThread.run(Timer.java:516)

!ENTRY com.st.stm32cube.ide.mpu.remote.serial 4 0 2026-01-16 22:43:58.722
!MESSAGE Failed to parse wmic output
!STACK 0
org.xml.sax.SAXParseException; lineNumber: 1; columnNumber: 1; Premature end of file.
	at java.xml/com.sun.org.apache.xerces.internal.parsers.DOMParser.parse(DOMParser.java:262)
	at java.xml/com.sun.org.apache.xerces.internal.jaxp.DocumentBuilderImpl.parse(DocumentBuilderImpl.java:342)
	at com.st.stm32cube.ide.mpu.remote.serial.internal.SerialPortProviderWindows.run(SerialPortProviderWindows.java:127)
	at java.base/java.util.TimerThread.mainLoop(Timer.java:566)
	at java.base/java.util.TimerThread.run(Timer.java:516)

!ENTRY com.st.stm32cube.ide.mpu.remote.serial 4 0 2026-01-16 22:43:59.732
!MESSAGE Failed to parse wmic output
!STACK 0
org.xml.sax.SAXParseException; lineNumber: 1; columnNumber: 1; Premature end of file.
	at java.xml/com.sun.org.apache.xerces.internal.parsers.DOMParser.parse(DOMParser.java:262)
	at java.xml/com.sun.org.apache.xerces.internal.jaxp.DocumentBuilderImpl.parse(DocumentBuilderImpl.java:342)
	at com.st.stm32cube.ide.mpu.remote.serial.internal.SerialPortProviderWindows.run(SerialPortProviderWindows.java:127)
	at java.base/java.util.TimerThread.mainLoop(Timer.java:566)
	at java.base/java.util.TimerThread.run(Timer.java:516)

!ENTRY com.st.stm32cube.ide.mpu.remote.serial 4 0 2026-01-16 22:44:00.776
!MESSAGE Failed to parse wmic output
!STACK 0
org.xml.sax.SAXParseException; lineNumber: 1; columnNumber: 1; Premature end of file.
	at java.xml/com.sun.org.apache.xerces.internal.parsers.DOMParser.parse(DOMParser.java:262)
	at java.xml/com.sun.org.apache.xerces.internal.jaxp.DocumentBuilderImpl.parse(DocumentBuilderImpl.java:342)
	at com.st.stm32cube.ide.mpu.remote.serial.internal.SerialPortProviderWindows.run(SerialPortProviderWindows.java:127)
	at java.base/java.util.TimerThread.mainLoop(Timer.java:566)
	at java.base/java.util.TimerThread.run(Timer.java:516)

!ENTRY com.st.stm32cube.ide.mpu.remote.serial 4 0 2026-01-16 22:44:01.728
!MESSAGE Failed to parse wmic output
!STACK 0
org.xml.sax.SAXParseException; lineNumber: 1; columnNumber: 1; Premature end of file.
	at java.xml/com.sun.org.apache.xerces.internal.parsers.DOMParser.parse(DOMParser.java:262)
	at java.xml/com.sun.org.apache.xerces.internal.jaxp.DocumentBuilderImpl.parse(DocumentBuilderImpl.java:342)
	at com.st.stm32cube.ide.mpu.remote.serial.internal.SerialPortProviderWindows.run(SerialPortProviderWindows.java:127)
	at java.base/java.util.TimerThread.mainLoop(Timer.java:566)
	at java.base/java.util.TimerThread.run(Timer.java:516)

!ENTRY com.st.stm32cube.ide.mpu.remote.serial 4 0 2026-01-16 22:44:02.727
!MESSAGE Failed to parse wmic output
!STACK 0
org.xml.sax.SAXParseException; lineNumber: 1; columnNumber: 1; Premature end of file.
	at java.xml/com.sun.org.apache.xerces.internal.parsers.DOMParser.parse(DOMParser.java:262)
	at java.xml/com.sun.org.apache.xerces.internal.jaxp.DocumentBuilderImpl.parse(DocumentBuilderImpl.java:342)
	at com.st.stm32cube.ide.mpu.remote.serial.internal.SerialPortProviderWindows.run(SerialPortProviderWindows.java:127)
	at java.base/java.util.TimerThread.mainLoop(Timer.java:566)
	at java.base/java.util.TimerThread.run(Timer.java:516)

!ENTRY com.st.stm32cube.ide.mpu.remote.serial 4 0 2026-01-16 22:44:03.731
!MESSAGE Failed to parse wmic output
!STACK 0
org.xml.sax.SAXParseException; lineNumber: 1; columnNumber: 1; Premature end of file.
	at java.xml/com.sun.org.apache.xerces.internal.parsers.DOMParser.parse(DOMParser.java:262)
	at java.xml/com.sun.org.apache.xerces.internal.jaxp.DocumentBuilderImpl.parse(DocumentBuilderImpl.java:342)
	at com.st.stm32cube.ide.mpu.remote.serial.internal.SerialPortProviderWindows.run(SerialPortProviderWindows.java:127)
	at java.base/java.util.TimerThread.mainLoop(Timer.java:566)
	at java.base/java.util.TimerThread.run(Timer.java:516)

!ENTRY com.st.stm32cube.ide.mpu.remote.serial 4 0 2026-01-16 22:44:04.732
!MESSAGE Failed to parse wmic output
!STACK 0
org.xml.sax.SAXParseException; lineNumber: 1; columnNumber: 1; Premature end of file.
	at java.xml/com.sun.org.apache.xerces.internal.parsers.DOMParser.parse(DOMParser.java:262)
	at java.xml/com.sun.org.apache.xerces.internal.jaxp.DocumentBuilderImpl.parse(DocumentBuilderImpl.java:342)
	at com.st.stm32cube.ide.mpu.remote.serial.internal.SerialPortProviderWindows.run(SerialPortProviderWindows.java:127)
	at java.base/java.util.TimerThread.mainLoop(Timer.java:566)
	at java.base/java.util.TimerThread.run(Timer.java:516)

!ENTRY com.st.stm32cube.ide.mpu.remote.serial 4 0 2026-01-16 22:44:05.726
!MESSAGE Failed to parse wmic output
!STACK 0
org.xml.sax.SAXParseException; lineNumber: 1; columnNumber: 1; Premature end of file.
	at java.xml/com.sun.org.apache.xerces.internal.parsers.DOMParser.parse(DOMParser.java:262)
	at java.xml/com.sun.org.apache.xerces.internal.jaxp.DocumentBuilderImpl.parse(DocumentBuilderImpl.java:342)
	at com.st.stm32cube.ide.mpu.remote.serial.internal.SerialPortProviderWindows.run(SerialPortProviderWindows.java:127)
	at java.base/java.util.TimerThread.mainLoop(Timer.java:566)
	at java.base/java.util.TimerThread.run(Timer.java:516)

!ENTRY com.st.stm32cube.ide.mpu.remote.serial 4 0 2026-01-16 22:44:06.727
!MESSAGE Failed to parse wmic output
!STACK 0
org.xml.sax.SAXParseException; lineNumber: 1; columnNumber: 1; Premature end of file.
	at java.xml/com.sun.org.apache.xerces.internal.parsers.DOMParser.parse(DOMParser.java:262)
	at java.xml/com.sun.org.apache.xerces.internal.jaxp.DocumentBuilderImpl.parse(DocumentBuilderImpl.java:342)
	at com.st.stm32cube.ide.mpu.remote.serial.internal.SerialPortProviderWindows.run(SerialPortProviderWindows.java:127)
	at java.base/java.util.TimerThread.mainLoop(Timer.java:566)
	at java.base/java.util.TimerThread.run(Timer.java:516)

!ENTRY com.st.stm32cube.ide.mpu.remote.serial 4 0 2026-01-16 22:44:07.715
!MESSAGE Failed to parse wmic output
!STACK 0
org.xml.sax.SAXParseException; lineNumber: 1; columnNumber: 1; Premature end of file.
	at java.xml/com.sun.org.apache.xerces.internal.parsers.DOMParser.parse(DOMParser.java:262)
	at java.xml/com.sun.org.apache.xerces.internal.jaxp.DocumentBuilderImpl.parse(DocumentBuilderImpl.java:342)
	at com.st.stm32cube.ide.mpu.remote.serial.internal.SerialPortProviderWindows.run(SerialPortProviderWindows.java:127)
	at java.base/java.util.TimerThread.mainLoop(Timer.java:566)
	at java.base/java.util.TimerThread.run(Timer.java:516)

!ENTRY com.st.stm32cube.ide.mpu.remote.serial 4 0 2026-01-16 22:44:08.733
!MESSAGE Failed to parse wmic output
!STACK 0
org.xml.sax.SAXParseException; lineNumber: 1; columnNumber: 1; Premature end of file.
	at java.xml/com.sun.org.apache.xerces.internal.parsers.DOMParser.parse(DOMParser.java:262)
	at java.xml/com.sun.org.apache.xerces.internal.jaxp.DocumentBuilderImpl.parse(DocumentBuilderImpl.java:342)
	at com.st.stm32cube.ide.mpu.remote.serial.internal.SerialPortProviderWindows.run(SerialPortProviderWindows.java:127)
	at java.base/java.util.TimerThread.mainLoop(Timer.java:566)
	at java.base/java.util.TimerThread.run(Timer.java:516)

!ENTRY com.st.stm32cube.ide.mpu.remote.serial 4 0 2026-01-16 22:44:09.721
!MESSAGE Failed to parse wmic output
!STACK 0
org.xml.sax.SAXParseException; lineNumber: 1; columnNumber: 1; Premature end of file.
	at java.xml/com.sun.org.apache.xerces.internal.parsers.DOMParser.parse(DOMParser.java:262)
	at java.xml/com.sun.org.apache.xerces.internal.jaxp.DocumentBuilderImpl.parse(DocumentBuilderImpl.java:342)
	at com.st.stm32cube.ide.mpu.remote.serial.internal.SerialPortProviderWindows.run(SerialPortProviderWindows.java:127)
	at java.base/java.util.TimerThread.mainLoop(Timer.java:566)
	at java.base/java.util.TimerThread.run(Timer.java:516)

!ENTRY com.st.stm32cube.ide.mpu.remote.serial 4 0 2026-01-16 22:44:10.739
!MESSAGE Failed to parse wmic output
!STACK 0
org.xml.sax.SAXParseException; lineNumber: 1; columnNumber: 1; Premature end of file.
	at java.xml/com.sun.org.apache.xerces.internal.parsers.DOMParser.parse(DOMParser.java:262)
	at java.xml/com.sun.org.apache.xerces.internal.jaxp.DocumentBuilderImpl.parse(DocumentBuilderImpl.java:342)
	at com.st.stm32cube.ide.mpu.remote.serial.internal.SerialPortProviderWindows.run(SerialPortProviderWindows.java:127)
	at java.base/java.util.TimerThread.mainLoop(Timer.java:566)
	at java.base/java.util.TimerThread.run(Timer.java:516)

!ENTRY com.st.stm32cube.ide.mpu.remote.serial 4 0 2026-01-16 22:44:11.738
!MESSAGE Failed to parse wmic output
!STACK 0
org.xml.sax.SAXParseException; lineNumber: 1; columnNumber: 1; Premature end of file.
	at java.xml/com.sun.org.apache.xerces.internal.parsers.DOMParser.parse(DOMParser.java:262)
	at java.xml/com.sun.org.apache.xerces.internal.jaxp.DocumentBuilderImpl.parse(DocumentBuilderImpl.java:342)
	at com.st.stm32cube.ide.mpu.remote.serial.internal.SerialPortProviderWindows.run(SerialPortProviderWindows.java:127)
	at java.base/java.util.TimerThread.mainLoop(Timer.java:566)
	at java.base/java.util.TimerThread.run(Timer.java:516)

!ENTRY com.st.stm32cube.ide.mpu.remote.serial 4 0 2026-01-16 22:44:12.729
!MESSAGE Failed to parse wmic output
!STACK 0
org.xml.sax.SAXParseException; lineNumber: 1; columnNumber: 1; Premature end of file.
	at java.xml/com.sun.org.apache.xerces.internal.parsers.DOMParser.parse(DOMParser.java:262)
	at java.xml/com.sun.org.apache.xerces.internal.jaxp.DocumentBuilderImpl.parse(DocumentBuilderImpl.java:342)
	at com.st.stm32cube.ide.mpu.remote.serial.internal.SerialPortProviderWindows.run(SerialPortProviderWindows.java:127)
	at java.base/java.util.TimerThread.mainLoop(Timer.java:566)
	at java.base/java.util.TimerThread.run(Timer.java:516)

!ENTRY com.st.stm32cube.ide.mpu.remote.serial 4 0 2026-01-16 22:44:13.751
!MESSAGE Failed to parse wmic output
!STACK 0
org.xml.sax.SAXParseException; lineNumber: 1; columnNumber: 1; Premature end of file.
	at java.xml/com.sun.org.apache.xerces.internal.parsers.DOMParser.parse(DOMParser.java:262)
	at java.xml/com.sun.org.apache.xerces.internal.jaxp.DocumentBuilderImpl.parse(DocumentBuilderImpl.java:342)
	at com.st.stm32cube.ide.mpu.remote.serial.internal.SerialPortProviderWindows.run(SerialPortProviderWindows.java:127)
	at java.base/java.util.TimerThread.mainLoop(Timer.java:566)
	at java.base/java.util.TimerThread.run(Timer.java:516)

!ENTRY com.st.stm32cube.ide.mpu.remote.serial 4 0 2026-01-16 22:44:14.737
!MESSAGE Failed to parse wmic output
!STACK 0
org.xml.sax.SAXParseException; lineNumber: 1; columnNumber: 1; Premature end of file.
	at java.xml/com.sun.org.apache.xerces.internal.parsers.DOMParser.parse(DOMParser.java:262)
	at java.xml/com.sun.org.apache.xerces.internal.jaxp.DocumentBuilderImpl.parse(DocumentBuilderImpl.java:342)
	at com.st.stm32cube.ide.mpu.remote.serial.internal.SerialPortProviderWindows.run(SerialPortProviderWindows.java:127)
	at java.base/java.util.TimerThread.mainLoop(Timer.java:566)
	at java.base/java.util.TimerThread.run(Timer.java:516)

!ENTRY com.st.stm32cube.ide.mpu.remote.serial 4 0 2026-01-16 22:44:15.738
!MESSAGE Failed to parse wmic output
!STACK 0
org.xml.sax.SAXParseException; lineNumber: 1; columnNumber: 1; Premature end of file.
	at java.xml/com.sun.org.apache.xerces.internal.parsers.DOMParser.parse(DOMParser.java:262)
	at java.xml/com.sun.org.apache.xerces.internal.jaxp.DocumentBuilderImpl.parse(DocumentBuilderImpl.java:342)
	at com.st.stm32cube.ide.mpu.remote.serial.internal.SerialPortProviderWindows.run(SerialPortProviderWindows.java:127)
	at java.base/java.util.TimerThread.mainLoop(Timer.java:566)
	at java.base/java.util.TimerThread.run(Timer.java:516)

!ENTRY com.st.stm32cube.ide.mpu.remote.serial 4 0 2026-01-16 22:44:16.728
!MESSAGE Failed to parse wmic output
!STACK 0
org.xml.sax.SAXParseException; lineNumber: 1; columnNumber: 1; Premature end of file.
	at java.xml/com.sun.org.apache.xerces.internal.parsers.DOMParser.parse(DOMParser.java:262)
	at java.xml/com.sun.org.apache.xerces.internal.jaxp.DocumentBuilderImpl.parse(DocumentBuilderImpl.java:342)
	at com.st.stm32cube.ide.mpu.remote.serial.internal.SerialPortProviderWindows.run(SerialPortProviderWindows.java:127)
	at java.base/java.util.TimerThread.mainLoop(Timer.java:566)
	at java.base/java.util.TimerThread.run(Timer.java:516)

!ENTRY com.st.stm32cube.ide.mpu.remote.serial 4 0 2026-01-16 22:44:17.730
!MESSAGE Failed to parse wmic output
!STACK 0
org.xml.sax.SAXParseException; lineNumber: 1; columnNumber: 1; Premature end of file.
	at java.xml/com.sun.org.apache.xerces.internal.parsers.DOMParser.parse(DOMParser.java:262)
	at java.xml/com.sun.org.apache.xerces.internal.jaxp.DocumentBuilderImpl.parse(DocumentBuilderImpl.java:342)
	at com.st.stm32cube.ide.mpu.remote.serial.internal.SerialPortProviderWindows.run(SerialPortProviderWindows.java:127)
	at java.base/java.util.TimerThread.mainLoop(Timer.java:566)
	at java.base/java.util.TimerThread.run(Timer.java:516)

!ENTRY com.st.stm32cube.ide.mpu.remote.serial 4 0 2026-01-16 22:44:18.728
!MESSAGE Failed to parse wmic output
!STACK 0
org.xml.sax.SAXParseException; lineNumber: 1; columnNumber: 1; Premature end of file.
	at java.xml/com.sun.org.apache.xerces.internal.parsers.DOMParser.parse(DOMParser.java:262)
	at java.xml/com.sun.org.apache.xerces.internal.jaxp.DocumentBuilderImpl.parse(DocumentBuilderImpl.java:342)
	at com.st.stm32cube.ide.mpu.remote.serial.internal.SerialPortProviderWindows.run(SerialPortProviderWindows.java:127)
	at java.base/java.util.TimerThread.mainLoop(Timer.java:566)
	at java.base/java.util.TimerThread.run(Timer.java:516)

!ENTRY com.st.stm32cube.ide.mpu.remote.serial 4 0 2026-01-16 22:44:19.734
!MESSAGE Failed to parse wmic output
!STACK 0
org.xml.sax.SAXParseException; lineNumber: 1; columnNumber: 1; Premature end of file.
	at java.xml/com.sun.org.apache.xerces.internal.parsers.DOMParser.parse(DOMParser.java:262)
	at java.xml/com.sun.org.apache.xerces.internal.jaxp.DocumentBuilderImpl.parse(DocumentBuilderImpl.java:342)
	at com.st.stm32cube.ide.mpu.remote.serial.internal.SerialPortProviderWindows.run(SerialPortProviderWindows.java:127)
	at java.base/java.util.TimerThread.mainLoop(Timer.java:566)
	at java.base/java.util.TimerThread.run(Timer.java:516)

!ENTRY com.st.stm32cube.ide.mpu.remote.serial 4 0 2026-01-16 22:44:20.743
!MESSAGE Failed to parse wmic output
!STACK 0
org.xml.sax.SAXParseException; lineNumber: 1; columnNumber: 1; Premature end of file.
	at java.xml/com.sun.org.apache.xerces.internal.parsers.DOMParser.parse(DOMParser.java:262)
	at java.xml/com.sun.org.apache.xerces.internal.jaxp.DocumentBuilderImpl.parse(DocumentBuilderImpl.java:342)
	at com.st.stm32cube.ide.mpu.remote.serial.internal.SerialPortProviderWindows.run(SerialPortProviderWindows.java:127)
	at java.base/java.util.TimerThread.mainLoop(Timer.java:566)
	at java.base/java.util.TimerThread.run(Timer.java:516)

!ENTRY com.st.stm32cube.ide.mpu.remote.serial 4 0 2026-01-16 22:44:21.730
!MESSAGE Failed to parse wmic output
!STACK 0
org.xml.sax.SAXParseException; lineNumber: 1; columnNumber: 1; Premature end of file.
	at java.xml/com.sun.org.apache.xerces.internal.parsers.DOMParser.parse(DOMParser.java:262)
	at java.xml/com.sun.org.apache.xerces.internal.jaxp.DocumentBuilderImpl.parse(DocumentBuilderImpl.java:342)
	at com.st.stm32cube.ide.mpu.remote.serial.internal.SerialPortProviderWindows.run(SerialPortProviderWindows.java:127)
	at java.base/java.util.TimerThread.mainLoop(Timer.java:566)
	at java.base/java.util.TimerThread.run(Timer.java:516)

!ENTRY com.st.stm32cube.ide.mpu.remote.serial 4 0 2026-01-16 22:44:22.737
!MESSAGE Failed to parse wmic output
!STACK 0
org.xml.sax.SAXParseException; lineNumber: 1; columnNumber: 1; Premature end of file.
	at java.xml/com.sun.org.apache.xerces.internal.parsers.DOMParser.parse(DOMParser.java:262)
	at java.xml/com.sun.org.apache.xerces.internal.jaxp.DocumentBuilderImpl.parse(DocumentBuilderImpl.java:342)
	at com.st.stm32cube.ide.mpu.remote.serial.internal.SerialPortProviderWindows.run(SerialPortProviderWindows.java:127)
	at java.base/java.util.TimerThread.mainLoop(Timer.java:566)
	at java.base/java.util.TimerThread.run(Timer.java:516)

!ENTRY com.st.stm32cube.ide.mpu.remote.serial 4 0 2026-01-16 22:44:23.726
!MESSAGE Failed to parse wmic output
!STACK 0
org.xml.sax.SAXParseException; lineNumber: 1; columnNumber: 1; Premature end of file.
	at java.xml/com.sun.org.apache.xerces.internal.parsers.DOMParser.parse(DOMParser.java:262)
	at java.xml/com.sun.org.apache.xerces.internal.jaxp.DocumentBuilderImpl.parse(DocumentBuilderImpl.java:342)
	at com.st.stm32cube.ide.mpu.remote.serial.internal.SerialPortProviderWindows.run(SerialPortProviderWindows.java:127)
	at java.base/java.util.TimerThread.mainLoop(Timer.java:566)
	at java.base/java.util.TimerThread.run(Timer.java:516)

!ENTRY com.st.stm32cube.ide.mpu.remote.serial 4 0 2026-01-16 22:44:24.767
!MESSAGE Failed to parse wmic output
!STACK 0
org.xml.sax.SAXParseException; lineNumber: 1; columnNumber: 1; Premature end of file.
	at java.xml/com.sun.org.apache.xerces.internal.parsers.DOMParser.parse(DOMParser.java:262)
	at java.xml/com.sun.org.apache.xerces.internal.jaxp.DocumentBuilderImpl.parse(DocumentBuilderImpl.java:342)
	at com.st.stm32cube.ide.mpu.remote.serial.internal.SerialPortProviderWindows.run(SerialPortProviderWindows.java:127)
	at java.base/java.util.TimerThread.mainLoop(Timer.java:566)
	at java.base/java.util.TimerThread.run(Timer.java:516)

!ENTRY com.st.stm32cube.ide.mpu.remote.serial 4 0 2026-01-16 22:44:25.803
!MESSAGE Failed to parse wmic output
!STACK 0
org.xml.sax.SAXParseException; lineNumber: 1; columnNumber: 1; Premature end of file.
	at java.xml/com.sun.org.apache.xerces.internal.parsers.DOMParser.parse(DOMParser.java:262)
	at java.xml/com.sun.org.apache.xerces.internal.jaxp.DocumentBuilderImpl.parse(DocumentBuilderImpl.java:342)
	at com.st.stm32cube.ide.mpu.remote.serial.internal.SerialPortProviderWindows.run(SerialPortProviderWindows.java:127)
	at java.base/java.util.TimerThread.mainLoop(Timer.java:566)
	at java.base/java.util.TimerThread.run(Timer.java:516)

!ENTRY com.st.stm32cube.ide.mpu.remote.serial 4 0 2026-01-16 22:44:26.728
!MESSAGE Failed to parse wmic output
!STACK 0
org.xml.sax.SAXParseException; lineNumber: 1; columnNumber: 1; Premature end of file.
	at java.xml/com.sun.org.apache.xerces.internal.parsers.DOMParser.parse(DOMParser.java:262)
	at java.xml/com.sun.org.apache.xerces.internal.jaxp.DocumentBuilderImpl.parse(DocumentBuilderImpl.java:342)
	at com.st.stm32cube.ide.mpu.remote.serial.internal.SerialPortProviderWindows.run(SerialPortProviderWindows.java:127)
	at java.base/java.util.TimerThread.mainLoop(Timer.java:566)
	at java.base/java.util.TimerThread.run(Timer.java:516)

!ENTRY com.st.stm32cube.ide.mpu.remote.serial 4 0 2026-01-16 22:44:27.722
!MESSAGE Failed to parse wmic output
!STACK 0
org.xml.sax.SAXParseException; lineNumber: 1; columnNumber: 1; Premature end of file.
	at java.xml/com.sun.org.apache.xerces.internal.parsers.DOMParser.parse(DOMParser.java:262)
	at java.xml/com.sun.org.apache.xerces.internal.jaxp.DocumentBuilderImpl.parse(DocumentBuilderImpl.java:342)
	at com.st.stm32cube.ide.mpu.remote.serial.internal.SerialPortProviderWindows.run(SerialPortProviderWindows.java:127)
	at java.base/java.util.TimerThread.mainLoop(Timer.java:566)
	at java.base/java.util.TimerThread.run(Timer.java:516)

!ENTRY com.st.stm32cube.ide.mpu.remote.serial 4 0 2026-01-16 22:44:28.736
!MESSAGE Failed to parse wmic output
!STACK 0
org.xml.sax.SAXParseException; lineNumber: 1; columnNumber: 1; Premature end of file.
	at java.xml/com.sun.org.apache.xerces.internal.parsers.DOMParser.parse(DOMParser.java:262)
	at java.xml/com.sun.org.apache.xerces.internal.jaxp.DocumentBuilderImpl.parse(DocumentBuilderImpl.java:342)
	at com.st.stm32cube.ide.mpu.remote.serial.internal.SerialPortProviderWindows.run(SerialPortProviderWindows.java:127)
	at java.base/java.util.TimerThread.mainLoop(Timer.java:566)
	at java.base/java.util.TimerThread.run(Timer.java:516)

!ENTRY com.st.stm32cube.ide.mpu.remote.serial 4 0 2026-01-16 22:44:29.727
!MESSAGE Failed to parse wmic output
!STACK 0
org.xml.sax.SAXParseException; lineNumber: 1; columnNumber: 1; Premature end of file.
	at java.xml/com.sun.org.apache.xerces.internal.parsers.DOMParser.parse(DOMParser.java:262)
	at java.xml/com.sun.org.apache.xerces.internal.jaxp.DocumentBuilderImpl.parse(DocumentBuilderImpl.java:342)
	at com.st.stm32cube.ide.mpu.remote.serial.internal.SerialPortProviderWindows.run(SerialPortProviderWindows.java:127)
	at java.base/java.util.TimerThread.mainLoop(Timer.java:566)
	at java.base/java.util.TimerThread.run(Timer.java:516)

!ENTRY com.st.stm32cube.ide.mpu.remote.serial 4 0 2026-01-16 22:44:30.738
!MESSAGE Failed to parse wmic output
!STACK 0
org.xml.sax.SAXParseException; lineNumber: 1; columnNumber: 1; Premature end of file.
	at java.xml/com.sun.org.apache.xerces.internal.parsers.DOMParser.parse(DOMParser.java:262)
	at java.xml/com.sun.org.apache.xerces.internal.jaxp.DocumentBuilderImpl.parse(DocumentBuilderImpl.java:342)
	at com.st.stm32cube.ide.mpu.remote.serial.internal.SerialPortProviderWindows.run(SerialPortProviderWindows.java:127)
	at java.base/java.util.TimerThread.mainLoop(Timer.java:566)
	at java.base/java.util.TimerThread.run(Timer.java:516)

!ENTRY com.st.stm32cube.ide.mpu.remote.serial 4 0 2026-01-16 22:44:31.744
!MESSAGE Failed to parse wmic output
!STACK 0
org.xml.sax.SAXParseException; lineNumber: 1; columnNumber: 1; Premature end of file.
	at java.xml/com.sun.org.apache.xerces.internal.parsers.DOMParser.parse(DOMParser.java:262)
	at java.xml/com.sun.org.apache.xerces.internal.jaxp.DocumentBuilderImpl.parse(DocumentBuilderImpl.java:342)
	at com.st.stm32cube.ide.mpu.remote.serial.internal.SerialPortProviderWindows.run(SerialPortProviderWindows.java:127)
	at java.base/java.util.TimerThread.mainLoop(Timer.java:566)
	at java.base/java.util.TimerThread.run(Timer.java:516)

!ENTRY com.st.stm32cube.ide.mpu.remote.serial 4 0 2026-01-16 22:44:32.737
!MESSAGE Failed to parse wmic output
!STACK 0
org.xml.sax.SAXParseException; lineNumber: 1; columnNumber: 1; Premature end of file.
	at java.xml/com.sun.org.apache.xerces.internal.parsers.DOMParser.parse(DOMParser.java:262)
	at java.xml/com.sun.org.apache.xerces.internal.jaxp.DocumentBuilderImpl.parse(DocumentBuilderImpl.java:342)
	at com.st.stm32cube.ide.mpu.remote.serial.internal.SerialPortProviderWindows.run(SerialPortProviderWindows.java:127)
	at java.base/java.util.TimerThread.mainLoop(Timer.java:566)
	at java.base/java.util.TimerThread.run(Timer.java:516)

!ENTRY com.st.stm32cube.ide.mpu.remote.serial 4 0 2026-01-16 22:44:33.735
!MESSAGE Failed to parse wmic output
!STACK 0
org.xml.sax.SAXParseException; lineNumber: 1; columnNumber: 1; Premature end of file.
	at java.xml/com.sun.org.apache.xerces.internal.parsers.DOMParser.parse(DOMParser.java:262)
	at java.xml/com.sun.org.apache.xerces.internal.jaxp.DocumentBuilderImpl.parse(DocumentBuilderImpl.java:342)
	at com.st.stm32cube.ide.mpu.remote.serial.internal.SerialPortProviderWindows.run(SerialPortProviderWindows.java:127)
	at java.base/java.util.TimerThread.mainLoop(Timer.java:566)
	at java.base/java.util.TimerThread.run(Timer.java:516)

!ENTRY com.st.stm32cube.ide.mpu.remote.serial 4 0 2026-01-16 22:44:34.738
!MESSAGE Failed to parse wmic output
!STACK 0
org.xml.sax.SAXParseException; lineNumber: 1; columnNumber: 1; Premature end of file.
	at java.xml/com.sun.org.apache.xerces.internal.parsers.DOMParser.parse(DOMParser.java:262)
	at java.xml/com.sun.org.apache.xerces.internal.jaxp.DocumentBuilderImpl.parse(DocumentBuilderImpl.java:342)
	at com.st.stm32cube.ide.mpu.remote.serial.internal.SerialPortProviderWindows.run(SerialPortProviderWindows.java:127)
	at java.base/java.util.TimerThread.mainLoop(Timer.java:566)
	at java.base/java.util.TimerThread.run(Timer.java:516)

!ENTRY com.st.stm32cube.ide.mpu.remote.serial 4 0 2026-01-16 22:44:35.728
!MESSAGE Failed to parse wmic output
!STACK 0
org.xml.sax.SAXParseException; lineNumber: 1; columnNumber: 1; Premature end of file.
	at java.xml/com.sun.org.apache.xerces.internal.parsers.DOMParser.parse(DOMParser.java:262)
	at java.xml/com.sun.org.apache.xerces.internal.jaxp.DocumentBuilderImpl.parse(DocumentBuilderImpl.java:342)
	at com.st.stm32cube.ide.mpu.remote.serial.internal.SerialPortProviderWindows.run(SerialPortProviderWindows.java:127)
	at java.base/java.util.TimerThread.mainLoop(Timer.java:566)
	at java.base/java.util.TimerThread.run(Timer.java:516)

!ENTRY com.st.stm32cube.ide.mpu.remote.serial 4 0 2026-01-16 22:44:36.730
!MESSAGE Failed to parse wmic output
!STACK 0
org.xml.sax.SAXParseException; lineNumber: 1; columnNumber: 1; Premature end of file.
	at java.xml/com.sun.org.apache.xerces.internal.parsers.DOMParser.parse(DOMParser.java:262)
	at java.xml/com.sun.org.apache.xerces.internal.jaxp.DocumentBuilderImpl.parse(DocumentBuilderImpl.java:342)
	at com.st.stm32cube.ide.mpu.remote.serial.internal.SerialPortProviderWindows.run(SerialPortProviderWindows.java:127)
	at java.base/java.util.TimerThread.mainLoop(Timer.java:566)
	at java.base/java.util.TimerThread.run(Timer.java:516)

!ENTRY com.st.stm32cube.ide.mpu.remote.serial 4 0 2026-01-16 22:44:37.736
!MESSAGE Failed to parse wmic output
!STACK 0
org.xml.sax.SAXParseException; lineNumber: 1; columnNumber: 1; Premature end of file.
	at java.xml/com.sun.org.apache.xerces.internal.parsers.DOMParser.parse(DOMParser.java:262)
	at java.xml/com.sun.org.apache.xerces.internal.jaxp.DocumentBuilderImpl.parse(DocumentBuilderImpl.java:342)
	at com.st.stm32cube.ide.mpu.remote.serial.internal.SerialPortProviderWindows.run(SerialPortProviderWindows.java:127)
	at java.base/java.util.TimerThread.mainLoop(Timer.java:566)
	at java.base/java.util.TimerThread.run(Timer.java:516)

!ENTRY com.st.stm32cube.ide.mpu.remote.serial 4 0 2026-01-16 22:44:38.741
!MESSAGE Failed to parse wmic output
!STACK 0
org.xml.sax.SAXParseException; lineNumber: 1; columnNumber: 1; Premature end of file.
	at java.xml/com.sun.org.apache.xerces.internal.parsers.DOMParser.parse(DOMParser.java:262)
	at java.xml/com.sun.org.apache.xerces.internal.jaxp.DocumentBuilderImpl.parse(DocumentBuilderImpl.java:342)
	at com.st.stm32cube.ide.mpu.remote.serial.internal.SerialPortProviderWindows.run(SerialPortProviderWindows.java:127)
	at java.base/java.util.TimerThread.mainLoop(Timer.java:566)
	at java.base/java.util.TimerThread.run(Timer.java:516)

!ENTRY com.st.stm32cube.ide.mpu.remote.serial 4 0 2026-01-16 22:44:39.723
!MESSAGE Failed to parse wmic output
!STACK 0
org.xml.sax.SAXParseException; lineNumber: 1; columnNumber: 1; Premature end of file.
	at java.xml/com.sun.org.apache.xerces.internal.parsers.DOMParser.parse(DOMParser.java:262)
	at java.xml/com.sun.org.apache.xerces.internal.jaxp.DocumentBuilderImpl.parse(DocumentBuilderImpl.java:342)
	at com.st.stm32cube.ide.mpu.remote.serial.internal.SerialPortProviderWindows.run(SerialPortProviderWindows.java:127)
	at java.base/java.util.TimerThread.mainLoop(Timer.java:566)
	at java.base/java.util.TimerThread.run(Timer.java:516)

!ENTRY com.st.stm32cube.ide.mpu.remote.serial 4 0 2026-01-16 22:44:40.726
!MESSAGE Failed to parse wmic output
!STACK 0
org.xml.sax.SAXParseException; lineNumber: 1; columnNumber: 1; Premature end of file.
	at java.xml/com.sun.org.apache.xerces.internal.parsers.DOMParser.parse(DOMParser.java:262)
	at java.xml/com.sun.org.apache.xerces.internal.jaxp.DocumentBuilderImpl.parse(DocumentBuilderImpl.java:342)
	at com.st.stm32cube.ide.mpu.remote.serial.internal.SerialPortProviderWindows.run(SerialPortProviderWindows.java:127)
	at java.base/java.util.TimerThread.mainLoop(Timer.java:566)
	at java.base/java.util.TimerThread.run(Timer.java:516)

!ENTRY com.st.stm32cube.ide.mpu.remote.serial 4 0 2026-01-16 22:44:41.745
!MESSAGE Failed to parse wmic output
!STACK 0
org.xml.sax.SAXParseException; lineNumber: 1; columnNumber: 1; Premature end of file.
	at java.xml/com.sun.org.apache.xerces.internal.parsers.DOMParser.parse(DOMParser.java:262)
	at java.xml/com.sun.org.apache.xerces.internal.jaxp.DocumentBuilderImpl.parse(DocumentBuilderImpl.java:342)
	at com.st.stm32cube.ide.mpu.remote.serial.internal.SerialPortProviderWindows.run(SerialPortProviderWindows.java:127)
	at java.base/java.util.TimerThread.mainLoop(Timer.java:566)
	at java.base/java.util.TimerThread.run(Timer.java:516)

!ENTRY com.st.stm32cube.ide.mpu.remote.serial 4 0 2026-01-16 22:44:42.746
!MESSAGE Failed to parse wmic output
!STACK 0
org.xml.sax.SAXParseException; lineNumber: 1; columnNumber: 1; Premature end of file.
	at java.xml/com.sun.org.apache.xerces.internal.parsers.DOMParser.parse(DOMParser.java:262)
	at java.xml/com.sun.org.apache.xerces.internal.jaxp.DocumentBuilderImpl.parse(DocumentBuilderImpl.java:342)
	at com.st.stm32cube.ide.mpu.remote.serial.internal.SerialPortProviderWindows.run(SerialPortProviderWindows.java:127)
	at java.base/java.util.TimerThread.mainLoop(Timer.java:566)
	at java.base/java.util.TimerThread.run(Timer.java:516)

!ENTRY com.st.stm32cube.ide.mpu.remote.serial 4 0 2026-01-16 22:44:43.724
!MESSAGE Failed to parse wmic output
!STACK 0
org.xml.sax.SAXParseException; lineNumber: 1; columnNumber: 1; Premature end of file.
	at java.xml/com.sun.org.apache.xerces.internal.parsers.DOMParser.parse(DOMParser.java:262)
	at java.xml/com.sun.org.apache.xerces.internal.jaxp.DocumentBuilderImpl.parse(DocumentBuilderImpl.java:342)
	at com.st.stm32cube.ide.mpu.remote.serial.internal.SerialPortProviderWindows.run(SerialPortProviderWindows.java:127)
	at java.base/java.util.TimerThread.mainLoop(Timer.java:566)
	at java.base/java.util.TimerThread.run(Timer.java:516)

!ENTRY com.st.stm32cube.ide.mpu.remote.serial 4 0 2026-01-16 22:44:44.726
!MESSAGE Failed to parse wmic output
!STACK 0
org.xml.sax.SAXParseException; lineNumber: 1; columnNumber: 1; Premature end of file.
	at java.xml/com.sun.org.apache.xerces.internal.parsers.DOMParser.parse(DOMParser.java:262)
	at java.xml/com.sun.org.apache.xerces.internal.jaxp.DocumentBuilderImpl.parse(DocumentBuilderImpl.java:342)
	at com.st.stm32cube.ide.mpu.remote.serial.internal.SerialPortProviderWindows.run(SerialPortProviderWindows.java:127)
	at java.base/java.util.TimerThread.mainLoop(Timer.java:566)
	at java.base/java.util.TimerThread.run(Timer.java:516)

!ENTRY com.st.stm32cube.ide.mpu.remote.serial 4 0 2026-01-16 22:44:45.730
!MESSAGE Failed to parse wmic output
!STACK 0
org.xml.sax.SAXParseException; lineNumber: 1; columnNumber: 1; Premature end of file.
	at java.xml/com.sun.org.apache.xerces.internal.parsers.DOMParser.parse(DOMParser.java:262)
	at java.xml/com.sun.org.apache.xerces.internal.jaxp.DocumentBuilderImpl.parse(DocumentBuilderImpl.java:342)
	at com.st.stm32cube.ide.mpu.remote.serial.internal.SerialPortProviderWindows.run(SerialPortProviderWindows.java:127)
	at java.base/java.util.TimerThread.mainLoop(Timer.java:566)
	at java.base/java.util.TimerThread.run(Timer.java:516)

!ENTRY com.st.stm32cube.ide.mpu.remote.serial 4 0 2026-01-16 22:44:46.737
!MESSAGE Failed to parse wmic output
!STACK 0
org.xml.sax.SAXParseException; lineNumber: 1; columnNumber: 1; Premature end of file.
	at java.xml/com.sun.org.apache.xerces.internal.parsers.DOMParser.parse(DOMParser.java:262)
	at java.xml/com.sun.org.apache.xerces.internal.jaxp.DocumentBuilderImpl.parse(DocumentBuilderImpl.java:342)
	at com.st.stm32cube.ide.mpu.remote.serial.internal.SerialPortProviderWindows.run(SerialPortProviderWindows.java:127)
	at java.base/java.util.TimerThread.mainLoop(Timer.java:566)
	at java.base/java.util.TimerThread.run(Timer.java:516)

!ENTRY com.st.stm32cube.ide.mpu.remote.serial 4 0 2026-01-16 22:44:47.736
!MESSAGE Failed to parse wmic output
!STACK 0
org.xml.sax.SAXParseException; lineNumber: 1; columnNumber: 1; Premature end of file.
	at java.xml/com.sun.org.apache.xerces.internal.parsers.DOMParser.parse(DOMParser.java:262)
	at java.xml/com.sun.org.apache.xerces.internal.jaxp.DocumentBuilderImpl.parse(DocumentBuilderImpl.java:342)
	at com.st.stm32cube.ide.mpu.remote.serial.internal.SerialPortProviderWindows.run(SerialPortProviderWindows.java:127)
	at java.base/java.util.TimerThread.mainLoop(Timer.java:566)
	at java.base/java.util.TimerThread.run(Timer.java:516)

!ENTRY com.st.stm32cube.ide.mpu.remote.serial 4 0 2026-01-16 22:44:48.729
!MESSAGE Failed to parse wmic output
!STACK 0
org.xml.sax.SAXParseException; lineNumber: 1; columnNumber: 1; Premature end of file.
	at java.xml/com.sun.org.apache.xerces.internal.parsers.DOMParser.parse(DOMParser.java:262)
	at java.xml/com.sun.org.apache.xerces.internal.jaxp.DocumentBuilderImpl.parse(DocumentBuilderImpl.java:342)
	at com.st.stm32cube.ide.mpu.remote.serial.internal.SerialPortProviderWindows.run(SerialPortProviderWindows.java:127)
	at java.base/java.util.TimerThread.mainLoop(Timer.java:566)
	at java.base/java.util.TimerThread.run(Timer.java:516)

!ENTRY com.st.stm32cube.ide.mpu.remote.serial 4 0 2026-01-16 22:44:49.728
!MESSAGE Failed to parse wmic output
!STACK 0
org.xml.sax.SAXParseException; lineNumber: 1; columnNumber: 1; Premature end of file.
	at java.xml/com.sun.org.apache.xerces.internal.parsers.DOMParser.parse(DOMParser.java:262)
	at java.xml/com.sun.org.apache.xerces.internal.jaxp.DocumentBuilderImpl.parse(DocumentBuilderImpl.java:342)
	at com.st.stm32cube.ide.mpu.remote.serial.internal.SerialPortProviderWindows.run(SerialPortProviderWindows.java:127)
	at java.base/java.util.TimerThread.mainLoop(Timer.java:566)
	at java.base/java.util.TimerThread.run(Timer.java:516)

!ENTRY com.st.stm32cube.ide.mpu.remote.serial 4 0 2026-01-16 22:44:50.733
!MESSAGE Failed to parse wmic output
!STACK 0
org.xml.sax.SAXParseException; lineNumber: 1; columnNumber: 1; Premature end of file.
	at java.xml/com.sun.org.apache.xerces.internal.parsers.DOMParser.parse(DOMParser.java:262)
	at java.xml/com.sun.org.apache.xerces.internal.jaxp.DocumentBuilderImpl.parse(DocumentBuilderImpl.java:342)
	at com.st.stm32cube.ide.mpu.remote.serial.internal.SerialPortProviderWindows.run(SerialPortProviderWindows.java:127)
	at java.base/java.util.TimerThread.mainLoop(Timer.java:566)
	at java.base/java.util.TimerThread.run(Timer.java:516)

!ENTRY com.st.stm32cube.ide.mpu.remote.serial 4 0 2026-01-16 22:44:51.738
!MESSAGE Failed to parse wmic output
!STACK 0
org.xml.sax.SAXParseException; lineNumber: 1; columnNumber: 1; Premature end of file.
	at java.xml/com.sun.org.apache.xerces.internal.parsers.DOMParser.parse(DOMParser.java:262)
	at java.xml/com.sun.org.apache.xerces.internal.jaxp.DocumentBuilderImpl.parse(DocumentBuilderImpl.java:342)
	at com.st.stm32cube.ide.mpu.remote.serial.internal.SerialPortProviderWindows.run(SerialPortProviderWindows.java:127)
	at java.base/java.util.TimerThread.mainLoop(Timer.java:566)
	at java.base/java.util.TimerThread.run(Timer.java:516)

!ENTRY com.st.stm32cube.ide.mpu.remote.serial 4 0 2026-01-16 22:44:52.739
!MESSAGE Failed to parse wmic output
!STACK 0
org.xml.sax.SAXParseException; lineNumber: 1; columnNumber: 1; Premature end of file.
	at java.xml/com.sun.org.apache.xerces.internal.parsers.DOMParser.parse(DOMParser.java:262)
	at java.xml/com.sun.org.apache.xerces.internal.jaxp.DocumentBuilderImpl.parse(DocumentBuilderImpl.java:342)
	at com.st.stm32cube.ide.mpu.remote.serial.internal.SerialPortProviderWindows.run(SerialPortProviderWindows.java:127)
	at java.base/java.util.TimerThread.mainLoop(Timer.java:566)
	at java.base/java.util.TimerThread.run(Timer.java:516)

!ENTRY com.st.stm32cube.ide.mpu.remote.serial 4 0 2026-01-16 22:44:53.720
!MESSAGE Failed to parse wmic output
!STACK 0
org.xml.sax.SAXParseException; lineNumber: 1; columnNumber: 1; Premature end of file.
	at java.xml/com.sun.org.apache.xerces.internal.parsers.DOMParser.parse(DOMParser.java:262)
	at java.xml/com.sun.org.apache.xerces.internal.jaxp.DocumentBuilderImpl.parse(DocumentBuilderImpl.java:342)
	at com.st.stm32cube.ide.mpu.remote.serial.internal.SerialPortProviderWindows.run(SerialPortProviderWindows.java:127)
	at java.base/java.util.TimerThread.mainLoop(Timer.java:566)
	at java.base/java.util.TimerThread.run(Timer.java:516)

!ENTRY com.st.stm32cube.ide.mpu.remote.serial 4 0 2026-01-16 22:44:54.728
!MESSAGE Failed to parse wmic output
!STACK 0
org.xml.sax.SAXParseException; lineNumber: 1; columnNumber: 1; Premature end of file.
	at java.xml/com.sun.org.apache.xerces.internal.parsers.DOMParser.parse(DOMParser.java:262)
	at java.xml/com.sun.org.apache.xerces.internal.jaxp.DocumentBuilderImpl.parse(DocumentBuilderImpl.java:342)
	at com.st.stm32cube.ide.mpu.remote.serial.internal.SerialPortProviderWindows.run(SerialPortProviderWindows.java:127)
	at java.base/java.util.TimerThread.mainLoop(Timer.java:566)
	at java.base/java.util.TimerThread.run(Timer.java:516)

!ENTRY com.st.stm32cube.ide.mpu.remote.serial 4 0 2026-01-16 22:44:55.729
!MESSAGE Failed to parse wmic output
!STACK 0
org.xml.sax.SAXParseException; lineNumber: 1; columnNumber: 1; Premature end of file.
	at java.xml/com.sun.org.apache.xerces.internal.parsers.DOMParser.parse(DOMParser.java:262)
	at java.xml/com.sun.org.apache.xerces.internal.jaxp.DocumentBuilderImpl.parse(DocumentBuilderImpl.java:342)
	at com.st.stm32cube.ide.mpu.remote.serial.internal.SerialPortProviderWindows.run(SerialPortProviderWindows.java:127)
	at java.base/java.util.TimerThread.mainLoop(Timer.java:566)
	at java.base/java.util.TimerThread.run(Timer.java:516)

!ENTRY com.st.stm32cube.ide.mpu.remote.serial 4 0 2026-01-16 22:44:56.735
!MESSAGE Failed to parse wmic output
!STACK 0
org.xml.sax.SAXParseException; lineNumber: 1; columnNumber: 1; Premature end of file.
	at java.xml/com.sun.org.apache.xerces.internal.parsers.DOMParser.parse(DOMParser.java:262)
	at java.xml/com.sun.org.apache.xerces.internal.jaxp.DocumentBuilderImpl.parse(DocumentBuilderImpl.java:342)
	at com.st.stm32cube.ide.mpu.remote.serial.internal.SerialPortProviderWindows.run(SerialPortProviderWindows.java:127)
	at java.base/java.util.TimerThread.mainLoop(Timer.java:566)
	at java.base/java.util.TimerThread.run(Timer.java:516)

!ENTRY com.st.stm32cube.ide.mpu.remote.serial 4 0 2026-01-16 22:44:57.719
!MESSAGE Failed to parse wmic output
!STACK 0
org.xml.sax.SAXParseException; lineNumber: 1; columnNumber: 1; Premature end of file.
	at java.xml/com.sun.org.apache.xerces.internal.parsers.DOMParser.parse(DOMParser.java:262)
	at java.xml/com.sun.org.apache.xerces.internal.jaxp.DocumentBuilderImpl.parse(DocumentBuilderImpl.java:342)
	at com.st.stm32cube.ide.mpu.remote.serial.internal.SerialPortProviderWindows.run(SerialPortProviderWindows.java:127)
	at java.base/java.util.TimerThread.mainLoop(Timer.java:566)
	at java.base/java.util.TimerThread.run(Timer.java:516)

!ENTRY com.st.stm32cube.ide.mpu.remote.serial 4 0 2026-01-16 22:44:58.722
!MESSAGE Failed to parse wmic output
!STACK 0
org.xml.sax.SAXParseException; lineNumber: 1; columnNumber: 1; Premature end of file.
	at java.xml/com.sun.org.apache.xerces.internal.parsers.DOMParser.parse(DOMParser.java:262)
	at java.xml/com.sun.org.apache.xerces.internal.jaxp.DocumentBuilderImpl.parse(DocumentBuilderImpl.java:342)
	at com.st.stm32cube.ide.mpu.remote.serial.internal.SerialPortProviderWindows.run(SerialPortProviderWindows.java:127)
	at java.base/java.util.TimerThread.mainLoop(Timer.java:566)
	at java.base/java.util.TimerThread.run(Timer.java:516)

!ENTRY com.st.stm32cube.ide.mpu.remote.serial 4 0 2026-01-16 22:44:59.740
!MESSAGE Failed to parse wmic output
!STACK 0
org.xml.sax.SAXParseException; lineNumber: 1; columnNumber: 1; Premature end of file.
	at java.xml/com.sun.org.apache.xerces.internal.parsers.DOMParser.parse(DOMParser.java:262)
	at java.xml/com.sun.org.apache.xerces.internal.jaxp.DocumentBuilderImpl.parse(DocumentBuilderImpl.java:342)
	at com.st.stm32cube.ide.mpu.remote.serial.internal.SerialPortProviderWindows.run(SerialPortProviderWindows.java:127)
	at java.base/java.util.TimerThread.mainLoop(Timer.java:566)
	at java.base/java.util.TimerThread.run(Timer.java:516)

!ENTRY com.st.stm32cube.ide.mpu.remote.serial 4 0 2026-01-16 22:45:00.750
!MESSAGE Failed to parse wmic output
!STACK 0
org.xml.sax.SAXParseException; lineNumber: 1; columnNumber: 1; Premature end of file.
	at java.xml/com.sun.org.apache.xerces.internal.parsers.DOMParser.parse(DOMParser.java:262)
	at java.xml/com.sun.org.apache.xerces.internal.jaxp.DocumentBuilderImpl.parse(DocumentBuilderImpl.java:342)
	at com.st.stm32cube.ide.mpu.remote.serial.internal.SerialPortProviderWindows.run(SerialPortProviderWindows.java:127)
	at java.base/java.util.TimerThread.mainLoop(Timer.java:566)
	at java.base/java.util.TimerThread.run(Timer.java:516)

!ENTRY com.st.stm32cube.ide.mpu.remote.serial 4 0 2026-01-16 22:45:01.736
!MESSAGE Failed to parse wmic output
!STACK 0
org.xml.sax.SAXParseException; lineNumber: 1; columnNumber: 1; Premature end of file.
	at java.xml/com.sun.org.apache.xerces.internal.parsers.DOMParser.parse(DOMParser.java:262)
	at java.xml/com.sun.org.apache.xerces.internal.jaxp.DocumentBuilderImpl.parse(DocumentBuilderImpl.java:342)
	at com.st.stm32cube.ide.mpu.remote.serial.internal.SerialPortProviderWindows.run(SerialPortProviderWindows.java:127)
	at java.base/java.util.TimerThread.mainLoop(Timer.java:566)
	at java.base/java.util.TimerThread.run(Timer.java:516)

!ENTRY com.st.stm32cube.ide.mpu.remote.serial 4 0 2026-01-16 22:45:02.737
!MESSAGE Failed to parse wmic output
!STACK 0
org.xml.sax.SAXParseException; lineNumber: 1; columnNumber: 1; Premature end of file.
	at java.xml/com.sun.org.apache.xerces.internal.parsers.DOMParser.parse(DOMParser.java:262)
	at java.xml/com.sun.org.apache.xerces.internal.jaxp.DocumentBuilderImpl.parse(DocumentBuilderImpl.java:342)
	at com.st.stm32cube.ide.mpu.remote.serial.internal.SerialPortProviderWindows.run(SerialPortProviderWindows.java:127)
	at java.base/java.util.TimerThread.mainLoop(Timer.java:566)
	at java.base/java.util.TimerThread.run(Timer.java:516)

!ENTRY com.st.stm32cube.ide.mpu.remote.serial 4 0 2026-01-16 22:45:03.742
!MESSAGE Failed to parse wmic output
!STACK 0
org.xml.sax.SAXParseException; lineNumber: 1; columnNumber: 1; Premature end of file.
	at java.xml/com.sun.org.apache.xerces.internal.parsers.DOMParser.parse(DOMParser.java:262)
	at java.xml/com.sun.org.apache.xerces.internal.jaxp.DocumentBuilderImpl.parse(DocumentBuilderImpl.java:342)
	at com.st.stm32cube.ide.mpu.remote.serial.internal.SerialPortProviderWindows.run(SerialPortProviderWindows.java:127)
	at java.base/java.util.TimerThread.mainLoop(Timer.java:566)
	at java.base/java.util.TimerThread.run(Timer.java:516)

!ENTRY com.st.stm32cube.ide.mpu.remote.serial 4 0 2026-01-16 22:45:04.733
!MESSAGE Failed to parse wmic output
!STACK 0
org.xml.sax.SAXParseException; lineNumber: 1; columnNumber: 1; Premature end of file.
	at java.xml/com.sun.org.apache.xerces.internal.parsers.DOMParser.parse(DOMParser.java:262)
	at java.xml/com.sun.org.apache.xerces.internal.jaxp.DocumentBuilderImpl.parse(DocumentBuilderImpl.java:342)
	at com.st.stm32cube.ide.mpu.remote.serial.internal.SerialPortProviderWindows.run(SerialPortProviderWindows.java:127)
	at java.base/java.util.TimerThread.mainLoop(Timer.java:566)
	at java.base/java.util.TimerThread.run(Timer.java:516)

!ENTRY com.st.stm32cube.ide.mpu.remote.serial 4 0 2026-01-16 22:45:05.729
!MESSAGE Failed to parse wmic output
!STACK 0
org.xml.sax.SAXParseException; lineNumber: 1; columnNumber: 1; Premature end of file.
	at java.xml/com.sun.org.apache.xerces.internal.parsers.DOMParser.parse(DOMParser.java:262)
	at java.xml/com.sun.org.apache.xerces.internal.jaxp.DocumentBuilderImpl.parse(DocumentBuilderImpl.java:342)
	at com.st.stm32cube.ide.mpu.remote.serial.internal.SerialPortProviderWindows.run(SerialPortProviderWindows.java:127)
	at java.base/java.util.TimerThread.mainLoop(Timer.java:566)
	at java.base/java.util.TimerThread.run(Timer.java:516)

!ENTRY com.st.stm32cube.ide.mpu.remote.serial 4 0 2026-01-16 22:45:06.740
!MESSAGE Failed to parse wmic output
!STACK 0
org.xml.sax.SAXParseException; lineNumber: 1; columnNumber: 1; Premature end of file.
	at java.xml/com.sun.org.apache.xerces.internal.parsers.DOMParser.parse(DOMParser.java:262)
	at java.xml/com.sun.org.apache.xerces.internal.jaxp.DocumentBuilderImpl.parse(DocumentBuilderImpl.java:342)
	at com.st.stm32cube.ide.mpu.remote.serial.internal.SerialPortProviderWindows.run(SerialPortProviderWindows.java:127)
	at java.base/java.util.TimerThread.mainLoop(Timer.java:566)
	at java.base/java.util.TimerThread.run(Timer.java:516)

!ENTRY com.st.stm32cube.ide.mpu.remote.serial 4 0 2026-01-16 22:45:07.719
!MESSAGE Failed to parse wmic output
!STACK 0
org.xml.sax.SAXParseException; lineNumber: 1; columnNumber: 1; Premature end of file.
	at java.xml/com.sun.org.apache.xerces.internal.parsers.DOMParser.parse(DOMParser.java:262)
	at java.xml/com.sun.org.apache.xerces.internal.jaxp.DocumentBuilderImpl.parse(DocumentBuilderImpl.java:342)
	at com.st.stm32cube.ide.mpu.remote.serial.internal.SerialPortProviderWindows.run(SerialPortProviderWindows.java:127)
	at java.base/java.util.TimerThread.mainLoop(Timer.java:566)
	at java.base/java.util.TimerThread.run(Timer.java:516)

!ENTRY com.st.stm32cube.ide.mpu.remote.serial 4 0 2026-01-16 22:45:08.717
!MESSAGE Failed to parse wmic output
!STACK 0
org.xml.sax.SAXParseException; lineNumber: 1; columnNumber: 1; Premature end of file.
	at java.xml/com.sun.org.apache.xerces.internal.parsers.DOMParser.parse(DOMParser.java:262)
	at java.xml/com.sun.org.apache.xerces.internal.jaxp.DocumentBuilderImpl.parse(DocumentBuilderImpl.java:342)
	at com.st.stm32cube.ide.mpu.remote.serial.internal.SerialPortProviderWindows.run(SerialPortProviderWindows.java:127)
	at java.base/java.util.TimerThread.mainLoop(Timer.java:566)
	at java.base/java.util.TimerThread.run(Timer.java:516)

!ENTRY com.st.stm32cube.ide.mpu.remote.serial 4 0 2026-01-16 22:45:09.735
!MESSAGE Failed to parse wmic output
!STACK 0
org.xml.sax.SAXParseException; lineNumber: 1; columnNumber: 1; Premature end of file.
	at java.xml/com.sun.org.apache.xerces.internal.parsers.DOMParser.parse(DOMParser.java:262)
	at java.xml/com.sun.org.apache.xerces.internal.jaxp.DocumentBuilderImpl.parse(DocumentBuilderImpl.java:342)
	at com.st.stm32cube.ide.mpu.remote.serial.internal.SerialPortProviderWindows.run(SerialPortProviderWindows.java:127)
	at java.base/java.util.TimerThread.mainLoop(Timer.java:566)
	at java.base/java.util.TimerThread.run(Timer.java:516)

!ENTRY com.st.stm32cube.ide.mpu.remote.serial 4 0 2026-01-16 22:45:10.715
!MESSAGE Failed to parse wmic output
!STACK 0
org.xml.sax.SAXParseException; lineNumber: 1; columnNumber: 1; Premature end of file.
	at java.xml/com.sun.org.apache.xerces.internal.parsers.DOMParser.parse(DOMParser.java:262)
	at java.xml/com.sun.org.apache.xerces.internal.jaxp.DocumentBuilderImpl.parse(DocumentBuilderImpl.java:342)
	at com.st.stm32cube.ide.mpu.remote.serial.internal.SerialPortProviderWindows.run(SerialPortProviderWindows.java:127)
	at java.base/java.util.TimerThread.mainLoop(Timer.java:566)
	at java.base/java.util.TimerThread.run(Timer.java:516)

!ENTRY com.st.stm32cube.ide.mpu.remote.serial 4 0 2026-01-16 22:45:11.729
!MESSAGE Failed to parse wmic output
!STACK 0
org.xml.sax.SAXParseException; lineNumber: 1; columnNumber: 1; Premature end of file.
	at java.xml/com.sun.org.apache.xerces.internal.parsers.DOMParser.parse(DOMParser.java:262)
	at java.xml/com.sun.org.apache.xerces.internal.jaxp.DocumentBuilderImpl.parse(DocumentBuilderImpl.java:342)
	at com.st.stm32cube.ide.mpu.remote.serial.internal.SerialPortProviderWindows.run(SerialPortProviderWindows.java:127)
	at java.base/java.util.TimerThread.mainLoop(Timer.java:566)
	at java.base/java.util.TimerThread.run(Timer.java:516)

!ENTRY com.st.stm32cube.ide.mpu.remote.serial 4 0 2026-01-16 22:45:12.729
!MESSAGE Failed to parse wmic output
!STACK 0
org.xml.sax.SAXParseException; lineNumber: 1; columnNumber: 1; Premature end of file.
	at java.xml/com.sun.org.apache.xerces.internal.parsers.DOMParser.parse(DOMParser.java:262)
	at java.xml/com.sun.org.apache.xerces.internal.jaxp.DocumentBuilderImpl.parse(DocumentBuilderImpl.java:342)
	at com.st.stm32cube.ide.mpu.remote.serial.internal.SerialPortProviderWindows.run(SerialPortProviderWindows.java:127)
	at java.base/java.util.TimerThread.mainLoop(Timer.java:566)
	at java.base/java.util.TimerThread.run(Timer.java:516)

!ENTRY com.st.stm32cube.ide.mpu.remote.serial 4 0 2026-01-16 22:45:13.729
!MESSAGE Failed to parse wmic output
!STACK 0
org.xml.sax.SAXParseException; lineNumber: 1; columnNumber: 1; Premature end of file.
	at java.xml/com.sun.org.apache.xerces.internal.parsers.DOMParser.parse(DOMParser.java:262)
	at java.xml/com.sun.org.apache.xerces.internal.jaxp.DocumentBuilderImpl.parse(DocumentBuilderImpl.java:342)
	at com.st.stm32cube.ide.mpu.remote.serial.internal.SerialPortProviderWindows.run(SerialPortProviderWindows.java:127)
	at java.base/java.util.TimerThread.mainLoop(Timer.java:566)
	at java.base/java.util.TimerThread.run(Timer.java:516)

!ENTRY com.st.stm32cube.ide.mpu.remote.serial 4 0 2026-01-16 22:45:14.723
!MESSAGE Failed to parse wmic output
!STACK 0
org.xml.sax.SAXParseException; lineNumber: 1; columnNumber: 1; Premature end of file.
	at java.xml/com.sun.org.apache.xerces.internal.parsers.DOMParser.parse(DOMParser.java:262)
	at java.xml/com.sun.org.apache.xerces.internal.jaxp.DocumentBuilderImpl.parse(DocumentBuilderImpl.java:342)
	at com.st.stm32cube.ide.mpu.remote.serial.internal.SerialPortProviderWindows.run(SerialPortProviderWindows.java:127)
	at java.base/java.util.TimerThread.mainLoop(Timer.java:566)
	at java.base/java.util.TimerThread.run(Timer.java:516)

!ENTRY com.st.stm32cube.ide.mpu.remote.serial 4 0 2026-01-16 22:45:15.720
!MESSAGE Failed to parse wmic output
!STACK 0
org.xml.sax.SAXParseException; lineNumber: 1; columnNumber: 1; Premature end of file.
	at java.xml/com.sun.org.apache.xerces.internal.parsers.DOMParser.parse(DOMParser.java:262)
	at java.xml/com.sun.org.apache.xerces.internal.jaxp.DocumentBuilderImpl.parse(DocumentBuilderImpl.java:342)
	at com.st.stm32cube.ide.mpu.remote.serial.internal.SerialPortProviderWindows.run(SerialPortProviderWindows.java:127)
	at java.base/java.util.TimerThread.mainLoop(Timer.java:566)
	at java.base/java.util.TimerThread.run(Timer.java:516)

!ENTRY com.st.stm32cube.ide.mpu.remote.serial 4 0 2026-01-16 22:45:16.720
!MESSAGE Failed to parse wmic output
!STACK 0
org.xml.sax.SAXParseException; lineNumber: 1; columnNumber: 1; Premature end of file.
	at java.xml/com.sun.org.apache.xerces.internal.parsers.DOMParser.parse(DOMParser.java:262)
	at java.xml/com.sun.org.apache.xerces.internal.jaxp.DocumentBuilderImpl.parse(DocumentBuilderImpl.java:342)
	at com.st.stm32cube.ide.mpu.remote.serial.internal.SerialPortProviderWindows.run(SerialPortProviderWindows.java:127)
	at java.base/java.util.TimerThread.mainLoop(Timer.java:566)
	at java.base/java.util.TimerThread.run(Timer.java:516)

!ENTRY com.st.stm32cube.ide.mpu.remote.serial 4 0 2026-01-16 22:45:17.738
!MESSAGE Failed to parse wmic output
!STACK 0
org.xml.sax.SAXParseException; lineNumber: 1; columnNumber: 1; Premature end of file.
	at java.xml/com.sun.org.apache.xerces.internal.parsers.DOMParser.parse(DOMParser.java:262)
	at java.xml/com.sun.org.apache.xerces.internal.jaxp.DocumentBuilderImpl.parse(DocumentBuilderImpl.java:342)
	at com.st.stm32cube.ide.mpu.remote.serial.internal.SerialPortProviderWindows.run(SerialPortProviderWindows.java:127)
	at java.base/java.util.TimerThread.mainLoop(Timer.java:566)
	at java.base/java.util.TimerThread.run(Timer.java:516)

!ENTRY com.st.stm32cube.ide.mpu.remote.serial 4 0 2026-01-16 22:45:18.740
!MESSAGE Failed to parse wmic output
!STACK 0
org.xml.sax.SAXParseException; lineNumber: 1; columnNumber: 1; Premature end of file.
	at java.xml/com.sun.org.apache.xerces.internal.parsers.DOMParser.parse(DOMParser.java:262)
	at java.xml/com.sun.org.apache.xerces.internal.jaxp.DocumentBuilderImpl.parse(DocumentBuilderImpl.java:342)
	at com.st.stm32cube.ide.mpu.remote.serial.internal.SerialPortProviderWindows.run(SerialPortProviderWindows.java:127)
	at java.base/java.util.TimerThread.mainLoop(Timer.java:566)
	at java.base/java.util.TimerThread.run(Timer.java:516)

!ENTRY com.st.stm32cube.ide.mpu.remote.serial 4 0 2026-01-16 22:45:19.723
!MESSAGE Failed to parse wmic output
!STACK 0
org.xml.sax.SAXParseException; lineNumber: 1; columnNumber: 1; Premature end of file.
	at java.xml/com.sun.org.apache.xerces.internal.parsers.DOMParser.parse(DOMParser.java:262)
	at java.xml/com.sun.org.apache.xerces.internal.jaxp.DocumentBuilderImpl.parse(DocumentBuilderImpl.java:342)
	at com.st.stm32cube.ide.mpu.remote.serial.internal.SerialPortProviderWindows.run(SerialPortProviderWindows.java:127)
	at java.base/java.util.TimerThread.mainLoop(Timer.java:566)
	at java.base/java.util.TimerThread.run(Timer.java:516)

!ENTRY com.st.stm32cube.ide.mpu.remote.serial 4 0 2026-01-16 22:45:20.739
!MESSAGE Failed to parse wmic output
!STACK 0
org.xml.sax.SAXParseException; lineNumber: 1; columnNumber: 1; Premature end of file.
	at java.xml/com.sun.org.apache.xerces.internal.parsers.DOMParser.parse(DOMParser.java:262)
	at java.xml/com.sun.org.apache.xerces.internal.jaxp.DocumentBuilderImpl.parse(DocumentBuilderImpl.java:342)
	at com.st.stm32cube.ide.mpu.remote.serial.internal.SerialPortProviderWindows.run(SerialPortProviderWindows.java:127)
	at java.base/java.util.TimerThread.mainLoop(Timer.java:566)
	at java.base/java.util.TimerThread.run(Timer.java:516)

!ENTRY com.st.stm32cube.ide.mpu.remote.serial 4 0 2026-01-16 22:45:21.736
!MESSAGE Failed to parse wmic output
!STACK 0
org.xml.sax.SAXParseException; lineNumber: 1; columnNumber: 1; Premature end of file.
	at java.xml/com.sun.org.apache.xerces.internal.parsers.DOMParser.parse(DOMParser.java:262)
	at java.xml/com.sun.org.apache.xerces.internal.jaxp.DocumentBuilderImpl.parse(DocumentBuilderImpl.java:342)
	at com.st.stm32cube.ide.mpu.remote.serial.internal.SerialPortProviderWindows.run(SerialPortProviderWindows.java:127)
	at java.base/java.util.TimerThread.mainLoop(Timer.java:566)
	at java.base/java.util.TimerThread.run(Timer.java:516)

!ENTRY com.st.stm32cube.ide.mpu.remote.serial 4 0 2026-01-16 22:45:22.728
!MESSAGE Failed to parse wmic output
!STACK 0
org.xml.sax.SAXParseException; lineNumber: 1; columnNumber: 1; Premature end of file.
	at java.xml/com.sun.org.apache.xerces.internal.parsers.DOMParser.parse(DOMParser.java:262)
	at java.xml/com.sun.org.apache.xerces.internal.jaxp.DocumentBuilderImpl.parse(DocumentBuilderImpl.java:342)
	at com.st.stm32cube.ide.mpu.remote.serial.internal.SerialPortProviderWindows.run(SerialPortProviderWindows.java:127)
	at java.base/java.util.TimerThread.mainLoop(Timer.java:566)
	at java.base/java.util.TimerThread.run(Timer.java:516)

!ENTRY com.st.stm32cube.ide.mpu.remote.serial 4 0 2026-01-16 22:45:23.736
!MESSAGE Failed to parse wmic output
!STACK 0
org.xml.sax.SAXParseException; lineNumber: 1; columnNumber: 1; Premature end of file.
	at java.xml/com.sun.org.apache.xerces.internal.parsers.DOMParser.parse(DOMParser.java:262)
	at java.xml/com.sun.org.apache.xerces.internal.jaxp.DocumentBuilderImpl.parse(DocumentBuilderImpl.java:342)
	at com.st.stm32cube.ide.mpu.remote.serial.internal.SerialPortProviderWindows.run(SerialPortProviderWindows.java:127)
	at java.base/java.util.TimerThread.mainLoop(Timer.java:566)
	at java.base/java.util.TimerThread.run(Timer.java:516)

!ENTRY com.st.stm32cube.ide.mpu.remote.serial 4 0 2026-01-16 22:45:24.757
!MESSAGE Failed to parse wmic output
!STACK 0
org.xml.sax.SAXParseException; lineNumber: 1; columnNumber: 1; Premature end of file.
	at java.xml/com.sun.org.apache.xerces.internal.parsers.DOMParser.parse(DOMParser.java:262)
	at java.xml/com.sun.org.apache.xerces.internal.jaxp.DocumentBuilderImpl.parse(DocumentBuilderImpl.java:342)
	at com.st.stm32cube.ide.mpu.remote.serial.internal.SerialPortProviderWindows.run(SerialPortProviderWindows.java:127)
	at java.base/java.util.TimerThread.mainLoop(Timer.java:566)
	at java.base/java.util.TimerThread.run(Timer.java:516)

!ENTRY com.st.stm32cube.ide.mpu.remote.serial 4 0 2026-01-16 22:45:25.729
!MESSAGE Failed to parse wmic output
!STACK 0
org.xml.sax.SAXParseException; lineNumber: 1; columnNumber: 1; Premature end of file.
	at java.xml/com.sun.org.apache.xerces.internal.parsers.DOMParser.parse(DOMParser.java:262)
	at java.xml/com.sun.org.apache.xerces.internal.jaxp.DocumentBuilderImpl.parse(DocumentBuilderImpl.java:342)
	at com.st.stm32cube.ide.mpu.remote.serial.internal.SerialPortProviderWindows.run(SerialPortProviderWindows.java:127)
	at java.base/java.util.TimerThread.mainLoop(Timer.java:566)
	at java.base/java.util.TimerThread.run(Timer.java:516)

!ENTRY com.st.stm32cube.ide.mpu.remote.serial 4 0 2026-01-16 22:45:26.737
!MESSAGE Failed to parse wmic output
!STACK 0
org.xml.sax.SAXParseException; lineNumber: 1; columnNumber: 1; Premature end of file.
	at java.xml/com.sun.org.apache.xerces.internal.parsers.DOMParser.parse(DOMParser.java:262)
	at java.xml/com.sun.org.apache.xerces.internal.jaxp.DocumentBuilderImpl.parse(DocumentBuilderImpl.java:342)
	at com.st.stm32cube.ide.mpu.remote.serial.internal.SerialPortProviderWindows.run(SerialPortProviderWindows.java:127)
	at java.base/java.util.TimerThread.mainLoop(Timer.java:566)
	at java.base/java.util.TimerThread.run(Timer.java:516)

!ENTRY com.st.stm32cube.ide.mpu.remote.serial 4 0 2026-01-16 22:45:27.733
!MESSAGE Failed to parse wmic output
!STACK 0
org.xml.sax.SAXParseException; lineNumber: 1; columnNumber: 1; Premature end of file.
	at java.xml/com.sun.org.apache.xerces.internal.parsers.DOMParser.parse(DOMParser.java:262)
	at java.xml/com.sun.org.apache.xerces.internal.jaxp.DocumentBuilderImpl.parse(DocumentBuilderImpl.java:342)
	at com.st.stm32cube.ide.mpu.remote.serial.internal.SerialPortProviderWindows.run(SerialPortProviderWindows.java:127)
	at java.base/java.util.TimerThread.mainLoop(Timer.java:566)
	at java.base/java.util.TimerThread.run(Timer.java:516)

!ENTRY com.st.stm32cube.ide.mpu.remote.serial 4 0 2026-01-16 22:45:28.741
!MESSAGE Failed to parse wmic output
!STACK 0
org.xml.sax.SAXParseException; lineNumber: 1; columnNumber: 1; Premature end of file.
	at java.xml/com.sun.org.apache.xerces.internal.parsers.DOMParser.parse(DOMParser.java:262)
	at java.xml/com.sun.org.apache.xerces.internal.jaxp.DocumentBuilderImpl.parse(DocumentBuilderImpl.java:342)
	at com.st.stm32cube.ide.mpu.remote.serial.internal.SerialPortProviderWindows.run(SerialPortProviderWindows.java:127)
	at java.base/java.util.TimerThread.mainLoop(Timer.java:566)
	at java.base/java.util.TimerThread.run(Timer.java:516)

!ENTRY com.st.stm32cube.ide.mpu.remote.serial 4 0 2026-01-16 22:45:29.735
!MESSAGE Failed to parse wmic output
!STACK 0
org.xml.sax.SAXParseException; lineNumber: 1; columnNumber: 1; Premature end of file.
	at java.xml/com.sun.org.apache.xerces.internal.parsers.DOMParser.parse(DOMParser.java:262)
	at java.xml/com.sun.org.apache.xerces.internal.jaxp.DocumentBuilderImpl.parse(DocumentBuilderImpl.java:342)
	at com.st.stm32cube.ide.mpu.remote.serial.internal.SerialPortProviderWindows.run(SerialPortProviderWindows.java:127)
	at java.base/java.util.TimerThread.mainLoop(Timer.java:566)
	at java.base/java.util.TimerThread.run(Timer.java:516)

!ENTRY com.st.stm32cube.ide.mpu.remote.serial 4 0 2026-01-16 22:45:30.743
!MESSAGE Failed to parse wmic output
!STACK 0
org.xml.sax.SAXParseException; lineNumber: 1; columnNumber: 1; Premature end of file.
	at java.xml/com.sun.org.apache.xerces.internal.parsers.DOMParser.parse(DOMParser.java:262)
	at java.xml/com.sun.org.apache.xerces.internal.jaxp.DocumentBuilderImpl.parse(DocumentBuilderImpl.java:342)
	at com.st.stm32cube.ide.mpu.remote.serial.internal.SerialPortProviderWindows.run(SerialPortProviderWindows.java:127)
	at java.base/java.util.TimerThread.mainLoop(Timer.java:566)
	at java.base/java.util.TimerThread.run(Timer.java:516)

!ENTRY com.st.stm32cube.ide.mpu.remote.serial 4 0 2026-01-16 22:45:31.739
!MESSAGE Failed to parse wmic output
!STACK 0
org.xml.sax.SAXParseException; lineNumber: 1; columnNumber: 1; Premature end of file.
	at java.xml/com.sun.org.apache.xerces.internal.parsers.DOMParser.parse(DOMParser.java:262)
	at java.xml/com.sun.org.apache.xerces.internal.jaxp.DocumentBuilderImpl.parse(DocumentBuilderImpl.java:342)
	at com.st.stm32cube.ide.mpu.remote.serial.internal.SerialPortProviderWindows.run(SerialPortProviderWindows.java:127)
	at java.base/java.util.TimerThread.mainLoop(Timer.java:566)
	at java.base/java.util.TimerThread.run(Timer.java:516)

!ENTRY com.st.stm32cube.ide.mpu.remote.serial 4 0 2026-01-16 22:45:32.738
!MESSAGE Failed to parse wmic output
!STACK 0
org.xml.sax.SAXParseException; lineNumber: 1; columnNumber: 1; Premature end of file.
	at java.xml/com.sun.org.apache.xerces.internal.parsers.DOMParser.parse(DOMParser.java:262)
	at java.xml/com.sun.org.apache.xerces.internal.jaxp.DocumentBuilderImpl.parse(DocumentBuilderImpl.java:342)
	at com.st.stm32cube.ide.mpu.remote.serial.internal.SerialPortProviderWindows.run(SerialPortProviderWindows.java:127)
	at java.base/java.util.TimerThread.mainLoop(Timer.java:566)
	at java.base/java.util.TimerThread.run(Timer.java:516)

!ENTRY com.st.stm32cube.ide.mpu.remote.serial 4 0 2026-01-16 22:45:33.722
!MESSAGE Failed to parse wmic output
!STACK 0
org.xml.sax.SAXParseException; lineNumber: 1; columnNumber: 1; Premature end of file.
	at java.xml/com.sun.org.apache.xerces.internal.parsers.DOMParser.parse(DOMParser.java:262)
	at java.xml/com.sun.org.apache.xerces.internal.jaxp.DocumentBuilderImpl.parse(DocumentBuilderImpl.java:342)
	at com.st.stm32cube.ide.mpu.remote.serial.internal.SerialPortProviderWindows.run(SerialPortProviderWindows.java:127)
	at java.base/java.util.TimerThread.mainLoop(Timer.java:566)
	at java.base/java.util.TimerThread.run(Timer.java:516)

!ENTRY com.st.stm32cube.ide.mpu.remote.serial 4 0 2026-01-16 22:45:34.735
!MESSAGE Failed to parse wmic output
!STACK 0
org.xml.sax.SAXParseException; lineNumber: 1; columnNumber: 1; Premature end of file.
	at java.xml/com.sun.org.apache.xerces.internal.parsers.DOMParser.parse(DOMParser.java:262)
	at java.xml/com.sun.org.apache.xerces.internal.jaxp.DocumentBuilderImpl.parse(DocumentBuilderImpl.java:342)
	at com.st.stm32cube.ide.mpu.remote.serial.internal.SerialPortProviderWindows.run(SerialPortProviderWindows.java:127)
	at java.base/java.util.TimerThread.mainLoop(Timer.java:566)
	at java.base/java.util.TimerThread.run(Timer.java:516)

!ENTRY com.st.stm32cube.ide.mpu.remote.serial 4 0 2026-01-16 22:45:35.716
!MESSAGE Failed to parse wmic output
!STACK 0
org.xml.sax.SAXParseException; lineNumber: 1; columnNumber: 1; Premature end of file.
	at java.xml/com.sun.org.apache.xerces.internal.parsers.DOMParser.parse(DOMParser.java:262)
	at java.xml/com.sun.org.apache.xerces.internal.jaxp.DocumentBuilderImpl.parse(DocumentBuilderImpl.java:342)
	at com.st.stm32cube.ide.mpu.remote.serial.internal.SerialPortProviderWindows.run(SerialPortProviderWindows.java:127)
	at java.base/java.util.TimerThread.mainLoop(Timer.java:566)
	at java.base/java.util.TimerThread.run(Timer.java:516)

!ENTRY com.st.stm32cube.ide.mpu.remote.serial 4 0 2026-01-16 22:45:36.738
!MESSAGE Failed to parse wmic output
!STACK 0
org.xml.sax.SAXParseException; lineNumber: 1; columnNumber: 1; Premature end of file.
	at java.xml/com.sun.org.apache.xerces.internal.parsers.DOMParser.parse(DOMParser.java:262)
	at java.xml/com.sun.org.apache.xerces.internal.jaxp.DocumentBuilderImpl.parse(DocumentBuilderImpl.java:342)
	at com.st.stm32cube.ide.mpu.remote.serial.internal.SerialPortProviderWindows.run(SerialPortProviderWindows.java:127)
	at java.base/java.util.TimerThread.mainLoop(Timer.java:566)
	at java.base/java.util.TimerThread.run(Timer.java:516)

!ENTRY com.st.stm32cube.ide.mpu.remote.serial 4 0 2026-01-16 22:45:37.727
!MESSAGE Failed to parse wmic output
!STACK 0
org.xml.sax.SAXParseException; lineNumber: 1; columnNumber: 1; Premature end of file.
	at java.xml/com.sun.org.apache.xerces.internal.parsers.DOMParser.parse(DOMParser.java:262)
	at java.xml/com.sun.org.apache.xerces.internal.jaxp.DocumentBuilderImpl.parse(DocumentBuilderImpl.java:342)
	at com.st.stm32cube.ide.mpu.remote.serial.internal.SerialPortProviderWindows.run(SerialPortProviderWindows.java:127)
	at java.base/java.util.TimerThread.mainLoop(Timer.java:566)
	at java.base/java.util.TimerThread.run(Timer.java:516)

!ENTRY com.st.stm32cube.ide.mpu.remote.serial 4 0 2026-01-16 22:45:38.728
!MESSAGE Failed to parse wmic output
!STACK 0
org.xml.sax.SAXParseException; lineNumber: 1; columnNumber: 1; Premature end of file.
	at java.xml/com.sun.org.apache.xerces.internal.parsers.DOMParser.parse(DOMParser.java:262)
	at java.xml/com.sun.org.apache.xerces.internal.jaxp.DocumentBuilderImpl.parse(DocumentBuilderImpl.java:342)
	at com.st.stm32cube.ide.mpu.remote.serial.internal.SerialPortProviderWindows.run(SerialPortProviderWindows.java:127)
	at java.base/java.util.TimerThread.mainLoop(Timer.java:566)
	at java.base/java.util.TimerThread.run(Timer.java:516)

!ENTRY com.st.stm32cube.ide.mpu.remote.serial 4 0 2026-01-16 22:45:39.732
!MESSAGE Failed to parse wmic output
!STACK 0
org.xml.sax.SAXParseException; lineNumber: 1; columnNumber: 1; Premature end of file.
	at java.xml/com.sun.org.apache.xerces.internal.parsers.DOMParser.parse(DOMParser.java:262)
	at java.xml/com.sun.org.apache.xerces.internal.jaxp.DocumentBuilderImpl.parse(DocumentBuilderImpl.java:342)
	at com.st.stm32cube.ide.mpu.remote.serial.internal.SerialPortProviderWindows.run(SerialPortProviderWindows.java:127)
	at java.base/java.util.TimerThread.mainLoop(Timer.java:566)
	at java.base/java.util.TimerThread.run(Timer.java:516)

!ENTRY com.st.stm32cube.ide.mpu.remote.serial 4 0 2026-01-16 22:45:40.754
!MESSAGE Failed to parse wmic output
!STACK 0
org.xml.sax.SAXParseException; lineNumber: 1; columnNumber: 1; Premature end of file.
	at java.xml/com.sun.org.apache.xerces.internal.parsers.DOMParser.parse(DOMParser.java:262)
	at java.xml/com.sun.org.apache.xerces.internal.jaxp.DocumentBuilderImpl.parse(DocumentBuilderImpl.java:342)
	at com.st.stm32cube.ide.mpu.remote.serial.internal.SerialPortProviderWindows.run(SerialPortProviderWindows.java:127)
	at java.base/java.util.TimerThread.mainLoop(Timer.java:566)
	at java.base/java.util.TimerThread.run(Timer.java:516)

!ENTRY com.st.stm32cube.ide.mpu.remote.serial 4 0 2026-01-16 22:45:41.747
!MESSAGE Failed to parse wmic output
!STACK 0
org.xml.sax.SAXParseException; lineNumber: 1; columnNumber: 1; Premature end of file.
	at java.xml/com.sun.org.apache.xerces.internal.parsers.DOMParser.parse(DOMParser.java:262)
	at java.xml/com.sun.org.apache.xerces.internal.jaxp.DocumentBuilderImpl.parse(DocumentBuilderImpl.java:342)
	at com.st.stm32cube.ide.mpu.remote.serial.internal.SerialPortProviderWindows.run(SerialPortProviderWindows.java:127)
	at java.base/java.util.TimerThread.mainLoop(Timer.java:566)
	at java.base/java.util.TimerThread.run(Timer.java:516)

!ENTRY com.st.stm32cube.ide.mpu.remote.serial 4 0 2026-01-16 22:45:42.731
!MESSAGE Failed to parse wmic output
!STACK 0
org.xml.sax.SAXParseException; lineNumber: 1; columnNumber: 1; Premature end of file.
	at java.xml/com.sun.org.apache.xerces.internal.parsers.DOMParser.parse(DOMParser.java:262)
	at java.xml/com.sun.org.apache.xerces.internal.jaxp.DocumentBuilderImpl.parse(DocumentBuilderImpl.java:342)
	at com.st.stm32cube.ide.mpu.remote.serial.internal.SerialPortProviderWindows.run(SerialPortProviderWindows.java:127)
	at java.base/java.util.TimerThread.mainLoop(Timer.java:566)
	at java.base/java.util.TimerThread.run(Timer.java:516)

!ENTRY com.st.stm32cube.ide.mpu.remote.serial 4 0 2026-01-16 22:45:43.736
!MESSAGE Failed to parse wmic output
!STACK 0
org.xml.sax.SAXParseException; lineNumber: 1; columnNumber: 1; Premature end of file.
	at java.xml/com.sun.org.apache.xerces.internal.parsers.DOMParser.parse(DOMParser.java:262)
	at java.xml/com.sun.org.apache.xerces.internal.jaxp.DocumentBuilderImpl.parse(DocumentBuilderImpl.java:342)
	at com.st.stm32cube.ide.mpu.remote.serial.internal.SerialPortProviderWindows.run(SerialPortProviderWindows.java:127)
	at java.base/java.util.TimerThread.mainLoop(Timer.java:566)
	at java.base/java.util.TimerThread.run(Timer.java:516)

!ENTRY com.st.stm32cube.ide.mpu.remote.serial 4 0 2026-01-16 22:45:44.715
!MESSAGE Failed to parse wmic output
!STACK 0
org.xml.sax.SAXParseException; lineNumber: 1; columnNumber: 1; Premature end of file.
	at java.xml/com.sun.org.apache.xerces.internal.parsers.DOMParser.parse(DOMParser.java:262)
	at java.xml/com.sun.org.apache.xerces.internal.jaxp.DocumentBuilderImpl.parse(DocumentBuilderImpl.java:342)
	at com.st.stm32cube.ide.mpu.remote.serial.internal.SerialPortProviderWindows.run(SerialPortProviderWindows.java:127)
	at java.base/java.util.TimerThread.mainLoop(Timer.java:566)
	at java.base/java.util.TimerThread.run(Timer.java:516)

!ENTRY com.st.stm32cube.ide.mpu.remote.serial 4 0 2026-01-16 22:45:45.724
!MESSAGE Failed to parse wmic output
!STACK 0
org.xml.sax.SAXParseException; lineNumber: 1; columnNumber: 1; Premature end of file.
	at java.xml/com.sun.org.apache.xerces.internal.parsers.DOMParser.parse(DOMParser.java:262)
	at java.xml/com.sun.org.apache.xerces.internal.jaxp.DocumentBuilderImpl.parse(DocumentBuilderImpl.java:342)
	at com.st.stm32cube.ide.mpu.remote.serial.internal.SerialPortProviderWindows.run(SerialPortProviderWindows.java:127)
	at java.base/java.util.TimerThread.mainLoop(Timer.java:566)
	at java.base/java.util.TimerThread.run(Timer.java:516)

!ENTRY com.st.stm32cube.ide.mpu.remote.serial 4 0 2026-01-16 22:45:46.752
!MESSAGE Failed to parse wmic output
!STACK 0
org.xml.sax.SAXParseException; lineNumber: 1; columnNumber: 1; Premature end of file.
	at java.xml/com.sun.org.apache.xerces.internal.parsers.DOMParser.parse(DOMParser.java:262)
	at java.xml/com.sun.org.apache.xerces.internal.jaxp.DocumentBuilderImpl.parse(DocumentBuilderImpl.java:342)
	at com.st.stm32cube.ide.mpu.remote.serial.internal.SerialPortProviderWindows.run(SerialPortProviderWindows.java:127)
	at java.base/java.util.TimerThread.mainLoop(Timer.java:566)
	at java.base/java.util.TimerThread.run(Timer.java:516)

!ENTRY com.st.stm32cube.ide.mpu.remote.serial 4 0 2026-01-16 22:45:47.722
!MESSAGE Failed to parse wmic output
!STACK 0
org.xml.sax.SAXParseException; lineNumber: 1; columnNumber: 1; Premature end of file.
	at java.xml/com.sun.org.apache.xerces.internal.parsers.DOMParser.parse(DOMParser.java:262)
	at java.xml/com.sun.org.apache.xerces.internal.jaxp.DocumentBuilderImpl.parse(DocumentBuilderImpl.java:342)
	at com.st.stm32cube.ide.mpu.remote.serial.internal.SerialPortProviderWindows.run(SerialPortProviderWindows.java:127)
	at java.base/java.util.TimerThread.mainLoop(Timer.java:566)
	at java.base/java.util.TimerThread.run(Timer.java:516)

!ENTRY com.st.stm32cube.ide.mpu.remote.serial 4 0 2026-01-16 22:45:48.747
!MESSAGE Failed to parse wmic output
!STACK 0
org.xml.sax.SAXParseException; lineNumber: 1; columnNumber: 1; Premature end of file.
	at java.xml/com.sun.org.apache.xerces.internal.parsers.DOMParser.parse(DOMParser.java:262)
	at java.xml/com.sun.org.apache.xerces.internal.jaxp.DocumentBuilderImpl.parse(DocumentBuilderImpl.java:342)
	at com.st.stm32cube.ide.mpu.remote.serial.internal.SerialPortProviderWindows.run(SerialPortProviderWindows.java:127)
	at java.base/java.util.TimerThread.mainLoop(Timer.java:566)
	at java.base/java.util.TimerThread.run(Timer.java:516)

!ENTRY com.st.stm32cube.ide.mpu.remote.serial 4 0 2026-01-16 22:45:49.739
!MESSAGE Failed to parse wmic output
!STACK 0
org.xml.sax.SAXParseException; lineNumber: 1; columnNumber: 1; Premature end of file.
	at java.xml/com.sun.org.apache.xerces.internal.parsers.DOMParser.parse(DOMParser.java:262)
	at java.xml/com.sun.org.apache.xerces.internal.jaxp.DocumentBuilderImpl.parse(DocumentBuilderImpl.java:342)
	at com.st.stm32cube.ide.mpu.remote.serial.internal.SerialPortProviderWindows.run(SerialPortProviderWindows.java:127)
	at java.base/java.util.TimerThread.mainLoop(Timer.java:566)
	at java.base/java.util.TimerThread.run(Timer.java:516)

!ENTRY com.st.stm32cube.ide.mpu.remote.serial 4 0 2026-01-16 22:45:50.745
!MESSAGE Failed to parse wmic output
!STACK 0
org.xml.sax.SAXParseException; lineNumber: 1; columnNumber: 1; Premature end of file.
	at java.xml/com.sun.org.apache.xerces.internal.parsers.DOMParser.parse(DOMParser.java:262)
	at java.xml/com.sun.org.apache.xerces.internal.jaxp.DocumentBuilderImpl.parse(DocumentBuilderImpl.java:342)
	at com.st.stm32cube.ide.mpu.remote.serial.internal.SerialPortProviderWindows.run(SerialPortProviderWindows.java:127)
	at java.base/java.util.TimerThread.mainLoop(Timer.java:566)
	at java.base/java.util.TimerThread.run(Timer.java:516)

!ENTRY com.st.stm32cube.ide.mpu.remote.serial 4 0 2026-01-16 22:45:51.729
!MESSAGE Failed to parse wmic output
!STACK 0
org.xml.sax.SAXParseException; lineNumber: 1; columnNumber: 1; Premature end of file.
	at java.xml/com.sun.org.apache.xerces.internal.parsers.DOMParser.parse(DOMParser.java:262)
	at java.xml/com.sun.org.apache.xerces.internal.jaxp.DocumentBuilderImpl.parse(DocumentBuilderImpl.java:342)
	at com.st.stm32cube.ide.mpu.remote.serial.internal.SerialPortProviderWindows.run(SerialPortProviderWindows.java:127)
	at java.base/java.util.TimerThread.mainLoop(Timer.java:566)
	at java.base/java.util.TimerThread.run(Timer.java:516)

!ENTRY com.st.stm32cube.ide.mpu.remote.serial 4 0 2026-01-16 22:45:52.732
!MESSAGE Failed to parse wmic output
!STACK 0
org.xml.sax.SAXParseException; lineNumber: 1; columnNumber: 1; Premature end of file.
	at java.xml/com.sun.org.apache.xerces.internal.parsers.DOMParser.parse(DOMParser.java:262)
	at java.xml/com.sun.org.apache.xerces.internal.jaxp.DocumentBuilderImpl.parse(DocumentBuilderImpl.java:342)
	at com.st.stm32cube.ide.mpu.remote.serial.internal.SerialPortProviderWindows.run(SerialPortProviderWindows.java:127)
	at java.base/java.util.TimerThread.mainLoop(Timer.java:566)
	at java.base/java.util.TimerThread.run(Timer.java:516)

!ENTRY com.st.stm32cube.ide.mpu.remote.serial 4 0 2026-01-16 22:45:53.735
!MESSAGE Failed to parse wmic output
!STACK 0
org.xml.sax.SAXParseException; lineNumber: 1; columnNumber: 1; Premature end of file.
	at java.xml/com.sun.org.apache.xerces.internal.parsers.DOMParser.parse(DOMParser.java:262)
	at java.xml/com.sun.org.apache.xerces.internal.jaxp.DocumentBuilderImpl.parse(DocumentBuilderImpl.java:342)
	at com.st.stm32cube.ide.mpu.remote.serial.internal.SerialPortProviderWindows.run(SerialPortProviderWindows.java:127)
	at java.base/java.util.TimerThread.mainLoop(Timer.java:566)
	at java.base/java.util.TimerThread.run(Timer.java:516)

!ENTRY com.st.stm32cube.ide.mpu.remote.serial 4 0 2026-01-16 22:45:54.735
!MESSAGE Failed to parse wmic output
!STACK 0
org.xml.sax.SAXParseException; lineNumber: 1; columnNumber: 1; Premature end of file.
	at java.xml/com.sun.org.apache.xerces.internal.parsers.DOMParser.parse(DOMParser.java:262)
	at java.xml/com.sun.org.apache.xerces.internal.jaxp.DocumentBuilderImpl.parse(DocumentBuilderImpl.java:342)
	at com.st.stm32cube.ide.mpu.remote.serial.internal.SerialPortProviderWindows.run(SerialPortProviderWindows.java:127)
	at java.base/java.util.TimerThread.mainLoop(Timer.java:566)
	at java.base/java.util.TimerThread.run(Timer.java:516)

!ENTRY com.st.stm32cube.ide.mpu.remote.serial 4 0 2026-01-16 22:45:55.746
!MESSAGE Failed to parse wmic output
!STACK 0
org.xml.sax.SAXParseException; lineNumber: 1; columnNumber: 1; Premature end of file.
	at java.xml/com.sun.org.apache.xerces.internal.parsers.DOMParser.parse(DOMParser.java:262)
	at java.xml/com.sun.org.apache.xerces.internal.jaxp.DocumentBuilderImpl.parse(DocumentBuilderImpl.java:342)
	at com.st.stm32cube.ide.mpu.remote.serial.internal.SerialPortProviderWindows.run(SerialPortProviderWindows.java:127)
	at java.base/java.util.TimerThread.mainLoop(Timer.java:566)
	at java.base/java.util.TimerThread.run(Timer.java:516)

!ENTRY com.st.stm32cube.ide.mpu.remote.serial 4 0 2026-01-16 22:45:56.744
!MESSAGE Failed to parse wmic output
!STACK 0
org.xml.sax.SAXParseException; lineNumber: 1; columnNumber: 1; Premature end of file.
	at java.xml/com.sun.org.apache.xerces.internal.parsers.DOMParser.parse(DOMParser.java:262)
	at java.xml/com.sun.org.apache.xerces.internal.jaxp.DocumentBuilderImpl.parse(DocumentBuilderImpl.java:342)
	at com.st.stm32cube.ide.mpu.remote.serial.internal.SerialPortProviderWindows.run(SerialPortProviderWindows.java:127)
	at java.base/java.util.TimerThread.mainLoop(Timer.java:566)
	at java.base/java.util.TimerThread.run(Timer.java:516)

!ENTRY com.st.stm32cube.ide.mpu.remote.serial 4 0 2026-01-16 22:45:57.730
!MESSAGE Failed to parse wmic output
!STACK 0
org.xml.sax.SAXParseException; lineNumber: 1; columnNumber: 1; Premature end of file.
	at java.xml/com.sun.org.apache.xerces.internal.parsers.DOMParser.parse(DOMParser.java:262)
	at java.xml/com.sun.org.apache.xerces.internal.jaxp.DocumentBuilderImpl.parse(DocumentBuilderImpl.java:342)
	at com.st.stm32cube.ide.mpu.remote.serial.internal.SerialPortProviderWindows.run(SerialPortProviderWindows.java:127)
	at java.base/java.util.TimerThread.mainLoop(Timer.java:566)
	at java.base/java.util.TimerThread.run(Timer.java:516)

!ENTRY com.st.stm32cube.ide.mpu.remote.serial 4 0 2026-01-16 22:45:58.730
!MESSAGE Failed to parse wmic output
!STACK 0
org.xml.sax.SAXParseException; lineNumber: 1; columnNumber: 1; Premature end of file.
	at java.xml/com.sun.org.apache.xerces.internal.parsers.DOMParser.parse(DOMParser.java:262)
	at java.xml/com.sun.org.apache.xerces.internal.jaxp.DocumentBuilderImpl.parse(DocumentBuilderImpl.java:342)
	at com.st.stm32cube.ide.mpu.remote.serial.internal.SerialPortProviderWindows.run(SerialPortProviderWindows.java:127)
	at java.base/java.util.TimerThread.mainLoop(Timer.java:566)
	at java.base/java.util.TimerThread.run(Timer.java:516)

!ENTRY com.st.stm32cube.ide.mpu.remote.serial 4 0 2026-01-16 22:45:59.733
!MESSAGE Failed to parse wmic output
!STACK 0
org.xml.sax.SAXParseException; lineNumber: 1; columnNumber: 1; Premature end of file.
	at java.xml/com.sun.org.apache.xerces.internal.parsers.DOMParser.parse(DOMParser.java:262)
	at java.xml/com.sun.org.apache.xerces.internal.jaxp.DocumentBuilderImpl.parse(DocumentBuilderImpl.java:342)
	at com.st.stm32cube.ide.mpu.remote.serial.internal.SerialPortProviderWindows.run(SerialPortProviderWindows.java:127)
	at java.base/java.util.TimerThread.mainLoop(Timer.java:566)
	at java.base/java.util.TimerThread.run(Timer.java:516)

!ENTRY com.st.stm32cube.ide.mpu.remote.serial 4 0 2026-01-16 22:46:00.732
!MESSAGE Failed to parse wmic output
!STACK 0
org.xml.sax.SAXParseException; lineNumber: 1; columnNumber: 1; Premature end of file.
	at java.xml/com.sun.org.apache.xerces.internal.parsers.DOMParser.parse(DOMParser.java:262)
	at java.xml/com.sun.org.apache.xerces.internal.jaxp.DocumentBuilderImpl.parse(DocumentBuilderImpl.java:342)
	at com.st.stm32cube.ide.mpu.remote.serial.internal.SerialPortProviderWindows.run(SerialPortProviderWindows.java:127)
	at java.base/java.util.TimerThread.mainLoop(Timer.java:566)
	at java.base/java.util.TimerThread.run(Timer.java:516)

!ENTRY com.st.stm32cube.ide.mpu.remote.serial 4 0 2026-01-16 22:46:01.721
!MESSAGE Failed to parse wmic output
!STACK 0
org.xml.sax.SAXParseException; lineNumber: 1; columnNumber: 1; Premature end of file.
	at java.xml/com.sun.org.apache.xerces.internal.parsers.DOMParser.parse(DOMParser.java:262)
	at java.xml/com.sun.org.apache.xerces.internal.jaxp.DocumentBuilderImpl.parse(DocumentBuilderImpl.java:342)
	at com.st.stm32cube.ide.mpu.remote.serial.internal.SerialPortProviderWindows.run(SerialPortProviderWindows.java:127)
	at java.base/java.util.TimerThread.mainLoop(Timer.java:566)
	at java.base/java.util.TimerThread.run(Timer.java:516)

!ENTRY com.st.stm32cube.ide.mpu.remote.serial 4 0 2026-01-16 22:46:02.725
!MESSAGE Failed to parse wmic output
!STACK 0
org.xml.sax.SAXParseException; lineNumber: 1; columnNumber: 1; Premature end of file.
	at java.xml/com.sun.org.apache.xerces.internal.parsers.DOMParser.parse(DOMParser.java:262)
	at java.xml/com.sun.org.apache.xerces.internal.jaxp.DocumentBuilderImpl.parse(DocumentBuilderImpl.java:342)
	at com.st.stm32cube.ide.mpu.remote.serial.internal.SerialPortProviderWindows.run(SerialPortProviderWindows.java:127)
	at java.base/java.util.TimerThread.mainLoop(Timer.java:566)
	at java.base/java.util.TimerThread.run(Timer.java:516)

!ENTRY com.st.stm32cube.ide.mpu.remote.serial 4 0 2026-01-16 22:46:03.718
!MESSAGE Failed to parse wmic output
!STACK 0
org.xml.sax.SAXParseException; lineNumber: 1; columnNumber: 1; Premature end of file.
	at java.xml/com.sun.org.apache.xerces.internal.parsers.DOMParser.parse(DOMParser.java:262)
	at java.xml/com.sun.org.apache.xerces.internal.jaxp.DocumentBuilderImpl.parse(DocumentBuilderImpl.java:342)
	at com.st.stm32cube.ide.mpu.remote.serial.internal.SerialPortProviderWindows.run(SerialPortProviderWindows.java:127)
	at java.base/java.util.TimerThread.mainLoop(Timer.java:566)
	at java.base/java.util.TimerThread.run(Timer.java:516)

!ENTRY com.st.stm32cube.ide.mpu.remote.serial 4 0 2026-01-16 22:46:04.723
!MESSAGE Failed to parse wmic output
!STACK 0
org.xml.sax.SAXParseException; lineNumber: 1; columnNumber: 1; Premature end of file.
	at java.xml/com.sun.org.apache.xerces.internal.parsers.DOMParser.parse(DOMParser.java:262)
	at java.xml/com.sun.org.apache.xerces.internal.jaxp.DocumentBuilderImpl.parse(DocumentBuilderImpl.java:342)
	at com.st.stm32cube.ide.mpu.remote.serial.internal.SerialPortProviderWindows.run(SerialPortProviderWindows.java:127)
	at java.base/java.util.TimerThread.mainLoop(Timer.java:566)
	at java.base/java.util.TimerThread.run(Timer.java:516)

!ENTRY com.st.stm32cube.ide.mpu.remote.serial 4 0 2026-01-16 22:46:05.749
!MESSAGE Failed to parse wmic output
!STACK 0
org.xml.sax.SAXParseException; lineNumber: 1; columnNumber: 1; Premature end of file.
	at java.xml/com.sun.org.apache.xerces.internal.parsers.DOMParser.parse(DOMParser.java:262)
	at java.xml/com.sun.org.apache.xerces.internal.jaxp.DocumentBuilderImpl.parse(DocumentBuilderImpl.java:342)
	at com.st.stm32cube.ide.mpu.remote.serial.internal.SerialPortProviderWindows.run(SerialPortProviderWindows.java:127)
	at java.base/java.util.TimerThread.mainLoop(Timer.java:566)
	at java.base/java.util.TimerThread.run(Timer.java:516)

!ENTRY com.st.stm32cube.ide.mpu.remote.serial 4 0 2026-01-16 22:46:06.749
!MESSAGE Failed to parse wmic output
!STACK 0
org.xml.sax.SAXParseException; lineNumber: 1; columnNumber: 1; Premature end of file.
	at java.xml/com.sun.org.apache.xerces.internal.parsers.DOMParser.parse(DOMParser.java:262)
	at java.xml/com.sun.org.apache.xerces.internal.jaxp.DocumentBuilderImpl.parse(DocumentBuilderImpl.java:342)
	at com.st.stm32cube.ide.mpu.remote.serial.internal.SerialPortProviderWindows.run(SerialPortProviderWindows.java:127)
	at java.base/java.util.TimerThread.mainLoop(Timer.java:566)
	at java.base/java.util.TimerThread.run(Timer.java:516)

!ENTRY com.st.stm32cube.ide.mpu.remote.serial 4 0 2026-01-16 22:46:07.736
!MESSAGE Failed to parse wmic output
!STACK 0
org.xml.sax.SAXParseException; lineNumber: 1; columnNumber: 1; Premature end of file.
	at java.xml/com.sun.org.apache.xerces.internal.parsers.DOMParser.parse(DOMParser.java:262)
	at java.xml/com.sun.org.apache.xerces.internal.jaxp.DocumentBuilderImpl.parse(DocumentBuilderImpl.java:342)
	at com.st.stm32cube.ide.mpu.remote.serial.internal.SerialPortProviderWindows.run(SerialPortProviderWindows.java:127)
	at java.base/java.util.TimerThread.mainLoop(Timer.java:566)
	at java.base/java.util.TimerThread.run(Timer.java:516)

!ENTRY com.st.stm32cube.ide.mpu.remote.serial 4 0 2026-01-16 22:46:08.729
!MESSAGE Failed to parse wmic output
!STACK 0
org.xml.sax.SAXParseException; lineNumber: 1; columnNumber: 1; Premature end of file.
	at java.xml/com.sun.org.apache.xerces.internal.parsers.DOMParser.parse(DOMParser.java:262)
	at java.xml/com.sun.org.apache.xerces.internal.jaxp.DocumentBuilderImpl.parse(DocumentBuilderImpl.java:342)
	at com.st.stm32cube.ide.mpu.remote.serial.internal.SerialPortProviderWindows.run(SerialPortProviderWindows.java:127)
	at java.base/java.util.TimerThread.mainLoop(Timer.java:566)
	at java.base/java.util.TimerThread.run(Timer.java:516)

!ENTRY com.st.stm32cube.ide.mpu.remote.serial 4 0 2026-01-16 22:46:09.748
!MESSAGE Failed to parse wmic output
!STACK 0
org.xml.sax.SAXParseException; lineNumber: 1; columnNumber: 1; Premature end of file.
	at java.xml/com.sun.org.apache.xerces.internal.parsers.DOMParser.parse(DOMParser.java:262)
	at java.xml/com.sun.org.apache.xerces.internal.jaxp.DocumentBuilderImpl.parse(DocumentBuilderImpl.java:342)
	at com.st.stm32cube.ide.mpu.remote.serial.internal.SerialPortProviderWindows.run(SerialPortProviderWindows.java:127)
	at java.base/java.util.TimerThread.mainLoop(Timer.java:566)
	at java.base/java.util.TimerThread.run(Timer.java:516)

!ENTRY com.st.stm32cube.ide.mpu.remote.serial 4 0 2026-01-16 22:46:10.734
!MESSAGE Failed to parse wmic output
!STACK 0
org.xml.sax.SAXParseException; lineNumber: 1; columnNumber: 1; Premature end of file.
	at java.xml/com.sun.org.apache.xerces.internal.parsers.DOMParser.parse(DOMParser.java:262)
	at java.xml/com.sun.org.apache.xerces.internal.jaxp.DocumentBuilderImpl.parse(DocumentBuilderImpl.java:342)
	at com.st.stm32cube.ide.mpu.remote.serial.internal.SerialPortProviderWindows.run(SerialPortProviderWindows.java:127)
	at java.base/java.util.TimerThread.mainLoop(Timer.java:566)
	at java.base/java.util.TimerThread.run(Timer.java:516)

!ENTRY com.st.stm32cube.ide.mpu.remote.serial 4 0 2026-01-16 22:46:11.741
!MESSAGE Failed to parse wmic output
!STACK 0
org.xml.sax.SAXParseException; lineNumber: 1; columnNumber: 1; Premature end of file.
	at java.xml/com.sun.org.apache.xerces.internal.parsers.DOMParser.parse(DOMParser.java:262)
	at java.xml/com.sun.org.apache.xerces.internal.jaxp.DocumentBuilderImpl.parse(DocumentBuilderImpl.java:342)
	at com.st.stm32cube.ide.mpu.remote.serial.internal.SerialPortProviderWindows.run(SerialPortProviderWindows.java:127)
	at java.base/java.util.TimerThread.mainLoop(Timer.java:566)
	at java.base/java.util.TimerThread.run(Timer.java:516)

!ENTRY com.st.stm32cube.ide.mpu.remote.serial 4 0 2026-01-16 22:46:12.735
!MESSAGE Failed to parse wmic output
!STACK 0
org.xml.sax.SAXParseException; lineNumber: 1; columnNumber: 1; Premature end of file.
	at java.xml/com.sun.org.apache.xerces.internal.parsers.DOMParser.parse(DOMParser.java:262)
	at java.xml/com.sun.org.apache.xerces.internal.jaxp.DocumentBuilderImpl.parse(DocumentBuilderImpl.java:342)
	at com.st.stm32cube.ide.mpu.remote.serial.internal.SerialPortProviderWindows.run(SerialPortProviderWindows.java:127)
	at java.base/java.util.TimerThread.mainLoop(Timer.java:566)
	at java.base/java.util.TimerThread.run(Timer.java:516)

!ENTRY com.st.stm32cube.ide.mpu.remote.serial 4 0 2026-01-16 22:46:13.730
!MESSAGE Failed to parse wmic output
!STACK 0
org.xml.sax.SAXParseException; lineNumber: 1; columnNumber: 1; Premature end of file.
	at java.xml/com.sun.org.apache.xerces.internal.parsers.DOMParser.parse(DOMParser.java:262)
	at java.xml/com.sun.org.apache.xerces.internal.jaxp.DocumentBuilderImpl.parse(DocumentBuilderImpl.java:342)
	at com.st.stm32cube.ide.mpu.remote.serial.internal.SerialPortProviderWindows.run(SerialPortProviderWindows.java:127)
	at java.base/java.util.TimerThread.mainLoop(Timer.java:566)
	at java.base/java.util.TimerThread.run(Timer.java:516)

!ENTRY com.st.stm32cube.ide.mpu.remote.serial 4 0 2026-01-16 22:46:14.738
!MESSAGE Failed to parse wmic output
!STACK 0
org.xml.sax.SAXParseException; lineNumber: 1; columnNumber: 1; Premature end of file.
	at java.xml/com.sun.org.apache.xerces.internal.parsers.DOMParser.parse(DOMParser.java:262)
	at java.xml/com.sun.org.apache.xerces.internal.jaxp.DocumentBuilderImpl.parse(DocumentBuilderImpl.java:342)
	at com.st.stm32cube.ide.mpu.remote.serial.internal.SerialPortProviderWindows.run(SerialPortProviderWindows.java:127)
	at java.base/java.util.TimerThread.mainLoop(Timer.java:566)
	at java.base/java.util.TimerThread.run(Timer.java:516)

!ENTRY com.st.stm32cube.ide.mpu.remote.serial 4 0 2026-01-16 22:46:15.737
!MESSAGE Failed to parse wmic output
!STACK 0
org.xml.sax.SAXParseException; lineNumber: 1; columnNumber: 1; Premature end of file.
	at java.xml/com.sun.org.apache.xerces.internal.parsers.DOMParser.parse(DOMParser.java:262)
	at java.xml/com.sun.org.apache.xerces.internal.jaxp.DocumentBuilderImpl.parse(DocumentBuilderImpl.java:342)
	at com.st.stm32cube.ide.mpu.remote.serial.internal.SerialPortProviderWindows.run(SerialPortProviderWindows.java:127)
	at java.base/java.util.TimerThread.mainLoop(Timer.java:566)
	at java.base/java.util.TimerThread.run(Timer.java:516)

!ENTRY com.st.stm32cube.ide.mpu.remote.serial 4 0 2026-01-16 22:46:16.742
!MESSAGE Failed to parse wmic output
!STACK 0
org.xml.sax.SAXParseException; lineNumber: 1; columnNumber: 1; Premature end of file.
	at java.xml/com.sun.org.apache.xerces.internal.parsers.DOMParser.parse(DOMParser.java:262)
	at java.xml/com.sun.org.apache.xerces.internal.jaxp.DocumentBuilderImpl.parse(DocumentBuilderImpl.java:342)
	at com.st.stm32cube.ide.mpu.remote.serial.internal.SerialPortProviderWindows.run(SerialPortProviderWindows.java:127)
	at java.base/java.util.TimerThread.mainLoop(Timer.java:566)
	at java.base/java.util.TimerThread.run(Timer.java:516)

!ENTRY com.st.stm32cube.ide.mpu.remote.serial 4 0 2026-01-16 22:46:17.731
!MESSAGE Failed to parse wmic output
!STACK 0
org.xml.sax.SAXParseException; lineNumber: 1; columnNumber: 1; Premature end of file.
	at java.xml/com.sun.org.apache.xerces.internal.parsers.DOMParser.parse(DOMParser.java:262)
	at java.xml/com.sun.org.apache.xerces.internal.jaxp.DocumentBuilderImpl.parse(DocumentBuilderImpl.java:342)
	at com.st.stm32cube.ide.mpu.remote.serial.internal.SerialPortProviderWindows.run(SerialPortProviderWindows.java:127)
	at java.base/java.util.TimerThread.mainLoop(Timer.java:566)
	at java.base/java.util.TimerThread.run(Timer.java:516)

!ENTRY com.st.stm32cube.ide.mpu.remote.serial 4 0 2026-01-16 22:46:18.740
!MESSAGE Failed to parse wmic output
!STACK 0
org.xml.sax.SAXParseException; lineNumber: 1; columnNumber: 1; Premature end of file.
	at java.xml/com.sun.org.apache.xerces.internal.parsers.DOMParser.parse(DOMParser.java:262)
	at java.xml/com.sun.org.apache.xerces.internal.jaxp.DocumentBuilderImpl.parse(DocumentBuilderImpl.java:342)
	at com.st.stm32cube.ide.mpu.remote.serial.internal.SerialPortProviderWindows.run(SerialPortProviderWindows.java:127)
	at java.base/java.util.TimerThread.mainLoop(Timer.java:566)
	at java.base/java.util.TimerThread.run(Timer.java:516)

!ENTRY com.st.stm32cube.ide.mpu.remote.serial 4 0 2026-01-16 22:46:19.745
!MESSAGE Failed to parse wmic output
!STACK 0
org.xml.sax.SAXParseException; lineNumber: 1; columnNumber: 1; Premature end of file.
	at java.xml/com.sun.org.apache.xerces.internal.parsers.DOMParser.parse(DOMParser.java:262)
	at java.xml/com.sun.org.apache.xerces.internal.jaxp.DocumentBuilderImpl.parse(DocumentBuilderImpl.java:342)
	at com.st.stm32cube.ide.mpu.remote.serial.internal.SerialPortProviderWindows.run(SerialPortProviderWindows.java:127)
	at java.base/java.util.TimerThread.mainLoop(Timer.java:566)
	at java.base/java.util.TimerThread.run(Timer.java:516)

!ENTRY com.st.stm32cube.ide.mpu.remote.serial 4 0 2026-01-16 22:46:20.738
!MESSAGE Failed to parse wmic output
!STACK 0
org.xml.sax.SAXParseException; lineNumber: 1; columnNumber: 1; Premature end of file.
	at java.xml/com.sun.org.apache.xerces.internal.parsers.DOMParser.parse(DOMParser.java:262)
	at java.xml/com.sun.org.apache.xerces.internal.jaxp.DocumentBuilderImpl.parse(DocumentBuilderImpl.java:342)
	at com.st.stm32cube.ide.mpu.remote.serial.internal.SerialPortProviderWindows.run(SerialPortProviderWindows.java:127)
	at java.base/java.util.TimerThread.mainLoop(Timer.java:566)
	at java.base/java.util.TimerThread.run(Timer.java:516)

!ENTRY com.st.stm32cube.ide.mpu.remote.serial 4 0 2026-01-16 22:46:21.743
!MESSAGE Failed to parse wmic output
!STACK 0
org.xml.sax.SAXParseException; lineNumber: 1; columnNumber: 1; Premature end of file.
	at java.xml/com.sun.org.apache.xerces.internal.parsers.DOMParser.parse(DOMParser.java:262)
	at java.xml/com.sun.org.apache.xerces.internal.jaxp.DocumentBuilderImpl.parse(DocumentBuilderImpl.java:342)
	at com.st.stm32cube.ide.mpu.remote.serial.internal.SerialPortProviderWindows.run(SerialPortProviderWindows.java:127)
	at java.base/java.util.TimerThread.mainLoop(Timer.java:566)
	at java.base/java.util.TimerThread.run(Timer.java:516)

!ENTRY com.st.stm32cube.ide.mpu.remote.serial 4 0 2026-01-16 22:46:22.725
!MESSAGE Failed to parse wmic output
!STACK 0
org.xml.sax.SAXParseException; lineNumber: 1; columnNumber: 1; Premature end of file.
	at java.xml/com.sun.org.apache.xerces.internal.parsers.DOMParser.parse(DOMParser.java:262)
	at java.xml/com.sun.org.apache.xerces.internal.jaxp.DocumentBuilderImpl.parse(DocumentBuilderImpl.java:342)
	at com.st.stm32cube.ide.mpu.remote.serial.internal.SerialPortProviderWindows.run(SerialPortProviderWindows.java:127)
	at java.base/java.util.TimerThread.mainLoop(Timer.java:566)
	at java.base/java.util.TimerThread.run(Timer.java:516)

!ENTRY com.st.stm32cube.ide.mpu.remote.serial 4 0 2026-01-16 22:46:23.734
!MESSAGE Failed to parse wmic output
!STACK 0
org.xml.sax.SAXParseException; lineNumber: 1; columnNumber: 1; Premature end of file.
	at java.xml/com.sun.org.apache.xerces.internal.parsers.DOMParser.parse(DOMParser.java:262)
	at java.xml/com.sun.org.apache.xerces.internal.jaxp.DocumentBuilderImpl.parse(DocumentBuilderImpl.java:342)
	at com.st.stm32cube.ide.mpu.remote.serial.internal.SerialPortProviderWindows.run(SerialPortProviderWindows.java:127)
	at java.base/java.util.TimerThread.mainLoop(Timer.java:566)
	at java.base/java.util.TimerThread.run(Timer.java:516)

!ENTRY com.st.stm32cube.ide.mpu.remote.serial 4 0 2026-01-16 22:46:24.720
!MESSAGE Failed to parse wmic output
!STACK 0
org.xml.sax.SAXParseException; lineNumber: 1; columnNumber: 1; Premature end of file.
	at java.xml/com.sun.org.apache.xerces.internal.parsers.DOMParser.parse(DOMParser.java:262)
	at java.xml/com.sun.org.apache.xerces.internal.jaxp.DocumentBuilderImpl.parse(DocumentBuilderImpl.java:342)
	at com.st.stm32cube.ide.mpu.remote.serial.internal.SerialPortProviderWindows.run(SerialPortProviderWindows.java:127)
	at java.base/java.util.TimerThread.mainLoop(Timer.java:566)
	at java.base/java.util.TimerThread.run(Timer.java:516)

!ENTRY com.st.stm32cube.ide.mpu.remote.serial 4 0 2026-01-16 22:46:25.727
!MESSAGE Failed to parse wmic output
!STACK 0
org.xml.sax.SAXParseException; lineNumber: 1; columnNumber: 1; Premature end of file.
	at java.xml/com.sun.org.apache.xerces.internal.parsers.DOMParser.parse(DOMParser.java:262)
	at java.xml/com.sun.org.apache.xerces.internal.jaxp.DocumentBuilderImpl.parse(DocumentBuilderImpl.java:342)
	at com.st.stm32cube.ide.mpu.remote.serial.internal.SerialPortProviderWindows.run(SerialPortProviderWindows.java:127)
	at java.base/java.util.TimerThread.mainLoop(Timer.java:566)
	at java.base/java.util.TimerThread.run(Timer.java:516)

!ENTRY com.st.stm32cube.ide.mpu.remote.serial 4 0 2026-01-16 22:46:26.742
!MESSAGE Failed to parse wmic output
!STACK 0
org.xml.sax.SAXParseException; lineNumber: 1; columnNumber: 1; Premature end of file.
	at java.xml/com.sun.org.apache.xerces.internal.parsers.DOMParser.parse(DOMParser.java:262)
	at java.xml/com.sun.org.apache.xerces.internal.jaxp.DocumentBuilderImpl.parse(DocumentBuilderImpl.java:342)
	at com.st.stm32cube.ide.mpu.remote.serial.internal.SerialPortProviderWindows.run(SerialPortProviderWindows.java:127)
	at java.base/java.util.TimerThread.mainLoop(Timer.java:566)
	at java.base/java.util.TimerThread.run(Timer.java:516)

!ENTRY com.st.stm32cube.ide.mpu.remote.serial 4 0 2026-01-16 22:46:27.747
!MESSAGE Failed to parse wmic output
!STACK 0
org.xml.sax.SAXParseException; lineNumber: 1; columnNumber: 1; Premature end of file.
	at java.xml/com.sun.org.apache.xerces.internal.parsers.DOMParser.parse(DOMParser.java:262)
	at java.xml/com.sun.org.apache.xerces.internal.jaxp.DocumentBuilderImpl.parse(DocumentBuilderImpl.java:342)
	at com.st.stm32cube.ide.mpu.remote.serial.internal.SerialPortProviderWindows.run(SerialPortProviderWindows.java:127)
	at java.base/java.util.TimerThread.mainLoop(Timer.java:566)
	at java.base/java.util.TimerThread.run(Timer.java:516)

!ENTRY com.st.stm32cube.ide.mpu.remote.serial 4 0 2026-01-16 22:46:28.726
!MESSAGE Failed to parse wmic output
!STACK 0
org.xml.sax.SAXParseException; lineNumber: 1; columnNumber: 1; Premature end of file.
	at java.xml/com.sun.org.apache.xerces.internal.parsers.DOMParser.parse(DOMParser.java:262)
	at java.xml/com.sun.org.apache.xerces.internal.jaxp.DocumentBuilderImpl.parse(DocumentBuilderImpl.java:342)
	at com.st.stm32cube.ide.mpu.remote.serial.internal.SerialPortProviderWindows.run(SerialPortProviderWindows.java:127)
	at java.base/java.util.TimerThread.mainLoop(Timer.java:566)
	at java.base/java.util.TimerThread.run(Timer.java:516)

!ENTRY com.st.stm32cube.ide.mpu.remote.serial 4 0 2026-01-16 22:46:29.735
!MESSAGE Failed to parse wmic output
!STACK 0
org.xml.sax.SAXParseException; lineNumber: 1; columnNumber: 1; Premature end of file.
	at java.xml/com.sun.org.apache.xerces.internal.parsers.DOMParser.parse(DOMParser.java:262)
	at java.xml/com.sun.org.apache.xerces.internal.jaxp.DocumentBuilderImpl.parse(DocumentBuilderImpl.java:342)
	at com.st.stm32cube.ide.mpu.remote.serial.internal.SerialPortProviderWindows.run(SerialPortProviderWindows.java:127)
	at java.base/java.util.TimerThread.mainLoop(Timer.java:566)
	at java.base/java.util.TimerThread.run(Timer.java:516)

!ENTRY com.st.stm32cube.ide.mpu.remote.serial 4 0 2026-01-16 22:46:30.743
!MESSAGE Failed to parse wmic output
!STACK 0
org.xml.sax.SAXParseException; lineNumber: 1; columnNumber: 1; Premature end of file.
	at java.xml/com.sun.org.apache.xerces.internal.parsers.DOMParser.parse(DOMParser.java:262)
	at java.xml/com.sun.org.apache.xerces.internal.jaxp.DocumentBuilderImpl.parse(DocumentBuilderImpl.java:342)
	at com.st.stm32cube.ide.mpu.remote.serial.internal.SerialPortProviderWindows.run(SerialPortProviderWindows.java:127)
	at java.base/java.util.TimerThread.mainLoop(Timer.java:566)
	at java.base/java.util.TimerThread.run(Timer.java:516)

!ENTRY com.st.stm32cube.ide.mpu.remote.serial 4 0 2026-01-16 22:46:31.736
!MESSAGE Failed to parse wmic output
!STACK 0
org.xml.sax.SAXParseException; lineNumber: 1; columnNumber: 1; Premature end of file.
	at java.xml/com.sun.org.apache.xerces.internal.parsers.DOMParser.parse(DOMParser.java:262)
	at java.xml/com.sun.org.apache.xerces.internal.jaxp.DocumentBuilderImpl.parse(DocumentBuilderImpl.java:342)
	at com.st.stm32cube.ide.mpu.remote.serial.internal.SerialPortProviderWindows.run(SerialPortProviderWindows.java:127)
	at java.base/java.util.TimerThread.mainLoop(Timer.java:566)
	at java.base/java.util.TimerThread.run(Timer.java:516)

!ENTRY com.st.stm32cube.ide.mpu.remote.serial 4 0 2026-01-16 22:46:32.737
!MESSAGE Failed to parse wmic output
!STACK 0
org.xml.sax.SAXParseException; lineNumber: 1; columnNumber: 1; Premature end of file.
	at java.xml/com.sun.org.apache.xerces.internal.parsers.DOMParser.parse(DOMParser.java:262)
	at java.xml/com.sun.org.apache.xerces.internal.jaxp.DocumentBuilderImpl.parse(DocumentBuilderImpl.java:342)
	at com.st.stm32cube.ide.mpu.remote.serial.internal.SerialPortProviderWindows.run(SerialPortProviderWindows.java:127)
	at java.base/java.util.TimerThread.mainLoop(Timer.java:566)
	at java.base/java.util.TimerThread.run(Timer.java:516)

!ENTRY com.st.stm32cube.ide.mpu.remote.serial 4 0 2026-01-16 22:46:33.743
!MESSAGE Failed to parse wmic output
!STACK 0
org.xml.sax.SAXParseException; lineNumber: 1; columnNumber: 1; Premature end of file.
	at java.xml/com.sun.org.apache.xerces.internal.parsers.DOMParser.parse(DOMParser.java:262)
	at java.xml/com.sun.org.apache.xerces.internal.jaxp.DocumentBuilderImpl.parse(DocumentBuilderImpl.java:342)
	at com.st.stm32cube.ide.mpu.remote.serial.internal.SerialPortProviderWindows.run(SerialPortProviderWindows.java:127)
	at java.base/java.util.TimerThread.mainLoop(Timer.java:566)
	at java.base/java.util.TimerThread.run(Timer.java:516)

!ENTRY com.st.stm32cube.ide.mpu.remote.serial 4 0 2026-01-16 22:46:34.726
!MESSAGE Failed to parse wmic output
!STACK 0
org.xml.sax.SAXParseException; lineNumber: 1; columnNumber: 1; Premature end of file.
	at java.xml/com.sun.org.apache.xerces.internal.parsers.DOMParser.parse(DOMParser.java:262)
	at java.xml/com.sun.org.apache.xerces.internal.jaxp.DocumentBuilderImpl.parse(DocumentBuilderImpl.java:342)
	at com.st.stm32cube.ide.mpu.remote.serial.internal.SerialPortProviderWindows.run(SerialPortProviderWindows.java:127)
	at java.base/java.util.TimerThread.mainLoop(Timer.java:566)
	at java.base/java.util.TimerThread.run(Timer.java:516)

!ENTRY com.st.stm32cube.ide.mpu.remote.serial 4 0 2026-01-16 22:46:35.743
!MESSAGE Failed to parse wmic output
!STACK 0
org.xml.sax.SAXParseException; lineNumber: 1; columnNumber: 1; Premature end of file.
	at java.xml/com.sun.org.apache.xerces.internal.parsers.DOMParser.parse(DOMParser.java:262)
	at java.xml/com.sun.org.apache.xerces.internal.jaxp.DocumentBuilderImpl.parse(DocumentBuilderImpl.java:342)
	at com.st.stm32cube.ide.mpu.remote.serial.internal.SerialPortProviderWindows.run(SerialPortProviderWindows.java:127)
	at java.base/java.util.TimerThread.mainLoop(Timer.java:566)
	at java.base/java.util.TimerThread.run(Timer.java:516)

!ENTRY com.st.stm32cube.ide.mpu.remote.serial 4 0 2026-01-16 22:46:36.746
!MESSAGE Failed to parse wmic output
!STACK 0
org.xml.sax.SAXParseException; lineNumber: 1; columnNumber: 1; Premature end of file.
	at java.xml/com.sun.org.apache.xerces.internal.parsers.DOMParser.parse(DOMParser.java:262)
	at java.xml/com.sun.org.apache.xerces.internal.jaxp.DocumentBuilderImpl.parse(DocumentBuilderImpl.java:342)
	at com.st.stm32cube.ide.mpu.remote.serial.internal.SerialPortProviderWindows.run(SerialPortProviderWindows.java:127)
	at java.base/java.util.TimerThread.mainLoop(Timer.java:566)
	at java.base/java.util.TimerThread.run(Timer.java:516)

!ENTRY com.st.stm32cube.ide.mpu.remote.serial 4 0 2026-01-16 22:46:37.738
!MESSAGE Failed to parse wmic output
!STACK 0
org.xml.sax.SAXParseException; lineNumber: 1; columnNumber: 1; Premature end of file.
	at java.xml/com.sun.org.apache.xerces.internal.parsers.DOMParser.parse(DOMParser.java:262)
	at java.xml/com.sun.org.apache.xerces.internal.jaxp.DocumentBuilderImpl.parse(DocumentBuilderImpl.java:342)
	at com.st.stm32cube.ide.mpu.remote.serial.internal.SerialPortProviderWindows.run(SerialPortProviderWindows.java:127)
	at java.base/java.util.TimerThread.mainLoop(Timer.java:566)
	at java.base/java.util.TimerThread.run(Timer.java:516)

!ENTRY com.st.stm32cube.ide.mpu.remote.serial 4 0 2026-01-16 22:46:38.743
!MESSAGE Failed to parse wmic output
!STACK 0
org.xml.sax.SAXParseException; lineNumber: 1; columnNumber: 1; Premature end of file.
	at java.xml/com.sun.org.apache.xerces.internal.parsers.DOMParser.parse(DOMParser.java:262)
	at java.xml/com.sun.org.apache.xerces.internal.jaxp.DocumentBuilderImpl.parse(DocumentBuilderImpl.java:342)
	at com.st.stm32cube.ide.mpu.remote.serial.internal.SerialPortProviderWindows.run(SerialPortProviderWindows.java:127)
	at java.base/java.util.TimerThread.mainLoop(Timer.java:566)
	at java.base/java.util.TimerThread.run(Timer.java:516)

!ENTRY com.st.stm32cube.ide.mpu.remote.serial 4 0 2026-01-16 22:46:39.745
!MESSAGE Failed to parse wmic output
!STACK 0
org.xml.sax.SAXParseException; lineNumber: 1; columnNumber: 1; Premature end of file.
	at java.xml/com.sun.org.apache.xerces.internal.parsers.DOMParser.parse(DOMParser.java:262)
	at java.xml/com.sun.org.apache.xerces.internal.jaxp.DocumentBuilderImpl.parse(DocumentBuilderImpl.java:342)
	at com.st.stm32cube.ide.mpu.remote.serial.internal.SerialPortProviderWindows.run(SerialPortProviderWindows.java:127)
	at java.base/java.util.TimerThread.mainLoop(Timer.java:566)
	at java.base/java.util.TimerThread.run(Timer.java:516)

!ENTRY com.st.stm32cube.ide.mpu.remote.serial 4 0 2026-01-16 22:46:40.739
!MESSAGE Failed to parse wmic output
!STACK 0
org.xml.sax.SAXParseException; lineNumber: 1; columnNumber: 1; Premature end of file.
	at java.xml/com.sun.org.apache.xerces.internal.parsers.DOMParser.parse(DOMParser.java:262)
	at java.xml/com.sun.org.apache.xerces.internal.jaxp.DocumentBuilderImpl.parse(DocumentBuilderImpl.java:342)
	at com.st.stm32cube.ide.mpu.remote.serial.internal.SerialPortProviderWindows.run(SerialPortProviderWindows.java:127)
	at java.base/java.util.TimerThread.mainLoop(Timer.java:566)
	at java.base/java.util.TimerThread.run(Timer.java:516)

!ENTRY com.st.stm32cube.ide.mpu.remote.serial 4 0 2026-01-16 22:46:41.742
!MESSAGE Failed to parse wmic output
!STACK 0
org.xml.sax.SAXParseException; lineNumber: 1; columnNumber: 1; Premature end of file.
	at java.xml/com.sun.org.apache.xerces.internal.parsers.DOMParser.parse(DOMParser.java:262)
	at java.xml/com.sun.org.apache.xerces.internal.jaxp.DocumentBuilderImpl.parse(DocumentBuilderImpl.java:342)
	at com.st.stm32cube.ide.mpu.remote.serial.internal.SerialPortProviderWindows.run(SerialPortProviderWindows.java:127)
	at java.base/java.util.TimerThread.mainLoop(Timer.java:566)
	at java.base/java.util.TimerThread.run(Timer.java:516)

!ENTRY com.st.stm32cube.ide.mpu.remote.serial 4 0 2026-01-16 22:46:42.742
!MESSAGE Failed to parse wmic output
!STACK 0
org.xml.sax.SAXParseException; lineNumber: 1; columnNumber: 1; Premature end of file.
	at java.xml/com.sun.org.apache.xerces.internal.parsers.DOMParser.parse(DOMParser.java:262)
	at java.xml/com.sun.org.apache.xerces.internal.jaxp.DocumentBuilderImpl.parse(DocumentBuilderImpl.java:342)
	at com.st.stm32cube.ide.mpu.remote.serial.internal.SerialPortProviderWindows.run(SerialPortProviderWindows.java:127)
	at java.base/java.util.TimerThread.mainLoop(Timer.java:566)
	at java.base/java.util.TimerThread.run(Timer.java:516)

!ENTRY com.st.stm32cube.ide.mpu.remote.serial 4 0 2026-01-16 22:46:43.743
!MESSAGE Failed to parse wmic output
!STACK 0
org.xml.sax.SAXParseException; lineNumber: 1; columnNumber: 1; Premature end of file.
	at java.xml/com.sun.org.apache.xerces.internal.parsers.DOMParser.parse(DOMParser.java:262)
	at java.xml/com.sun.org.apache.xerces.internal.jaxp.DocumentBuilderImpl.parse(DocumentBuilderImpl.java:342)
	at com.st.stm32cube.ide.mpu.remote.serial.internal.SerialPortProviderWindows.run(SerialPortProviderWindows.java:127)
	at java.base/java.util.TimerThread.mainLoop(Timer.java:566)
	at java.base/java.util.TimerThread.run(Timer.java:516)

!ENTRY com.st.stm32cube.ide.mpu.remote.serial 4 0 2026-01-16 22:46:44.738
!MESSAGE Failed to parse wmic output
!STACK 0
org.xml.sax.SAXParseException; lineNumber: 1; columnNumber: 1; Premature end of file.
	at java.xml/com.sun.org.apache.xerces.internal.parsers.DOMParser.parse(DOMParser.java:262)
	at java.xml/com.sun.org.apache.xerces.internal.jaxp.DocumentBuilderImpl.parse(DocumentBuilderImpl.java:342)
	at com.st.stm32cube.ide.mpu.remote.serial.internal.SerialPortProviderWindows.run(SerialPortProviderWindows.java:127)
	at java.base/java.util.TimerThread.mainLoop(Timer.java:566)
	at java.base/java.util.TimerThread.run(Timer.java:516)

!ENTRY com.st.stm32cube.ide.mpu.remote.serial 4 0 2026-01-16 22:46:45.730
!MESSAGE Failed to parse wmic output
!STACK 0
org.xml.sax.SAXParseException; lineNumber: 1; columnNumber: 1; Premature end of file.
	at java.xml/com.sun.org.apache.xerces.internal.parsers.DOMParser.parse(DOMParser.java:262)
	at java.xml/com.sun.org.apache.xerces.internal.jaxp.DocumentBuilderImpl.parse(DocumentBuilderImpl.java:342)
	at com.st.stm32cube.ide.mpu.remote.serial.internal.SerialPortProviderWindows.run(SerialPortProviderWindows.java:127)
	at java.base/java.util.TimerThread.mainLoop(Timer.java:566)
	at java.base/java.util.TimerThread.run(Timer.java:516)

!ENTRY com.st.stm32cube.ide.mpu.remote.serial 4 0 2026-01-16 22:46:46.748
!MESSAGE Failed to parse wmic output
!STACK 0
org.xml.sax.SAXParseException; lineNumber: 1; columnNumber: 1; Premature end of file.
	at java.xml/com.sun.org.apache.xerces.internal.parsers.DOMParser.parse(DOMParser.java:262)
	at java.xml/com.sun.org.apache.xerces.internal.jaxp.DocumentBuilderImpl.parse(DocumentBuilderImpl.java:342)
	at com.st.stm32cube.ide.mpu.remote.serial.internal.SerialPortProviderWindows.run(SerialPortProviderWindows.java:127)
	at java.base/java.util.TimerThread.mainLoop(Timer.java:566)
	at java.base/java.util.TimerThread.run(Timer.java:516)

!ENTRY com.st.stm32cube.ide.mpu.remote.serial 4 0 2026-01-16 22:46:47.748
!MESSAGE Failed to parse wmic output
!STACK 0
org.xml.sax.SAXParseException; lineNumber: 1; columnNumber: 1; Premature end of file.
	at java.xml/com.sun.org.apache.xerces.internal.parsers.DOMParser.parse(DOMParser.java:262)
	at java.xml/com.sun.org.apache.xerces.internal.jaxp.DocumentBuilderImpl.parse(DocumentBuilderImpl.java:342)
	at com.st.stm32cube.ide.mpu.remote.serial.internal.SerialPortProviderWindows.run(SerialPortProviderWindows.java:127)
	at java.base/java.util.TimerThread.mainLoop(Timer.java:566)
	at java.base/java.util.TimerThread.run(Timer.java:516)

!ENTRY com.st.stm32cube.ide.mpu.remote.serial 4 0 2026-01-16 22:46:48.738
!MESSAGE Failed to parse wmic output
!STACK 0
org.xml.sax.SAXParseException; lineNumber: 1; columnNumber: 1; Premature end of file.
	at java.xml/com.sun.org.apache.xerces.internal.parsers.DOMParser.parse(DOMParser.java:262)
	at java.xml/com.sun.org.apache.xerces.internal.jaxp.DocumentBuilderImpl.parse(DocumentBuilderImpl.java:342)
	at com.st.stm32cube.ide.mpu.remote.serial.internal.SerialPortProviderWindows.run(SerialPortProviderWindows.java:127)
	at java.base/java.util.TimerThread.mainLoop(Timer.java:566)
	at java.base/java.util.TimerThread.run(Timer.java:516)

!ENTRY com.st.stm32cube.ide.mpu.remote.serial 4 0 2026-01-16 22:46:49.740
!MESSAGE Failed to parse wmic output
!STACK 0
org.xml.sax.SAXParseException; lineNumber: 1; columnNumber: 1; Premature end of file.
	at java.xml/com.sun.org.apache.xerces.internal.parsers.DOMParser.parse(DOMParser.java:262)
	at java.xml/com.sun.org.apache.xerces.internal.jaxp.DocumentBuilderImpl.parse(DocumentBuilderImpl.java:342)
	at com.st.stm32cube.ide.mpu.remote.serial.internal.SerialPortProviderWindows.run(SerialPortProviderWindows.java:127)
	at java.base/java.util.TimerThread.mainLoop(Timer.java:566)
	at java.base/java.util.TimerThread.run(Timer.java:516)

!ENTRY com.st.stm32cube.ide.mpu.remote.serial 4 0 2026-01-16 22:46:50.730
!MESSAGE Failed to parse wmic output
!STACK 0
org.xml.sax.SAXParseException; lineNumber: 1; columnNumber: 1; Premature end of file.
	at java.xml/com.sun.org.apache.xerces.internal.parsers.DOMParser.parse(DOMParser.java:262)
	at java.xml/com.sun.org.apache.xerces.internal.jaxp.DocumentBuilderImpl.parse(DocumentBuilderImpl.java:342)
	at com.st.stm32cube.ide.mpu.remote.serial.internal.SerialPortProviderWindows.run(SerialPortProviderWindows.java:127)
	at java.base/java.util.TimerThread.mainLoop(Timer.java:566)
	at java.base/java.util.TimerThread.run(Timer.java:516)

!ENTRY com.st.stm32cube.ide.mpu.remote.serial 4 0 2026-01-16 22:46:51.745
!MESSAGE Failed to parse wmic output
!STACK 0
org.xml.sax.SAXParseException; lineNumber: 1; columnNumber: 1; Premature end of file.
	at java.xml/com.sun.org.apache.xerces.internal.parsers.DOMParser.parse(DOMParser.java:262)
	at java.xml/com.sun.org.apache.xerces.internal.jaxp.DocumentBuilderImpl.parse(DocumentBuilderImpl.java:342)
	at com.st.stm32cube.ide.mpu.remote.serial.internal.SerialPortProviderWindows.run(SerialPortProviderWindows.java:127)
	at java.base/java.util.TimerThread.mainLoop(Timer.java:566)
	at java.base/java.util.TimerThread.run(Timer.java:516)

!ENTRY com.st.stm32cube.ide.mpu.remote.serial 4 0 2026-01-16 22:46:52.742
!MESSAGE Failed to parse wmic output
!STACK 0
org.xml.sax.SAXParseException; lineNumber: 1; columnNumber: 1; Premature end of file.
	at java.xml/com.sun.org.apache.xerces.internal.parsers.DOMParser.parse(DOMParser.java:262)
	at java.xml/com.sun.org.apache.xerces.internal.jaxp.DocumentBuilderImpl.parse(DocumentBuilderImpl.java:342)
	at com.st.stm32cube.ide.mpu.remote.serial.internal.SerialPortProviderWindows.run(SerialPortProviderWindows.java:127)
	at java.base/java.util.TimerThread.mainLoop(Timer.java:566)
	at java.base/java.util.TimerThread.run(Timer.java:516)

!ENTRY com.st.stm32cube.ide.mpu.remote.serial 4 0 2026-01-16 22:46:53.737
!MESSAGE Failed to parse wmic output
!STACK 0
org.xml.sax.SAXParseException; lineNumber: 1; columnNumber: 1; Premature end of file.
	at java.xml/com.sun.org.apache.xerces.internal.parsers.DOMParser.parse(DOMParser.java:262)
	at java.xml/com.sun.org.apache.xerces.internal.jaxp.DocumentBuilderImpl.parse(DocumentBuilderImpl.java:342)
	at com.st.stm32cube.ide.mpu.remote.serial.internal.SerialPortProviderWindows.run(SerialPortProviderWindows.java:127)
	at java.base/java.util.TimerThread.mainLoop(Timer.java:566)
	at java.base/java.util.TimerThread.run(Timer.java:516)

!ENTRY com.st.stm32cube.ide.mpu.remote.serial 4 0 2026-01-16 22:46:54.743
!MESSAGE Failed to parse wmic output
!STACK 0
org.xml.sax.SAXParseException; lineNumber: 1; columnNumber: 1; Premature end of file.
	at java.xml/com.sun.org.apache.xerces.internal.parsers.DOMParser.parse(DOMParser.java:262)
	at java.xml/com.sun.org.apache.xerces.internal.jaxp.DocumentBuilderImpl.parse(DocumentBuilderImpl.java:342)
	at com.st.stm32cube.ide.mpu.remote.serial.internal.SerialPortProviderWindows.run(SerialPortProviderWindows.java:127)
	at java.base/java.util.TimerThread.mainLoop(Timer.java:566)
	at java.base/java.util.TimerThread.run(Timer.java:516)

!ENTRY com.st.stm32cube.ide.mpu.remote.serial 4 0 2026-01-16 22:46:55.730
!MESSAGE Failed to parse wmic output
!STACK 0
org.xml.sax.SAXParseException; lineNumber: 1; columnNumber: 1; Premature end of file.
	at java.xml/com.sun.org.apache.xerces.internal.parsers.DOMParser.parse(DOMParser.java:262)
	at java.xml/com.sun.org.apache.xerces.internal.jaxp.DocumentBuilderImpl.parse(DocumentBuilderImpl.java:342)
	at com.st.stm32cube.ide.mpu.remote.serial.internal.SerialPortProviderWindows.run(SerialPortProviderWindows.java:127)
	at java.base/java.util.TimerThread.mainLoop(Timer.java:566)
	at java.base/java.util.TimerThread.run(Timer.java:516)

!ENTRY com.st.stm32cube.ide.mpu.remote.serial 4 0 2026-01-16 22:46:56.742
!MESSAGE Failed to parse wmic output
!STACK 0
org.xml.sax.SAXParseException; lineNumber: 1; columnNumber: 1; Premature end of file.
	at java.xml/com.sun.org.apache.xerces.internal.parsers.DOMParser.parse(DOMParser.java:262)
	at java.xml/com.sun.org.apache.xerces.internal.jaxp.DocumentBuilderImpl.parse(DocumentBuilderImpl.java:342)
	at com.st.stm32cube.ide.mpu.remote.serial.internal.SerialPortProviderWindows.run(SerialPortProviderWindows.java:127)
	at java.base/java.util.TimerThread.mainLoop(Timer.java:566)
	at java.base/java.util.TimerThread.run(Timer.java:516)

!ENTRY com.st.stm32cube.ide.mpu.remote.serial 4 0 2026-01-16 22:46:57.733
!MESSAGE Failed to parse wmic output
!STACK 0
org.xml.sax.SAXParseException; lineNumber: 1; columnNumber: 1; Premature end of file.
	at java.xml/com.sun.org.apache.xerces.internal.parsers.DOMParser.parse(DOMParser.java:262)
	at java.xml/com.sun.org.apache.xerces.internal.jaxp.DocumentBuilderImpl.parse(DocumentBuilderImpl.java:342)
	at com.st.stm32cube.ide.mpu.remote.serial.internal.SerialPortProviderWindows.run(SerialPortProviderWindows.java:127)
	at java.base/java.util.TimerThread.mainLoop(Timer.java:566)
	at java.base/java.util.TimerThread.run(Timer.java:516)

!ENTRY com.st.stm32cube.ide.mpu.remote.serial 4 0 2026-01-16 22:46:58.751
!MESSAGE Failed to parse wmic output
!STACK 0
org.xml.sax.SAXParseException; lineNumber: 1; columnNumber: 1; Premature end of file.
	at java.xml/com.sun.org.apache.xerces.internal.parsers.DOMParser.parse(DOMParser.java:262)
	at java.xml/com.sun.org.apache.xerces.internal.jaxp.DocumentBuilderImpl.parse(DocumentBuilderImpl.java:342)
	at com.st.stm32cube.ide.mpu.remote.serial.internal.SerialPortProviderWindows.run(SerialPortProviderWindows.java:127)
	at java.base/java.util.TimerThread.mainLoop(Timer.java:566)
	at java.base/java.util.TimerThread.run(Timer.java:516)

!ENTRY com.st.stm32cube.ide.mpu.remote.serial 4 0 2026-01-16 22:46:59.729
!MESSAGE Failed to parse wmic output
!STACK 0
org.xml.sax.SAXParseException; lineNumber: 1; columnNumber: 1; Premature end of file.
	at java.xml/com.sun.org.apache.xerces.internal.parsers.DOMParser.parse(DOMParser.java:262)
	at java.xml/com.sun.org.apache.xerces.internal.jaxp.DocumentBuilderImpl.parse(DocumentBuilderImpl.java:342)
	at com.st.stm32cube.ide.mpu.remote.serial.internal.SerialPortProviderWindows.run(SerialPortProviderWindows.java:127)
	at java.base/java.util.TimerThread.mainLoop(Timer.java:566)
	at java.base/java.util.TimerThread.run(Timer.java:516)

!ENTRY com.st.stm32cube.ide.mpu.remote.serial 4 0 2026-01-16 22:47:00.740
!MESSAGE Failed to parse wmic output
!STACK 0
org.xml.sax.SAXParseException; lineNumber: 1; columnNumber: 1; Premature end of file.
	at java.xml/com.sun.org.apache.xerces.internal.parsers.DOMParser.parse(DOMParser.java:262)
	at java.xml/com.sun.org.apache.xerces.internal.jaxp.DocumentBuilderImpl.parse(DocumentBuilderImpl.java:342)
	at com.st.stm32cube.ide.mpu.remote.serial.internal.SerialPortProviderWindows.run(SerialPortProviderWindows.java:127)
	at java.base/java.util.TimerThread.mainLoop(Timer.java:566)
	at java.base/java.util.TimerThread.run(Timer.java:516)

!ENTRY com.st.stm32cube.ide.mpu.remote.serial 4 0 2026-01-16 22:47:01.744
!MESSAGE Failed to parse wmic output
!STACK 0
org.xml.sax.SAXParseException; lineNumber: 1; columnNumber: 1; Premature end of file.
	at java.xml/com.sun.org.apache.xerces.internal.parsers.DOMParser.parse(DOMParser.java:262)
	at java.xml/com.sun.org.apache.xerces.internal.jaxp.DocumentBuilderImpl.parse(DocumentBuilderImpl.java:342)
	at com.st.stm32cube.ide.mpu.remote.serial.internal.SerialPortProviderWindows.run(SerialPortProviderWindows.java:127)
	at java.base/java.util.TimerThread.mainLoop(Timer.java:566)
	at java.base/java.util.TimerThread.run(Timer.java:516)

!ENTRY com.st.stm32cube.ide.mpu.remote.serial 4 0 2026-01-16 22:47:02.746
!MESSAGE Failed to parse wmic output
!STACK 0
org.xml.sax.SAXParseException; lineNumber: 1; columnNumber: 1; Premature end of file.
	at java.xml/com.sun.org.apache.xerces.internal.parsers.DOMParser.parse(DOMParser.java:262)
	at java.xml/com.sun.org.apache.xerces.internal.jaxp.DocumentBuilderImpl.parse(DocumentBuilderImpl.java:342)
	at com.st.stm32cube.ide.mpu.remote.serial.internal.SerialPortProviderWindows.run(SerialPortProviderWindows.java:127)
	at java.base/java.util.TimerThread.mainLoop(Timer.java:566)
	at java.base/java.util.TimerThread.run(Timer.java:516)

!ENTRY com.st.stm32cube.ide.mpu.remote.serial 4 0 2026-01-16 22:47:03.734
!MESSAGE Failed to parse wmic output
!STACK 0
org.xml.sax.SAXParseException; lineNumber: 1; columnNumber: 1; Premature end of file.
	at java.xml/com.sun.org.apache.xerces.internal.parsers.DOMParser.parse(DOMParser.java:262)
	at java.xml/com.sun.org.apache.xerces.internal.jaxp.DocumentBuilderImpl.parse(DocumentBuilderImpl.java:342)
	at com.st.stm32cube.ide.mpu.remote.serial.internal.SerialPortProviderWindows.run(SerialPortProviderWindows.java:127)
	at java.base/java.util.TimerThread.mainLoop(Timer.java:566)
	at java.base/java.util.TimerThread.run(Timer.java:516)

!ENTRY com.st.stm32cube.ide.mpu.remote.serial 4 0 2026-01-16 22:47:04.722
!MESSAGE Failed to parse wmic output
!STACK 0
org.xml.sax.SAXParseException; lineNumber: 1; columnNumber: 1; Premature end of file.
	at java.xml/com.sun.org.apache.xerces.internal.parsers.DOMParser.parse(DOMParser.java:262)
	at java.xml/com.sun.org.apache.xerces.internal.jaxp.DocumentBuilderImpl.parse(DocumentBuilderImpl.java:342)
	at com.st.stm32cube.ide.mpu.remote.serial.internal.SerialPortProviderWindows.run(SerialPortProviderWindows.java:127)
	at java.base/java.util.TimerThread.mainLoop(Timer.java:566)
	at java.base/java.util.TimerThread.run(Timer.java:516)

!ENTRY com.st.stm32cube.ide.mpu.remote.serial 4 0 2026-01-16 22:47:05.729
!MESSAGE Failed to parse wmic output
!STACK 0
org.xml.sax.SAXParseException; lineNumber: 1; columnNumber: 1; Premature end of file.
	at java.xml/com.sun.org.apache.xerces.internal.parsers.DOMParser.parse(DOMParser.java:262)
	at java.xml/com.sun.org.apache.xerces.internal.jaxp.DocumentBuilderImpl.parse(DocumentBuilderImpl.java:342)
	at com.st.stm32cube.ide.mpu.remote.serial.internal.SerialPortProviderWindows.run(SerialPortProviderWindows.java:127)
	at java.base/java.util.TimerThread.mainLoop(Timer.java:566)
	at java.base/java.util.TimerThread.run(Timer.java:516)

!ENTRY com.st.stm32cube.ide.mpu.remote.serial 4 0 2026-01-16 22:47:06.727
!MESSAGE Failed to parse wmic output
!STACK 0
org.xml.sax.SAXParseException; lineNumber: 1; columnNumber: 1; Premature end of file.
	at java.xml/com.sun.org.apache.xerces.internal.parsers.DOMParser.parse(DOMParser.java:262)
	at java.xml/com.sun.org.apache.xerces.internal.jaxp.DocumentBuilderImpl.parse(DocumentBuilderImpl.java:342)
	at com.st.stm32cube.ide.mpu.remote.serial.internal.SerialPortProviderWindows.run(SerialPortProviderWindows.java:127)
	at java.base/java.util.TimerThread.mainLoop(Timer.java:566)
	at java.base/java.util.TimerThread.run(Timer.java:516)

!ENTRY com.st.stm32cube.ide.mpu.remote.serial 4 0 2026-01-16 22:47:07.731
!MESSAGE Failed to parse wmic output
!STACK 0
org.xml.sax.SAXParseException; lineNumber: 1; columnNumber: 1; Premature end of file.
	at java.xml/com.sun.org.apache.xerces.internal.parsers.DOMParser.parse(DOMParser.java:262)
	at java.xml/com.sun.org.apache.xerces.internal.jaxp.DocumentBuilderImpl.parse(DocumentBuilderImpl.java:342)
	at com.st.stm32cube.ide.mpu.remote.serial.internal.SerialPortProviderWindows.run(SerialPortProviderWindows.java:127)
	at java.base/java.util.TimerThread.mainLoop(Timer.java:566)
	at java.base/java.util.TimerThread.run(Timer.java:516)

!ENTRY com.st.stm32cube.ide.mpu.remote.serial 4 0 2026-01-16 22:47:08.743
!MESSAGE Failed to parse wmic output
!STACK 0
org.xml.sax.SAXParseException; lineNumber: 1; columnNumber: 1; Premature end of file.
	at java.xml/com.sun.org.apache.xerces.internal.parsers.DOMParser.parse(DOMParser.java:262)
	at java.xml/com.sun.org.apache.xerces.internal.jaxp.DocumentBuilderImpl.parse(DocumentBuilderImpl.java:342)
	at com.st.stm32cube.ide.mpu.remote.serial.internal.SerialPortProviderWindows.run(SerialPortProviderWindows.java:127)
	at java.base/java.util.TimerThread.mainLoop(Timer.java:566)
	at java.base/java.util.TimerThread.run(Timer.java:516)

!ENTRY com.st.stm32cube.ide.mpu.remote.serial 4 0 2026-01-16 22:47:09.711
!MESSAGE Failed to parse wmic output
!STACK 0
org.xml.sax.SAXParseException; lineNumber: 1; columnNumber: 1; Premature end of file.
	at java.xml/com.sun.org.apache.xerces.internal.parsers.DOMParser.parse(DOMParser.java:262)
	at java.xml/com.sun.org.apache.xerces.internal.jaxp.DocumentBuilderImpl.parse(DocumentBuilderImpl.java:342)
	at com.st.stm32cube.ide.mpu.remote.serial.internal.SerialPortProviderWindows.run(SerialPortProviderWindows.java:127)
	at java.base/java.util.TimerThread.mainLoop(Timer.java:566)
	at java.base/java.util.TimerThread.run(Timer.java:516)

!ENTRY com.st.stm32cube.ide.mpu.remote.serial 4 0 2026-01-16 22:47:10.734
!MESSAGE Failed to parse wmic output
!STACK 0
org.xml.sax.SAXParseException; lineNumber: 1; columnNumber: 1; Premature end of file.
	at java.xml/com.sun.org.apache.xerces.internal.parsers.DOMParser.parse(DOMParser.java:262)
	at java.xml/com.sun.org.apache.xerces.internal.jaxp.DocumentBuilderImpl.parse(DocumentBuilderImpl.java:342)
	at com.st.stm32cube.ide.mpu.remote.serial.internal.SerialPortProviderWindows.run(SerialPortProviderWindows.java:127)
	at java.base/java.util.TimerThread.mainLoop(Timer.java:566)
	at java.base/java.util.TimerThread.run(Timer.java:516)

!ENTRY com.st.stm32cube.ide.mpu.remote.serial 4 0 2026-01-16 22:47:11.740
!MESSAGE Failed to parse wmic output
!STACK 0
org.xml.sax.SAXParseException; lineNumber: 1; columnNumber: 1; Premature end of file.
	at java.xml/com.sun.org.apache.xerces.internal.parsers.DOMParser.parse(DOMParser.java:262)
	at java.xml/com.sun.org.apache.xerces.internal.jaxp.DocumentBuilderImpl.parse(DocumentBuilderImpl.java:342)
	at com.st.stm32cube.ide.mpu.remote.serial.internal.SerialPortProviderWindows.run(SerialPortProviderWindows.java:127)
	at java.base/java.util.TimerThread.mainLoop(Timer.java:566)
	at java.base/java.util.TimerThread.run(Timer.java:516)

!ENTRY com.st.stm32cube.ide.mpu.remote.serial 4 0 2026-01-16 22:47:12.726
!MESSAGE Failed to parse wmic output
!STACK 0
org.xml.sax.SAXParseException; lineNumber: 1; columnNumber: 1; Premature end of file.
	at java.xml/com.sun.org.apache.xerces.internal.parsers.DOMParser.parse(DOMParser.java:262)
	at java.xml/com.sun.org.apache.xerces.internal.jaxp.DocumentBuilderImpl.parse(DocumentBuilderImpl.java:342)
	at com.st.stm32cube.ide.mpu.remote.serial.internal.SerialPortProviderWindows.run(SerialPortProviderWindows.java:127)
	at java.base/java.util.TimerThread.mainLoop(Timer.java:566)
	at java.base/java.util.TimerThread.run(Timer.java:516)

!ENTRY com.st.stm32cube.ide.mpu.remote.serial 4 0 2026-01-16 22:47:13.721
!MESSAGE Failed to parse wmic output
!STACK 0
org.xml.sax.SAXParseException; lineNumber: 1; columnNumber: 1; Premature end of file.
	at java.xml/com.sun.org.apache.xerces.internal.parsers.DOMParser.parse(DOMParser.java:262)
	at java.xml/com.sun.org.apache.xerces.internal.jaxp.DocumentBuilderImpl.parse(DocumentBuilderImpl.java:342)
	at com.st.stm32cube.ide.mpu.remote.serial.internal.SerialPortProviderWindows.run(SerialPortProviderWindows.java:127)
	at java.base/java.util.TimerThread.mainLoop(Timer.java:566)
	at java.base/java.util.TimerThread.run(Timer.java:516)

!ENTRY com.st.stm32cube.ide.mpu.remote.serial 4 0 2026-01-16 22:47:14.722
!MESSAGE Failed to parse wmic output
!STACK 0
org.xml.sax.SAXParseException; lineNumber: 1; columnNumber: 1; Premature end of file.
	at java.xml/com.sun.org.apache.xerces.internal.parsers.DOMParser.parse(DOMParser.java:262)
	at java.xml/com.sun.org.apache.xerces.internal.jaxp.DocumentBuilderImpl.parse(DocumentBuilderImpl.java:342)
	at com.st.stm32cube.ide.mpu.remote.serial.internal.SerialPortProviderWindows.run(SerialPortProviderWindows.java:127)
	at java.base/java.util.TimerThread.mainLoop(Timer.java:566)
	at java.base/java.util.TimerThread.run(Timer.java:516)

!ENTRY com.st.stm32cube.ide.mpu.remote.serial 4 0 2026-01-16 22:47:15.739
!MESSAGE Failed to parse wmic output
!STACK 0
org.xml.sax.SAXParseException; lineNumber: 1; columnNumber: 1; Premature end of file.
	at java.xml/com.sun.org.apache.xerces.internal.parsers.DOMParser.parse(DOMParser.java:262)
	at java.xml/com.sun.org.apache.xerces.internal.jaxp.DocumentBuilderImpl.parse(DocumentBuilderImpl.java:342)
	at com.st.stm32cube.ide.mpu.remote.serial.internal.SerialPortProviderWindows.run(SerialPortProviderWindows.java:127)
	at java.base/java.util.TimerThread.mainLoop(Timer.java:566)
	at java.base/java.util.TimerThread.run(Timer.java:516)

!ENTRY com.st.stm32cube.ide.mpu.remote.serial 4 0 2026-01-16 22:47:16.733
!MESSAGE Failed to parse wmic output
!STACK 0
org.xml.sax.SAXParseException; lineNumber: 1; columnNumber: 1; Premature end of file.
	at java.xml/com.sun.org.apache.xerces.internal.parsers.DOMParser.parse(DOMParser.java:262)
	at java.xml/com.sun.org.apache.xerces.internal.jaxp.DocumentBuilderImpl.parse(DocumentBuilderImpl.java:342)
	at com.st.stm32cube.ide.mpu.remote.serial.internal.SerialPortProviderWindows.run(SerialPortProviderWindows.java:127)
	at java.base/java.util.TimerThread.mainLoop(Timer.java:566)
	at java.base/java.util.TimerThread.run(Timer.java:516)

!ENTRY com.st.stm32cube.ide.mpu.remote.serial 4 0 2026-01-16 22:47:17.746
!MESSAGE Failed to parse wmic output
!STACK 0
org.xml.sax.SAXParseException; lineNumber: 1; columnNumber: 1; Premature end of file.
	at java.xml/com.sun.org.apache.xerces.internal.parsers.DOMParser.parse(DOMParser.java:262)
	at java.xml/com.sun.org.apache.xerces.internal.jaxp.DocumentBuilderImpl.parse(DocumentBuilderImpl.java:342)
	at com.st.stm32cube.ide.mpu.remote.serial.internal.SerialPortProviderWindows.run(SerialPortProviderWindows.java:127)
	at java.base/java.util.TimerThread.mainLoop(Timer.java:566)
	at java.base/java.util.TimerThread.run(Timer.java:516)

!ENTRY com.st.stm32cube.ide.mpu.remote.serial 4 0 2026-01-16 22:47:18.723
!MESSAGE Failed to parse wmic output
!STACK 0
org.xml.sax.SAXParseException; lineNumber: 1; columnNumber: 1; Premature end of file.
	at java.xml/com.sun.org.apache.xerces.internal.parsers.DOMParser.parse(DOMParser.java:262)
	at java.xml/com.sun.org.apache.xerces.internal.jaxp.DocumentBuilderImpl.parse(DocumentBuilderImpl.java:342)
	at com.st.stm32cube.ide.mpu.remote.serial.internal.SerialPortProviderWindows.run(SerialPortProviderWindows.java:127)
	at java.base/java.util.TimerThread.mainLoop(Timer.java:566)
	at java.base/java.util.TimerThread.run(Timer.java:516)

!ENTRY com.st.stm32cube.ide.mpu.remote.serial 4 0 2026-01-16 22:47:19.728
!MESSAGE Failed to parse wmic output
!STACK 0
org.xml.sax.SAXParseException; lineNumber: 1; columnNumber: 1; Premature end of file.
	at java.xml/com.sun.org.apache.xerces.internal.parsers.DOMParser.parse(DOMParser.java:262)
	at java.xml/com.sun.org.apache.xerces.internal.jaxp.DocumentBuilderImpl.parse(DocumentBuilderImpl.java:342)
	at com.st.stm32cube.ide.mpu.remote.serial.internal.SerialPortProviderWindows.run(SerialPortProviderWindows.java:127)
	at java.base/java.util.TimerThread.mainLoop(Timer.java:566)
	at java.base/java.util.TimerThread.run(Timer.java:516)

!ENTRY com.st.stm32cube.ide.mpu.remote.serial 4 0 2026-01-16 22:47:20.729
!MESSAGE Failed to parse wmic output
!STACK 0
org.xml.sax.SAXParseException; lineNumber: 1; columnNumber: 1; Premature end of file.
	at java.xml/com.sun.org.apache.xerces.internal.parsers.DOMParser.parse(DOMParser.java:262)
	at java.xml/com.sun.org.apache.xerces.internal.jaxp.DocumentBuilderImpl.parse(DocumentBuilderImpl.java:342)
	at com.st.stm32cube.ide.mpu.remote.serial.internal.SerialPortProviderWindows.run(SerialPortProviderWindows.java:127)
	at java.base/java.util.TimerThread.mainLoop(Timer.java:566)
	at java.base/java.util.TimerThread.run(Timer.java:516)

!ENTRY com.st.stm32cube.ide.mpu.remote.serial 4 0 2026-01-16 22:47:21.762
!MESSAGE Failed to parse wmic output
!STACK 0
org.xml.sax.SAXParseException; lineNumber: 1; columnNumber: 1; Premature end of file.
	at java.xml/com.sun.org.apache.xerces.internal.parsers.DOMParser.parse(DOMParser.java:262)
	at java.xml/com.sun.org.apache.xerces.internal.jaxp.DocumentBuilderImpl.parse(DocumentBuilderImpl.java:342)
	at com.st.stm32cube.ide.mpu.remote.serial.internal.SerialPortProviderWindows.run(SerialPortProviderWindows.java:127)
	at java.base/java.util.TimerThread.mainLoop(Timer.java:566)
	at java.base/java.util.TimerThread.run(Timer.java:516)

!ENTRY com.st.stm32cube.ide.mpu.remote.serial 4 0 2026-01-16 22:47:22.731
!MESSAGE Failed to parse wmic output
!STACK 0
org.xml.sax.SAXParseException; lineNumber: 1; columnNumber: 1; Premature end of file.
	at java.xml/com.sun.org.apache.xerces.internal.parsers.DOMParser.parse(DOMParser.java:262)
	at java.xml/com.sun.org.apache.xerces.internal.jaxp.DocumentBuilderImpl.parse(DocumentBuilderImpl.java:342)
	at com.st.stm32cube.ide.mpu.remote.serial.internal.SerialPortProviderWindows.run(SerialPortProviderWindows.java:127)
	at java.base/java.util.TimerThread.mainLoop(Timer.java:566)
	at java.base/java.util.TimerThread.run(Timer.java:516)

!ENTRY com.st.stm32cube.ide.mpu.remote.serial 4 0 2026-01-16 22:47:23.730
!MESSAGE Failed to parse wmic output
!STACK 0
org.xml.sax.SAXParseException; lineNumber: 1; columnNumber: 1; Premature end of file.
	at java.xml/com.sun.org.apache.xerces.internal.parsers.DOMParser.parse(DOMParser.java:262)
	at java.xml/com.sun.org.apache.xerces.internal.jaxp.DocumentBuilderImpl.parse(DocumentBuilderImpl.java:342)
	at com.st.stm32cube.ide.mpu.remote.serial.internal.SerialPortProviderWindows.run(SerialPortProviderWindows.java:127)
	at java.base/java.util.TimerThread.mainLoop(Timer.java:566)
	at java.base/java.util.TimerThread.run(Timer.java:516)

!ENTRY com.st.stm32cube.ide.mpu.remote.serial 4 0 2026-01-16 22:47:24.738
!MESSAGE Failed to parse wmic output
!STACK 0
org.xml.sax.SAXParseException; lineNumber: 1; columnNumber: 1; Premature end of file.
	at java.xml/com.sun.org.apache.xerces.internal.parsers.DOMParser.parse(DOMParser.java:262)
	at java.xml/com.sun.org.apache.xerces.internal.jaxp.DocumentBuilderImpl.parse(DocumentBuilderImpl.java:342)
	at com.st.stm32cube.ide.mpu.remote.serial.internal.SerialPortProviderWindows.run(SerialPortProviderWindows.java:127)
	at java.base/java.util.TimerThread.mainLoop(Timer.java:566)
	at java.base/java.util.TimerThread.run(Timer.java:516)

!ENTRY com.st.stm32cube.ide.mpu.remote.serial 4 0 2026-01-16 22:47:25.739
!MESSAGE Failed to parse wmic output
!STACK 0
org.xml.sax.SAXParseException; lineNumber: 1; columnNumber: 1; Premature end of file.
	at java.xml/com.sun.org.apache.xerces.internal.parsers.DOMParser.parse(DOMParser.java:262)
	at java.xml/com.sun.org.apache.xerces.internal.jaxp.DocumentBuilderImpl.parse(DocumentBuilderImpl.java:342)
	at com.st.stm32cube.ide.mpu.remote.serial.internal.SerialPortProviderWindows.run(SerialPortProviderWindows.java:127)
	at java.base/java.util.TimerThread.mainLoop(Timer.java:566)
	at java.base/java.util.TimerThread.run(Timer.java:516)

!ENTRY com.st.stm32cube.ide.mpu.remote.serial 4 0 2026-01-16 22:47:26.746
!MESSAGE Failed to parse wmic output
!STACK 0
org.xml.sax.SAXParseException; lineNumber: 1; columnNumber: 1; Premature end of file.
	at java.xml/com.sun.org.apache.xerces.internal.parsers.DOMParser.parse(DOMParser.java:262)
	at java.xml/com.sun.org.apache.xerces.internal.jaxp.DocumentBuilderImpl.parse(DocumentBuilderImpl.java:342)
	at com.st.stm32cube.ide.mpu.remote.serial.internal.SerialPortProviderWindows.run(SerialPortProviderWindows.java:127)
	at java.base/java.util.TimerThread.mainLoop(Timer.java:566)
	at java.base/java.util.TimerThread.run(Timer.java:516)

!ENTRY com.st.stm32cube.ide.mpu.remote.serial 4 0 2026-01-16 22:47:27.747
!MESSAGE Failed to parse wmic output
!STACK 0
org.xml.sax.SAXParseException; lineNumber: 1; columnNumber: 1; Premature end of file.
	at java.xml/com.sun.org.apache.xerces.internal.parsers.DOMParser.parse(DOMParser.java:262)
	at java.xml/com.sun.org.apache.xerces.internal.jaxp.DocumentBuilderImpl.parse(DocumentBuilderImpl.java:342)
	at com.st.stm32cube.ide.mpu.remote.serial.internal.SerialPortProviderWindows.run(SerialPortProviderWindows.java:127)
	at java.base/java.util.TimerThread.mainLoop(Timer.java:566)
	at java.base/java.util.TimerThread.run(Timer.java:516)

!ENTRY com.st.stm32cube.ide.mpu.remote.serial 4 0 2026-01-16 22:47:28.734
!MESSAGE Failed to parse wmic output
!STACK 0
org.xml.sax.SAXParseException; lineNumber: 1; columnNumber: 1; Premature end of file.
	at java.xml/com.sun.org.apache.xerces.internal.parsers.DOMParser.parse(DOMParser.java:262)
	at java.xml/com.sun.org.apache.xerces.internal.jaxp.DocumentBuilderImpl.parse(DocumentBuilderImpl.java:342)
	at com.st.stm32cube.ide.mpu.remote.serial.internal.SerialPortProviderWindows.run(SerialPortProviderWindows.java:127)
	at java.base/java.util.TimerThread.mainLoop(Timer.java:566)
	at java.base/java.util.TimerThread.run(Timer.java:516)

!ENTRY com.st.stm32cube.ide.mpu.remote.serial 4 0 2026-01-16 22:47:29.767
!MESSAGE Failed to parse wmic output
!STACK 0
org.xml.sax.SAXParseException; lineNumber: 1; columnNumber: 1; Premature end of file.
	at java.xml/com.sun.org.apache.xerces.internal.parsers.DOMParser.parse(DOMParser.java:262)
	at java.xml/com.sun.org.apache.xerces.internal.jaxp.DocumentBuilderImpl.parse(DocumentBuilderImpl.java:342)
	at com.st.stm32cube.ide.mpu.remote.serial.internal.SerialPortProviderWindows.run(SerialPortProviderWindows.java:127)
	at java.base/java.util.TimerThread.mainLoop(Timer.java:566)
	at java.base/java.util.TimerThread.run(Timer.java:516)

!ENTRY com.st.stm32cube.ide.mpu.remote.serial 4 0 2026-01-16 22:47:30.736
!MESSAGE Failed to parse wmic output
!STACK 0
org.xml.sax.SAXParseException; lineNumber: 1; columnNumber: 1; Premature end of file.
	at java.xml/com.sun.org.apache.xerces.internal.parsers.DOMParser.parse(DOMParser.java:262)
	at java.xml/com.sun.org.apache.xerces.internal.jaxp.DocumentBuilderImpl.parse(DocumentBuilderImpl.java:342)
	at com.st.stm32cube.ide.mpu.remote.serial.internal.SerialPortProviderWindows.run(SerialPortProviderWindows.java:127)
	at java.base/java.util.TimerThread.mainLoop(Timer.java:566)
	at java.base/java.util.TimerThread.run(Timer.java:516)

!ENTRY com.st.stm32cube.ide.mpu.remote.serial 4 0 2026-01-16 22:47:31.825
!MESSAGE Failed to parse wmic output
!STACK 0
org.xml.sax.SAXParseException; lineNumber: 1; columnNumber: 1; Premature end of file.
	at java.xml/com.sun.org.apache.xerces.internal.parsers.DOMParser.parse(DOMParser.java:262)
	at java.xml/com.sun.org.apache.xerces.internal.jaxp.DocumentBuilderImpl.parse(DocumentBuilderImpl.java:342)
	at com.st.stm32cube.ide.mpu.remote.serial.internal.SerialPortProviderWindows.run(SerialPortProviderWindows.java:127)
	at java.base/java.util.TimerThread.mainLoop(Timer.java:566)
	at java.base/java.util.TimerThread.run(Timer.java:516)

!ENTRY com.st.stm32cube.ide.mpu.remote.serial 4 0 2026-01-16 22:47:32.750
!MESSAGE Failed to parse wmic output
!STACK 0
org.xml.sax.SAXParseException; lineNumber: 1; columnNumber: 1; Premature end of file.
	at java.xml/com.sun.org.apache.xerces.internal.parsers.DOMParser.parse(DOMParser.java:262)
	at java.xml/com.sun.org.apache.xerces.internal.jaxp.DocumentBuilderImpl.parse(DocumentBuilderImpl.java:342)
	at com.st.stm32cube.ide.mpu.remote.serial.internal.SerialPortProviderWindows.run(SerialPortProviderWindows.java:127)
	at java.base/java.util.TimerThread.mainLoop(Timer.java:566)
	at java.base/java.util.TimerThread.run(Timer.java:516)

!ENTRY com.st.stm32cube.ide.mpu.remote.serial 4 0 2026-01-16 22:47:33.752
!MESSAGE Failed to parse wmic output
!STACK 0
org.xml.sax.SAXParseException; lineNumber: 1; columnNumber: 1; Premature end of file.
	at java.xml/com.sun.org.apache.xerces.internal.parsers.DOMParser.parse(DOMParser.java:262)
	at java.xml/com.sun.org.apache.xerces.internal.jaxp.DocumentBuilderImpl.parse(DocumentBuilderImpl.java:342)
	at com.st.stm32cube.ide.mpu.remote.serial.internal.SerialPortProviderWindows.run(SerialPortProviderWindows.java:127)
	at java.base/java.util.TimerThread.mainLoop(Timer.java:566)
	at java.base/java.util.TimerThread.run(Timer.java:516)

!ENTRY com.st.stm32cube.ide.mpu.remote.serial 4 0 2026-01-16 22:47:34.735
!MESSAGE Failed to parse wmic output
!STACK 0
org.xml.sax.SAXParseException; lineNumber: 1; columnNumber: 1; Premature end of file.
	at java.xml/com.sun.org.apache.xerces.internal.parsers.DOMParser.parse(DOMParser.java:262)
	at java.xml/com.sun.org.apache.xerces.internal.jaxp.DocumentBuilderImpl.parse(DocumentBuilderImpl.java:342)
	at com.st.stm32cube.ide.mpu.remote.serial.internal.SerialPortProviderWindows.run(SerialPortProviderWindows.java:127)
	at java.base/java.util.TimerThread.mainLoop(Timer.java:566)
	at java.base/java.util.TimerThread.run(Timer.java:516)

!ENTRY com.st.stm32cube.ide.mpu.remote.serial 4 0 2026-01-16 22:47:35.733
!MESSAGE Failed to parse wmic output
!STACK 0
org.xml.sax.SAXParseException; lineNumber: 1; columnNumber: 1; Premature end of file.
	at java.xml/com.sun.org.apache.xerces.internal.parsers.DOMParser.parse(DOMParser.java:262)
	at java.xml/com.sun.org.apache.xerces.internal.jaxp.DocumentBuilderImpl.parse(DocumentBuilderImpl.java:342)
	at com.st.stm32cube.ide.mpu.remote.serial.internal.SerialPortProviderWindows.run(SerialPortProviderWindows.java:127)
	at java.base/java.util.TimerThread.mainLoop(Timer.java:566)
	at java.base/java.util.TimerThread.run(Timer.java:516)

!ENTRY com.st.stm32cube.ide.mpu.remote.serial 4 0 2026-01-16 22:47:36.744
!MESSAGE Failed to parse wmic output
!STACK 0
org.xml.sax.SAXParseException; lineNumber: 1; columnNumber: 1; Premature end of file.
	at java.xml/com.sun.org.apache.xerces.internal.parsers.DOMParser.parse(DOMParser.java:262)
	at java.xml/com.sun.org.apache.xerces.internal.jaxp.DocumentBuilderImpl.parse(DocumentBuilderImpl.java:342)
	at com.st.stm32cube.ide.mpu.remote.serial.internal.SerialPortProviderWindows.run(SerialPortProviderWindows.java:127)
	at java.base/java.util.TimerThread.mainLoop(Timer.java:566)
	at java.base/java.util.TimerThread.run(Timer.java:516)

!ENTRY com.st.stm32cube.ide.mpu.remote.serial 4 0 2026-01-16 22:47:37.731
!MESSAGE Failed to parse wmic output
!STACK 0
org.xml.sax.SAXParseException; lineNumber: 1; columnNumber: 1; Premature end of file.
	at java.xml/com.sun.org.apache.xerces.internal.parsers.DOMParser.parse(DOMParser.java:262)
	at java.xml/com.sun.org.apache.xerces.internal.jaxp.DocumentBuilderImpl.parse(DocumentBuilderImpl.java:342)
	at com.st.stm32cube.ide.mpu.remote.serial.internal.SerialPortProviderWindows.run(SerialPortProviderWindows.java:127)
	at java.base/java.util.TimerThread.mainLoop(Timer.java:566)
	at java.base/java.util.TimerThread.run(Timer.java:516)

!ENTRY com.st.stm32cube.ide.mpu.remote.serial 4 0 2026-01-16 22:47:38.726
!MESSAGE Failed to parse wmic output
!STACK 0
org.xml.sax.SAXParseException; lineNumber: 1; columnNumber: 1; Premature end of file.
	at java.xml/com.sun.org.apache.xerces.internal.parsers.DOMParser.parse(DOMParser.java:262)
	at java.xml/com.sun.org.apache.xerces.internal.jaxp.DocumentBuilderImpl.parse(DocumentBuilderImpl.java:342)
	at com.st.stm32cube.ide.mpu.remote.serial.internal.SerialPortProviderWindows.run(SerialPortProviderWindows.java:127)
	at java.base/java.util.TimerThread.mainLoop(Timer.java:566)
	at java.base/java.util.TimerThread.run(Timer.java:516)

!ENTRY com.st.stm32cube.ide.mpu.remote.serial 4 0 2026-01-16 22:47:39.725
!MESSAGE Failed to parse wmic output
!STACK 0
org.xml.sax.SAXParseException; lineNumber: 1; columnNumber: 1; Premature end of file.
	at java.xml/com.sun.org.apache.xerces.internal.parsers.DOMParser.parse(DOMParser.java:262)
	at java.xml/com.sun.org.apache.xerces.internal.jaxp.DocumentBuilderImpl.parse(DocumentBuilderImpl.java:342)
	at com.st.stm32cube.ide.mpu.remote.serial.internal.SerialPortProviderWindows.run(SerialPortProviderWindows.java:127)
	at java.base/java.util.TimerThread.mainLoop(Timer.java:566)
	at java.base/java.util.TimerThread.run(Timer.java:516)

!ENTRY com.st.stm32cube.ide.mpu.remote.serial 4 0 2026-01-16 22:47:40.714
!MESSAGE Failed to parse wmic output
!STACK 0
org.xml.sax.SAXParseException; lineNumber: 1; columnNumber: 1; Premature end of file.
	at java.xml/com.sun.org.apache.xerces.internal.parsers.DOMParser.parse(DOMParser.java:262)
	at java.xml/com.sun.org.apache.xerces.internal.jaxp.DocumentBuilderImpl.parse(DocumentBuilderImpl.java:342)
	at com.st.stm32cube.ide.mpu.remote.serial.internal.SerialPortProviderWindows.run(SerialPortProviderWindows.java:127)
	at java.base/java.util.TimerThread.mainLoop(Timer.java:566)
	at java.base/java.util.TimerThread.run(Timer.java:516)

!ENTRY com.st.stm32cube.ide.mpu.remote.serial 4 0 2026-01-16 22:47:41.724
!MESSAGE Failed to parse wmic output
!STACK 0
org.xml.sax.SAXParseException; lineNumber: 1; columnNumber: 1; Premature end of file.
	at java.xml/com.sun.org.apache.xerces.internal.parsers.DOMParser.parse(DOMParser.java:262)
	at java.xml/com.sun.org.apache.xerces.internal.jaxp.DocumentBuilderImpl.parse(DocumentBuilderImpl.java:342)
	at com.st.stm32cube.ide.mpu.remote.serial.internal.SerialPortProviderWindows.run(SerialPortProviderWindows.java:127)
	at java.base/java.util.TimerThread.mainLoop(Timer.java:566)
	at java.base/java.util.TimerThread.run(Timer.java:516)

!ENTRY com.st.stm32cube.ide.mpu.remote.serial 4 0 2026-01-16 22:47:42.748
!MESSAGE Failed to parse wmic output
!STACK 0
org.xml.sax.SAXParseException; lineNumber: 1; columnNumber: 1; Premature end of file.
	at java.xml/com.sun.org.apache.xerces.internal.parsers.DOMParser.parse(DOMParser.java:262)
	at java.xml/com.sun.org.apache.xerces.internal.jaxp.DocumentBuilderImpl.parse(DocumentBuilderImpl.java:342)
	at com.st.stm32cube.ide.mpu.remote.serial.internal.SerialPortProviderWindows.run(SerialPortProviderWindows.java:127)
	at java.base/java.util.TimerThread.mainLoop(Timer.java:566)
	at java.base/java.util.TimerThread.run(Timer.java:516)

!ENTRY com.st.stm32cube.ide.mpu.remote.serial 4 0 2026-01-16 22:47:43.733
!MESSAGE Failed to parse wmic output
!STACK 0
org.xml.sax.SAXParseException; lineNumber: 1; columnNumber: 1; Premature end of file.
	at java.xml/com.sun.org.apache.xerces.internal.parsers.DOMParser.parse(DOMParser.java:262)
	at java.xml/com.sun.org.apache.xerces.internal.jaxp.DocumentBuilderImpl.parse(DocumentBuilderImpl.java:342)
	at com.st.stm32cube.ide.mpu.remote.serial.internal.SerialPortProviderWindows.run(SerialPortProviderWindows.java:127)
	at java.base/java.util.TimerThread.mainLoop(Timer.java:566)
	at java.base/java.util.TimerThread.run(Timer.java:516)

!ENTRY com.st.stm32cube.ide.mpu.remote.serial 4 0 2026-01-16 22:47:44.734
!MESSAGE Failed to parse wmic output
!STACK 0
org.xml.sax.SAXParseException; lineNumber: 1; columnNumber: 1; Premature end of file.
	at java.xml/com.sun.org.apache.xerces.internal.parsers.DOMParser.parse(DOMParser.java:262)
	at java.xml/com.sun.org.apache.xerces.internal.jaxp.DocumentBuilderImpl.parse(DocumentBuilderImpl.java:342)
	at com.st.stm32cube.ide.mpu.remote.serial.internal.SerialPortProviderWindows.run(SerialPortProviderWindows.java:127)
	at java.base/java.util.TimerThread.mainLoop(Timer.java:566)
	at java.base/java.util.TimerThread.run(Timer.java:516)

!ENTRY com.st.stm32cube.ide.mpu.remote.serial 4 0 2026-01-16 22:47:45.732
!MESSAGE Failed to parse wmic output
!STACK 0
org.xml.sax.SAXParseException; lineNumber: 1; columnNumber: 1; Premature end of file.
	at java.xml/com.sun.org.apache.xerces.internal.parsers.DOMParser.parse(DOMParser.java:262)
	at java.xml/com.sun.org.apache.xerces.internal.jaxp.DocumentBuilderImpl.parse(DocumentBuilderImpl.java:342)
	at com.st.stm32cube.ide.mpu.remote.serial.internal.SerialPortProviderWindows.run(SerialPortProviderWindows.java:127)
	at java.base/java.util.TimerThread.mainLoop(Timer.java:566)
	at java.base/java.util.TimerThread.run(Timer.java:516)

!ENTRY com.st.stm32cube.ide.mpu.remote.serial 4 0 2026-01-16 22:47:46.735
!MESSAGE Failed to parse wmic output
!STACK 0
org.xml.sax.SAXParseException; lineNumber: 1; columnNumber: 1; Premature end of file.
	at java.xml/com.sun.org.apache.xerces.internal.parsers.DOMParser.parse(DOMParser.java:262)
	at java.xml/com.sun.org.apache.xerces.internal.jaxp.DocumentBuilderImpl.parse(DocumentBuilderImpl.java:342)
	at com.st.stm32cube.ide.mpu.remote.serial.internal.SerialPortProviderWindows.run(SerialPortProviderWindows.java:127)
	at java.base/java.util.TimerThread.mainLoop(Timer.java:566)
	at java.base/java.util.TimerThread.run(Timer.java:516)

!ENTRY com.st.stm32cube.ide.mpu.remote.serial 4 0 2026-01-16 22:47:47.740
!MESSAGE Failed to parse wmic output
!STACK 0
org.xml.sax.SAXParseException; lineNumber: 1; columnNumber: 1; Premature end of file.
	at java.xml/com.sun.org.apache.xerces.internal.parsers.DOMParser.parse(DOMParser.java:262)
	at java.xml/com.sun.org.apache.xerces.internal.jaxp.DocumentBuilderImpl.parse(DocumentBuilderImpl.java:342)
	at com.st.stm32cube.ide.mpu.remote.serial.internal.SerialPortProviderWindows.run(SerialPortProviderWindows.java:127)
	at java.base/java.util.TimerThread.mainLoop(Timer.java:566)
	at java.base/java.util.TimerThread.run(Timer.java:516)

!ENTRY com.st.stm32cube.ide.mpu.remote.serial 4 0 2026-01-16 22:47:48.740
!MESSAGE Failed to parse wmic output
!STACK 0
org.xml.sax.SAXParseException; lineNumber: 1; columnNumber: 1; Premature end of file.
	at java.xml/com.sun.org.apache.xerces.internal.parsers.DOMParser.parse(DOMParser.java:262)
	at java.xml/com.sun.org.apache.xerces.internal.jaxp.DocumentBuilderImpl.parse(DocumentBuilderImpl.java:342)
	at com.st.stm32cube.ide.mpu.remote.serial.internal.SerialPortProviderWindows.run(SerialPortProviderWindows.java:127)
	at java.base/java.util.TimerThread.mainLoop(Timer.java:566)
	at java.base/java.util.TimerThread.run(Timer.java:516)

!ENTRY com.st.stm32cube.ide.mpu.remote.serial 4 0 2026-01-16 22:47:49.729
!MESSAGE Failed to parse wmic output
!STACK 0
org.xml.sax.SAXParseException; lineNumber: 1; columnNumber: 1; Premature end of file.
	at java.xml/com.sun.org.apache.xerces.internal.parsers.DOMParser.parse(DOMParser.java:262)
	at java.xml/com.sun.org.apache.xerces.internal.jaxp.DocumentBuilderImpl.parse(DocumentBuilderImpl.java:342)
	at com.st.stm32cube.ide.mpu.remote.serial.internal.SerialPortProviderWindows.run(SerialPortProviderWindows.java:127)
	at java.base/java.util.TimerThread.mainLoop(Timer.java:566)
	at java.base/java.util.TimerThread.run(Timer.java:516)

!ENTRY com.st.stm32cube.ide.mpu.remote.serial 4 0 2026-01-16 22:47:50.737
!MESSAGE Failed to parse wmic output
!STACK 0
org.xml.sax.SAXParseException; lineNumber: 1; columnNumber: 1; Premature end of file.
	at java.xml/com.sun.org.apache.xerces.internal.parsers.DOMParser.parse(DOMParser.java:262)
	at java.xml/com.sun.org.apache.xerces.internal.jaxp.DocumentBuilderImpl.parse(DocumentBuilderImpl.java:342)
	at com.st.stm32cube.ide.mpu.remote.serial.internal.SerialPortProviderWindows.run(SerialPortProviderWindows.java:127)
	at java.base/java.util.TimerThread.mainLoop(Timer.java:566)
	at java.base/java.util.TimerThread.run(Timer.java:516)

!ENTRY com.st.stm32cube.ide.mpu.remote.serial 4 0 2026-01-16 22:47:51.727
!MESSAGE Failed to parse wmic output
!STACK 0
org.xml.sax.SAXParseException; lineNumber: 1; columnNumber: 1; Premature end of file.
	at java.xml/com.sun.org.apache.xerces.internal.parsers.DOMParser.parse(DOMParser.java:262)
	at java.xml/com.sun.org.apache.xerces.internal.jaxp.DocumentBuilderImpl.parse(DocumentBuilderImpl.java:342)
	at com.st.stm32cube.ide.mpu.remote.serial.internal.SerialPortProviderWindows.run(SerialPortProviderWindows.java:127)
	at java.base/java.util.TimerThread.mainLoop(Timer.java:566)
	at java.base/java.util.TimerThread.run(Timer.java:516)

!ENTRY com.st.stm32cube.ide.mpu.remote.serial 4 0 2026-01-16 22:47:52.728
!MESSAGE Failed to parse wmic output
!STACK 0
org.xml.sax.SAXParseException; lineNumber: 1; columnNumber: 1; Premature end of file.
	at java.xml/com.sun.org.apache.xerces.internal.parsers.DOMParser.parse(DOMParser.java:262)
	at java.xml/com.sun.org.apache.xerces.internal.jaxp.DocumentBuilderImpl.parse(DocumentBuilderImpl.java:342)
	at com.st.stm32cube.ide.mpu.remote.serial.internal.SerialPortProviderWindows.run(SerialPortProviderWindows.java:127)
	at java.base/java.util.TimerThread.mainLoop(Timer.java:566)
	at java.base/java.util.TimerThread.run(Timer.java:516)

!ENTRY com.st.stm32cube.ide.mpu.remote.serial 4 0 2026-01-16 22:47:53.733
!MESSAGE Failed to parse wmic output
!STACK 0
org.xml.sax.SAXParseException; lineNumber: 1; columnNumber: 1; Premature end of file.
	at java.xml/com.sun.org.apache.xerces.internal.parsers.DOMParser.parse(DOMParser.java:262)
	at java.xml/com.sun.org.apache.xerces.internal.jaxp.DocumentBuilderImpl.parse(DocumentBuilderImpl.java:342)
	at com.st.stm32cube.ide.mpu.remote.serial.internal.SerialPortProviderWindows.run(SerialPortProviderWindows.java:127)
	at java.base/java.util.TimerThread.mainLoop(Timer.java:566)
	at java.base/java.util.TimerThread.run(Timer.java:516)

!ENTRY com.st.stm32cube.ide.mpu.remote.serial 4 0 2026-01-16 22:47:54.735
!MESSAGE Failed to parse wmic output
!STACK 0
org.xml.sax.SAXParseException; lineNumber: 1; columnNumber: 1; Premature end of file.
	at java.xml/com.sun.org.apache.xerces.internal.parsers.DOMParser.parse(DOMParser.java:262)
	at java.xml/com.sun.org.apache.xerces.internal.jaxp.DocumentBuilderImpl.parse(DocumentBuilderImpl.java:342)
	at com.st.stm32cube.ide.mpu.remote.serial.internal.SerialPortProviderWindows.run(SerialPortProviderWindows.java:127)
	at java.base/java.util.TimerThread.mainLoop(Timer.java:566)
	at java.base/java.util.TimerThread.run(Timer.java:516)

!ENTRY com.st.stm32cube.ide.mpu.remote.serial 4 0 2026-01-16 22:47:55.730
!MESSAGE Failed to parse wmic output
!STACK 0
org.xml.sax.SAXParseException; lineNumber: 1; columnNumber: 1; Premature end of file.
	at java.xml/com.sun.org.apache.xerces.internal.parsers.DOMParser.parse(DOMParser.java:262)
	at java.xml/com.sun.org.apache.xerces.internal.jaxp.DocumentBuilderImpl.parse(DocumentBuilderImpl.java:342)
	at com.st.stm32cube.ide.mpu.remote.serial.internal.SerialPortProviderWindows.run(SerialPortProviderWindows.java:127)
	at java.base/java.util.TimerThread.mainLoop(Timer.java:566)
	at java.base/java.util.TimerThread.run(Timer.java:516)

!ENTRY com.st.stm32cube.ide.mpu.remote.serial 4 0 2026-01-16 22:47:56.736
!MESSAGE Failed to parse wmic output
!STACK 0
org.xml.sax.SAXParseException; lineNumber: 1; columnNumber: 1; Premature end of file.
	at java.xml/com.sun.org.apache.xerces.internal.parsers.DOMParser.parse(DOMParser.java:262)
	at java.xml/com.sun.org.apache.xerces.internal.jaxp.DocumentBuilderImpl.parse(DocumentBuilderImpl.java:342)
	at com.st.stm32cube.ide.mpu.remote.serial.internal.SerialPortProviderWindows.run(SerialPortProviderWindows.java:127)
	at java.base/java.util.TimerThread.mainLoop(Timer.java:566)
	at java.base/java.util.TimerThread.run(Timer.java:516)

!ENTRY com.st.stm32cube.ide.mpu.remote.serial 4 0 2026-01-16 22:47:57.746
!MESSAGE Failed to parse wmic output
!STACK 0
org.xml.sax.SAXParseException; lineNumber: 1; columnNumber: 1; Premature end of file.
	at java.xml/com.sun.org.apache.xerces.internal.parsers.DOMParser.parse(DOMParser.java:262)
	at java.xml/com.sun.org.apache.xerces.internal.jaxp.DocumentBuilderImpl.parse(DocumentBuilderImpl.java:342)
	at com.st.stm32cube.ide.mpu.remote.serial.internal.SerialPortProviderWindows.run(SerialPortProviderWindows.java:127)
	at java.base/java.util.TimerThread.mainLoop(Timer.java:566)
	at java.base/java.util.TimerThread.run(Timer.java:516)

!ENTRY com.st.stm32cube.ide.mpu.remote.serial 4 0 2026-01-16 22:47:58.723
!MESSAGE Failed to parse wmic output
!STACK 0
org.xml.sax.SAXParseException; lineNumber: 1; columnNumber: 1; Premature end of file.
	at java.xml/com.sun.org.apache.xerces.internal.parsers.DOMParser.parse(DOMParser.java:262)
	at java.xml/com.sun.org.apache.xerces.internal.jaxp.DocumentBuilderImpl.parse(DocumentBuilderImpl.java:342)
	at com.st.stm32cube.ide.mpu.remote.serial.internal.SerialPortProviderWindows.run(SerialPortProviderWindows.java:127)
	at java.base/java.util.TimerThread.mainLoop(Timer.java:566)
	at java.base/java.util.TimerThread.run(Timer.java:516)

!ENTRY com.st.stm32cube.ide.mpu.remote.serial 4 0 2026-01-16 22:47:59.736
!MESSAGE Failed to parse wmic output
!STACK 0
org.xml.sax.SAXParseException; lineNumber: 1; columnNumber: 1; Premature end of file.
	at java.xml/com.sun.org.apache.xerces.internal.parsers.DOMParser.parse(DOMParser.java:262)
	at java.xml/com.sun.org.apache.xerces.internal.jaxp.DocumentBuilderImpl.parse(DocumentBuilderImpl.java:342)
	at com.st.stm32cube.ide.mpu.remote.serial.internal.SerialPortProviderWindows.run(SerialPortProviderWindows.java:127)
	at java.base/java.util.TimerThread.mainLoop(Timer.java:566)
	at java.base/java.util.TimerThread.run(Timer.java:516)

!ENTRY com.st.stm32cube.ide.mpu.remote.serial 4 0 2026-01-16 22:48:00.731
!MESSAGE Failed to parse wmic output
!STACK 0
org.xml.sax.SAXParseException; lineNumber: 1; columnNumber: 1; Premature end of file.
	at java.xml/com.sun.org.apache.xerces.internal.parsers.DOMParser.parse(DOMParser.java:262)
	at java.xml/com.sun.org.apache.xerces.internal.jaxp.DocumentBuilderImpl.parse(DocumentBuilderImpl.java:342)
	at com.st.stm32cube.ide.mpu.remote.serial.internal.SerialPortProviderWindows.run(SerialPortProviderWindows.java:127)
	at java.base/java.util.TimerThread.mainLoop(Timer.java:566)
	at java.base/java.util.TimerThread.run(Timer.java:516)

!ENTRY com.st.stm32cube.ide.mpu.remote.serial 4 0 2026-01-16 22:48:01.738
!MESSAGE Failed to parse wmic output
!STACK 0
org.xml.sax.SAXParseException; lineNumber: 1; columnNumber: 1; Premature end of file.
	at java.xml/com.sun.org.apache.xerces.internal.parsers.DOMParser.parse(DOMParser.java:262)
	at java.xml/com.sun.org.apache.xerces.internal.jaxp.DocumentBuilderImpl.parse(DocumentBuilderImpl.java:342)
	at com.st.stm32cube.ide.mpu.remote.serial.internal.SerialPortProviderWindows.run(SerialPortProviderWindows.java:127)
	at java.base/java.util.TimerThread.mainLoop(Timer.java:566)
	at java.base/java.util.TimerThread.run(Timer.java:516)

!ENTRY com.st.stm32cube.ide.mpu.remote.serial 4 0 2026-01-16 22:48:02.738
!MESSAGE Failed to parse wmic output
!STACK 0
org.xml.sax.SAXParseException; lineNumber: 1; columnNumber: 1; Premature end of file.
	at java.xml/com.sun.org.apache.xerces.internal.parsers.DOMParser.parse(DOMParser.java:262)
	at java.xml/com.sun.org.apache.xerces.internal.jaxp.DocumentBuilderImpl.parse(DocumentBuilderImpl.java:342)
	at com.st.stm32cube.ide.mpu.remote.serial.internal.SerialPortProviderWindows.run(SerialPortProviderWindows.java:127)
	at java.base/java.util.TimerThread.mainLoop(Timer.java:566)
	at java.base/java.util.TimerThread.run(Timer.java:516)

!ENTRY com.st.stm32cube.ide.mpu.remote.serial 4 0 2026-01-16 22:48:03.738
!MESSAGE Failed to parse wmic output
!STACK 0
org.xml.sax.SAXParseException; lineNumber: 1; columnNumber: 1; Premature end of file.
	at java.xml/com.sun.org.apache.xerces.internal.parsers.DOMParser.parse(DOMParser.java:262)
	at java.xml/com.sun.org.apache.xerces.internal.jaxp.DocumentBuilderImpl.parse(DocumentBuilderImpl.java:342)
	at com.st.stm32cube.ide.mpu.remote.serial.internal.SerialPortProviderWindows.run(SerialPortProviderWindows.java:127)
	at java.base/java.util.TimerThread.mainLoop(Timer.java:566)
	at java.base/java.util.TimerThread.run(Timer.java:516)

!ENTRY com.st.stm32cube.ide.mpu.remote.serial 4 0 2026-01-16 22:48:04.728
!MESSAGE Failed to parse wmic output
!STACK 0
org.xml.sax.SAXParseException; lineNumber: 1; columnNumber: 1; Premature end of file.
	at java.xml/com.sun.org.apache.xerces.internal.parsers.DOMParser.parse(DOMParser.java:262)
	at java.xml/com.sun.org.apache.xerces.internal.jaxp.DocumentBuilderImpl.parse(DocumentBuilderImpl.java:342)
	at com.st.stm32cube.ide.mpu.remote.serial.internal.SerialPortProviderWindows.run(SerialPortProviderWindows.java:127)
	at java.base/java.util.TimerThread.mainLoop(Timer.java:566)
	at java.base/java.util.TimerThread.run(Timer.java:516)

!ENTRY com.st.stm32cube.ide.mpu.remote.serial 4 0 2026-01-16 22:48:05.737
!MESSAGE Failed to parse wmic output
!STACK 0
org.xml.sax.SAXParseException; lineNumber: 1; columnNumber: 1; Premature end of file.
	at java.xml/com.sun.org.apache.xerces.internal.parsers.DOMParser.parse(DOMParser.java:262)
	at java.xml/com.sun.org.apache.xerces.internal.jaxp.DocumentBuilderImpl.parse(DocumentBuilderImpl.java:342)
	at com.st.stm32cube.ide.mpu.remote.serial.internal.SerialPortProviderWindows.run(SerialPortProviderWindows.java:127)
	at java.base/java.util.TimerThread.mainLoop(Timer.java:566)
	at java.base/java.util.TimerThread.run(Timer.java:516)

!ENTRY com.st.stm32cube.ide.mpu.remote.serial 4 0 2026-01-16 22:48:06.739
!MESSAGE Failed to parse wmic output
!STACK 0
org.xml.sax.SAXParseException; lineNumber: 1; columnNumber: 1; Premature end of file.
	at java.xml/com.sun.org.apache.xerces.internal.parsers.DOMParser.parse(DOMParser.java:262)
	at java.xml/com.sun.org.apache.xerces.internal.jaxp.DocumentBuilderImpl.parse(DocumentBuilderImpl.java:342)
	at com.st.stm32cube.ide.mpu.remote.serial.internal.SerialPortProviderWindows.run(SerialPortProviderWindows.java:127)
	at java.base/java.util.TimerThread.mainLoop(Timer.java:566)
	at java.base/java.util.TimerThread.run(Timer.java:516)

!ENTRY com.st.stm32cube.ide.mpu.remote.serial 4 0 2026-01-16 22:48:07.737
!MESSAGE Failed to parse wmic output
!STACK 0
org.xml.sax.SAXParseException; lineNumber: 1; columnNumber: 1; Premature end of file.
	at java.xml/com.sun.org.apache.xerces.internal.parsers.DOMParser.parse(DOMParser.java:262)
	at java.xml/com.sun.org.apache.xerces.internal.jaxp.DocumentBuilderImpl.parse(DocumentBuilderImpl.java:342)
	at com.st.stm32cube.ide.mpu.remote.serial.internal.SerialPortProviderWindows.run(SerialPortProviderWindows.java:127)
	at java.base/java.util.TimerThread.mainLoop(Timer.java:566)
	at java.base/java.util.TimerThread.run(Timer.java:516)

!ENTRY com.st.stm32cube.ide.mpu.remote.serial 4 0 2026-01-16 22:48:08.736
!MESSAGE Failed to parse wmic output
!STACK 0
org.xml.sax.SAXParseException; lineNumber: 1; columnNumber: 1; Premature end of file.
	at java.xml/com.sun.org.apache.xerces.internal.parsers.DOMParser.parse(DOMParser.java:262)
	at java.xml/com.sun.org.apache.xerces.internal.jaxp.DocumentBuilderImpl.parse(DocumentBuilderImpl.java:342)
	at com.st.stm32cube.ide.mpu.remote.serial.internal.SerialPortProviderWindows.run(SerialPortProviderWindows.java:127)
	at java.base/java.util.TimerThread.mainLoop(Timer.java:566)
	at java.base/java.util.TimerThread.run(Timer.java:516)

!ENTRY com.st.stm32cube.ide.mpu.remote.serial 4 0 2026-01-16 22:48:09.737
!MESSAGE Failed to parse wmic output
!STACK 0
org.xml.sax.SAXParseException; lineNumber: 1; columnNumber: 1; Premature end of file.
	at java.xml/com.sun.org.apache.xerces.internal.parsers.DOMParser.parse(DOMParser.java:262)
	at java.xml/com.sun.org.apache.xerces.internal.jaxp.DocumentBuilderImpl.parse(DocumentBuilderImpl.java:342)
	at com.st.stm32cube.ide.mpu.remote.serial.internal.SerialPortProviderWindows.run(SerialPortProviderWindows.java:127)
	at java.base/java.util.TimerThread.mainLoop(Timer.java:566)
	at java.base/java.util.TimerThread.run(Timer.java:516)

!ENTRY com.st.stm32cube.ide.mpu.remote.serial 4 0 2026-01-16 22:48:10.732
!MESSAGE Failed to parse wmic output
!STACK 0
org.xml.sax.SAXParseException; lineNumber: 1; columnNumber: 1; Premature end of file.
	at java.xml/com.sun.org.apache.xerces.internal.parsers.DOMParser.parse(DOMParser.java:262)
	at java.xml/com.sun.org.apache.xerces.internal.jaxp.DocumentBuilderImpl.parse(DocumentBuilderImpl.java:342)
	at com.st.stm32cube.ide.mpu.remote.serial.internal.SerialPortProviderWindows.run(SerialPortProviderWindows.java:127)
	at java.base/java.util.TimerThread.mainLoop(Timer.java:566)
	at java.base/java.util.TimerThread.run(Timer.java:516)

!ENTRY com.st.stm32cube.ide.mpu.remote.serial 4 0 2026-01-16 22:48:11.727
!MESSAGE Failed to parse wmic output
!STACK 0
org.xml.sax.SAXParseException; lineNumber: 1; columnNumber: 1; Premature end of file.
	at java.xml/com.sun.org.apache.xerces.internal.parsers.DOMParser.parse(DOMParser.java:262)
	at java.xml/com.sun.org.apache.xerces.internal.jaxp.DocumentBuilderImpl.parse(DocumentBuilderImpl.java:342)
	at com.st.stm32cube.ide.mpu.remote.serial.internal.SerialPortProviderWindows.run(SerialPortProviderWindows.java:127)
	at java.base/java.util.TimerThread.mainLoop(Timer.java:566)
	at java.base/java.util.TimerThread.run(Timer.java:516)

!ENTRY com.st.stm32cube.ide.mpu.remote.serial 4 0 2026-01-16 22:48:12.725
!MESSAGE Failed to parse wmic output
!STACK 0
org.xml.sax.SAXParseException; lineNumber: 1; columnNumber: 1; Premature end of file.
	at java.xml/com.sun.org.apache.xerces.internal.parsers.DOMParser.parse(DOMParser.java:262)
	at java.xml/com.sun.org.apache.xerces.internal.jaxp.DocumentBuilderImpl.parse(DocumentBuilderImpl.java:342)
	at com.st.stm32cube.ide.mpu.remote.serial.internal.SerialPortProviderWindows.run(SerialPortProviderWindows.java:127)
	at java.base/java.util.TimerThread.mainLoop(Timer.java:566)
	at java.base/java.util.TimerThread.run(Timer.java:516)

!ENTRY com.st.stm32cube.ide.mpu.remote.serial 4 0 2026-01-16 22:48:13.741
!MESSAGE Failed to parse wmic output
!STACK 0
org.xml.sax.SAXParseException; lineNumber: 1; columnNumber: 1; Premature end of file.
	at java.xml/com.sun.org.apache.xerces.internal.parsers.DOMParser.parse(DOMParser.java:262)
	at java.xml/com.sun.org.apache.xerces.internal.jaxp.DocumentBuilderImpl.parse(DocumentBuilderImpl.java:342)
	at com.st.stm32cube.ide.mpu.remote.serial.internal.SerialPortProviderWindows.run(SerialPortProviderWindows.java:127)
	at java.base/java.util.TimerThread.mainLoop(Timer.java:566)
	at java.base/java.util.TimerThread.run(Timer.java:516)

!ENTRY com.st.stm32cube.ide.mpu.remote.serial 4 0 2026-01-16 22:48:14.732
!MESSAGE Failed to parse wmic output
!STACK 0
org.xml.sax.SAXParseException; lineNumber: 1; columnNumber: 1; Premature end of file.
	at java.xml/com.sun.org.apache.xerces.internal.parsers.DOMParser.parse(DOMParser.java:262)
	at java.xml/com.sun.org.apache.xerces.internal.jaxp.DocumentBuilderImpl.parse(DocumentBuilderImpl.java:342)
	at com.st.stm32cube.ide.mpu.remote.serial.internal.SerialPortProviderWindows.run(SerialPortProviderWindows.java:127)
	at java.base/java.util.TimerThread.mainLoop(Timer.java:566)
	at java.base/java.util.TimerThread.run(Timer.java:516)

!ENTRY com.st.stm32cube.ide.mpu.remote.serial 4 0 2026-01-16 22:48:15.738
!MESSAGE Failed to parse wmic output
!STACK 0
org.xml.sax.SAXParseException; lineNumber: 1; columnNumber: 1; Premature end of file.
	at java.xml/com.sun.org.apache.xerces.internal.parsers.DOMParser.parse(DOMParser.java:262)
	at java.xml/com.sun.org.apache.xerces.internal.jaxp.DocumentBuilderImpl.parse(DocumentBuilderImpl.java:342)
	at com.st.stm32cube.ide.mpu.remote.serial.internal.SerialPortProviderWindows.run(SerialPortProviderWindows.java:127)
	at java.base/java.util.TimerThread.mainLoop(Timer.java:566)
	at java.base/java.util.TimerThread.run(Timer.java:516)

!ENTRY com.st.stm32cube.ide.mpu.remote.serial 4 0 2026-01-16 22:48:16.724
!MESSAGE Failed to parse wmic output
!STACK 0
org.xml.sax.SAXParseException; lineNumber: 1; columnNumber: 1; Premature end of file.
	at java.xml/com.sun.org.apache.xerces.internal.parsers.DOMParser.parse(DOMParser.java:262)
	at java.xml/com.sun.org.apache.xerces.internal.jaxp.DocumentBuilderImpl.parse(DocumentBuilderImpl.java:342)
	at com.st.stm32cube.ide.mpu.remote.serial.internal.SerialPortProviderWindows.run(SerialPortProviderWindows.java:127)
	at java.base/java.util.TimerThread.mainLoop(Timer.java:566)
	at java.base/java.util.TimerThread.run(Timer.java:516)

!ENTRY com.st.stm32cube.ide.mpu.remote.serial 4 0 2026-01-16 22:48:17.735
!MESSAGE Failed to parse wmic output
!STACK 0
org.xml.sax.SAXParseException; lineNumber: 1; columnNumber: 1; Premature end of file.
	at java.xml/com.sun.org.apache.xerces.internal.parsers.DOMParser.parse(DOMParser.java:262)
	at java.xml/com.sun.org.apache.xerces.internal.jaxp.DocumentBuilderImpl.parse(DocumentBuilderImpl.java:342)
	at com.st.stm32cube.ide.mpu.remote.serial.internal.SerialPortProviderWindows.run(SerialPortProviderWindows.java:127)
	at java.base/java.util.TimerThread.mainLoop(Timer.java:566)
	at java.base/java.util.TimerThread.run(Timer.java:516)

!ENTRY com.st.stm32cube.ide.mpu.remote.serial 4 0 2026-01-16 22:48:18.736
!MESSAGE Failed to parse wmic output
!STACK 0
org.xml.sax.SAXParseException; lineNumber: 1; columnNumber: 1; Premature end of file.
	at java.xml/com.sun.org.apache.xerces.internal.parsers.DOMParser.parse(DOMParser.java:262)
	at java.xml/com.sun.org.apache.xerces.internal.jaxp.DocumentBuilderImpl.parse(DocumentBuilderImpl.java:342)
	at com.st.stm32cube.ide.mpu.remote.serial.internal.SerialPortProviderWindows.run(SerialPortProviderWindows.java:127)
	at java.base/java.util.TimerThread.mainLoop(Timer.java:566)
	at java.base/java.util.TimerThread.run(Timer.java:516)

!ENTRY com.st.stm32cube.ide.mpu.remote.serial 4 0 2026-01-16 22:48:19.738
!MESSAGE Failed to parse wmic output
!STACK 0
org.xml.sax.SAXParseException; lineNumber: 1; columnNumber: 1; Premature end of file.
	at java.xml/com.sun.org.apache.xerces.internal.parsers.DOMParser.parse(DOMParser.java:262)
	at java.xml/com.sun.org.apache.xerces.internal.jaxp.DocumentBuilderImpl.parse(DocumentBuilderImpl.java:342)
	at com.st.stm32cube.ide.mpu.remote.serial.internal.SerialPortProviderWindows.run(SerialPortProviderWindows.java:127)
	at java.base/java.util.TimerThread.mainLoop(Timer.java:566)
	at java.base/java.util.TimerThread.run(Timer.java:516)

!ENTRY com.st.stm32cube.ide.mpu.remote.serial 4 0 2026-01-16 22:48:20.736
!MESSAGE Failed to parse wmic output
!STACK 0
org.xml.sax.SAXParseException; lineNumber: 1; columnNumber: 1; Premature end of file.
	at java.xml/com.sun.org.apache.xerces.internal.parsers.DOMParser.parse(DOMParser.java:262)
	at java.xml/com.sun.org.apache.xerces.internal.jaxp.DocumentBuilderImpl.parse(DocumentBuilderImpl.java:342)
	at com.st.stm32cube.ide.mpu.remote.serial.internal.SerialPortProviderWindows.run(SerialPortProviderWindows.java:127)
	at java.base/java.util.TimerThread.mainLoop(Timer.java:566)
	at java.base/java.util.TimerThread.run(Timer.java:516)

!ENTRY com.st.stm32cube.ide.mpu.remote.serial 4 0 2026-01-16 22:48:21.757
!MESSAGE Failed to parse wmic output
!STACK 0
org.xml.sax.SAXParseException; lineNumber: 1; columnNumber: 1; Premature end of file.
	at java.xml/com.sun.org.apache.xerces.internal.parsers.DOMParser.parse(DOMParser.java:262)
	at java.xml/com.sun.org.apache.xerces.internal.jaxp.DocumentBuilderImpl.parse(DocumentBuilderImpl.java:342)
	at com.st.stm32cube.ide.mpu.remote.serial.internal.SerialPortProviderWindows.run(SerialPortProviderWindows.java:127)
	at java.base/java.util.TimerThread.mainLoop(Timer.java:566)
	at java.base/java.util.TimerThread.run(Timer.java:516)

!ENTRY com.st.stm32cube.ide.mpu.remote.serial 4 0 2026-01-16 22:48:22.737
!MESSAGE Failed to parse wmic output
!STACK 0
org.xml.sax.SAXParseException; lineNumber: 1; columnNumber: 1; Premature end of file.
	at java.xml/com.sun.org.apache.xerces.internal.parsers.DOMParser.parse(DOMParser.java:262)
	at java.xml/com.sun.org.apache.xerces.internal.jaxp.DocumentBuilderImpl.parse(DocumentBuilderImpl.java:342)
	at com.st.stm32cube.ide.mpu.remote.serial.internal.SerialPortProviderWindows.run(SerialPortProviderWindows.java:127)
	at java.base/java.util.TimerThread.mainLoop(Timer.java:566)
	at java.base/java.util.TimerThread.run(Timer.java:516)

!ENTRY com.st.stm32cube.ide.mpu.remote.serial 4 0 2026-01-16 22:48:23.743
!MESSAGE Failed to parse wmic output
!STACK 0
org.xml.sax.SAXParseException; lineNumber: 1; columnNumber: 1; Premature end of file.
	at java.xml/com.sun.org.apache.xerces.internal.parsers.DOMParser.parse(DOMParser.java:262)
	at java.xml/com.sun.org.apache.xerces.internal.jaxp.DocumentBuilderImpl.parse(DocumentBuilderImpl.java:342)
	at com.st.stm32cube.ide.mpu.remote.serial.internal.SerialPortProviderWindows.run(SerialPortProviderWindows.java:127)
	at java.base/java.util.TimerThread.mainLoop(Timer.java:566)
	at java.base/java.util.TimerThread.run(Timer.java:516)

!ENTRY com.st.stm32cube.ide.mpu.remote.serial 4 0 2026-01-16 22:48:24.748
!MESSAGE Failed to parse wmic output
!STACK 0
org.xml.sax.SAXParseException; lineNumber: 1; columnNumber: 1; Premature end of file.
	at java.xml/com.sun.org.apache.xerces.internal.parsers.DOMParser.parse(DOMParser.java:262)
	at java.xml/com.sun.org.apache.xerces.internal.jaxp.DocumentBuilderImpl.parse(DocumentBuilderImpl.java:342)
	at com.st.stm32cube.ide.mpu.remote.serial.internal.SerialPortProviderWindows.run(SerialPortProviderWindows.java:127)
	at java.base/java.util.TimerThread.mainLoop(Timer.java:566)
	at java.base/java.util.TimerThread.run(Timer.java:516)

!ENTRY com.st.stm32cube.ide.mpu.remote.serial 4 0 2026-01-16 22:48:25.740
!MESSAGE Failed to parse wmic output
!STACK 0
org.xml.sax.SAXParseException; lineNumber: 1; columnNumber: 1; Premature end of file.
	at java.xml/com.sun.org.apache.xerces.internal.parsers.DOMParser.parse(DOMParser.java:262)
	at java.xml/com.sun.org.apache.xerces.internal.jaxp.DocumentBuilderImpl.parse(DocumentBuilderImpl.java:342)
	at com.st.stm32cube.ide.mpu.remote.serial.internal.SerialPortProviderWindows.run(SerialPortProviderWindows.java:127)
	at java.base/java.util.TimerThread.mainLoop(Timer.java:566)
	at java.base/java.util.TimerThread.run(Timer.java:516)

!ENTRY com.st.stm32cube.ide.mpu.remote.serial 4 0 2026-01-16 22:48:26.746
!MESSAGE Failed to parse wmic output
!STACK 0
org.xml.sax.SAXParseException; lineNumber: 1; columnNumber: 1; Premature end of file.
	at java.xml/com.sun.org.apache.xerces.internal.parsers.DOMParser.parse(DOMParser.java:262)
	at java.xml/com.sun.org.apache.xerces.internal.jaxp.DocumentBuilderImpl.parse(DocumentBuilderImpl.java:342)
	at com.st.stm32cube.ide.mpu.remote.serial.internal.SerialPortProviderWindows.run(SerialPortProviderWindows.java:127)
	at java.base/java.util.TimerThread.mainLoop(Timer.java:566)
	at java.base/java.util.TimerThread.run(Timer.java:516)

!ENTRY com.st.stm32cube.ide.mpu.remote.serial 4 0 2026-01-16 22:48:27.738
!MESSAGE Failed to parse wmic output
!STACK 0
org.xml.sax.SAXParseException; lineNumber: 1; columnNumber: 1; Premature end of file.
	at java.xml/com.sun.org.apache.xerces.internal.parsers.DOMParser.parse(DOMParser.java:262)
	at java.xml/com.sun.org.apache.xerces.internal.jaxp.DocumentBuilderImpl.parse(DocumentBuilderImpl.java:342)
	at com.st.stm32cube.ide.mpu.remote.serial.internal.SerialPortProviderWindows.run(SerialPortProviderWindows.java:127)
	at java.base/java.util.TimerThread.mainLoop(Timer.java:566)
	at java.base/java.util.TimerThread.run(Timer.java:516)

!ENTRY com.st.stm32cube.ide.mpu.remote.serial 4 0 2026-01-16 22:48:28.742
!MESSAGE Failed to parse wmic output
!STACK 0
org.xml.sax.SAXParseException; lineNumber: 1; columnNumber: 1; Premature end of file.
	at java.xml/com.sun.org.apache.xerces.internal.parsers.DOMParser.parse(DOMParser.java:262)
	at java.xml/com.sun.org.apache.xerces.internal.jaxp.DocumentBuilderImpl.parse(DocumentBuilderImpl.java:342)
	at com.st.stm32cube.ide.mpu.remote.serial.internal.SerialPortProviderWindows.run(SerialPortProviderWindows.java:127)
	at java.base/java.util.TimerThread.mainLoop(Timer.java:566)
	at java.base/java.util.TimerThread.run(Timer.java:516)

!ENTRY com.st.stm32cube.ide.mpu.remote.serial 4 0 2026-01-16 22:48:29.744
!MESSAGE Failed to parse wmic output
!STACK 0
org.xml.sax.SAXParseException; lineNumber: 1; columnNumber: 1; Premature end of file.
	at java.xml/com.sun.org.apache.xerces.internal.parsers.DOMParser.parse(DOMParser.java:262)
	at java.xml/com.sun.org.apache.xerces.internal.jaxp.DocumentBuilderImpl.parse(DocumentBuilderImpl.java:342)
	at com.st.stm32cube.ide.mpu.remote.serial.internal.SerialPortProviderWindows.run(SerialPortProviderWindows.java:127)
	at java.base/java.util.TimerThread.mainLoop(Timer.java:566)
	at java.base/java.util.TimerThread.run(Timer.java:516)

!ENTRY com.st.stm32cube.ide.mpu.remote.serial 4 0 2026-01-16 22:48:30.737
!MESSAGE Failed to parse wmic output
!STACK 0
org.xml.sax.SAXParseException; lineNumber: 1; columnNumber: 1; Premature end of file.
	at java.xml/com.sun.org.apache.xerces.internal.parsers.DOMParser.parse(DOMParser.java:262)
	at java.xml/com.sun.org.apache.xerces.internal.jaxp.DocumentBuilderImpl.parse(DocumentBuilderImpl.java:342)
	at com.st.stm32cube.ide.mpu.remote.serial.internal.SerialPortProviderWindows.run(SerialPortProviderWindows.java:127)
	at java.base/java.util.TimerThread.mainLoop(Timer.java:566)
	at java.base/java.util.TimerThread.run(Timer.java:516)

!ENTRY com.st.stm32cube.ide.mpu.remote.serial 4 0 2026-01-16 22:48:31.732
!MESSAGE Failed to parse wmic output
!STACK 0
org.xml.sax.SAXParseException; lineNumber: 1; columnNumber: 1; Premature end of file.
	at java.xml/com.sun.org.apache.xerces.internal.parsers.DOMParser.parse(DOMParser.java:262)
	at java.xml/com.sun.org.apache.xerces.internal.jaxp.DocumentBuilderImpl.parse(DocumentBuilderImpl.java:342)
	at com.st.stm32cube.ide.mpu.remote.serial.internal.SerialPortProviderWindows.run(SerialPortProviderWindows.java:127)
	at java.base/java.util.TimerThread.mainLoop(Timer.java:566)
	at java.base/java.util.TimerThread.run(Timer.java:516)

!ENTRY com.st.stm32cube.ide.mpu.remote.serial 4 0 2026-01-16 22:48:32.727
!MESSAGE Failed to parse wmic output
!STACK 0
org.xml.sax.SAXParseException; lineNumber: 1; columnNumber: 1; Premature end of file.
	at java.xml/com.sun.org.apache.xerces.internal.parsers.DOMParser.parse(DOMParser.java:262)
	at java.xml/com.sun.org.apache.xerces.internal.jaxp.DocumentBuilderImpl.parse(DocumentBuilderImpl.java:342)
	at com.st.stm32cube.ide.mpu.remote.serial.internal.SerialPortProviderWindows.run(SerialPortProviderWindows.java:127)
	at java.base/java.util.TimerThread.mainLoop(Timer.java:566)
	at java.base/java.util.TimerThread.run(Timer.java:516)

!ENTRY com.st.stm32cube.ide.mpu.remote.serial 4 0 2026-01-16 22:48:33.738
!MESSAGE Failed to parse wmic output
!STACK 0
org.xml.sax.SAXParseException; lineNumber: 1; columnNumber: 1; Premature end of file.
	at java.xml/com.sun.org.apache.xerces.internal.parsers.DOMParser.parse(DOMParser.java:262)
	at java.xml/com.sun.org.apache.xerces.internal.jaxp.DocumentBuilderImpl.parse(DocumentBuilderImpl.java:342)
	at com.st.stm32cube.ide.mpu.remote.serial.internal.SerialPortProviderWindows.run(SerialPortProviderWindows.java:127)
	at java.base/java.util.TimerThread.mainLoop(Timer.java:566)
	at java.base/java.util.TimerThread.run(Timer.java:516)

!ENTRY com.st.stm32cube.ide.mpu.remote.serial 4 0 2026-01-16 22:48:34.738
!MESSAGE Failed to parse wmic output
!STACK 0
org.xml.sax.SAXParseException; lineNumber: 1; columnNumber: 1; Premature end of file.
	at java.xml/com.sun.org.apache.xerces.internal.parsers.DOMParser.parse(DOMParser.java:262)
	at java.xml/com.sun.org.apache.xerces.internal.jaxp.DocumentBuilderImpl.parse(DocumentBuilderImpl.java:342)
	at com.st.stm32cube.ide.mpu.remote.serial.internal.SerialPortProviderWindows.run(SerialPortProviderWindows.java:127)
	at java.base/java.util.TimerThread.mainLoop(Timer.java:566)
	at java.base/java.util.TimerThread.run(Timer.java:516)

!ENTRY com.st.stm32cube.ide.mpu.remote.serial 4 0 2026-01-16 22:48:35.740
!MESSAGE Failed to parse wmic output
!STACK 0
org.xml.sax.SAXParseException; lineNumber: 1; columnNumber: 1; Premature end of file.
	at java.xml/com.sun.org.apache.xerces.internal.parsers.DOMParser.parse(DOMParser.java:262)
	at java.xml/com.sun.org.apache.xerces.internal.jaxp.DocumentBuilderImpl.parse(DocumentBuilderImpl.java:342)
	at com.st.stm32cube.ide.mpu.remote.serial.internal.SerialPortProviderWindows.run(SerialPortProviderWindows.java:127)
	at java.base/java.util.TimerThread.mainLoop(Timer.java:566)
	at java.base/java.util.TimerThread.run(Timer.java:516)

!ENTRY com.st.stm32cube.ide.mpu.remote.serial 4 0 2026-01-16 22:48:36.741
!MESSAGE Failed to parse wmic output
!STACK 0
org.xml.sax.SAXParseException; lineNumber: 1; columnNumber: 1; Premature end of file.
	at java.xml/com.sun.org.apache.xerces.internal.parsers.DOMParser.parse(DOMParser.java:262)
	at java.xml/com.sun.org.apache.xerces.internal.jaxp.DocumentBuilderImpl.parse(DocumentBuilderImpl.java:342)
	at com.st.stm32cube.ide.mpu.remote.serial.internal.SerialPortProviderWindows.run(SerialPortProviderWindows.java:127)
	at java.base/java.util.TimerThread.mainLoop(Timer.java:566)
	at java.base/java.util.TimerThread.run(Timer.java:516)

!ENTRY com.st.stm32cube.ide.mpu.remote.serial 4 0 2026-01-16 22:48:37.730
!MESSAGE Failed to parse wmic output
!STACK 0
org.xml.sax.SAXParseException; lineNumber: 1; columnNumber: 1; Premature end of file.
	at java.xml/com.sun.org.apache.xerces.internal.parsers.DOMParser.parse(DOMParser.java:262)
	at java.xml/com.sun.org.apache.xerces.internal.jaxp.DocumentBuilderImpl.parse(DocumentBuilderImpl.java:342)
	at com.st.stm32cube.ide.mpu.remote.serial.internal.SerialPortProviderWindows.run(SerialPortProviderWindows.java:127)
	at java.base/java.util.TimerThread.mainLoop(Timer.java:566)
	at java.base/java.util.TimerThread.run(Timer.java:516)

!ENTRY com.st.stm32cube.ide.mpu.remote.serial 4 0 2026-01-16 22:48:38.728
!MESSAGE Failed to parse wmic output
!STACK 0
org.xml.sax.SAXParseException; lineNumber: 1; columnNumber: 1; Premature end of file.
	at java.xml/com.sun.org.apache.xerces.internal.parsers.DOMParser.parse(DOMParser.java:262)
	at java.xml/com.sun.org.apache.xerces.internal.jaxp.DocumentBuilderImpl.parse(DocumentBuilderImpl.java:342)
	at com.st.stm32cube.ide.mpu.remote.serial.internal.SerialPortProviderWindows.run(SerialPortProviderWindows.java:127)
	at java.base/java.util.TimerThread.mainLoop(Timer.java:566)
	at java.base/java.util.TimerThread.run(Timer.java:516)

!ENTRY com.st.stm32cube.ide.mpu.remote.serial 4 0 2026-01-16 22:48:39.735
!MESSAGE Failed to parse wmic output
!STACK 0
org.xml.sax.SAXParseException; lineNumber: 1; columnNumber: 1; Premature end of file.
	at java.xml/com.sun.org.apache.xerces.internal.parsers.DOMParser.parse(DOMParser.java:262)
	at java.xml/com.sun.org.apache.xerces.internal.jaxp.DocumentBuilderImpl.parse(DocumentBuilderImpl.java:342)
	at com.st.stm32cube.ide.mpu.remote.serial.internal.SerialPortProviderWindows.run(SerialPortProviderWindows.java:127)
	at java.base/java.util.TimerThread.mainLoop(Timer.java:566)
	at java.base/java.util.TimerThread.run(Timer.java:516)

!ENTRY com.st.stm32cube.ide.mpu.remote.serial 4 0 2026-01-16 22:48:40.738
!MESSAGE Failed to parse wmic output
!STACK 0
org.xml.sax.SAXParseException; lineNumber: 1; columnNumber: 1; Premature end of file.
	at java.xml/com.sun.org.apache.xerces.internal.parsers.DOMParser.parse(DOMParser.java:262)
	at java.xml/com.sun.org.apache.xerces.internal.jaxp.DocumentBuilderImpl.parse(DocumentBuilderImpl.java:342)
	at com.st.stm32cube.ide.mpu.remote.serial.internal.SerialPortProviderWindows.run(SerialPortProviderWindows.java:127)
	at java.base/java.util.TimerThread.mainLoop(Timer.java:566)
	at java.base/java.util.TimerThread.run(Timer.java:516)

!ENTRY com.st.stm32cube.ide.mpu.remote.serial 4 0 2026-01-16 22:48:41.739
!MESSAGE Failed to parse wmic output
!STACK 0
org.xml.sax.SAXParseException; lineNumber: 1; columnNumber: 1; Premature end of file.
	at java.xml/com.sun.org.apache.xerces.internal.parsers.DOMParser.parse(DOMParser.java:262)
	at java.xml/com.sun.org.apache.xerces.internal.jaxp.DocumentBuilderImpl.parse(DocumentBuilderImpl.java:342)
	at com.st.stm32cube.ide.mpu.remote.serial.internal.SerialPortProviderWindows.run(SerialPortProviderWindows.java:127)
	at java.base/java.util.TimerThread.mainLoop(Timer.java:566)
	at java.base/java.util.TimerThread.run(Timer.java:516)

!ENTRY com.st.stm32cube.ide.mpu.remote.serial 4 0 2026-01-16 22:48:42.742
!MESSAGE Failed to parse wmic output
!STACK 0
org.xml.sax.SAXParseException; lineNumber: 1; columnNumber: 1; Premature end of file.
	at java.xml/com.sun.org.apache.xerces.internal.parsers.DOMParser.parse(DOMParser.java:262)
	at java.xml/com.sun.org.apache.xerces.internal.jaxp.DocumentBuilderImpl.parse(DocumentBuilderImpl.java:342)
	at com.st.stm32cube.ide.mpu.remote.serial.internal.SerialPortProviderWindows.run(SerialPortProviderWindows.java:127)
	at java.base/java.util.TimerThread.mainLoop(Timer.java:566)
	at java.base/java.util.TimerThread.run(Timer.java:516)

!ENTRY com.st.stm32cube.ide.mpu.remote.serial 4 0 2026-01-16 22:48:43.736
!MESSAGE Failed to parse wmic output
!STACK 0
org.xml.sax.SAXParseException; lineNumber: 1; columnNumber: 1; Premature end of file.
	at java.xml/com.sun.org.apache.xerces.internal.parsers.DOMParser.parse(DOMParser.java:262)
	at java.xml/com.sun.org.apache.xerces.internal.jaxp.DocumentBuilderImpl.parse(DocumentBuilderImpl.java:342)
	at com.st.stm32cube.ide.mpu.remote.serial.internal.SerialPortProviderWindows.run(SerialPortProviderWindows.java:127)
	at java.base/java.util.TimerThread.mainLoop(Timer.java:566)
	at java.base/java.util.TimerThread.run(Timer.java:516)

!ENTRY com.st.stm32cube.ide.mpu.remote.serial 4 0 2026-01-16 22:48:44.737
!MESSAGE Failed to parse wmic output
!STACK 0
org.xml.sax.SAXParseException; lineNumber: 1; columnNumber: 1; Premature end of file.
	at java.xml/com.sun.org.apache.xerces.internal.parsers.DOMParser.parse(DOMParser.java:262)
	at java.xml/com.sun.org.apache.xerces.internal.jaxp.DocumentBuilderImpl.parse(DocumentBuilderImpl.java:342)
	at com.st.stm32cube.ide.mpu.remote.serial.internal.SerialPortProviderWindows.run(SerialPortProviderWindows.java:127)
	at java.base/java.util.TimerThread.mainLoop(Timer.java:566)
	at java.base/java.util.TimerThread.run(Timer.java:516)

!ENTRY com.st.stm32cube.ide.mpu.remote.serial 4 0 2026-01-16 22:48:45.744
!MESSAGE Failed to parse wmic output
!STACK 0
org.xml.sax.SAXParseException; lineNumber: 1; columnNumber: 1; Premature end of file.
	at java.xml/com.sun.org.apache.xerces.internal.parsers.DOMParser.parse(DOMParser.java:262)
	at java.xml/com.sun.org.apache.xerces.internal.jaxp.DocumentBuilderImpl.parse(DocumentBuilderImpl.java:342)
	at com.st.stm32cube.ide.mpu.remote.serial.internal.SerialPortProviderWindows.run(SerialPortProviderWindows.java:127)
	at java.base/java.util.TimerThread.mainLoop(Timer.java:566)
	at java.base/java.util.TimerThread.run(Timer.java:516)

!ENTRY com.st.stm32cube.ide.mpu.remote.serial 4 0 2026-01-16 22:48:46.733
!MESSAGE Failed to parse wmic output
!STACK 0
org.xml.sax.SAXParseException; lineNumber: 1; columnNumber: 1; Premature end of file.
	at java.xml/com.sun.org.apache.xerces.internal.parsers.DOMParser.parse(DOMParser.java:262)
	at java.xml/com.sun.org.apache.xerces.internal.jaxp.DocumentBuilderImpl.parse(DocumentBuilderImpl.java:342)
	at com.st.stm32cube.ide.mpu.remote.serial.internal.SerialPortProviderWindows.run(SerialPortProviderWindows.java:127)
	at java.base/java.util.TimerThread.mainLoop(Timer.java:566)
	at java.base/java.util.TimerThread.run(Timer.java:516)

!ENTRY com.st.stm32cube.ide.mpu.remote.serial 4 0 2026-01-16 22:48:47.751
!MESSAGE Failed to parse wmic output
!STACK 0
org.xml.sax.SAXParseException; lineNumber: 1; columnNumber: 1; Premature end of file.
	at java.xml/com.sun.org.apache.xerces.internal.parsers.DOMParser.parse(DOMParser.java:262)
	at java.xml/com.sun.org.apache.xerces.internal.jaxp.DocumentBuilderImpl.parse(DocumentBuilderImpl.java:342)
	at com.st.stm32cube.ide.mpu.remote.serial.internal.SerialPortProviderWindows.run(SerialPortProviderWindows.java:127)
	at java.base/java.util.TimerThread.mainLoop(Timer.java:566)
	at java.base/java.util.TimerThread.run(Timer.java:516)

!ENTRY com.st.stm32cube.ide.mpu.remote.serial 4 0 2026-01-16 22:48:48.740
!MESSAGE Failed to parse wmic output
!STACK 0
org.xml.sax.SAXParseException; lineNumber: 1; columnNumber: 1; Premature end of file.
	at java.xml/com.sun.org.apache.xerces.internal.parsers.DOMParser.parse(DOMParser.java:262)
	at java.xml/com.sun.org.apache.xerces.internal.jaxp.DocumentBuilderImpl.parse(DocumentBuilderImpl.java:342)
	at com.st.stm32cube.ide.mpu.remote.serial.internal.SerialPortProviderWindows.run(SerialPortProviderWindows.java:127)
	at java.base/java.util.TimerThread.mainLoop(Timer.java:566)
	at java.base/java.util.TimerThread.run(Timer.java:516)

!ENTRY com.st.stm32cube.ide.mpu.remote.serial 4 0 2026-01-16 22:48:49.741
!MESSAGE Failed to parse wmic output
!STACK 0
org.xml.sax.SAXParseException; lineNumber: 1; columnNumber: 1; Premature end of file.
	at java.xml/com.sun.org.apache.xerces.internal.parsers.DOMParser.parse(DOMParser.java:262)
	at java.xml/com.sun.org.apache.xerces.internal.jaxp.DocumentBuilderImpl.parse(DocumentBuilderImpl.java:342)
	at com.st.stm32cube.ide.mpu.remote.serial.internal.SerialPortProviderWindows.run(SerialPortProviderWindows.java:127)
	at java.base/java.util.TimerThread.mainLoop(Timer.java:566)
	at java.base/java.util.TimerThread.run(Timer.java:516)

!ENTRY com.st.stm32cube.ide.mpu.remote.serial 4 0 2026-01-16 22:48:50.738
!MESSAGE Failed to parse wmic output
!STACK 0
org.xml.sax.SAXParseException; lineNumber: 1; columnNumber: 1; Premature end of file.
	at java.xml/com.sun.org.apache.xerces.internal.parsers.DOMParser.parse(DOMParser.java:262)
	at java.xml/com.sun.org.apache.xerces.internal.jaxp.DocumentBuilderImpl.parse(DocumentBuilderImpl.java:342)
	at com.st.stm32cube.ide.mpu.remote.serial.internal.SerialPortProviderWindows.run(SerialPortProviderWindows.java:127)
	at java.base/java.util.TimerThread.mainLoop(Timer.java:566)
	at java.base/java.util.TimerThread.run(Timer.java:516)

!ENTRY com.st.stm32cube.ide.mpu.remote.serial 4 0 2026-01-16 22:48:51.732
!MESSAGE Failed to parse wmic output
!STACK 0
org.xml.sax.SAXParseException; lineNumber: 1; columnNumber: 1; Premature end of file.
	at java.xml/com.sun.org.apache.xerces.internal.parsers.DOMParser.parse(DOMParser.java:262)
	at java.xml/com.sun.org.apache.xerces.internal.jaxp.DocumentBuilderImpl.parse(DocumentBuilderImpl.java:342)
	at com.st.stm32cube.ide.mpu.remote.serial.internal.SerialPortProviderWindows.run(SerialPortProviderWindows.java:127)
	at java.base/java.util.TimerThread.mainLoop(Timer.java:566)
	at java.base/java.util.TimerThread.run(Timer.java:516)

!ENTRY com.st.stm32cube.ide.mpu.remote.serial 4 0 2026-01-16 22:48:52.739
!MESSAGE Failed to parse wmic output
!STACK 0
org.xml.sax.SAXParseException; lineNumber: 1; columnNumber: 1; Premature end of file.
	at java.xml/com.sun.org.apache.xerces.internal.parsers.DOMParser.parse(DOMParser.java:262)
	at java.xml/com.sun.org.apache.xerces.internal.jaxp.DocumentBuilderImpl.parse(DocumentBuilderImpl.java:342)
	at com.st.stm32cube.ide.mpu.remote.serial.internal.SerialPortProviderWindows.run(SerialPortProviderWindows.java:127)
	at java.base/java.util.TimerThread.mainLoop(Timer.java:566)
	at java.base/java.util.TimerThread.run(Timer.java:516)

!ENTRY com.st.stm32cube.ide.mpu.remote.serial 4 0 2026-01-16 22:48:53.740
!MESSAGE Failed to parse wmic output
!STACK 0
org.xml.sax.SAXParseException; lineNumber: 1; columnNumber: 1; Premature end of file.
	at java.xml/com.sun.org.apache.xerces.internal.parsers.DOMParser.parse(DOMParser.java:262)
	at java.xml/com.sun.org.apache.xerces.internal.jaxp.DocumentBuilderImpl.parse(DocumentBuilderImpl.java:342)
	at com.st.stm32cube.ide.mpu.remote.serial.internal.SerialPortProviderWindows.run(SerialPortProviderWindows.java:127)
	at java.base/java.util.TimerThread.mainLoop(Timer.java:566)
	at java.base/java.util.TimerThread.run(Timer.java:516)

!ENTRY com.st.stm32cube.ide.mpu.remote.serial 4 0 2026-01-16 22:48:54.736
!MESSAGE Failed to parse wmic output
!STACK 0
org.xml.sax.SAXParseException; lineNumber: 1; columnNumber: 1; Premature end of file.
	at java.xml/com.sun.org.apache.xerces.internal.parsers.DOMParser.parse(DOMParser.java:262)
	at java.xml/com.sun.org.apache.xerces.internal.jaxp.DocumentBuilderImpl.parse(DocumentBuilderImpl.java:342)
	at com.st.stm32cube.ide.mpu.remote.serial.internal.SerialPortProviderWindows.run(SerialPortProviderWindows.java:127)
	at java.base/java.util.TimerThread.mainLoop(Timer.java:566)
	at java.base/java.util.TimerThread.run(Timer.java:516)

!ENTRY com.st.stm32cube.ide.mpu.remote.serial 4 0 2026-01-16 22:48:55.745
!MESSAGE Failed to parse wmic output
!STACK 0
org.xml.sax.SAXParseException; lineNumber: 1; columnNumber: 1; Premature end of file.
	at java.xml/com.sun.org.apache.xerces.internal.parsers.DOMParser.parse(DOMParser.java:262)
	at java.xml/com.sun.org.apache.xerces.internal.jaxp.DocumentBuilderImpl.parse(DocumentBuilderImpl.java:342)
	at com.st.stm32cube.ide.mpu.remote.serial.internal.SerialPortProviderWindows.run(SerialPortProviderWindows.java:127)
	at java.base/java.util.TimerThread.mainLoop(Timer.java:566)
	at java.base/java.util.TimerThread.run(Timer.java:516)

!ENTRY com.st.stm32cube.ide.mpu.remote.serial 4 0 2026-01-16 22:48:56.737
!MESSAGE Failed to parse wmic output
!STACK 0
org.xml.sax.SAXParseException; lineNumber: 1; columnNumber: 1; Premature end of file.
	at java.xml/com.sun.org.apache.xerces.internal.parsers.DOMParser.parse(DOMParser.java:262)
	at java.xml/com.sun.org.apache.xerces.internal.jaxp.DocumentBuilderImpl.parse(DocumentBuilderImpl.java:342)
	at com.st.stm32cube.ide.mpu.remote.serial.internal.SerialPortProviderWindows.run(SerialPortProviderWindows.java:127)
	at java.base/java.util.TimerThread.mainLoop(Timer.java:566)
	at java.base/java.util.TimerThread.run(Timer.java:516)

!ENTRY com.st.stm32cube.ide.mpu.remote.serial 4 0 2026-01-16 22:48:57.739
!MESSAGE Failed to parse wmic output
!STACK 0
org.xml.sax.SAXParseException; lineNumber: 1; columnNumber: 1; Premature end of file.
	at java.xml/com.sun.org.apache.xerces.internal.parsers.DOMParser.parse(DOMParser.java:262)
	at java.xml/com.sun.org.apache.xerces.internal.jaxp.DocumentBuilderImpl.parse(DocumentBuilderImpl.java:342)
	at com.st.stm32cube.ide.mpu.remote.serial.internal.SerialPortProviderWindows.run(SerialPortProviderWindows.java:127)
	at java.base/java.util.TimerThread.mainLoop(Timer.java:566)
	at java.base/java.util.TimerThread.run(Timer.java:516)

!ENTRY com.st.stm32cube.ide.mpu.remote.serial 4 0 2026-01-16 22:48:58.732
!MESSAGE Failed to parse wmic output
!STACK 0
org.xml.sax.SAXParseException; lineNumber: 1; columnNumber: 1; Premature end of file.
	at java.xml/com.sun.org.apache.xerces.internal.parsers.DOMParser.parse(DOMParser.java:262)
	at java.xml/com.sun.org.apache.xerces.internal.jaxp.DocumentBuilderImpl.parse(DocumentBuilderImpl.java:342)
	at com.st.stm32cube.ide.mpu.remote.serial.internal.SerialPortProviderWindows.run(SerialPortProviderWindows.java:127)
	at java.base/java.util.TimerThread.mainLoop(Timer.java:566)
	at java.base/java.util.TimerThread.run(Timer.java:516)

!ENTRY com.st.stm32cube.ide.mpu.remote.serial 4 0 2026-01-16 22:48:59.734
!MESSAGE Failed to parse wmic output
!STACK 0
org.xml.sax.SAXParseException; lineNumber: 1; columnNumber: 1; Premature end of file.
	at java.xml/com.sun.org.apache.xerces.internal.parsers.DOMParser.parse(DOMParser.java:262)
	at java.xml/com.sun.org.apache.xerces.internal.jaxp.DocumentBuilderImpl.parse(DocumentBuilderImpl.java:342)
	at com.st.stm32cube.ide.mpu.remote.serial.internal.SerialPortProviderWindows.run(SerialPortProviderWindows.java:127)
	at java.base/java.util.TimerThread.mainLoop(Timer.java:566)
	at java.base/java.util.TimerThread.run(Timer.java:516)

!ENTRY com.st.stm32cube.ide.mpu.remote.serial 4 0 2026-01-16 22:49:00.738
!MESSAGE Failed to parse wmic output
!STACK 0
org.xml.sax.SAXParseException; lineNumber: 1; columnNumber: 1; Premature end of file.
	at java.xml/com.sun.org.apache.xerces.internal.parsers.DOMParser.parse(DOMParser.java:262)
	at java.xml/com.sun.org.apache.xerces.internal.jaxp.DocumentBuilderImpl.parse(DocumentBuilderImpl.java:342)
	at com.st.stm32cube.ide.mpu.remote.serial.internal.SerialPortProviderWindows.run(SerialPortProviderWindows.java:127)
	at java.base/java.util.TimerThread.mainLoop(Timer.java:566)
	at java.base/java.util.TimerThread.run(Timer.java:516)

!ENTRY com.st.stm32cube.ide.mpu.remote.serial 4 0 2026-01-16 22:49:01.748
!MESSAGE Failed to parse wmic output
!STACK 0
org.xml.sax.SAXParseException; lineNumber: 1; columnNumber: 1; Premature end of file.
	at java.xml/com.sun.org.apache.xerces.internal.parsers.DOMParser.parse(DOMParser.java:262)
	at java.xml/com.sun.org.apache.xerces.internal.jaxp.DocumentBuilderImpl.parse(DocumentBuilderImpl.java:342)
	at com.st.stm32cube.ide.mpu.remote.serial.internal.SerialPortProviderWindows.run(SerialPortProviderWindows.java:127)
	at java.base/java.util.TimerThread.mainLoop(Timer.java:566)
	at java.base/java.util.TimerThread.run(Timer.java:516)

!ENTRY com.st.stm32cube.ide.mpu.remote.serial 4 0 2026-01-16 22:49:02.741
!MESSAGE Failed to parse wmic output
!STACK 0
org.xml.sax.SAXParseException; lineNumber: 1; columnNumber: 1; Premature end of file.
	at java.xml/com.sun.org.apache.xerces.internal.parsers.DOMParser.parse(DOMParser.java:262)
	at java.xml/com.sun.org.apache.xerces.internal.jaxp.DocumentBuilderImpl.parse(DocumentBuilderImpl.java:342)
	at com.st.stm32cube.ide.mpu.remote.serial.internal.SerialPortProviderWindows.run(SerialPortProviderWindows.java:127)
	at java.base/java.util.TimerThread.mainLoop(Timer.java:566)
	at java.base/java.util.TimerThread.run(Timer.java:516)

!ENTRY com.st.stm32cube.ide.mpu.remote.serial 4 0 2026-01-16 22:49:03.737
!MESSAGE Failed to parse wmic output
!STACK 0
org.xml.sax.SAXParseException; lineNumber: 1; columnNumber: 1; Premature end of file.
	at java.xml/com.sun.org.apache.xerces.internal.parsers.DOMParser.parse(DOMParser.java:262)
	at java.xml/com.sun.org.apache.xerces.internal.jaxp.DocumentBuilderImpl.parse(DocumentBuilderImpl.java:342)
	at com.st.stm32cube.ide.mpu.remote.serial.internal.SerialPortProviderWindows.run(SerialPortProviderWindows.java:127)
	at java.base/java.util.TimerThread.mainLoop(Timer.java:566)
	at java.base/java.util.TimerThread.run(Timer.java:516)

!ENTRY com.st.stm32cube.ide.mpu.remote.serial 4 0 2026-01-16 22:49:04.737
!MESSAGE Failed to parse wmic output
!STACK 0
org.xml.sax.SAXParseException; lineNumber: 1; columnNumber: 1; Premature end of file.
	at java.xml/com.sun.org.apache.xerces.internal.parsers.DOMParser.parse(DOMParser.java:262)
	at java.xml/com.sun.org.apache.xerces.internal.jaxp.DocumentBuilderImpl.parse(DocumentBuilderImpl.java:342)
	at com.st.stm32cube.ide.mpu.remote.serial.internal.SerialPortProviderWindows.run(SerialPortProviderWindows.java:127)
	at java.base/java.util.TimerThread.mainLoop(Timer.java:566)
	at java.base/java.util.TimerThread.run(Timer.java:516)

!ENTRY com.st.stm32cube.ide.mpu.remote.serial 4 0 2026-01-16 22:49:05.727
!MESSAGE Failed to parse wmic output
!STACK 0
org.xml.sax.SAXParseException; lineNumber: 1; columnNumber: 1; Premature end of file.
	at java.xml/com.sun.org.apache.xerces.internal.parsers.DOMParser.parse(DOMParser.java:262)
	at java.xml/com.sun.org.apache.xerces.internal.jaxp.DocumentBuilderImpl.parse(DocumentBuilderImpl.java:342)
	at com.st.stm32cube.ide.mpu.remote.serial.internal.SerialPortProviderWindows.run(SerialPortProviderWindows.java:127)
	at java.base/java.util.TimerThread.mainLoop(Timer.java:566)
	at java.base/java.util.TimerThread.run(Timer.java:516)

!ENTRY com.st.stm32cube.ide.mpu.remote.serial 4 0 2026-01-16 22:49:06.735
!MESSAGE Failed to parse wmic output
!STACK 0
org.xml.sax.SAXParseException; lineNumber: 1; columnNumber: 1; Premature end of file.
	at java.xml/com.sun.org.apache.xerces.internal.parsers.DOMParser.parse(DOMParser.java:262)
	at java.xml/com.sun.org.apache.xerces.internal.jaxp.DocumentBuilderImpl.parse(DocumentBuilderImpl.java:342)
	at com.st.stm32cube.ide.mpu.remote.serial.internal.SerialPortProviderWindows.run(SerialPortProviderWindows.java:127)
	at java.base/java.util.TimerThread.mainLoop(Timer.java:566)
	at java.base/java.util.TimerThread.run(Timer.java:516)

!ENTRY com.st.stm32cube.ide.mpu.remote.serial 4 0 2026-01-16 22:49:07.735
!MESSAGE Failed to parse wmic output
!STACK 0
org.xml.sax.SAXParseException; lineNumber: 1; columnNumber: 1; Premature end of file.
	at java.xml/com.sun.org.apache.xerces.internal.parsers.DOMParser.parse(DOMParser.java:262)
	at java.xml/com.sun.org.apache.xerces.internal.jaxp.DocumentBuilderImpl.parse(DocumentBuilderImpl.java:342)
	at com.st.stm32cube.ide.mpu.remote.serial.internal.SerialPortProviderWindows.run(SerialPortProviderWindows.java:127)
	at java.base/java.util.TimerThread.mainLoop(Timer.java:566)
	at java.base/java.util.TimerThread.run(Timer.java:516)

!ENTRY com.st.stm32cube.ide.mpu.remote.serial 4 0 2026-01-16 22:49:08.733
!MESSAGE Failed to parse wmic output
!STACK 0
org.xml.sax.SAXParseException; lineNumber: 1; columnNumber: 1; Premature end of file.
	at java.xml/com.sun.org.apache.xerces.internal.parsers.DOMParser.parse(DOMParser.java:262)
	at java.xml/com.sun.org.apache.xerces.internal.jaxp.DocumentBuilderImpl.parse(DocumentBuilderImpl.java:342)
	at com.st.stm32cube.ide.mpu.remote.serial.internal.SerialPortProviderWindows.run(SerialPortProviderWindows.java:127)
	at java.base/java.util.TimerThread.mainLoop(Timer.java:566)
	at java.base/java.util.TimerThread.run(Timer.java:516)

!ENTRY com.st.stm32cube.ide.mpu.remote.serial 4 0 2026-01-16 22:49:09.736
!MESSAGE Failed to parse wmic output
!STACK 0
org.xml.sax.SAXParseException; lineNumber: 1; columnNumber: 1; Premature end of file.
	at java.xml/com.sun.org.apache.xerces.internal.parsers.DOMParser.parse(DOMParser.java:262)
	at java.xml/com.sun.org.apache.xerces.internal.jaxp.DocumentBuilderImpl.parse(DocumentBuilderImpl.java:342)
	at com.st.stm32cube.ide.mpu.remote.serial.internal.SerialPortProviderWindows.run(SerialPortProviderWindows.java:127)
	at java.base/java.util.TimerThread.mainLoop(Timer.java:566)
	at java.base/java.util.TimerThread.run(Timer.java:516)

!ENTRY com.st.stm32cube.ide.mpu.remote.serial 4 0 2026-01-16 22:49:10.742
!MESSAGE Failed to parse wmic output
!STACK 0
org.xml.sax.SAXParseException; lineNumber: 1; columnNumber: 1; Premature end of file.
	at java.xml/com.sun.org.apache.xerces.internal.parsers.DOMParser.parse(DOMParser.java:262)
	at java.xml/com.sun.org.apache.xerces.internal.jaxp.DocumentBuilderImpl.parse(DocumentBuilderImpl.java:342)
	at com.st.stm32cube.ide.mpu.remote.serial.internal.SerialPortProviderWindows.run(SerialPortProviderWindows.java:127)
	at java.base/java.util.TimerThread.mainLoop(Timer.java:566)
	at java.base/java.util.TimerThread.run(Timer.java:516)

!ENTRY com.st.stm32cube.ide.mpu.remote.serial 4 0 2026-01-16 22:49:11.728
!MESSAGE Failed to parse wmic output
!STACK 0
org.xml.sax.SAXParseException; lineNumber: 1; columnNumber: 1; Premature end of file.
	at java.xml/com.sun.org.apache.xerces.internal.parsers.DOMParser.parse(DOMParser.java:262)
	at java.xml/com.sun.org.apache.xerces.internal.jaxp.DocumentBuilderImpl.parse(DocumentBuilderImpl.java:342)
	at com.st.stm32cube.ide.mpu.remote.serial.internal.SerialPortProviderWindows.run(SerialPortProviderWindows.java:127)
	at java.base/java.util.TimerThread.mainLoop(Timer.java:566)
	at java.base/java.util.TimerThread.run(Timer.java:516)

!ENTRY com.st.stm32cube.ide.mpu.remote.serial 4 0 2026-01-16 22:49:12.727
!MESSAGE Failed to parse wmic output
!STACK 0
org.xml.sax.SAXParseException; lineNumber: 1; columnNumber: 1; Premature end of file.
	at java.xml/com.sun.org.apache.xerces.internal.parsers.DOMParser.parse(DOMParser.java:262)
	at java.xml/com.sun.org.apache.xerces.internal.jaxp.DocumentBuilderImpl.parse(DocumentBuilderImpl.java:342)
	at com.st.stm32cube.ide.mpu.remote.serial.internal.SerialPortProviderWindows.run(SerialPortProviderWindows.java:127)
	at java.base/java.util.TimerThread.mainLoop(Timer.java:566)
	at java.base/java.util.TimerThread.run(Timer.java:516)

!ENTRY com.st.stm32cube.ide.mpu.remote.serial 4 0 2026-01-16 22:49:13.739
!MESSAGE Failed to parse wmic output
!STACK 0
org.xml.sax.SAXParseException; lineNumber: 1; columnNumber: 1; Premature end of file.
	at java.xml/com.sun.org.apache.xerces.internal.parsers.DOMParser.parse(DOMParser.java:262)
	at java.xml/com.sun.org.apache.xerces.internal.jaxp.DocumentBuilderImpl.parse(DocumentBuilderImpl.java:342)
	at com.st.stm32cube.ide.mpu.remote.serial.internal.SerialPortProviderWindows.run(SerialPortProviderWindows.java:127)
	at java.base/java.util.TimerThread.mainLoop(Timer.java:566)
	at java.base/java.util.TimerThread.run(Timer.java:516)

!ENTRY com.st.stm32cube.ide.mpu.remote.serial 4 0 2026-01-16 22:49:14.749
!MESSAGE Failed to parse wmic output
!STACK 0
org.xml.sax.SAXParseException; lineNumber: 1; columnNumber: 1; Premature end of file.
	at java.xml/com.sun.org.apache.xerces.internal.parsers.DOMParser.parse(DOMParser.java:262)
	at java.xml/com.sun.org.apache.xerces.internal.jaxp.DocumentBuilderImpl.parse(DocumentBuilderImpl.java:342)
	at com.st.stm32cube.ide.mpu.remote.serial.internal.SerialPortProviderWindows.run(SerialPortProviderWindows.java:127)
	at java.base/java.util.TimerThread.mainLoop(Timer.java:566)
	at java.base/java.util.TimerThread.run(Timer.java:516)

!ENTRY com.st.stm32cube.ide.mpu.remote.serial 4 0 2026-01-16 22:49:15.731
!MESSAGE Failed to parse wmic output
!STACK 0
org.xml.sax.SAXParseException; lineNumber: 1; columnNumber: 1; Premature end of file.
	at java.xml/com.sun.org.apache.xerces.internal.parsers.DOMParser.parse(DOMParser.java:262)
	at java.xml/com.sun.org.apache.xerces.internal.jaxp.DocumentBuilderImpl.parse(DocumentBuilderImpl.java:342)
	at com.st.stm32cube.ide.mpu.remote.serial.internal.SerialPortProviderWindows.run(SerialPortProviderWindows.java:127)
	at java.base/java.util.TimerThread.mainLoop(Timer.java:566)
	at java.base/java.util.TimerThread.run(Timer.java:516)

!ENTRY com.st.stm32cube.ide.mpu.remote.serial 4 0 2026-01-16 22:49:16.736
!MESSAGE Failed to parse wmic output
!STACK 0
org.xml.sax.SAXParseException; lineNumber: 1; columnNumber: 1; Premature end of file.
	at java.xml/com.sun.org.apache.xerces.internal.parsers.DOMParser.parse(DOMParser.java:262)
	at java.xml/com.sun.org.apache.xerces.internal.jaxp.DocumentBuilderImpl.parse(DocumentBuilderImpl.java:342)
	at com.st.stm32cube.ide.mpu.remote.serial.internal.SerialPortProviderWindows.run(SerialPortProviderWindows.java:127)
	at java.base/java.util.TimerThread.mainLoop(Timer.java:566)
	at java.base/java.util.TimerThread.run(Timer.java:516)

!ENTRY com.st.stm32cube.ide.mpu.remote.serial 4 0 2026-01-16 22:49:17.738
!MESSAGE Failed to parse wmic output
!STACK 0
org.xml.sax.SAXParseException; lineNumber: 1; columnNumber: 1; Premature end of file.
	at java.xml/com.sun.org.apache.xerces.internal.parsers.DOMParser.parse(DOMParser.java:262)
	at java.xml/com.sun.org.apache.xerces.internal.jaxp.DocumentBuilderImpl.parse(DocumentBuilderImpl.java:342)
	at com.st.stm32cube.ide.mpu.remote.serial.internal.SerialPortProviderWindows.run(SerialPortProviderWindows.java:127)
	at java.base/java.util.TimerThread.mainLoop(Timer.java:566)
	at java.base/java.util.TimerThread.run(Timer.java:516)

!ENTRY com.st.stm32cube.ide.mpu.remote.serial 4 0 2026-01-16 22:49:18.736
!MESSAGE Failed to parse wmic output
!STACK 0
org.xml.sax.SAXParseException; lineNumber: 1; columnNumber: 1; Premature end of file.
	at java.xml/com.sun.org.apache.xerces.internal.parsers.DOMParser.parse(DOMParser.java:262)
	at java.xml/com.sun.org.apache.xerces.internal.jaxp.DocumentBuilderImpl.parse(DocumentBuilderImpl.java:342)
	at com.st.stm32cube.ide.mpu.remote.serial.internal.SerialPortProviderWindows.run(SerialPortProviderWindows.java:127)
	at java.base/java.util.TimerThread.mainLoop(Timer.java:566)
	at java.base/java.util.TimerThread.run(Timer.java:516)

!ENTRY com.st.stm32cube.ide.mpu.remote.serial 4 0 2026-01-16 22:49:19.733
!MESSAGE Failed to parse wmic output
!STACK 0
org.xml.sax.SAXParseException; lineNumber: 1; columnNumber: 1; Premature end of file.
	at java.xml/com.sun.org.apache.xerces.internal.parsers.DOMParser.parse(DOMParser.java:262)
	at java.xml/com.sun.org.apache.xerces.internal.jaxp.DocumentBuilderImpl.parse(DocumentBuilderImpl.java:342)
	at com.st.stm32cube.ide.mpu.remote.serial.internal.SerialPortProviderWindows.run(SerialPortProviderWindows.java:127)
	at java.base/java.util.TimerThread.mainLoop(Timer.java:566)
	at java.base/java.util.TimerThread.run(Timer.java:516)

!ENTRY com.st.stm32cube.ide.mpu.remote.serial 4 0 2026-01-16 22:49:20.743
!MESSAGE Failed to parse wmic output
!STACK 0
org.xml.sax.SAXParseException; lineNumber: 1; columnNumber: 1; Premature end of file.
	at java.xml/com.sun.org.apache.xerces.internal.parsers.DOMParser.parse(DOMParser.java:262)
	at java.xml/com.sun.org.apache.xerces.internal.jaxp.DocumentBuilderImpl.parse(DocumentBuilderImpl.java:342)
	at com.st.stm32cube.ide.mpu.remote.serial.internal.SerialPortProviderWindows.run(SerialPortProviderWindows.java:127)
	at java.base/java.util.TimerThread.mainLoop(Timer.java:566)
	at java.base/java.util.TimerThread.run(Timer.java:516)

!ENTRY com.st.stm32cube.ide.mpu.remote.serial 4 0 2026-01-16 22:49:21.739
!MESSAGE Failed to parse wmic output
!STACK 0
org.xml.sax.SAXParseException; lineNumber: 1; columnNumber: 1; Premature end of file.
	at java.xml/com.sun.org.apache.xerces.internal.parsers.DOMParser.parse(DOMParser.java:262)
	at java.xml/com.sun.org.apache.xerces.internal.jaxp.DocumentBuilderImpl.parse(DocumentBuilderImpl.java:342)
	at com.st.stm32cube.ide.mpu.remote.serial.internal.SerialPortProviderWindows.run(SerialPortProviderWindows.java:127)
	at java.base/java.util.TimerThread.mainLoop(Timer.java:566)
	at java.base/java.util.TimerThread.run(Timer.java:516)

!ENTRY com.st.stm32cube.ide.mpu.remote.serial 4 0 2026-01-16 22:49:22.741
!MESSAGE Failed to parse wmic output
!STACK 0
org.xml.sax.SAXParseException; lineNumber: 1; columnNumber: 1; Premature end of file.
	at java.xml/com.sun.org.apache.xerces.internal.parsers.DOMParser.parse(DOMParser.java:262)
	at java.xml/com.sun.org.apache.xerces.internal.jaxp.DocumentBuilderImpl.parse(DocumentBuilderImpl.java:342)
	at com.st.stm32cube.ide.mpu.remote.serial.internal.SerialPortProviderWindows.run(SerialPortProviderWindows.java:127)
	at java.base/java.util.TimerThread.mainLoop(Timer.java:566)
	at java.base/java.util.TimerThread.run(Timer.java:516)

!ENTRY com.st.stm32cube.ide.mpu.remote.serial 4 0 2026-01-16 22:49:23.746
!MESSAGE Failed to parse wmic output
!STACK 0
org.xml.sax.SAXParseException; lineNumber: 1; columnNumber: 1; Premature end of file.
	at java.xml/com.sun.org.apache.xerces.internal.parsers.DOMParser.parse(DOMParser.java:262)
	at java.xml/com.sun.org.apache.xerces.internal.jaxp.DocumentBuilderImpl.parse(DocumentBuilderImpl.java:342)
	at com.st.stm32cube.ide.mpu.remote.serial.internal.SerialPortProviderWindows.run(SerialPortProviderWindows.java:127)
	at java.base/java.util.TimerThread.mainLoop(Timer.java:566)
	at java.base/java.util.TimerThread.run(Timer.java:516)

!ENTRY com.st.stm32cube.ide.mpu.remote.serial 4 0 2026-01-16 22:49:24.746
!MESSAGE Failed to parse wmic output
!STACK 0
org.xml.sax.SAXParseException; lineNumber: 1; columnNumber: 1; Premature end of file.
	at java.xml/com.sun.org.apache.xerces.internal.parsers.DOMParser.parse(DOMParser.java:262)
	at java.xml/com.sun.org.apache.xerces.internal.jaxp.DocumentBuilderImpl.parse(DocumentBuilderImpl.java:342)
	at com.st.stm32cube.ide.mpu.remote.serial.internal.SerialPortProviderWindows.run(SerialPortProviderWindows.java:127)
	at java.base/java.util.TimerThread.mainLoop(Timer.java:566)
	at java.base/java.util.TimerThread.run(Timer.java:516)

!ENTRY com.st.stm32cube.ide.mpu.remote.serial 4 0 2026-01-16 22:49:25.744
!MESSAGE Failed to parse wmic output
!STACK 0
org.xml.sax.SAXParseException; lineNumber: 1; columnNumber: 1; Premature end of file.
	at java.xml/com.sun.org.apache.xerces.internal.parsers.DOMParser.parse(DOMParser.java:262)
	at java.xml/com.sun.org.apache.xerces.internal.jaxp.DocumentBuilderImpl.parse(DocumentBuilderImpl.java:342)
	at com.st.stm32cube.ide.mpu.remote.serial.internal.SerialPortProviderWindows.run(SerialPortProviderWindows.java:127)
	at java.base/java.util.TimerThread.mainLoop(Timer.java:566)
	at java.base/java.util.TimerThread.run(Timer.java:516)

!ENTRY com.st.stm32cube.ide.mpu.remote.serial 4 0 2026-01-16 22:49:26.742
!MESSAGE Failed to parse wmic output
!STACK 0
org.xml.sax.SAXParseException; lineNumber: 1; columnNumber: 1; Premature end of file.
	at java.xml/com.sun.org.apache.xerces.internal.parsers.DOMParser.parse(DOMParser.java:262)
	at java.xml/com.sun.org.apache.xerces.internal.jaxp.DocumentBuilderImpl.parse(DocumentBuilderImpl.java:342)
	at com.st.stm32cube.ide.mpu.remote.serial.internal.SerialPortProviderWindows.run(SerialPortProviderWindows.java:127)
	at java.base/java.util.TimerThread.mainLoop(Timer.java:566)
	at java.base/java.util.TimerThread.run(Timer.java:516)

!ENTRY com.st.stm32cube.ide.mpu.remote.serial 4 0 2026-01-16 22:49:27.743
!MESSAGE Failed to parse wmic output
!STACK 0
org.xml.sax.SAXParseException; lineNumber: 1; columnNumber: 1; Premature end of file.
	at java.xml/com.sun.org.apache.xerces.internal.parsers.DOMParser.parse(DOMParser.java:262)
	at java.xml/com.sun.org.apache.xerces.internal.jaxp.DocumentBuilderImpl.parse(DocumentBuilderImpl.java:342)
	at com.st.stm32cube.ide.mpu.remote.serial.internal.SerialPortProviderWindows.run(SerialPortProviderWindows.java:127)
	at java.base/java.util.TimerThread.mainLoop(Timer.java:566)
	at java.base/java.util.TimerThread.run(Timer.java:516)

!ENTRY com.st.stm32cube.ide.mpu.remote.serial 4 0 2026-01-16 22:49:28.737
!MESSAGE Failed to parse wmic output
!STACK 0
org.xml.sax.SAXParseException; lineNumber: 1; columnNumber: 1; Premature end of file.
	at java.xml/com.sun.org.apache.xerces.internal.parsers.DOMParser.parse(DOMParser.java:262)
	at java.xml/com.sun.org.apache.xerces.internal.jaxp.DocumentBuilderImpl.parse(DocumentBuilderImpl.java:342)
	at com.st.stm32cube.ide.mpu.remote.serial.internal.SerialPortProviderWindows.run(SerialPortProviderWindows.java:127)
	at java.base/java.util.TimerThread.mainLoop(Timer.java:566)
	at java.base/java.util.TimerThread.run(Timer.java:516)

!ENTRY com.st.stm32cube.ide.mpu.remote.serial 4 0 2026-01-16 22:49:29.745
!MESSAGE Failed to parse wmic output
!STACK 0
org.xml.sax.SAXParseException; lineNumber: 1; columnNumber: 1; Premature end of file.
	at java.xml/com.sun.org.apache.xerces.internal.parsers.DOMParser.parse(DOMParser.java:262)
	at java.xml/com.sun.org.apache.xerces.internal.jaxp.DocumentBuilderImpl.parse(DocumentBuilderImpl.java:342)
	at com.st.stm32cube.ide.mpu.remote.serial.internal.SerialPortProviderWindows.run(SerialPortProviderWindows.java:127)
	at java.base/java.util.TimerThread.mainLoop(Timer.java:566)
	at java.base/java.util.TimerThread.run(Timer.java:516)

!ENTRY com.st.stm32cube.ide.mpu.remote.serial 4 0 2026-01-16 22:49:30.731
!MESSAGE Failed to parse wmic output
!STACK 0
org.xml.sax.SAXParseException; lineNumber: 1; columnNumber: 1; Premature end of file.
	at java.xml/com.sun.org.apache.xerces.internal.parsers.DOMParser.parse(DOMParser.java:262)
	at java.xml/com.sun.org.apache.xerces.internal.jaxp.DocumentBuilderImpl.parse(DocumentBuilderImpl.java:342)
	at com.st.stm32cube.ide.mpu.remote.serial.internal.SerialPortProviderWindows.run(SerialPortProviderWindows.java:127)
	at java.base/java.util.TimerThread.mainLoop(Timer.java:566)
	at java.base/java.util.TimerThread.run(Timer.java:516)

!ENTRY com.st.stm32cube.ide.mpu.remote.serial 4 0 2026-01-16 22:49:31.739
!MESSAGE Failed to parse wmic output
!STACK 0
org.xml.sax.SAXParseException; lineNumber: 1; columnNumber: 1; Premature end of file.
	at java.xml/com.sun.org.apache.xerces.internal.parsers.DOMParser.parse(DOMParser.java:262)
	at java.xml/com.sun.org.apache.xerces.internal.jaxp.DocumentBuilderImpl.parse(DocumentBuilderImpl.java:342)
	at com.st.stm32cube.ide.mpu.remote.serial.internal.SerialPortProviderWindows.run(SerialPortProviderWindows.java:127)
	at java.base/java.util.TimerThread.mainLoop(Timer.java:566)
	at java.base/java.util.TimerThread.run(Timer.java:516)

!ENTRY com.st.stm32cube.ide.mpu.remote.serial 4 0 2026-01-16 22:49:32.733
!MESSAGE Failed to parse wmic output
!STACK 0
org.xml.sax.SAXParseException; lineNumber: 1; columnNumber: 1; Premature end of file.
	at java.xml/com.sun.org.apache.xerces.internal.parsers.DOMParser.parse(DOMParser.java:262)
	at java.xml/com.sun.org.apache.xerces.internal.jaxp.DocumentBuilderImpl.parse(DocumentBuilderImpl.java:342)
	at com.st.stm32cube.ide.mpu.remote.serial.internal.SerialPortProviderWindows.run(SerialPortProviderWindows.java:127)
	at java.base/java.util.TimerThread.mainLoop(Timer.java:566)
	at java.base/java.util.TimerThread.run(Timer.java:516)

!ENTRY com.st.stm32cube.ide.mpu.remote.serial 4 0 2026-01-16 22:49:33.736
!MESSAGE Failed to parse wmic output
!STACK 0
org.xml.sax.SAXParseException; lineNumber: 1; columnNumber: 1; Premature end of file.
	at java.xml/com.sun.org.apache.xerces.internal.parsers.DOMParser.parse(DOMParser.java:262)
	at java.xml/com.sun.org.apache.xerces.internal.jaxp.DocumentBuilderImpl.parse(DocumentBuilderImpl.java:342)
	at com.st.stm32cube.ide.mpu.remote.serial.internal.SerialPortProviderWindows.run(SerialPortProviderWindows.java:127)
	at java.base/java.util.TimerThread.mainLoop(Timer.java:566)
	at java.base/java.util.TimerThread.run(Timer.java:516)

!ENTRY com.st.stm32cube.ide.mpu.remote.serial 4 0 2026-01-16 22:49:34.742
!MESSAGE Failed to parse wmic output
!STACK 0
org.xml.sax.SAXParseException; lineNumber: 1; columnNumber: 1; Premature end of file.
	at java.xml/com.sun.org.apache.xerces.internal.parsers.DOMParser.parse(DOMParser.java:262)
	at java.xml/com.sun.org.apache.xerces.internal.jaxp.DocumentBuilderImpl.parse(DocumentBuilderImpl.java:342)
	at com.st.stm32cube.ide.mpu.remote.serial.internal.SerialPortProviderWindows.run(SerialPortProviderWindows.java:127)
	at java.base/java.util.TimerThread.mainLoop(Timer.java:566)
	at java.base/java.util.TimerThread.run(Timer.java:516)

!ENTRY com.st.stm32cube.ide.mpu.remote.serial 4 0 2026-01-16 22:49:35.729
!MESSAGE Failed to parse wmic output
!STACK 0
org.xml.sax.SAXParseException; lineNumber: 1; columnNumber: 1; Premature end of file.
	at java.xml/com.sun.org.apache.xerces.internal.parsers.DOMParser.parse(DOMParser.java:262)
	at java.xml/com.sun.org.apache.xerces.internal.jaxp.DocumentBuilderImpl.parse(DocumentBuilderImpl.java:342)
	at com.st.stm32cube.ide.mpu.remote.serial.internal.SerialPortProviderWindows.run(SerialPortProviderWindows.java:127)
	at java.base/java.util.TimerThread.mainLoop(Timer.java:566)
	at java.base/java.util.TimerThread.run(Timer.java:516)

!ENTRY com.st.stm32cube.ide.mpu.remote.serial 4 0 2026-01-16 22:49:36.739
!MESSAGE Failed to parse wmic output
!STACK 0
org.xml.sax.SAXParseException; lineNumber: 1; columnNumber: 1; Premature end of file.
	at java.xml/com.sun.org.apache.xerces.internal.parsers.DOMParser.parse(DOMParser.java:262)
	at java.xml/com.sun.org.apache.xerces.internal.jaxp.DocumentBuilderImpl.parse(DocumentBuilderImpl.java:342)
	at com.st.stm32cube.ide.mpu.remote.serial.internal.SerialPortProviderWindows.run(SerialPortProviderWindows.java:127)
	at java.base/java.util.TimerThread.mainLoop(Timer.java:566)
	at java.base/java.util.TimerThread.run(Timer.java:516)

!ENTRY com.st.stm32cube.ide.mpu.remote.serial 4 0 2026-01-16 22:49:37.735
!MESSAGE Failed to parse wmic output
!STACK 0
org.xml.sax.SAXParseException; lineNumber: 1; columnNumber: 1; Premature end of file.
	at java.xml/com.sun.org.apache.xerces.internal.parsers.DOMParser.parse(DOMParser.java:262)
	at java.xml/com.sun.org.apache.xerces.internal.jaxp.DocumentBuilderImpl.parse(DocumentBuilderImpl.java:342)
	at com.st.stm32cube.ide.mpu.remote.serial.internal.SerialPortProviderWindows.run(SerialPortProviderWindows.java:127)
	at java.base/java.util.TimerThread.mainLoop(Timer.java:566)
	at java.base/java.util.TimerThread.run(Timer.java:516)

!ENTRY com.st.stm32cube.ide.mpu.remote.serial 4 0 2026-01-16 22:49:38.730
!MESSAGE Failed to parse wmic output
!STACK 0
org.xml.sax.SAXParseException; lineNumber: 1; columnNumber: 1; Premature end of file.
	at java.xml/com.sun.org.apache.xerces.internal.parsers.DOMParser.parse(DOMParser.java:262)
	at java.xml/com.sun.org.apache.xerces.internal.jaxp.DocumentBuilderImpl.parse(DocumentBuilderImpl.java:342)
	at com.st.stm32cube.ide.mpu.remote.serial.internal.SerialPortProviderWindows.run(SerialPortProviderWindows.java:127)
	at java.base/java.util.TimerThread.mainLoop(Timer.java:566)
	at java.base/java.util.TimerThread.run(Timer.java:516)

!ENTRY com.st.stm32cube.ide.mpu.remote.serial 4 0 2026-01-16 22:49:39.730
!MESSAGE Failed to parse wmic output
!STACK 0
org.xml.sax.SAXParseException; lineNumber: 1; columnNumber: 1; Premature end of file.
	at java.xml/com.sun.org.apache.xerces.internal.parsers.DOMParser.parse(DOMParser.java:262)
	at java.xml/com.sun.org.apache.xerces.internal.jaxp.DocumentBuilderImpl.parse(DocumentBuilderImpl.java:342)
	at com.st.stm32cube.ide.mpu.remote.serial.internal.SerialPortProviderWindows.run(SerialPortProviderWindows.java:127)
	at java.base/java.util.TimerThread.mainLoop(Timer.java:566)
	at java.base/java.util.TimerThread.run(Timer.java:516)

!ENTRY com.st.stm32cube.ide.mpu.remote.serial 4 0 2026-01-16 22:49:40.736
!MESSAGE Failed to parse wmic output
!STACK 0
org.xml.sax.SAXParseException; lineNumber: 1; columnNumber: 1; Premature end of file.
	at java.xml/com.sun.org.apache.xerces.internal.parsers.DOMParser.parse(DOMParser.java:262)
	at java.xml/com.sun.org.apache.xerces.internal.jaxp.DocumentBuilderImpl.parse(DocumentBuilderImpl.java:342)
	at com.st.stm32cube.ide.mpu.remote.serial.internal.SerialPortProviderWindows.run(SerialPortProviderWindows.java:127)
	at java.base/java.util.TimerThread.mainLoop(Timer.java:566)
	at java.base/java.util.TimerThread.run(Timer.java:516)

!ENTRY com.st.stm32cube.ide.mpu.remote.serial 4 0 2026-01-16 22:49:41.729
!MESSAGE Failed to parse wmic output
!STACK 0
org.xml.sax.SAXParseException; lineNumber: 1; columnNumber: 1; Premature end of file.
	at java.xml/com.sun.org.apache.xerces.internal.parsers.DOMParser.parse(DOMParser.java:262)
	at java.xml/com.sun.org.apache.xerces.internal.jaxp.DocumentBuilderImpl.parse(DocumentBuilderImpl.java:342)
	at com.st.stm32cube.ide.mpu.remote.serial.internal.SerialPortProviderWindows.run(SerialPortProviderWindows.java:127)
	at java.base/java.util.TimerThread.mainLoop(Timer.java:566)
	at java.base/java.util.TimerThread.run(Timer.java:516)

!ENTRY com.st.stm32cube.ide.mpu.remote.serial 4 0 2026-01-16 22:49:42.739
!MESSAGE Failed to parse wmic output
!STACK 0
org.xml.sax.SAXParseException; lineNumber: 1; columnNumber: 1; Premature end of file.
	at java.xml/com.sun.org.apache.xerces.internal.parsers.DOMParser.parse(DOMParser.java:262)
	at java.xml/com.sun.org.apache.xerces.internal.jaxp.DocumentBuilderImpl.parse(DocumentBuilderImpl.java:342)
	at com.st.stm32cube.ide.mpu.remote.serial.internal.SerialPortProviderWindows.run(SerialPortProviderWindows.java:127)
	at java.base/java.util.TimerThread.mainLoop(Timer.java:566)
	at java.base/java.util.TimerThread.run(Timer.java:516)

!ENTRY com.st.stm32cube.ide.mpu.remote.serial 4 0 2026-01-16 22:49:43.737
!MESSAGE Failed to parse wmic output
!STACK 0
org.xml.sax.SAXParseException; lineNumber: 1; columnNumber: 1; Premature end of file.
	at java.xml/com.sun.org.apache.xerces.internal.parsers.DOMParser.parse(DOMParser.java:262)
	at java.xml/com.sun.org.apache.xerces.internal.jaxp.DocumentBuilderImpl.parse(DocumentBuilderImpl.java:342)
	at com.st.stm32cube.ide.mpu.remote.serial.internal.SerialPortProviderWindows.run(SerialPortProviderWindows.java:127)
	at java.base/java.util.TimerThread.mainLoop(Timer.java:566)
	at java.base/java.util.TimerThread.run(Timer.java:516)

!ENTRY com.st.stm32cube.ide.mpu.remote.serial 4 0 2026-01-16 22:49:44.733
!MESSAGE Failed to parse wmic output
!STACK 0
org.xml.sax.SAXParseException; lineNumber: 1; columnNumber: 1; Premature end of file.
	at java.xml/com.sun.org.apache.xerces.internal.parsers.DOMParser.parse(DOMParser.java:262)
	at java.xml/com.sun.org.apache.xerces.internal.jaxp.DocumentBuilderImpl.parse(DocumentBuilderImpl.java:342)
	at com.st.stm32cube.ide.mpu.remote.serial.internal.SerialPortProviderWindows.run(SerialPortProviderWindows.java:127)
	at java.base/java.util.TimerThread.mainLoop(Timer.java:566)
	at java.base/java.util.TimerThread.run(Timer.java:516)

!ENTRY com.st.stm32cube.ide.mpu.remote.serial 4 0 2026-01-16 22:49:45.725
!MESSAGE Failed to parse wmic output
!STACK 0
org.xml.sax.SAXParseException; lineNumber: 1; columnNumber: 1; Premature end of file.
	at java.xml/com.sun.org.apache.xerces.internal.parsers.DOMParser.parse(DOMParser.java:262)
	at java.xml/com.sun.org.apache.xerces.internal.jaxp.DocumentBuilderImpl.parse(DocumentBuilderImpl.java:342)
	at com.st.stm32cube.ide.mpu.remote.serial.internal.SerialPortProviderWindows.run(SerialPortProviderWindows.java:127)
	at java.base/java.util.TimerThread.mainLoop(Timer.java:566)
	at java.base/java.util.TimerThread.run(Timer.java:516)

!ENTRY com.st.stm32cube.ide.mpu.remote.serial 4 0 2026-01-16 22:49:46.718
!MESSAGE Failed to parse wmic output
!STACK 0
org.xml.sax.SAXParseException; lineNumber: 1; columnNumber: 1; Premature end of file.
	at java.xml/com.sun.org.apache.xerces.internal.parsers.DOMParser.parse(DOMParser.java:262)
	at java.xml/com.sun.org.apache.xerces.internal.jaxp.DocumentBuilderImpl.parse(DocumentBuilderImpl.java:342)
	at com.st.stm32cube.ide.mpu.remote.serial.internal.SerialPortProviderWindows.run(SerialPortProviderWindows.java:127)
	at java.base/java.util.TimerThread.mainLoop(Timer.java:566)
	at java.base/java.util.TimerThread.run(Timer.java:516)

!ENTRY com.st.stm32cube.ide.mpu.remote.serial 4 0 2026-01-16 22:49:47.718
!MESSAGE Failed to parse wmic output
!STACK 0
org.xml.sax.SAXParseException; lineNumber: 1; columnNumber: 1; Premature end of file.
	at java.xml/com.sun.org.apache.xerces.internal.parsers.DOMParser.parse(DOMParser.java:262)
	at java.xml/com.sun.org.apache.xerces.internal.jaxp.DocumentBuilderImpl.parse(DocumentBuilderImpl.java:342)
	at com.st.stm32cube.ide.mpu.remote.serial.internal.SerialPortProviderWindows.run(SerialPortProviderWindows.java:127)
	at java.base/java.util.TimerThread.mainLoop(Timer.java:566)
	at java.base/java.util.TimerThread.run(Timer.java:516)

!ENTRY com.st.stm32cube.ide.mpu.remote.serial 4 0 2026-01-16 22:49:48.725
!MESSAGE Failed to parse wmic output
!STACK 0
org.xml.sax.SAXParseException; lineNumber: 1; columnNumber: 1; Premature end of file.
	at java.xml/com.sun.org.apache.xerces.internal.parsers.DOMParser.parse(DOMParser.java:262)
	at java.xml/com.sun.org.apache.xerces.internal.jaxp.DocumentBuilderImpl.parse(DocumentBuilderImpl.java:342)
	at com.st.stm32cube.ide.mpu.remote.serial.internal.SerialPortProviderWindows.run(SerialPortProviderWindows.java:127)
	at java.base/java.util.TimerThread.mainLoop(Timer.java:566)
	at java.base/java.util.TimerThread.run(Timer.java:516)

!ENTRY com.st.stm32cube.ide.mpu.remote.serial 4 0 2026-01-16 22:49:49.747
!MESSAGE Failed to parse wmic output
!STACK 0
org.xml.sax.SAXParseException; lineNumber: 1; columnNumber: 1; Premature end of file.
	at java.xml/com.sun.org.apache.xerces.internal.parsers.DOMParser.parse(DOMParser.java:262)
	at java.xml/com.sun.org.apache.xerces.internal.jaxp.DocumentBuilderImpl.parse(DocumentBuilderImpl.java:342)
	at com.st.stm32cube.ide.mpu.remote.serial.internal.SerialPortProviderWindows.run(SerialPortProviderWindows.java:127)
	at java.base/java.util.TimerThread.mainLoop(Timer.java:566)
	at java.base/java.util.TimerThread.run(Timer.java:516)

!ENTRY com.st.stm32cube.ide.mpu.remote.serial 4 0 2026-01-16 22:49:50.747
!MESSAGE Failed to parse wmic output
!STACK 0
org.xml.sax.SAXParseException; lineNumber: 1; columnNumber: 1; Premature end of file.
	at java.xml/com.sun.org.apache.xerces.internal.parsers.DOMParser.parse(DOMParser.java:262)
	at java.xml/com.sun.org.apache.xerces.internal.jaxp.DocumentBuilderImpl.parse(DocumentBuilderImpl.java:342)
	at com.st.stm32cube.ide.mpu.remote.serial.internal.SerialPortProviderWindows.run(SerialPortProviderWindows.java:127)
	at java.base/java.util.TimerThread.mainLoop(Timer.java:566)
	at java.base/java.util.TimerThread.run(Timer.java:516)

!ENTRY com.st.stm32cube.ide.mpu.remote.serial 4 0 2026-01-16 22:49:51.733
!MESSAGE Failed to parse wmic output
!STACK 0
org.xml.sax.SAXParseException; lineNumber: 1; columnNumber: 1; Premature end of file.
	at java.xml/com.sun.org.apache.xerces.internal.parsers.DOMParser.parse(DOMParser.java:262)
	at java.xml/com.sun.org.apache.xerces.internal.jaxp.DocumentBuilderImpl.parse(DocumentBuilderImpl.java:342)
	at com.st.stm32cube.ide.mpu.remote.serial.internal.SerialPortProviderWindows.run(SerialPortProviderWindows.java:127)
	at java.base/java.util.TimerThread.mainLoop(Timer.java:566)
	at java.base/java.util.TimerThread.run(Timer.java:516)

!ENTRY com.st.stm32cube.ide.mpu.remote.serial 4 0 2026-01-16 22:49:52.715
!MESSAGE Failed to parse wmic output
!STACK 0
org.xml.sax.SAXParseException; lineNumber: 1; columnNumber: 1; Premature end of file.
	at java.xml/com.sun.org.apache.xerces.internal.parsers.DOMParser.parse(DOMParser.java:262)
	at java.xml/com.sun.org.apache.xerces.internal.jaxp.DocumentBuilderImpl.parse(DocumentBuilderImpl.java:342)
	at com.st.stm32cube.ide.mpu.remote.serial.internal.SerialPortProviderWindows.run(SerialPortProviderWindows.java:127)
	at java.base/java.util.TimerThread.mainLoop(Timer.java:566)
	at java.base/java.util.TimerThread.run(Timer.java:516)

!ENTRY com.st.stm32cube.ide.mpu.remote.serial 4 0 2026-01-16 22:49:53.723
!MESSAGE Failed to parse wmic output
!STACK 0
org.xml.sax.SAXParseException; lineNumber: 1; columnNumber: 1; Premature end of file.
	at java.xml/com.sun.org.apache.xerces.internal.parsers.DOMParser.parse(DOMParser.java:262)
	at java.xml/com.sun.org.apache.xerces.internal.jaxp.DocumentBuilderImpl.parse(DocumentBuilderImpl.java:342)
	at com.st.stm32cube.ide.mpu.remote.serial.internal.SerialPortProviderWindows.run(SerialPortProviderWindows.java:127)
	at java.base/java.util.TimerThread.mainLoop(Timer.java:566)
	at java.base/java.util.TimerThread.run(Timer.java:516)

!ENTRY com.st.stm32cube.ide.mpu.remote.serial 4 0 2026-01-16 22:49:54.738
!MESSAGE Failed to parse wmic output
!STACK 0
org.xml.sax.SAXParseException; lineNumber: 1; columnNumber: 1; Premature end of file.
	at java.xml/com.sun.org.apache.xerces.internal.parsers.DOMParser.parse(DOMParser.java:262)
	at java.xml/com.sun.org.apache.xerces.internal.jaxp.DocumentBuilderImpl.parse(DocumentBuilderImpl.java:342)
	at com.st.stm32cube.ide.mpu.remote.serial.internal.SerialPortProviderWindows.run(SerialPortProviderWindows.java:127)
	at java.base/java.util.TimerThread.mainLoop(Timer.java:566)
	at java.base/java.util.TimerThread.run(Timer.java:516)

!ENTRY com.st.stm32cube.ide.mpu.remote.serial 4 0 2026-01-16 22:49:55.732
!MESSAGE Failed to parse wmic output
!STACK 0
org.xml.sax.SAXParseException; lineNumber: 1; columnNumber: 1; Premature end of file.
	at java.xml/com.sun.org.apache.xerces.internal.parsers.DOMParser.parse(DOMParser.java:262)
	at java.xml/com.sun.org.apache.xerces.internal.jaxp.DocumentBuilderImpl.parse(DocumentBuilderImpl.java:342)
	at com.st.stm32cube.ide.mpu.remote.serial.internal.SerialPortProviderWindows.run(SerialPortProviderWindows.java:127)
	at java.base/java.util.TimerThread.mainLoop(Timer.java:566)
	at java.base/java.util.TimerThread.run(Timer.java:516)

!ENTRY com.st.stm32cube.ide.mpu.remote.serial 4 0 2026-01-16 22:49:56.741
!MESSAGE Failed to parse wmic output
!STACK 0
org.xml.sax.SAXParseException; lineNumber: 1; columnNumber: 1; Premature end of file.
	at java.xml/com.sun.org.apache.xerces.internal.parsers.DOMParser.parse(DOMParser.java:262)
	at java.xml/com.sun.org.apache.xerces.internal.jaxp.DocumentBuilderImpl.parse(DocumentBuilderImpl.java:342)
	at com.st.stm32cube.ide.mpu.remote.serial.internal.SerialPortProviderWindows.run(SerialPortProviderWindows.java:127)
	at java.base/java.util.TimerThread.mainLoop(Timer.java:566)
	at java.base/java.util.TimerThread.run(Timer.java:516)

!ENTRY com.st.stm32cube.ide.mpu.remote.serial 4 0 2026-01-16 22:49:57.729
!MESSAGE Failed to parse wmic output
!STACK 0
org.xml.sax.SAXParseException; lineNumber: 1; columnNumber: 1; Premature end of file.
	at java.xml/com.sun.org.apache.xerces.internal.parsers.DOMParser.parse(DOMParser.java:262)
	at java.xml/com.sun.org.apache.xerces.internal.jaxp.DocumentBuilderImpl.parse(DocumentBuilderImpl.java:342)
	at com.st.stm32cube.ide.mpu.remote.serial.internal.SerialPortProviderWindows.run(SerialPortProviderWindows.java:127)
	at java.base/java.util.TimerThread.mainLoop(Timer.java:566)
	at java.base/java.util.TimerThread.run(Timer.java:516)

!ENTRY com.st.stm32cube.ide.mpu.remote.serial 4 0 2026-01-16 22:49:58.728
!MESSAGE Failed to parse wmic output
!STACK 0
org.xml.sax.SAXParseException; lineNumber: 1; columnNumber: 1; Premature end of file.
	at java.xml/com.sun.org.apache.xerces.internal.parsers.DOMParser.parse(DOMParser.java:262)
	at java.xml/com.sun.org.apache.xerces.internal.jaxp.DocumentBuilderImpl.parse(DocumentBuilderImpl.java:342)
	at com.st.stm32cube.ide.mpu.remote.serial.internal.SerialPortProviderWindows.run(SerialPortProviderWindows.java:127)
	at java.base/java.util.TimerThread.mainLoop(Timer.java:566)
	at java.base/java.util.TimerThread.run(Timer.java:516)

!ENTRY com.st.stm32cube.ide.mpu.remote.serial 4 0 2026-01-16 22:49:59.741
!MESSAGE Failed to parse wmic output
!STACK 0
org.xml.sax.SAXParseException; lineNumber: 1; columnNumber: 1; Premature end of file.
	at java.xml/com.sun.org.apache.xerces.internal.parsers.DOMParser.parse(DOMParser.java:262)
	at java.xml/com.sun.org.apache.xerces.internal.jaxp.DocumentBuilderImpl.parse(DocumentBuilderImpl.java:342)
	at com.st.stm32cube.ide.mpu.remote.serial.internal.SerialPortProviderWindows.run(SerialPortProviderWindows.java:127)
	at java.base/java.util.TimerThread.mainLoop(Timer.java:566)
	at java.base/java.util.TimerThread.run(Timer.java:516)

!ENTRY com.st.stm32cube.ide.mpu.remote.serial 4 0 2026-01-16 22:50:00.738
!MESSAGE Failed to parse wmic output
!STACK 0
org.xml.sax.SAXParseException; lineNumber: 1; columnNumber: 1; Premature end of file.
	at java.xml/com.sun.org.apache.xerces.internal.parsers.DOMParser.parse(DOMParser.java:262)
	at java.xml/com.sun.org.apache.xerces.internal.jaxp.DocumentBuilderImpl.parse(DocumentBuilderImpl.java:342)
	at com.st.stm32cube.ide.mpu.remote.serial.internal.SerialPortProviderWindows.run(SerialPortProviderWindows.java:127)
	at java.base/java.util.TimerThread.mainLoop(Timer.java:566)
	at java.base/java.util.TimerThread.run(Timer.java:516)

!ENTRY com.st.stm32cube.ide.mpu.remote.serial 4 0 2026-01-16 22:50:01.731
!MESSAGE Failed to parse wmic output
!STACK 0
org.xml.sax.SAXParseException; lineNumber: 1; columnNumber: 1; Premature end of file.
	at java.xml/com.sun.org.apache.xerces.internal.parsers.DOMParser.parse(DOMParser.java:262)
	at java.xml/com.sun.org.apache.xerces.internal.jaxp.DocumentBuilderImpl.parse(DocumentBuilderImpl.java:342)
	at com.st.stm32cube.ide.mpu.remote.serial.internal.SerialPortProviderWindows.run(SerialPortProviderWindows.java:127)
	at java.base/java.util.TimerThread.mainLoop(Timer.java:566)
	at java.base/java.util.TimerThread.run(Timer.java:516)

!ENTRY com.st.stm32cube.ide.mpu.remote.serial 4 0 2026-01-16 22:50:02.714
!MESSAGE Failed to parse wmic output
!STACK 0
org.xml.sax.SAXParseException; lineNumber: 1; columnNumber: 1; Premature end of file.
	at java.xml/com.sun.org.apache.xerces.internal.parsers.DOMParser.parse(DOMParser.java:262)
	at java.xml/com.sun.org.apache.xerces.internal.jaxp.DocumentBuilderImpl.parse(DocumentBuilderImpl.java:342)
	at com.st.stm32cube.ide.mpu.remote.serial.internal.SerialPortProviderWindows.run(SerialPortProviderWindows.java:127)
	at java.base/java.util.TimerThread.mainLoop(Timer.java:566)
	at java.base/java.util.TimerThread.run(Timer.java:516)

!ENTRY com.st.stm32cube.ide.mpu.remote.serial 4 0 2026-01-16 22:50:03.720
!MESSAGE Failed to parse wmic output
!STACK 0
org.xml.sax.SAXParseException; lineNumber: 1; columnNumber: 1; Premature end of file.
	at java.xml/com.sun.org.apache.xerces.internal.parsers.DOMParser.parse(DOMParser.java:262)
	at java.xml/com.sun.org.apache.xerces.internal.jaxp.DocumentBuilderImpl.parse(DocumentBuilderImpl.java:342)
	at com.st.stm32cube.ide.mpu.remote.serial.internal.SerialPortProviderWindows.run(SerialPortProviderWindows.java:127)
	at java.base/java.util.TimerThread.mainLoop(Timer.java:566)
	at java.base/java.util.TimerThread.run(Timer.java:516)

!ENTRY com.st.stm32cube.ide.mpu.remote.serial 4 0 2026-01-16 22:50:04.734
!MESSAGE Failed to parse wmic output
!STACK 0
org.xml.sax.SAXParseException; lineNumber: 1; columnNumber: 1; Premature end of file.
	at java.xml/com.sun.org.apache.xerces.internal.parsers.DOMParser.parse(DOMParser.java:262)
	at java.xml/com.sun.org.apache.xerces.internal.jaxp.DocumentBuilderImpl.parse(DocumentBuilderImpl.java:342)
	at com.st.stm32cube.ide.mpu.remote.serial.internal.SerialPortProviderWindows.run(SerialPortProviderWindows.java:127)
	at java.base/java.util.TimerThread.mainLoop(Timer.java:566)
	at java.base/java.util.TimerThread.run(Timer.java:516)

!ENTRY com.st.stm32cube.ide.mpu.remote.serial 4 0 2026-01-16 22:50:05.729
!MESSAGE Failed to parse wmic output
!STACK 0
org.xml.sax.SAXParseException; lineNumber: 1; columnNumber: 1; Premature end of file.
	at java.xml/com.sun.org.apache.xerces.internal.parsers.DOMParser.parse(DOMParser.java:262)
	at java.xml/com.sun.org.apache.xerces.internal.jaxp.DocumentBuilderImpl.parse(DocumentBuilderImpl.java:342)
	at com.st.stm32cube.ide.mpu.remote.serial.internal.SerialPortProviderWindows.run(SerialPortProviderWindows.java:127)
	at java.base/java.util.TimerThread.mainLoop(Timer.java:566)
	at java.base/java.util.TimerThread.run(Timer.java:516)

!ENTRY com.st.stm32cube.ide.mpu.remote.serial 4 0 2026-01-16 22:50:06.740
!MESSAGE Failed to parse wmic output
!STACK 0
org.xml.sax.SAXParseException; lineNumber: 1; columnNumber: 1; Premature end of file.
	at java.xml/com.sun.org.apache.xerces.internal.parsers.DOMParser.parse(DOMParser.java:262)
	at java.xml/com.sun.org.apache.xerces.internal.jaxp.DocumentBuilderImpl.parse(DocumentBuilderImpl.java:342)
	at com.st.stm32cube.ide.mpu.remote.serial.internal.SerialPortProviderWindows.run(SerialPortProviderWindows.java:127)
	at java.base/java.util.TimerThread.mainLoop(Timer.java:566)
	at java.base/java.util.TimerThread.run(Timer.java:516)

!ENTRY com.st.stm32cube.ide.mpu.remote.serial 4 0 2026-01-16 22:50:07.733
!MESSAGE Failed to parse wmic output
!STACK 0
org.xml.sax.SAXParseException; lineNumber: 1; columnNumber: 1; Premature end of file.
	at java.xml/com.sun.org.apache.xerces.internal.parsers.DOMParser.parse(DOMParser.java:262)
	at java.xml/com.sun.org.apache.xerces.internal.jaxp.DocumentBuilderImpl.parse(DocumentBuilderImpl.java:342)
	at com.st.stm32cube.ide.mpu.remote.serial.internal.SerialPortProviderWindows.run(SerialPortProviderWindows.java:127)
	at java.base/java.util.TimerThread.mainLoop(Timer.java:566)
	at java.base/java.util.TimerThread.run(Timer.java:516)

!ENTRY com.st.stm32cube.ide.mpu.remote.serial 4 0 2026-01-16 22:50:08.727
!MESSAGE Failed to parse wmic output
!STACK 0
org.xml.sax.SAXParseException; lineNumber: 1; columnNumber: 1; Premature end of file.
	at java.xml/com.sun.org.apache.xerces.internal.parsers.DOMParser.parse(DOMParser.java:262)
	at java.xml/com.sun.org.apache.xerces.internal.jaxp.DocumentBuilderImpl.parse(DocumentBuilderImpl.java:342)
	at com.st.stm32cube.ide.mpu.remote.serial.internal.SerialPortProviderWindows.run(SerialPortProviderWindows.java:127)
	at java.base/java.util.TimerThread.mainLoop(Timer.java:566)
	at java.base/java.util.TimerThread.run(Timer.java:516)

!ENTRY com.st.stm32cube.ide.mpu.remote.serial 4 0 2026-01-16 22:50:09.733
!MESSAGE Failed to parse wmic output
!STACK 0
org.xml.sax.SAXParseException; lineNumber: 1; columnNumber: 1; Premature end of file.
	at java.xml/com.sun.org.apache.xerces.internal.parsers.DOMParser.parse(DOMParser.java:262)
	at java.xml/com.sun.org.apache.xerces.internal.jaxp.DocumentBuilderImpl.parse(DocumentBuilderImpl.java:342)
	at com.st.stm32cube.ide.mpu.remote.serial.internal.SerialPortProviderWindows.run(SerialPortProviderWindows.java:127)
	at java.base/java.util.TimerThread.mainLoop(Timer.java:566)
	at java.base/java.util.TimerThread.run(Timer.java:516)

!ENTRY com.st.stm32cube.ide.mpu.remote.serial 4 0 2026-01-16 22:50:10.736
!MESSAGE Failed to parse wmic output
!STACK 0
org.xml.sax.SAXParseException; lineNumber: 1; columnNumber: 1; Premature end of file.
	at java.xml/com.sun.org.apache.xerces.internal.parsers.DOMParser.parse(DOMParser.java:262)
	at java.xml/com.sun.org.apache.xerces.internal.jaxp.DocumentBuilderImpl.parse(DocumentBuilderImpl.java:342)
	at com.st.stm32cube.ide.mpu.remote.serial.internal.SerialPortProviderWindows.run(SerialPortProviderWindows.java:127)
	at java.base/java.util.TimerThread.mainLoop(Timer.java:566)
	at java.base/java.util.TimerThread.run(Timer.java:516)

!ENTRY com.st.stm32cube.ide.mpu.remote.serial 4 0 2026-01-16 22:50:11.740
!MESSAGE Failed to parse wmic output
!STACK 0
org.xml.sax.SAXParseException; lineNumber: 1; columnNumber: 1; Premature end of file.
	at java.xml/com.sun.org.apache.xerces.internal.parsers.DOMParser.parse(DOMParser.java:262)
	at java.xml/com.sun.org.apache.xerces.internal.jaxp.DocumentBuilderImpl.parse(DocumentBuilderImpl.java:342)
	at com.st.stm32cube.ide.mpu.remote.serial.internal.SerialPortProviderWindows.run(SerialPortProviderWindows.java:127)
	at java.base/java.util.TimerThread.mainLoop(Timer.java:566)
	at java.base/java.util.TimerThread.run(Timer.java:516)

!ENTRY com.st.stm32cube.ide.mpu.remote.serial 4 0 2026-01-16 22:50:12.739
!MESSAGE Failed to parse wmic output
!STACK 0
org.xml.sax.SAXParseException; lineNumber: 1; columnNumber: 1; Premature end of file.
	at java.xml/com.sun.org.apache.xerces.internal.parsers.DOMParser.parse(DOMParser.java:262)
	at java.xml/com.sun.org.apache.xerces.internal.jaxp.DocumentBuilderImpl.parse(DocumentBuilderImpl.java:342)
	at com.st.stm32cube.ide.mpu.remote.serial.internal.SerialPortProviderWindows.run(SerialPortProviderWindows.java:127)
	at java.base/java.util.TimerThread.mainLoop(Timer.java:566)
	at java.base/java.util.TimerThread.run(Timer.java:516)

!ENTRY com.st.stm32cube.ide.mpu.remote.serial 4 0 2026-01-16 22:50:13.732
!MESSAGE Failed to parse wmic output
!STACK 0
org.xml.sax.SAXParseException; lineNumber: 1; columnNumber: 1; Premature end of file.
	at java.xml/com.sun.org.apache.xerces.internal.parsers.DOMParser.parse(DOMParser.java:262)
	at java.xml/com.sun.org.apache.xerces.internal.jaxp.DocumentBuilderImpl.parse(DocumentBuilderImpl.java:342)
	at com.st.stm32cube.ide.mpu.remote.serial.internal.SerialPortProviderWindows.run(SerialPortProviderWindows.java:127)
	at java.base/java.util.TimerThread.mainLoop(Timer.java:566)
	at java.base/java.util.TimerThread.run(Timer.java:516)

!ENTRY com.st.stm32cube.ide.mpu.remote.serial 4 0 2026-01-16 22:50:14.732
!MESSAGE Failed to parse wmic output
!STACK 0
org.xml.sax.SAXParseException; lineNumber: 1; columnNumber: 1; Premature end of file.
	at java.xml/com.sun.org.apache.xerces.internal.parsers.DOMParser.parse(DOMParser.java:262)
	at java.xml/com.sun.org.apache.xerces.internal.jaxp.DocumentBuilderImpl.parse(DocumentBuilderImpl.java:342)
	at com.st.stm32cube.ide.mpu.remote.serial.internal.SerialPortProviderWindows.run(SerialPortProviderWindows.java:127)
	at java.base/java.util.TimerThread.mainLoop(Timer.java:566)
	at java.base/java.util.TimerThread.run(Timer.java:516)

!ENTRY com.st.stm32cube.ide.mpu.remote.serial 4 0 2026-01-16 22:50:15.741
!MESSAGE Failed to parse wmic output
!STACK 0
org.xml.sax.SAXParseException; lineNumber: 1; columnNumber: 1; Premature end of file.
	at java.xml/com.sun.org.apache.xerces.internal.parsers.DOMParser.parse(DOMParser.java:262)
	at java.xml/com.sun.org.apache.xerces.internal.jaxp.DocumentBuilderImpl.parse(DocumentBuilderImpl.java:342)
	at com.st.stm32cube.ide.mpu.remote.serial.internal.SerialPortProviderWindows.run(SerialPortProviderWindows.java:127)
	at java.base/java.util.TimerThread.mainLoop(Timer.java:566)
	at java.base/java.util.TimerThread.run(Timer.java:516)

!ENTRY com.st.stm32cube.ide.mpu.remote.serial 4 0 2026-01-16 22:50:16.729
!MESSAGE Failed to parse wmic output
!STACK 0
org.xml.sax.SAXParseException; lineNumber: 1; columnNumber: 1; Premature end of file.
	at java.xml/com.sun.org.apache.xerces.internal.parsers.DOMParser.parse(DOMParser.java:262)
	at java.xml/com.sun.org.apache.xerces.internal.jaxp.DocumentBuilderImpl.parse(DocumentBuilderImpl.java:342)
	at com.st.stm32cube.ide.mpu.remote.serial.internal.SerialPortProviderWindows.run(SerialPortProviderWindows.java:127)
	at java.base/java.util.TimerThread.mainLoop(Timer.java:566)
	at java.base/java.util.TimerThread.run(Timer.java:516)

!ENTRY com.st.stm32cube.ide.mpu.remote.serial 4 0 2026-01-16 22:50:17.738
!MESSAGE Failed to parse wmic output
!STACK 0
org.xml.sax.SAXParseException; lineNumber: 1; columnNumber: 1; Premature end of file.
	at java.xml/com.sun.org.apache.xerces.internal.parsers.DOMParser.parse(DOMParser.java:262)
	at java.xml/com.sun.org.apache.xerces.internal.jaxp.DocumentBuilderImpl.parse(DocumentBuilderImpl.java:342)
	at com.st.stm32cube.ide.mpu.remote.serial.internal.SerialPortProviderWindows.run(SerialPortProviderWindows.java:127)
	at java.base/java.util.TimerThread.mainLoop(Timer.java:566)
	at java.base/java.util.TimerThread.run(Timer.java:516)

!ENTRY com.st.stm32cube.ide.mpu.remote.serial 4 0 2026-01-16 22:50:18.748
!MESSAGE Failed to parse wmic output
!STACK 0
org.xml.sax.SAXParseException; lineNumber: 1; columnNumber: 1; Premature end of file.
	at java.xml/com.sun.org.apache.xerces.internal.parsers.DOMParser.parse(DOMParser.java:262)
	at java.xml/com.sun.org.apache.xerces.internal.jaxp.DocumentBuilderImpl.parse(DocumentBuilderImpl.java:342)
	at com.st.stm32cube.ide.mpu.remote.serial.internal.SerialPortProviderWindows.run(SerialPortProviderWindows.java:127)
	at java.base/java.util.TimerThread.mainLoop(Timer.java:566)
	at java.base/java.util.TimerThread.run(Timer.java:516)

!ENTRY com.st.stm32cube.ide.mpu.remote.serial 4 0 2026-01-16 22:50:19.733
!MESSAGE Failed to parse wmic output
!STACK 0
org.xml.sax.SAXParseException; lineNumber: 1; columnNumber: 1; Premature end of file.
	at java.xml/com.sun.org.apache.xerces.internal.parsers.DOMParser.parse(DOMParser.java:262)
	at java.xml/com.sun.org.apache.xerces.internal.jaxp.DocumentBuilderImpl.parse(DocumentBuilderImpl.java:342)
	at com.st.stm32cube.ide.mpu.remote.serial.internal.SerialPortProviderWindows.run(SerialPortProviderWindows.java:127)
	at java.base/java.util.TimerThread.mainLoop(Timer.java:566)
	at java.base/java.util.TimerThread.run(Timer.java:516)

!ENTRY com.st.stm32cube.ide.mpu.remote.serial 4 0 2026-01-16 22:50:20.739
!MESSAGE Failed to parse wmic output
!STACK 0
org.xml.sax.SAXParseException; lineNumber: 1; columnNumber: 1; Premature end of file.
	at java.xml/com.sun.org.apache.xerces.internal.parsers.DOMParser.parse(DOMParser.java:262)
	at java.xml/com.sun.org.apache.xerces.internal.jaxp.DocumentBuilderImpl.parse(DocumentBuilderImpl.java:342)
	at com.st.stm32cube.ide.mpu.remote.serial.internal.SerialPortProviderWindows.run(SerialPortProviderWindows.java:127)
	at java.base/java.util.TimerThread.mainLoop(Timer.java:566)
	at java.base/java.util.TimerThread.run(Timer.java:516)

!ENTRY com.st.stm32cube.ide.mpu.remote.serial 4 0 2026-01-16 22:50:21.727
!MESSAGE Failed to parse wmic output
!STACK 0
org.xml.sax.SAXParseException; lineNumber: 1; columnNumber: 1; Premature end of file.
	at java.xml/com.sun.org.apache.xerces.internal.parsers.DOMParser.parse(DOMParser.java:262)
	at java.xml/com.sun.org.apache.xerces.internal.jaxp.DocumentBuilderImpl.parse(DocumentBuilderImpl.java:342)
	at com.st.stm32cube.ide.mpu.remote.serial.internal.SerialPortProviderWindows.run(SerialPortProviderWindows.java:127)
	at java.base/java.util.TimerThread.mainLoop(Timer.java:566)
	at java.base/java.util.TimerThread.run(Timer.java:516)

!ENTRY com.st.stm32cube.ide.mpu.remote.serial 4 0 2026-01-16 22:50:22.731
!MESSAGE Failed to parse wmic output
!STACK 0
org.xml.sax.SAXParseException; lineNumber: 1; columnNumber: 1; Premature end of file.
	at java.xml/com.sun.org.apache.xerces.internal.parsers.DOMParser.parse(DOMParser.java:262)
	at java.xml/com.sun.org.apache.xerces.internal.jaxp.DocumentBuilderImpl.parse(DocumentBuilderImpl.java:342)
	at com.st.stm32cube.ide.mpu.remote.serial.internal.SerialPortProviderWindows.run(SerialPortProviderWindows.java:127)
	at java.base/java.util.TimerThread.mainLoop(Timer.java:566)
	at java.base/java.util.TimerThread.run(Timer.java:516)

!ENTRY com.st.stm32cube.ide.mpu.remote.serial 4 0 2026-01-16 22:50:23.737
!MESSAGE Failed to parse wmic output
!STACK 0
org.xml.sax.SAXParseException; lineNumber: 1; columnNumber: 1; Premature end of file.
	at java.xml/com.sun.org.apache.xerces.internal.parsers.DOMParser.parse(DOMParser.java:262)
	at java.xml/com.sun.org.apache.xerces.internal.jaxp.DocumentBuilderImpl.parse(DocumentBuilderImpl.java:342)
	at com.st.stm32cube.ide.mpu.remote.serial.internal.SerialPortProviderWindows.run(SerialPortProviderWindows.java:127)
	at java.base/java.util.TimerThread.mainLoop(Timer.java:566)
	at java.base/java.util.TimerThread.run(Timer.java:516)

!ENTRY com.st.stm32cube.ide.mpu.remote.serial 4 0 2026-01-16 22:50:24.736
!MESSAGE Failed to parse wmic output
!STACK 0
org.xml.sax.SAXParseException; lineNumber: 1; columnNumber: 1; Premature end of file.
	at java.xml/com.sun.org.apache.xerces.internal.parsers.DOMParser.parse(DOMParser.java:262)
	at java.xml/com.sun.org.apache.xerces.internal.jaxp.DocumentBuilderImpl.parse(DocumentBuilderImpl.java:342)
	at com.st.stm32cube.ide.mpu.remote.serial.internal.SerialPortProviderWindows.run(SerialPortProviderWindows.java:127)
	at java.base/java.util.TimerThread.mainLoop(Timer.java:566)
	at java.base/java.util.TimerThread.run(Timer.java:516)

!ENTRY com.st.stm32cube.ide.mpu.remote.serial 4 0 2026-01-16 22:50:25.743
!MESSAGE Failed to parse wmic output
!STACK 0
org.xml.sax.SAXParseException; lineNumber: 1; columnNumber: 1; Premature end of file.
	at java.xml/com.sun.org.apache.xerces.internal.parsers.DOMParser.parse(DOMParser.java:262)
	at java.xml/com.sun.org.apache.xerces.internal.jaxp.DocumentBuilderImpl.parse(DocumentBuilderImpl.java:342)
	at com.st.stm32cube.ide.mpu.remote.serial.internal.SerialPortProviderWindows.run(SerialPortProviderWindows.java:127)
	at java.base/java.util.TimerThread.mainLoop(Timer.java:566)
	at java.base/java.util.TimerThread.run(Timer.java:516)

!ENTRY com.st.stm32cube.ide.mpu.remote.serial 4 0 2026-01-16 22:50:26.740
!MESSAGE Failed to parse wmic output
!STACK 0
org.xml.sax.SAXParseException; lineNumber: 1; columnNumber: 1; Premature end of file.
	at java.xml/com.sun.org.apache.xerces.internal.parsers.DOMParser.parse(DOMParser.java:262)
	at java.xml/com.sun.org.apache.xerces.internal.jaxp.DocumentBuilderImpl.parse(DocumentBuilderImpl.java:342)
	at com.st.stm32cube.ide.mpu.remote.serial.internal.SerialPortProviderWindows.run(SerialPortProviderWindows.java:127)
	at java.base/java.util.TimerThread.mainLoop(Timer.java:566)
	at java.base/java.util.TimerThread.run(Timer.java:516)

!ENTRY com.st.stm32cube.ide.mpu.remote.serial 4 0 2026-01-16 22:50:27.738
!MESSAGE Failed to parse wmic output
!STACK 0
org.xml.sax.SAXParseException; lineNumber: 1; columnNumber: 1; Premature end of file.
	at java.xml/com.sun.org.apache.xerces.internal.parsers.DOMParser.parse(DOMParser.java:262)
	at java.xml/com.sun.org.apache.xerces.internal.jaxp.DocumentBuilderImpl.parse(DocumentBuilderImpl.java:342)
	at com.st.stm32cube.ide.mpu.remote.serial.internal.SerialPortProviderWindows.run(SerialPortProviderWindows.java:127)
	at java.base/java.util.TimerThread.mainLoop(Timer.java:566)
	at java.base/java.util.TimerThread.run(Timer.java:516)

!ENTRY com.st.stm32cube.ide.mpu.remote.serial 4 0 2026-01-16 22:50:28.736
!MESSAGE Failed to parse wmic output
!STACK 0
org.xml.sax.SAXParseException; lineNumber: 1; columnNumber: 1; Premature end of file.
	at java.xml/com.sun.org.apache.xerces.internal.parsers.DOMParser.parse(DOMParser.java:262)
	at java.xml/com.sun.org.apache.xerces.internal.jaxp.DocumentBuilderImpl.parse(DocumentBuilderImpl.java:342)
	at com.st.stm32cube.ide.mpu.remote.serial.internal.SerialPortProviderWindows.run(SerialPortProviderWindows.java:127)
	at java.base/java.util.TimerThread.mainLoop(Timer.java:566)
	at java.base/java.util.TimerThread.run(Timer.java:516)

!ENTRY com.st.stm32cube.ide.mpu.remote.serial 4 0 2026-01-16 22:50:29.741
!MESSAGE Failed to parse wmic output
!STACK 0
org.xml.sax.SAXParseException; lineNumber: 1; columnNumber: 1; Premature end of file.
	at java.xml/com.sun.org.apache.xerces.internal.parsers.DOMParser.parse(DOMParser.java:262)
	at java.xml/com.sun.org.apache.xerces.internal.jaxp.DocumentBuilderImpl.parse(DocumentBuilderImpl.java:342)
	at com.st.stm32cube.ide.mpu.remote.serial.internal.SerialPortProviderWindows.run(SerialPortProviderWindows.java:127)
	at java.base/java.util.TimerThread.mainLoop(Timer.java:566)
	at java.base/java.util.TimerThread.run(Timer.java:516)

!ENTRY com.st.stm32cube.ide.mpu.remote.serial 4 0 2026-01-16 22:50:30.729
!MESSAGE Failed to parse wmic output
!STACK 0
org.xml.sax.SAXParseException; lineNumber: 1; columnNumber: 1; Premature end of file.
	at java.xml/com.sun.org.apache.xerces.internal.parsers.DOMParser.parse(DOMParser.java:262)
	at java.xml/com.sun.org.apache.xerces.internal.jaxp.DocumentBuilderImpl.parse(DocumentBuilderImpl.java:342)
	at com.st.stm32cube.ide.mpu.remote.serial.internal.SerialPortProviderWindows.run(SerialPortProviderWindows.java:127)
	at java.base/java.util.TimerThread.mainLoop(Timer.java:566)
	at java.base/java.util.TimerThread.run(Timer.java:516)

!ENTRY com.st.stm32cube.ide.mpu.remote.serial 4 0 2026-01-16 22:50:31.736
!MESSAGE Failed to parse wmic output
!STACK 0
org.xml.sax.SAXParseException; lineNumber: 1; columnNumber: 1; Premature end of file.
	at java.xml/com.sun.org.apache.xerces.internal.parsers.DOMParser.parse(DOMParser.java:262)
	at java.xml/com.sun.org.apache.xerces.internal.jaxp.DocumentBuilderImpl.parse(DocumentBuilderImpl.java:342)
	at com.st.stm32cube.ide.mpu.remote.serial.internal.SerialPortProviderWindows.run(SerialPortProviderWindows.java:127)
	at java.base/java.util.TimerThread.mainLoop(Timer.java:566)
	at java.base/java.util.TimerThread.run(Timer.java:516)

!ENTRY com.st.stm32cube.ide.mpu.remote.serial 4 0 2026-01-16 22:50:32.732
!MESSAGE Failed to parse wmic output
!STACK 0
org.xml.sax.SAXParseException; lineNumber: 1; columnNumber: 1; Premature end of file.
	at java.xml/com.sun.org.apache.xerces.internal.parsers.DOMParser.parse(DOMParser.java:262)
	at java.xml/com.sun.org.apache.xerces.internal.jaxp.DocumentBuilderImpl.parse(DocumentBuilderImpl.java:342)
	at com.st.stm32cube.ide.mpu.remote.serial.internal.SerialPortProviderWindows.run(SerialPortProviderWindows.java:127)
	at java.base/java.util.TimerThread.mainLoop(Timer.java:566)
	at java.base/java.util.TimerThread.run(Timer.java:516)

!ENTRY com.st.stm32cube.ide.mpu.remote.serial 4 0 2026-01-16 22:50:33.737
!MESSAGE Failed to parse wmic output
!STACK 0
org.xml.sax.SAXParseException; lineNumber: 1; columnNumber: 1; Premature end of file.
	at java.xml/com.sun.org.apache.xerces.internal.parsers.DOMParser.parse(DOMParser.java:262)
	at java.xml/com.sun.org.apache.xerces.internal.jaxp.DocumentBuilderImpl.parse(DocumentBuilderImpl.java:342)
	at com.st.stm32cube.ide.mpu.remote.serial.internal.SerialPortProviderWindows.run(SerialPortProviderWindows.java:127)
	at java.base/java.util.TimerThread.mainLoop(Timer.java:566)
	at java.base/java.util.TimerThread.run(Timer.java:516)

!ENTRY com.st.stm32cube.ide.mpu.remote.serial 4 0 2026-01-16 22:50:34.832
!MESSAGE Failed to parse wmic output
!STACK 0
org.xml.sax.SAXParseException; lineNumber: 1; columnNumber: 1; Premature end of file.
	at java.xml/com.sun.org.apache.xerces.internal.parsers.DOMParser.parse(DOMParser.java:262)
	at java.xml/com.sun.org.apache.xerces.internal.jaxp.DocumentBuilderImpl.parse(DocumentBuilderImpl.java:342)
	at com.st.stm32cube.ide.mpu.remote.serial.internal.SerialPortProviderWindows.run(SerialPortProviderWindows.java:127)
	at java.base/java.util.TimerThread.mainLoop(Timer.java:566)
	at java.base/java.util.TimerThread.run(Timer.java:516)

!ENTRY com.st.stm32cube.ide.mpu.remote.serial 4 0 2026-01-16 22:50:35.743
!MESSAGE Failed to parse wmic output
!STACK 0
org.xml.sax.SAXParseException; lineNumber: 1; columnNumber: 1; Premature end of file.
	at java.xml/com.sun.org.apache.xerces.internal.parsers.DOMParser.parse(DOMParser.java:262)
	at java.xml/com.sun.org.apache.xerces.internal.jaxp.DocumentBuilderImpl.parse(DocumentBuilderImpl.java:342)
	at com.st.stm32cube.ide.mpu.remote.serial.internal.SerialPortProviderWindows.run(SerialPortProviderWindows.java:127)
	at java.base/java.util.TimerThread.mainLoop(Timer.java:566)
	at java.base/java.util.TimerThread.run(Timer.java:516)

!ENTRY com.st.stm32cube.ide.mpu.remote.serial 4 0 2026-01-16 22:50:36.728
!MESSAGE Failed to parse wmic output
!STACK 0
org.xml.sax.SAXParseException; lineNumber: 1; columnNumber: 1; Premature end of file.
	at java.xml/com.sun.org.apache.xerces.internal.parsers.DOMParser.parse(DOMParser.java:262)
	at java.xml/com.sun.org.apache.xerces.internal.jaxp.DocumentBuilderImpl.parse(DocumentBuilderImpl.java:342)
	at com.st.stm32cube.ide.mpu.remote.serial.internal.SerialPortProviderWindows.run(SerialPortProviderWindows.java:127)
	at java.base/java.util.TimerThread.mainLoop(Timer.java:566)
	at java.base/java.util.TimerThread.run(Timer.java:516)

!ENTRY com.st.stm32cube.ide.mpu.remote.serial 4 0 2026-01-16 22:50:37.728
!MESSAGE Failed to parse wmic output
!STACK 0
org.xml.sax.SAXParseException; lineNumber: 1; columnNumber: 1; Premature end of file.
	at java.xml/com.sun.org.apache.xerces.internal.parsers.DOMParser.parse(DOMParser.java:262)
	at java.xml/com.sun.org.apache.xerces.internal.jaxp.DocumentBuilderImpl.parse(DocumentBuilderImpl.java:342)
	at com.st.stm32cube.ide.mpu.remote.serial.internal.SerialPortProviderWindows.run(SerialPortProviderWindows.java:127)
	at java.base/java.util.TimerThread.mainLoop(Timer.java:566)
	at java.base/java.util.TimerThread.run(Timer.java:516)

!ENTRY com.st.stm32cube.ide.mpu.remote.serial 4 0 2026-01-16 22:50:38.733
!MESSAGE Failed to parse wmic output
!STACK 0
org.xml.sax.SAXParseException; lineNumber: 1; columnNumber: 1; Premature end of file.
	at java.xml/com.sun.org.apache.xerces.internal.parsers.DOMParser.parse(DOMParser.java:262)
	at java.xml/com.sun.org.apache.xerces.internal.jaxp.DocumentBuilderImpl.parse(DocumentBuilderImpl.java:342)
	at com.st.stm32cube.ide.mpu.remote.serial.internal.SerialPortProviderWindows.run(SerialPortProviderWindows.java:127)
	at java.base/java.util.TimerThread.mainLoop(Timer.java:566)
	at java.base/java.util.TimerThread.run(Timer.java:516)

!ENTRY com.st.stm32cube.ide.mpu.remote.serial 4 0 2026-01-16 22:50:39.755
!MESSAGE Failed to parse wmic output
!STACK 0
org.xml.sax.SAXParseException; lineNumber: 1; columnNumber: 1; Premature end of file.
	at java.xml/com.sun.org.apache.xerces.internal.parsers.DOMParser.parse(DOMParser.java:262)
	at java.xml/com.sun.org.apache.xerces.internal.jaxp.DocumentBuilderImpl.parse(DocumentBuilderImpl.java:342)
	at com.st.stm32cube.ide.mpu.remote.serial.internal.SerialPortProviderWindows.run(SerialPortProviderWindows.java:127)
	at java.base/java.util.TimerThread.mainLoop(Timer.java:566)
	at java.base/java.util.TimerThread.run(Timer.java:516)

!ENTRY com.st.stm32cube.ide.mpu.remote.serial 4 0 2026-01-16 22:50:40.725
!MESSAGE Failed to parse wmic output
!STACK 0
org.xml.sax.SAXParseException; lineNumber: 1; columnNumber: 1; Premature end of file.
	at java.xml/com.sun.org.apache.xerces.internal.parsers.DOMParser.parse(DOMParser.java:262)
	at java.xml/com.sun.org.apache.xerces.internal.jaxp.DocumentBuilderImpl.parse(DocumentBuilderImpl.java:342)
	at com.st.stm32cube.ide.mpu.remote.serial.internal.SerialPortProviderWindows.run(SerialPortProviderWindows.java:127)
	at java.base/java.util.TimerThread.mainLoop(Timer.java:566)
	at java.base/java.util.TimerThread.run(Timer.java:516)

!ENTRY com.st.stm32cube.ide.mpu.remote.serial 4 0 2026-01-16 22:53:08.593
!MESSAGE Failed to parse wmic output
!STACK 0
org.xml.sax.SAXParseException; lineNumber: 1; columnNumber: 1; Premature end of file.
	at java.xml/com.sun.org.apache.xerces.internal.parsers.DOMParser.parse(DOMParser.java:262)
	at java.xml/com.sun.org.apache.xerces.internal.jaxp.DocumentBuilderImpl.parse(DocumentBuilderImpl.java:342)
	at com.st.stm32cube.ide.mpu.remote.serial.internal.SerialPortProviderWindows.run(SerialPortProviderWindows.java:127)
	at java.base/java.util.TimerThread.mainLoop(Timer.java:566)
	at java.base/java.util.TimerThread.run(Timer.java:516)

!ENTRY com.st.stm32cube.ide.mpu.remote.serial 4 0 2026-01-16 22:53:08.871
!MESSAGE Failed to parse wmic output
!STACK 0
org.xml.sax.SAXParseException; lineNumber: 1; columnNumber: 1; Premature end of file.
	at java.xml/com.sun.org.apache.xerces.internal.parsers.DOMParser.parse(DOMParser.java:262)
	at java.xml/com.sun.org.apache.xerces.internal.jaxp.DocumentBuilderImpl.parse(DocumentBuilderImpl.java:342)
	at com.st.stm32cube.ide.mpu.remote.serial.internal.SerialPortProviderWindows.run(SerialPortProviderWindows.java:127)
	at java.base/java.util.TimerThread.mainLoop(Timer.java:566)
	at java.base/java.util.TimerThread.run(Timer.java:516)

!ENTRY com.st.stm32cube.ide.mpu.remote.serial 4 0 2026-01-16 22:53:09.077
!MESSAGE Failed to parse wmic output
!STACK 0
org.xml.sax.SAXParseException; lineNumber: 1; columnNumber: 1; Premature end of file.
	at java.xml/com.sun.org.apache.xerces.internal.parsers.DOMParser.parse(DOMParser.java:262)
	at java.xml/com.sun.org.apache.xerces.internal.jaxp.DocumentBuilderImpl.parse(DocumentBuilderImpl.java:342)
	at com.st.stm32cube.ide.mpu.remote.serial.internal.SerialPortProviderWindows.run(SerialPortProviderWindows.java:127)
	at java.base/java.util.TimerThread.mainLoop(Timer.java:566)
	at java.base/java.util.TimerThread.run(Timer.java:516)

!ENTRY com.st.stm32cube.ide.mpu.remote.serial 4 0 2026-01-16 22:53:09.246
!MESSAGE Failed to parse wmic output
!STACK 0
org.xml.sax.SAXParseException; lineNumber: 1; columnNumber: 1; Premature end of file.
	at java.xml/com.sun.org.apache.xerces.internal.parsers.DOMParser.parse(DOMParser.java:262)
	at java.xml/com.sun.org.apache.xerces.internal.jaxp.DocumentBuilderImpl.parse(DocumentBuilderImpl.java:342)
	at com.st.stm32cube.ide.mpu.remote.serial.internal.SerialPortProviderWindows.run(SerialPortProviderWindows.java:127)
	at java.base/java.util.TimerThread.mainLoop(Timer.java:566)
	at java.base/java.util.TimerThread.run(Timer.java:516)

!ENTRY com.st.stm32cube.ide.mpu.remote.serial 4 0 2026-01-16 22:53:09.380
!MESSAGE Failed to parse wmic output
!STACK 0
org.xml.sax.SAXParseException; lineNumber: 1; columnNumber: 1; Premature end of file.
	at java.xml/com.sun.org.apache.xerces.internal.parsers.DOMParser.parse(DOMParser.java:262)
	at java.xml/com.sun.org.apache.xerces.internal.jaxp.DocumentBuilderImpl.parse(DocumentBuilderImpl.java:342)
	at com.st.stm32cube.ide.mpu.remote.serial.internal.SerialPortProviderWindows.run(SerialPortProviderWindows.java:127)
	at java.base/java.util.TimerThread.mainLoop(Timer.java:566)
	at java.base/java.util.TimerThread.run(Timer.java:516)

!ENTRY com.st.stm32cube.ide.mpu.remote.serial 4 0 2026-01-16 22:53:09.513
!MESSAGE Failed to parse wmic output
!STACK 0
org.xml.sax.SAXParseException; lineNumber: 1; columnNumber: 1; Premature end of file.
	at java.xml/com.sun.org.apache.xerces.internal.parsers.DOMParser.parse(DOMParser.java:262)
	at java.xml/com.sun.org.apache.xerces.internal.jaxp.DocumentBuilderImpl.parse(DocumentBuilderImpl.java:342)
	at com.st.stm32cube.ide.mpu.remote.serial.internal.SerialPortProviderWindows.run(SerialPortProviderWindows.java:127)
	at java.base/java.util.TimerThread.mainLoop(Timer.java:566)
	at java.base/java.util.TimerThread.run(Timer.java:516)

!ENTRY com.st.stm32cube.ide.mpu.remote.serial 4 0 2026-01-16 22:53:09.663
!MESSAGE Failed to parse wmic output
!STACK 0
org.xml.sax.SAXParseException; lineNumber: 1; columnNumber: 1; Premature end of file.
	at java.xml/com.sun.org.apache.xerces.internal.parsers.DOMParser.parse(DOMParser.java:262)
	at java.xml/com.sun.org.apache.xerces.internal.jaxp.DocumentBuilderImpl.parse(DocumentBuilderImpl.java:342)
	at com.st.stm32cube.ide.mpu.remote.serial.internal.SerialPortProviderWindows.run(SerialPortProviderWindows.java:127)
	at java.base/java.util.TimerThread.mainLoop(Timer.java:566)
	at java.base/java.util.TimerThread.run(Timer.java:516)

!ENTRY com.st.stm32cube.ide.mpu.remote.serial 4 0 2026-01-16 22:53:09.799
!MESSAGE Failed to parse wmic output
!STACK 0
org.xml.sax.SAXParseException; lineNumber: 1; columnNumber: 1; Premature end of file.
	at java.xml/com.sun.org.apache.xerces.internal.parsers.DOMParser.parse(DOMParser.java:262)
	at java.xml/com.sun.org.apache.xerces.internal.jaxp.DocumentBuilderImpl.parse(DocumentBuilderImpl.java:342)
	at com.st.stm32cube.ide.mpu.remote.serial.internal.SerialPortProviderWindows.run(SerialPortProviderWindows.java:127)
	at java.base/java.util.TimerThread.mainLoop(Timer.java:566)
	at java.base/java.util.TimerThread.run(Timer.java:516)

!ENTRY com.st.stm32cube.ide.mpu.remote.serial 4 0 2026-01-16 22:53:09.941
!MESSAGE Failed to parse wmic output
!STACK 0
org.xml.sax.SAXParseException; lineNumber: 1; columnNumber: 1; Premature end of file.
	at java.xml/com.sun.org.apache.xerces.internal.parsers.DOMParser.parse(DOMParser.java:262)
	at java.xml/com.sun.org.apache.xerces.internal.jaxp.DocumentBuilderImpl.parse(DocumentBuilderImpl.java:342)
	at com.st.stm32cube.ide.mpu.remote.serial.internal.SerialPortProviderWindows.run(SerialPortProviderWindows.java:127)
	at java.base/java.util.TimerThread.mainLoop(Timer.java:566)
	at java.base/java.util.TimerThread.run(Timer.java:516)

!ENTRY com.st.stm32cube.ide.mpu.remote.serial 4 0 2026-01-16 22:53:10.104
!MESSAGE Failed to parse wmic output
!STACK 0
org.xml.sax.SAXParseException; lineNumber: 1; columnNumber: 1; Premature end of file.
	at java.xml/com.sun.org.apache.xerces.internal.parsers.DOMParser.parse(DOMParser.java:262)
	at java.xml/com.sun.org.apache.xerces.internal.jaxp.DocumentBuilderImpl.parse(DocumentBuilderImpl.java:342)
	at com.st.stm32cube.ide.mpu.remote.serial.internal.SerialPortProviderWindows.run(SerialPortProviderWindows.java:127)
	at java.base/java.util.TimerThread.mainLoop(Timer.java:566)
	at java.base/java.util.TimerThread.run(Timer.java:516)

!ENTRY com.st.stm32cube.ide.mpu.remote.serial 4 0 2026-01-16 22:53:10.250
!MESSAGE Failed to parse wmic output
!STACK 0
org.xml.sax.SAXParseException; lineNumber: 1; columnNumber: 1; Premature end of file.
	at java.xml/com.sun.org.apache.xerces.internal.parsers.DOMParser.parse(DOMParser.java:262)
	at java.xml/com.sun.org.apache.xerces.internal.jaxp.DocumentBuilderImpl.parse(DocumentBuilderImpl.java:342)
	at com.st.stm32cube.ide.mpu.remote.serial.internal.SerialPortProviderWindows.run(SerialPortProviderWindows.java:127)
	at java.base/java.util.TimerThread.mainLoop(Timer.java:566)
	at java.base/java.util.TimerThread.run(Timer.java:516)

!ENTRY com.st.stm32cube.ide.mpu.remote.serial 4 0 2026-01-16 22:53:10.369
!MESSAGE Failed to parse wmic output
!STACK 0
org.xml.sax.SAXParseException; lineNumber: 1; columnNumber: 1; Premature end of file.
	at java.xml/com.sun.org.apache.xerces.internal.parsers.DOMParser.parse(DOMParser.java:262)
	at java.xml/com.sun.org.apache.xerces.internal.jaxp.DocumentBuilderImpl.parse(DocumentBuilderImpl.java:342)
	at com.st.stm32cube.ide.mpu.remote.serial.internal.SerialPortProviderWindows.run(SerialPortProviderWindows.java:127)
	at java.base/java.util.TimerThread.mainLoop(Timer.java:566)
	at java.base/java.util.TimerThread.run(Timer.java:516)

!ENTRY com.st.stm32cube.ide.mpu.remote.serial 4 0 2026-01-16 22:53:10.494
!MESSAGE Failed to parse wmic output
!STACK 0
org.xml.sax.SAXParseException; lineNumber: 1; columnNumber: 1; Premature end of file.
	at java.xml/com.sun.org.apache.xerces.internal.parsers.DOMParser.parse(DOMParser.java:262)
	at java.xml/com.sun.org.apache.xerces.internal.jaxp.DocumentBuilderImpl.parse(DocumentBuilderImpl.java:342)
	at com.st.stm32cube.ide.mpu.remote.serial.internal.SerialPortProviderWindows.run(SerialPortProviderWindows.java:127)
	at java.base/java.util.TimerThread.mainLoop(Timer.java:566)
	at java.base/java.util.TimerThread.run(Timer.java:516)

!ENTRY com.st.stm32cube.ide.mpu.remote.serial 4 0 2026-01-16 22:53:10.630
!MESSAGE Failed to parse wmic output
!STACK 0
org.xml.sax.SAXParseException; lineNumber: 1; columnNumber: 1; Premature end of file.
	at java.xml/com.sun.org.apache.xerces.internal.parsers.DOMParser.parse(DOMParser.java:262)
	at java.xml/com.sun.org.apache.xerces.internal.jaxp.DocumentBuilderImpl.parse(DocumentBuilderImpl.java:342)
	at com.st.stm32cube.ide.mpu.remote.serial.internal.SerialPortProviderWindows.run(SerialPortProviderWindows.java:127)
	at java.base/java.util.TimerThread.mainLoop(Timer.java:566)
	at java.base/java.util.TimerThread.run(Timer.java:516)

!ENTRY com.st.stm32cube.ide.mpu.remote.serial 4 0 2026-01-16 22:53:10.761
!MESSAGE Failed to parse wmic output
!STACK 0
org.xml.sax.SAXParseException; lineNumber: 1; columnNumber: 1; Premature end of file.
	at java.xml/com.sun.org.apache.xerces.internal.parsers.DOMParser.parse(DOMParser.java:262)
	at java.xml/com.sun.org.apache.xerces.internal.jaxp.DocumentBuilderImpl.parse(DocumentBuilderImpl.java:342)
	at com.st.stm32cube.ide.mpu.remote.serial.internal.SerialPortProviderWindows.run(SerialPortProviderWindows.java:127)
	at java.base/java.util.TimerThread.mainLoop(Timer.java:566)
	at java.base/java.util.TimerThread.run(Timer.java:516)

!ENTRY com.st.stm32cube.ide.mpu.remote.serial 4 0 2026-01-16 22:53:10.887
!MESSAGE Failed to parse wmic output
!STACK 0
org.xml.sax.SAXParseException; lineNumber: 1; columnNumber: 1; Premature end of file.
	at java.xml/com.sun.org.apache.xerces.internal.parsers.DOMParser.parse(DOMParser.java:262)
	at java.xml/com.sun.org.apache.xerces.internal.jaxp.DocumentBuilderImpl.parse(DocumentBuilderImpl.java:342)
	at com.st.stm32cube.ide.mpu.remote.serial.internal.SerialPortProviderWindows.run(SerialPortProviderWindows.java:127)
	at java.base/java.util.TimerThread.mainLoop(Timer.java:566)
	at java.base/java.util.TimerThread.run(Timer.java:516)

!ENTRY com.st.stm32cube.ide.mpu.remote.serial 4 0 2026-01-16 22:53:11.001
!MESSAGE Failed to parse wmic output
!STACK 0
org.xml.sax.SAXParseException; lineNumber: 1; columnNumber: 1; Premature end of file.
	at java.xml/com.sun.org.apache.xerces.internal.parsers.DOMParser.parse(DOMParser.java:262)
	at java.xml/com.sun.org.apache.xerces.internal.jaxp.DocumentBuilderImpl.parse(DocumentBuilderImpl.java:342)
	at com.st.stm32cube.ide.mpu.remote.serial.internal.SerialPortProviderWindows.run(SerialPortProviderWindows.java:127)
	at java.base/java.util.TimerThread.mainLoop(Timer.java:566)
	at java.base/java.util.TimerThread.run(Timer.java:516)

!ENTRY com.st.stm32cube.ide.mpu.remote.serial 4 0 2026-01-16 22:53:11.114
!MESSAGE Failed to parse wmic output
!STACK 0
org.xml.sax.SAXParseException; lineNumber: 1; columnNumber: 1; Premature end of file.
	at java.xml/com.sun.org.apache.xerces.internal.parsers.DOMParser.parse(DOMParser.java:262)
	at java.xml/com.sun.org.apache.xerces.internal.jaxp.DocumentBuilderImpl.parse(DocumentBuilderImpl.java:342)
	at com.st.stm32cube.ide.mpu.remote.serial.internal.SerialPortProviderWindows.run(SerialPortProviderWindows.java:127)
	at java.base/java.util.TimerThread.mainLoop(Timer.java:566)
	at java.base/java.util.TimerThread.run(Timer.java:516)

!ENTRY com.st.stm32cube.ide.mpu.remote.serial 4 0 2026-01-16 22:53:11.230
!MESSAGE Failed to parse wmic output
!STACK 0
org.xml.sax.SAXParseException; lineNumber: 1; columnNumber: 1; Premature end of file.
	at java.xml/com.sun.org.apache.xerces.internal.parsers.DOMParser.parse(DOMParser.java:262)
	at java.xml/com.sun.org.apache.xerces.internal.jaxp.DocumentBuilderImpl.parse(DocumentBuilderImpl.java:342)
	at com.st.stm32cube.ide.mpu.remote.serial.internal.SerialPortProviderWindows.run(SerialPortProviderWindows.java:127)
	at java.base/java.util.TimerThread.mainLoop(Timer.java:566)
	at java.base/java.util.TimerThread.run(Timer.java:516)

!ENTRY com.st.stm32cube.ide.mpu.remote.serial 4 0 2026-01-16 22:53:11.339
!MESSAGE Failed to parse wmic output
!STACK 0
org.xml.sax.SAXParseException; lineNumber: 1; columnNumber: 1; Premature end of file.
	at java.xml/com.sun.org.apache.xerces.internal.parsers.DOMParser.parse(DOMParser.java:262)
	at java.xml/com.sun.org.apache.xerces.internal.jaxp.DocumentBuilderImpl.parse(DocumentBuilderImpl.java:342)
	at com.st.stm32cube.ide.mpu.remote.serial.internal.SerialPortProviderWindows.run(SerialPortProviderWindows.java:127)
	at java.base/java.util.TimerThread.mainLoop(Timer.java:566)
	at java.base/java.util.TimerThread.run(Timer.java:516)

!ENTRY com.st.stm32cube.ide.mpu.remote.serial 4 0 2026-01-16 22:53:11.448
!MESSAGE Failed to parse wmic output
!STACK 0
org.xml.sax.SAXParseException; lineNumber: 1; columnNumber: 1; Premature end of file.
	at java.xml/com.sun.org.apache.xerces.internal.parsers.DOMParser.parse(DOMParser.java:262)
	at java.xml/com.sun.org.apache.xerces.internal.jaxp.DocumentBuilderImpl.parse(DocumentBuilderImpl.java:342)
	at com.st.stm32cube.ide.mpu.remote.serial.internal.SerialPortProviderWindows.run(SerialPortProviderWindows.java:127)
	at java.base/java.util.TimerThread.mainLoop(Timer.java:566)
	at java.base/java.util.TimerThread.run(Timer.java:516)

!ENTRY com.st.stm32cube.ide.mpu.remote.serial 4 0 2026-01-16 22:53:11.557
!MESSAGE Failed to parse wmic output
!STACK 0
org.xml.sax.SAXParseException; lineNumber: 1; columnNumber: 1; Premature end of file.
	at java.xml/com.sun.org.apache.xerces.internal.parsers.DOMParser.parse(DOMParser.java:262)
	at java.xml/com.sun.org.apache.xerces.internal.jaxp.DocumentBuilderImpl.parse(DocumentBuilderImpl.java:342)
	at com.st.stm32cube.ide.mpu.remote.serial.internal.SerialPortProviderWindows.run(SerialPortProviderWindows.java:127)
	at java.base/java.util.TimerThread.mainLoop(Timer.java:566)
	at java.base/java.util.TimerThread.run(Timer.java:516)

!ENTRY com.st.stm32cube.ide.mpu.remote.serial 4 0 2026-01-16 22:53:11.661
!MESSAGE Failed to parse wmic output
!STACK 0
org.xml.sax.SAXParseException; lineNumber: 1; columnNumber: 1; Premature end of file.
	at java.xml/com.sun.org.apache.xerces.internal.parsers.DOMParser.parse(DOMParser.java:262)
	at java.xml/com.sun.org.apache.xerces.internal.jaxp.DocumentBuilderImpl.parse(DocumentBuilderImpl.java:342)
	at com.st.stm32cube.ide.mpu.remote.serial.internal.SerialPortProviderWindows.run(SerialPortProviderWindows.java:127)
	at java.base/java.util.TimerThread.mainLoop(Timer.java:566)
	at java.base/java.util.TimerThread.run(Timer.java:516)

!ENTRY com.st.stm32cube.ide.mpu.remote.serial 4 0 2026-01-16 22:53:11.763
!MESSAGE Failed to parse wmic output
!STACK 0
org.xml.sax.SAXParseException; lineNumber: 1; columnNumber: 1; Premature end of file.
	at java.xml/com.sun.org.apache.xerces.internal.parsers.DOMParser.parse(DOMParser.java:262)
	at java.xml/com.sun.org.apache.xerces.internal.jaxp.DocumentBuilderImpl.parse(DocumentBuilderImpl.java:342)
	at com.st.stm32cube.ide.mpu.remote.serial.internal.SerialPortProviderWindows.run(SerialPortProviderWindows.java:127)
	at java.base/java.util.TimerThread.mainLoop(Timer.java:566)
	at java.base/java.util.TimerThread.run(Timer.java:516)

!ENTRY com.st.stm32cube.ide.mpu.remote.serial 4 0 2026-01-16 22:53:11.869
!MESSAGE Failed to parse wmic output
!STACK 0
org.xml.sax.SAXParseException; lineNumber: 1; columnNumber: 1; Premature end of file.
	at java.xml/com.sun.org.apache.xerces.internal.parsers.DOMParser.parse(DOMParser.java:262)
	at java.xml/com.sun.org.apache.xerces.internal.jaxp.DocumentBuilderImpl.parse(DocumentBuilderImpl.java:342)
	at com.st.stm32cube.ide.mpu.remote.serial.internal.SerialPortProviderWindows.run(SerialPortProviderWindows.java:127)
	at java.base/java.util.TimerThread.mainLoop(Timer.java:566)
	at java.base/java.util.TimerThread.run(Timer.java:516)

!ENTRY com.st.stm32cube.ide.mpu.remote.serial 4 0 2026-01-16 22:53:11.976
!MESSAGE Failed to parse wmic output
!STACK 0
org.xml.sax.SAXParseException; lineNumber: 1; columnNumber: 1; Premature end of file.
	at java.xml/com.sun.org.apache.xerces.internal.parsers.DOMParser.parse(DOMParser.java:262)
	at java.xml/com.sun.org.apache.xerces.internal.jaxp.DocumentBuilderImpl.parse(DocumentBuilderImpl.java:342)
	at com.st.stm32cube.ide.mpu.remote.serial.internal.SerialPortProviderWindows.run(SerialPortProviderWindows.java:127)
	at java.base/java.util.TimerThread.mainLoop(Timer.java:566)
	at java.base/java.util.TimerThread.run(Timer.java:516)

!ENTRY com.st.stm32cube.ide.mpu.remote.serial 4 0 2026-01-16 22:53:12.079
!MESSAGE Failed to parse wmic output
!STACK 0
org.xml.sax.SAXParseException; lineNumber: 1; columnNumber: 1; Premature end of file.
	at java.xml/com.sun.org.apache.xerces.internal.parsers.DOMParser.parse(DOMParser.java:262)
	at java.xml/com.sun.org.apache.xerces.internal.jaxp.DocumentBuilderImpl.parse(DocumentBuilderImpl.java:342)
	at com.st.stm32cube.ide.mpu.remote.serial.internal.SerialPortProviderWindows.run(SerialPortProviderWindows.java:127)
	at java.base/java.util.TimerThread.mainLoop(Timer.java:566)
	at java.base/java.util.TimerThread.run(Timer.java:516)

!ENTRY com.st.stm32cube.ide.mpu.remote.serial 4 0 2026-01-16 22:53:12.184
!MESSAGE Failed to parse wmic output
!STACK 0
org.xml.sax.SAXParseException; lineNumber: 1; columnNumber: 1; Premature end of file.
	at java.xml/com.sun.org.apache.xerces.internal.parsers.DOMParser.parse(DOMParser.java:262)
	at java.xml/com.sun.org.apache.xerces.internal.jaxp.DocumentBuilderImpl.parse(DocumentBuilderImpl.java:342)
	at com.st.stm32cube.ide.mpu.remote.serial.internal.SerialPortProviderWindows.run(SerialPortProviderWindows.java:127)
	at java.base/java.util.TimerThread.mainLoop(Timer.java:566)
	at java.base/java.util.TimerThread.run(Timer.java:516)

!ENTRY com.st.stm32cube.ide.mpu.remote.serial 4 0 2026-01-16 22:53:12.286
!MESSAGE Failed to parse wmic output
!STACK 0
org.xml.sax.SAXParseException; lineNumber: 1; columnNumber: 1; Premature end of file.
	at java.xml/com.sun.org.apache.xerces.internal.parsers.DOMParser.parse(DOMParser.java:262)
	at java.xml/com.sun.org.apache.xerces.internal.jaxp.DocumentBuilderImpl.parse(DocumentBuilderImpl.java:342)
	at com.st.stm32cube.ide.mpu.remote.serial.internal.SerialPortProviderWindows.run(SerialPortProviderWindows.java:127)
	at java.base/java.util.TimerThread.mainLoop(Timer.java:566)
	at java.base/java.util.TimerThread.run(Timer.java:516)

!ENTRY com.st.stm32cube.ide.mpu.remote.serial 4 0 2026-01-16 22:53:12.386
!MESSAGE Failed to parse wmic output
!STACK 0
org.xml.sax.SAXParseException; lineNumber: 1; columnNumber: 1; Premature end of file.
	at java.xml/com.sun.org.apache.xerces.internal.parsers.DOMParser.parse(DOMParser.java:262)
	at java.xml/com.sun.org.apache.xerces.internal.jaxp.DocumentBuilderImpl.parse(DocumentBuilderImpl.java:342)
	at com.st.stm32cube.ide.mpu.remote.serial.internal.SerialPortProviderWindows.run(SerialPortProviderWindows.java:127)
	at java.base/java.util.TimerThread.mainLoop(Timer.java:566)
	at java.base/java.util.TimerThread.run(Timer.java:516)

!ENTRY com.st.stm32cube.ide.mpu.remote.serial 4 0 2026-01-16 22:53:12.486
!MESSAGE Failed to parse wmic output
!STACK 0
org.xml.sax.SAXParseException; lineNumber: 1; columnNumber: 1; Premature end of file.
	at java.xml/com.sun.org.apache.xerces.internal.parsers.DOMParser.parse(DOMParser.java:262)
	at java.xml/com.sun.org.apache.xerces.internal.jaxp.DocumentBuilderImpl.parse(DocumentBuilderImpl.java:342)
	at com.st.stm32cube.ide.mpu.remote.serial.internal.SerialPortProviderWindows.run(SerialPortProviderWindows.java:127)
	at java.base/java.util.TimerThread.mainLoop(Timer.java:566)
	at java.base/java.util.TimerThread.run(Timer.java:516)

!ENTRY com.st.stm32cube.ide.mpu.remote.serial 4 0 2026-01-16 22:53:12.587
!MESSAGE Failed to parse wmic output
!STACK 0
org.xml.sax.SAXParseException; lineNumber: 1; columnNumber: 1; Premature end of file.
	at java.xml/com.sun.org.apache.xerces.internal.parsers.DOMParser.parse(DOMParser.java:262)
	at java.xml/com.sun.org.apache.xerces.internal.jaxp.DocumentBuilderImpl.parse(DocumentBuilderImpl.java:342)
	at com.st.stm32cube.ide.mpu.remote.serial.internal.SerialPortProviderWindows.run(SerialPortProviderWindows.java:127)
	at java.base/java.util.TimerThread.mainLoop(Timer.java:566)
	at java.base/java.util.TimerThread.run(Timer.java:516)

!ENTRY com.st.stm32cube.ide.mpu.remote.serial 4 0 2026-01-16 22:53:12.688
!MESSAGE Failed to parse wmic output
!STACK 0
org.xml.sax.SAXParseException; lineNumber: 1; columnNumber: 1; Premature end of file.
	at java.xml/com.sun.org.apache.xerces.internal.parsers.DOMParser.parse(DOMParser.java:262)
	at java.xml/com.sun.org.apache.xerces.internal.jaxp.DocumentBuilderImpl.parse(DocumentBuilderImpl.java:342)
	at com.st.stm32cube.ide.mpu.remote.serial.internal.SerialPortProviderWindows.run(SerialPortProviderWindows.java:127)
	at java.base/java.util.TimerThread.mainLoop(Timer.java:566)
	at java.base/java.util.TimerThread.run(Timer.java:516)

!ENTRY com.st.stm32cube.ide.mpu.remote.serial 4 0 2026-01-16 22:53:12.788
!MESSAGE Failed to parse wmic output
!STACK 0
org.xml.sax.SAXParseException; lineNumber: 1; columnNumber: 1; Premature end of file.
	at java.xml/com.sun.org.apache.xerces.internal.parsers.DOMParser.parse(DOMParser.java:262)
	at java.xml/com.sun.org.apache.xerces.internal.jaxp.DocumentBuilderImpl.parse(DocumentBuilderImpl.java:342)
	at com.st.stm32cube.ide.mpu.remote.serial.internal.SerialPortProviderWindows.run(SerialPortProviderWindows.java:127)
	at java.base/java.util.TimerThread.mainLoop(Timer.java:566)
	at java.base/java.util.TimerThread.run(Timer.java:516)

!ENTRY com.st.stm32cube.ide.mpu.remote.serial 4 0 2026-01-16 22:53:12.893
!MESSAGE Failed to parse wmic output
!STACK 0
org.xml.sax.SAXParseException; lineNumber: 1; columnNumber: 1; Premature end of file.
	at java.xml/com.sun.org.apache.xerces.internal.parsers.DOMParser.parse(DOMParser.java:262)
	at java.xml/com.sun.org.apache.xerces.internal.jaxp.DocumentBuilderImpl.parse(DocumentBuilderImpl.java:342)
	at com.st.stm32cube.ide.mpu.remote.serial.internal.SerialPortProviderWindows.run(SerialPortProviderWindows.java:127)
	at java.base/java.util.TimerThread.mainLoop(Timer.java:566)
	at java.base/java.util.TimerThread.run(Timer.java:516)

!ENTRY com.st.stm32cube.ide.mpu.remote.serial 4 0 2026-01-16 22:53:13.007
!MESSAGE Failed to parse wmic output
!STACK 0
org.xml.sax.SAXParseException; lineNumber: 1; columnNumber: 1; Premature end of file.
	at java.xml/com.sun.org.apache.xerces.internal.parsers.DOMParser.parse(DOMParser.java:262)
	at java.xml/com.sun.org.apache.xerces.internal.jaxp.DocumentBuilderImpl.parse(DocumentBuilderImpl.java:342)
	at com.st.stm32cube.ide.mpu.remote.serial.internal.SerialPortProviderWindows.run(SerialPortProviderWindows.java:127)
	at java.base/java.util.TimerThread.mainLoop(Timer.java:566)
	at java.base/java.util.TimerThread.run(Timer.java:516)

!ENTRY com.st.stm32cube.ide.mpu.remote.serial 4 0 2026-01-16 22:53:13.121
!MESSAGE Failed to parse wmic output
!STACK 0
org.xml.sax.SAXParseException; lineNumber: 1; columnNumber: 1; Premature end of file.
	at java.xml/com.sun.org.apache.xerces.internal.parsers.DOMParser.parse(DOMParser.java:262)
	at java.xml/com.sun.org.apache.xerces.internal.jaxp.DocumentBuilderImpl.parse(DocumentBuilderImpl.java:342)
	at com.st.stm32cube.ide.mpu.remote.serial.internal.SerialPortProviderWindows.run(SerialPortProviderWindows.java:127)
	at java.base/java.util.TimerThread.mainLoop(Timer.java:566)
	at java.base/java.util.TimerThread.run(Timer.java:516)

!ENTRY com.st.stm32cube.ide.mpu.remote.serial 4 0 2026-01-16 22:53:13.233
!MESSAGE Failed to parse wmic output
!STACK 0
org.xml.sax.SAXParseException; lineNumber: 1; columnNumber: 1; Premature end of file.
	at java.xml/com.sun.org.apache.xerces.internal.parsers.DOMParser.parse(DOMParser.java:262)
	at java.xml/com.sun.org.apache.xerces.internal.jaxp.DocumentBuilderImpl.parse(DocumentBuilderImpl.java:342)
	at com.st.stm32cube.ide.mpu.remote.serial.internal.SerialPortProviderWindows.run(SerialPortProviderWindows.java:127)
	at java.base/java.util.TimerThread.mainLoop(Timer.java:566)
	at java.base/java.util.TimerThread.run(Timer.java:516)

!ENTRY com.st.stm32cube.ide.mpu.remote.serial 4 0 2026-01-16 22:53:13.350
!MESSAGE Failed to parse wmic output
!STACK 0
org.xml.sax.SAXParseException; lineNumber: 1; columnNumber: 1; Premature end of file.
	at java.xml/com.sun.org.apache.xerces.internal.parsers.DOMParser.parse(DOMParser.java:262)
	at java.xml/com.sun.org.apache.xerces.internal.jaxp.DocumentBuilderImpl.parse(DocumentBuilderImpl.java:342)
	at com.st.stm32cube.ide.mpu.remote.serial.internal.SerialPortProviderWindows.run(SerialPortProviderWindows.java:127)
	at java.base/java.util.TimerThread.mainLoop(Timer.java:566)
	at java.base/java.util.TimerThread.run(Timer.java:516)

!ENTRY com.st.stm32cube.ide.mpu.remote.serial 4 0 2026-01-16 22:53:13.462
!MESSAGE Failed to parse wmic output
!STACK 0
org.xml.sax.SAXParseException; lineNumber: 1; columnNumber: 1; Premature end of file.
	at java.xml/com.sun.org.apache.xerces.internal.parsers.DOMParser.parse(DOMParser.java:262)
	at java.xml/com.sun.org.apache.xerces.internal.jaxp.DocumentBuilderImpl.parse(DocumentBuilderImpl.java:342)
	at com.st.stm32cube.ide.mpu.remote.serial.internal.SerialPortProviderWindows.run(SerialPortProviderWindows.java:127)
	at java.base/java.util.TimerThread.mainLoop(Timer.java:566)
	at java.base/java.util.TimerThread.run(Timer.java:516)

!ENTRY com.st.stm32cube.ide.mpu.remote.serial 4 0 2026-01-16 22:53:13.574
!MESSAGE Failed to parse wmic output
!STACK 0
org.xml.sax.SAXParseException; lineNumber: 1; columnNumber: 1; Premature end of file.
	at java.xml/com.sun.org.apache.xerces.internal.parsers.DOMParser.parse(DOMParser.java:262)
	at java.xml/com.sun.org.apache.xerces.internal.jaxp.DocumentBuilderImpl.parse(DocumentBuilderImpl.java:342)
	at com.st.stm32cube.ide.mpu.remote.serial.internal.SerialPortProviderWindows.run(SerialPortProviderWindows.java:127)
	at java.base/java.util.TimerThread.mainLoop(Timer.java:566)
	at java.base/java.util.TimerThread.run(Timer.java:516)

!ENTRY com.st.stm32cube.ide.mpu.remote.serial 4 0 2026-01-16 22:53:13.686
!MESSAGE Failed to parse wmic output
!STACK 0
org.xml.sax.SAXParseException; lineNumber: 1; columnNumber: 1; Premature end of file.
	at java.xml/com.sun.org.apache.xerces.internal.parsers.DOMParser.parse(DOMParser.java:262)
	at java.xml/com.sun.org.apache.xerces.internal.jaxp.DocumentBuilderImpl.parse(DocumentBuilderImpl.java:342)
	at com.st.stm32cube.ide.mpu.remote.serial.internal.SerialPortProviderWindows.run(SerialPortProviderWindows.java:127)
	at java.base/java.util.TimerThread.mainLoop(Timer.java:566)
	at java.base/java.util.TimerThread.run(Timer.java:516)

!ENTRY com.st.stm32cube.ide.mpu.remote.serial 4 0 2026-01-16 22:53:13.798
!MESSAGE Failed to parse wmic output
!STACK 0
org.xml.sax.SAXParseException; lineNumber: 1; columnNumber: 1; Premature end of file.
	at java.xml/com.sun.org.apache.xerces.internal.parsers.DOMParser.parse(DOMParser.java:262)
	at java.xml/com.sun.org.apache.xerces.internal.jaxp.DocumentBuilderImpl.parse(DocumentBuilderImpl.java:342)
	at com.st.stm32cube.ide.mpu.remote.serial.internal.SerialPortProviderWindows.run(SerialPortProviderWindows.java:127)
	at java.base/java.util.TimerThread.mainLoop(Timer.java:566)
	at java.base/java.util.TimerThread.run(Timer.java:516)

!ENTRY com.st.stm32cube.ide.mpu.remote.serial 4 0 2026-01-16 22:53:13.918
!MESSAGE Failed to parse wmic output
!STACK 0
org.xml.sax.SAXParseException; lineNumber: 1; columnNumber: 1; Premature end of file.
	at java.xml/com.sun.org.apache.xerces.internal.parsers.DOMParser.parse(DOMParser.java:262)
	at java.xml/com.sun.org.apache.xerces.internal.jaxp.DocumentBuilderImpl.parse(DocumentBuilderImpl.java:342)
	at com.st.stm32cube.ide.mpu.remote.serial.internal.SerialPortProviderWindows.run(SerialPortProviderWindows.java:127)
	at java.base/java.util.TimerThread.mainLoop(Timer.java:566)
	at java.base/java.util.TimerThread.run(Timer.java:516)

!ENTRY com.st.stm32cube.ide.mpu.remote.serial 4 0 2026-01-16 22:53:14.033
!MESSAGE Failed to parse wmic output
!STACK 0
org.xml.sax.SAXParseException; lineNumber: 1; columnNumber: 1; Premature end of file.
	at java.xml/com.sun.org.apache.xerces.internal.parsers.DOMParser.parse(DOMParser.java:262)
	at java.xml/com.sun.org.apache.xerces.internal.jaxp.DocumentBuilderImpl.parse(DocumentBuilderImpl.java:342)
	at com.st.stm32cube.ide.mpu.remote.serial.internal.SerialPortProviderWindows.run(SerialPortProviderWindows.java:127)
	at java.base/java.util.TimerThread.mainLoop(Timer.java:566)
	at java.base/java.util.TimerThread.run(Timer.java:516)

!ENTRY com.st.stm32cube.ide.mpu.remote.serial 4 0 2026-01-16 22:53:14.151
!MESSAGE Failed to parse wmic output
!STACK 0
org.xml.sax.SAXParseException; lineNumber: 1; columnNumber: 1; Premature end of file.
	at java.xml/com.sun.org.apache.xerces.internal.parsers.DOMParser.parse(DOMParser.java:262)
	at java.xml/com.sun.org.apache.xerces.internal.jaxp.DocumentBuilderImpl.parse(DocumentBuilderImpl.java:342)
	at com.st.stm32cube.ide.mpu.remote.serial.internal.SerialPortProviderWindows.run(SerialPortProviderWindows.java:127)
	at java.base/java.util.TimerThread.mainLoop(Timer.java:566)
	at java.base/java.util.TimerThread.run(Timer.java:516)

!ENTRY com.st.stm32cube.ide.mpu.remote.serial 4 0 2026-01-16 22:53:14.269
!MESSAGE Failed to parse wmic output
!STACK 0
org.xml.sax.SAXParseException; lineNumber: 1; columnNumber: 1; Premature end of file.
	at java.xml/com.sun.org.apache.xerces.internal.parsers.DOMParser.parse(DOMParser.java:262)
	at java.xml/com.sun.org.apache.xerces.internal.jaxp.DocumentBuilderImpl.parse(DocumentBuilderImpl.java:342)
	at com.st.stm32cube.ide.mpu.remote.serial.internal.SerialPortProviderWindows.run(SerialPortProviderWindows.java:127)
	at java.base/java.util.TimerThread.mainLoop(Timer.java:566)
	at java.base/java.util.TimerThread.run(Timer.java:516)

!ENTRY com.st.stm32cube.ide.mpu.remote.serial 4 0 2026-01-16 22:53:14.376
!MESSAGE Failed to parse wmic output
!STACK 0
org.xml.sax.SAXParseException; lineNumber: 1; columnNumber: 1; Premature end of file.
	at java.xml/com.sun.org.apache.xerces.internal.parsers.DOMParser.parse(DOMParser.java:262)
	at java.xml/com.sun.org.apache.xerces.internal.jaxp.DocumentBuilderImpl.parse(DocumentBuilderImpl.java:342)
	at com.st.stm32cube.ide.mpu.remote.serial.internal.SerialPortProviderWindows.run(SerialPortProviderWindows.java:127)
	at java.base/java.util.TimerThread.mainLoop(Timer.java:566)
	at java.base/java.util.TimerThread.run(Timer.java:516)

!ENTRY com.st.stm32cube.ide.mpu.remote.serial 4 0 2026-01-16 22:53:14.485
!MESSAGE Failed to parse wmic output
!STACK 0
org.xml.sax.SAXParseException; lineNumber: 1; columnNumber: 1; Premature end of file.
	at java.xml/com.sun.org.apache.xerces.internal.parsers.DOMParser.parse(DOMParser.java:262)
	at java.xml/com.sun.org.apache.xerces.internal.jaxp.DocumentBuilderImpl.parse(DocumentBuilderImpl.java:342)
	at com.st.stm32cube.ide.mpu.remote.serial.internal.SerialPortProviderWindows.run(SerialPortProviderWindows.java:127)
	at java.base/java.util.TimerThread.mainLoop(Timer.java:566)
	at java.base/java.util.TimerThread.run(Timer.java:516)

!ENTRY com.st.stm32cube.ide.mpu.remote.serial 4 0 2026-01-16 22:53:14.597
!MESSAGE Failed to parse wmic output
!STACK 0
org.xml.sax.SAXParseException; lineNumber: 1; columnNumber: 1; Premature end of file.
	at java.xml/com.sun.org.apache.xerces.internal.parsers.DOMParser.parse(DOMParser.java:262)
	at java.xml/com.sun.org.apache.xerces.internal.jaxp.DocumentBuilderImpl.parse(DocumentBuilderImpl.java:342)
	at com.st.stm32cube.ide.mpu.remote.serial.internal.SerialPortProviderWindows.run(SerialPortProviderWindows.java:127)
	at java.base/java.util.TimerThread.mainLoop(Timer.java:566)
	at java.base/java.util.TimerThread.run(Timer.java:516)

!ENTRY com.st.stm32cube.ide.mpu.remote.serial 4 0 2026-01-16 22:53:14.708
!MESSAGE Failed to parse wmic output
!STACK 0
org.xml.sax.SAXParseException; lineNumber: 1; columnNumber: 1; Premature end of file.
	at java.xml/com.sun.org.apache.xerces.internal.parsers.DOMParser.parse(DOMParser.java:262)
	at java.xml/com.sun.org.apache.xerces.internal.jaxp.DocumentBuilderImpl.parse(DocumentBuilderImpl.java:342)
	at com.st.stm32cube.ide.mpu.remote.serial.internal.SerialPortProviderWindows.run(SerialPortProviderWindows.java:127)
	at java.base/java.util.TimerThread.mainLoop(Timer.java:566)
	at java.base/java.util.TimerThread.run(Timer.java:516)

!ENTRY com.st.stm32cube.ide.mpu.remote.serial 4 0 2026-01-16 22:53:14.817
!MESSAGE Failed to parse wmic output
!STACK 0
org.xml.sax.SAXParseException; lineNumber: 1; columnNumber: 1; Premature end of file.
	at java.xml/com.sun.org.apache.xerces.internal.parsers.DOMParser.parse(DOMParser.java:262)
	at java.xml/com.sun.org.apache.xerces.internal.jaxp.DocumentBuilderImpl.parse(DocumentBuilderImpl.java:342)
	at com.st.stm32cube.ide.mpu.remote.serial.internal.SerialPortProviderWindows.run(SerialPortProviderWindows.java:127)
	at java.base/java.util.TimerThread.mainLoop(Timer.java:566)
	at java.base/java.util.TimerThread.run(Timer.java:516)

!ENTRY com.st.stm32cube.ide.mpu.remote.serial 4 0 2026-01-16 22:53:14.929
!MESSAGE Failed to parse wmic output
!STACK 0
org.xml.sax.SAXParseException; lineNumber: 1; columnNumber: 1; Premature end of file.
	at java.xml/com.sun.org.apache.xerces.internal.parsers.DOMParser.parse(DOMParser.java:262)
	at java.xml/com.sun.org.apache.xerces.internal.jaxp.DocumentBuilderImpl.parse(DocumentBuilderImpl.java:342)
	at com.st.stm32cube.ide.mpu.remote.serial.internal.SerialPortProviderWindows.run(SerialPortProviderWindows.java:127)
	at java.base/java.util.TimerThread.mainLoop(Timer.java:566)
	at java.base/java.util.TimerThread.run(Timer.java:516)

!ENTRY com.st.stm32cube.ide.mpu.remote.serial 4 0 2026-01-16 22:53:15.040
!MESSAGE Failed to parse wmic output
!STACK 0
org.xml.sax.SAXParseException; lineNumber: 1; columnNumber: 1; Premature end of file.
	at java.xml/com.sun.org.apache.xerces.internal.parsers.DOMParser.parse(DOMParser.java:262)
	at java.xml/com.sun.org.apache.xerces.internal.jaxp.DocumentBuilderImpl.parse(DocumentBuilderImpl.java:342)
	at com.st.stm32cube.ide.mpu.remote.serial.internal.SerialPortProviderWindows.run(SerialPortProviderWindows.java:127)
	at java.base/java.util.TimerThread.mainLoop(Timer.java:566)
	at java.base/java.util.TimerThread.run(Timer.java:516)

!ENTRY com.st.stm32cube.ide.mpu.remote.serial 4 0 2026-01-16 22:53:15.148
!MESSAGE Failed to parse wmic output
!STACK 0
org.xml.sax.SAXParseException; lineNumber: 1; columnNumber: 1; Premature end of file.
	at java.xml/com.sun.org.apache.xerces.internal.parsers.DOMParser.parse(DOMParser.java:262)
	at java.xml/com.sun.org.apache.xerces.internal.jaxp.DocumentBuilderImpl.parse(DocumentBuilderImpl.java:342)
	at com.st.stm32cube.ide.mpu.remote.serial.internal.SerialPortProviderWindows.run(SerialPortProviderWindows.java:127)
	at java.base/java.util.TimerThread.mainLoop(Timer.java:566)
	at java.base/java.util.TimerThread.run(Timer.java:516)

!ENTRY com.st.stm32cube.ide.mpu.remote.serial 4 0 2026-01-16 22:53:15.272
!MESSAGE Failed to parse wmic output
!STACK 0
org.xml.sax.SAXParseException; lineNumber: 1; columnNumber: 1; Premature end of file.
	at java.xml/com.sun.org.apache.xerces.internal.parsers.DOMParser.parse(DOMParser.java:262)
	at java.xml/com.sun.org.apache.xerces.internal.jaxp.DocumentBuilderImpl.parse(DocumentBuilderImpl.java:342)
	at com.st.stm32cube.ide.mpu.remote.serial.internal.SerialPortProviderWindows.run(SerialPortProviderWindows.java:127)
	at java.base/java.util.TimerThread.mainLoop(Timer.java:566)
	at java.base/java.util.TimerThread.run(Timer.java:516)

!ENTRY com.st.stm32cube.ide.mpu.remote.serial 4 0 2026-01-16 22:53:15.383
!MESSAGE Failed to parse wmic output
!STACK 0
org.xml.sax.SAXParseException; lineNumber: 1; columnNumber: 1; Premature end of file.
	at java.xml/com.sun.org.apache.xerces.internal.parsers.DOMParser.parse(DOMParser.java:262)
	at java.xml/com.sun.org.apache.xerces.internal.jaxp.DocumentBuilderImpl.parse(DocumentBuilderImpl.java:342)
	at com.st.stm32cube.ide.mpu.remote.serial.internal.SerialPortProviderWindows.run(SerialPortProviderWindows.java:127)
	at java.base/java.util.TimerThread.mainLoop(Timer.java:566)
	at java.base/java.util.TimerThread.run(Timer.java:516)

!ENTRY com.st.stm32cube.ide.mpu.remote.serial 4 0 2026-01-16 22:53:15.504
!MESSAGE Failed to parse wmic output
!STACK 0
org.xml.sax.SAXParseException; lineNumber: 1; columnNumber: 1; Premature end of file.
	at java.xml/com.sun.org.apache.xerces.internal.parsers.DOMParser.parse(DOMParser.java:262)
	at java.xml/com.sun.org.apache.xerces.internal.jaxp.DocumentBuilderImpl.parse(DocumentBuilderImpl.java:342)
	at com.st.stm32cube.ide.mpu.remote.serial.internal.SerialPortProviderWindows.run(SerialPortProviderWindows.java:127)
	at java.base/java.util.TimerThread.mainLoop(Timer.java:566)
	at java.base/java.util.TimerThread.run(Timer.java:516)

!ENTRY com.st.stm32cube.ide.mpu.remote.serial 4 0 2026-01-16 22:53:15.614
!MESSAGE Failed to parse wmic output
!STACK 0
org.xml.sax.SAXParseException; lineNumber: 1; columnNumber: 1; Premature end of file.
	at java.xml/com.sun.org.apache.xerces.internal.parsers.DOMParser.parse(DOMParser.java:262)
	at java.xml/com.sun.org.apache.xerces.internal.jaxp.DocumentBuilderImpl.parse(DocumentBuilderImpl.java:342)
	at com.st.stm32cube.ide.mpu.remote.serial.internal.SerialPortProviderWindows.run(SerialPortProviderWindows.java:127)
	at java.base/java.util.TimerThread.mainLoop(Timer.java:566)
	at java.base/java.util.TimerThread.run(Timer.java:516)

!ENTRY com.st.stm32cube.ide.mpu.remote.serial 4 0 2026-01-16 22:53:15.722
!MESSAGE Failed to parse wmic output
!STACK 0
org.xml.sax.SAXParseException; lineNumber: 1; columnNumber: 1; Premature end of file.
	at java.xml/com.sun.org.apache.xerces.internal.parsers.DOMParser.parse(DOMParser.java:262)
	at java.xml/com.sun.org.apache.xerces.internal.jaxp.DocumentBuilderImpl.parse(DocumentBuilderImpl.java:342)
	at com.st.stm32cube.ide.mpu.remote.serial.internal.SerialPortProviderWindows.run(SerialPortProviderWindows.java:127)
	at java.base/java.util.TimerThread.mainLoop(Timer.java:566)
	at java.base/java.util.TimerThread.run(Timer.java:516)

!ENTRY com.st.stm32cube.ide.mpu.remote.serial 4 0 2026-01-16 22:53:15.834
!MESSAGE Failed to parse wmic output
!STACK 0
org.xml.sax.SAXParseException; lineNumber: 1; columnNumber: 1; Premature end of file.
	at java.xml/com.sun.org.apache.xerces.internal.parsers.DOMParser.parse(DOMParser.java:262)
	at java.xml/com.sun.org.apache.xerces.internal.jaxp.DocumentBuilderImpl.parse(DocumentBuilderImpl.java:342)
	at com.st.stm32cube.ide.mpu.remote.serial.internal.SerialPortProviderWindows.run(SerialPortProviderWindows.java:127)
	at java.base/java.util.TimerThread.mainLoop(Timer.java:566)
	at java.base/java.util.TimerThread.run(Timer.java:516)

!ENTRY com.st.stm32cube.ide.mpu.remote.serial 4 0 2026-01-16 22:53:15.945
!MESSAGE Failed to parse wmic output
!STACK 0
org.xml.sax.SAXParseException; lineNumber: 1; columnNumber: 1; Premature end of file.
	at java.xml/com.sun.org.apache.xerces.internal.parsers.DOMParser.parse(DOMParser.java:262)
	at java.xml/com.sun.org.apache.xerces.internal.jaxp.DocumentBuilderImpl.parse(DocumentBuilderImpl.java:342)
	at com.st.stm32cube.ide.mpu.remote.serial.internal.SerialPortProviderWindows.run(SerialPortProviderWindows.java:127)
	at java.base/java.util.TimerThread.mainLoop(Timer.java:566)
	at java.base/java.util.TimerThread.run(Timer.java:516)

!ENTRY com.st.stm32cube.ide.mpu.remote.serial 4 0 2026-01-16 22:53:16.053
!MESSAGE Failed to parse wmic output
!STACK 0
org.xml.sax.SAXParseException; lineNumber: 1; columnNumber: 1; Premature end of file.
	at java.xml/com.sun.org.apache.xerces.internal.parsers.DOMParser.parse(DOMParser.java:262)
	at java.xml/com.sun.org.apache.xerces.internal.jaxp.DocumentBuilderImpl.parse(DocumentBuilderImpl.java:342)
	at com.st.stm32cube.ide.mpu.remote.serial.internal.SerialPortProviderWindows.run(SerialPortProviderWindows.java:127)
	at java.base/java.util.TimerThread.mainLoop(Timer.java:566)
	at java.base/java.util.TimerThread.run(Timer.java:516)

!ENTRY com.st.stm32cube.ide.mpu.remote.serial 4 0 2026-01-16 22:53:16.165
!MESSAGE Failed to parse wmic output
!STACK 0
org.xml.sax.SAXParseException; lineNumber: 1; columnNumber: 1; Premature end of file.
	at java.xml/com.sun.org.apache.xerces.internal.parsers.DOMParser.parse(DOMParser.java:262)
	at java.xml/com.sun.org.apache.xerces.internal.jaxp.DocumentBuilderImpl.parse(DocumentBuilderImpl.java:342)
	at com.st.stm32cube.ide.mpu.remote.serial.internal.SerialPortProviderWindows.run(SerialPortProviderWindows.java:127)
	at java.base/java.util.TimerThread.mainLoop(Timer.java:566)
	at java.base/java.util.TimerThread.run(Timer.java:516)

!ENTRY com.st.stm32cube.ide.mpu.remote.serial 4 0 2026-01-16 22:53:16.275
!MESSAGE Failed to parse wmic output
!STACK 0
org.xml.sax.SAXParseException; lineNumber: 1; columnNumber: 1; Premature end of file.
	at java.xml/com.sun.org.apache.xerces.internal.parsers.DOMParser.parse(DOMParser.java:262)
	at java.xml/com.sun.org.apache.xerces.internal.jaxp.DocumentBuilderImpl.parse(DocumentBuilderImpl.java:342)
	at com.st.stm32cube.ide.mpu.remote.serial.internal.SerialPortProviderWindows.run(SerialPortProviderWindows.java:127)
	at java.base/java.util.TimerThread.mainLoop(Timer.java:566)
	at java.base/java.util.TimerThread.run(Timer.java:516)

!ENTRY com.st.stm32cube.ide.mpu.remote.serial 4 0 2026-01-16 22:53:16.382
!MESSAGE Failed to parse wmic output
!STACK 0
org.xml.sax.SAXParseException; lineNumber: 1; columnNumber: 1; Premature end of file.
	at java.xml/com.sun.org.apache.xerces.internal.parsers.DOMParser.parse(DOMParser.java:262)
	at java.xml/com.sun.org.apache.xerces.internal.jaxp.DocumentBuilderImpl.parse(DocumentBuilderImpl.java:342)
	at com.st.stm32cube.ide.mpu.remote.serial.internal.SerialPortProviderWindows.run(SerialPortProviderWindows.java:127)
	at java.base/java.util.TimerThread.mainLoop(Timer.java:566)
	at java.base/java.util.TimerThread.run(Timer.java:516)

!ENTRY com.st.stm32cube.ide.mpu.remote.serial 4 0 2026-01-16 22:53:16.491
!MESSAGE Failed to parse wmic output
!STACK 0
org.xml.sax.SAXParseException; lineNumber: 1; columnNumber: 1; Premature end of file.
	at java.xml/com.sun.org.apache.xerces.internal.parsers.DOMParser.parse(DOMParser.java:262)
	at java.xml/com.sun.org.apache.xerces.internal.jaxp.DocumentBuilderImpl.parse(DocumentBuilderImpl.java:342)
	at com.st.stm32cube.ide.mpu.remote.serial.internal.SerialPortProviderWindows.run(SerialPortProviderWindows.java:127)
	at java.base/java.util.TimerThread.mainLoop(Timer.java:566)
	at java.base/java.util.TimerThread.run(Timer.java:516)

!ENTRY com.st.stm32cube.ide.mpu.remote.serial 4 0 2026-01-16 22:53:16.599
!MESSAGE Failed to parse wmic output
!STACK 0
org.xml.sax.SAXParseException; lineNumber: 1; columnNumber: 1; Premature end of file.
	at java.xml/com.sun.org.apache.xerces.internal.parsers.DOMParser.parse(DOMParser.java:262)
	at java.xml/com.sun.org.apache.xerces.internal.jaxp.DocumentBuilderImpl.parse(DocumentBuilderImpl.java:342)
	at com.st.stm32cube.ide.mpu.remote.serial.internal.SerialPortProviderWindows.run(SerialPortProviderWindows.java:127)
	at java.base/java.util.TimerThread.mainLoop(Timer.java:566)
	at java.base/java.util.TimerThread.run(Timer.java:516)

!ENTRY com.st.stm32cube.ide.mpu.remote.serial 4 0 2026-01-16 22:53:16.706
!MESSAGE Failed to parse wmic output
!STACK 0
org.xml.sax.SAXParseException; lineNumber: 1; columnNumber: 1; Premature end of file.
	at java.xml/com.sun.org.apache.xerces.internal.parsers.DOMParser.parse(DOMParser.java:262)
	at java.xml/com.sun.org.apache.xerces.internal.jaxp.DocumentBuilderImpl.parse(DocumentBuilderImpl.java:342)
	at com.st.stm32cube.ide.mpu.remote.serial.internal.SerialPortProviderWindows.run(SerialPortProviderWindows.java:127)
	at java.base/java.util.TimerThread.mainLoop(Timer.java:566)
	at java.base/java.util.TimerThread.run(Timer.java:516)

!ENTRY com.st.stm32cube.ide.mpu.remote.serial 4 0 2026-01-16 22:53:16.819
!MESSAGE Failed to parse wmic output
!STACK 0
org.xml.sax.SAXParseException; lineNumber: 1; columnNumber: 1; Premature end of file.
	at java.xml/com.sun.org.apache.xerces.internal.parsers.DOMParser.parse(DOMParser.java:262)
	at java.xml/com.sun.org.apache.xerces.internal.jaxp.DocumentBuilderImpl.parse(DocumentBuilderImpl.java:342)
	at com.st.stm32cube.ide.mpu.remote.serial.internal.SerialPortProviderWindows.run(SerialPortProviderWindows.java:127)
	at java.base/java.util.TimerThread.mainLoop(Timer.java:566)
	at java.base/java.util.TimerThread.run(Timer.java:516)

!ENTRY com.st.stm32cube.ide.mpu.remote.serial 4 0 2026-01-16 22:53:16.935
!MESSAGE Failed to parse wmic output
!STACK 0
org.xml.sax.SAXParseException; lineNumber: 1; columnNumber: 1; Premature end of file.
	at java.xml/com.sun.org.apache.xerces.internal.parsers.DOMParser.parse(DOMParser.java:262)
	at java.xml/com.sun.org.apache.xerces.internal.jaxp.DocumentBuilderImpl.parse(DocumentBuilderImpl.java:342)
	at com.st.stm32cube.ide.mpu.remote.serial.internal.SerialPortProviderWindows.run(SerialPortProviderWindows.java:127)
	at java.base/java.util.TimerThread.mainLoop(Timer.java:566)
	at java.base/java.util.TimerThread.run(Timer.java:516)

!ENTRY com.st.stm32cube.ide.mpu.remote.serial 4 0 2026-01-16 22:53:17.047
!MESSAGE Failed to parse wmic output
!STACK 0
org.xml.sax.SAXParseException; lineNumber: 1; columnNumber: 1; Premature end of file.
	at java.xml/com.sun.org.apache.xerces.internal.parsers.DOMParser.parse(DOMParser.java:262)
	at java.xml/com.sun.org.apache.xerces.internal.jaxp.DocumentBuilderImpl.parse(DocumentBuilderImpl.java:342)
	at com.st.stm32cube.ide.mpu.remote.serial.internal.SerialPortProviderWindows.run(SerialPortProviderWindows.java:127)
	at java.base/java.util.TimerThread.mainLoop(Timer.java:566)
	at java.base/java.util.TimerThread.run(Timer.java:516)

!ENTRY com.st.stm32cube.ide.mpu.remote.serial 4 0 2026-01-16 22:53:17.210
!MESSAGE Failed to parse wmic output
!STACK 0
org.xml.sax.SAXParseException; lineNumber: 1; columnNumber: 1; Premature end of file.
	at java.xml/com.sun.org.apache.xerces.internal.parsers.DOMParser.parse(DOMParser.java:262)
	at java.xml/com.sun.org.apache.xerces.internal.jaxp.DocumentBuilderImpl.parse(DocumentBuilderImpl.java:342)
	at com.st.stm32cube.ide.mpu.remote.serial.internal.SerialPortProviderWindows.run(SerialPortProviderWindows.java:127)
	at java.base/java.util.TimerThread.mainLoop(Timer.java:566)
	at java.base/java.util.TimerThread.run(Timer.java:516)

!ENTRY com.st.stm32cube.ide.mpu.remote.serial 4 0 2026-01-16 22:53:17.334
!MESSAGE Failed to parse wmic output
!STACK 0
org.xml.sax.SAXParseException; lineNumber: 1; columnNumber: 1; Premature end of file.
	at java.xml/com.sun.org.apache.xerces.internal.parsers.DOMParser.parse(DOMParser.java:262)
	at java.xml/com.sun.org.apache.xerces.internal.jaxp.DocumentBuilderImpl.parse(DocumentBuilderImpl.java:342)
	at com.st.stm32cube.ide.mpu.remote.serial.internal.SerialPortProviderWindows.run(SerialPortProviderWindows.java:127)
	at java.base/java.util.TimerThread.mainLoop(Timer.java:566)
	at java.base/java.util.TimerThread.run(Timer.java:516)

!ENTRY com.st.stm32cube.ide.mpu.remote.serial 4 0 2026-01-16 22:53:17.447
!MESSAGE Failed to parse wmic output
!STACK 0
org.xml.sax.SAXParseException; lineNumber: 1; columnNumber: 1; Premature end of file.
	at java.xml/com.sun.org.apache.xerces.internal.parsers.DOMParser.parse(DOMParser.java:262)
	at java.xml/com.sun.org.apache.xerces.internal.jaxp.DocumentBuilderImpl.parse(DocumentBuilderImpl.java:342)
	at com.st.stm32cube.ide.mpu.remote.serial.internal.SerialPortProviderWindows.run(SerialPortProviderWindows.java:127)
	at java.base/java.util.TimerThread.mainLoop(Timer.java:566)
	at java.base/java.util.TimerThread.run(Timer.java:516)

!ENTRY com.st.stm32cube.ide.mpu.remote.serial 4 0 2026-01-16 22:53:17.559
!MESSAGE Failed to parse wmic output
!STACK 0
org.xml.sax.SAXParseException; lineNumber: 1; columnNumber: 1; Premature end of file.
	at java.xml/com.sun.org.apache.xerces.internal.parsers.DOMParser.parse(DOMParser.java:262)
	at java.xml/com.sun.org.apache.xerces.internal.jaxp.DocumentBuilderImpl.parse(DocumentBuilderImpl.java:342)
	at com.st.stm32cube.ide.mpu.remote.serial.internal.SerialPortProviderWindows.run(SerialPortProviderWindows.java:127)
	at java.base/java.util.TimerThread.mainLoop(Timer.java:566)
	at java.base/java.util.TimerThread.run(Timer.java:516)

!ENTRY com.st.stm32cube.ide.mpu.remote.serial 4 0 2026-01-16 22:53:17.668
!MESSAGE Failed to parse wmic output
!STACK 0
org.xml.sax.SAXParseException; lineNumber: 1; columnNumber: 1; Premature end of file.
	at java.xml/com.sun.org.apache.xerces.internal.parsers.DOMParser.parse(DOMParser.java:262)
	at java.xml/com.sun.org.apache.xerces.internal.jaxp.DocumentBuilderImpl.parse(DocumentBuilderImpl.java:342)
	at com.st.stm32cube.ide.mpu.remote.serial.internal.SerialPortProviderWindows.run(SerialPortProviderWindows.java:127)
	at java.base/java.util.TimerThread.mainLoop(Timer.java:566)
	at java.base/java.util.TimerThread.run(Timer.java:516)

!ENTRY com.st.stm32cube.ide.mpu.remote.serial 4 0 2026-01-16 22:53:17.776
!MESSAGE Failed to parse wmic output
!STACK 0
org.xml.sax.SAXParseException; lineNumber: 1; columnNumber: 1; Premature end of file.
	at java.xml/com.sun.org.apache.xerces.internal.parsers.DOMParser.parse(DOMParser.java:262)
	at java.xml/com.sun.org.apache.xerces.internal.jaxp.DocumentBuilderImpl.parse(DocumentBuilderImpl.java:342)
	at com.st.stm32cube.ide.mpu.remote.serial.internal.SerialPortProviderWindows.run(SerialPortProviderWindows.java:127)
	at java.base/java.util.TimerThread.mainLoop(Timer.java:566)
	at java.base/java.util.TimerThread.run(Timer.java:516)

!ENTRY com.st.stm32cube.ide.mpu.remote.serial 4 0 2026-01-16 22:53:17.885
!MESSAGE Failed to parse wmic output
!STACK 0
org.xml.sax.SAXParseException; lineNumber: 1; columnNumber: 1; Premature end of file.
	at java.xml/com.sun.org.apache.xerces.internal.parsers.DOMParser.parse(DOMParser.java:262)
	at java.xml/com.sun.org.apache.xerces.internal.jaxp.DocumentBuilderImpl.parse(DocumentBuilderImpl.java:342)
	at com.st.stm32cube.ide.mpu.remote.serial.internal.SerialPortProviderWindows.run(SerialPortProviderWindows.java:127)
	at java.base/java.util.TimerThread.mainLoop(Timer.java:566)
	at java.base/java.util.TimerThread.run(Timer.java:516)

!ENTRY com.st.stm32cube.ide.mpu.remote.serial 4 0 2026-01-16 22:53:17.993
!MESSAGE Failed to parse wmic output
!STACK 0
org.xml.sax.SAXParseException; lineNumber: 1; columnNumber: 1; Premature end of file.
	at java.xml/com.sun.org.apache.xerces.internal.parsers.DOMParser.parse(DOMParser.java:262)
	at java.xml/com.sun.org.apache.xerces.internal.jaxp.DocumentBuilderImpl.parse(DocumentBuilderImpl.java:342)
	at com.st.stm32cube.ide.mpu.remote.serial.internal.SerialPortProviderWindows.run(SerialPortProviderWindows.java:127)
	at java.base/java.util.TimerThread.mainLoop(Timer.java:566)
	at java.base/java.util.TimerThread.run(Timer.java:516)

!ENTRY com.st.stm32cube.ide.mpu.remote.serial 4 0 2026-01-16 22:53:18.178
!MESSAGE Failed to parse wmic output
!STACK 0
org.xml.sax.SAXParseException; lineNumber: 1; columnNumber: 1; Premature end of file.
	at java.xml/com.sun.org.apache.xerces.internal.parsers.DOMParser.parse(DOMParser.java:262)
	at java.xml/com.sun.org.apache.xerces.internal.jaxp.DocumentBuilderImpl.parse(DocumentBuilderImpl.java:342)
	at com.st.stm32cube.ide.mpu.remote.serial.internal.SerialPortProviderWindows.run(SerialPortProviderWindows.java:127)
	at java.base/java.util.TimerThread.mainLoop(Timer.java:566)
	at java.base/java.util.TimerThread.run(Timer.java:516)

!ENTRY com.st.stm32cube.ide.mpu.remote.serial 4 0 2026-01-16 22:53:18.288
!MESSAGE Failed to parse wmic output
!STACK 0
org.xml.sax.SAXParseException; lineNumber: 1; columnNumber: 1; Premature end of file.
	at java.xml/com.sun.org.apache.xerces.internal.parsers.DOMParser.parse(DOMParser.java:262)
	at java.xml/com.sun.org.apache.xerces.internal.jaxp.DocumentBuilderImpl.parse(DocumentBuilderImpl.java:342)
	at com.st.stm32cube.ide.mpu.remote.serial.internal.SerialPortProviderWindows.run(SerialPortProviderWindows.java:127)
	at java.base/java.util.TimerThread.mainLoop(Timer.java:566)
	at java.base/java.util.TimerThread.run(Timer.java:516)

!ENTRY com.st.stm32cube.ide.mpu.remote.serial 4 0 2026-01-16 22:53:18.397
!MESSAGE Failed to parse wmic output
!STACK 0
org.xml.sax.SAXParseException; lineNumber: 1; columnNumber: 1; Premature end of file.
	at java.xml/com.sun.org.apache.xerces.internal.parsers.DOMParser.parse(DOMParser.java:262)
	at java.xml/com.sun.org.apache.xerces.internal.jaxp.DocumentBuilderImpl.parse(DocumentBuilderImpl.java:342)
	at com.st.stm32cube.ide.mpu.remote.serial.internal.SerialPortProviderWindows.run(SerialPortProviderWindows.java:127)
	at java.base/java.util.TimerThread.mainLoop(Timer.java:566)
	at java.base/java.util.TimerThread.run(Timer.java:516)

!ENTRY com.st.stm32cube.ide.mpu.remote.serial 4 0 2026-01-16 22:53:18.509
!MESSAGE Failed to parse wmic output
!STACK 0
org.xml.sax.SAXParseException; lineNumber: 1; columnNumber: 1; Premature end of file.
	at java.xml/com.sun.org.apache.xerces.internal.parsers.DOMParser.parse(DOMParser.java:262)
	at java.xml/com.sun.org.apache.xerces.internal.jaxp.DocumentBuilderImpl.parse(DocumentBuilderImpl.java:342)
	at com.st.stm32cube.ide.mpu.remote.serial.internal.SerialPortProviderWindows.run(SerialPortProviderWindows.java:127)
	at java.base/java.util.TimerThread.mainLoop(Timer.java:566)
	at java.base/java.util.TimerThread.run(Timer.java:516)

!ENTRY com.st.stm32cube.ide.mpu.remote.serial 4 0 2026-01-16 22:53:18.615
!MESSAGE Failed to parse wmic output
!STACK 0
org.xml.sax.SAXParseException; lineNumber: 1; columnNumber: 1; Premature end of file.
	at java.xml/com.sun.org.apache.xerces.internal.parsers.DOMParser.parse(DOMParser.java:262)
	at java.xml/com.sun.org.apache.xerces.internal.jaxp.DocumentBuilderImpl.parse(DocumentBuilderImpl.java:342)
	at com.st.stm32cube.ide.mpu.remote.serial.internal.SerialPortProviderWindows.run(SerialPortProviderWindows.java:127)
	at java.base/java.util.TimerThread.mainLoop(Timer.java:566)
	at java.base/java.util.TimerThread.run(Timer.java:516)

!ENTRY com.st.stm32cube.ide.mpu.remote.serial 4 0 2026-01-16 22:53:18.725
!MESSAGE Failed to parse wmic output
!STACK 0
org.xml.sax.SAXParseException; lineNumber: 1; columnNumber: 1; Premature end of file.
	at java.xml/com.sun.org.apache.xerces.internal.parsers.DOMParser.parse(DOMParser.java:262)
	at java.xml/com.sun.org.apache.xerces.internal.jaxp.DocumentBuilderImpl.parse(DocumentBuilderImpl.java:342)
	at com.st.stm32cube.ide.mpu.remote.serial.internal.SerialPortProviderWindows.run(SerialPortProviderWindows.java:127)
	at java.base/java.util.TimerThread.mainLoop(Timer.java:566)
	at java.base/java.util.TimerThread.run(Timer.java:516)

!ENTRY com.st.stm32cube.ide.mpu.remote.serial 4 0 2026-01-16 22:53:18.838
!MESSAGE Failed to parse wmic output
!STACK 0
org.xml.sax.SAXParseException; lineNumber: 1; columnNumber: 1; Premature end of file.
	at java.xml/com.sun.org.apache.xerces.internal.parsers.DOMParser.parse(DOMParser.java:262)
	at java.xml/com.sun.org.apache.xerces.internal.jaxp.DocumentBuilderImpl.parse(DocumentBuilderImpl.java:342)
	at com.st.stm32cube.ide.mpu.remote.serial.internal.SerialPortProviderWindows.run(SerialPortProviderWindows.java:127)
	at java.base/java.util.TimerThread.mainLoop(Timer.java:566)
	at java.base/java.util.TimerThread.run(Timer.java:516)

!ENTRY com.st.stm32cube.ide.mpu.remote.serial 4 0 2026-01-16 22:53:18.942
!MESSAGE Failed to parse wmic output
!STACK 0
org.xml.sax.SAXParseException; lineNumber: 1; columnNumber: 1; Premature end of file.
	at java.xml/com.sun.org.apache.xerces.internal.parsers.DOMParser.parse(DOMParser.java:262)
	at java.xml/com.sun.org.apache.xerces.internal.jaxp.DocumentBuilderImpl.parse(DocumentBuilderImpl.java:342)
	at com.st.stm32cube.ide.mpu.remote.serial.internal.SerialPortProviderWindows.run(SerialPortProviderWindows.java:127)
	at java.base/java.util.TimerThread.mainLoop(Timer.java:566)
	at java.base/java.util.TimerThread.run(Timer.java:516)

!ENTRY com.st.stm32cube.ide.mpu.remote.serial 4 0 2026-01-16 22:53:19.051
!MESSAGE Failed to parse wmic output
!STACK 0
org.xml.sax.SAXParseException; lineNumber: 1; columnNumber: 1; Premature end of file.
	at java.xml/com.sun.org.apache.xerces.internal.parsers.DOMParser.parse(DOMParser.java:262)
	at java.xml/com.sun.org.apache.xerces.internal.jaxp.DocumentBuilderImpl.parse(DocumentBuilderImpl.java:342)
	at com.st.stm32cube.ide.mpu.remote.serial.internal.SerialPortProviderWindows.run(SerialPortProviderWindows.java:127)
	at java.base/java.util.TimerThread.mainLoop(Timer.java:566)
	at java.base/java.util.TimerThread.run(Timer.java:516)

!ENTRY com.st.stm32cube.ide.mpu.remote.serial 4 0 2026-01-16 22:53:19.158
!MESSAGE Failed to parse wmic output
!STACK 0
org.xml.sax.SAXParseException; lineNumber: 1; columnNumber: 1; Premature end of file.
	at java.xml/com.sun.org.apache.xerces.internal.parsers.DOMParser.parse(DOMParser.java:262)
	at java.xml/com.sun.org.apache.xerces.internal.jaxp.DocumentBuilderImpl.parse(DocumentBuilderImpl.java:342)
	at com.st.stm32cube.ide.mpu.remote.serial.internal.SerialPortProviderWindows.run(SerialPortProviderWindows.java:127)
	at java.base/java.util.TimerThread.mainLoop(Timer.java:566)
	at java.base/java.util.TimerThread.run(Timer.java:516)

!ENTRY com.st.stm32cube.ide.mpu.remote.serial 4 0 2026-01-16 22:53:19.272
!MESSAGE Failed to parse wmic output
!STACK 0
org.xml.sax.SAXParseException; lineNumber: 1; columnNumber: 1; Premature end of file.
	at java.xml/com.sun.org.apache.xerces.internal.parsers.DOMParser.parse(DOMParser.java:262)
	at java.xml/com.sun.org.apache.xerces.internal.jaxp.DocumentBuilderImpl.parse(DocumentBuilderImpl.java:342)
	at com.st.stm32cube.ide.mpu.remote.serial.internal.SerialPortProviderWindows.run(SerialPortProviderWindows.java:127)
	at java.base/java.util.TimerThread.mainLoop(Timer.java:566)
	at java.base/java.util.TimerThread.run(Timer.java:516)

!ENTRY com.st.stm32cube.ide.mpu.remote.serial 4 0 2026-01-16 22:53:19.380
!MESSAGE Failed to parse wmic output
!STACK 0
org.xml.sax.SAXParseException; lineNumber: 1; columnNumber: 1; Premature end of file.
	at java.xml/com.sun.org.apache.xerces.internal.parsers.DOMParser.parse(DOMParser.java:262)
	at java.xml/com.sun.org.apache.xerces.internal.jaxp.DocumentBuilderImpl.parse(DocumentBuilderImpl.java:342)
	at com.st.stm32cube.ide.mpu.remote.serial.internal.SerialPortProviderWindows.run(SerialPortProviderWindows.java:127)
	at java.base/java.util.TimerThread.mainLoop(Timer.java:566)
	at java.base/java.util.TimerThread.run(Timer.java:516)

!ENTRY com.st.stm32cube.ide.mpu.remote.serial 4 0 2026-01-16 22:53:19.485
!MESSAGE Failed to parse wmic output
!STACK 0
org.xml.sax.SAXParseException; lineNumber: 1; columnNumber: 1; Premature end of file.
	at java.xml/com.sun.org.apache.xerces.internal.parsers.DOMParser.parse(DOMParser.java:262)
	at java.xml/com.sun.org.apache.xerces.internal.jaxp.DocumentBuilderImpl.parse(DocumentBuilderImpl.java:342)
	at com.st.stm32cube.ide.mpu.remote.serial.internal.SerialPortProviderWindows.run(SerialPortProviderWindows.java:127)
	at java.base/java.util.TimerThread.mainLoop(Timer.java:566)
	at java.base/java.util.TimerThread.run(Timer.java:516)

!ENTRY com.st.stm32cube.ide.mpu.remote.serial 4 0 2026-01-16 22:53:19.589
!MESSAGE Failed to parse wmic output
!STACK 0
org.xml.sax.SAXParseException; lineNumber: 1; columnNumber: 1; Premature end of file.
	at java.xml/com.sun.org.apache.xerces.internal.parsers.DOMParser.parse(DOMParser.java:262)
	at java.xml/com.sun.org.apache.xerces.internal.jaxp.DocumentBuilderImpl.parse(DocumentBuilderImpl.java:342)
	at com.st.stm32cube.ide.mpu.remote.serial.internal.SerialPortProviderWindows.run(SerialPortProviderWindows.java:127)
	at java.base/java.util.TimerThread.mainLoop(Timer.java:566)
	at java.base/java.util.TimerThread.run(Timer.java:516)

!ENTRY com.st.stm32cube.ide.mpu.remote.serial 4 0 2026-01-16 22:53:19.690
!MESSAGE Failed to parse wmic output
!STACK 0
org.xml.sax.SAXParseException; lineNumber: 1; columnNumber: 1; Premature end of file.
	at java.xml/com.sun.org.apache.xerces.internal.parsers.DOMParser.parse(DOMParser.java:262)
	at java.xml/com.sun.org.apache.xerces.internal.jaxp.DocumentBuilderImpl.parse(DocumentBuilderImpl.java:342)
	at com.st.stm32cube.ide.mpu.remote.serial.internal.SerialPortProviderWindows.run(SerialPortProviderWindows.java:127)
	at java.base/java.util.TimerThread.mainLoop(Timer.java:566)
	at java.base/java.util.TimerThread.run(Timer.java:516)

!ENTRY com.st.stm32cube.ide.mpu.remote.serial 4 0 2026-01-16 22:53:19.802
!MESSAGE Failed to parse wmic output
!STACK 0
org.xml.sax.SAXParseException; lineNumber: 1; columnNumber: 1; Premature end of file.
	at java.xml/com.sun.org.apache.xerces.internal.parsers.DOMParser.parse(DOMParser.java:262)
	at java.xml/com.sun.org.apache.xerces.internal.jaxp.DocumentBuilderImpl.parse(DocumentBuilderImpl.java:342)
	at com.st.stm32cube.ide.mpu.remote.serial.internal.SerialPortProviderWindows.run(SerialPortProviderWindows.java:127)
	at java.base/java.util.TimerThread.mainLoop(Timer.java:566)
	at java.base/java.util.TimerThread.run(Timer.java:516)

!ENTRY com.st.stm32cube.ide.mpu.remote.serial 4 0 2026-01-16 22:53:19.923
!MESSAGE Failed to parse wmic output
!STACK 0
org.xml.sax.SAXParseException; lineNumber: 1; columnNumber: 1; Premature end of file.
	at java.xml/com.sun.org.apache.xerces.internal.parsers.DOMParser.parse(DOMParser.java:262)
	at java.xml/com.sun.org.apache.xerces.internal.jaxp.DocumentBuilderImpl.parse(DocumentBuilderImpl.java:342)
	at com.st.stm32cube.ide.mpu.remote.serial.internal.SerialPortProviderWindows.run(SerialPortProviderWindows.java:127)
	at java.base/java.util.TimerThread.mainLoop(Timer.java:566)
	at java.base/java.util.TimerThread.run(Timer.java:516)

!ENTRY com.st.stm32cube.ide.mpu.remote.serial 4 0 2026-01-16 22:53:20.030
!MESSAGE Failed to parse wmic output
!STACK 0
org.xml.sax.SAXParseException; lineNumber: 1; columnNumber: 1; Premature end of file.
	at java.xml/com.sun.org.apache.xerces.internal.parsers.DOMParser.parse(DOMParser.java:262)
	at java.xml/com.sun.org.apache.xerces.internal.jaxp.DocumentBuilderImpl.parse(DocumentBuilderImpl.java:342)
	at com.st.stm32cube.ide.mpu.remote.serial.internal.SerialPortProviderWindows.run(SerialPortProviderWindows.java:127)
	at java.base/java.util.TimerThread.mainLoop(Timer.java:566)
	at java.base/java.util.TimerThread.run(Timer.java:516)

!ENTRY com.st.stm32cube.ide.mpu.remote.serial 4 0 2026-01-16 22:53:20.135
!MESSAGE Failed to parse wmic output
!STACK 0
org.xml.sax.SAXParseException; lineNumber: 1; columnNumber: 1; Premature end of file.
	at java.xml/com.sun.org.apache.xerces.internal.parsers.DOMParser.parse(DOMParser.java:262)
	at java.xml/com.sun.org.apache.xerces.internal.jaxp.DocumentBuilderImpl.parse(DocumentBuilderImpl.java:342)
	at com.st.stm32cube.ide.mpu.remote.serial.internal.SerialPortProviderWindows.run(SerialPortProviderWindows.java:127)
	at java.base/java.util.TimerThread.mainLoop(Timer.java:566)
	at java.base/java.util.TimerThread.run(Timer.java:516)

!ENTRY com.st.stm32cube.ide.mpu.remote.serial 4 0 2026-01-16 22:53:20.240
!MESSAGE Failed to parse wmic output
!STACK 0
org.xml.sax.SAXParseException; lineNumber: 1; columnNumber: 1; Premature end of file.
	at java.xml/com.sun.org.apache.xerces.internal.parsers.DOMParser.parse(DOMParser.java:262)
	at java.xml/com.sun.org.apache.xerces.internal.jaxp.DocumentBuilderImpl.parse(DocumentBuilderImpl.java:342)
	at com.st.stm32cube.ide.mpu.remote.serial.internal.SerialPortProviderWindows.run(SerialPortProviderWindows.java:127)
	at java.base/java.util.TimerThread.mainLoop(Timer.java:566)
	at java.base/java.util.TimerThread.run(Timer.java:516)

!ENTRY com.st.stm32cube.ide.mpu.remote.serial 4 0 2026-01-16 22:53:20.347
!MESSAGE Failed to parse wmic output
!STACK 0
org.xml.sax.SAXParseException; lineNumber: 1; columnNumber: 1; Premature end of file.
	at java.xml/com.sun.org.apache.xerces.internal.parsers.DOMParser.parse(DOMParser.java:262)
	at java.xml/com.sun.org.apache.xerces.internal.jaxp.DocumentBuilderImpl.parse(DocumentBuilderImpl.java:342)
	at com.st.stm32cube.ide.mpu.remote.serial.internal.SerialPortProviderWindows.run(SerialPortProviderWindows.java:127)
	at java.base/java.util.TimerThread.mainLoop(Timer.java:566)
	at java.base/java.util.TimerThread.run(Timer.java:516)

!ENTRY com.st.stm32cube.ide.mpu.remote.serial 4 0 2026-01-16 22:53:20.452
!MESSAGE Failed to parse wmic output
!STACK 0
org.xml.sax.SAXParseException; lineNumber: 1; columnNumber: 1; Premature end of file.
	at java.xml/com.sun.org.apache.xerces.internal.parsers.DOMParser.parse(DOMParser.java:262)
	at java.xml/com.sun.org.apache.xerces.internal.jaxp.DocumentBuilderImpl.parse(DocumentBuilderImpl.java:342)
	at com.st.stm32cube.ide.mpu.remote.serial.internal.SerialPortProviderWindows.run(SerialPortProviderWindows.java:127)
	at java.base/java.util.TimerThread.mainLoop(Timer.java:566)
	at java.base/java.util.TimerThread.run(Timer.java:516)

!ENTRY com.st.stm32cube.ide.mpu.remote.serial 4 0 2026-01-16 22:53:20.557
!MESSAGE Failed to parse wmic output
!STACK 0
org.xml.sax.SAXParseException; lineNumber: 1; columnNumber: 1; Premature end of file.
	at java.xml/com.sun.org.apache.xerces.internal.parsers.DOMParser.parse(DOMParser.java:262)
	at java.xml/com.sun.org.apache.xerces.internal.jaxp.DocumentBuilderImpl.parse(DocumentBuilderImpl.java:342)
	at com.st.stm32cube.ide.mpu.remote.serial.internal.SerialPortProviderWindows.run(SerialPortProviderWindows.java:127)
	at java.base/java.util.TimerThread.mainLoop(Timer.java:566)
	at java.base/java.util.TimerThread.run(Timer.java:516)

!ENTRY com.st.stm32cube.ide.mpu.remote.serial 4 0 2026-01-16 22:53:20.663
!MESSAGE Failed to parse wmic output
!STACK 0
org.xml.sax.SAXParseException; lineNumber: 1; columnNumber: 1; Premature end of file.
	at java.xml/com.sun.org.apache.xerces.internal.parsers.DOMParser.parse(DOMParser.java:262)
	at java.xml/com.sun.org.apache.xerces.internal.jaxp.DocumentBuilderImpl.parse(DocumentBuilderImpl.java:342)
	at com.st.stm32cube.ide.mpu.remote.serial.internal.SerialPortProviderWindows.run(SerialPortProviderWindows.java:127)
	at java.base/java.util.TimerThread.mainLoop(Timer.java:566)
	at java.base/java.util.TimerThread.run(Timer.java:516)

!ENTRY com.st.stm32cube.ide.mpu.remote.serial 4 0 2026-01-16 22:53:20.767
!MESSAGE Failed to parse wmic output
!STACK 0
org.xml.sax.SAXParseException; lineNumber: 1; columnNumber: 1; Premature end of file.
	at java.xml/com.sun.org.apache.xerces.internal.parsers.DOMParser.parse(DOMParser.java:262)
	at java.xml/com.sun.org.apache.xerces.internal.jaxp.DocumentBuilderImpl.parse(DocumentBuilderImpl.java:342)
	at com.st.stm32cube.ide.mpu.remote.serial.internal.SerialPortProviderWindows.run(SerialPortProviderWindows.java:127)
	at java.base/java.util.TimerThread.mainLoop(Timer.java:566)
	at java.base/java.util.TimerThread.run(Timer.java:516)

!ENTRY com.st.stm32cube.ide.mpu.remote.serial 4 0 2026-01-16 22:53:20.871
!MESSAGE Failed to parse wmic output
!STACK 0
org.xml.sax.SAXParseException; lineNumber: 1; columnNumber: 1; Premature end of file.
	at java.xml/com.sun.org.apache.xerces.internal.parsers.DOMParser.parse(DOMParser.java:262)
	at java.xml/com.sun.org.apache.xerces.internal.jaxp.DocumentBuilderImpl.parse(DocumentBuilderImpl.java:342)
	at com.st.stm32cube.ide.mpu.remote.serial.internal.SerialPortProviderWindows.run(SerialPortProviderWindows.java:127)
	at java.base/java.util.TimerThread.mainLoop(Timer.java:566)
	at java.base/java.util.TimerThread.run(Timer.java:516)

!ENTRY com.st.stm32cube.ide.mpu.remote.serial 4 0 2026-01-16 22:53:20.979
!MESSAGE Failed to parse wmic output
!STACK 0
org.xml.sax.SAXParseException; lineNumber: 1; columnNumber: 1; Premature end of file.
	at java.xml/com.sun.org.apache.xerces.internal.parsers.DOMParser.parse(DOMParser.java:262)
	at java.xml/com.sun.org.apache.xerces.internal.jaxp.DocumentBuilderImpl.parse(DocumentBuilderImpl.java:342)
	at com.st.stm32cube.ide.mpu.remote.serial.internal.SerialPortProviderWindows.run(SerialPortProviderWindows.java:127)
	at java.base/java.util.TimerThread.mainLoop(Timer.java:566)
	at java.base/java.util.TimerThread.run(Timer.java:516)

!ENTRY com.st.stm32cube.ide.mpu.remote.serial 4 0 2026-01-16 22:53:21.080
!MESSAGE Failed to parse wmic output
!STACK 0
org.xml.sax.SAXParseException; lineNumber: 1; columnNumber: 1; Premature end of file.
	at java.xml/com.sun.org.apache.xerces.internal.parsers.DOMParser.parse(DOMParser.java:262)
	at java.xml/com.sun.org.apache.xerces.internal.jaxp.DocumentBuilderImpl.parse(DocumentBuilderImpl.java:342)
	at com.st.stm32cube.ide.mpu.remote.serial.internal.SerialPortProviderWindows.run(SerialPortProviderWindows.java:127)
	at java.base/java.util.TimerThread.mainLoop(Timer.java:566)
	at java.base/java.util.TimerThread.run(Timer.java:516)

!ENTRY com.st.stm32cube.ide.mpu.remote.serial 4 0 2026-01-16 22:53:21.191
!MESSAGE Failed to parse wmic output
!STACK 0
org.xml.sax.SAXParseException; lineNumber: 1; columnNumber: 1; Premature end of file.
	at java.xml/com.sun.org.apache.xerces.internal.parsers.DOMParser.parse(DOMParser.java:262)
	at java.xml/com.sun.org.apache.xerces.internal.jaxp.DocumentBuilderImpl.parse(DocumentBuilderImpl.java:342)
	at com.st.stm32cube.ide.mpu.remote.serial.internal.SerialPortProviderWindows.run(SerialPortProviderWindows.java:127)
	at java.base/java.util.TimerThread.mainLoop(Timer.java:566)
	at java.base/java.util.TimerThread.run(Timer.java:516)

!ENTRY com.st.stm32cube.ide.mpu.remote.serial 4 0 2026-01-16 22:53:21.299
!MESSAGE Failed to parse wmic output
!STACK 0
org.xml.sax.SAXParseException; lineNumber: 1; columnNumber: 1; Premature end of file.
	at java.xml/com.sun.org.apache.xerces.internal.parsers.DOMParser.parse(DOMParser.java:262)
	at java.xml/com.sun.org.apache.xerces.internal.jaxp.DocumentBuilderImpl.parse(DocumentBuilderImpl.java:342)
	at com.st.stm32cube.ide.mpu.remote.serial.internal.SerialPortProviderWindows.run(SerialPortProviderWindows.java:127)
	at java.base/java.util.TimerThread.mainLoop(Timer.java:566)
	at java.base/java.util.TimerThread.run(Timer.java:516)

!ENTRY com.st.stm32cube.ide.mpu.remote.serial 4 0 2026-01-16 22:53:21.406
!MESSAGE Failed to parse wmic output
!STACK 0
org.xml.sax.SAXParseException; lineNumber: 1; columnNumber: 1; Premature end of file.
	at java.xml/com.sun.org.apache.xerces.internal.parsers.DOMParser.parse(DOMParser.java:262)
	at java.xml/com.sun.org.apache.xerces.internal.jaxp.DocumentBuilderImpl.parse(DocumentBuilderImpl.java:342)
	at com.st.stm32cube.ide.mpu.remote.serial.internal.SerialPortProviderWindows.run(SerialPortProviderWindows.java:127)
	at java.base/java.util.TimerThread.mainLoop(Timer.java:566)
	at java.base/java.util.TimerThread.run(Timer.java:516)

!ENTRY com.st.stm32cube.ide.mpu.remote.serial 4 0 2026-01-16 22:53:21.513
!MESSAGE Failed to parse wmic output
!STACK 0
org.xml.sax.SAXParseException; lineNumber: 1; columnNumber: 1; Premature end of file.
	at java.xml/com.sun.org.apache.xerces.internal.parsers.DOMParser.parse(DOMParser.java:262)
	at java.xml/com.sun.org.apache.xerces.internal.jaxp.DocumentBuilderImpl.parse(DocumentBuilderImpl.java:342)
	at com.st.stm32cube.ide.mpu.remote.serial.internal.SerialPortProviderWindows.run(SerialPortProviderWindows.java:127)
	at java.base/java.util.TimerThread.mainLoop(Timer.java:566)
	at java.base/java.util.TimerThread.run(Timer.java:516)

!ENTRY com.st.stm32cube.ide.mpu.remote.serial 4 0 2026-01-16 22:53:21.621
!MESSAGE Failed to parse wmic output
!STACK 0
org.xml.sax.SAXParseException; lineNumber: 1; columnNumber: 1; Premature end of file.
	at java.xml/com.sun.org.apache.xerces.internal.parsers.DOMParser.parse(DOMParser.java:262)
	at java.xml/com.sun.org.apache.xerces.internal.jaxp.DocumentBuilderImpl.parse(DocumentBuilderImpl.java:342)
	at com.st.stm32cube.ide.mpu.remote.serial.internal.SerialPortProviderWindows.run(SerialPortProviderWindows.java:127)
	at java.base/java.util.TimerThread.mainLoop(Timer.java:566)
	at java.base/java.util.TimerThread.run(Timer.java:516)

!ENTRY com.st.stm32cube.ide.mpu.remote.serial 4 0 2026-01-16 22:53:21.726
!MESSAGE Failed to parse wmic output
!STACK 0
org.xml.sax.SAXParseException; lineNumber: 1; columnNumber: 1; Premature end of file.
	at java.xml/com.sun.org.apache.xerces.internal.parsers.DOMParser.parse(DOMParser.java:262)
	at java.xml/com.sun.org.apache.xerces.internal.jaxp.DocumentBuilderImpl.parse(DocumentBuilderImpl.java:342)
	at com.st.stm32cube.ide.mpu.remote.serial.internal.SerialPortProviderWindows.run(SerialPortProviderWindows.java:127)
	at java.base/java.util.TimerThread.mainLoop(Timer.java:566)
	at java.base/java.util.TimerThread.run(Timer.java:516)

!ENTRY com.st.stm32cube.ide.mpu.remote.serial 4 0 2026-01-16 22:53:21.833
!MESSAGE Failed to parse wmic output
!STACK 0
org.xml.sax.SAXParseException; lineNumber: 1; columnNumber: 1; Premature end of file.
	at java.xml/com.sun.org.apache.xerces.internal.parsers.DOMParser.parse(DOMParser.java:262)
	at java.xml/com.sun.org.apache.xerces.internal.jaxp.DocumentBuilderImpl.parse(DocumentBuilderImpl.java:342)
	at com.st.stm32cube.ide.mpu.remote.serial.internal.SerialPortProviderWindows.run(SerialPortProviderWindows.java:127)
	at java.base/java.util.TimerThread.mainLoop(Timer.java:566)
	at java.base/java.util.TimerThread.run(Timer.java:516)

!ENTRY com.st.stm32cube.ide.mpu.remote.serial 4 0 2026-01-16 22:53:21.947
!MESSAGE Failed to parse wmic output
!STACK 0
org.xml.sax.SAXParseException; lineNumber: 1; columnNumber: 1; Premature end of file.
	at java.xml/com.sun.org.apache.xerces.internal.parsers.DOMParser.parse(DOMParser.java:262)
	at java.xml/com.sun.org.apache.xerces.internal.jaxp.DocumentBuilderImpl.parse(DocumentBuilderImpl.java:342)
	at com.st.stm32cube.ide.mpu.remote.serial.internal.SerialPortProviderWindows.run(SerialPortProviderWindows.java:127)
	at java.base/java.util.TimerThread.mainLoop(Timer.java:566)
	at java.base/java.util.TimerThread.run(Timer.java:516)

!ENTRY com.st.stm32cube.ide.mpu.remote.serial 4 0 2026-01-16 22:53:22.060
!MESSAGE Failed to parse wmic output
!STACK 0
org.xml.sax.SAXParseException; lineNumber: 1; columnNumber: 1; Premature end of file.
	at java.xml/com.sun.org.apache.xerces.internal.parsers.DOMParser.parse(DOMParser.java:262)
	at java.xml/com.sun.org.apache.xerces.internal.jaxp.DocumentBuilderImpl.parse(DocumentBuilderImpl.java:342)
	at com.st.stm32cube.ide.mpu.remote.serial.internal.SerialPortProviderWindows.run(SerialPortProviderWindows.java:127)
	at java.base/java.util.TimerThread.mainLoop(Timer.java:566)
	at java.base/java.util.TimerThread.run(Timer.java:516)

!ENTRY com.st.stm32cube.ide.mpu.remote.serial 4 0 2026-01-16 22:53:22.164
!MESSAGE Failed to parse wmic output
!STACK 0
org.xml.sax.SAXParseException; lineNumber: 1; columnNumber: 1; Premature end of file.
	at java.xml/com.sun.org.apache.xerces.internal.parsers.DOMParser.parse(DOMParser.java:262)
	at java.xml/com.sun.org.apache.xerces.internal.jaxp.DocumentBuilderImpl.parse(DocumentBuilderImpl.java:342)
	at com.st.stm32cube.ide.mpu.remote.serial.internal.SerialPortProviderWindows.run(SerialPortProviderWindows.java:127)
	at java.base/java.util.TimerThread.mainLoop(Timer.java:566)
	at java.base/java.util.TimerThread.run(Timer.java:516)

!ENTRY com.st.stm32cube.ide.mpu.remote.serial 4 0 2026-01-16 22:53:22.273
!MESSAGE Failed to parse wmic output
!STACK 0
org.xml.sax.SAXParseException; lineNumber: 1; columnNumber: 1; Premature end of file.
	at java.xml/com.sun.org.apache.xerces.internal.parsers.DOMParser.parse(DOMParser.java:262)
	at java.xml/com.sun.org.apache.xerces.internal.jaxp.DocumentBuilderImpl.parse(DocumentBuilderImpl.java:342)
	at com.st.stm32cube.ide.mpu.remote.serial.internal.SerialPortProviderWindows.run(SerialPortProviderWindows.java:127)
	at java.base/java.util.TimerThread.mainLoop(Timer.java:566)
	at java.base/java.util.TimerThread.run(Timer.java:516)

!ENTRY com.st.stm32cube.ide.mpu.remote.serial 4 0 2026-01-16 22:53:22.382
!MESSAGE Failed to parse wmic output
!STACK 0
org.xml.sax.SAXParseException; lineNumber: 1; columnNumber: 1; Premature end of file.
	at java.xml/com.sun.org.apache.xerces.internal.parsers.DOMParser.parse(DOMParser.java:262)
	at java.xml/com.sun.org.apache.xerces.internal.jaxp.DocumentBuilderImpl.parse(DocumentBuilderImpl.java:342)
	at com.st.stm32cube.ide.mpu.remote.serial.internal.SerialPortProviderWindows.run(SerialPortProviderWindows.java:127)
	at java.base/java.util.TimerThread.mainLoop(Timer.java:566)
	at java.base/java.util.TimerThread.run(Timer.java:516)

!ENTRY com.st.stm32cube.ide.mpu.remote.serial 4 0 2026-01-16 22:53:22.495
!MESSAGE Failed to parse wmic output
!STACK 0
org.xml.sax.SAXParseException; lineNumber: 1; columnNumber: 1; Premature end of file.
	at java.xml/com.sun.org.apache.xerces.internal.parsers.DOMParser.parse(DOMParser.java:262)
	at java.xml/com.sun.org.apache.xerces.internal.jaxp.DocumentBuilderImpl.parse(DocumentBuilderImpl.java:342)
	at com.st.stm32cube.ide.mpu.remote.serial.internal.SerialPortProviderWindows.run(SerialPortProviderWindows.java:127)
	at java.base/java.util.TimerThread.mainLoop(Timer.java:566)
	at java.base/java.util.TimerThread.run(Timer.java:516)

!ENTRY com.st.stm32cube.ide.mpu.remote.serial 4 0 2026-01-16 22:53:22.605
!MESSAGE Failed to parse wmic output
!STACK 0
org.xml.sax.SAXParseException; lineNumber: 1; columnNumber: 1; Premature end of file.
	at java.xml/com.sun.org.apache.xerces.internal.parsers.DOMParser.parse(DOMParser.java:262)
	at java.xml/com.sun.org.apache.xerces.internal.jaxp.DocumentBuilderImpl.parse(DocumentBuilderImpl.java:342)
	at com.st.stm32cube.ide.mpu.remote.serial.internal.SerialPortProviderWindows.run(SerialPortProviderWindows.java:127)
	at java.base/java.util.TimerThread.mainLoop(Timer.java:566)
	at java.base/java.util.TimerThread.run(Timer.java:516)

!ENTRY com.st.stm32cube.ide.mpu.remote.serial 4 0 2026-01-16 22:53:22.710
!MESSAGE Failed to parse wmic output
!STACK 0
org.xml.sax.SAXParseException; lineNumber: 1; columnNumber: 1; Premature end of file.
	at java.xml/com.sun.org.apache.xerces.internal.parsers.DOMParser.parse(DOMParser.java:262)
	at java.xml/com.sun.org.apache.xerces.internal.jaxp.DocumentBuilderImpl.parse(DocumentBuilderImpl.java:342)
	at com.st.stm32cube.ide.mpu.remote.serial.internal.SerialPortProviderWindows.run(SerialPortProviderWindows.java:127)
	at java.base/java.util.TimerThread.mainLoop(Timer.java:566)
	at java.base/java.util.TimerThread.run(Timer.java:516)

!ENTRY com.st.stm32cube.ide.mpu.remote.serial 4 0 2026-01-16 22:53:22.821
!MESSAGE Failed to parse wmic output
!STACK 0
org.xml.sax.SAXParseException; lineNumber: 1; columnNumber: 1; Premature end of file.
	at java.xml/com.sun.org.apache.xerces.internal.parsers.DOMParser.parse(DOMParser.java:262)
	at java.xml/com.sun.org.apache.xerces.internal.jaxp.DocumentBuilderImpl.parse(DocumentBuilderImpl.java:342)
	at com.st.stm32cube.ide.mpu.remote.serial.internal.SerialPortProviderWindows.run(SerialPortProviderWindows.java:127)
	at java.base/java.util.TimerThread.mainLoop(Timer.java:566)
	at java.base/java.util.TimerThread.run(Timer.java:516)

!ENTRY com.st.stm32cube.ide.mpu.remote.serial 4 0 2026-01-16 22:53:22.934
!MESSAGE Failed to parse wmic output
!STACK 0
org.xml.sax.SAXParseException; lineNumber: 1; columnNumber: 1; Premature end of file.
	at java.xml/com.sun.org.apache.xerces.internal.parsers.DOMParser.parse(DOMParser.java:262)
	at java.xml/com.sun.org.apache.xerces.internal.jaxp.DocumentBuilderImpl.parse(DocumentBuilderImpl.java:342)
	at com.st.stm32cube.ide.mpu.remote.serial.internal.SerialPortProviderWindows.run(SerialPortProviderWindows.java:127)
	at java.base/java.util.TimerThread.mainLoop(Timer.java:566)
	at java.base/java.util.TimerThread.run(Timer.java:516)

!ENTRY com.st.stm32cube.ide.mpu.remote.serial 4 0 2026-01-16 22:53:23.042
!MESSAGE Failed to parse wmic output
!STACK 0
org.xml.sax.SAXParseException; lineNumber: 1; columnNumber: 1; Premature end of file.
	at java.xml/com.sun.org.apache.xerces.internal.parsers.DOMParser.parse(DOMParser.java:262)
	at java.xml/com.sun.org.apache.xerces.internal.jaxp.DocumentBuilderImpl.parse(DocumentBuilderImpl.java:342)
	at com.st.stm32cube.ide.mpu.remote.serial.internal.SerialPortProviderWindows.run(SerialPortProviderWindows.java:127)
	at java.base/java.util.TimerThread.mainLoop(Timer.java:566)
	at java.base/java.util.TimerThread.run(Timer.java:516)

!ENTRY com.st.stm32cube.ide.mpu.remote.serial 4 0 2026-01-16 22:53:23.151
!MESSAGE Failed to parse wmic output
!STACK 0
org.xml.sax.SAXParseException; lineNumber: 1; columnNumber: 1; Premature end of file.
	at java.xml/com.sun.org.apache.xerces.internal.parsers.DOMParser.parse(DOMParser.java:262)
	at java.xml/com.sun.org.apache.xerces.internal.jaxp.DocumentBuilderImpl.parse(DocumentBuilderImpl.java:342)
	at com.st.stm32cube.ide.mpu.remote.serial.internal.SerialPortProviderWindows.run(SerialPortProviderWindows.java:127)
	at java.base/java.util.TimerThread.mainLoop(Timer.java:566)
	at java.base/java.util.TimerThread.run(Timer.java:516)

!ENTRY com.st.stm32cube.ide.mpu.remote.serial 4 0 2026-01-16 22:53:23.257
!MESSAGE Failed to parse wmic output
!STACK 0
org.xml.sax.SAXParseException; lineNumber: 1; columnNumber: 1; Premature end of file.
	at java.xml/com.sun.org.apache.xerces.internal.parsers.DOMParser.parse(DOMParser.java:262)
	at java.xml/com.sun.org.apache.xerces.internal.jaxp.DocumentBuilderImpl.parse(DocumentBuilderImpl.java:342)
	at com.st.stm32cube.ide.mpu.remote.serial.internal.SerialPortProviderWindows.run(SerialPortProviderWindows.java:127)
	at java.base/java.util.TimerThread.mainLoop(Timer.java:566)
	at java.base/java.util.TimerThread.run(Timer.java:516)

!ENTRY com.st.stm32cube.ide.mpu.remote.serial 4 0 2026-01-16 22:53:23.365
!MESSAGE Failed to parse wmic output
!STACK 0
org.xml.sax.SAXParseException; lineNumber: 1; columnNumber: 1; Premature end of file.
	at java.xml/com.sun.org.apache.xerces.internal.parsers.DOMParser.parse(DOMParser.java:262)
	at java.xml/com.sun.org.apache.xerces.internal.jaxp.DocumentBuilderImpl.parse(DocumentBuilderImpl.java:342)
	at com.st.stm32cube.ide.mpu.remote.serial.internal.SerialPortProviderWindows.run(SerialPortProviderWindows.java:127)
	at java.base/java.util.TimerThread.mainLoop(Timer.java:566)
	at java.base/java.util.TimerThread.run(Timer.java:516)

!ENTRY com.st.stm32cube.ide.mpu.remote.serial 4 0 2026-01-16 22:53:23.477
!MESSAGE Failed to parse wmic output
!STACK 0
org.xml.sax.SAXParseException; lineNumber: 1; columnNumber: 1; Premature end of file.
	at java.xml/com.sun.org.apache.xerces.internal.parsers.DOMParser.parse(DOMParser.java:262)
	at java.xml/com.sun.org.apache.xerces.internal.jaxp.DocumentBuilderImpl.parse(DocumentBuilderImpl.java:342)
	at com.st.stm32cube.ide.mpu.remote.serial.internal.SerialPortProviderWindows.run(SerialPortProviderWindows.java:127)
	at java.base/java.util.TimerThread.mainLoop(Timer.java:566)
	at java.base/java.util.TimerThread.run(Timer.java:516)

!ENTRY com.st.stm32cube.ide.mpu.remote.serial 4 0 2026-01-16 22:53:23.587
!MESSAGE Failed to parse wmic output
!STACK 0
org.xml.sax.SAXParseException; lineNumber: 1; columnNumber: 1; Premature end of file.
	at java.xml/com.sun.org.apache.xerces.internal.parsers.DOMParser.parse(DOMParser.java:262)
	at java.xml/com.sun.org.apache.xerces.internal.jaxp.DocumentBuilderImpl.parse(DocumentBuilderImpl.java:342)
	at com.st.stm32cube.ide.mpu.remote.serial.internal.SerialPortProviderWindows.run(SerialPortProviderWindows.java:127)
	at java.base/java.util.TimerThread.mainLoop(Timer.java:566)
	at java.base/java.util.TimerThread.run(Timer.java:516)

!ENTRY com.st.stm32cube.ide.mpu.remote.serial 4 0 2026-01-16 22:53:23.693
!MESSAGE Failed to parse wmic output
!STACK 0
org.xml.sax.SAXParseException; lineNumber: 1; columnNumber: 1; Premature end of file.
	at java.xml/com.sun.org.apache.xerces.internal.parsers.DOMParser.parse(DOMParser.java:262)
	at java.xml/com.sun.org.apache.xerces.internal.jaxp.DocumentBuilderImpl.parse(DocumentBuilderImpl.java:342)
	at com.st.stm32cube.ide.mpu.remote.serial.internal.SerialPortProviderWindows.run(SerialPortProviderWindows.java:127)
	at java.base/java.util.TimerThread.mainLoop(Timer.java:566)
	at java.base/java.util.TimerThread.run(Timer.java:516)

!ENTRY com.st.stm32cube.ide.mpu.remote.serial 4 0 2026-01-16 22:53:23.800
!MESSAGE Failed to parse wmic output
!STACK 0
org.xml.sax.SAXParseException; lineNumber: 1; columnNumber: 1; Premature end of file.
	at java.xml/com.sun.org.apache.xerces.internal.parsers.DOMParser.parse(DOMParser.java:262)
	at java.xml/com.sun.org.apache.xerces.internal.jaxp.DocumentBuilderImpl.parse(DocumentBuilderImpl.java:342)
	at com.st.stm32cube.ide.mpu.remote.serial.internal.SerialPortProviderWindows.run(SerialPortProviderWindows.java:127)
	at java.base/java.util.TimerThread.mainLoop(Timer.java:566)
	at java.base/java.util.TimerThread.run(Timer.java:516)

!ENTRY com.st.stm32cube.ide.mpu.remote.serial 4 0 2026-01-16 22:53:23.909
!MESSAGE Failed to parse wmic output
!STACK 0
org.xml.sax.SAXParseException; lineNumber: 1; columnNumber: 1; Premature end of file.
	at java.xml/com.sun.org.apache.xerces.internal.parsers.DOMParser.parse(DOMParser.java:262)
	at java.xml/com.sun.org.apache.xerces.internal.jaxp.DocumentBuilderImpl.parse(DocumentBuilderImpl.java:342)
	at com.st.stm32cube.ide.mpu.remote.serial.internal.SerialPortProviderWindows.run(SerialPortProviderWindows.java:127)
	at java.base/java.util.TimerThread.mainLoop(Timer.java:566)
	at java.base/java.util.TimerThread.run(Timer.java:516)

!ENTRY com.st.stm32cube.ide.mpu.remote.serial 4 0 2026-01-16 22:53:24.022
!MESSAGE Failed to parse wmic output
!STACK 0
org.xml.sax.SAXParseException; lineNumber: 1; columnNumber: 1; Premature end of file.
	at java.xml/com.sun.org.apache.xerces.internal.parsers.DOMParser.parse(DOMParser.java:262)
	at java.xml/com.sun.org.apache.xerces.internal.jaxp.DocumentBuilderImpl.parse(DocumentBuilderImpl.java:342)
	at com.st.stm32cube.ide.mpu.remote.serial.internal.SerialPortProviderWindows.run(SerialPortProviderWindows.java:127)
	at java.base/java.util.TimerThread.mainLoop(Timer.java:566)
	at java.base/java.util.TimerThread.run(Timer.java:516)

!ENTRY com.st.stm32cube.ide.mpu.remote.serial 4 0 2026-01-16 22:53:24.132
!MESSAGE Failed to parse wmic output
!STACK 0
org.xml.sax.SAXParseException; lineNumber: 1; columnNumber: 1; Premature end of file.
	at java.xml/com.sun.org.apache.xerces.internal.parsers.DOMParser.parse(DOMParser.java:262)
	at java.xml/com.sun.org.apache.xerces.internal.jaxp.DocumentBuilderImpl.parse(DocumentBuilderImpl.java:342)
	at com.st.stm32cube.ide.mpu.remote.serial.internal.SerialPortProviderWindows.run(SerialPortProviderWindows.java:127)
	at java.base/java.util.TimerThread.mainLoop(Timer.java:566)
	at java.base/java.util.TimerThread.run(Timer.java:516)

!ENTRY com.st.stm32cube.ide.mpu.remote.serial 4 0 2026-01-16 22:53:24.241
!MESSAGE Failed to parse wmic output
!STACK 0
org.xml.sax.SAXParseException; lineNumber: 1; columnNumber: 1; Premature end of file.
	at java.xml/com.sun.org.apache.xerces.internal.parsers.DOMParser.parse(DOMParser.java:262)
	at java.xml/com.sun.org.apache.xerces.internal.jaxp.DocumentBuilderImpl.parse(DocumentBuilderImpl.java:342)
	at com.st.stm32cube.ide.mpu.remote.serial.internal.SerialPortProviderWindows.run(SerialPortProviderWindows.java:127)
	at java.base/java.util.TimerThread.mainLoop(Timer.java:566)
	at java.base/java.util.TimerThread.run(Timer.java:516)

!ENTRY com.st.stm32cube.ide.mpu.remote.serial 4 0 2026-01-16 22:53:24.348
!MESSAGE Failed to parse wmic output
!STACK 0
org.xml.sax.SAXParseException; lineNumber: 1; columnNumber: 1; Premature end of file.
	at java.xml/com.sun.org.apache.xerces.internal.parsers.DOMParser.parse(DOMParser.java:262)
	at java.xml/com.sun.org.apache.xerces.internal.jaxp.DocumentBuilderImpl.parse(DocumentBuilderImpl.java:342)
	at com.st.stm32cube.ide.mpu.remote.serial.internal.SerialPortProviderWindows.run(SerialPortProviderWindows.java:127)
	at java.base/java.util.TimerThread.mainLoop(Timer.java:566)
	at java.base/java.util.TimerThread.run(Timer.java:516)

!ENTRY com.st.stm32cube.ide.mpu.remote.serial 4 0 2026-01-16 22:53:24.457
!MESSAGE Failed to parse wmic output
!STACK 0
org.xml.sax.SAXParseException; lineNumber: 1; columnNumber: 1; Premature end of file.
	at java.xml/com.sun.org.apache.xerces.internal.parsers.DOMParser.parse(DOMParser.java:262)
	at java.xml/com.sun.org.apache.xerces.internal.jaxp.DocumentBuilderImpl.parse(DocumentBuilderImpl.java:342)
	at com.st.stm32cube.ide.mpu.remote.serial.internal.SerialPortProviderWindows.run(SerialPortProviderWindows.java:127)
	at java.base/java.util.TimerThread.mainLoop(Timer.java:566)
	at java.base/java.util.TimerThread.run(Timer.java:516)

!ENTRY com.st.stm32cube.ide.mpu.remote.serial 4 0 2026-01-16 22:53:24.565
!MESSAGE Failed to parse wmic output
!STACK 0
org.xml.sax.SAXParseException; lineNumber: 1; columnNumber: 1; Premature end of file.
	at java.xml/com.sun.org.apache.xerces.internal.parsers.DOMParser.parse(DOMParser.java:262)
	at java.xml/com.sun.org.apache.xerces.internal.jaxp.DocumentBuilderImpl.parse(DocumentBuilderImpl.java:342)
	at com.st.stm32cube.ide.mpu.remote.serial.internal.SerialPortProviderWindows.run(SerialPortProviderWindows.java:127)
	at java.base/java.util.TimerThread.mainLoop(Timer.java:566)
	at java.base/java.util.TimerThread.run(Timer.java:516)

!ENTRY com.st.stm32cube.ide.mpu.remote.serial 4 0 2026-01-16 22:53:24.668
!MESSAGE Failed to parse wmic output
!STACK 0
org.xml.sax.SAXParseException; lineNumber: 1; columnNumber: 1; Premature end of file.
	at java.xml/com.sun.org.apache.xerces.internal.parsers.DOMParser.parse(DOMParser.java:262)
	at java.xml/com.sun.org.apache.xerces.internal.jaxp.DocumentBuilderImpl.parse(DocumentBuilderImpl.java:342)
	at com.st.stm32cube.ide.mpu.remote.serial.internal.SerialPortProviderWindows.run(SerialPortProviderWindows.java:127)
	at java.base/java.util.TimerThread.mainLoop(Timer.java:566)
	at java.base/java.util.TimerThread.run(Timer.java:516)

!ENTRY com.st.stm32cube.ide.mpu.remote.serial 4 0 2026-01-16 22:53:24.779
!MESSAGE Failed to parse wmic output
!STACK 0
org.xml.sax.SAXParseException; lineNumber: 1; columnNumber: 1; Premature end of file.
	at java.xml/com.sun.org.apache.xerces.internal.parsers.DOMParser.parse(DOMParser.java:262)
	at java.xml/com.sun.org.apache.xerces.internal.jaxp.DocumentBuilderImpl.parse(DocumentBuilderImpl.java:342)
	at com.st.stm32cube.ide.mpu.remote.serial.internal.SerialPortProviderWindows.run(SerialPortProviderWindows.java:127)
	at java.base/java.util.TimerThread.mainLoop(Timer.java:566)
	at java.base/java.util.TimerThread.run(Timer.java:516)

!ENTRY com.st.stm32cube.ide.mpu.remote.serial 4 0 2026-01-16 22:53:24.885
!MESSAGE Failed to parse wmic output
!STACK 0
org.xml.sax.SAXParseException; lineNumber: 1; columnNumber: 1; Premature end of file.
	at java.xml/com.sun.org.apache.xerces.internal.parsers.DOMParser.parse(DOMParser.java:262)
	at java.xml/com.sun.org.apache.xerces.internal.jaxp.DocumentBuilderImpl.parse(DocumentBuilderImpl.java:342)
	at com.st.stm32cube.ide.mpu.remote.serial.internal.SerialPortProviderWindows.run(SerialPortProviderWindows.java:127)
	at java.base/java.util.TimerThread.mainLoop(Timer.java:566)
	at java.base/java.util.TimerThread.run(Timer.java:516)

!ENTRY com.st.stm32cube.ide.mpu.remote.serial 4 0 2026-01-16 22:53:25.001
!MESSAGE Failed to parse wmic output
!STACK 0
org.xml.sax.SAXParseException; lineNumber: 1; columnNumber: 1; Premature end of file.
	at java.xml/com.sun.org.apache.xerces.internal.parsers.DOMParser.parse(DOMParser.java:262)
	at java.xml/com.sun.org.apache.xerces.internal.jaxp.DocumentBuilderImpl.parse(DocumentBuilderImpl.java:342)
	at com.st.stm32cube.ide.mpu.remote.serial.internal.SerialPortProviderWindows.run(SerialPortProviderWindows.java:127)
	at java.base/java.util.TimerThread.mainLoop(Timer.java:566)
	at java.base/java.util.TimerThread.run(Timer.java:516)

!ENTRY com.st.stm32cube.ide.mpu.remote.serial 4 0 2026-01-16 22:53:25.109
!MESSAGE Failed to parse wmic output
!STACK 0
org.xml.sax.SAXParseException; lineNumber: 1; columnNumber: 1; Premature end of file.
	at java.xml/com.sun.org.apache.xerces.internal.parsers.DOMParser.parse(DOMParser.java:262)
	at java.xml/com.sun.org.apache.xerces.internal.jaxp.DocumentBuilderImpl.parse(DocumentBuilderImpl.java:342)
	at com.st.stm32cube.ide.mpu.remote.serial.internal.SerialPortProviderWindows.run(SerialPortProviderWindows.java:127)
	at java.base/java.util.TimerThread.mainLoop(Timer.java:566)
	at java.base/java.util.TimerThread.run(Timer.java:516)

!ENTRY com.st.stm32cube.ide.mpu.remote.serial 4 0 2026-01-16 22:53:25.221
!MESSAGE Failed to parse wmic output
!STACK 0
org.xml.sax.SAXParseException; lineNumber: 1; columnNumber: 1; Premature end of file.
	at java.xml/com.sun.org.apache.xerces.internal.parsers.DOMParser.parse(DOMParser.java:262)
	at java.xml/com.sun.org.apache.xerces.internal.jaxp.DocumentBuilderImpl.parse(DocumentBuilderImpl.java:342)
	at com.st.stm32cube.ide.mpu.remote.serial.internal.SerialPortProviderWindows.run(SerialPortProviderWindows.java:127)
	at java.base/java.util.TimerThread.mainLoop(Timer.java:566)
	at java.base/java.util.TimerThread.run(Timer.java:516)

!ENTRY com.st.stm32cube.ide.mpu.remote.serial 4 0 2026-01-16 22:53:25.325
!MESSAGE Failed to parse wmic output
!STACK 0
org.xml.sax.SAXParseException; lineNumber: 1; columnNumber: 1; Premature end of file.
	at java.xml/com.sun.org.apache.xerces.internal.parsers.DOMParser.parse(DOMParser.java:262)
	at java.xml/com.sun.org.apache.xerces.internal.jaxp.DocumentBuilderImpl.parse(DocumentBuilderImpl.java:342)
	at com.st.stm32cube.ide.mpu.remote.serial.internal.SerialPortProviderWindows.run(SerialPortProviderWindows.java:127)
	at java.base/java.util.TimerThread.mainLoop(Timer.java:566)
	at java.base/java.util.TimerThread.run(Timer.java:516)

!ENTRY com.st.stm32cube.ide.mpu.remote.serial 4 0 2026-01-16 22:53:25.432
!MESSAGE Failed to parse wmic output
!STACK 0
org.xml.sax.SAXParseException; lineNumber: 1; columnNumber: 1; Premature end of file.
	at java.xml/com.sun.org.apache.xerces.internal.parsers.DOMParser.parse(DOMParser.java:262)
	at java.xml/com.sun.org.apache.xerces.internal.jaxp.DocumentBuilderImpl.parse(DocumentBuilderImpl.java:342)
	at com.st.stm32cube.ide.mpu.remote.serial.internal.SerialPortProviderWindows.run(SerialPortProviderWindows.java:127)
	at java.base/java.util.TimerThread.mainLoop(Timer.java:566)
	at java.base/java.util.TimerThread.run(Timer.java:516)

!ENTRY com.st.stm32cube.ide.mpu.remote.serial 4 0 2026-01-16 22:53:25.539
!MESSAGE Failed to parse wmic output
!STACK 0
org.xml.sax.SAXParseException; lineNumber: 1; columnNumber: 1; Premature end of file.
	at java.xml/com.sun.org.apache.xerces.internal.parsers.DOMParser.parse(DOMParser.java:262)
	at java.xml/com.sun.org.apache.xerces.internal.jaxp.DocumentBuilderImpl.parse(DocumentBuilderImpl.java:342)
	at com.st.stm32cube.ide.mpu.remote.serial.internal.SerialPortProviderWindows.run(SerialPortProviderWindows.java:127)
	at java.base/java.util.TimerThread.mainLoop(Timer.java:566)
	at java.base/java.util.TimerThread.run(Timer.java:516)

!ENTRY com.st.stm32cube.ide.mpu.remote.serial 4 0 2026-01-16 22:53:25.648
!MESSAGE Failed to parse wmic output
!STACK 0
org.xml.sax.SAXParseException; lineNumber: 1; columnNumber: 1; Premature end of file.
	at java.xml/com.sun.org.apache.xerces.internal.parsers.DOMParser.parse(DOMParser.java:262)
	at java.xml/com.sun.org.apache.xerces.internal.jaxp.DocumentBuilderImpl.parse(DocumentBuilderImpl.java:342)
	at com.st.stm32cube.ide.mpu.remote.serial.internal.SerialPortProviderWindows.run(SerialPortProviderWindows.java:127)
	at java.base/java.util.TimerThread.mainLoop(Timer.java:566)
	at java.base/java.util.TimerThread.run(Timer.java:516)

!ENTRY com.st.stm32cube.ide.mpu.remote.serial 4 0 2026-01-16 22:53:25.755
!MESSAGE Failed to parse wmic output
!STACK 0
org.xml.sax.SAXParseException; lineNumber: 1; columnNumber: 1; Premature end of file.
	at java.xml/com.sun.org.apache.xerces.internal.parsers.DOMParser.parse(DOMParser.java:262)
	at java.xml/com.sun.org.apache.xerces.internal.jaxp.DocumentBuilderImpl.parse(DocumentBuilderImpl.java:342)
	at com.st.stm32cube.ide.mpu.remote.serial.internal.SerialPortProviderWindows.run(SerialPortProviderWindows.java:127)
	at java.base/java.util.TimerThread.mainLoop(Timer.java:566)
	at java.base/java.util.TimerThread.run(Timer.java:516)

!ENTRY com.st.stm32cube.ide.mpu.remote.serial 4 0 2026-01-16 22:53:25.861
!MESSAGE Failed to parse wmic output
!STACK 0
org.xml.sax.SAXParseException; lineNumber: 1; columnNumber: 1; Premature end of file.
	at java.xml/com.sun.org.apache.xerces.internal.parsers.DOMParser.parse(DOMParser.java:262)
	at java.xml/com.sun.org.apache.xerces.internal.jaxp.DocumentBuilderImpl.parse(DocumentBuilderImpl.java:342)
	at com.st.stm32cube.ide.mpu.remote.serial.internal.SerialPortProviderWindows.run(SerialPortProviderWindows.java:127)
	at java.base/java.util.TimerThread.mainLoop(Timer.java:566)
	at java.base/java.util.TimerThread.run(Timer.java:516)

!ENTRY com.st.stm32cube.ide.mpu.remote.serial 4 0 2026-01-16 22:53:25.972
!MESSAGE Failed to parse wmic output
!STACK 0
org.xml.sax.SAXParseException; lineNumber: 1; columnNumber: 1; Premature end of file.
	at java.xml/com.sun.org.apache.xerces.internal.parsers.DOMParser.parse(DOMParser.java:262)
	at java.xml/com.sun.org.apache.xerces.internal.jaxp.DocumentBuilderImpl.parse(DocumentBuilderImpl.java:342)
	at com.st.stm32cube.ide.mpu.remote.serial.internal.SerialPortProviderWindows.run(SerialPortProviderWindows.java:127)
	at java.base/java.util.TimerThread.mainLoop(Timer.java:566)
	at java.base/java.util.TimerThread.run(Timer.java:516)

!ENTRY com.st.stm32cube.ide.mpu.remote.serial 4 0 2026-01-16 22:53:26.083
!MESSAGE Failed to parse wmic output
!STACK 0
org.xml.sax.SAXParseException; lineNumber: 1; columnNumber: 1; Premature end of file.
	at java.xml/com.sun.org.apache.xerces.internal.parsers.DOMParser.parse(DOMParser.java:262)
	at java.xml/com.sun.org.apache.xerces.internal.jaxp.DocumentBuilderImpl.parse(DocumentBuilderImpl.java:342)
	at com.st.stm32cube.ide.mpu.remote.serial.internal.SerialPortProviderWindows.run(SerialPortProviderWindows.java:127)
	at java.base/java.util.TimerThread.mainLoop(Timer.java:566)
	at java.base/java.util.TimerThread.run(Timer.java:516)

!ENTRY com.st.stm32cube.ide.mpu.remote.serial 4 0 2026-01-16 22:53:26.192
!MESSAGE Failed to parse wmic output
!STACK 0
org.xml.sax.SAXParseException; lineNumber: 1; columnNumber: 1; Premature end of file.
	at java.xml/com.sun.org.apache.xerces.internal.parsers.DOMParser.parse(DOMParser.java:262)
	at java.xml/com.sun.org.apache.xerces.internal.jaxp.DocumentBuilderImpl.parse(DocumentBuilderImpl.java:342)
	at com.st.stm32cube.ide.mpu.remote.serial.internal.SerialPortProviderWindows.run(SerialPortProviderWindows.java:127)
	at java.base/java.util.TimerThread.mainLoop(Timer.java:566)
	at java.base/java.util.TimerThread.run(Timer.java:516)

!ENTRY com.st.stm32cube.ide.mpu.remote.serial 4 0 2026-01-16 22:53:26.299
!MESSAGE Failed to parse wmic output
!STACK 0
org.xml.sax.SAXParseException; lineNumber: 1; columnNumber: 1; Premature end of file.
	at java.xml/com.sun.org.apache.xerces.internal.parsers.DOMParser.parse(DOMParser.java:262)
	at java.xml/com.sun.org.apache.xerces.internal.jaxp.DocumentBuilderImpl.parse(DocumentBuilderImpl.java:342)
	at com.st.stm32cube.ide.mpu.remote.serial.internal.SerialPortProviderWindows.run(SerialPortProviderWindows.java:127)
	at java.base/java.util.TimerThread.mainLoop(Timer.java:566)
	at java.base/java.util.TimerThread.run(Timer.java:516)

!ENTRY com.st.stm32cube.ide.mpu.remote.serial 4 0 2026-01-16 22:53:26.411
!MESSAGE Failed to parse wmic output
!STACK 0
org.xml.sax.SAXParseException; lineNumber: 1; columnNumber: 1; Premature end of file.
	at java.xml/com.sun.org.apache.xerces.internal.parsers.DOMParser.parse(DOMParser.java:262)
	at java.xml/com.sun.org.apache.xerces.internal.jaxp.DocumentBuilderImpl.parse(DocumentBuilderImpl.java:342)
	at com.st.stm32cube.ide.mpu.remote.serial.internal.SerialPortProviderWindows.run(SerialPortProviderWindows.java:127)
	at java.base/java.util.TimerThread.mainLoop(Timer.java:566)
	at java.base/java.util.TimerThread.run(Timer.java:516)

!ENTRY com.st.stm32cube.ide.mpu.remote.serial 4 0 2026-01-16 22:53:26.525
!MESSAGE Failed to parse wmic output
!STACK 0
org.xml.sax.SAXParseException; lineNumber: 1; columnNumber: 1; Premature end of file.
	at java.xml/com.sun.org.apache.xerces.internal.parsers.DOMParser.parse(DOMParser.java:262)
	at java.xml/com.sun.org.apache.xerces.internal.jaxp.DocumentBuilderImpl.parse(DocumentBuilderImpl.java:342)
	at com.st.stm32cube.ide.mpu.remote.serial.internal.SerialPortProviderWindows.run(SerialPortProviderWindows.java:127)
	at java.base/java.util.TimerThread.mainLoop(Timer.java:566)
	at java.base/java.util.TimerThread.run(Timer.java:516)

!ENTRY com.st.stm32cube.ide.mpu.remote.serial 4 0 2026-01-16 22:53:26.635
!MESSAGE Failed to parse wmic output
!STACK 0
org.xml.sax.SAXParseException; lineNumber: 1; columnNumber: 1; Premature end of file.
	at java.xml/com.sun.org.apache.xerces.internal.parsers.DOMParser.parse(DOMParser.java:262)
	at java.xml/com.sun.org.apache.xerces.internal.jaxp.DocumentBuilderImpl.parse(DocumentBuilderImpl.java:342)
	at com.st.stm32cube.ide.mpu.remote.serial.internal.SerialPortProviderWindows.run(SerialPortProviderWindows.java:127)
	at java.base/java.util.TimerThread.mainLoop(Timer.java:566)
	at java.base/java.util.TimerThread.run(Timer.java:516)

!ENTRY com.st.stm32cube.ide.mpu.remote.serial 4 0 2026-01-16 22:53:26.743
!MESSAGE Failed to parse wmic output
!STACK 0
org.xml.sax.SAXParseException; lineNumber: 1; columnNumber: 1; Premature end of file.
	at java.xml/com.sun.org.apache.xerces.internal.parsers.DOMParser.parse(DOMParser.java:262)
	at java.xml/com.sun.org.apache.xerces.internal.jaxp.DocumentBuilderImpl.parse(DocumentBuilderImpl.java:342)
	at com.st.stm32cube.ide.mpu.remote.serial.internal.SerialPortProviderWindows.run(SerialPortProviderWindows.java:127)
	at java.base/java.util.TimerThread.mainLoop(Timer.java:566)
	at java.base/java.util.TimerThread.run(Timer.java:516)

!ENTRY com.st.stm32cube.ide.mpu.remote.serial 4 0 2026-01-16 22:53:26.849
!MESSAGE Failed to parse wmic output
!STACK 0
org.xml.sax.SAXParseException; lineNumber: 1; columnNumber: 1; Premature end of file.
	at java.xml/com.sun.org.apache.xerces.internal.parsers.DOMParser.parse(DOMParser.java:262)
	at java.xml/com.sun.org.apache.xerces.internal.jaxp.DocumentBuilderImpl.parse(DocumentBuilderImpl.java:342)
	at com.st.stm32cube.ide.mpu.remote.serial.internal.SerialPortProviderWindows.run(SerialPortProviderWindows.java:127)
	at java.base/java.util.TimerThread.mainLoop(Timer.java:566)
	at java.base/java.util.TimerThread.run(Timer.java:516)

!ENTRY com.st.stm32cube.ide.mpu.remote.serial 4 0 2026-01-16 22:53:26.960
!MESSAGE Failed to parse wmic output
!STACK 0
org.xml.sax.SAXParseException; lineNumber: 1; columnNumber: 1; Premature end of file.
	at java.xml/com.sun.org.apache.xerces.internal.parsers.DOMParser.parse(DOMParser.java:262)
	at java.xml/com.sun.org.apache.xerces.internal.jaxp.DocumentBuilderImpl.parse(DocumentBuilderImpl.java:342)
	at com.st.stm32cube.ide.mpu.remote.serial.internal.SerialPortProviderWindows.run(SerialPortProviderWindows.java:127)
	at java.base/java.util.TimerThread.mainLoop(Timer.java:566)
	at java.base/java.util.TimerThread.run(Timer.java:516)

!ENTRY com.st.stm32cube.ide.mpu.remote.serial 4 0 2026-01-16 22:53:27.072
!MESSAGE Failed to parse wmic output
!STACK 0
org.xml.sax.SAXParseException; lineNumber: 1; columnNumber: 1; Premature end of file.
	at java.xml/com.sun.org.apache.xerces.internal.parsers.DOMParser.parse(DOMParser.java:262)
	at java.xml/com.sun.org.apache.xerces.internal.jaxp.DocumentBuilderImpl.parse(DocumentBuilderImpl.java:342)
	at com.st.stm32cube.ide.mpu.remote.serial.internal.SerialPortProviderWindows.run(SerialPortProviderWindows.java:127)
	at java.base/java.util.TimerThread.mainLoop(Timer.java:566)
	at java.base/java.util.TimerThread.run(Timer.java:516)

!ENTRY com.st.stm32cube.ide.mpu.remote.serial 4 0 2026-01-16 22:53:27.174
!MESSAGE Failed to parse wmic output
!STACK 0
org.xml.sax.SAXParseException; lineNumber: 1; columnNumber: 1; Premature end of file.
	at java.xml/com.sun.org.apache.xerces.internal.parsers.DOMParser.parse(DOMParser.java:262)
	at java.xml/com.sun.org.apache.xerces.internal.jaxp.DocumentBuilderImpl.parse(DocumentBuilderImpl.java:342)
	at com.st.stm32cube.ide.mpu.remote.serial.internal.SerialPortProviderWindows.run(SerialPortProviderWindows.java:127)
	at java.base/java.util.TimerThread.mainLoop(Timer.java:566)
	at java.base/java.util.TimerThread.run(Timer.java:516)

!ENTRY com.st.stm32cube.ide.mpu.remote.serial 4 0 2026-01-16 22:53:27.280
!MESSAGE Failed to parse wmic output
!STACK 0
org.xml.sax.SAXParseException; lineNumber: 1; columnNumber: 1; Premature end of file.
	at java.xml/com.sun.org.apache.xerces.internal.parsers.DOMParser.parse(DOMParser.java:262)
	at java.xml/com.sun.org.apache.xerces.internal.jaxp.DocumentBuilderImpl.parse(DocumentBuilderImpl.java:342)
	at com.st.stm32cube.ide.mpu.remote.serial.internal.SerialPortProviderWindows.run(SerialPortProviderWindows.java:127)
	at java.base/java.util.TimerThread.mainLoop(Timer.java:566)
	at java.base/java.util.TimerThread.run(Timer.java:516)

!ENTRY com.st.stm32cube.ide.mpu.remote.serial 4 0 2026-01-16 22:53:27.387
!MESSAGE Failed to parse wmic output
!STACK 0
org.xml.sax.SAXParseException; lineNumber: 1; columnNumber: 1; Premature end of file.
	at java.xml/com.sun.org.apache.xerces.internal.parsers.DOMParser.parse(DOMParser.java:262)
	at java.xml/com.sun.org.apache.xerces.internal.jaxp.DocumentBuilderImpl.parse(DocumentBuilderImpl.java:342)
	at com.st.stm32cube.ide.mpu.remote.serial.internal.SerialPortProviderWindows.run(SerialPortProviderWindows.java:127)
	at java.base/java.util.TimerThread.mainLoop(Timer.java:566)
	at java.base/java.util.TimerThread.run(Timer.java:516)

!ENTRY com.st.stm32cube.ide.mpu.remote.serial 4 0 2026-01-16 22:53:27.713
!MESSAGE Failed to parse wmic output
!STACK 0
org.xml.sax.SAXParseException; lineNumber: 1; columnNumber: 1; Premature end of file.
	at java.xml/com.sun.org.apache.xerces.internal.parsers.DOMParser.parse(DOMParser.java:262)
	at java.xml/com.sun.org.apache.xerces.internal.jaxp.DocumentBuilderImpl.parse(DocumentBuilderImpl.java:342)
	at com.st.stm32cube.ide.mpu.remote.serial.internal.SerialPortProviderWindows.run(SerialPortProviderWindows.java:127)
	at java.base/java.util.TimerThread.mainLoop(Timer.java:566)
	at java.base/java.util.TimerThread.run(Timer.java:516)

!ENTRY com.st.stm32cube.ide.mpu.remote.serial 4 0 2026-01-16 22:53:28.721
!MESSAGE Failed to parse wmic output
!STACK 0
org.xml.sax.SAXParseException; lineNumber: 1; columnNumber: 1; Premature end of file.
	at java.xml/com.sun.org.apache.xerces.internal.parsers.DOMParser.parse(DOMParser.java:262)
	at java.xml/com.sun.org.apache.xerces.internal.jaxp.DocumentBuilderImpl.parse(DocumentBuilderImpl.java:342)
	at com.st.stm32cube.ide.mpu.remote.serial.internal.SerialPortProviderWindows.run(SerialPortProviderWindows.java:127)
	at java.base/java.util.TimerThread.mainLoop(Timer.java:566)
	at java.base/java.util.TimerThread.run(Timer.java:516)

!ENTRY com.st.stm32cube.ide.mpu.remote.serial 4 0 2026-01-16 22:53:29.740
!MESSAGE Failed to parse wmic output
!STACK 0
org.xml.sax.SAXParseException; lineNumber: 1; columnNumber: 1; Premature end of file.
	at java.xml/com.sun.org.apache.xerces.internal.parsers.DOMParser.parse(DOMParser.java:262)
	at java.xml/com.sun.org.apache.xerces.internal.jaxp.DocumentBuilderImpl.parse(DocumentBuilderImpl.java:342)
	at com.st.stm32cube.ide.mpu.remote.serial.internal.SerialPortProviderWindows.run(SerialPortProviderWindows.java:127)
	at java.base/java.util.TimerThread.mainLoop(Timer.java:566)
	at java.base/java.util.TimerThread.run(Timer.java:516)

!ENTRY com.st.stm32cube.ide.mpu.remote.serial 4 0 2026-01-16 22:53:30.731
!MESSAGE Failed to parse wmic output
!STACK 0
org.xml.sax.SAXParseException; lineNumber: 1; columnNumber: 1; Premature end of file.
	at java.xml/com.sun.org.apache.xerces.internal.parsers.DOMParser.parse(DOMParser.java:262)
	at java.xml/com.sun.org.apache.xerces.internal.jaxp.DocumentBuilderImpl.parse(DocumentBuilderImpl.java:342)
	at com.st.stm32cube.ide.mpu.remote.serial.internal.SerialPortProviderWindows.run(SerialPortProviderWindows.java:127)
	at java.base/java.util.TimerThread.mainLoop(Timer.java:566)
	at java.base/java.util.TimerThread.run(Timer.java:516)

!ENTRY com.st.stm32cube.ide.mpu.remote.serial 4 0 2026-01-16 22:53:31.728
!MESSAGE Failed to parse wmic output
!STACK 0
org.xml.sax.SAXParseException; lineNumber: 1; columnNumber: 1; Premature end of file.
	at java.xml/com.sun.org.apache.xerces.internal.parsers.DOMParser.parse(DOMParser.java:262)
	at java.xml/com.sun.org.apache.xerces.internal.jaxp.DocumentBuilderImpl.parse(DocumentBuilderImpl.java:342)
	at com.st.stm32cube.ide.mpu.remote.serial.internal.SerialPortProviderWindows.run(SerialPortProviderWindows.java:127)
	at java.base/java.util.TimerThread.mainLoop(Timer.java:566)
	at java.base/java.util.TimerThread.run(Timer.java:516)

!ENTRY com.st.stm32cube.ide.mpu.remote.serial 4 0 2026-01-16 22:53:32.732
!MESSAGE Failed to parse wmic output
!STACK 0
org.xml.sax.SAXParseException; lineNumber: 1; columnNumber: 1; Premature end of file.
	at java.xml/com.sun.org.apache.xerces.internal.parsers.DOMParser.parse(DOMParser.java:262)
	at java.xml/com.sun.org.apache.xerces.internal.jaxp.DocumentBuilderImpl.parse(DocumentBuilderImpl.java:342)
	at com.st.stm32cube.ide.mpu.remote.serial.internal.SerialPortProviderWindows.run(SerialPortProviderWindows.java:127)
	at java.base/java.util.TimerThread.mainLoop(Timer.java:566)
	at java.base/java.util.TimerThread.run(Timer.java:516)

!ENTRY com.st.stm32cube.ide.mpu.remote.serial 4 0 2026-01-16 22:53:33.727
!MESSAGE Failed to parse wmic output
!STACK 0
org.xml.sax.SAXParseException; lineNumber: 1; columnNumber: 1; Premature end of file.
	at java.xml/com.sun.org.apache.xerces.internal.parsers.DOMParser.parse(DOMParser.java:262)
	at java.xml/com.sun.org.apache.xerces.internal.jaxp.DocumentBuilderImpl.parse(DocumentBuilderImpl.java:342)
	at com.st.stm32cube.ide.mpu.remote.serial.internal.SerialPortProviderWindows.run(SerialPortProviderWindows.java:127)
	at java.base/java.util.TimerThread.mainLoop(Timer.java:566)
	at java.base/java.util.TimerThread.run(Timer.java:516)

!ENTRY com.st.stm32cube.ide.mpu.remote.serial 4 0 2026-01-16 22:53:34.736
!MESSAGE Failed to parse wmic output
!STACK 0
org.xml.sax.SAXParseException; lineNumber: 1; columnNumber: 1; Premature end of file.
	at java.xml/com.sun.org.apache.xerces.internal.parsers.DOMParser.parse(DOMParser.java:262)
	at java.xml/com.sun.org.apache.xerces.internal.jaxp.DocumentBuilderImpl.parse(DocumentBuilderImpl.java:342)
	at com.st.stm32cube.ide.mpu.remote.serial.internal.SerialPortProviderWindows.run(SerialPortProviderWindows.java:127)
	at java.base/java.util.TimerThread.mainLoop(Timer.java:566)
	at java.base/java.util.TimerThread.run(Timer.java:516)

!ENTRY com.st.stm32cube.ide.mpu.remote.serial 4 0 2026-01-16 22:53:35.724
!MESSAGE Failed to parse wmic output
!STACK 0
org.xml.sax.SAXParseException; lineNumber: 1; columnNumber: 1; Premature end of file.
	at java.xml/com.sun.org.apache.xerces.internal.parsers.DOMParser.parse(DOMParser.java:262)
	at java.xml/com.sun.org.apache.xerces.internal.jaxp.DocumentBuilderImpl.parse(DocumentBuilderImpl.java:342)
	at com.st.stm32cube.ide.mpu.remote.serial.internal.SerialPortProviderWindows.run(SerialPortProviderWindows.java:127)
	at java.base/java.util.TimerThread.mainLoop(Timer.java:566)
	at java.base/java.util.TimerThread.run(Timer.java:516)

!ENTRY com.st.stm32cube.ide.mpu.remote.serial 4 0 2026-01-16 22:53:36.740
!MESSAGE Failed to parse wmic output
!STACK 0
org.xml.sax.SAXParseException; lineNumber: 1; columnNumber: 1; Premature end of file.
	at java.xml/com.sun.org.apache.xerces.internal.parsers.DOMParser.parse(DOMParser.java:262)
	at java.xml/com.sun.org.apache.xerces.internal.jaxp.DocumentBuilderImpl.parse(DocumentBuilderImpl.java:342)
	at com.st.stm32cube.ide.mpu.remote.serial.internal.SerialPortProviderWindows.run(SerialPortProviderWindows.java:127)
	at java.base/java.util.TimerThread.mainLoop(Timer.java:566)
	at java.base/java.util.TimerThread.run(Timer.java:516)

!ENTRY com.st.stm32cube.ide.mpu.remote.serial 4 0 2026-01-16 22:53:37.735
!MESSAGE Failed to parse wmic output
!STACK 0
org.xml.sax.SAXParseException; lineNumber: 1; columnNumber: 1; Premature end of file.
	at java.xml/com.sun.org.apache.xerces.internal.parsers.DOMParser.parse(DOMParser.java:262)
	at java.xml/com.sun.org.apache.xerces.internal.jaxp.DocumentBuilderImpl.parse(DocumentBuilderImpl.java:342)
	at com.st.stm32cube.ide.mpu.remote.serial.internal.SerialPortProviderWindows.run(SerialPortProviderWindows.java:127)
	at java.base/java.util.TimerThread.mainLoop(Timer.java:566)
	at java.base/java.util.TimerThread.run(Timer.java:516)

!ENTRY com.st.stm32cube.ide.mpu.remote.serial 4 0 2026-01-16 22:53:38.731
!MESSAGE Failed to parse wmic output
!STACK 0
org.xml.sax.SAXParseException; lineNumber: 1; columnNumber: 1; Premature end of file.
	at java.xml/com.sun.org.apache.xerces.internal.parsers.DOMParser.parse(DOMParser.java:262)
	at java.xml/com.sun.org.apache.xerces.internal.jaxp.DocumentBuilderImpl.parse(DocumentBuilderImpl.java:342)
	at com.st.stm32cube.ide.mpu.remote.serial.internal.SerialPortProviderWindows.run(SerialPortProviderWindows.java:127)
	at java.base/java.util.TimerThread.mainLoop(Timer.java:566)
	at java.base/java.util.TimerThread.run(Timer.java:516)

!ENTRY com.st.stm32cube.ide.mpu.remote.serial 4 0 2026-01-16 22:53:39.727
!MESSAGE Failed to parse wmic output
!STACK 0
org.xml.sax.SAXParseException; lineNumber: 1; columnNumber: 1; Premature end of file.
	at java.xml/com.sun.org.apache.xerces.internal.parsers.DOMParser.parse(DOMParser.java:262)
	at java.xml/com.sun.org.apache.xerces.internal.jaxp.DocumentBuilderImpl.parse(DocumentBuilderImpl.java:342)
	at com.st.stm32cube.ide.mpu.remote.serial.internal.SerialPortProviderWindows.run(SerialPortProviderWindows.java:127)
	at java.base/java.util.TimerThread.mainLoop(Timer.java:566)
	at java.base/java.util.TimerThread.run(Timer.java:516)

!ENTRY com.st.stm32cube.ide.mpu.remote.serial 4 0 2026-01-16 22:53:40.731
!MESSAGE Failed to parse wmic output
!STACK 0
org.xml.sax.SAXParseException; lineNumber: 1; columnNumber: 1; Premature end of file.
	at java.xml/com.sun.org.apache.xerces.internal.parsers.DOMParser.parse(DOMParser.java:262)
	at java.xml/com.sun.org.apache.xerces.internal.jaxp.DocumentBuilderImpl.parse(DocumentBuilderImpl.java:342)
	at com.st.stm32cube.ide.mpu.remote.serial.internal.SerialPortProviderWindows.run(SerialPortProviderWindows.java:127)
	at java.base/java.util.TimerThread.mainLoop(Timer.java:566)
	at java.base/java.util.TimerThread.run(Timer.java:516)

!ENTRY com.st.stm32cube.ide.mpu.remote.serial 4 0 2026-01-16 22:53:41.737
!MESSAGE Failed to parse wmic output
!STACK 0
org.xml.sax.SAXParseException; lineNumber: 1; columnNumber: 1; Premature end of file.
	at java.xml/com.sun.org.apache.xerces.internal.parsers.DOMParser.parse(DOMParser.java:262)
	at java.xml/com.sun.org.apache.xerces.internal.jaxp.DocumentBuilderImpl.parse(DocumentBuilderImpl.java:342)
	at com.st.stm32cube.ide.mpu.remote.serial.internal.SerialPortProviderWindows.run(SerialPortProviderWindows.java:127)
	at java.base/java.util.TimerThread.mainLoop(Timer.java:566)
	at java.base/java.util.TimerThread.run(Timer.java:516)

!ENTRY com.st.stm32cube.ide.mpu.remote.serial 4 0 2026-01-16 22:53:42.731
!MESSAGE Failed to parse wmic output
!STACK 0
org.xml.sax.SAXParseException; lineNumber: 1; columnNumber: 1; Premature end of file.
	at java.xml/com.sun.org.apache.xerces.internal.parsers.DOMParser.parse(DOMParser.java:262)
	at java.xml/com.sun.org.apache.xerces.internal.jaxp.DocumentBuilderImpl.parse(DocumentBuilderImpl.java:342)
	at com.st.stm32cube.ide.mpu.remote.serial.internal.SerialPortProviderWindows.run(SerialPortProviderWindows.java:127)
	at java.base/java.util.TimerThread.mainLoop(Timer.java:566)
	at java.base/java.util.TimerThread.run(Timer.java:516)

!ENTRY com.st.stm32cube.ide.mpu.remote.serial 4 0 2026-01-16 22:53:43.732
!MESSAGE Failed to parse wmic output
!STACK 0
org.xml.sax.SAXParseException; lineNumber: 1; columnNumber: 1; Premature end of file.
	at java.xml/com.sun.org.apache.xerces.internal.parsers.DOMParser.parse(DOMParser.java:262)
	at java.xml/com.sun.org.apache.xerces.internal.jaxp.DocumentBuilderImpl.parse(DocumentBuilderImpl.java:342)
	at com.st.stm32cube.ide.mpu.remote.serial.internal.SerialPortProviderWindows.run(SerialPortProviderWindows.java:127)
	at java.base/java.util.TimerThread.mainLoop(Timer.java:566)
	at java.base/java.util.TimerThread.run(Timer.java:516)

!ENTRY com.st.stm32cube.ide.mpu.remote.serial 4 0 2026-01-16 22:53:44.732
!MESSAGE Failed to parse wmic output
!STACK 0
org.xml.sax.SAXParseException; lineNumber: 1; columnNumber: 1; Premature end of file.
	at java.xml/com.sun.org.apache.xerces.internal.parsers.DOMParser.parse(DOMParser.java:262)
	at java.xml/com.sun.org.apache.xerces.internal.jaxp.DocumentBuilderImpl.parse(DocumentBuilderImpl.java:342)
	at com.st.stm32cube.ide.mpu.remote.serial.internal.SerialPortProviderWindows.run(SerialPortProviderWindows.java:127)
	at java.base/java.util.TimerThread.mainLoop(Timer.java:566)
	at java.base/java.util.TimerThread.run(Timer.java:516)

!ENTRY com.st.stm32cube.ide.mpu.remote.serial 4 0 2026-01-16 22:53:45.738
!MESSAGE Failed to parse wmic output
!STACK 0
org.xml.sax.SAXParseException; lineNumber: 1; columnNumber: 1; Premature end of file.
	at java.xml/com.sun.org.apache.xerces.internal.parsers.DOMParser.parse(DOMParser.java:262)
	at java.xml/com.sun.org.apache.xerces.internal.jaxp.DocumentBuilderImpl.parse(DocumentBuilderImpl.java:342)
	at com.st.stm32cube.ide.mpu.remote.serial.internal.SerialPortProviderWindows.run(SerialPortProviderWindows.java:127)
	at java.base/java.util.TimerThread.mainLoop(Timer.java:566)
	at java.base/java.util.TimerThread.run(Timer.java:516)

!ENTRY com.st.stm32cube.ide.mpu.remote.serial 4 0 2026-01-16 22:53:46.725
!MESSAGE Failed to parse wmic output
!STACK 0
org.xml.sax.SAXParseException; lineNumber: 1; columnNumber: 1; Premature end of file.
	at java.xml/com.sun.org.apache.xerces.internal.parsers.DOMParser.parse(DOMParser.java:262)
	at java.xml/com.sun.org.apache.xerces.internal.jaxp.DocumentBuilderImpl.parse(DocumentBuilderImpl.java:342)
	at com.st.stm32cube.ide.mpu.remote.serial.internal.SerialPortProviderWindows.run(SerialPortProviderWindows.java:127)
	at java.base/java.util.TimerThread.mainLoop(Timer.java:566)
	at java.base/java.util.TimerThread.run(Timer.java:516)

!ENTRY com.st.stm32cube.ide.mpu.remote.serial 4 0 2026-01-16 22:53:47.735
!MESSAGE Failed to parse wmic output
!STACK 0
org.xml.sax.SAXParseException; lineNumber: 1; columnNumber: 1; Premature end of file.
	at java.xml/com.sun.org.apache.xerces.internal.parsers.DOMParser.parse(DOMParser.java:262)
	at java.xml/com.sun.org.apache.xerces.internal.jaxp.DocumentBuilderImpl.parse(DocumentBuilderImpl.java:342)
	at com.st.stm32cube.ide.mpu.remote.serial.internal.SerialPortProviderWindows.run(SerialPortProviderWindows.java:127)
	at java.base/java.util.TimerThread.mainLoop(Timer.java:566)
	at java.base/java.util.TimerThread.run(Timer.java:516)

!ENTRY com.st.stm32cube.ide.mpu.remote.serial 4 0 2026-01-16 22:53:48.753
!MESSAGE Failed to parse wmic output
!STACK 0
org.xml.sax.SAXParseException; lineNumber: 1; columnNumber: 1; Premature end of file.
	at java.xml/com.sun.org.apache.xerces.internal.parsers.DOMParser.parse(DOMParser.java:262)
	at java.xml/com.sun.org.apache.xerces.internal.jaxp.DocumentBuilderImpl.parse(DocumentBuilderImpl.java:342)
	at com.st.stm32cube.ide.mpu.remote.serial.internal.SerialPortProviderWindows.run(SerialPortProviderWindows.java:127)
	at java.base/java.util.TimerThread.mainLoop(Timer.java:566)
	at java.base/java.util.TimerThread.run(Timer.java:516)

!ENTRY com.st.stm32cube.ide.mpu.remote.serial 4 0 2026-01-16 22:53:49.723
!MESSAGE Failed to parse wmic output
!STACK 0
org.xml.sax.SAXParseException; lineNumber: 1; columnNumber: 1; Premature end of file.
	at java.xml/com.sun.org.apache.xerces.internal.parsers.DOMParser.parse(DOMParser.java:262)
	at java.xml/com.sun.org.apache.xerces.internal.jaxp.DocumentBuilderImpl.parse(DocumentBuilderImpl.java:342)
	at com.st.stm32cube.ide.mpu.remote.serial.internal.SerialPortProviderWindows.run(SerialPortProviderWindows.java:127)
	at java.base/java.util.TimerThread.mainLoop(Timer.java:566)
	at java.base/java.util.TimerThread.run(Timer.java:516)

!ENTRY com.st.stm32cube.ide.mpu.remote.serial 4 0 2026-01-16 22:53:50.746
!MESSAGE Failed to parse wmic output
!STACK 0
org.xml.sax.SAXParseException; lineNumber: 1; columnNumber: 1; Premature end of file.
	at java.xml/com.sun.org.apache.xerces.internal.parsers.DOMParser.parse(DOMParser.java:262)
	at java.xml/com.sun.org.apache.xerces.internal.jaxp.DocumentBuilderImpl.parse(DocumentBuilderImpl.java:342)
	at com.st.stm32cube.ide.mpu.remote.serial.internal.SerialPortProviderWindows.run(SerialPortProviderWindows.java:127)
	at java.base/java.util.TimerThread.mainLoop(Timer.java:566)
	at java.base/java.util.TimerThread.run(Timer.java:516)

!ENTRY com.st.stm32cube.ide.mpu.remote.serial 4 0 2026-01-16 22:53:51.732
!MESSAGE Failed to parse wmic output
!STACK 0
org.xml.sax.SAXParseException; lineNumber: 1; columnNumber: 1; Premature end of file.
	at java.xml/com.sun.org.apache.xerces.internal.parsers.DOMParser.parse(DOMParser.java:262)
	at java.xml/com.sun.org.apache.xerces.internal.jaxp.DocumentBuilderImpl.parse(DocumentBuilderImpl.java:342)
	at com.st.stm32cube.ide.mpu.remote.serial.internal.SerialPortProviderWindows.run(SerialPortProviderWindows.java:127)
	at java.base/java.util.TimerThread.mainLoop(Timer.java:566)
	at java.base/java.util.TimerThread.run(Timer.java:516)

!ENTRY com.st.stm32cube.ide.mpu.remote.serial 4 0 2026-01-16 22:53:52.737
!MESSAGE Failed to parse wmic output
!STACK 0
org.xml.sax.SAXParseException; lineNumber: 1; columnNumber: 1; Premature end of file.
	at java.xml/com.sun.org.apache.xerces.internal.parsers.DOMParser.parse(DOMParser.java:262)
	at java.xml/com.sun.org.apache.xerces.internal.jaxp.DocumentBuilderImpl.parse(DocumentBuilderImpl.java:342)
	at com.st.stm32cube.ide.mpu.remote.serial.internal.SerialPortProviderWindows.run(SerialPortProviderWindows.java:127)
	at java.base/java.util.TimerThread.mainLoop(Timer.java:566)
	at java.base/java.util.TimerThread.run(Timer.java:516)

!ENTRY com.st.stm32cube.ide.mpu.remote.serial 4 0 2026-01-16 22:53:53.763
!MESSAGE Failed to parse wmic output
!STACK 0
org.xml.sax.SAXParseException; lineNumber: 1; columnNumber: 1; Premature end of file.
	at java.xml/com.sun.org.apache.xerces.internal.parsers.DOMParser.parse(DOMParser.java:262)
	at java.xml/com.sun.org.apache.xerces.internal.jaxp.DocumentBuilderImpl.parse(DocumentBuilderImpl.java:342)
	at com.st.stm32cube.ide.mpu.remote.serial.internal.SerialPortProviderWindows.run(SerialPortProviderWindows.java:127)
	at java.base/java.util.TimerThread.mainLoop(Timer.java:566)
	at java.base/java.util.TimerThread.run(Timer.java:516)

!ENTRY com.st.stm32cube.ide.mpu.remote.serial 4 0 2026-01-16 22:53:54.724
!MESSAGE Failed to parse wmic output
!STACK 0
org.xml.sax.SAXParseException; lineNumber: 1; columnNumber: 1; Premature end of file.
	at java.xml/com.sun.org.apache.xerces.internal.parsers.DOMParser.parse(DOMParser.java:262)
	at java.xml/com.sun.org.apache.xerces.internal.jaxp.DocumentBuilderImpl.parse(DocumentBuilderImpl.java:342)
	at com.st.stm32cube.ide.mpu.remote.serial.internal.SerialPortProviderWindows.run(SerialPortProviderWindows.java:127)
	at java.base/java.util.TimerThread.mainLoop(Timer.java:566)
	at java.base/java.util.TimerThread.run(Timer.java:516)

!ENTRY com.st.stm32cube.ide.mpu.remote.serial 4 0 2026-01-16 22:53:55.724
!MESSAGE Failed to parse wmic output
!STACK 0
org.xml.sax.SAXParseException; lineNumber: 1; columnNumber: 1; Premature end of file.
	at java.xml/com.sun.org.apache.xerces.internal.parsers.DOMParser.parse(DOMParser.java:262)
	at java.xml/com.sun.org.apache.xerces.internal.jaxp.DocumentBuilderImpl.parse(DocumentBuilderImpl.java:342)
	at com.st.stm32cube.ide.mpu.remote.serial.internal.SerialPortProviderWindows.run(SerialPortProviderWindows.java:127)
	at java.base/java.util.TimerThread.mainLoop(Timer.java:566)
	at java.base/java.util.TimerThread.run(Timer.java:516)

!ENTRY com.st.stm32cube.ide.mpu.remote.serial 4 0 2026-01-16 22:53:56.733
!MESSAGE Failed to parse wmic output
!STACK 0
org.xml.sax.SAXParseException; lineNumber: 1; columnNumber: 1; Premature end of file.
	at java.xml/com.sun.org.apache.xerces.internal.parsers.DOMParser.parse(DOMParser.java:262)
	at java.xml/com.sun.org.apache.xerces.internal.jaxp.DocumentBuilderImpl.parse(DocumentBuilderImpl.java:342)
	at com.st.stm32cube.ide.mpu.remote.serial.internal.SerialPortProviderWindows.run(SerialPortProviderWindows.java:127)
	at java.base/java.util.TimerThread.mainLoop(Timer.java:566)
	at java.base/java.util.TimerThread.run(Timer.java:516)

!ENTRY com.st.stm32cube.ide.mpu.remote.serial 4 0 2026-01-16 22:53:57.716
!MESSAGE Failed to parse wmic output
!STACK 0
org.xml.sax.SAXParseException; lineNumber: 1; columnNumber: 1; Premature end of file.
	at java.xml/com.sun.org.apache.xerces.internal.parsers.DOMParser.parse(DOMParser.java:262)
	at java.xml/com.sun.org.apache.xerces.internal.jaxp.DocumentBuilderImpl.parse(DocumentBuilderImpl.java:342)
	at com.st.stm32cube.ide.mpu.remote.serial.internal.SerialPortProviderWindows.run(SerialPortProviderWindows.java:127)
	at java.base/java.util.TimerThread.mainLoop(Timer.java:566)
	at java.base/java.util.TimerThread.run(Timer.java:516)

!ENTRY com.st.stm32cube.ide.mpu.remote.serial 4 0 2026-01-16 22:53:58.728
!MESSAGE Failed to parse wmic output
!STACK 0
org.xml.sax.SAXParseException; lineNumber: 1; columnNumber: 1; Premature end of file.
	at java.xml/com.sun.org.apache.xerces.internal.parsers.DOMParser.parse(DOMParser.java:262)
	at java.xml/com.sun.org.apache.xerces.internal.jaxp.DocumentBuilderImpl.parse(DocumentBuilderImpl.java:342)
	at com.st.stm32cube.ide.mpu.remote.serial.internal.SerialPortProviderWindows.run(SerialPortProviderWindows.java:127)
	at java.base/java.util.TimerThread.mainLoop(Timer.java:566)
	at java.base/java.util.TimerThread.run(Timer.java:516)

!ENTRY com.st.stm32cube.ide.mpu.remote.serial 4 0 2026-01-16 22:53:59.734
!MESSAGE Failed to parse wmic output
!STACK 0
org.xml.sax.SAXParseException; lineNumber: 1; columnNumber: 1; Premature end of file.
	at java.xml/com.sun.org.apache.xerces.internal.parsers.DOMParser.parse(DOMParser.java:262)
	at java.xml/com.sun.org.apache.xerces.internal.jaxp.DocumentBuilderImpl.parse(DocumentBuilderImpl.java:342)
	at com.st.stm32cube.ide.mpu.remote.serial.internal.SerialPortProviderWindows.run(SerialPortProviderWindows.java:127)
	at java.base/java.util.TimerThread.mainLoop(Timer.java:566)
	at java.base/java.util.TimerThread.run(Timer.java:516)

!ENTRY com.st.stm32cube.ide.mpu.remote.serial 4 0 2026-01-16 22:54:00.737
!MESSAGE Failed to parse wmic output
!STACK 0
org.xml.sax.SAXParseException; lineNumber: 1; columnNumber: 1; Premature end of file.
	at java.xml/com.sun.org.apache.xerces.internal.parsers.DOMParser.parse(DOMParser.java:262)
	at java.xml/com.sun.org.apache.xerces.internal.jaxp.DocumentBuilderImpl.parse(DocumentBuilderImpl.java:342)
	at com.st.stm32cube.ide.mpu.remote.serial.internal.SerialPortProviderWindows.run(SerialPortProviderWindows.java:127)
	at java.base/java.util.TimerThread.mainLoop(Timer.java:566)
	at java.base/java.util.TimerThread.run(Timer.java:516)

!ENTRY com.st.stm32cube.ide.mpu.remote.serial 4 0 2026-01-16 22:54:01.745
!MESSAGE Failed to parse wmic output
!STACK 0
org.xml.sax.SAXParseException; lineNumber: 1; columnNumber: 1; Premature end of file.
	at java.xml/com.sun.org.apache.xerces.internal.parsers.DOMParser.parse(DOMParser.java:262)
	at java.xml/com.sun.org.apache.xerces.internal.jaxp.DocumentBuilderImpl.parse(DocumentBuilderImpl.java:342)
	at com.st.stm32cube.ide.mpu.remote.serial.internal.SerialPortProviderWindows.run(SerialPortProviderWindows.java:127)
	at java.base/java.util.TimerThread.mainLoop(Timer.java:566)
	at java.base/java.util.TimerThread.run(Timer.java:516)

!ENTRY com.st.stm32cube.ide.mpu.remote.serial 4 0 2026-01-16 22:54:02.754
!MESSAGE Failed to parse wmic output
!STACK 0
org.xml.sax.SAXParseException; lineNumber: 1; columnNumber: 1; Premature end of file.
	at java.xml/com.sun.org.apache.xerces.internal.parsers.DOMParser.parse(DOMParser.java:262)
	at java.xml/com.sun.org.apache.xerces.internal.jaxp.DocumentBuilderImpl.parse(DocumentBuilderImpl.java:342)
	at com.st.stm32cube.ide.mpu.remote.serial.internal.SerialPortProviderWindows.run(SerialPortProviderWindows.java:127)
	at java.base/java.util.TimerThread.mainLoop(Timer.java:566)
	at java.base/java.util.TimerThread.run(Timer.java:516)

!ENTRY com.st.stm32cube.ide.mpu.remote.serial 4 0 2026-01-16 22:54:03.735
!MESSAGE Failed to parse wmic output
!STACK 0
org.xml.sax.SAXParseException; lineNumber: 1; columnNumber: 1; Premature end of file.
	at java.xml/com.sun.org.apache.xerces.internal.parsers.DOMParser.parse(DOMParser.java:262)
	at java.xml/com.sun.org.apache.xerces.internal.jaxp.DocumentBuilderImpl.parse(DocumentBuilderImpl.java:342)
	at com.st.stm32cube.ide.mpu.remote.serial.internal.SerialPortProviderWindows.run(SerialPortProviderWindows.java:127)
	at java.base/java.util.TimerThread.mainLoop(Timer.java:566)
	at java.base/java.util.TimerThread.run(Timer.java:516)

!ENTRY com.st.stm32cube.ide.mpu.remote.serial 4 0 2026-01-16 22:54:04.736
!MESSAGE Failed to parse wmic output
!STACK 0
org.xml.sax.SAXParseException; lineNumber: 1; columnNumber: 1; Premature end of file.
	at java.xml/com.sun.org.apache.xerces.internal.parsers.DOMParser.parse(DOMParser.java:262)
	at java.xml/com.sun.org.apache.xerces.internal.jaxp.DocumentBuilderImpl.parse(DocumentBuilderImpl.java:342)
	at com.st.stm32cube.ide.mpu.remote.serial.internal.SerialPortProviderWindows.run(SerialPortProviderWindows.java:127)
	at java.base/java.util.TimerThread.mainLoop(Timer.java:566)
	at java.base/java.util.TimerThread.run(Timer.java:516)

!ENTRY com.st.stm32cube.ide.mpu.remote.serial 4 0 2026-01-16 22:54:05.745
!MESSAGE Failed to parse wmic output
!STACK 0
org.xml.sax.SAXParseException; lineNumber: 1; columnNumber: 1; Premature end of file.
	at java.xml/com.sun.org.apache.xerces.internal.parsers.DOMParser.parse(DOMParser.java:262)
	at java.xml/com.sun.org.apache.xerces.internal.jaxp.DocumentBuilderImpl.parse(DocumentBuilderImpl.java:342)
	at com.st.stm32cube.ide.mpu.remote.serial.internal.SerialPortProviderWindows.run(SerialPortProviderWindows.java:127)
	at java.base/java.util.TimerThread.mainLoop(Timer.java:566)
	at java.base/java.util.TimerThread.run(Timer.java:516)

!ENTRY com.st.stm32cube.ide.mpu.remote.serial 4 0 2026-01-16 22:54:06.735
!MESSAGE Failed to parse wmic output
!STACK 0
org.xml.sax.SAXParseException; lineNumber: 1; columnNumber: 1; Premature end of file.
	at java.xml/com.sun.org.apache.xerces.internal.parsers.DOMParser.parse(DOMParser.java:262)
	at java.xml/com.sun.org.apache.xerces.internal.jaxp.DocumentBuilderImpl.parse(DocumentBuilderImpl.java:342)
	at com.st.stm32cube.ide.mpu.remote.serial.internal.SerialPortProviderWindows.run(SerialPortProviderWindows.java:127)
	at java.base/java.util.TimerThread.mainLoop(Timer.java:566)
	at java.base/java.util.TimerThread.run(Timer.java:516)

!ENTRY com.st.stm32cube.ide.mpu.remote.serial 4 0 2026-01-16 22:54:07.743
!MESSAGE Failed to parse wmic output
!STACK 0
org.xml.sax.SAXParseException; lineNumber: 1; columnNumber: 1; Premature end of file.
	at java.xml/com.sun.org.apache.xerces.internal.parsers.DOMParser.parse(DOMParser.java:262)
	at java.xml/com.sun.org.apache.xerces.internal.jaxp.DocumentBuilderImpl.parse(DocumentBuilderImpl.java:342)
	at com.st.stm32cube.ide.mpu.remote.serial.internal.SerialPortProviderWindows.run(SerialPortProviderWindows.java:127)
	at java.base/java.util.TimerThread.mainLoop(Timer.java:566)
	at java.base/java.util.TimerThread.run(Timer.java:516)

!ENTRY com.st.stm32cube.ide.mpu.remote.serial 4 0 2026-01-16 22:54:08.744
!MESSAGE Failed to parse wmic output
!STACK 0
org.xml.sax.SAXParseException; lineNumber: 1; columnNumber: 1; Premature end of file.
	at java.xml/com.sun.org.apache.xerces.internal.parsers.DOMParser.parse(DOMParser.java:262)
	at java.xml/com.sun.org.apache.xerces.internal.jaxp.DocumentBuilderImpl.parse(DocumentBuilderImpl.java:342)
	at com.st.stm32cube.ide.mpu.remote.serial.internal.SerialPortProviderWindows.run(SerialPortProviderWindows.java:127)
	at java.base/java.util.TimerThread.mainLoop(Timer.java:566)
	at java.base/java.util.TimerThread.run(Timer.java:516)

!ENTRY com.st.stm32cube.ide.mpu.remote.serial 4 0 2026-01-16 22:54:09.728
!MESSAGE Failed to parse wmic output
!STACK 0
org.xml.sax.SAXParseException; lineNumber: 1; columnNumber: 1; Premature end of file.
	at java.xml/com.sun.org.apache.xerces.internal.parsers.DOMParser.parse(DOMParser.java:262)
	at java.xml/com.sun.org.apache.xerces.internal.jaxp.DocumentBuilderImpl.parse(DocumentBuilderImpl.java:342)
	at com.st.stm32cube.ide.mpu.remote.serial.internal.SerialPortProviderWindows.run(SerialPortProviderWindows.java:127)
	at java.base/java.util.TimerThread.mainLoop(Timer.java:566)
	at java.base/java.util.TimerThread.run(Timer.java:516)

!ENTRY com.st.stm32cube.ide.mpu.remote.serial 4 0 2026-01-16 22:54:10.746
!MESSAGE Failed to parse wmic output
!STACK 0
org.xml.sax.SAXParseException; lineNumber: 1; columnNumber: 1; Premature end of file.
	at java.xml/com.sun.org.apache.xerces.internal.parsers.DOMParser.parse(DOMParser.java:262)
	at java.xml/com.sun.org.apache.xerces.internal.jaxp.DocumentBuilderImpl.parse(DocumentBuilderImpl.java:342)
	at com.st.stm32cube.ide.mpu.remote.serial.internal.SerialPortProviderWindows.run(SerialPortProviderWindows.java:127)
	at java.base/java.util.TimerThread.mainLoop(Timer.java:566)
	at java.base/java.util.TimerThread.run(Timer.java:516)

!ENTRY com.st.stm32cube.ide.mpu.remote.serial 4 0 2026-01-16 22:54:11.728
!MESSAGE Failed to parse wmic output
!STACK 0
org.xml.sax.SAXParseException; lineNumber: 1; columnNumber: 1; Premature end of file.
	at java.xml/com.sun.org.apache.xerces.internal.parsers.DOMParser.parse(DOMParser.java:262)
	at java.xml/com.sun.org.apache.xerces.internal.jaxp.DocumentBuilderImpl.parse(DocumentBuilderImpl.java:342)
	at com.st.stm32cube.ide.mpu.remote.serial.internal.SerialPortProviderWindows.run(SerialPortProviderWindows.java:127)
	at java.base/java.util.TimerThread.mainLoop(Timer.java:566)
	at java.base/java.util.TimerThread.run(Timer.java:516)

!ENTRY com.st.stm32cube.ide.mpu.remote.serial 4 0 2026-01-16 22:54:12.734
!MESSAGE Failed to parse wmic output
!STACK 0
org.xml.sax.SAXParseException; lineNumber: 1; columnNumber: 1; Premature end of file.
	at java.xml/com.sun.org.apache.xerces.internal.parsers.DOMParser.parse(DOMParser.java:262)
	at java.xml/com.sun.org.apache.xerces.internal.jaxp.DocumentBuilderImpl.parse(DocumentBuilderImpl.java:342)
	at com.st.stm32cube.ide.mpu.remote.serial.internal.SerialPortProviderWindows.run(SerialPortProviderWindows.java:127)
	at java.base/java.util.TimerThread.mainLoop(Timer.java:566)
	at java.base/java.util.TimerThread.run(Timer.java:516)

!ENTRY com.st.stm32cube.ide.mpu.remote.serial 4 0 2026-01-16 22:54:13.727
!MESSAGE Failed to parse wmic output
!STACK 0
org.xml.sax.SAXParseException; lineNumber: 1; columnNumber: 1; Premature end of file.
	at java.xml/com.sun.org.apache.xerces.internal.parsers.DOMParser.parse(DOMParser.java:262)
	at java.xml/com.sun.org.apache.xerces.internal.jaxp.DocumentBuilderImpl.parse(DocumentBuilderImpl.java:342)
	at com.st.stm32cube.ide.mpu.remote.serial.internal.SerialPortProviderWindows.run(SerialPortProviderWindows.java:127)
	at java.base/java.util.TimerThread.mainLoop(Timer.java:566)
	at java.base/java.util.TimerThread.run(Timer.java:516)

!ENTRY com.st.stm32cube.ide.mpu.remote.serial 4 0 2026-01-16 22:54:14.735
!MESSAGE Failed to parse wmic output
!STACK 0
org.xml.sax.SAXParseException; lineNumber: 1; columnNumber: 1; Premature end of file.
	at java.xml/com.sun.org.apache.xerces.internal.parsers.DOMParser.parse(DOMParser.java:262)
	at java.xml/com.sun.org.apache.xerces.internal.jaxp.DocumentBuilderImpl.parse(DocumentBuilderImpl.java:342)
	at com.st.stm32cube.ide.mpu.remote.serial.internal.SerialPortProviderWindows.run(SerialPortProviderWindows.java:127)
	at java.base/java.util.TimerThread.mainLoop(Timer.java:566)
	at java.base/java.util.TimerThread.run(Timer.java:516)

!ENTRY com.st.stm32cube.ide.mpu.remote.serial 4 0 2026-01-16 22:54:15.740
!MESSAGE Failed to parse wmic output
!STACK 0
org.xml.sax.SAXParseException; lineNumber: 1; columnNumber: 1; Premature end of file.
	at java.xml/com.sun.org.apache.xerces.internal.parsers.DOMParser.parse(DOMParser.java:262)
	at java.xml/com.sun.org.apache.xerces.internal.jaxp.DocumentBuilderImpl.parse(DocumentBuilderImpl.java:342)
	at com.st.stm32cube.ide.mpu.remote.serial.internal.SerialPortProviderWindows.run(SerialPortProviderWindows.java:127)
	at java.base/java.util.TimerThread.mainLoop(Timer.java:566)
	at java.base/java.util.TimerThread.run(Timer.java:516)

!ENTRY com.st.stm32cube.ide.mpu.remote.serial 4 0 2026-01-16 22:54:16.734
!MESSAGE Failed to parse wmic output
!STACK 0
org.xml.sax.SAXParseException; lineNumber: 1; columnNumber: 1; Premature end of file.
	at java.xml/com.sun.org.apache.xerces.internal.parsers.DOMParser.parse(DOMParser.java:262)
	at java.xml/com.sun.org.apache.xerces.internal.jaxp.DocumentBuilderImpl.parse(DocumentBuilderImpl.java:342)
	at com.st.stm32cube.ide.mpu.remote.serial.internal.SerialPortProviderWindows.run(SerialPortProviderWindows.java:127)
	at java.base/java.util.TimerThread.mainLoop(Timer.java:566)
	at java.base/java.util.TimerThread.run(Timer.java:516)

!ENTRY com.st.stm32cube.ide.mpu.remote.serial 4 0 2026-01-16 22:54:17.734
!MESSAGE Failed to parse wmic output
!STACK 0
org.xml.sax.SAXParseException; lineNumber: 1; columnNumber: 1; Premature end of file.
	at java.xml/com.sun.org.apache.xerces.internal.parsers.DOMParser.parse(DOMParser.java:262)
	at java.xml/com.sun.org.apache.xerces.internal.jaxp.DocumentBuilderImpl.parse(DocumentBuilderImpl.java:342)
	at com.st.stm32cube.ide.mpu.remote.serial.internal.SerialPortProviderWindows.run(SerialPortProviderWindows.java:127)
	at java.base/java.util.TimerThread.mainLoop(Timer.java:566)
	at java.base/java.util.TimerThread.run(Timer.java:516)

!ENTRY com.st.stm32cube.ide.mpu.remote.serial 4 0 2026-01-16 22:54:18.728
!MESSAGE Failed to parse wmic output
!STACK 0
org.xml.sax.SAXParseException; lineNumber: 1; columnNumber: 1; Premature end of file.
	at java.xml/com.sun.org.apache.xerces.internal.parsers.DOMParser.parse(DOMParser.java:262)
	at java.xml/com.sun.org.apache.xerces.internal.jaxp.DocumentBuilderImpl.parse(DocumentBuilderImpl.java:342)
	at com.st.stm32cube.ide.mpu.remote.serial.internal.SerialPortProviderWindows.run(SerialPortProviderWindows.java:127)
	at java.base/java.util.TimerThread.mainLoop(Timer.java:566)
	at java.base/java.util.TimerThread.run(Timer.java:516)

!ENTRY com.st.stm32cube.ide.mpu.remote.serial 4 0 2026-01-16 22:54:19.724
!MESSAGE Failed to parse wmic output
!STACK 0
org.xml.sax.SAXParseException; lineNumber: 1; columnNumber: 1; Premature end of file.
	at java.xml/com.sun.org.apache.xerces.internal.parsers.DOMParser.parse(DOMParser.java:262)
	at java.xml/com.sun.org.apache.xerces.internal.jaxp.DocumentBuilderImpl.parse(DocumentBuilderImpl.java:342)
	at com.st.stm32cube.ide.mpu.remote.serial.internal.SerialPortProviderWindows.run(SerialPortProviderWindows.java:127)
	at java.base/java.util.TimerThread.mainLoop(Timer.java:566)
	at java.base/java.util.TimerThread.run(Timer.java:516)

!ENTRY com.st.stm32cube.ide.mpu.remote.serial 4 0 2026-01-16 22:54:20.736
!MESSAGE Failed to parse wmic output
!STACK 0
org.xml.sax.SAXParseException; lineNumber: 1; columnNumber: 1; Premature end of file.
	at java.xml/com.sun.org.apache.xerces.internal.parsers.DOMParser.parse(DOMParser.java:262)
	at java.xml/com.sun.org.apache.xerces.internal.jaxp.DocumentBuilderImpl.parse(DocumentBuilderImpl.java:342)
	at com.st.stm32cube.ide.mpu.remote.serial.internal.SerialPortProviderWindows.run(SerialPortProviderWindows.java:127)
	at java.base/java.util.TimerThread.mainLoop(Timer.java:566)
	at java.base/java.util.TimerThread.run(Timer.java:516)

!ENTRY com.st.stm32cube.ide.mpu.remote.serial 4 0 2026-01-16 22:54:21.735
!MESSAGE Failed to parse wmic output
!STACK 0
org.xml.sax.SAXParseException; lineNumber: 1; columnNumber: 1; Premature end of file.
	at java.xml/com.sun.org.apache.xerces.internal.parsers.DOMParser.parse(DOMParser.java:262)
	at java.xml/com.sun.org.apache.xerces.internal.jaxp.DocumentBuilderImpl.parse(DocumentBuilderImpl.java:342)
	at com.st.stm32cube.ide.mpu.remote.serial.internal.SerialPortProviderWindows.run(SerialPortProviderWindows.java:127)
	at java.base/java.util.TimerThread.mainLoop(Timer.java:566)
	at java.base/java.util.TimerThread.run(Timer.java:516)

!ENTRY com.st.stm32cube.ide.mpu.remote.serial 4 0 2026-01-16 22:54:22.729
!MESSAGE Failed to parse wmic output
!STACK 0
org.xml.sax.SAXParseException; lineNumber: 1; columnNumber: 1; Premature end of file.
	at java.xml/com.sun.org.apache.xerces.internal.parsers.DOMParser.parse(DOMParser.java:262)
	at java.xml/com.sun.org.apache.xerces.internal.jaxp.DocumentBuilderImpl.parse(DocumentBuilderImpl.java:342)
	at com.st.stm32cube.ide.mpu.remote.serial.internal.SerialPortProviderWindows.run(SerialPortProviderWindows.java:127)
	at java.base/java.util.TimerThread.mainLoop(Timer.java:566)
	at java.base/java.util.TimerThread.run(Timer.java:516)

!ENTRY com.st.stm32cube.ide.mpu.remote.serial 4 0 2026-01-16 22:54:23.754
!MESSAGE Failed to parse wmic output
!STACK 0
org.xml.sax.SAXParseException; lineNumber: 1; columnNumber: 1; Premature end of file.
	at java.xml/com.sun.org.apache.xerces.internal.parsers.DOMParser.parse(DOMParser.java:262)
	at java.xml/com.sun.org.apache.xerces.internal.jaxp.DocumentBuilderImpl.parse(DocumentBuilderImpl.java:342)
	at com.st.stm32cube.ide.mpu.remote.serial.internal.SerialPortProviderWindows.run(SerialPortProviderWindows.java:127)
	at java.base/java.util.TimerThread.mainLoop(Timer.java:566)
	at java.base/java.util.TimerThread.run(Timer.java:516)

!ENTRY com.st.stm32cube.ide.mpu.remote.serial 4 0 2026-01-16 22:54:24.736
!MESSAGE Failed to parse wmic output
!STACK 0
org.xml.sax.SAXParseException; lineNumber: 1; columnNumber: 1; Premature end of file.
	at java.xml/com.sun.org.apache.xerces.internal.parsers.DOMParser.parse(DOMParser.java:262)
	at java.xml/com.sun.org.apache.xerces.internal.jaxp.DocumentBuilderImpl.parse(DocumentBuilderImpl.java:342)
	at com.st.stm32cube.ide.mpu.remote.serial.internal.SerialPortProviderWindows.run(SerialPortProviderWindows.java:127)
	at java.base/java.util.TimerThread.mainLoop(Timer.java:566)
	at java.base/java.util.TimerThread.run(Timer.java:516)

!ENTRY com.st.stm32cube.ide.mpu.remote.serial 4 0 2026-01-16 22:54:25.719
!MESSAGE Failed to parse wmic output
!STACK 0
org.xml.sax.SAXParseException; lineNumber: 1; columnNumber: 1; Premature end of file.
	at java.xml/com.sun.org.apache.xerces.internal.parsers.DOMParser.parse(DOMParser.java:262)
	at java.xml/com.sun.org.apache.xerces.internal.jaxp.DocumentBuilderImpl.parse(DocumentBuilderImpl.java:342)
	at com.st.stm32cube.ide.mpu.remote.serial.internal.SerialPortProviderWindows.run(SerialPortProviderWindows.java:127)
	at java.base/java.util.TimerThread.mainLoop(Timer.java:566)
	at java.base/java.util.TimerThread.run(Timer.java:516)

!ENTRY com.st.stm32cube.ide.mpu.remote.serial 4 0 2026-01-16 22:54:26.729
!MESSAGE Failed to parse wmic output
!STACK 0
org.xml.sax.SAXParseException; lineNumber: 1; columnNumber: 1; Premature end of file.
	at java.xml/com.sun.org.apache.xerces.internal.parsers.DOMParser.parse(DOMParser.java:262)
	at java.xml/com.sun.org.apache.xerces.internal.jaxp.DocumentBuilderImpl.parse(DocumentBuilderImpl.java:342)
	at com.st.stm32cube.ide.mpu.remote.serial.internal.SerialPortProviderWindows.run(SerialPortProviderWindows.java:127)
	at java.base/java.util.TimerThread.mainLoop(Timer.java:566)
	at java.base/java.util.TimerThread.run(Timer.java:516)

!ENTRY com.st.stm32cube.ide.mpu.remote.serial 4 0 2026-01-16 22:54:27.720
!MESSAGE Failed to parse wmic output
!STACK 0
org.xml.sax.SAXParseException; lineNumber: 1; columnNumber: 1; Premature end of file.
	at java.xml/com.sun.org.apache.xerces.internal.parsers.DOMParser.parse(DOMParser.java:262)
	at java.xml/com.sun.org.apache.xerces.internal.jaxp.DocumentBuilderImpl.parse(DocumentBuilderImpl.java:342)
	at com.st.stm32cube.ide.mpu.remote.serial.internal.SerialPortProviderWindows.run(SerialPortProviderWindows.java:127)
	at java.base/java.util.TimerThread.mainLoop(Timer.java:566)
	at java.base/java.util.TimerThread.run(Timer.java:516)

!ENTRY com.st.stm32cube.ide.mpu.remote.serial 4 0 2026-01-16 22:54:28.725
!MESSAGE Failed to parse wmic output
!STACK 0
org.xml.sax.SAXParseException; lineNumber: 1; columnNumber: 1; Premature end of file.
	at java.xml/com.sun.org.apache.xerces.internal.parsers.DOMParser.parse(DOMParser.java:262)
	at java.xml/com.sun.org.apache.xerces.internal.jaxp.DocumentBuilderImpl.parse(DocumentBuilderImpl.java:342)
	at com.st.stm32cube.ide.mpu.remote.serial.internal.SerialPortProviderWindows.run(SerialPortProviderWindows.java:127)
	at java.base/java.util.TimerThread.mainLoop(Timer.java:566)
	at java.base/java.util.TimerThread.run(Timer.java:516)

!ENTRY com.st.stm32cube.ide.mpu.remote.serial 4 0 2026-01-16 22:54:29.737
!MESSAGE Failed to parse wmic output
!STACK 0
org.xml.sax.SAXParseException; lineNumber: 1; columnNumber: 1; Premature end of file.
	at java.xml/com.sun.org.apache.xerces.internal.parsers.DOMParser.parse(DOMParser.java:262)
	at java.xml/com.sun.org.apache.xerces.internal.jaxp.DocumentBuilderImpl.parse(DocumentBuilderImpl.java:342)
	at com.st.stm32cube.ide.mpu.remote.serial.internal.SerialPortProviderWindows.run(SerialPortProviderWindows.java:127)
	at java.base/java.util.TimerThread.mainLoop(Timer.java:566)
	at java.base/java.util.TimerThread.run(Timer.java:516)

!ENTRY com.st.stm32cube.ide.mpu.remote.serial 4 0 2026-01-16 22:54:30.729
!MESSAGE Failed to parse wmic output
!STACK 0
org.xml.sax.SAXParseException; lineNumber: 1; columnNumber: 1; Premature end of file.
	at java.xml/com.sun.org.apache.xerces.internal.parsers.DOMParser.parse(DOMParser.java:262)
	at java.xml/com.sun.org.apache.xerces.internal.jaxp.DocumentBuilderImpl.parse(DocumentBuilderImpl.java:342)
	at com.st.stm32cube.ide.mpu.remote.serial.internal.SerialPortProviderWindows.run(SerialPortProviderWindows.java:127)
	at java.base/java.util.TimerThread.mainLoop(Timer.java:566)
	at java.base/java.util.TimerThread.run(Timer.java:516)

!ENTRY com.st.stm32cube.ide.mpu.remote.serial 4 0 2026-01-16 22:54:31.721
!MESSAGE Failed to parse wmic output
!STACK 0
org.xml.sax.SAXParseException; lineNumber: 1; columnNumber: 1; Premature end of file.
	at java.xml/com.sun.org.apache.xerces.internal.parsers.DOMParser.parse(DOMParser.java:262)
	at java.xml/com.sun.org.apache.xerces.internal.jaxp.DocumentBuilderImpl.parse(DocumentBuilderImpl.java:342)
	at com.st.stm32cube.ide.mpu.remote.serial.internal.SerialPortProviderWindows.run(SerialPortProviderWindows.java:127)
	at java.base/java.util.TimerThread.mainLoop(Timer.java:566)
	at java.base/java.util.TimerThread.run(Timer.java:516)

!ENTRY com.st.stm32cube.ide.mpu.remote.serial 4 0 2026-01-16 22:54:32.719
!MESSAGE Failed to parse wmic output
!STACK 0
org.xml.sax.SAXParseException; lineNumber: 1; columnNumber: 1; Premature end of file.
	at java.xml/com.sun.org.apache.xerces.internal.parsers.DOMParser.parse(DOMParser.java:262)
	at java.xml/com.sun.org.apache.xerces.internal.jaxp.DocumentBuilderImpl.parse(DocumentBuilderImpl.java:342)
	at com.st.stm32cube.ide.mpu.remote.serial.internal.SerialPortProviderWindows.run(SerialPortProviderWindows.java:127)
	at java.base/java.util.TimerThread.mainLoop(Timer.java:566)
	at java.base/java.util.TimerThread.run(Timer.java:516)

!ENTRY com.st.stm32cube.ide.mpu.remote.serial 4 0 2026-01-16 22:54:33.704
!MESSAGE Failed to parse wmic output
!STACK 0
org.xml.sax.SAXParseException; lineNumber: 1; columnNumber: 1; Premature end of file.
	at java.xml/com.sun.org.apache.xerces.internal.parsers.DOMParser.parse(DOMParser.java:262)
	at java.xml/com.sun.org.apache.xerces.internal.jaxp.DocumentBuilderImpl.parse(DocumentBuilderImpl.java:342)
	at com.st.stm32cube.ide.mpu.remote.serial.internal.SerialPortProviderWindows.run(SerialPortProviderWindows.java:127)
	at java.base/java.util.TimerThread.mainLoop(Timer.java:566)
	at java.base/java.util.TimerThread.run(Timer.java:516)

!ENTRY com.st.stm32cube.ide.mpu.remote.serial 4 0 2026-01-16 22:54:34.715
!MESSAGE Failed to parse wmic output
!STACK 0
org.xml.sax.SAXParseException; lineNumber: 1; columnNumber: 1; Premature end of file.
	at java.xml/com.sun.org.apache.xerces.internal.parsers.DOMParser.parse(DOMParser.java:262)
	at java.xml/com.sun.org.apache.xerces.internal.jaxp.DocumentBuilderImpl.parse(DocumentBuilderImpl.java:342)
	at com.st.stm32cube.ide.mpu.remote.serial.internal.SerialPortProviderWindows.run(SerialPortProviderWindows.java:127)
	at java.base/java.util.TimerThread.mainLoop(Timer.java:566)
	at java.base/java.util.TimerThread.run(Timer.java:516)

!ENTRY com.st.stm32cube.ide.mpu.remote.serial 4 0 2026-01-16 22:54:35.728
!MESSAGE Failed to parse wmic output
!STACK 0
org.xml.sax.SAXParseException; lineNumber: 1; columnNumber: 1; Premature end of file.
	at java.xml/com.sun.org.apache.xerces.internal.parsers.DOMParser.parse(DOMParser.java:262)
	at java.xml/com.sun.org.apache.xerces.internal.jaxp.DocumentBuilderImpl.parse(DocumentBuilderImpl.java:342)
	at com.st.stm32cube.ide.mpu.remote.serial.internal.SerialPortProviderWindows.run(SerialPortProviderWindows.java:127)
	at java.base/java.util.TimerThread.mainLoop(Timer.java:566)
	at java.base/java.util.TimerThread.run(Timer.java:516)

!ENTRY com.st.stm32cube.ide.mpu.remote.serial 4 0 2026-01-16 22:54:36.722
!MESSAGE Failed to parse wmic output
!STACK 0
org.xml.sax.SAXParseException; lineNumber: 1; columnNumber: 1; Premature end of file.
	at java.xml/com.sun.org.apache.xerces.internal.parsers.DOMParser.parse(DOMParser.java:262)
	at java.xml/com.sun.org.apache.xerces.internal.jaxp.DocumentBuilderImpl.parse(DocumentBuilderImpl.java:342)
	at com.st.stm32cube.ide.mpu.remote.serial.internal.SerialPortProviderWindows.run(SerialPortProviderWindows.java:127)
	at java.base/java.util.TimerThread.mainLoop(Timer.java:566)
	at java.base/java.util.TimerThread.run(Timer.java:516)

!ENTRY com.st.stm32cube.ide.mpu.remote.serial 4 0 2026-01-16 22:54:37.729
!MESSAGE Failed to parse wmic output
!STACK 0
org.xml.sax.SAXParseException; lineNumber: 1; columnNumber: 1; Premature end of file.
	at java.xml/com.sun.org.apache.xerces.internal.parsers.DOMParser.parse(DOMParser.java:262)
	at java.xml/com.sun.org.apache.xerces.internal.jaxp.DocumentBuilderImpl.parse(DocumentBuilderImpl.java:342)
	at com.st.stm32cube.ide.mpu.remote.serial.internal.SerialPortProviderWindows.run(SerialPortProviderWindows.java:127)
	at java.base/java.util.TimerThread.mainLoop(Timer.java:566)
	at java.base/java.util.TimerThread.run(Timer.java:516)

!ENTRY com.st.stm32cube.ide.mpu.remote.serial 4 0 2026-01-16 22:54:38.730
!MESSAGE Failed to parse wmic output
!STACK 0
org.xml.sax.SAXParseException; lineNumber: 1; columnNumber: 1; Premature end of file.
	at java.xml/com.sun.org.apache.xerces.internal.parsers.DOMParser.parse(DOMParser.java:262)
	at java.xml/com.sun.org.apache.xerces.internal.jaxp.DocumentBuilderImpl.parse(DocumentBuilderImpl.java:342)
	at com.st.stm32cube.ide.mpu.remote.serial.internal.SerialPortProviderWindows.run(SerialPortProviderWindows.java:127)
	at java.base/java.util.TimerThread.mainLoop(Timer.java:566)
	at java.base/java.util.TimerThread.run(Timer.java:516)

!ENTRY com.st.stm32cube.ide.mpu.remote.serial 4 0 2026-01-16 22:54:39.723
!MESSAGE Failed to parse wmic output
!STACK 0
org.xml.sax.SAXParseException; lineNumber: 1; columnNumber: 1; Premature end of file.
	at java.xml/com.sun.org.apache.xerces.internal.parsers.DOMParser.parse(DOMParser.java:262)
	at java.xml/com.sun.org.apache.xerces.internal.jaxp.DocumentBuilderImpl.parse(DocumentBuilderImpl.java:342)
	at com.st.stm32cube.ide.mpu.remote.serial.internal.SerialPortProviderWindows.run(SerialPortProviderWindows.java:127)
	at java.base/java.util.TimerThread.mainLoop(Timer.java:566)
	at java.base/java.util.TimerThread.run(Timer.java:516)

!ENTRY com.st.stm32cube.ide.mpu.remote.serial 4 0 2026-01-16 22:54:40.738
!MESSAGE Failed to parse wmic output
!STACK 0
org.xml.sax.SAXParseException; lineNumber: 1; columnNumber: 1; Premature end of file.
	at java.xml/com.sun.org.apache.xerces.internal.parsers.DOMParser.parse(DOMParser.java:262)
	at java.xml/com.sun.org.apache.xerces.internal.jaxp.DocumentBuilderImpl.parse(DocumentBuilderImpl.java:342)
	at com.st.stm32cube.ide.mpu.remote.serial.internal.SerialPortProviderWindows.run(SerialPortProviderWindows.java:127)
	at java.base/java.util.TimerThread.mainLoop(Timer.java:566)
	at java.base/java.util.TimerThread.run(Timer.java:516)

!ENTRY com.st.stm32cube.ide.mpu.remote.serial 4 0 2026-01-16 22:54:41.708
!MESSAGE Failed to parse wmic output
!STACK 0
org.xml.sax.SAXParseException; lineNumber: 1; columnNumber: 1; Premature end of file.
	at java.xml/com.sun.org.apache.xerces.internal.parsers.DOMParser.parse(DOMParser.java:262)
	at java.xml/com.sun.org.apache.xerces.internal.jaxp.DocumentBuilderImpl.parse(DocumentBuilderImpl.java:342)
	at com.st.stm32cube.ide.mpu.remote.serial.internal.SerialPortProviderWindows.run(SerialPortProviderWindows.java:127)
	at java.base/java.util.TimerThread.mainLoop(Timer.java:566)
	at java.base/java.util.TimerThread.run(Timer.java:516)

!ENTRY com.st.stm32cube.ide.mpu.remote.serial 4 0 2026-01-16 22:54:42.733
!MESSAGE Failed to parse wmic output
!STACK 0
org.xml.sax.SAXParseException; lineNumber: 1; columnNumber: 1; Premature end of file.
	at java.xml/com.sun.org.apache.xerces.internal.parsers.DOMParser.parse(DOMParser.java:262)
	at java.xml/com.sun.org.apache.xerces.internal.jaxp.DocumentBuilderImpl.parse(DocumentBuilderImpl.java:342)
	at com.st.stm32cube.ide.mpu.remote.serial.internal.SerialPortProviderWindows.run(SerialPortProviderWindows.java:127)
	at java.base/java.util.TimerThread.mainLoop(Timer.java:566)
	at java.base/java.util.TimerThread.run(Timer.java:516)

!ENTRY com.st.stm32cube.ide.mpu.remote.serial 4 0 2026-01-16 22:54:43.735
!MESSAGE Failed to parse wmic output
!STACK 0
org.xml.sax.SAXParseException; lineNumber: 1; columnNumber: 1; Premature end of file.
	at java.xml/com.sun.org.apache.xerces.internal.parsers.DOMParser.parse(DOMParser.java:262)
	at java.xml/com.sun.org.apache.xerces.internal.jaxp.DocumentBuilderImpl.parse(DocumentBuilderImpl.java:342)
	at com.st.stm32cube.ide.mpu.remote.serial.internal.SerialPortProviderWindows.run(SerialPortProviderWindows.java:127)
	at java.base/java.util.TimerThread.mainLoop(Timer.java:566)
	at java.base/java.util.TimerThread.run(Timer.java:516)

!ENTRY com.st.stm32cube.ide.mpu.remote.serial 4 0 2026-01-16 22:54:44.733
!MESSAGE Failed to parse wmic output
!STACK 0
org.xml.sax.SAXParseException; lineNumber: 1; columnNumber: 1; Premature end of file.
	at java.xml/com.sun.org.apache.xerces.internal.parsers.DOMParser.parse(DOMParser.java:262)
	at java.xml/com.sun.org.apache.xerces.internal.jaxp.DocumentBuilderImpl.parse(DocumentBuilderImpl.java:342)
	at com.st.stm32cube.ide.mpu.remote.serial.internal.SerialPortProviderWindows.run(SerialPortProviderWindows.java:127)
	at java.base/java.util.TimerThread.mainLoop(Timer.java:566)
	at java.base/java.util.TimerThread.run(Timer.java:516)

!ENTRY com.st.stm32cube.ide.mpu.remote.serial 4 0 2026-01-16 22:54:45.725
!MESSAGE Failed to parse wmic output
!STACK 0
org.xml.sax.SAXParseException; lineNumber: 1; columnNumber: 1; Premature end of file.
	at java.xml/com.sun.org.apache.xerces.internal.parsers.DOMParser.parse(DOMParser.java:262)
	at java.xml/com.sun.org.apache.xerces.internal.jaxp.DocumentBuilderImpl.parse(DocumentBuilderImpl.java:342)
	at com.st.stm32cube.ide.mpu.remote.serial.internal.SerialPortProviderWindows.run(SerialPortProviderWindows.java:127)
	at java.base/java.util.TimerThread.mainLoop(Timer.java:566)
	at java.base/java.util.TimerThread.run(Timer.java:516)

!ENTRY com.st.stm32cube.ide.mpu.remote.serial 4 0 2026-01-16 22:54:46.731
!MESSAGE Failed to parse wmic output
!STACK 0
org.xml.sax.SAXParseException; lineNumber: 1; columnNumber: 1; Premature end of file.
	at java.xml/com.sun.org.apache.xerces.internal.parsers.DOMParser.parse(DOMParser.java:262)
	at java.xml/com.sun.org.apache.xerces.internal.jaxp.DocumentBuilderImpl.parse(DocumentBuilderImpl.java:342)
	at com.st.stm32cube.ide.mpu.remote.serial.internal.SerialPortProviderWindows.run(SerialPortProviderWindows.java:127)
	at java.base/java.util.TimerThread.mainLoop(Timer.java:566)
	at java.base/java.util.TimerThread.run(Timer.java:516)

!ENTRY com.st.stm32cube.ide.mpu.remote.serial 4 0 2026-01-16 22:54:47.732
!MESSAGE Failed to parse wmic output
!STACK 0
org.xml.sax.SAXParseException; lineNumber: 1; columnNumber: 1; Premature end of file.
	at java.xml/com.sun.org.apache.xerces.internal.parsers.DOMParser.parse(DOMParser.java:262)
	at java.xml/com.sun.org.apache.xerces.internal.jaxp.DocumentBuilderImpl.parse(DocumentBuilderImpl.java:342)
	at com.st.stm32cube.ide.mpu.remote.serial.internal.SerialPortProviderWindows.run(SerialPortProviderWindows.java:127)
	at java.base/java.util.TimerThread.mainLoop(Timer.java:566)
	at java.base/java.util.TimerThread.run(Timer.java:516)

!ENTRY com.st.stm32cube.ide.mpu.remote.serial 4 0 2026-01-16 22:54:48.745
!MESSAGE Failed to parse wmic output
!STACK 0
org.xml.sax.SAXParseException; lineNumber: 1; columnNumber: 1; Premature end of file.
	at java.xml/com.sun.org.apache.xerces.internal.parsers.DOMParser.parse(DOMParser.java:262)
	at java.xml/com.sun.org.apache.xerces.internal.jaxp.DocumentBuilderImpl.parse(DocumentBuilderImpl.java:342)
	at com.st.stm32cube.ide.mpu.remote.serial.internal.SerialPortProviderWindows.run(SerialPortProviderWindows.java:127)
	at java.base/java.util.TimerThread.mainLoop(Timer.java:566)
	at java.base/java.util.TimerThread.run(Timer.java:516)

!ENTRY com.st.stm32cube.ide.mpu.remote.serial 4 0 2026-01-16 22:54:49.727
!MESSAGE Failed to parse wmic output
!STACK 0
org.xml.sax.SAXParseException; lineNumber: 1; columnNumber: 1; Premature end of file.
	at java.xml/com.sun.org.apache.xerces.internal.parsers.DOMParser.parse(DOMParser.java:262)
	at java.xml/com.sun.org.apache.xerces.internal.jaxp.DocumentBuilderImpl.parse(DocumentBuilderImpl.java:342)
	at com.st.stm32cube.ide.mpu.remote.serial.internal.SerialPortProviderWindows.run(SerialPortProviderWindows.java:127)
	at java.base/java.util.TimerThread.mainLoop(Timer.java:566)
	at java.base/java.util.TimerThread.run(Timer.java:516)

!ENTRY com.st.stm32cube.ide.mpu.remote.serial 4 0 2026-01-16 22:54:50.737
!MESSAGE Failed to parse wmic output
!STACK 0
org.xml.sax.SAXParseException; lineNumber: 1; columnNumber: 1; Premature end of file.
	at java.xml/com.sun.org.apache.xerces.internal.parsers.DOMParser.parse(DOMParser.java:262)
	at java.xml/com.sun.org.apache.xerces.internal.jaxp.DocumentBuilderImpl.parse(DocumentBuilderImpl.java:342)
	at com.st.stm32cube.ide.mpu.remote.serial.internal.SerialPortProviderWindows.run(SerialPortProviderWindows.java:127)
	at java.base/java.util.TimerThread.mainLoop(Timer.java:566)
	at java.base/java.util.TimerThread.run(Timer.java:516)

!ENTRY com.st.stm32cube.ide.mpu.remote.serial 4 0 2026-01-16 22:54:51.748
!MESSAGE Failed to parse wmic output
!STACK 0
org.xml.sax.SAXParseException; lineNumber: 1; columnNumber: 1; Premature end of file.
	at java.xml/com.sun.org.apache.xerces.internal.parsers.DOMParser.parse(DOMParser.java:262)
	at java.xml/com.sun.org.apache.xerces.internal.jaxp.DocumentBuilderImpl.parse(DocumentBuilderImpl.java:342)
	at com.st.stm32cube.ide.mpu.remote.serial.internal.SerialPortProviderWindows.run(SerialPortProviderWindows.java:127)
	at java.base/java.util.TimerThread.mainLoop(Timer.java:566)
	at java.base/java.util.TimerThread.run(Timer.java:516)

!ENTRY com.st.stm32cube.ide.mpu.remote.serial 4 0 2026-01-16 22:54:52.731
!MESSAGE Failed to parse wmic output
!STACK 0
org.xml.sax.SAXParseException; lineNumber: 1; columnNumber: 1; Premature end of file.
	at java.xml/com.sun.org.apache.xerces.internal.parsers.DOMParser.parse(DOMParser.java:262)
	at java.xml/com.sun.org.apache.xerces.internal.jaxp.DocumentBuilderImpl.parse(DocumentBuilderImpl.java:342)
	at com.st.stm32cube.ide.mpu.remote.serial.internal.SerialPortProviderWindows.run(SerialPortProviderWindows.java:127)
	at java.base/java.util.TimerThread.mainLoop(Timer.java:566)
	at java.base/java.util.TimerThread.run(Timer.java:516)

!ENTRY com.st.stm32cube.ide.mpu.remote.serial 4 0 2026-01-16 22:54:53.727
!MESSAGE Failed to parse wmic output
!STACK 0
org.xml.sax.SAXParseException; lineNumber: 1; columnNumber: 1; Premature end of file.
	at java.xml/com.sun.org.apache.xerces.internal.parsers.DOMParser.parse(DOMParser.java:262)
	at java.xml/com.sun.org.apache.xerces.internal.jaxp.DocumentBuilderImpl.parse(DocumentBuilderImpl.java:342)
	at com.st.stm32cube.ide.mpu.remote.serial.internal.SerialPortProviderWindows.run(SerialPortProviderWindows.java:127)
	at java.base/java.util.TimerThread.mainLoop(Timer.java:566)
	at java.base/java.util.TimerThread.run(Timer.java:516)

!ENTRY com.st.stm32cube.ide.mpu.remote.serial 4 0 2026-01-16 22:54:54.722
!MESSAGE Failed to parse wmic output
!STACK 0
org.xml.sax.SAXParseException; lineNumber: 1; columnNumber: 1; Premature end of file.
	at java.xml/com.sun.org.apache.xerces.internal.parsers.DOMParser.parse(DOMParser.java:262)
	at java.xml/com.sun.org.apache.xerces.internal.jaxp.DocumentBuilderImpl.parse(DocumentBuilderImpl.java:342)
	at com.st.stm32cube.ide.mpu.remote.serial.internal.SerialPortProviderWindows.run(SerialPortProviderWindows.java:127)
	at java.base/java.util.TimerThread.mainLoop(Timer.java:566)
	at java.base/java.util.TimerThread.run(Timer.java:516)

!ENTRY com.st.stm32cube.ide.mpu.remote.serial 4 0 2026-01-16 22:54:55.741
!MESSAGE Failed to parse wmic output
!STACK 0
org.xml.sax.SAXParseException; lineNumber: 1; columnNumber: 1; Premature end of file.
	at java.xml/com.sun.org.apache.xerces.internal.parsers.DOMParser.parse(DOMParser.java:262)
	at java.xml/com.sun.org.apache.xerces.internal.jaxp.DocumentBuilderImpl.parse(DocumentBuilderImpl.java:342)
	at com.st.stm32cube.ide.mpu.remote.serial.internal.SerialPortProviderWindows.run(SerialPortProviderWindows.java:127)
	at java.base/java.util.TimerThread.mainLoop(Timer.java:566)
	at java.base/java.util.TimerThread.run(Timer.java:516)

!ENTRY com.st.stm32cube.ide.mpu.remote.serial 4 0 2026-01-16 22:54:56.725
!MESSAGE Failed to parse wmic output
!STACK 0
org.xml.sax.SAXParseException; lineNumber: 1; columnNumber: 1; Premature end of file.
	at java.xml/com.sun.org.apache.xerces.internal.parsers.DOMParser.parse(DOMParser.java:262)
	at java.xml/com.sun.org.apache.xerces.internal.jaxp.DocumentBuilderImpl.parse(DocumentBuilderImpl.java:342)
	at com.st.stm32cube.ide.mpu.remote.serial.internal.SerialPortProviderWindows.run(SerialPortProviderWindows.java:127)
	at java.base/java.util.TimerThread.mainLoop(Timer.java:566)
	at java.base/java.util.TimerThread.run(Timer.java:516)

!ENTRY com.st.stm32cube.ide.mpu.remote.serial 4 0 2026-01-16 22:54:57.742
!MESSAGE Failed to parse wmic output
!STACK 0
org.xml.sax.SAXParseException; lineNumber: 1; columnNumber: 1; Premature end of file.
	at java.xml/com.sun.org.apache.xerces.internal.parsers.DOMParser.parse(DOMParser.java:262)
	at java.xml/com.sun.org.apache.xerces.internal.jaxp.DocumentBuilderImpl.parse(DocumentBuilderImpl.java:342)
	at com.st.stm32cube.ide.mpu.remote.serial.internal.SerialPortProviderWindows.run(SerialPortProviderWindows.java:127)
	at java.base/java.util.TimerThread.mainLoop(Timer.java:566)
	at java.base/java.util.TimerThread.run(Timer.java:516)

!ENTRY com.st.stm32cube.ide.mpu.remote.serial 4 0 2026-01-16 22:54:58.731
!MESSAGE Failed to parse wmic output
!STACK 0
org.xml.sax.SAXParseException; lineNumber: 1; columnNumber: 1; Premature end of file.
	at java.xml/com.sun.org.apache.xerces.internal.parsers.DOMParser.parse(DOMParser.java:262)
	at java.xml/com.sun.org.apache.xerces.internal.jaxp.DocumentBuilderImpl.parse(DocumentBuilderImpl.java:342)
	at com.st.stm32cube.ide.mpu.remote.serial.internal.SerialPortProviderWindows.run(SerialPortProviderWindows.java:127)
	at java.base/java.util.TimerThread.mainLoop(Timer.java:566)
	at java.base/java.util.TimerThread.run(Timer.java:516)

!ENTRY com.st.stm32cube.ide.mpu.remote.serial 4 0 2026-01-16 22:54:59.728
!MESSAGE Failed to parse wmic output
!STACK 0
org.xml.sax.SAXParseException; lineNumber: 1; columnNumber: 1; Premature end of file.
	at java.xml/com.sun.org.apache.xerces.internal.parsers.DOMParser.parse(DOMParser.java:262)
	at java.xml/com.sun.org.apache.xerces.internal.jaxp.DocumentBuilderImpl.parse(DocumentBuilderImpl.java:342)
	at com.st.stm32cube.ide.mpu.remote.serial.internal.SerialPortProviderWindows.run(SerialPortProviderWindows.java:127)
	at java.base/java.util.TimerThread.mainLoop(Timer.java:566)
	at java.base/java.util.TimerThread.run(Timer.java:516)

!ENTRY com.st.stm32cube.ide.mpu.remote.serial 4 0 2026-01-16 22:55:00.717
!MESSAGE Failed to parse wmic output
!STACK 0
org.xml.sax.SAXParseException; lineNumber: 1; columnNumber: 1; Premature end of file.
	at java.xml/com.sun.org.apache.xerces.internal.parsers.DOMParser.parse(DOMParser.java:262)
	at java.xml/com.sun.org.apache.xerces.internal.jaxp.DocumentBuilderImpl.parse(DocumentBuilderImpl.java:342)
	at com.st.stm32cube.ide.mpu.remote.serial.internal.SerialPortProviderWindows.run(SerialPortProviderWindows.java:127)
	at java.base/java.util.TimerThread.mainLoop(Timer.java:566)
	at java.base/java.util.TimerThread.run(Timer.java:516)

!ENTRY com.st.stm32cube.ide.mpu.remote.serial 4 0 2026-01-16 22:55:01.718
!MESSAGE Failed to parse wmic output
!STACK 0
org.xml.sax.SAXParseException; lineNumber: 1; columnNumber: 1; Premature end of file.
	at java.xml/com.sun.org.apache.xerces.internal.parsers.DOMParser.parse(DOMParser.java:262)
	at java.xml/com.sun.org.apache.xerces.internal.jaxp.DocumentBuilderImpl.parse(DocumentBuilderImpl.java:342)
	at com.st.stm32cube.ide.mpu.remote.serial.internal.SerialPortProviderWindows.run(SerialPortProviderWindows.java:127)
	at java.base/java.util.TimerThread.mainLoop(Timer.java:566)
	at java.base/java.util.TimerThread.run(Timer.java:516)

!ENTRY com.st.stm32cube.ide.mpu.remote.serial 4 0 2026-01-16 22:55:02.725
!MESSAGE Failed to parse wmic output
!STACK 0
org.xml.sax.SAXParseException; lineNumber: 1; columnNumber: 1; Premature end of file.
	at java.xml/com.sun.org.apache.xerces.internal.parsers.DOMParser.parse(DOMParser.java:262)
	at java.xml/com.sun.org.apache.xerces.internal.jaxp.DocumentBuilderImpl.parse(DocumentBuilderImpl.java:342)
	at com.st.stm32cube.ide.mpu.remote.serial.internal.SerialPortProviderWindows.run(SerialPortProviderWindows.java:127)
	at java.base/java.util.TimerThread.mainLoop(Timer.java:566)
	at java.base/java.util.TimerThread.run(Timer.java:516)

!ENTRY com.st.stm32cube.ide.mpu.remote.serial 4 0 2026-01-16 22:55:03.730
!MESSAGE Failed to parse wmic output
!STACK 0
org.xml.sax.SAXParseException; lineNumber: 1; columnNumber: 1; Premature end of file.
	at java.xml/com.sun.org.apache.xerces.internal.parsers.DOMParser.parse(DOMParser.java:262)
	at java.xml/com.sun.org.apache.xerces.internal.jaxp.DocumentBuilderImpl.parse(DocumentBuilderImpl.java:342)
	at com.st.stm32cube.ide.mpu.remote.serial.internal.SerialPortProviderWindows.run(SerialPortProviderWindows.java:127)
	at java.base/java.util.TimerThread.mainLoop(Timer.java:566)
	at java.base/java.util.TimerThread.run(Timer.java:516)

!ENTRY com.st.stm32cube.ide.mpu.remote.serial 4 0 2026-01-16 22:55:04.735
!MESSAGE Failed to parse wmic output
!STACK 0
org.xml.sax.SAXParseException; lineNumber: 1; columnNumber: 1; Premature end of file.
	at java.xml/com.sun.org.apache.xerces.internal.parsers.DOMParser.parse(DOMParser.java:262)
	at java.xml/com.sun.org.apache.xerces.internal.jaxp.DocumentBuilderImpl.parse(DocumentBuilderImpl.java:342)
	at com.st.stm32cube.ide.mpu.remote.serial.internal.SerialPortProviderWindows.run(SerialPortProviderWindows.java:127)
	at java.base/java.util.TimerThread.mainLoop(Timer.java:566)
	at java.base/java.util.TimerThread.run(Timer.java:516)

!ENTRY com.st.stm32cube.ide.mpu.remote.serial 4 0 2026-01-16 22:55:05.736
!MESSAGE Failed to parse wmic output
!STACK 0
org.xml.sax.SAXParseException; lineNumber: 1; columnNumber: 1; Premature end of file.
	at java.xml/com.sun.org.apache.xerces.internal.parsers.DOMParser.parse(DOMParser.java:262)
	at java.xml/com.sun.org.apache.xerces.internal.jaxp.DocumentBuilderImpl.parse(DocumentBuilderImpl.java:342)
	at com.st.stm32cube.ide.mpu.remote.serial.internal.SerialPortProviderWindows.run(SerialPortProviderWindows.java:127)
	at java.base/java.util.TimerThread.mainLoop(Timer.java:566)
	at java.base/java.util.TimerThread.run(Timer.java:516)

!ENTRY com.st.stm32cube.ide.mpu.remote.serial 4 0 2026-01-16 22:55:06.721
!MESSAGE Failed to parse wmic output
!STACK 0
org.xml.sax.SAXParseException; lineNumber: 1; columnNumber: 1; Premature end of file.
	at java.xml/com.sun.org.apache.xerces.internal.parsers.DOMParser.parse(DOMParser.java:262)
	at java.xml/com.sun.org.apache.xerces.internal.jaxp.DocumentBuilderImpl.parse(DocumentBuilderImpl.java:342)
	at com.st.stm32cube.ide.mpu.remote.serial.internal.SerialPortProviderWindows.run(SerialPortProviderWindows.java:127)
	at java.base/java.util.TimerThread.mainLoop(Timer.java:566)
	at java.base/java.util.TimerThread.run(Timer.java:516)

!ENTRY com.st.stm32cube.ide.mpu.remote.serial 4 0 2026-01-16 22:55:07.735
!MESSAGE Failed to parse wmic output
!STACK 0
org.xml.sax.SAXParseException; lineNumber: 1; columnNumber: 1; Premature end of file.
	at java.xml/com.sun.org.apache.xerces.internal.parsers.DOMParser.parse(DOMParser.java:262)
	at java.xml/com.sun.org.apache.xerces.internal.jaxp.DocumentBuilderImpl.parse(DocumentBuilderImpl.java:342)
	at com.st.stm32cube.ide.mpu.remote.serial.internal.SerialPortProviderWindows.run(SerialPortProviderWindows.java:127)
	at java.base/java.util.TimerThread.mainLoop(Timer.java:566)
	at java.base/java.util.TimerThread.run(Timer.java:516)

!ENTRY com.st.stm32cube.ide.mpu.remote.serial 4 0 2026-01-16 22:55:08.756
!MESSAGE Failed to parse wmic output
!STACK 0
org.xml.sax.SAXParseException; lineNumber: 1; columnNumber: 1; Premature end of file.
	at java.xml/com.sun.org.apache.xerces.internal.parsers.DOMParser.parse(DOMParser.java:262)
	at java.xml/com.sun.org.apache.xerces.internal.jaxp.DocumentBuilderImpl.parse(DocumentBuilderImpl.java:342)
	at com.st.stm32cube.ide.mpu.remote.serial.internal.SerialPortProviderWindows.run(SerialPortProviderWindows.java:127)
	at java.base/java.util.TimerThread.mainLoop(Timer.java:566)
	at java.base/java.util.TimerThread.run(Timer.java:516)

!ENTRY com.st.stm32cube.ide.mpu.remote.serial 4 0 2026-01-16 22:55:09.715
!MESSAGE Failed to parse wmic output
!STACK 0
org.xml.sax.SAXParseException; lineNumber: 1; columnNumber: 1; Premature end of file.
	at java.xml/com.sun.org.apache.xerces.internal.parsers.DOMParser.parse(DOMParser.java:262)
	at java.xml/com.sun.org.apache.xerces.internal.jaxp.DocumentBuilderImpl.parse(DocumentBuilderImpl.java:342)
	at com.st.stm32cube.ide.mpu.remote.serial.internal.SerialPortProviderWindows.run(SerialPortProviderWindows.java:127)
	at java.base/java.util.TimerThread.mainLoop(Timer.java:566)
	at java.base/java.util.TimerThread.run(Timer.java:516)

!ENTRY com.st.stm32cube.ide.mpu.remote.serial 4 0 2026-01-16 22:55:10.712
!MESSAGE Failed to parse wmic output
!STACK 0
org.xml.sax.SAXParseException; lineNumber: 1; columnNumber: 1; Premature end of file.
	at java.xml/com.sun.org.apache.xerces.internal.parsers.DOMParser.parse(DOMParser.java:262)
	at java.xml/com.sun.org.apache.xerces.internal.jaxp.DocumentBuilderImpl.parse(DocumentBuilderImpl.java:342)
	at com.st.stm32cube.ide.mpu.remote.serial.internal.SerialPortProviderWindows.run(SerialPortProviderWindows.java:127)
	at java.base/java.util.TimerThread.mainLoop(Timer.java:566)
	at java.base/java.util.TimerThread.run(Timer.java:516)

!ENTRY com.st.stm32cube.ide.mpu.remote.serial 4 0 2026-01-16 22:55:11.744
!MESSAGE Failed to parse wmic output
!STACK 0
org.xml.sax.SAXParseException; lineNumber: 1; columnNumber: 1; Premature end of file.
	at java.xml/com.sun.org.apache.xerces.internal.parsers.DOMParser.parse(DOMParser.java:262)
	at java.xml/com.sun.org.apache.xerces.internal.jaxp.DocumentBuilderImpl.parse(DocumentBuilderImpl.java:342)
	at com.st.stm32cube.ide.mpu.remote.serial.internal.SerialPortProviderWindows.run(SerialPortProviderWindows.java:127)
	at java.base/java.util.TimerThread.mainLoop(Timer.java:566)
	at java.base/java.util.TimerThread.run(Timer.java:516)

!ENTRY com.st.stm32cube.ide.mpu.remote.serial 4 0 2026-01-16 22:55:12.718
!MESSAGE Failed to parse wmic output
!STACK 0
org.xml.sax.SAXParseException; lineNumber: 1; columnNumber: 1; Premature end of file.
	at java.xml/com.sun.org.apache.xerces.internal.parsers.DOMParser.parse(DOMParser.java:262)
	at java.xml/com.sun.org.apache.xerces.internal.jaxp.DocumentBuilderImpl.parse(DocumentBuilderImpl.java:342)
	at com.st.stm32cube.ide.mpu.remote.serial.internal.SerialPortProviderWindows.run(SerialPortProviderWindows.java:127)
	at java.base/java.util.TimerThread.mainLoop(Timer.java:566)
	at java.base/java.util.TimerThread.run(Timer.java:516)

!ENTRY com.st.stm32cube.ide.mpu.remote.serial 4 0 2026-01-16 22:55:13.714
!MESSAGE Failed to parse wmic output
!STACK 0
org.xml.sax.SAXParseException; lineNumber: 1; columnNumber: 1; Premature end of file.
	at java.xml/com.sun.org.apache.xerces.internal.parsers.DOMParser.parse(DOMParser.java:262)
	at java.xml/com.sun.org.apache.xerces.internal.jaxp.DocumentBuilderImpl.parse(DocumentBuilderImpl.java:342)
	at com.st.stm32cube.ide.mpu.remote.serial.internal.SerialPortProviderWindows.run(SerialPortProviderWindows.java:127)
	at java.base/java.util.TimerThread.mainLoop(Timer.java:566)
	at java.base/java.util.TimerThread.run(Timer.java:516)

!ENTRY com.st.stm32cube.ide.mpu.remote.serial 4 0 2026-01-16 22:55:14.716
!MESSAGE Failed to parse wmic output
!STACK 0
org.xml.sax.SAXParseException; lineNumber: 1; columnNumber: 1; Premature end of file.
	at java.xml/com.sun.org.apache.xerces.internal.parsers.DOMParser.parse(DOMParser.java:262)
	at java.xml/com.sun.org.apache.xerces.internal.jaxp.DocumentBuilderImpl.parse(DocumentBuilderImpl.java:342)
	at com.st.stm32cube.ide.mpu.remote.serial.internal.SerialPortProviderWindows.run(SerialPortProviderWindows.java:127)
	at java.base/java.util.TimerThread.mainLoop(Timer.java:566)
	at java.base/java.util.TimerThread.run(Timer.java:516)

!ENTRY com.st.stm32cube.ide.mpu.remote.serial 4 0 2026-01-16 22:55:15.718
!MESSAGE Failed to parse wmic output
!STACK 0
org.xml.sax.SAXParseException; lineNumber: 1; columnNumber: 1; Premature end of file.
	at java.xml/com.sun.org.apache.xerces.internal.parsers.DOMParser.parse(DOMParser.java:262)
	at java.xml/com.sun.org.apache.xerces.internal.jaxp.DocumentBuilderImpl.parse(DocumentBuilderImpl.java:342)
	at com.st.stm32cube.ide.mpu.remote.serial.internal.SerialPortProviderWindows.run(SerialPortProviderWindows.java:127)
	at java.base/java.util.TimerThread.mainLoop(Timer.java:566)
	at java.base/java.util.TimerThread.run(Timer.java:516)

!ENTRY com.st.stm32cube.ide.mpu.remote.serial 4 0 2026-01-16 22:55:16.714
!MESSAGE Failed to parse wmic output
!STACK 0
org.xml.sax.SAXParseException; lineNumber: 1; columnNumber: 1; Premature end of file.
	at java.xml/com.sun.org.apache.xerces.internal.parsers.DOMParser.parse(DOMParser.java:262)
	at java.xml/com.sun.org.apache.xerces.internal.jaxp.DocumentBuilderImpl.parse(DocumentBuilderImpl.java:342)
	at com.st.stm32cube.ide.mpu.remote.serial.internal.SerialPortProviderWindows.run(SerialPortProviderWindows.java:127)
	at java.base/java.util.TimerThread.mainLoop(Timer.java:566)
	at java.base/java.util.TimerThread.run(Timer.java:516)

!ENTRY com.st.stm32cube.ide.mpu.remote.serial 4 0 2026-01-16 22:55:17.729
!MESSAGE Failed to parse wmic output
!STACK 0
org.xml.sax.SAXParseException; lineNumber: 1; columnNumber: 1; Premature end of file.
	at java.xml/com.sun.org.apache.xerces.internal.parsers.DOMParser.parse(DOMParser.java:262)
	at java.xml/com.sun.org.apache.xerces.internal.jaxp.DocumentBuilderImpl.parse(DocumentBuilderImpl.java:342)
	at com.st.stm32cube.ide.mpu.remote.serial.internal.SerialPortProviderWindows.run(SerialPortProviderWindows.java:127)
	at java.base/java.util.TimerThread.mainLoop(Timer.java:566)
	at java.base/java.util.TimerThread.run(Timer.java:516)

!ENTRY com.st.stm32cube.ide.mpu.remote.serial 4 0 2026-01-16 22:55:18.711
!MESSAGE Failed to parse wmic output
!STACK 0
org.xml.sax.SAXParseException; lineNumber: 1; columnNumber: 1; Premature end of file.
	at java.xml/com.sun.org.apache.xerces.internal.parsers.DOMParser.parse(DOMParser.java:262)
	at java.xml/com.sun.org.apache.xerces.internal.jaxp.DocumentBuilderImpl.parse(DocumentBuilderImpl.java:342)
	at com.st.stm32cube.ide.mpu.remote.serial.internal.SerialPortProviderWindows.run(SerialPortProviderWindows.java:127)
	at java.base/java.util.TimerThread.mainLoop(Timer.java:566)
	at java.base/java.util.TimerThread.run(Timer.java:516)

!ENTRY com.st.stm32cube.ide.mpu.remote.serial 4 0 2026-01-16 22:55:19.723
!MESSAGE Failed to parse wmic output
!STACK 0
org.xml.sax.SAXParseException; lineNumber: 1; columnNumber: 1; Premature end of file.
	at java.xml/com.sun.org.apache.xerces.internal.parsers.DOMParser.parse(DOMParser.java:262)
	at java.xml/com.sun.org.apache.xerces.internal.jaxp.DocumentBuilderImpl.parse(DocumentBuilderImpl.java:342)
	at com.st.stm32cube.ide.mpu.remote.serial.internal.SerialPortProviderWindows.run(SerialPortProviderWindows.java:127)
	at java.base/java.util.TimerThread.mainLoop(Timer.java:566)
	at java.base/java.util.TimerThread.run(Timer.java:516)

!ENTRY com.st.stm32cube.ide.mpu.remote.serial 4 0 2026-01-16 22:55:20.723
!MESSAGE Failed to parse wmic output
!STACK 0
org.xml.sax.SAXParseException; lineNumber: 1; columnNumber: 1; Premature end of file.
	at java.xml/com.sun.org.apache.xerces.internal.parsers.DOMParser.parse(DOMParser.java:262)
	at java.xml/com.sun.org.apache.xerces.internal.jaxp.DocumentBuilderImpl.parse(DocumentBuilderImpl.java:342)
	at com.st.stm32cube.ide.mpu.remote.serial.internal.SerialPortProviderWindows.run(SerialPortProviderWindows.java:127)
	at java.base/java.util.TimerThread.mainLoop(Timer.java:566)
	at java.base/java.util.TimerThread.run(Timer.java:516)

!ENTRY com.st.stm32cube.ide.mpu.remote.serial 4 0 2026-01-16 22:55:21.726
!MESSAGE Failed to parse wmic output
!STACK 0
org.xml.sax.SAXParseException; lineNumber: 1; columnNumber: 1; Premature end of file.
	at java.xml/com.sun.org.apache.xerces.internal.parsers.DOMParser.parse(DOMParser.java:262)
	at java.xml/com.sun.org.apache.xerces.internal.jaxp.DocumentBuilderImpl.parse(DocumentBuilderImpl.java:342)
	at com.st.stm32cube.ide.mpu.remote.serial.internal.SerialPortProviderWindows.run(SerialPortProviderWindows.java:127)
	at java.base/java.util.TimerThread.mainLoop(Timer.java:566)
	at java.base/java.util.TimerThread.run(Timer.java:516)

!ENTRY com.st.stm32cube.ide.mpu.remote.serial 4 0 2026-01-16 22:55:22.720
!MESSAGE Failed to parse wmic output
!STACK 0
org.xml.sax.SAXParseException; lineNumber: 1; columnNumber: 1; Premature end of file.
	at java.xml/com.sun.org.apache.xerces.internal.parsers.DOMParser.parse(DOMParser.java:262)
	at java.xml/com.sun.org.apache.xerces.internal.jaxp.DocumentBuilderImpl.parse(DocumentBuilderImpl.java:342)
	at com.st.stm32cube.ide.mpu.remote.serial.internal.SerialPortProviderWindows.run(SerialPortProviderWindows.java:127)
	at java.base/java.util.TimerThread.mainLoop(Timer.java:566)
	at java.base/java.util.TimerThread.run(Timer.java:516)

!ENTRY com.st.stm32cube.ide.mpu.remote.serial 4 0 2026-01-16 22:55:23.722
!MESSAGE Failed to parse wmic output
!STACK 0
org.xml.sax.SAXParseException; lineNumber: 1; columnNumber: 1; Premature end of file.
	at java.xml/com.sun.org.apache.xerces.internal.parsers.DOMParser.parse(DOMParser.java:262)
	at java.xml/com.sun.org.apache.xerces.internal.jaxp.DocumentBuilderImpl.parse(DocumentBuilderImpl.java:342)
	at com.st.stm32cube.ide.mpu.remote.serial.internal.SerialPortProviderWindows.run(SerialPortProviderWindows.java:127)
	at java.base/java.util.TimerThread.mainLoop(Timer.java:566)
	at java.base/java.util.TimerThread.run(Timer.java:516)

!ENTRY com.st.stm32cube.ide.mpu.remote.serial 4 0 2026-01-16 22:55:24.714
!MESSAGE Failed to parse wmic output
!STACK 0
org.xml.sax.SAXParseException; lineNumber: 1; columnNumber: 1; Premature end of file.
	at java.xml/com.sun.org.apache.xerces.internal.parsers.DOMParser.parse(DOMParser.java:262)
	at java.xml/com.sun.org.apache.xerces.internal.jaxp.DocumentBuilderImpl.parse(DocumentBuilderImpl.java:342)
	at com.st.stm32cube.ide.mpu.remote.serial.internal.SerialPortProviderWindows.run(SerialPortProviderWindows.java:127)
	at java.base/java.util.TimerThread.mainLoop(Timer.java:566)
	at java.base/java.util.TimerThread.run(Timer.java:516)

!ENTRY com.st.stm32cube.ide.mpu.remote.serial 4 0 2026-01-16 22:55:25.719
!MESSAGE Failed to parse wmic output
!STACK 0
org.xml.sax.SAXParseException; lineNumber: 1; columnNumber: 1; Premature end of file.
	at java.xml/com.sun.org.apache.xerces.internal.parsers.DOMParser.parse(DOMParser.java:262)
	at java.xml/com.sun.org.apache.xerces.internal.jaxp.DocumentBuilderImpl.parse(DocumentBuilderImpl.java:342)
	at com.st.stm32cube.ide.mpu.remote.serial.internal.SerialPortProviderWindows.run(SerialPortProviderWindows.java:127)
	at java.base/java.util.TimerThread.mainLoop(Timer.java:566)
	at java.base/java.util.TimerThread.run(Timer.java:516)

!ENTRY com.st.stm32cube.ide.mpu.remote.serial 4 0 2026-01-16 22:55:26.735
!MESSAGE Failed to parse wmic output
!STACK 0
org.xml.sax.SAXParseException; lineNumber: 1; columnNumber: 1; Premature end of file.
	at java.xml/com.sun.org.apache.xerces.internal.parsers.DOMParser.parse(DOMParser.java:262)
	at java.xml/com.sun.org.apache.xerces.internal.jaxp.DocumentBuilderImpl.parse(DocumentBuilderImpl.java:342)
	at com.st.stm32cube.ide.mpu.remote.serial.internal.SerialPortProviderWindows.run(SerialPortProviderWindows.java:127)
	at java.base/java.util.TimerThread.mainLoop(Timer.java:566)
	at java.base/java.util.TimerThread.run(Timer.java:516)

!ENTRY com.st.stm32cube.ide.mpu.remote.serial 4 0 2026-01-16 22:55:27.717
!MESSAGE Failed to parse wmic output
!STACK 0
org.xml.sax.SAXParseException; lineNumber: 1; columnNumber: 1; Premature end of file.
	at java.xml/com.sun.org.apache.xerces.internal.parsers.DOMParser.parse(DOMParser.java:262)
	at java.xml/com.sun.org.apache.xerces.internal.jaxp.DocumentBuilderImpl.parse(DocumentBuilderImpl.java:342)
	at com.st.stm32cube.ide.mpu.remote.serial.internal.SerialPortProviderWindows.run(SerialPortProviderWindows.java:127)
	at java.base/java.util.TimerThread.mainLoop(Timer.java:566)
	at java.base/java.util.TimerThread.run(Timer.java:516)

!ENTRY com.st.stm32cube.ide.mpu.remote.serial 4 0 2026-01-16 22:55:28.715
!MESSAGE Failed to parse wmic output
!STACK 0
org.xml.sax.SAXParseException; lineNumber: 1; columnNumber: 1; Premature end of file.
	at java.xml/com.sun.org.apache.xerces.internal.parsers.DOMParser.parse(DOMParser.java:262)
	at java.xml/com.sun.org.apache.xerces.internal.jaxp.DocumentBuilderImpl.parse(DocumentBuilderImpl.java:342)
	at com.st.stm32cube.ide.mpu.remote.serial.internal.SerialPortProviderWindows.run(SerialPortProviderWindows.java:127)
	at java.base/java.util.TimerThread.mainLoop(Timer.java:566)
	at java.base/java.util.TimerThread.run(Timer.java:516)

!ENTRY com.st.stm32cube.ide.mpu.remote.serial 4 0 2026-01-16 22:55:29.729
!MESSAGE Failed to parse wmic output
!STACK 0
org.xml.sax.SAXParseException; lineNumber: 1; columnNumber: 1; Premature end of file.
	at java.xml/com.sun.org.apache.xerces.internal.parsers.DOMParser.parse(DOMParser.java:262)
	at java.xml/com.sun.org.apache.xerces.internal.jaxp.DocumentBuilderImpl.parse(DocumentBuilderImpl.java:342)
	at com.st.stm32cube.ide.mpu.remote.serial.internal.SerialPortProviderWindows.run(SerialPortProviderWindows.java:127)
	at java.base/java.util.TimerThread.mainLoop(Timer.java:566)
	at java.base/java.util.TimerThread.run(Timer.java:516)

!ENTRY com.st.stm32cube.ide.mpu.remote.serial 4 0 2026-01-16 22:55:30.722
!MESSAGE Failed to parse wmic output
!STACK 0
org.xml.sax.SAXParseException; lineNumber: 1; columnNumber: 1; Premature end of file.
	at java.xml/com.sun.org.apache.xerces.internal.parsers.DOMParser.parse(DOMParser.java:262)
	at java.xml/com.sun.org.apache.xerces.internal.jaxp.DocumentBuilderImpl.parse(DocumentBuilderImpl.java:342)
	at com.st.stm32cube.ide.mpu.remote.serial.internal.SerialPortProviderWindows.run(SerialPortProviderWindows.java:127)
	at java.base/java.util.TimerThread.mainLoop(Timer.java:566)
	at java.base/java.util.TimerThread.run(Timer.java:516)

!ENTRY com.st.stm32cube.ide.mpu.remote.serial 4 0 2026-01-16 22:55:31.716
!MESSAGE Failed to parse wmic output
!STACK 0
org.xml.sax.SAXParseException; lineNumber: 1; columnNumber: 1; Premature end of file.
	at java.xml/com.sun.org.apache.xerces.internal.parsers.DOMParser.parse(DOMParser.java:262)
	at java.xml/com.sun.org.apache.xerces.internal.jaxp.DocumentBuilderImpl.parse(DocumentBuilderImpl.java:342)
	at com.st.stm32cube.ide.mpu.remote.serial.internal.SerialPortProviderWindows.run(SerialPortProviderWindows.java:127)
	at java.base/java.util.TimerThread.mainLoop(Timer.java:566)
	at java.base/java.util.TimerThread.run(Timer.java:516)

!ENTRY com.st.stm32cube.ide.mpu.remote.serial 4 0 2026-01-16 22:55:32.723
!MESSAGE Failed to parse wmic output
!STACK 0
org.xml.sax.SAXParseException; lineNumber: 1; columnNumber: 1; Premature end of file.
	at java.xml/com.sun.org.apache.xerces.internal.parsers.DOMParser.parse(DOMParser.java:262)
	at java.xml/com.sun.org.apache.xerces.internal.jaxp.DocumentBuilderImpl.parse(DocumentBuilderImpl.java:342)
	at com.st.stm32cube.ide.mpu.remote.serial.internal.SerialPortProviderWindows.run(SerialPortProviderWindows.java:127)
	at java.base/java.util.TimerThread.mainLoop(Timer.java:566)
	at java.base/java.util.TimerThread.run(Timer.java:516)

!ENTRY com.st.stm32cube.ide.mpu.remote.serial 4 0 2026-01-16 22:55:33.719
!MESSAGE Failed to parse wmic output
!STACK 0
org.xml.sax.SAXParseException; lineNumber: 1; columnNumber: 1; Premature end of file.
	at java.xml/com.sun.org.apache.xerces.internal.parsers.DOMParser.parse(DOMParser.java:262)
	at java.xml/com.sun.org.apache.xerces.internal.jaxp.DocumentBuilderImpl.parse(DocumentBuilderImpl.java:342)
	at com.st.stm32cube.ide.mpu.remote.serial.internal.SerialPortProviderWindows.run(SerialPortProviderWindows.java:127)
	at java.base/java.util.TimerThread.mainLoop(Timer.java:566)
	at java.base/java.util.TimerThread.run(Timer.java:516)

!ENTRY com.st.stm32cube.ide.mpu.remote.serial 4 0 2026-01-16 22:55:34.713
!MESSAGE Failed to parse wmic output
!STACK 0
org.xml.sax.SAXParseException; lineNumber: 1; columnNumber: 1; Premature end of file.
	at java.xml/com.sun.org.apache.xerces.internal.parsers.DOMParser.parse(DOMParser.java:262)
	at java.xml/com.sun.org.apache.xerces.internal.jaxp.DocumentBuilderImpl.parse(DocumentBuilderImpl.java:342)
	at com.st.stm32cube.ide.mpu.remote.serial.internal.SerialPortProviderWindows.run(SerialPortProviderWindows.java:127)
	at java.base/java.util.TimerThread.mainLoop(Timer.java:566)
	at java.base/java.util.TimerThread.run(Timer.java:516)

!ENTRY com.st.stm32cube.ide.mpu.remote.serial 4 0 2026-01-16 22:55:35.720
!MESSAGE Failed to parse wmic output
!STACK 0
org.xml.sax.SAXParseException; lineNumber: 1; columnNumber: 1; Premature end of file.
	at java.xml/com.sun.org.apache.xerces.internal.parsers.DOMParser.parse(DOMParser.java:262)
	at java.xml/com.sun.org.apache.xerces.internal.jaxp.DocumentBuilderImpl.parse(DocumentBuilderImpl.java:342)
	at com.st.stm32cube.ide.mpu.remote.serial.internal.SerialPortProviderWindows.run(SerialPortProviderWindows.java:127)
	at java.base/java.util.TimerThread.mainLoop(Timer.java:566)
	at java.base/java.util.TimerThread.run(Timer.java:516)

!ENTRY com.st.stm32cube.ide.mpu.remote.serial 4 0 2026-01-16 22:55:36.719
!MESSAGE Failed to parse wmic output
!STACK 0
org.xml.sax.SAXParseException; lineNumber: 1; columnNumber: 1; Premature end of file.
	at java.xml/com.sun.org.apache.xerces.internal.parsers.DOMParser.parse(DOMParser.java:262)
	at java.xml/com.sun.org.apache.xerces.internal.jaxp.DocumentBuilderImpl.parse(DocumentBuilderImpl.java:342)
	at com.st.stm32cube.ide.mpu.remote.serial.internal.SerialPortProviderWindows.run(SerialPortProviderWindows.java:127)
	at java.base/java.util.TimerThread.mainLoop(Timer.java:566)
	at java.base/java.util.TimerThread.run(Timer.java:516)

!ENTRY com.st.stm32cube.ide.mpu.remote.serial 4 0 2026-01-16 22:55:37.727
!MESSAGE Failed to parse wmic output
!STACK 0
org.xml.sax.SAXParseException; lineNumber: 1; columnNumber: 1; Premature end of file.
	at java.xml/com.sun.org.apache.xerces.internal.parsers.DOMParser.parse(DOMParser.java:262)
	at java.xml/com.sun.org.apache.xerces.internal.jaxp.DocumentBuilderImpl.parse(DocumentBuilderImpl.java:342)
	at com.st.stm32cube.ide.mpu.remote.serial.internal.SerialPortProviderWindows.run(SerialPortProviderWindows.java:127)
	at java.base/java.util.TimerThread.mainLoop(Timer.java:566)
	at java.base/java.util.TimerThread.run(Timer.java:516)

!ENTRY com.st.stm32cube.ide.mpu.remote.serial 4 0 2026-01-16 22:55:38.713
!MESSAGE Failed to parse wmic output
!STACK 0
org.xml.sax.SAXParseException; lineNumber: 1; columnNumber: 1; Premature end of file.
	at java.xml/com.sun.org.apache.xerces.internal.parsers.DOMParser.parse(DOMParser.java:262)
	at java.xml/com.sun.org.apache.xerces.internal.jaxp.DocumentBuilderImpl.parse(DocumentBuilderImpl.java:342)
	at com.st.stm32cube.ide.mpu.remote.serial.internal.SerialPortProviderWindows.run(SerialPortProviderWindows.java:127)
	at java.base/java.util.TimerThread.mainLoop(Timer.java:566)
	at java.base/java.util.TimerThread.run(Timer.java:516)

!ENTRY com.st.stm32cube.ide.mpu.remote.serial 4 0 2026-01-16 22:55:39.741
!MESSAGE Failed to parse wmic output
!STACK 0
org.xml.sax.SAXParseException; lineNumber: 1; columnNumber: 1; Premature end of file.
	at java.xml/com.sun.org.apache.xerces.internal.parsers.DOMParser.parse(DOMParser.java:262)
	at java.xml/com.sun.org.apache.xerces.internal.jaxp.DocumentBuilderImpl.parse(DocumentBuilderImpl.java:342)
	at com.st.stm32cube.ide.mpu.remote.serial.internal.SerialPortProviderWindows.run(SerialPortProviderWindows.java:127)
	at java.base/java.util.TimerThread.mainLoop(Timer.java:566)
	at java.base/java.util.TimerThread.run(Timer.java:516)

!ENTRY com.st.stm32cube.ide.mpu.remote.serial 4 0 2026-01-16 22:55:40.738
!MESSAGE Failed to parse wmic output
!STACK 0
org.xml.sax.SAXParseException; lineNumber: 1; columnNumber: 1; Premature end of file.
	at java.xml/com.sun.org.apache.xerces.internal.parsers.DOMParser.parse(DOMParser.java:262)
	at java.xml/com.sun.org.apache.xerces.internal.jaxp.DocumentBuilderImpl.parse(DocumentBuilderImpl.java:342)
	at com.st.stm32cube.ide.mpu.remote.serial.internal.SerialPortProviderWindows.run(SerialPortProviderWindows.java:127)
	at java.base/java.util.TimerThread.mainLoop(Timer.java:566)
	at java.base/java.util.TimerThread.run(Timer.java:516)

!ENTRY com.st.stm32cube.ide.mpu.remote.serial 4 0 2026-01-16 22:55:41.712
!MESSAGE Failed to parse wmic output
!STACK 0
org.xml.sax.SAXParseException; lineNumber: 1; columnNumber: 1; Premature end of file.
	at java.xml/com.sun.org.apache.xerces.internal.parsers.DOMParser.parse(DOMParser.java:262)
	at java.xml/com.sun.org.apache.xerces.internal.jaxp.DocumentBuilderImpl.parse(DocumentBuilderImpl.java:342)
	at com.st.stm32cube.ide.mpu.remote.serial.internal.SerialPortProviderWindows.run(SerialPortProviderWindows.java:127)
	at java.base/java.util.TimerThread.mainLoop(Timer.java:566)
	at java.base/java.util.TimerThread.run(Timer.java:516)

!ENTRY com.st.stm32cube.ide.mpu.remote.serial 4 0 2026-01-16 22:55:42.735
!MESSAGE Failed to parse wmic output
!STACK 0
org.xml.sax.SAXParseException; lineNumber: 1; columnNumber: 1; Premature end of file.
	at java.xml/com.sun.org.apache.xerces.internal.parsers.DOMParser.parse(DOMParser.java:262)
	at java.xml/com.sun.org.apache.xerces.internal.jaxp.DocumentBuilderImpl.parse(DocumentBuilderImpl.java:342)
	at com.st.stm32cube.ide.mpu.remote.serial.internal.SerialPortProviderWindows.run(SerialPortProviderWindows.java:127)
	at java.base/java.util.TimerThread.mainLoop(Timer.java:566)
	at java.base/java.util.TimerThread.run(Timer.java:516)

!ENTRY com.st.stm32cube.ide.mpu.remote.serial 4 0 2026-01-16 22:55:43.733
!MESSAGE Failed to parse wmic output
!STACK 0
org.xml.sax.SAXParseException; lineNumber: 1; columnNumber: 1; Premature end of file.
	at java.xml/com.sun.org.apache.xerces.internal.parsers.DOMParser.parse(DOMParser.java:262)
	at java.xml/com.sun.org.apache.xerces.internal.jaxp.DocumentBuilderImpl.parse(DocumentBuilderImpl.java:342)
	at com.st.stm32cube.ide.mpu.remote.serial.internal.SerialPortProviderWindows.run(SerialPortProviderWindows.java:127)
	at java.base/java.util.TimerThread.mainLoop(Timer.java:566)
	at java.base/java.util.TimerThread.run(Timer.java:516)

!ENTRY com.st.stm32cube.ide.mpu.remote.serial 4 0 2026-01-16 22:55:44.725
!MESSAGE Failed to parse wmic output
!STACK 0
org.xml.sax.SAXParseException; lineNumber: 1; columnNumber: 1; Premature end of file.
	at java.xml/com.sun.org.apache.xerces.internal.parsers.DOMParser.parse(DOMParser.java:262)
	at java.xml/com.sun.org.apache.xerces.internal.jaxp.DocumentBuilderImpl.parse(DocumentBuilderImpl.java:342)
	at com.st.stm32cube.ide.mpu.remote.serial.internal.SerialPortProviderWindows.run(SerialPortProviderWindows.java:127)
	at java.base/java.util.TimerThread.mainLoop(Timer.java:566)
	at java.base/java.util.TimerThread.run(Timer.java:516)

!ENTRY com.st.stm32cube.ide.mpu.remote.serial 4 0 2026-01-16 22:55:45.748
!MESSAGE Failed to parse wmic output
!STACK 0
org.xml.sax.SAXParseException; lineNumber: 1; columnNumber: 1; Premature end of file.
	at java.xml/com.sun.org.apache.xerces.internal.parsers.DOMParser.parse(DOMParser.java:262)
	at java.xml/com.sun.org.apache.xerces.internal.jaxp.DocumentBuilderImpl.parse(DocumentBuilderImpl.java:342)
	at com.st.stm32cube.ide.mpu.remote.serial.internal.SerialPortProviderWindows.run(SerialPortProviderWindows.java:127)
	at java.base/java.util.TimerThread.mainLoop(Timer.java:566)
	at java.base/java.util.TimerThread.run(Timer.java:516)

!ENTRY com.st.stm32cube.ide.mpu.remote.serial 4 0 2026-01-16 22:55:46.719
!MESSAGE Failed to parse wmic output
!STACK 0
org.xml.sax.SAXParseException; lineNumber: 1; columnNumber: 1; Premature end of file.
	at java.xml/com.sun.org.apache.xerces.internal.parsers.DOMParser.parse(DOMParser.java:262)
	at java.xml/com.sun.org.apache.xerces.internal.jaxp.DocumentBuilderImpl.parse(DocumentBuilderImpl.java:342)
	at com.st.stm32cube.ide.mpu.remote.serial.internal.SerialPortProviderWindows.run(SerialPortProviderWindows.java:127)
	at java.base/java.util.TimerThread.mainLoop(Timer.java:566)
	at java.base/java.util.TimerThread.run(Timer.java:516)

!ENTRY com.st.stm32cube.ide.mpu.remote.serial 4 0 2026-01-16 22:55:47.714
!MESSAGE Failed to parse wmic output
!STACK 0
org.xml.sax.SAXParseException; lineNumber: 1; columnNumber: 1; Premature end of file.
	at java.xml/com.sun.org.apache.xerces.internal.parsers.DOMParser.parse(DOMParser.java:262)
	at java.xml/com.sun.org.apache.xerces.internal.jaxp.DocumentBuilderImpl.parse(DocumentBuilderImpl.java:342)
	at com.st.stm32cube.ide.mpu.remote.serial.internal.SerialPortProviderWindows.run(SerialPortProviderWindows.java:127)
	at java.base/java.util.TimerThread.mainLoop(Timer.java:566)
	at java.base/java.util.TimerThread.run(Timer.java:516)

!ENTRY com.st.stm32cube.ide.mpu.remote.serial 4 0 2026-01-16 22:55:48.731
!MESSAGE Failed to parse wmic output
!STACK 0
org.xml.sax.SAXParseException; lineNumber: 1; columnNumber: 1; Premature end of file.
	at java.xml/com.sun.org.apache.xerces.internal.parsers.DOMParser.parse(DOMParser.java:262)
	at java.xml/com.sun.org.apache.xerces.internal.jaxp.DocumentBuilderImpl.parse(DocumentBuilderImpl.java:342)
	at com.st.stm32cube.ide.mpu.remote.serial.internal.SerialPortProviderWindows.run(SerialPortProviderWindows.java:127)
	at java.base/java.util.TimerThread.mainLoop(Timer.java:566)
	at java.base/java.util.TimerThread.run(Timer.java:516)

!ENTRY com.st.stm32cube.ide.mpu.remote.serial 4 0 2026-01-16 22:55:49.722
!MESSAGE Failed to parse wmic output
!STACK 0
org.xml.sax.SAXParseException; lineNumber: 1; columnNumber: 1; Premature end of file.
	at java.xml/com.sun.org.apache.xerces.internal.parsers.DOMParser.parse(DOMParser.java:262)
	at java.xml/com.sun.org.apache.xerces.internal.jaxp.DocumentBuilderImpl.parse(DocumentBuilderImpl.java:342)
	at com.st.stm32cube.ide.mpu.remote.serial.internal.SerialPortProviderWindows.run(SerialPortProviderWindows.java:127)
	at java.base/java.util.TimerThread.mainLoop(Timer.java:566)
	at java.base/java.util.TimerThread.run(Timer.java:516)

!ENTRY com.st.stm32cube.ide.mpu.remote.serial 4 0 2026-01-16 22:55:50.731
!MESSAGE Failed to parse wmic output
!STACK 0
org.xml.sax.SAXParseException; lineNumber: 1; columnNumber: 1; Premature end of file.
	at java.xml/com.sun.org.apache.xerces.internal.parsers.DOMParser.parse(DOMParser.java:262)
	at java.xml/com.sun.org.apache.xerces.internal.jaxp.DocumentBuilderImpl.parse(DocumentBuilderImpl.java:342)
	at com.st.stm32cube.ide.mpu.remote.serial.internal.SerialPortProviderWindows.run(SerialPortProviderWindows.java:127)
	at java.base/java.util.TimerThread.mainLoop(Timer.java:566)
	at java.base/java.util.TimerThread.run(Timer.java:516)

!ENTRY com.st.stm32cube.ide.mpu.remote.serial 4 0 2026-01-16 22:55:51.741
!MESSAGE Failed to parse wmic output
!STACK 0
org.xml.sax.SAXParseException; lineNumber: 1; columnNumber: 1; Premature end of file.
	at java.xml/com.sun.org.apache.xerces.internal.parsers.DOMParser.parse(DOMParser.java:262)
	at java.xml/com.sun.org.apache.xerces.internal.jaxp.DocumentBuilderImpl.parse(DocumentBuilderImpl.java:342)
	at com.st.stm32cube.ide.mpu.remote.serial.internal.SerialPortProviderWindows.run(SerialPortProviderWindows.java:127)
	at java.base/java.util.TimerThread.mainLoop(Timer.java:566)
	at java.base/java.util.TimerThread.run(Timer.java:516)

!ENTRY com.st.stm32cube.ide.mpu.remote.serial 4 0 2026-01-16 22:55:52.714
!MESSAGE Failed to parse wmic output
!STACK 0
org.xml.sax.SAXParseException; lineNumber: 1; columnNumber: 1; Premature end of file.
	at java.xml/com.sun.org.apache.xerces.internal.parsers.DOMParser.parse(DOMParser.java:262)
	at java.xml/com.sun.org.apache.xerces.internal.jaxp.DocumentBuilderImpl.parse(DocumentBuilderImpl.java:342)
	at com.st.stm32cube.ide.mpu.remote.serial.internal.SerialPortProviderWindows.run(SerialPortProviderWindows.java:127)
	at java.base/java.util.TimerThread.mainLoop(Timer.java:566)
	at java.base/java.util.TimerThread.run(Timer.java:516)

!ENTRY com.st.stm32cube.ide.mpu.remote.serial 4 0 2026-01-16 22:55:53.735
!MESSAGE Failed to parse wmic output
!STACK 0
org.xml.sax.SAXParseException; lineNumber: 1; columnNumber: 1; Premature end of file.
	at java.xml/com.sun.org.apache.xerces.internal.parsers.DOMParser.parse(DOMParser.java:262)
	at java.xml/com.sun.org.apache.xerces.internal.jaxp.DocumentBuilderImpl.parse(DocumentBuilderImpl.java:342)
	at com.st.stm32cube.ide.mpu.remote.serial.internal.SerialPortProviderWindows.run(SerialPortProviderWindows.java:127)
	at java.base/java.util.TimerThread.mainLoop(Timer.java:566)
	at java.base/java.util.TimerThread.run(Timer.java:516)

!ENTRY com.st.stm32cube.ide.mpu.remote.serial 4 0 2026-01-16 22:55:54.731
!MESSAGE Failed to parse wmic output
!STACK 0
org.xml.sax.SAXParseException; lineNumber: 1; columnNumber: 1; Premature end of file.
	at java.xml/com.sun.org.apache.xerces.internal.parsers.DOMParser.parse(DOMParser.java:262)
	at java.xml/com.sun.org.apache.xerces.internal.jaxp.DocumentBuilderImpl.parse(DocumentBuilderImpl.java:342)
	at com.st.stm32cube.ide.mpu.remote.serial.internal.SerialPortProviderWindows.run(SerialPortProviderWindows.java:127)
	at java.base/java.util.TimerThread.mainLoop(Timer.java:566)
	at java.base/java.util.TimerThread.run(Timer.java:516)

!ENTRY com.st.stm32cube.ide.mpu.remote.serial 4 0 2026-01-16 22:55:55.715
!MESSAGE Failed to parse wmic output
!STACK 0
org.xml.sax.SAXParseException; lineNumber: 1; columnNumber: 1; Premature end of file.
	at java.xml/com.sun.org.apache.xerces.internal.parsers.DOMParser.parse(DOMParser.java:262)
	at java.xml/com.sun.org.apache.xerces.internal.jaxp.DocumentBuilderImpl.parse(DocumentBuilderImpl.java:342)
	at com.st.stm32cube.ide.mpu.remote.serial.internal.SerialPortProviderWindows.run(SerialPortProviderWindows.java:127)
	at java.base/java.util.TimerThread.mainLoop(Timer.java:566)
	at java.base/java.util.TimerThread.run(Timer.java:516)

!ENTRY com.st.stm32cube.ide.mpu.remote.serial 4 0 2026-01-16 22:55:56.741
!MESSAGE Failed to parse wmic output
!STACK 0
org.xml.sax.SAXParseException; lineNumber: 1; columnNumber: 1; Premature end of file.
	at java.xml/com.sun.org.apache.xerces.internal.parsers.DOMParser.parse(DOMParser.java:262)
	at java.xml/com.sun.org.apache.xerces.internal.jaxp.DocumentBuilderImpl.parse(DocumentBuilderImpl.java:342)
	at com.st.stm32cube.ide.mpu.remote.serial.internal.SerialPortProviderWindows.run(SerialPortProviderWindows.java:127)
	at java.base/java.util.TimerThread.mainLoop(Timer.java:566)
	at java.base/java.util.TimerThread.run(Timer.java:516)

!ENTRY com.st.stm32cube.ide.mpu.remote.serial 4 0 2026-01-16 22:55:57.720
!MESSAGE Failed to parse wmic output
!STACK 0
org.xml.sax.SAXParseException; lineNumber: 1; columnNumber: 1; Premature end of file.
	at java.xml/com.sun.org.apache.xerces.internal.parsers.DOMParser.parse(DOMParser.java:262)
	at java.xml/com.sun.org.apache.xerces.internal.jaxp.DocumentBuilderImpl.parse(DocumentBuilderImpl.java:342)
	at com.st.stm32cube.ide.mpu.remote.serial.internal.SerialPortProviderWindows.run(SerialPortProviderWindows.java:127)
	at java.base/java.util.TimerThread.mainLoop(Timer.java:566)
	at java.base/java.util.TimerThread.run(Timer.java:516)

!ENTRY com.st.stm32cube.ide.mpu.remote.serial 4 0 2026-01-16 22:55:58.739
!MESSAGE Failed to parse wmic output
!STACK 0
org.xml.sax.SAXParseException; lineNumber: 1; columnNumber: 1; Premature end of file.
	at java.xml/com.sun.org.apache.xerces.internal.parsers.DOMParser.parse(DOMParser.java:262)
	at java.xml/com.sun.org.apache.xerces.internal.jaxp.DocumentBuilderImpl.parse(DocumentBuilderImpl.java:342)
	at com.st.stm32cube.ide.mpu.remote.serial.internal.SerialPortProviderWindows.run(SerialPortProviderWindows.java:127)
	at java.base/java.util.TimerThread.mainLoop(Timer.java:566)
	at java.base/java.util.TimerThread.run(Timer.java:516)

!ENTRY com.st.stm32cube.ide.mpu.remote.serial 4 0 2026-01-16 22:55:59.727
!MESSAGE Failed to parse wmic output
!STACK 0
org.xml.sax.SAXParseException; lineNumber: 1; columnNumber: 1; Premature end of file.
	at java.xml/com.sun.org.apache.xerces.internal.parsers.DOMParser.parse(DOMParser.java:262)
	at java.xml/com.sun.org.apache.xerces.internal.jaxp.DocumentBuilderImpl.parse(DocumentBuilderImpl.java:342)
	at com.st.stm32cube.ide.mpu.remote.serial.internal.SerialPortProviderWindows.run(SerialPortProviderWindows.java:127)
	at java.base/java.util.TimerThread.mainLoop(Timer.java:566)
	at java.base/java.util.TimerThread.run(Timer.java:516)

!ENTRY com.st.stm32cube.ide.mpu.remote.serial 4 0 2026-01-16 22:56:00.726
!MESSAGE Failed to parse wmic output
!STACK 0
org.xml.sax.SAXParseException; lineNumber: 1; columnNumber: 1; Premature end of file.
	at java.xml/com.sun.org.apache.xerces.internal.parsers.DOMParser.parse(DOMParser.java:262)
	at java.xml/com.sun.org.apache.xerces.internal.jaxp.DocumentBuilderImpl.parse(DocumentBuilderImpl.java:342)
	at com.st.stm32cube.ide.mpu.remote.serial.internal.SerialPortProviderWindows.run(SerialPortProviderWindows.java:127)
	at java.base/java.util.TimerThread.mainLoop(Timer.java:566)
	at java.base/java.util.TimerThread.run(Timer.java:516)

!ENTRY com.st.stm32cube.ide.mpu.remote.serial 4 0 2026-01-16 22:56:01.729
!MESSAGE Failed to parse wmic output
!STACK 0
org.xml.sax.SAXParseException; lineNumber: 1; columnNumber: 1; Premature end of file.
	at java.xml/com.sun.org.apache.xerces.internal.parsers.DOMParser.parse(DOMParser.java:262)
	at java.xml/com.sun.org.apache.xerces.internal.jaxp.DocumentBuilderImpl.parse(DocumentBuilderImpl.java:342)
	at com.st.stm32cube.ide.mpu.remote.serial.internal.SerialPortProviderWindows.run(SerialPortProviderWindows.java:127)
	at java.base/java.util.TimerThread.mainLoop(Timer.java:566)
	at java.base/java.util.TimerThread.run(Timer.java:516)

!ENTRY com.st.stm32cube.ide.mpu.remote.serial 4 0 2026-01-16 22:56:02.725
!MESSAGE Failed to parse wmic output
!STACK 0
org.xml.sax.SAXParseException; lineNumber: 1; columnNumber: 1; Premature end of file.
	at java.xml/com.sun.org.apache.xerces.internal.parsers.DOMParser.parse(DOMParser.java:262)
	at java.xml/com.sun.org.apache.xerces.internal.jaxp.DocumentBuilderImpl.parse(DocumentBuilderImpl.java:342)
	at com.st.stm32cube.ide.mpu.remote.serial.internal.SerialPortProviderWindows.run(SerialPortProviderWindows.java:127)
	at java.base/java.util.TimerThread.mainLoop(Timer.java:566)
	at java.base/java.util.TimerThread.run(Timer.java:516)

!ENTRY com.st.stm32cube.ide.mpu.remote.serial 4 0 2026-01-16 22:56:03.736
!MESSAGE Failed to parse wmic output
!STACK 0
org.xml.sax.SAXParseException; lineNumber: 1; columnNumber: 1; Premature end of file.
	at java.xml/com.sun.org.apache.xerces.internal.parsers.DOMParser.parse(DOMParser.java:262)
	at java.xml/com.sun.org.apache.xerces.internal.jaxp.DocumentBuilderImpl.parse(DocumentBuilderImpl.java:342)
	at com.st.stm32cube.ide.mpu.remote.serial.internal.SerialPortProviderWindows.run(SerialPortProviderWindows.java:127)
	at java.base/java.util.TimerThread.mainLoop(Timer.java:566)
	at java.base/java.util.TimerThread.run(Timer.java:516)

!ENTRY com.st.stm32cube.ide.mpu.remote.serial 4 0 2026-01-16 22:56:04.736
!MESSAGE Failed to parse wmic output
!STACK 0
org.xml.sax.SAXParseException; lineNumber: 1; columnNumber: 1; Premature end of file.
	at java.xml/com.sun.org.apache.xerces.internal.parsers.DOMParser.parse(DOMParser.java:262)
	at java.xml/com.sun.org.apache.xerces.internal.jaxp.DocumentBuilderImpl.parse(DocumentBuilderImpl.java:342)
	at com.st.stm32cube.ide.mpu.remote.serial.internal.SerialPortProviderWindows.run(SerialPortProviderWindows.java:127)
	at java.base/java.util.TimerThread.mainLoop(Timer.java:566)
	at java.base/java.util.TimerThread.run(Timer.java:516)

!ENTRY com.st.stm32cube.ide.mpu.remote.serial 4 0 2026-01-16 22:56:05.730
!MESSAGE Failed to parse wmic output
!STACK 0
org.xml.sax.SAXParseException; lineNumber: 1; columnNumber: 1; Premature end of file.
	at java.xml/com.sun.org.apache.xerces.internal.parsers.DOMParser.parse(DOMParser.java:262)
	at java.xml/com.sun.org.apache.xerces.internal.jaxp.DocumentBuilderImpl.parse(DocumentBuilderImpl.java:342)
	at com.st.stm32cube.ide.mpu.remote.serial.internal.SerialPortProviderWindows.run(SerialPortProviderWindows.java:127)
	at java.base/java.util.TimerThread.mainLoop(Timer.java:566)
	at java.base/java.util.TimerThread.run(Timer.java:516)

!ENTRY com.st.stm32cube.ide.mpu.remote.serial 4 0 2026-01-16 22:56:06.728
!MESSAGE Failed to parse wmic output
!STACK 0
org.xml.sax.SAXParseException; lineNumber: 1; columnNumber: 1; Premature end of file.
	at java.xml/com.sun.org.apache.xerces.internal.parsers.DOMParser.parse(DOMParser.java:262)
	at java.xml/com.sun.org.apache.xerces.internal.jaxp.DocumentBuilderImpl.parse(DocumentBuilderImpl.java:342)
	at com.st.stm32cube.ide.mpu.remote.serial.internal.SerialPortProviderWindows.run(SerialPortProviderWindows.java:127)
	at java.base/java.util.TimerThread.mainLoop(Timer.java:566)
	at java.base/java.util.TimerThread.run(Timer.java:516)

!ENTRY com.st.stm32cube.ide.mpu.remote.serial 4 0 2026-01-16 22:56:07.737
!MESSAGE Failed to parse wmic output
!STACK 0
org.xml.sax.SAXParseException; lineNumber: 1; columnNumber: 1; Premature end of file.
	at java.xml/com.sun.org.apache.xerces.internal.parsers.DOMParser.parse(DOMParser.java:262)
	at java.xml/com.sun.org.apache.xerces.internal.jaxp.DocumentBuilderImpl.parse(DocumentBuilderImpl.java:342)
	at com.st.stm32cube.ide.mpu.remote.serial.internal.SerialPortProviderWindows.run(SerialPortProviderWindows.java:127)
	at java.base/java.util.TimerThread.mainLoop(Timer.java:566)
	at java.base/java.util.TimerThread.run(Timer.java:516)

!ENTRY com.st.stm32cube.ide.mpu.remote.serial 4 0 2026-01-16 22:56:08.733
!MESSAGE Failed to parse wmic output
!STACK 0
org.xml.sax.SAXParseException; lineNumber: 1; columnNumber: 1; Premature end of file.
	at java.xml/com.sun.org.apache.xerces.internal.parsers.DOMParser.parse(DOMParser.java:262)
	at java.xml/com.sun.org.apache.xerces.internal.jaxp.DocumentBuilderImpl.parse(DocumentBuilderImpl.java:342)
	at com.st.stm32cube.ide.mpu.remote.serial.internal.SerialPortProviderWindows.run(SerialPortProviderWindows.java:127)
	at java.base/java.util.TimerThread.mainLoop(Timer.java:566)
	at java.base/java.util.TimerThread.run(Timer.java:516)

!ENTRY com.st.stm32cube.ide.mpu.remote.serial 4 0 2026-01-16 22:56:09.730
!MESSAGE Failed to parse wmic output
!STACK 0
org.xml.sax.SAXParseException; lineNumber: 1; columnNumber: 1; Premature end of file.
	at java.xml/com.sun.org.apache.xerces.internal.parsers.DOMParser.parse(DOMParser.java:262)
	at java.xml/com.sun.org.apache.xerces.internal.jaxp.DocumentBuilderImpl.parse(DocumentBuilderImpl.java:342)
	at com.st.stm32cube.ide.mpu.remote.serial.internal.SerialPortProviderWindows.run(SerialPortProviderWindows.java:127)
	at java.base/java.util.TimerThread.mainLoop(Timer.java:566)
	at java.base/java.util.TimerThread.run(Timer.java:516)

!ENTRY com.st.stm32cube.ide.mpu.remote.serial 4 0 2026-01-16 22:56:10.736
!MESSAGE Failed to parse wmic output
!STACK 0
org.xml.sax.SAXParseException; lineNumber: 1; columnNumber: 1; Premature end of file.
	at java.xml/com.sun.org.apache.xerces.internal.parsers.DOMParser.parse(DOMParser.java:262)
	at java.xml/com.sun.org.apache.xerces.internal.jaxp.DocumentBuilderImpl.parse(DocumentBuilderImpl.java:342)
	at com.st.stm32cube.ide.mpu.remote.serial.internal.SerialPortProviderWindows.run(SerialPortProviderWindows.java:127)
	at java.base/java.util.TimerThread.mainLoop(Timer.java:566)
	at java.base/java.util.TimerThread.run(Timer.java:516)

!ENTRY com.st.stm32cube.ide.mpu.remote.serial 4 0 2026-01-16 22:56:11.734
!MESSAGE Failed to parse wmic output
!STACK 0
org.xml.sax.SAXParseException; lineNumber: 1; columnNumber: 1; Premature end of file.
	at java.xml/com.sun.org.apache.xerces.internal.parsers.DOMParser.parse(DOMParser.java:262)
	at java.xml/com.sun.org.apache.xerces.internal.jaxp.DocumentBuilderImpl.parse(DocumentBuilderImpl.java:342)
	at com.st.stm32cube.ide.mpu.remote.serial.internal.SerialPortProviderWindows.run(SerialPortProviderWindows.java:127)
	at java.base/java.util.TimerThread.mainLoop(Timer.java:566)
	at java.base/java.util.TimerThread.run(Timer.java:516)

!ENTRY com.st.stm32cube.ide.mpu.remote.serial 4 0 2026-01-16 22:56:12.726
!MESSAGE Failed to parse wmic output
!STACK 0
org.xml.sax.SAXParseException; lineNumber: 1; columnNumber: 1; Premature end of file.
	at java.xml/com.sun.org.apache.xerces.internal.parsers.DOMParser.parse(DOMParser.java:262)
	at java.xml/com.sun.org.apache.xerces.internal.jaxp.DocumentBuilderImpl.parse(DocumentBuilderImpl.java:342)
	at com.st.stm32cube.ide.mpu.remote.serial.internal.SerialPortProviderWindows.run(SerialPortProviderWindows.java:127)
	at java.base/java.util.TimerThread.mainLoop(Timer.java:566)
	at java.base/java.util.TimerThread.run(Timer.java:516)

!ENTRY com.st.stm32cube.ide.mpu.remote.serial 4 0 2026-01-16 22:56:13.723
!MESSAGE Failed to parse wmic output
!STACK 0
org.xml.sax.SAXParseException; lineNumber: 1; columnNumber: 1; Premature end of file.
	at java.xml/com.sun.org.apache.xerces.internal.parsers.DOMParser.parse(DOMParser.java:262)
	at java.xml/com.sun.org.apache.xerces.internal.jaxp.DocumentBuilderImpl.parse(DocumentBuilderImpl.java:342)
	at com.st.stm32cube.ide.mpu.remote.serial.internal.SerialPortProviderWindows.run(SerialPortProviderWindows.java:127)
	at java.base/java.util.TimerThread.mainLoop(Timer.java:566)
	at java.base/java.util.TimerThread.run(Timer.java:516)

!ENTRY com.st.stm32cube.ide.mpu.remote.serial 4 0 2026-01-16 22:56:14.725
!MESSAGE Failed to parse wmic output
!STACK 0
org.xml.sax.SAXParseException; lineNumber: 1; columnNumber: 1; Premature end of file.
	at java.xml/com.sun.org.apache.xerces.internal.parsers.DOMParser.parse(DOMParser.java:262)
	at java.xml/com.sun.org.apache.xerces.internal.jaxp.DocumentBuilderImpl.parse(DocumentBuilderImpl.java:342)
	at com.st.stm32cube.ide.mpu.remote.serial.internal.SerialPortProviderWindows.run(SerialPortProviderWindows.java:127)
	at java.base/java.util.TimerThread.mainLoop(Timer.java:566)
	at java.base/java.util.TimerThread.run(Timer.java:516)

!ENTRY com.st.stm32cube.ide.mpu.remote.serial 4 0 2026-01-16 22:56:15.726
!MESSAGE Failed to parse wmic output
!STACK 0
org.xml.sax.SAXParseException; lineNumber: 1; columnNumber: 1; Premature end of file.
	at java.xml/com.sun.org.apache.xerces.internal.parsers.DOMParser.parse(DOMParser.java:262)
	at java.xml/com.sun.org.apache.xerces.internal.jaxp.DocumentBuilderImpl.parse(DocumentBuilderImpl.java:342)
	at com.st.stm32cube.ide.mpu.remote.serial.internal.SerialPortProviderWindows.run(SerialPortProviderWindows.java:127)
	at java.base/java.util.TimerThread.mainLoop(Timer.java:566)
	at java.base/java.util.TimerThread.run(Timer.java:516)

!ENTRY com.st.stm32cube.ide.mpu.remote.serial 4 0 2026-01-16 22:56:16.737
!MESSAGE Failed to parse wmic output
!STACK 0
org.xml.sax.SAXParseException; lineNumber: 1; columnNumber: 1; Premature end of file.
	at java.xml/com.sun.org.apache.xerces.internal.parsers.DOMParser.parse(DOMParser.java:262)
	at java.xml/com.sun.org.apache.xerces.internal.jaxp.DocumentBuilderImpl.parse(DocumentBuilderImpl.java:342)
	at com.st.stm32cube.ide.mpu.remote.serial.internal.SerialPortProviderWindows.run(SerialPortProviderWindows.java:127)
	at java.base/java.util.TimerThread.mainLoop(Timer.java:566)
	at java.base/java.util.TimerThread.run(Timer.java:516)

!ENTRY com.st.stm32cube.ide.mpu.remote.serial 4 0 2026-01-16 22:56:17.728
!MESSAGE Failed to parse wmic output
!STACK 0
org.xml.sax.SAXParseException; lineNumber: 1; columnNumber: 1; Premature end of file.
	at java.xml/com.sun.org.apache.xerces.internal.parsers.DOMParser.parse(DOMParser.java:262)
	at java.xml/com.sun.org.apache.xerces.internal.jaxp.DocumentBuilderImpl.parse(DocumentBuilderImpl.java:342)
	at com.st.stm32cube.ide.mpu.remote.serial.internal.SerialPortProviderWindows.run(SerialPortProviderWindows.java:127)
	at java.base/java.util.TimerThread.mainLoop(Timer.java:566)
	at java.base/java.util.TimerThread.run(Timer.java:516)

!ENTRY com.st.stm32cube.ide.mpu.remote.serial 4 0 2026-01-16 22:56:18.737
!MESSAGE Failed to parse wmic output
!STACK 0
org.xml.sax.SAXParseException; lineNumber: 1; columnNumber: 1; Premature end of file.
	at java.xml/com.sun.org.apache.xerces.internal.parsers.DOMParser.parse(DOMParser.java:262)
	at java.xml/com.sun.org.apache.xerces.internal.jaxp.DocumentBuilderImpl.parse(DocumentBuilderImpl.java:342)
	at com.st.stm32cube.ide.mpu.remote.serial.internal.SerialPortProviderWindows.run(SerialPortProviderWindows.java:127)
	at java.base/java.util.TimerThread.mainLoop(Timer.java:566)
	at java.base/java.util.TimerThread.run(Timer.java:516)

!ENTRY com.st.stm32cube.ide.mpu.remote.serial 4 0 2026-01-16 22:56:19.726
!MESSAGE Failed to parse wmic output
!STACK 0
org.xml.sax.SAXParseException; lineNumber: 1; columnNumber: 1; Premature end of file.
	at java.xml/com.sun.org.apache.xerces.internal.parsers.DOMParser.parse(DOMParser.java:262)
	at java.xml/com.sun.org.apache.xerces.internal.jaxp.DocumentBuilderImpl.parse(DocumentBuilderImpl.java:342)
	at com.st.stm32cube.ide.mpu.remote.serial.internal.SerialPortProviderWindows.run(SerialPortProviderWindows.java:127)
	at java.base/java.util.TimerThread.mainLoop(Timer.java:566)
	at java.base/java.util.TimerThread.run(Timer.java:516)

!ENTRY com.st.stm32cube.ide.mpu.remote.serial 4 0 2026-01-16 22:56:20.730
!MESSAGE Failed to parse wmic output
!STACK 0
org.xml.sax.SAXParseException; lineNumber: 1; columnNumber: 1; Premature end of file.
	at java.xml/com.sun.org.apache.xerces.internal.parsers.DOMParser.parse(DOMParser.java:262)
	at java.xml/com.sun.org.apache.xerces.internal.jaxp.DocumentBuilderImpl.parse(DocumentBuilderImpl.java:342)
	at com.st.stm32cube.ide.mpu.remote.serial.internal.SerialPortProviderWindows.run(SerialPortProviderWindows.java:127)
	at java.base/java.util.TimerThread.mainLoop(Timer.java:566)
	at java.base/java.util.TimerThread.run(Timer.java:516)

!ENTRY com.st.stm32cube.ide.mpu.remote.serial 4 0 2026-01-16 22:56:21.751
!MESSAGE Failed to parse wmic output
!STACK 0
org.xml.sax.SAXParseException; lineNumber: 1; columnNumber: 1; Premature end of file.
	at java.xml/com.sun.org.apache.xerces.internal.parsers.DOMParser.parse(DOMParser.java:262)
	at java.xml/com.sun.org.apache.xerces.internal.jaxp.DocumentBuilderImpl.parse(DocumentBuilderImpl.java:342)
	at com.st.stm32cube.ide.mpu.remote.serial.internal.SerialPortProviderWindows.run(SerialPortProviderWindows.java:127)
	at java.base/java.util.TimerThread.mainLoop(Timer.java:566)
	at java.base/java.util.TimerThread.run(Timer.java:516)

!ENTRY com.st.stm32cube.ide.mpu.remote.serial 4 0 2026-01-16 22:56:22.726
!MESSAGE Failed to parse wmic output
!STACK 0
org.xml.sax.SAXParseException; lineNumber: 1; columnNumber: 1; Premature end of file.
	at java.xml/com.sun.org.apache.xerces.internal.parsers.DOMParser.parse(DOMParser.java:262)
	at java.xml/com.sun.org.apache.xerces.internal.jaxp.DocumentBuilderImpl.parse(DocumentBuilderImpl.java:342)
	at com.st.stm32cube.ide.mpu.remote.serial.internal.SerialPortProviderWindows.run(SerialPortProviderWindows.java:127)
	at java.base/java.util.TimerThread.mainLoop(Timer.java:566)
	at java.base/java.util.TimerThread.run(Timer.java:516)

!ENTRY com.st.stm32cube.ide.mpu.remote.serial 4 0 2026-01-16 22:56:23.724
!MESSAGE Failed to parse wmic output
!STACK 0
org.xml.sax.SAXParseException; lineNumber: 1; columnNumber: 1; Premature end of file.
	at java.xml/com.sun.org.apache.xerces.internal.parsers.DOMParser.parse(DOMParser.java:262)
	at java.xml/com.sun.org.apache.xerces.internal.jaxp.DocumentBuilderImpl.parse(DocumentBuilderImpl.java:342)
	at com.st.stm32cube.ide.mpu.remote.serial.internal.SerialPortProviderWindows.run(SerialPortProviderWindows.java:127)
	at java.base/java.util.TimerThread.mainLoop(Timer.java:566)
	at java.base/java.util.TimerThread.run(Timer.java:516)

!ENTRY com.st.stm32cube.ide.mpu.remote.serial 4 0 2026-01-16 22:56:24.727
!MESSAGE Failed to parse wmic output
!STACK 0
org.xml.sax.SAXParseException; lineNumber: 1; columnNumber: 1; Premature end of file.
	at java.xml/com.sun.org.apache.xerces.internal.parsers.DOMParser.parse(DOMParser.java:262)
	at java.xml/com.sun.org.apache.xerces.internal.jaxp.DocumentBuilderImpl.parse(DocumentBuilderImpl.java:342)
	at com.st.stm32cube.ide.mpu.remote.serial.internal.SerialPortProviderWindows.run(SerialPortProviderWindows.java:127)
	at java.base/java.util.TimerThread.mainLoop(Timer.java:566)
	at java.base/java.util.TimerThread.run(Timer.java:516)

!ENTRY com.st.stm32cube.ide.mpu.remote.serial 4 0 2026-01-16 22:56:25.735
!MESSAGE Failed to parse wmic output
!STACK 0
org.xml.sax.SAXParseException; lineNumber: 1; columnNumber: 1; Premature end of file.
	at java.xml/com.sun.org.apache.xerces.internal.parsers.DOMParser.parse(DOMParser.java:262)
	at java.xml/com.sun.org.apache.xerces.internal.jaxp.DocumentBuilderImpl.parse(DocumentBuilderImpl.java:342)
	at com.st.stm32cube.ide.mpu.remote.serial.internal.SerialPortProviderWindows.run(SerialPortProviderWindows.java:127)
	at java.base/java.util.TimerThread.mainLoop(Timer.java:566)
	at java.base/java.util.TimerThread.run(Timer.java:516)

!ENTRY com.st.stm32cube.ide.mpu.remote.serial 4 0 2026-01-16 22:56:26.711
!MESSAGE Failed to parse wmic output
!STACK 0
org.xml.sax.SAXParseException; lineNumber: 1; columnNumber: 1; Premature end of file.
	at java.xml/com.sun.org.apache.xerces.internal.parsers.DOMParser.parse(DOMParser.java:262)
	at java.xml/com.sun.org.apache.xerces.internal.jaxp.DocumentBuilderImpl.parse(DocumentBuilderImpl.java:342)
	at com.st.stm32cube.ide.mpu.remote.serial.internal.SerialPortProviderWindows.run(SerialPortProviderWindows.java:127)
	at java.base/java.util.TimerThread.mainLoop(Timer.java:566)
	at java.base/java.util.TimerThread.run(Timer.java:516)

!ENTRY com.st.stm32cube.ide.mpu.remote.serial 4 0 2026-01-16 22:56:27.719
!MESSAGE Failed to parse wmic output
!STACK 0
org.xml.sax.SAXParseException; lineNumber: 1; columnNumber: 1; Premature end of file.
	at java.xml/com.sun.org.apache.xerces.internal.parsers.DOMParser.parse(DOMParser.java:262)
	at java.xml/com.sun.org.apache.xerces.internal.jaxp.DocumentBuilderImpl.parse(DocumentBuilderImpl.java:342)
	at com.st.stm32cube.ide.mpu.remote.serial.internal.SerialPortProviderWindows.run(SerialPortProviderWindows.java:127)
	at java.base/java.util.TimerThread.mainLoop(Timer.java:566)
	at java.base/java.util.TimerThread.run(Timer.java:516)

!ENTRY com.st.stm32cube.ide.mpu.remote.serial 4 0 2026-01-16 22:56:28.712
!MESSAGE Failed to parse wmic output
!STACK 0
org.xml.sax.SAXParseException; lineNumber: 1; columnNumber: 1; Premature end of file.
	at java.xml/com.sun.org.apache.xerces.internal.parsers.DOMParser.parse(DOMParser.java:262)
	at java.xml/com.sun.org.apache.xerces.internal.jaxp.DocumentBuilderImpl.parse(DocumentBuilderImpl.java:342)
	at com.st.stm32cube.ide.mpu.remote.serial.internal.SerialPortProviderWindows.run(SerialPortProviderWindows.java:127)
	at java.base/java.util.TimerThread.mainLoop(Timer.java:566)
	at java.base/java.util.TimerThread.run(Timer.java:516)

!ENTRY com.st.stm32cube.ide.mpu.remote.serial 4 0 2026-01-16 22:56:29.713
!MESSAGE Failed to parse wmic output
!STACK 0
org.xml.sax.SAXParseException; lineNumber: 1; columnNumber: 1; Premature end of file.
	at java.xml/com.sun.org.apache.xerces.internal.parsers.DOMParser.parse(DOMParser.java:262)
	at java.xml/com.sun.org.apache.xerces.internal.jaxp.DocumentBuilderImpl.parse(DocumentBuilderImpl.java:342)
	at com.st.stm32cube.ide.mpu.remote.serial.internal.SerialPortProviderWindows.run(SerialPortProviderWindows.java:127)
	at java.base/java.util.TimerThread.mainLoop(Timer.java:566)
	at java.base/java.util.TimerThread.run(Timer.java:516)

!ENTRY com.st.stm32cube.ide.mpu.remote.serial 4 0 2026-01-16 22:56:30.718
!MESSAGE Failed to parse wmic output
!STACK 0
org.xml.sax.SAXParseException; lineNumber: 1; columnNumber: 1; Premature end of file.
	at java.xml/com.sun.org.apache.xerces.internal.parsers.DOMParser.parse(DOMParser.java:262)
	at java.xml/com.sun.org.apache.xerces.internal.jaxp.DocumentBuilderImpl.parse(DocumentBuilderImpl.java:342)
	at com.st.stm32cube.ide.mpu.remote.serial.internal.SerialPortProviderWindows.run(SerialPortProviderWindows.java:127)
	at java.base/java.util.TimerThread.mainLoop(Timer.java:566)
	at java.base/java.util.TimerThread.run(Timer.java:516)

!ENTRY com.st.stm32cube.ide.mpu.remote.serial 4 0 2026-01-16 22:56:31.723
!MESSAGE Failed to parse wmic output
!STACK 0
org.xml.sax.SAXParseException; lineNumber: 1; columnNumber: 1; Premature end of file.
	at java.xml/com.sun.org.apache.xerces.internal.parsers.DOMParser.parse(DOMParser.java:262)
	at java.xml/com.sun.org.apache.xerces.internal.jaxp.DocumentBuilderImpl.parse(DocumentBuilderImpl.java:342)
	at com.st.stm32cube.ide.mpu.remote.serial.internal.SerialPortProviderWindows.run(SerialPortProviderWindows.java:127)
	at java.base/java.util.TimerThread.mainLoop(Timer.java:566)
	at java.base/java.util.TimerThread.run(Timer.java:516)

!ENTRY com.st.stm32cube.ide.mpu.remote.serial 4 0 2026-01-16 22:56:32.718
!MESSAGE Failed to parse wmic output
!STACK 0
org.xml.sax.SAXParseException; lineNumber: 1; columnNumber: 1; Premature end of file.
	at java.xml/com.sun.org.apache.xerces.internal.parsers.DOMParser.parse(DOMParser.java:262)
	at java.xml/com.sun.org.apache.xerces.internal.jaxp.DocumentBuilderImpl.parse(DocumentBuilderImpl.java:342)
	at com.st.stm32cube.ide.mpu.remote.serial.internal.SerialPortProviderWindows.run(SerialPortProviderWindows.java:127)
	at java.base/java.util.TimerThread.mainLoop(Timer.java:566)
	at java.base/java.util.TimerThread.run(Timer.java:516)

!ENTRY com.st.stm32cube.ide.mpu.remote.serial 4 0 2026-01-16 22:56:33.729
!MESSAGE Failed to parse wmic output
!STACK 0
org.xml.sax.SAXParseException; lineNumber: 1; columnNumber: 1; Premature end of file.
	at java.xml/com.sun.org.apache.xerces.internal.parsers.DOMParser.parse(DOMParser.java:262)
	at java.xml/com.sun.org.apache.xerces.internal.jaxp.DocumentBuilderImpl.parse(DocumentBuilderImpl.java:342)
	at com.st.stm32cube.ide.mpu.remote.serial.internal.SerialPortProviderWindows.run(SerialPortProviderWindows.java:127)
	at java.base/java.util.TimerThread.mainLoop(Timer.java:566)
	at java.base/java.util.TimerThread.run(Timer.java:516)

!ENTRY com.st.stm32cube.ide.mpu.remote.serial 4 0 2026-01-16 22:56:34.718
!MESSAGE Failed to parse wmic output
!STACK 0
org.xml.sax.SAXParseException; lineNumber: 1; columnNumber: 1; Premature end of file.
	at java.xml/com.sun.org.apache.xerces.internal.parsers.DOMParser.parse(DOMParser.java:262)
	at java.xml/com.sun.org.apache.xerces.internal.jaxp.DocumentBuilderImpl.parse(DocumentBuilderImpl.java:342)
	at com.st.stm32cube.ide.mpu.remote.serial.internal.SerialPortProviderWindows.run(SerialPortProviderWindows.java:127)
	at java.base/java.util.TimerThread.mainLoop(Timer.java:566)
	at java.base/java.util.TimerThread.run(Timer.java:516)

!ENTRY com.st.stm32cube.ide.mpu.remote.serial 4 0 2026-01-16 22:56:35.720
!MESSAGE Failed to parse wmic output
!STACK 0
org.xml.sax.SAXParseException; lineNumber: 1; columnNumber: 1; Premature end of file.
	at java.xml/com.sun.org.apache.xerces.internal.parsers.DOMParser.parse(DOMParser.java:262)
	at java.xml/com.sun.org.apache.xerces.internal.jaxp.DocumentBuilderImpl.parse(DocumentBuilderImpl.java:342)
	at com.st.stm32cube.ide.mpu.remote.serial.internal.SerialPortProviderWindows.run(SerialPortProviderWindows.java:127)
	at java.base/java.util.TimerThread.mainLoop(Timer.java:566)
	at java.base/java.util.TimerThread.run(Timer.java:516)

!ENTRY com.st.stm32cube.ide.mpu.remote.serial 4 0 2026-01-16 22:56:36.720
!MESSAGE Failed to parse wmic output
!STACK 0
org.xml.sax.SAXParseException; lineNumber: 1; columnNumber: 1; Premature end of file.
	at java.xml/com.sun.org.apache.xerces.internal.parsers.DOMParser.parse(DOMParser.java:262)
	at java.xml/com.sun.org.apache.xerces.internal.jaxp.DocumentBuilderImpl.parse(DocumentBuilderImpl.java:342)
	at com.st.stm32cube.ide.mpu.remote.serial.internal.SerialPortProviderWindows.run(SerialPortProviderWindows.java:127)
	at java.base/java.util.TimerThread.mainLoop(Timer.java:566)
	at java.base/java.util.TimerThread.run(Timer.java:516)

!ENTRY com.st.stm32cube.ide.mpu.remote.serial 4 0 2026-01-16 22:56:37.717
!MESSAGE Failed to parse wmic output
!STACK 0
org.xml.sax.SAXParseException; lineNumber: 1; columnNumber: 1; Premature end of file.
	at java.xml/com.sun.org.apache.xerces.internal.parsers.DOMParser.parse(DOMParser.java:262)
	at java.xml/com.sun.org.apache.xerces.internal.jaxp.DocumentBuilderImpl.parse(DocumentBuilderImpl.java:342)
	at com.st.stm32cube.ide.mpu.remote.serial.internal.SerialPortProviderWindows.run(SerialPortProviderWindows.java:127)
	at java.base/java.util.TimerThread.mainLoop(Timer.java:566)
	at java.base/java.util.TimerThread.run(Timer.java:516)

!ENTRY com.st.stm32cube.ide.mpu.remote.serial 4 0 2026-01-16 22:56:38.712
!MESSAGE Failed to parse wmic output
!STACK 0
org.xml.sax.SAXParseException; lineNumber: 1; columnNumber: 1; Premature end of file.
	at java.xml/com.sun.org.apache.xerces.internal.parsers.DOMParser.parse(DOMParser.java:262)
	at java.xml/com.sun.org.apache.xerces.internal.jaxp.DocumentBuilderImpl.parse(DocumentBuilderImpl.java:342)
	at com.st.stm32cube.ide.mpu.remote.serial.internal.SerialPortProviderWindows.run(SerialPortProviderWindows.java:127)
	at java.base/java.util.TimerThread.mainLoop(Timer.java:566)
	at java.base/java.util.TimerThread.run(Timer.java:516)

!ENTRY com.st.stm32cube.ide.mpu.remote.serial 4 0 2026-01-16 22:56:39.727
!MESSAGE Failed to parse wmic output
!STACK 0
org.xml.sax.SAXParseException; lineNumber: 1; columnNumber: 1; Premature end of file.
	at java.xml/com.sun.org.apache.xerces.internal.parsers.DOMParser.parse(DOMParser.java:262)
	at java.xml/com.sun.org.apache.xerces.internal.jaxp.DocumentBuilderImpl.parse(DocumentBuilderImpl.java:342)
	at com.st.stm32cube.ide.mpu.remote.serial.internal.SerialPortProviderWindows.run(SerialPortProviderWindows.java:127)
	at java.base/java.util.TimerThread.mainLoop(Timer.java:566)
	at java.base/java.util.TimerThread.run(Timer.java:516)

!ENTRY com.st.stm32cube.ide.mpu.remote.serial 4 0 2026-01-16 22:56:40.734
!MESSAGE Failed to parse wmic output
!STACK 0
org.xml.sax.SAXParseException; lineNumber: 1; columnNumber: 1; Premature end of file.
	at java.xml/com.sun.org.apache.xerces.internal.parsers.DOMParser.parse(DOMParser.java:262)
	at java.xml/com.sun.org.apache.xerces.internal.jaxp.DocumentBuilderImpl.parse(DocumentBuilderImpl.java:342)
	at com.st.stm32cube.ide.mpu.remote.serial.internal.SerialPortProviderWindows.run(SerialPortProviderWindows.java:127)
	at java.base/java.util.TimerThread.mainLoop(Timer.java:566)
	at java.base/java.util.TimerThread.run(Timer.java:516)

!ENTRY com.st.stm32cube.ide.mpu.remote.serial 4 0 2026-01-16 22:56:41.719
!MESSAGE Failed to parse wmic output
!STACK 0
org.xml.sax.SAXParseException; lineNumber: 1; columnNumber: 1; Premature end of file.
	at java.xml/com.sun.org.apache.xerces.internal.parsers.DOMParser.parse(DOMParser.java:262)
	at java.xml/com.sun.org.apache.xerces.internal.jaxp.DocumentBuilderImpl.parse(DocumentBuilderImpl.java:342)
	at com.st.stm32cube.ide.mpu.remote.serial.internal.SerialPortProviderWindows.run(SerialPortProviderWindows.java:127)
	at java.base/java.util.TimerThread.mainLoop(Timer.java:566)
	at java.base/java.util.TimerThread.run(Timer.java:516)

!ENTRY com.st.stm32cube.ide.mpu.remote.serial 4 0 2026-01-16 22:56:42.721
!MESSAGE Failed to parse wmic output
!STACK 0
org.xml.sax.SAXParseException; lineNumber: 1; columnNumber: 1; Premature end of file.
	at java.xml/com.sun.org.apache.xerces.internal.parsers.DOMParser.parse(DOMParser.java:262)
	at java.xml/com.sun.org.apache.xerces.internal.jaxp.DocumentBuilderImpl.parse(DocumentBuilderImpl.java:342)
	at com.st.stm32cube.ide.mpu.remote.serial.internal.SerialPortProviderWindows.run(SerialPortProviderWindows.java:127)
	at java.base/java.util.TimerThread.mainLoop(Timer.java:566)
	at java.base/java.util.TimerThread.run(Timer.java:516)

!ENTRY com.st.stm32cube.ide.mpu.remote.serial 4 0 2026-01-16 22:56:43.724
!MESSAGE Failed to parse wmic output
!STACK 0
org.xml.sax.SAXParseException; lineNumber: 1; columnNumber: 1; Premature end of file.
	at java.xml/com.sun.org.apache.xerces.internal.parsers.DOMParser.parse(DOMParser.java:262)
	at java.xml/com.sun.org.apache.xerces.internal.jaxp.DocumentBuilderImpl.parse(DocumentBuilderImpl.java:342)
	at com.st.stm32cube.ide.mpu.remote.serial.internal.SerialPortProviderWindows.run(SerialPortProviderWindows.java:127)
	at java.base/java.util.TimerThread.mainLoop(Timer.java:566)
	at java.base/java.util.TimerThread.run(Timer.java:516)

!ENTRY com.st.stm32cube.ide.mpu.remote.serial 4 0 2026-01-16 22:56:44.735
!MESSAGE Failed to parse wmic output
!STACK 0
org.xml.sax.SAXParseException; lineNumber: 1; columnNumber: 1; Premature end of file.
	at java.xml/com.sun.org.apache.xerces.internal.parsers.DOMParser.parse(DOMParser.java:262)
	at java.xml/com.sun.org.apache.xerces.internal.jaxp.DocumentBuilderImpl.parse(DocumentBuilderImpl.java:342)
	at com.st.stm32cube.ide.mpu.remote.serial.internal.SerialPortProviderWindows.run(SerialPortProviderWindows.java:127)
	at java.base/java.util.TimerThread.mainLoop(Timer.java:566)
	at java.base/java.util.TimerThread.run(Timer.java:516)

!ENTRY com.st.stm32cube.ide.mpu.remote.serial 4 0 2026-01-16 22:56:45.747
!MESSAGE Failed to parse wmic output
!STACK 0
org.xml.sax.SAXParseException; lineNumber: 1; columnNumber: 1; Premature end of file.
	at java.xml/com.sun.org.apache.xerces.internal.parsers.DOMParser.parse(DOMParser.java:262)
	at java.xml/com.sun.org.apache.xerces.internal.jaxp.DocumentBuilderImpl.parse(DocumentBuilderImpl.java:342)
	at com.st.stm32cube.ide.mpu.remote.serial.internal.SerialPortProviderWindows.run(SerialPortProviderWindows.java:127)
	at java.base/java.util.TimerThread.mainLoop(Timer.java:566)
	at java.base/java.util.TimerThread.run(Timer.java:516)

!ENTRY com.st.stm32cube.ide.mpu.remote.serial 4 0 2026-01-16 22:56:46.709
!MESSAGE Failed to parse wmic output
!STACK 0
org.xml.sax.SAXParseException; lineNumber: 1; columnNumber: 1; Premature end of file.
	at java.xml/com.sun.org.apache.xerces.internal.parsers.DOMParser.parse(DOMParser.java:262)
	at java.xml/com.sun.org.apache.xerces.internal.jaxp.DocumentBuilderImpl.parse(DocumentBuilderImpl.java:342)
	at com.st.stm32cube.ide.mpu.remote.serial.internal.SerialPortProviderWindows.run(SerialPortProviderWindows.java:127)
	at java.base/java.util.TimerThread.mainLoop(Timer.java:566)
	at java.base/java.util.TimerThread.run(Timer.java:516)

!ENTRY com.st.stm32cube.ide.mpu.remote.serial 4 0 2026-01-16 22:56:47.724
!MESSAGE Failed to parse wmic output
!STACK 0
org.xml.sax.SAXParseException; lineNumber: 1; columnNumber: 1; Premature end of file.
	at java.xml/com.sun.org.apache.xerces.internal.parsers.DOMParser.parse(DOMParser.java:262)
	at java.xml/com.sun.org.apache.xerces.internal.jaxp.DocumentBuilderImpl.parse(DocumentBuilderImpl.java:342)
	at com.st.stm32cube.ide.mpu.remote.serial.internal.SerialPortProviderWindows.run(SerialPortProviderWindows.java:127)
	at java.base/java.util.TimerThread.mainLoop(Timer.java:566)
	at java.base/java.util.TimerThread.run(Timer.java:516)

!ENTRY org.eclipse.ui.ide 4 4 2026-01-16 22:56:48.568
!MESSAGE Problems saving workspace

!ENTRY org.eclipse.ui.ide 4 1 2026-01-16 22:56:48.570
!MESSAGE Problems occurred while trying to save the state of the workbench.
!SUBENTRY 1 org.eclipse.core.resources 4 568 2026-01-16 22:56:48.571
!MESSAGE Could not write workspace metadata 'C:/Users/megha/Desktop/STM32_programs/.metadata/.plugins/org.eclipse.core.resources/.root/1.tree'.
!STACK 0
java.io.FileNotFoundException: C:\Users\megha\Desktop\STM32_programs\.metadata\.plugins\org.eclipse.core.resources\.root\1.tree (The system cannot find the path specified)
	at java.base/java.io.FileOutputStream.open0(Native Method)
	at java.base/java.io.FileOutputStream.open(FileOutputStream.java:289)
	at java.base/java.io.FileOutputStream.<init>(FileOutputStream.java:230)
	at java.base/java.io.FileOutputStream.<init>(FileOutputStream.java:179)
	at org.eclipse.core.internal.localstore.SafeFileOutputStream.<init>(SafeFileOutputStream.java:55)
	at org.eclipse.core.internal.resources.SaveManager.saveTree(SaveManager.java:1424)
	at org.eclipse.core.internal.resources.SaveManager.save(SaveManager.java:1230)
	at org.eclipse.core.internal.resources.Workspace.save(Workspace.java:2492)
	at org.eclipse.ui.internal.ide.application.IDEWorkbenchAdvisor.lambda$1(IDEWorkbenchAdvisor.java:553)
	at org.eclipse.jface.operation.ModalContext$ModalContextThread.run(ModalContext.java:124)

!ENTRY com.st.stm32cube.ide.mpu.remote.serial 4 0 2026-01-16 22:56:48.763
!MESSAGE Failed to parse wmic output
!STACK 0
org.xml.sax.SAXParseException; lineNumber: 1; columnNumber: 1; Premature end of file.
	at java.xml/com.sun.org.apache.xerces.internal.parsers.DOMParser.parse(DOMParser.java:262)
	at java.xml/com.sun.org.apache.xerces.internal.jaxp.DocumentBuilderImpl.parse(DocumentBuilderImpl.java:342)
	at com.st.stm32cube.ide.mpu.remote.serial.internal.SerialPortProviderWindows.run(SerialPortProviderWindows.java:127)
	at java.base/java.util.TimerThread.mainLoop(Timer.java:566)
	at java.base/java.util.TimerThread.run(Timer.java:516)

!ENTRY org.eclipse.core.resources 2 10035 2026-01-16 22:56:48.949
!MESSAGE The workspace will exit with unsaved changes in this session.
!SESSION 2026-01-19 18:14:36.141 -----------------------------------------------
eclipse.buildId=Version 1.19.0
java.version=21.0.3
java.vendor=Eclipse Adoptium
BootLoader constants: OS=win32, ARCH=x86_64, WS=win32, NL=en_IN
Command-line arguments:  -os win32 -ws win32 -arch x86_64

!ENTRY org.eclipse.core.resources 2 10035 2026-01-19 18:15:11.635
!MESSAGE The workspace exited with unsaved changes in the previous session; refreshing workspace to recover changes.

!ENTRY org.eclipse.osgi 4 0 2026-01-19 18:15:11.660
!MESSAGE An error occurred while automatically activating bundle org.eclipse.core.resources (221).
!STACK 0
org.osgi.framework.BundleException: Exception in org.eclipse.core.resources.ResourcesPlugin.start() of bundle org.eclipse.core.resources.
	at org.eclipse.osgi.internal.framework.BundleContextImpl.startActivator(BundleContextImpl.java:854)
	at org.eclipse.osgi.internal.framework.BundleContextImpl.start(BundleContextImpl.java:775)
	at org.eclipse.osgi.internal.framework.EquinoxBundle.startWorker0(EquinoxBundle.java:1057)
	at org.eclipse.osgi.internal.framework.EquinoxBundle$EquinoxModule.startWorker(EquinoxBundle.java:387)
	at org.eclipse.osgi.container.Module.doStart(Module.java:639)
	at org.eclipse.osgi.container.Module.start(Module.java:498)
	at org.eclipse.osgi.framework.util.SecureAction.start(SecureAction.java:528)
	at org.eclipse.osgi.internal.hooks.EclipseLazyStarter.postFindLocalClass(EclipseLazyStarter.java:122)
	at org.eclipse.osgi.internal.loader.classpath.ClasspathManager.findLocalClass(ClasspathManager.java:620)
	at org.eclipse.osgi.internal.loader.ModuleClassLoader.findLocalClass(ModuleClassLoader.java:348)
	at org.eclipse.osgi.internal.loader.BundleLoader.findLocalClass(BundleLoader.java:414)
	at org.eclipse.osgi.internal.loader.sources.SingleSourcePackage.loadClass(SingleSourcePackage.java:41)
	at org.eclipse.osgi.internal.loader.BundleLoader.findClass0(BundleLoader.java:516)
	at org.eclipse.osgi.internal.loader.BundleLoader.findClass(BundleLoader.java:434)
	at org.eclipse.osgi.internal.loader.ModuleClassLoader.loadClass(ModuleClassLoader.java:174)
	at java.base/java.lang.ClassLoader.loadClass(ClassLoader.java:526)
	at org.eclipse.ui.internal.ide.application.IDEApplication.start(IDEApplication.java:153)
	at org.eclipse.equinox.internal.app.EclipseAppHandle.run(EclipseAppHandle.java:208)
	at org.eclipse.core.runtime.internal.adaptor.EclipseAppLauncher.runApplication(EclipseAppLauncher.java:143)
	at org.eclipse.core.runtime.internal.adaptor.EclipseAppLauncher.start(EclipseAppLauncher.java:109)
	at org.eclipse.core.runtime.adaptor.EclipseStarter.run(EclipseStarter.java:439)
	at org.eclipse.core.runtime.adaptor.EclipseStarter.run(EclipseStarter.java:271)
	at java.base/jdk.internal.reflect.DirectMethodHandleAccessor.invoke(DirectMethodHandleAccessor.java:103)
	at java.base/java.lang.reflect.Method.invoke(Method.java:580)
	at org.eclipse.equinox.launcher.Main.invokeFramework(Main.java:668)
	at org.eclipse.equinox.launcher.Main.basicRun(Main.java:605)
	at org.eclipse.equinox.launcher.Main.run(Main.java:1481)
Caused by: org.eclipse.core.internal.dtree.ObjectNotFoundException: Tree element '/driverdev/drivers/inc/stm32f44xx.h' not found.
	at org.eclipse.core.internal.dtree.AbstractDataTree.handleNotFound(AbstractDataTree.java:183)
	at org.eclipse.core.internal.dtree.DeltaDataTree.getData(DeltaDataTree.java:572)
	at org.eclipse.core.internal.dtree.DataDeltaNode.asBackwardDelta(DataDeltaNode.java:54)
	at org.eclipse.core.internal.dtree.NoDataDeltaNode.asBackwardDelta(NoDataDeltaNode.java:63)
	at org.eclipse.core.internal.dtree.NoDataDeltaNode.asBackwardDelta(NoDataDeltaNode.java:63)
	at org.eclipse.core.internal.dtree.NoDataDeltaNode.asBackwardDelta(NoDataDeltaNode.java:63)
	at org.eclipse.core.internal.dtree.DataDeltaNode.asBackwardDelta(DataDeltaNode.java:51)
	at org.eclipse.core.internal.dtree.DeltaDataTree.asBackwardDelta(DeltaDataTree.java:96)
	at org.eclipse.core.internal.dtree.DeltaDataTree.reroot(DeltaDataTree.java:809)
	at org.eclipse.core.internal.dtree.DeltaDataTree.reroot(DeltaDataTree.java:808)
	at org.eclipse.core.internal.dtree.DeltaDataTree.reroot(DeltaDataTree.java:785)
	at org.eclipse.core.internal.watson.ElementTree.immutable(ElementTree.java:540)
	at org.eclipse.core.internal.resources.SaveManager.restore(SaveManager.java:797)
	at org.eclipse.core.internal.resources.SaveManager.startup(SaveManager.java:1616)
	at org.eclipse.core.internal.resources.Workspace.startup(Workspace.java:2618)
	at org.eclipse.core.internal.resources.Workspace.open(Workspace.java:2319)
	at org.eclipse.core.resources.ResourcesPlugin$WorkspaceInitCustomizer.addingService(ResourcesPlugin.java:591)
	at org.eclipse.core.resources.ResourcesPlugin$WorkspaceInitCustomizer.addingService(ResourcesPlugin.java:1)
	at org.osgi.util.tracker.ServiceTracker$Tracked.customizerAdding(ServiceTracker.java:947)
	at org.osgi.util.tracker.ServiceTracker$Tracked.customizerAdding(ServiceTracker.java:1)
	at org.osgi.util.tracker.AbstractTracked.trackAdding(AbstractTracked.java:257)
	at org.osgi.util.tracker.AbstractTracked.trackInitial(AbstractTracked.java:184)
	at org.osgi.util.tracker.ServiceTracker.open(ServiceTracker.java:324)
	at org.osgi.util.tracker.ServiceTracker.open(ServiceTracker.java:267)
	at org.eclipse.core.resources.ResourcesPlugin.start(ResourcesPlugin.java:565)
	at org.eclipse.osgi.internal.framework.BundleContextImpl$2.run(BundleContextImpl.java:833)
	at org.eclipse.osgi.internal.framework.BundleContextImpl$2.run(BundleContextImpl.java:1)
	at java.base/java.security.AccessController.doPrivileged(AccessController.java:571)
	at org.eclipse.osgi.internal.framework.BundleContextImpl.startActivator(BundleContextImpl.java:825)
	... 26 more
Root exception:
org.eclipse.core.internal.dtree.ObjectNotFoundException: Tree element '/driverdev/drivers/inc/stm32f44xx.h' not found.
	at org.eclipse.core.internal.dtree.AbstractDataTree.handleNotFound(AbstractDataTree.java:183)
	at org.eclipse.core.internal.dtree.DeltaDataTree.getData(DeltaDataTree.java:572)
	at org.eclipse.core.internal.dtree.DataDeltaNode.asBackwardDelta(DataDeltaNode.java:54)
	at org.eclipse.core.internal.dtree.NoDataDeltaNode.asBackwardDelta(NoDataDeltaNode.java:63)
	at org.eclipse.core.internal.dtree.NoDataDeltaNode.asBackwardDelta(NoDataDeltaNode.java:63)
	at org.eclipse.core.internal.dtree.NoDataDeltaNode.asBackwardDelta(NoDataDeltaNode.java:63)
	at org.eclipse.core.internal.dtree.DataDeltaNode.asBackwardDelta(DataDeltaNode.java:51)
	at org.eclipse.core.internal.dtree.DeltaDataTree.asBackwardDelta(DeltaDataTree.java:96)
	at org.eclipse.core.internal.dtree.DeltaDataTree.reroot(DeltaDataTree.java:809)
	at org.eclipse.core.internal.dtree.DeltaDataTree.reroot(DeltaDataTree.java:808)
	at org.eclipse.core.internal.dtree.DeltaDataTree.reroot(DeltaDataTree.java:785)
	at org.eclipse.core.internal.watson.ElementTree.immutable(ElementTree.java:540)
	at org.eclipse.core.internal.resources.SaveManager.restore(SaveManager.java:797)
	at org.eclipse.core.internal.resources.SaveManager.startup(SaveManager.java:1616)
	at org.eclipse.core.internal.resources.Workspace.startup(Workspace.java:2618)
	at org.eclipse.core.internal.resources.Workspace.open(Workspace.java:2319)
	at org.eclipse.core.resources.ResourcesPlugin$WorkspaceInitCustomizer.addingService(ResourcesPlugin.java:591)
	at org.eclipse.core.resources.ResourcesPlugin$WorkspaceInitCustomizer.addingService(ResourcesPlugin.java:1)
	at org.osgi.util.tracker.ServiceTracker$Tracked.customizerAdding(ServiceTracker.java:947)
	at org.osgi.util.tracker.ServiceTracker$Tracked.customizerAdding(ServiceTracker.java:1)
	at org.osgi.util.tracker.AbstractTracked.trackAdding(AbstractTracked.java:257)
	at org.osgi.util.tracker.AbstractTracked.trackInitial(AbstractTracked.java:184)
	at org.osgi.util.tracker.ServiceTracker.open(ServiceTracker.java:324)
	at org.osgi.util.tracker.ServiceTracker.open(ServiceTracker.java:267)
	at org.eclipse.core.resources.ResourcesPlugin.start(ResourcesPlugin.java:565)
	at org.eclipse.osgi.internal.framework.BundleContextImpl$2.run(BundleContextImpl.java:833)
	at org.eclipse.osgi.internal.framework.BundleContextImpl$2.run(BundleContextImpl.java:1)
	at java.base/java.security.AccessController.doPrivileged(AccessController.java:571)
	at org.eclipse.osgi.internal.framework.BundleContextImpl.startActivator(BundleContextImpl.java:825)
	at org.eclipse.osgi.internal.framework.BundleContextImpl.start(BundleContextImpl.java:775)
	at org.eclipse.osgi.internal.framework.EquinoxBundle.startWorker0(EquinoxBundle.java:1057)
	at org.eclipse.osgi.internal.framework.EquinoxBundle$EquinoxModule.startWorker(EquinoxBundle.java:387)
	at org.eclipse.osgi.container.Module.doStart(Module.java:639)
	at org.eclipse.osgi.container.Module.start(Module.java:498)
	at org.eclipse.osgi.framework.util.SecureAction.start(SecureAction.java:528)
	at org.eclipse.osgi.internal.hooks.EclipseLazyStarter.postFindLocalClass(EclipseLazyStarter.java:122)
	at org.eclipse.osgi.internal.loader.classpath.ClasspathManager.findLocalClass(ClasspathManager.java:620)
	at org.eclipse.osgi.internal.loader.ModuleClassLoader.findLocalClass(ModuleClassLoader.java:348)
	at org.eclipse.osgi.internal.loader.BundleLoader.findLocalClass(BundleLoader.java:414)
	at org.eclipse.osgi.internal.loader.sources.SingleSourcePackage.loadClass(SingleSourcePackage.java:41)
	at org.eclipse.osgi.internal.loader.BundleLoader.findClass0(BundleLoader.java:516)
	at org.eclipse.osgi.internal.loader.BundleLoader.findClass(BundleLoader.java:434)
	at org.eclipse.osgi.internal.loader.ModuleClassLoader.loadClass(ModuleClassLoader.java:174)
	at java.base/java.lang.ClassLoader.loadClass(ClassLoader.java:526)
	at org.eclipse.ui.internal.ide.application.IDEApplication.start(IDEApplication.java:153)
	at org.eclipse.equinox.internal.app.EclipseAppHandle.run(EclipseAppHandle.java:208)
	at org.eclipse.core.runtime.internal.adaptor.EclipseAppLauncher.runApplication(EclipseAppLauncher.java:143)
	at org.eclipse.core.runtime.internal.adaptor.EclipseAppLauncher.start(EclipseAppLauncher.java:109)
	at org.eclipse.core.runtime.adaptor.EclipseStarter.run(EclipseStarter.java:439)
	at org.eclipse.core.runtime.adaptor.EclipseStarter.run(EclipseStarter.java:271)
	at java.base/jdk.internal.reflect.DirectMethodHandleAccessor.invoke(DirectMethodHandleAccessor.java:103)
	at java.base/java.lang.reflect.Method.invoke(Method.java:580)
	at org.eclipse.equinox.launcher.Main.invokeFramework(Main.java:668)
	at org.eclipse.equinox.launcher.Main.basicRun(Main.java:605)
	at org.eclipse.equinox.launcher.Main.run(Main.java:1481)

!ENTRY org.eclipse.osgi 4 0 2026-01-19 18:15:11.689
!MESSAGE Application error
!STACK 1
java.lang.NoClassDefFoundError: org/eclipse/core/resources/IContainer
	at org.eclipse.ui.internal.ide.application.IDEApplication.start(IDEApplication.java:153)
	at org.eclipse.equinox.internal.app.EclipseAppHandle.run(EclipseAppHandle.java:208)
	at org.eclipse.core.runtime.internal.adaptor.EclipseAppLauncher.runApplication(EclipseAppLauncher.java:143)
	at org.eclipse.core.runtime.internal.adaptor.EclipseAppLauncher.start(EclipseAppLauncher.java:109)
	at org.eclipse.core.runtime.adaptor.EclipseStarter.run(EclipseStarter.java:439)
	at org.eclipse.core.runtime.adaptor.EclipseStarter.run(EclipseStarter.java:271)
	at java.base/jdk.internal.reflect.DirectMethodHandleAccessor.invoke(DirectMethodHandleAccessor.java:103)
	at java.base/java.lang.reflect.Method.invoke(Method.java:580)
	at org.eclipse.equinox.launcher.Main.invokeFramework(Main.java:668)
	at org.eclipse.equinox.launcher.Main.basicRun(Main.java:605)
	at org.eclipse.equinox.launcher.Main.run(Main.java:1481)
Caused by: java.lang.ClassNotFoundException: An error occurred while automatically activating bundle org.eclipse.core.resources (221).
	at org.eclipse.osgi.internal.hooks.EclipseLazyStarter.postFindLocalClass(EclipseLazyStarter.java:134)
	at org.eclipse.osgi.internal.loader.classpath.ClasspathManager.findLocalClass(ClasspathManager.java:620)
	at org.eclipse.osgi.internal.loader.ModuleClassLoader.findLocalClass(ModuleClassLoader.java:348)
	at org.eclipse.osgi.internal.loader.BundleLoader.findLocalClass(BundleLoader.java:414)
	at org.eclipse.osgi.internal.loader.sources.SingleSourcePackage.loadClass(SingleSourcePackage.java:41)
	at org.eclipse.osgi.internal.loader.BundleLoader.findClass0(BundleLoader.java:516)
	at org.eclipse.osgi.internal.loader.BundleLoader.findClass(BundleLoader.java:434)
	at org.eclipse.osgi.internal.loader.ModuleClassLoader.loadClass(ModuleClassLoader.java:174)
	at java.base/java.lang.ClassLoader.loadClass(ClassLoader.java:526)
	... 11 more
Caused by: org.osgi.framework.BundleException: Exception in org.eclipse.core.resources.ResourcesPlugin.start() of bundle org.eclipse.core.resources.
	at org.eclipse.osgi.internal.framework.BundleContextImpl.startActivator(BundleContextImpl.java:854)
	at org.eclipse.osgi.internal.framework.BundleContextImpl.start(BundleContextImpl.java:775)
	at org.eclipse.osgi.internal.framework.EquinoxBundle.startWorker0(EquinoxBundle.java:1057)
	at org.eclipse.osgi.internal.framework.EquinoxBundle$EquinoxModule.startWorker(EquinoxBundle.java:387)
	at org.eclipse.osgi.container.Module.doStart(Module.java:639)
	at org.eclipse.osgi.container.Module.start(Module.java:498)
	at org.eclipse.osgi.framework.util.SecureAction.start(SecureAction.java:528)
	at org.eclipse.osgi.internal.hooks.EclipseLazyStarter.postFindLocalClass(EclipseLazyStarter.java:122)
	... 19 more
Caused by: org.eclipse.core.internal.dtree.ObjectNotFoundException: Tree element '/driverdev/drivers/inc/stm32f44xx.h' not found.
	at org.eclipse.core.internal.dtree.AbstractDataTree.handleNotFound(AbstractDataTree.java:183)
	at org.eclipse.core.internal.dtree.DeltaDataTree.getData(DeltaDataTree.java:572)
	at org.eclipse.core.internal.dtree.DataDeltaNode.asBackwardDelta(DataDeltaNode.java:54)
	at org.eclipse.core.internal.dtree.NoDataDeltaNode.asBackwardDelta(NoDataDeltaNode.java:63)
	at org.eclipse.core.internal.dtree.NoDataDeltaNode.asBackwardDelta(NoDataDeltaNode.java:63)
	at org.eclipse.core.internal.dtree.NoDataDeltaNode.asBackwardDelta(NoDataDeltaNode.java:63)
	at org.eclipse.core.internal.dtree.DataDeltaNode.asBackwardDelta(DataDeltaNode.java:51)
	at org.eclipse.core.internal.dtree.DeltaDataTree.asBackwardDelta(DeltaDataTree.java:96)
	at org.eclipse.core.internal.dtree.DeltaDataTree.reroot(DeltaDataTree.java:809)
	at org.eclipse.core.internal.dtree.DeltaDataTree.reroot(DeltaDataTree.java:808)
	at org.eclipse.core.internal.dtree.DeltaDataTree.reroot(DeltaDataTree.java:785)
	at org.eclipse.core.internal.watson.ElementTree.immutable(ElementTree.java:540)
	at org.eclipse.core.internal.resources.SaveManager.restore(SaveManager.java:797)
	at org.eclipse.core.internal.resources.SaveManager.startup(SaveManager.java:1616)
	at org.eclipse.core.internal.resources.Workspace.startup(Workspace.java:2618)
	at org.eclipse.core.internal.resources.Workspace.open(Workspace.java:2319)
	at org.eclipse.core.resources.ResourcesPlugin$WorkspaceInitCustomizer.addingService(ResourcesPlugin.java:591)
	at org.eclipse.core.resources.ResourcesPlugin$WorkspaceInitCustomizer.addingService(ResourcesPlugin.java:1)
	at org.osgi.util.tracker.ServiceTracker$Tracked.customizerAdding(ServiceTracker.java:947)
	at org.osgi.util.tracker.ServiceTracker$Tracked.customizerAdding(ServiceTracker.java:1)
	at org.osgi.util.tracker.AbstractTracked.trackAdding(AbstractTracked.java:257)
	at org.osgi.util.tracker.AbstractTracked.trackInitial(AbstractTracked.java:184)
	at org.osgi.util.tracker.ServiceTracker.open(ServiceTracker.java:324)
	at org.osgi.util.tracker.ServiceTracker.open(ServiceTracker.java:267)
	at org.eclipse.core.resources.ResourcesPlugin.start(ResourcesPlugin.java:565)
	at org.eclipse.osgi.internal.framework.BundleContextImpl$2.run(BundleContextImpl.java:833)
	at org.eclipse.osgi.internal.framework.BundleContextImpl$2.run(BundleContextImpl.java:1)
	at java.base/java.security.AccessController.doPrivileged(AccessController.java:571)
	at org.eclipse.osgi.internal.framework.BundleContextImpl.startActivator(BundleContextImpl.java:825)
	... 26 more
!SESSION 2026-01-19 18:15:17.096 -----------------------------------------------
eclipse.buildId=Version 1.19.0
java.version=21.0.3
java.vendor=Eclipse Adoptium
BootLoader constants: OS=win32, ARCH=x86_64, WS=win32, NL=en_IN
Command-line arguments:  -os win32 -ws win32 -arch x86_64

!ENTRY org.eclipse.core.resources 2 10035 2026-01-19 18:15:25.573
!MESSAGE The workspace exited with unsaved changes in the previous session; refreshing workspace to recover changes.

!ENTRY org.eclipse.osgi 4 0 2026-01-19 18:15:25.599
!MESSAGE An error occurred while automatically activating bundle org.eclipse.core.resources (221).
!STACK 0
org.osgi.framework.BundleException: Exception in org.eclipse.core.resources.ResourcesPlugin.start() of bundle org.eclipse.core.resources.
	at org.eclipse.osgi.internal.framework.BundleContextImpl.startActivator(BundleContextImpl.java:854)
	at org.eclipse.osgi.internal.framework.BundleContextImpl.start(BundleContextImpl.java:775)
	at org.eclipse.osgi.internal.framework.EquinoxBundle.startWorker0(EquinoxBundle.java:1057)
	at org.eclipse.osgi.internal.framework.EquinoxBundle$EquinoxModule.startWorker(EquinoxBundle.java:387)
	at org.eclipse.osgi.container.Module.doStart(Module.java:639)
	at org.eclipse.osgi.container.Module.start(Module.java:498)
	at org.eclipse.osgi.framework.util.SecureAction.start(SecureAction.java:528)
	at org.eclipse.osgi.internal.hooks.EclipseLazyStarter.postFindLocalClass(EclipseLazyStarter.java:122)
	at org.eclipse.osgi.internal.loader.classpath.ClasspathManager.findLocalClass(ClasspathManager.java:620)
	at org.eclipse.osgi.internal.loader.ModuleClassLoader.findLocalClass(ModuleClassLoader.java:348)
	at org.eclipse.osgi.internal.loader.BundleLoader.findLocalClass(BundleLoader.java:414)
	at org.eclipse.osgi.internal.loader.sources.SingleSourcePackage.loadClass(SingleSourcePackage.java:41)
	at org.eclipse.osgi.internal.loader.BundleLoader.findClass0(BundleLoader.java:516)
	at org.eclipse.osgi.internal.loader.BundleLoader.findClass(BundleLoader.java:434)
	at org.eclipse.osgi.internal.loader.ModuleClassLoader.loadClass(ModuleClassLoader.java:174)
	at java.base/java.lang.ClassLoader.loadClass(ClassLoader.java:526)
	at org.eclipse.ui.internal.ide.application.IDEApplication.start(IDEApplication.java:153)
	at org.eclipse.equinox.internal.app.EclipseAppHandle.run(EclipseAppHandle.java:208)
	at org.eclipse.core.runtime.internal.adaptor.EclipseAppLauncher.runApplication(EclipseAppLauncher.java:143)
	at org.eclipse.core.runtime.internal.adaptor.EclipseAppLauncher.start(EclipseAppLauncher.java:109)
	at org.eclipse.core.runtime.adaptor.EclipseStarter.run(EclipseStarter.java:439)
	at org.eclipse.core.runtime.adaptor.EclipseStarter.run(EclipseStarter.java:271)
	at java.base/jdk.internal.reflect.DirectMethodHandleAccessor.invoke(DirectMethodHandleAccessor.java:103)
	at java.base/java.lang.reflect.Method.invoke(Method.java:580)
	at org.eclipse.equinox.launcher.Main.invokeFramework(Main.java:668)
	at org.eclipse.equinox.launcher.Main.basicRun(Main.java:605)
	at org.eclipse.equinox.launcher.Main.run(Main.java:1481)
Caused by: org.eclipse.core.internal.dtree.ObjectNotFoundException: Tree element '/driverdev/drivers/inc/stm32f44xx.h' not found.
	at org.eclipse.core.internal.dtree.AbstractDataTree.handleNotFound(AbstractDataTree.java:183)
	at org.eclipse.core.internal.dtree.DeltaDataTree.getData(DeltaDataTree.java:572)
	at org.eclipse.core.internal.dtree.DataDeltaNode.asBackwardDelta(DataDeltaNode.java:54)
	at org.eclipse.core.internal.dtree.NoDataDeltaNode.asBackwardDelta(NoDataDeltaNode.java:63)
	at org.eclipse.core.internal.dtree.NoDataDeltaNode.asBackwardDelta(NoDataDeltaNode.java:63)
	at org.eclipse.core.internal.dtree.NoDataDeltaNode.asBackwardDelta(NoDataDeltaNode.java:63)
	at org.eclipse.core.internal.dtree.DataDeltaNode.asBackwardDelta(DataDeltaNode.java:51)
	at org.eclipse.core.internal.dtree.DeltaDataTree.asBackwardDelta(DeltaDataTree.java:96)
	at org.eclipse.core.internal.dtree.DeltaDataTree.reroot(DeltaDataTree.java:809)
	at org.eclipse.core.internal.dtree.DeltaDataTree.reroot(DeltaDataTree.java:808)
	at org.eclipse.core.internal.dtree.DeltaDataTree.reroot(DeltaDataTree.java:785)
	at org.eclipse.core.internal.watson.ElementTree.immutable(ElementTree.java:540)
	at org.eclipse.core.internal.resources.SaveManager.restore(SaveManager.java:797)
	at org.eclipse.core.internal.resources.SaveManager.startup(SaveManager.java:1616)
	at org.eclipse.core.internal.resources.Workspace.startup(Workspace.java:2618)
	at org.eclipse.core.internal.resources.Workspace.open(Workspace.java:2319)
	at org.eclipse.core.resources.ResourcesPlugin$WorkspaceInitCustomizer.addingService(ResourcesPlugin.java:591)
	at org.eclipse.core.resources.ResourcesPlugin$WorkspaceInitCustomizer.addingService(ResourcesPlugin.java:1)
	at org.osgi.util.tracker.ServiceTracker$Tracked.customizerAdding(ServiceTracker.java:947)
	at org.osgi.util.tracker.ServiceTracker$Tracked.customizerAdding(ServiceTracker.java:1)
	at org.osgi.util.tracker.AbstractTracked.trackAdding(AbstractTracked.java:257)
	at org.osgi.util.tracker.AbstractTracked.trackInitial(AbstractTracked.java:184)
	at org.osgi.util.tracker.ServiceTracker.open(ServiceTracker.java:324)
	at org.osgi.util.tracker.ServiceTracker.open(ServiceTracker.java:267)
	at org.eclipse.core.resources.ResourcesPlugin.start(ResourcesPlugin.java:565)
	at org.eclipse.osgi.internal.framework.BundleContextImpl$2.run(BundleContextImpl.java:833)
	at org.eclipse.osgi.internal.framework.BundleContextImpl$2.run(BundleContextImpl.java:1)
	at java.base/java.security.AccessController.doPrivileged(AccessController.java:571)
	at org.eclipse.osgi.internal.framework.BundleContextImpl.startActivator(BundleContextImpl.java:825)
	... 26 more
Root exception:
org.eclipse.core.internal.dtree.ObjectNotFoundException: Tree element '/driverdev/drivers/inc/stm32f44xx.h' not found.
	at org.eclipse.core.internal.dtree.AbstractDataTree.handleNotFound(AbstractDataTree.java:183)
	at org.eclipse.core.internal.dtree.DeltaDataTree.getData(DeltaDataTree.java:572)
	at org.eclipse.core.internal.dtree.DataDeltaNode.asBackwardDelta(DataDeltaNode.java:54)
	at org.eclipse.core.internal.dtree.NoDataDeltaNode.asBackwardDelta(NoDataDeltaNode.java:63)
	at org.eclipse.core.internal.dtree.NoDataDeltaNode.asBackwardDelta(NoDataDeltaNode.java:63)
	at org.eclipse.core.internal.dtree.NoDataDeltaNode.asBackwardDelta(NoDataDeltaNode.java:63)
	at org.eclipse.core.internal.dtree.DataDeltaNode.asBackwardDelta(DataDeltaNode.java:51)
	at org.eclipse.core.internal.dtree.DeltaDataTree.asBackwardDelta(DeltaDataTree.java:96)
	at org.eclipse.core.internal.dtree.DeltaDataTree.reroot(DeltaDataTree.java:809)
	at org.eclipse.core.internal.dtree.DeltaDataTree.reroot(DeltaDataTree.java:808)
	at org.eclipse.core.internal.dtree.DeltaDataTree.reroot(DeltaDataTree.java:785)
	at org.eclipse.core.internal.watson.ElementTree.immutable(ElementTree.java:540)
	at org.eclipse.core.internal.resources.SaveManager.restore(SaveManager.java:797)
	at org.eclipse.core.internal.resources.SaveManager.startup(SaveManager.java:1616)
	at org.eclipse.core.internal.resources.Workspace.startup(Workspace.java:2618)
	at org.eclipse.core.internal.resources.Workspace.open(Workspace.java:2319)
	at org.eclipse.core.resources.ResourcesPlugin$WorkspaceInitCustomizer.addingService(ResourcesPlugin.java:591)
	at org.eclipse.core.resources.ResourcesPlugin$WorkspaceInitCustomizer.addingService(ResourcesPlugin.java:1)
	at org.osgi.util.tracker.ServiceTracker$Tracked.customizerAdding(ServiceTracker.java:947)
	at org.osgi.util.tracker.ServiceTracker$Tracked.customizerAdding(ServiceTracker.java:1)
	at org.osgi.util.tracker.AbstractTracked.trackAdding(AbstractTracked.java:257)
	at org.osgi.util.tracker.AbstractTracked.trackInitial(AbstractTracked.java:184)
	at org.osgi.util.tracker.ServiceTracker.open(ServiceTracker.java:324)
	at org.osgi.util.tracker.ServiceTracker.open(ServiceTracker.java:267)
	at org.eclipse.core.resources.ResourcesPlugin.start(ResourcesPlugin.java:565)
	at org.eclipse.osgi.internal.framework.BundleContextImpl$2.run(BundleContextImpl.java:833)
	at org.eclipse.osgi.internal.framework.BundleContextImpl$2.run(BundleContextImpl.java:1)
	at java.base/java.security.AccessController.doPrivileged(AccessController.java:571)
	at org.eclipse.osgi.internal.framework.BundleContextImpl.startActivator(BundleContextImpl.java:825)
	at org.eclipse.osgi.internal.framework.BundleContextImpl.start(BundleContextImpl.java:775)
	at org.eclipse.osgi.internal.framework.EquinoxBundle.startWorker0(EquinoxBundle.java:1057)
	at org.eclipse.osgi.internal.framework.EquinoxBundle$EquinoxModule.startWorker(EquinoxBundle.java:387)
	at org.eclipse.osgi.container.Module.doStart(Module.java:639)
	at org.eclipse.osgi.container.Module.start(Module.java:498)
	at org.eclipse.osgi.framework.util.SecureAction.start(SecureAction.java:528)
	at org.eclipse.osgi.internal.hooks.EclipseLazyStarter.postFindLocalClass(EclipseLazyStarter.java:122)
	at org.eclipse.osgi.internal.loader.classpath.ClasspathManager.findLocalClass(ClasspathManager.java:620)
	at org.eclipse.osgi.internal.loader.ModuleClassLoader.findLocalClass(ModuleClassLoader.java:348)
	at org.eclipse.osgi.internal.loader.BundleLoader.findLocalClass(BundleLoader.java:414)
	at org.eclipse.osgi.internal.loader.sources.SingleSourcePackage.loadClass(SingleSourcePackage.java:41)
	at org.eclipse.osgi.internal.loader.BundleLoader.findClass0(BundleLoader.java:516)
	at org.eclipse.osgi.internal.loader.BundleLoader.findClass(BundleLoader.java:434)
	at org.eclipse.osgi.internal.loader.ModuleClassLoader.loadClass(ModuleClassLoader.java:174)
	at java.base/java.lang.ClassLoader.loadClass(ClassLoader.java:526)
	at org.eclipse.ui.internal.ide.application.IDEApplication.start(IDEApplication.java:153)
	at org.eclipse.equinox.internal.app.EclipseAppHandle.run(EclipseAppHandle.java:208)
	at org.eclipse.core.runtime.internal.adaptor.EclipseAppLauncher.runApplication(EclipseAppLauncher.java:143)
	at org.eclipse.core.runtime.internal.adaptor.EclipseAppLauncher.start(EclipseAppLauncher.java:109)
	at org.eclipse.core.runtime.adaptor.EclipseStarter.run(EclipseStarter.java:439)
	at org.eclipse.core.runtime.adaptor.EclipseStarter.run(EclipseStarter.java:271)
	at java.base/jdk.internal.reflect.DirectMethodHandleAccessor.invoke(DirectMethodHandleAccessor.java:103)
	at java.base/java.lang.reflect.Method.invoke(Method.java:580)
	at org.eclipse.equinox.launcher.Main.invokeFramework(Main.java:668)
	at org.eclipse.equinox.launcher.Main.basicRun(Main.java:605)
	at org.eclipse.equinox.launcher.Main.run(Main.java:1481)

!ENTRY org.eclipse.osgi 4 0 2026-01-19 18:15:25.624
!MESSAGE Application error
!STACK 1
java.lang.NoClassDefFoundError: org/eclipse/core/resources/IContainer
	at org.eclipse.ui.internal.ide.application.IDEApplication.start(IDEApplication.java:153)
	at org.eclipse.equinox.internal.app.EclipseAppHandle.run(EclipseAppHandle.java:208)
	at org.eclipse.core.runtime.internal.adaptor.EclipseAppLauncher.runApplication(EclipseAppLauncher.java:143)
	at org.eclipse.core.runtime.internal.adaptor.EclipseAppLauncher.start(EclipseAppLauncher.java:109)
	at org.eclipse.core.runtime.adaptor.EclipseStarter.run(EclipseStarter.java:439)
	at org.eclipse.core.runtime.adaptor.EclipseStarter.run(EclipseStarter.java:271)
	at java.base/jdk.internal.reflect.DirectMethodHandleAccessor.invoke(DirectMethodHandleAccessor.java:103)
	at java.base/java.lang.reflect.Method.invoke(Method.java:580)
	at org.eclipse.equinox.launcher.Main.invokeFramework(Main.java:668)
	at org.eclipse.equinox.launcher.Main.basicRun(Main.java:605)
	at org.eclipse.equinox.launcher.Main.run(Main.java:1481)
Caused by: java.lang.ClassNotFoundException: An error occurred while automatically activating bundle org.eclipse.core.resources (221).
	at org.eclipse.osgi.internal.hooks.EclipseLazyStarter.postFindLocalClass(EclipseLazyStarter.java:134)
	at org.eclipse.osgi.internal.loader.classpath.ClasspathManager.findLocalClass(ClasspathManager.java:620)
	at org.eclipse.osgi.internal.loader.ModuleClassLoader.findLocalClass(ModuleClassLoader.java:348)
	at org.eclipse.osgi.internal.loader.BundleLoader.findLocalClass(BundleLoader.java:414)
	at org.eclipse.osgi.internal.loader.sources.SingleSourcePackage.loadClass(SingleSourcePackage.java:41)
	at org.eclipse.osgi.internal.loader.BundleLoader.findClass0(BundleLoader.java:516)
	at org.eclipse.osgi.internal.loader.BundleLoader.findClass(BundleLoader.java:434)
	at org.eclipse.osgi.internal.loader.ModuleClassLoader.loadClass(ModuleClassLoader.java:174)
	at java.base/java.lang.ClassLoader.loadClass(ClassLoader.java:526)
	... 11 more
Caused by: org.osgi.framework.BundleException: Exception in org.eclipse.core.resources.ResourcesPlugin.start() of bundle org.eclipse.core.resources.
	at org.eclipse.osgi.internal.framework.BundleContextImpl.startActivator(BundleContextImpl.java:854)
	at org.eclipse.osgi.internal.framework.BundleContextImpl.start(BundleContextImpl.java:775)
	at org.eclipse.osgi.internal.framework.EquinoxBundle.startWorker0(EquinoxBundle.java:1057)
	at org.eclipse.osgi.internal.framework.EquinoxBundle$EquinoxModule.startWorker(EquinoxBundle.java:387)
	at org.eclipse.osgi.container.Module.doStart(Module.java:639)
	at org.eclipse.osgi.container.Module.start(Module.java:498)
	at org.eclipse.osgi.framework.util.SecureAction.start(SecureAction.java:528)
	at org.eclipse.osgi.internal.hooks.EclipseLazyStarter.postFindLocalClass(EclipseLazyStarter.java:122)
	... 19 more
Caused by: org.eclipse.core.internal.dtree.ObjectNotFoundException: Tree element '/driverdev/drivers/inc/stm32f44xx.h' not found.
	at org.eclipse.core.internal.dtree.AbstractDataTree.handleNotFound(AbstractDataTree.java:183)
	at org.eclipse.core.internal.dtree.DeltaDataTree.getData(DeltaDataTree.java:572)
	at org.eclipse.core.internal.dtree.DataDeltaNode.asBackwardDelta(DataDeltaNode.java:54)
	at org.eclipse.core.internal.dtree.NoDataDeltaNode.asBackwardDelta(NoDataDeltaNode.java:63)
	at org.eclipse.core.internal.dtree.NoDataDeltaNode.asBackwardDelta(NoDataDeltaNode.java:63)
	at org.eclipse.core.internal.dtree.NoDataDeltaNode.asBackwardDelta(NoDataDeltaNode.java:63)
	at org.eclipse.core.internal.dtree.DataDeltaNode.asBackwardDelta(DataDeltaNode.java:51)
	at org.eclipse.core.internal.dtree.DeltaDataTree.asBackwardDelta(DeltaDataTree.java:96)
	at org.eclipse.core.internal.dtree.DeltaDataTree.reroot(DeltaDataTree.java:809)
	at org.eclipse.core.internal.dtree.DeltaDataTree.reroot(DeltaDataTree.java:808)
	at org.eclipse.core.internal.dtree.DeltaDataTree.reroot(DeltaDataTree.java:785)
	at org.eclipse.core.internal.watson.ElementTree.immutable(ElementTree.java:540)
	at org.eclipse.core.internal.resources.SaveManager.restore(SaveManager.java:797)
	at org.eclipse.core.internal.resources.SaveManager.startup(SaveManager.java:1616)
	at org.eclipse.core.internal.resources.Workspace.startup(Workspace.java:2618)
	at org.eclipse.core.internal.resources.Workspace.open(Workspace.java:2319)
	at org.eclipse.core.resources.ResourcesPlugin$WorkspaceInitCustomizer.addingService(ResourcesPlugin.java:591)
	at org.eclipse.core.resources.ResourcesPlugin$WorkspaceInitCustomizer.addingService(ResourcesPlugin.java:1)
	at org.osgi.util.tracker.ServiceTracker$Tracked.customizerAdding(ServiceTracker.java:947)
	at org.osgi.util.tracker.ServiceTracker$Tracked.customizerAdding(ServiceTracker.java:1)
	at org.osgi.util.tracker.AbstractTracked.trackAdding(AbstractTracked.java:257)
	at org.osgi.util.tracker.AbstractTracked.trackInitial(AbstractTracked.java:184)
	at org.osgi.util.tracker.ServiceTracker.open(ServiceTracker.java:324)
	at org.osgi.util.tracker.ServiceTracker.open(ServiceTracker.java:267)
	at org.eclipse.core.resources.ResourcesPlugin.start(ResourcesPlugin.java:565)
	at org.eclipse.osgi.internal.framework.BundleContextImpl$2.run(BundleContextImpl.java:833)
	at org.eclipse.osgi.internal.framework.BundleContextImpl$2.run(BundleContextImpl.java:1)
	at java.base/java.security.AccessController.doPrivileged(AccessController.java:571)
	at org.eclipse.osgi.internal.framework.BundleContextImpl.startActivator(BundleContextImpl.java:825)
	... 26 more
