2026-03-06 11:53:28,469 [INFO] Activator:176 - 


2026-03-06 11:53:28,477 [INFO] Activator:177 - !SESSION log4j initialized
2026-03-06 11:53:34,032 [INFO] LogOutputStream:77 - [STDOUT_REDIRECT] 
2026-03-06 11:53:34,420 [ERROR] ConfigurationRetriever:142 - IOException on connection: sw-center.st.com
2026-03-06 11:53:34,420 [ERROR] ConfigurationRetriever:142 - IOException on connection: sw-center.st.com
2026-03-06 11:53:34,421 [ERROR] ConfigurationRetriever:142 - IOException on connection: sw-center.st.com
2026-03-06 11:53:35,189 [INFO] ApplicationProperties:184 - Using Application install path: C:\ST\STM32CubeIDE_1.19.0\STM32CubeIDE\plugins\com.st.stm32cube.common.mx_6.15.0.202507011659
2026-03-06 11:53:35,217 [INFO] DbMcusXml:78 - Set database path to: C:\ST\STM32CubeIDE_1.19.0\STM32CubeIDE\plugins\com.st.stm32cube.common.mx_6.15.0.202507011659\\db\/mcu/
2026-03-06 11:53:35,217 [INFO] ApiDb:274 - Set plugin database path to: C:\ST\STM32CubeIDE_1.19.0\STM32CubeIDE\plugins\com.st.stm32cube.common.mx_6.15.0.202507011659\\db\/plugins/boardmanager/
2026-03-06 11:53:35,217 [WARN] ApiDb:259 - Overriding images path with different value:  => C:\ST\STM32CubeIDE_1.19.0\STM32CubeIDE\plugins\com.st.stm32cube.common.mx_6.15.0.202507011659\\db\/plugins/mcufinder/images/
2026-03-06 11:53:35,231 [INFO] ApiDb:250 - Set database path to: C:\Users\megha\.stmcufinder\plugins\mcufinder//mcu/
2026-03-06 11:53:35,232 [INFO] DbMcusAds:125 - Set database path to: C:\Users\megha\.stmcufinder\plugins\mcufinder//mcu/
2026-03-06 11:53:35,234 [INFO] CrossReferenceDbSqlite:203 - Set database path to: C:\Users\megha\.stmcufinder\plugins\mcufinder//mcu/cs/
2026-03-06 11:53:35,350 [INFO] RulesReader:64 - Compatibility file has been processed (317 Rules)
2026-03-06 11:53:35,450 [INFO] DbMcusXml:78 - Set database path to: C:\ST\STM32CubeIDE_1.19.0\STM32CubeIDE\plugins\com.st.stm32cube.common.mx_6.15.0.202507011659\\db\/mcu/
2026-03-06 11:53:35,450 [INFO] ApiDb:274 - Set plugin database path to: C:\ST\STM32CubeIDE_1.19.0\STM32CubeIDE\plugins\com.st.stm32cube.common.mx_6.15.0.202507011659\\db\/plugins/boardmanager/
2026-03-06 11:53:35,450 [INFO] ApiDb:261 - Set plugin images path to: C:\ST\STM32CubeIDE_1.19.0\STM32CubeIDE\plugins\com.st.stm32cube.common.mx_6.15.0.202507011659\\db\/plugins/mcufinder/images/
2026-03-06 11:53:35,450 [WARN] DbFile:41 - Overriding database path with different value: C:\Users\megha\.stmcufinder\plugins\mcufinder/ => C:\Users\megha\.stmcufinder\plugins\mcufinder
2026-03-06 11:53:35,450 [INFO] ApiDb:250 - Set database path to: C:\Users\megha\.stmcufinder\plugins\mcufinder//mcu/
2026-03-06 11:53:35,450 [WARN] DbFile:41 - Overriding database path with different value: C:\Users\megha\.stmcufinder\plugins\mcufinder/ => C:\Users\megha\.stmcufinder\plugins\mcufinder
2026-03-06 11:53:35,451 [INFO] DbMcusAds:125 - Set database path to: C:\Users\megha\.stmcufinder\plugins\mcufinder//mcu/
2026-03-06 11:53:35,451 [WARN] DbFile:41 - Overriding database path with different value: C:\Users\megha\.stmcufinder\plugins\mcufinder/ => C:\Users\megha\.stmcufinder\plugins\mcufinder
2026-03-06 11:53:35,451 [WARN] DbFile:41 - Overriding database path with different value: C:\Users\megha\.stmcufinder\plugins\mcufinder/ => C:\Users\megha\.stmcufinder\plugins\mcufinder
2026-03-06 11:53:35,451 [INFO] CrossReferenceDbSqlite:203 - Set database path to: C:\Users\megha\.stmcufinder\plugins\mcufinder//mcu/cs/
2026-03-06 11:53:35,556 [INFO] MainPanel:274 - HeapMemory: 268435456
2026-03-06 11:53:35,701 [INFO] DbMcusXml:78 - Set database path to: C:\ST\STM32CubeIDE_1.19.0\STM32CubeIDE\plugins\com.st.stm32cube.common.mx_6.15.0.202507011659\\db\/mcu/
2026-03-06 11:53:35,701 [INFO] ApiDb:274 - Set plugin database path to: C:\ST\STM32CubeIDE_1.19.0\STM32CubeIDE\plugins\com.st.stm32cube.common.mx_6.15.0.202507011659\\db\/plugins/boardmanager/
2026-03-06 11:53:35,701 [INFO] ApiDb:261 - Set plugin images path to: C:\ST\STM32CubeIDE_1.19.0\STM32CubeIDE\plugins\com.st.stm32cube.common.mx_6.15.0.202507011659\\db\/plugins/mcufinder/images/
2026-03-06 11:53:35,702 [WARN] DbFile:41 - Overriding database path with different value: C:\Users\megha\.stmcufinder\plugins\mcufinder/ => C:\Users\megha\.stmcufinder\plugins\mcufinder
2026-03-06 11:53:35,702 [INFO] ApiDb:250 - Set database path to: C:\Users\megha\.stmcufinder\plugins\mcufinder//mcu/
2026-03-06 11:53:35,702 [WARN] DbFile:41 - Overriding database path with different value: C:\Users\megha\.stmcufinder\plugins\mcufinder/ => C:\Users\megha\.stmcufinder\plugins\mcufinder
2026-03-06 11:53:35,702 [INFO] DbMcusAds:125 - Set database path to: C:\Users\megha\.stmcufinder\plugins\mcufinder//mcu/
2026-03-06 11:53:35,702 [WARN] DbFile:41 - Overriding database path with different value: C:\Users\megha\.stmcufinder\plugins\mcufinder/ => C:\Users\megha\.stmcufinder\plugins\mcufinder
2026-03-06 11:53:35,702 [WARN] DbFile:41 - Overriding database path with different value: C:\Users\megha\.stmcufinder\plugins\mcufinder/ => C:\Users\megha\.stmcufinder\plugins\mcufinder
2026-03-06 11:53:35,702 [INFO] CrossReferenceDbSqlite:203 - Set database path to: C:\Users\megha\.stmcufinder\plugins\mcufinder//mcu/cs/
2026-03-06 11:53:35,726 [INFO] ApplicationProperties:184 - Using Application install path: C:\ST\STM32CubeIDE_1.19.0\STM32CubeIDE\plugins\com.st.stm32cube.common.mx_6.15.0.202507011659
2026-03-06 11:53:35,727 [INFO] PluginManage:196 - Search for loadable plugins [exclusion list=, ]
2026-03-06 11:53:35,729 [INFO] PluginManage:310 - Check plugin analytics
2026-03-06 11:53:35,954 [INFO] AnalyticsPlugin:253 - Accepted Software Licenses: 
2026-03-06 11:53:35,954 [INFO] AnalyticsPlugin:255 - Accepted CMSIS Pack Licenses: 
2026-03-06 11:53:35,954 [INFO] AnalyticsPlugin:257 - Accepted Firmware Licenses: FW.F4.1.28.0
2026-03-06 11:53:35,957 [INFO] PluginManage:359 - Loaded plugin analytics (category:tool,tabindex:-1)
2026-03-06 11:53:35,957 [ERROR] ConfigurationRetriever:142 - IOException on connection: sw-center.st.com
2026-03-06 11:53:35,957 [INFO] PluginManage:310 - Check plugin cadmodel
2026-03-06 11:53:35,957 [ERROR] ConfigurationRetriever:142 - IOException on connection: sw-center.st.com
2026-03-06 11:53:35,957 [ERROR] ConfigurationRetriever:142 - IOException on connection: sw-center.st.com
2026-03-06 11:53:35,964 [INFO] CADModel:105 - Init CAD model plugin
2026-03-06 11:53:35,964 [INFO] PluginManage:359 - Loaded plugin cadmodel (category:power,tabindex:5)
2026-03-06 11:53:35,964 [INFO] PluginManage:310 - Check plugin clock
2026-03-06 11:53:35,976 [INFO] PluginManage:359 - Loaded plugin clock (category:base,tabindex:2)
2026-03-06 11:53:35,976 [INFO] PluginManage:310 - Check plugin ddr
2026-03-06 11:53:35,979 [INFO] PluginManage:359 - Loaded plugin ddr (category:tool,tabindex:6)
2026-03-06 11:53:35,979 [INFO] PluginManage:310 - Check plugin filemanager
2026-03-06 11:53:36,148 [INFO] PluginManage:359 - Loaded plugin filemanager (category:base,tabindex:10)
2026-03-06 11:53:36,148 [INFO] PluginManage:310 - Check plugin ipmanager
2026-03-06 11:53:36,157 [INFO] PluginManage:359 - Loaded plugin ipmanager (category:base,tabindex:5)
2026-03-06 11:53:36,157 [INFO] PluginManage:310 - Check plugin lpbam
2026-03-06 11:53:36,168 [INFO] PluginManage:359 - Loaded plugin lpbam (category:base,tabindex:0)
2026-03-06 11:53:36,168 [INFO] PluginManage:310 - Check plugin memorymap
2026-03-06 11:53:36,189 [INFO] PluginManage:359 - Loaded plugin memorymap (category:base,tabindex:4)
2026-03-06 11:53:36,189 [INFO] PluginManage:310 - Check plugin pinoutandconfiguration
2026-03-06 11:53:36,201 [INFO] PluginManage:359 - Loaded plugin pinoutandconfiguration (category:base,tabindex:1)
2026-03-06 11:53:36,201 [INFO] PluginManage:310 - Check plugin pinoutconfig
2026-03-06 11:53:36,302 [WARN] SupportedApi:132 - Cannot load RTOS API schema: s4s-elt-must-match.1: The content of 'definitions' must match (annotation?, (simpleType | complexType)?, (unique | key | keyref)*)). A problem was found starting at: attribute.
2026-03-06 11:53:36,454 [INFO] PluginManage:359 - Loaded plugin pinoutconfig (category:base,tabindex:0)
2026-03-06 11:53:36,454 [INFO] PluginManage:310 - Check plugin power
2026-03-06 11:53:36,469 [INFO] PluginManage:359 - Loaded plugin power (category:power,tabindex:4)
2026-03-06 11:53:36,469 [INFO] PluginManage:310 - Check plugin projectmanager
2026-03-06 11:53:36,499 [INFO] PluginManage:359 - Loaded plugin projectmanager (category:projectmanager,tabindex:4)
2026-03-06 11:53:36,499 [INFO] PluginManage:310 - Check plugin rif
2026-03-06 11:53:36,515 [INFO] PluginManage:359 - Loaded plugin rif (category:base,tabindex:3)
2026-03-06 11:53:36,515 [INFO] PluginManage:310 - Check plugin thirdparty
2026-03-06 11:53:36,684 [INFO] PluginManage:359 - Loaded plugin thirdparty (category:base,tabindex:-1)
2026-03-06 11:53:36,684 [WARN] IntegrityCheckThread:84 - waiting for thirdparty lock release [integrity check]
2026-03-06 11:53:36,684 [INFO] PluginManage:310 - Check plugin tools
2026-03-06 11:53:36,686 [INFO] IntegrityCheckThread:86 - entering critical section [integrity check]
2026-03-06 11:53:36,686 [INFO] ThirdPartyUpdaterWithRetryManager:70 - Updater plugin not ready yet. [1/15]
2026-03-06 11:53:36,687 [INFO] PluginManage:359 - Loaded plugin tools (category:base,tabindex:7)
2026-03-06 11:53:36,687 [INFO] PluginManage:310 - Check plugin tutovideos
2026-03-06 11:53:36,952 [INFO] PluginManage:359 - Loaded plugin tutovideos (category:base,tabindex:-1)
2026-03-06 11:53:36,952 [INFO] PluginManage:310 - Check plugin updater
2026-03-06 11:53:36,976 [INFO] PluginManage:359 - Loaded plugin updater (category:base,tabindex:12)
2026-03-06 11:53:36,976 [INFO] PluginManage:310 - Check plugin userauth
2026-03-06 11:53:36,976 [INFO] UserAuth:118 - Init User Auth plugin
2026-03-06 11:53:36,976 [INFO] PluginManage:359 - Loaded plugin userauth (category:base,tabindex:14)
2026-03-06 11:53:36,976 [INFO] PluginManage:283 - PluginManage : Loaded plugins [18]
2026-03-06 11:53:37,229 [INFO] PinOutPanel:1589 - setPackage(No Configuration,No Configuration)
2026-03-06 11:53:37,340 [INFO] CADModel:165 - CPN selected for project level
2026-03-06 11:53:37,340 [INFO] CADModel:114 - Register for checkConnection events
2026-03-06 11:53:37,359 [INFO] IPUIPlugin:80 - create IPUIPlugin
2026-03-06 11:53:37,359 [INFO] PluginManager:220 - loadIPPluginJar : add adc
2026-03-06 11:53:37,363 [INFO] IPUIPlugin:80 - create IPUIPlugin
2026-03-06 11:53:37,363 [INFO] PluginManager:220 - loadIPPluginJar : add aes
2026-03-06 11:53:37,366 [INFO] IPUIPlugin:80 - create IPUIPlugin
2026-03-06 11:53:37,366 [INFO] PluginManager:220 - loadIPPluginJar : add can
2026-03-06 11:53:37,366 [INFO] IPUIPlugin:80 - create IPUIPlugin
2026-03-06 11:53:37,366 [INFO] PluginManager:220 - loadIPPluginJar : add comp
2026-03-06 11:53:37,371 [INFO] IPUIPlugin:80 - create IPUIPlugin
2026-03-06 11:53:37,371 [INFO] PluginManager:220 - loadIPPluginJar : add cryp
2026-03-06 11:53:37,377 [INFO] IPUIPlugin:80 - create IPUIPlugin
2026-03-06 11:53:37,377 [INFO] PluginManager:220 - loadIPPluginJar : add ddr_ctrl_phy
2026-03-06 11:53:37,377 [INFO] IPUIPlugin:80 - create IPUIPlugin
2026-03-06 11:53:37,377 [INFO] PluginManager:220 - loadIPPluginJar : add dfsdm
2026-03-06 11:53:37,386 [INFO] IPUIPlugin:80 - create IPUIPlugin
2026-03-06 11:53:37,387 [INFO] PluginManager:220 - loadIPPluginJar : add dma
2026-03-06 11:53:37,389 [INFO] IPUIPlugin:80 - create IPUIPlugin
2026-03-06 11:53:37,389 [INFO] PluginManager:220 - loadIPPluginJar : add dma3
2026-03-06 11:53:37,392 [INFO] IPUIPlugin:80 - create IPUIPlugin
2026-03-06 11:53:37,392 [INFO] PluginManager:220 - loadIPPluginJar : add extmemmanager
2026-03-06 11:53:37,392 [INFO] IPUIPlugin:80 - create IPUIPlugin
2026-03-06 11:53:37,392 [INFO] PluginManager:220 - loadIPPluginJar : add fatfs
2026-03-06 11:53:37,397 [INFO] IPUIPlugin:80 - create IPUIPlugin
2026-03-06 11:53:37,397 [INFO] PluginManager:220 - loadIPPluginJar : add fmc
2026-03-06 11:53:37,408 [INFO] IPUIPlugin:80 - create IPUIPlugin
2026-03-06 11:53:37,408 [INFO] PluginManager:220 - loadIPPluginJar : add freertos
2026-03-06 11:53:37,410 [INFO] IPUIPlugin:80 - create IPUIPlugin
2026-03-06 11:53:37,410 [INFO] PluginManager:220 - loadIPPluginJar : add genericplugin
2026-03-06 11:53:37,412 [INFO] IPUIPlugin:80 - create IPUIPlugin
2026-03-06 11:53:37,412 [INFO] PluginManager:220 - loadIPPluginJar : add gfxmmu
2026-03-06 11:53:37,416 [INFO] IPUIPlugin:80 - create IPUIPlugin
2026-03-06 11:53:37,416 [INFO] PluginManager:220 - loadIPPluginJar : add gic
2026-03-06 11:53:37,420 [INFO] IPUIPlugin:80 - create IPUIPlugin
2026-03-06 11:53:37,420 [INFO] PluginManager:220 - loadIPPluginJar : add gpio
2026-03-06 11:53:37,425 [INFO] IPUIPlugin:80 - create IPUIPlugin
2026-03-06 11:53:37,425 [INFO] PluginManager:220 - loadIPPluginJar : add gtzc
2026-03-06 11:53:37,425 [INFO] IPUIPlugin:80 - create IPUIPlugin
2026-03-06 11:53:37,425 [INFO] PluginManager:220 - loadIPPluginJar : add hash
2026-03-06 11:53:37,431 [INFO] IPUIPlugin:80 - create IPUIPlugin
2026-03-06 11:53:37,431 [INFO] PluginManager:220 - loadIPPluginJar : add i2c
2026-03-06 11:53:37,434 [INFO] IPUIPlugin:80 - create IPUIPlugin
2026-03-06 11:53:37,434 [INFO] PluginManager:220 - loadIPPluginJar : add i2s
2026-03-06 11:53:37,434 [INFO] IPUIPlugin:80 - create IPUIPlugin
2026-03-06 11:53:37,434 [INFO] PluginManager:220 - loadIPPluginJar : add i3c
2026-03-06 11:53:37,441 [INFO] IPUIPlugin:80 - create IPUIPlugin
2026-03-06 11:53:37,441 [INFO] PluginManager:220 - loadIPPluginJar : add ipddr
2026-03-06 11:53:37,448 [INFO] IPUIPlugin:80 - create IPUIPlugin
2026-03-06 11:53:37,448 [INFO] PluginManager:220 - loadIPPluginJar : add linkedlist
2026-03-06 11:53:37,453 [INFO] IPUIPlugin:80 - create IPUIPlugin
2026-03-06 11:53:37,453 [INFO] PluginManager:220 - loadIPPluginJar : add lorawan
2026-03-06 11:53:37,453 [INFO] IPUIPlugin:80 - create IPUIPlugin
2026-03-06 11:53:37,453 [INFO] PluginManager:220 - loadIPPluginJar : add ltdc
2026-03-06 11:53:37,459 [INFO] IPUIPlugin:80 - create IPUIPlugin
2026-03-06 11:53:37,459 [INFO] PluginManager:220 - loadIPPluginJar : add mdma
2026-03-06 11:53:37,466 [INFO] IPUIPlugin:80 - create IPUIPlugin
2026-03-06 11:53:37,466 [INFO] PluginManager:220 - loadIPPluginJar : add nvic
2026-03-06 11:53:37,470 [INFO] IPUIPlugin:80 - create IPUIPlugin
2026-03-06 11:53:37,470 [INFO] PluginManager:220 - loadIPPluginJar : add opamp
2026-03-06 11:53:37,471 [INFO] IPUIPlugin:80 - create IPUIPlugin
2026-03-06 11:53:37,471 [INFO] PluginManager:220 - loadIPPluginJar : add openamp
2026-03-06 11:53:37,471 [INFO] IPUIPlugin:80 - create IPUIPlugin
2026-03-06 11:53:37,471 [INFO] PluginManager:220 - loadIPPluginJar : add pdm2pcm
2026-03-06 11:53:37,482 [INFO] IPUIPlugin:80 - create IPUIPlugin
2026-03-06 11:53:37,482 [INFO] PluginManager:220 - loadIPPluginJar : add plateformsettings
2026-03-06 11:53:37,482 [INFO] IPUIPlugin:80 - create IPUIPlugin
2026-03-06 11:53:37,482 [INFO] PluginManager:220 - loadIPPluginJar : add quadspi
2026-03-06 11:53:37,482 [INFO] IPUIPlugin:80 - create IPUIPlugin
2026-03-06 11:53:37,482 [INFO] PluginManager:220 - loadIPPluginJar : add radio
2026-03-06 11:53:37,482 [INFO] IPUIPlugin:80 - create IPUIPlugin
2026-03-06 11:53:37,482 [INFO] PluginManager:220 - loadIPPluginJar : add resmgrutility
2026-03-06 11:53:37,482 [INFO] IPUIPlugin:80 - create IPUIPlugin
2026-03-06 11:53:37,482 [INFO] PluginManager:220 - loadIPPluginJar : add sai
2026-03-06 11:53:37,498 [INFO] IPUIPlugin:80 - create IPUIPlugin
2026-03-06 11:53:37,498 [INFO] PluginManager:220 - loadIPPluginJar : add spi
2026-03-06 11:53:37,498 [INFO] IPUIPlugin:80 - create IPUIPlugin
2026-03-06 11:53:37,498 [INFO] PluginManager:220 - loadIPPluginJar : add stm32_wpan
2026-03-06 11:53:37,498 [INFO] IPUIPlugin:80 - create IPUIPlugin
2026-03-06 11:53:37,498 [INFO] PluginManager:220 - loadIPPluginJar : add tim
2026-03-06 11:53:37,498 [INFO] IPUIPlugin:80 - create IPUIPlugin
2026-03-06 11:53:37,498 [INFO] PluginManager:220 - loadIPPluginJar : add touchsensing
2026-03-06 11:53:37,514 [INFO] IPUIPlugin:80 - create IPUIPlugin
2026-03-06 11:53:37,514 [INFO] PluginManager:220 - loadIPPluginJar : add tracer_emb
2026-03-06 11:53:37,516 [INFO] IPUIPlugin:80 - create IPUIPlugin
2026-03-06 11:53:37,516 [INFO] PluginManager:220 - loadIPPluginJar : add ts
2026-03-06 11:53:37,516 [INFO] IPUIPlugin:80 - create IPUIPlugin
2026-03-06 11:53:37,516 [INFO] PluginManager:220 - loadIPPluginJar : add tsc
2026-03-06 11:53:37,516 [INFO] IPUIPlugin:80 - create IPUIPlugin
2026-03-06 11:53:37,516 [INFO] PluginManager:220 - loadIPPluginJar : add ucpd
2026-03-06 11:53:37,516 [INFO] IPUIPlugin:80 - create IPUIPlugin
2026-03-06 11:53:37,516 [INFO] PluginManager:220 - loadIPPluginJar : add usart
2026-03-06 11:53:37,516 [INFO] IPUIPlugin:80 - create IPUIPlugin
2026-03-06 11:53:37,516 [INFO] PluginManager:220 - loadIPPluginJar : add usbx
2026-03-06 11:53:37,660 [FATAL] Updater:351 - Updater called before beeing initialized
2026-03-06 11:53:37,698 [INFO] RulesReader:64 - Compatibility file has been processed (317 Rules)
2026-03-06 11:53:37,712 [INFO] RulesReader:64 - Compatibility file has been processed (317 Rules)
2026-03-06 11:53:37,724 [INFO] CADModel:165 - CPN selected for project level
2026-03-06 11:53:37,724 [INFO] CADModel:114 - Register for checkConnection events
2026-03-06 11:53:37,724 [FATAL] Updater:351 - Updater called before beeing initialized
2026-03-06 11:53:37,725 [ERROR] CADModel:125 - Updater not yet initialized, retry later 
2026-03-06 11:53:37,902 [FATAL] Updater:351 - Updater called before beeing initialized
2026-03-06 11:53:37,905 [INFO] CADModel:165 - CPN selected for project level
2026-03-06 11:53:37,905 [INFO] CADModel:114 - Register for checkConnection events
2026-03-06 11:53:37,905 [FATAL] Updater:351 - Updater called before beeing initialized
2026-03-06 11:53:37,905 [ERROR] CADModel:125 - Updater not yet initialized, retry later 
2026-03-06 11:53:37,906 [FATAL] Updater:351 - Updater called before beeing initialized
2026-03-06 11:53:38,017 [FATAL] Updater:351 - Updater called before beeing initialized
2026-03-06 11:53:38,020 [INFO] DbMcusAds:53 - JSON generation date=Wed Feb 18 20:02:49 IST 2026 (1771425169371)
2026-03-06 11:53:38,020 [FATAL] Updater:351 - Updater called before beeing initialized
2026-03-06 11:53:38,160 [WARN] DetailPanel:346 - Failed to get advertising image, set to default
2026-03-06 11:53:38,240 [FATAL] Updater:351 - Updater called before beeing initialized
2026-03-06 11:53:38,240 [FATAL] Updater:351 - Updater called before beeing initialized
2026-03-06 11:53:38,240 [FATAL] Updater:351 - Updater called before beeing initialized
2026-03-06 11:53:38,240 [WARN] DetailPanel:346 - Failed to get advertising image, set to default
2026-03-06 11:53:38,240 [FATAL] Updater:351 - Updater called before beeing initialized
2026-03-06 11:53:38,304 [ERROR] Updater:1198 - MainUpdater not yet initialized. External WinMGr cannot be set.
2026-03-06 11:53:38,308 [INFO] Updater:1134 - Updater Version found : 6.15.0
2026-03-06 11:53:38,325 [INFO] ApplicationProperties:184 - Using Application install path: C:\ST\STM32CubeIDE_1.19.0\STM32CubeIDE\plugins\com.st.stm32cube.common.mx_6.15.0.202507011659
2026-03-06 11:53:39,690 [INFO] ThirdPartyUpdaterWithRetryManager:70 - Updater plugin not ready yet. [2/15]
2026-03-06 11:53:39,946 [ERROR] LogOutputStream:75 - [STDERR_REDIRECT] Mar 06, 2026 11:53:39 AM java.util.prefs.WindowsPreferences <init>
2026-03-06 11:53:39,947 [ERROR] LogOutputStream:75 - [STDERR_REDIRECT] WARNING: Could not open/create prefs root node Software\JavaSoft\Prefs at root 0xffffffff80000002. Windows RegCreateKeyEx(...) returned error code 5.
2026-03-06 11:53:39,948 [ERROR] LogOutputStream:75 - [STDERR_REDIRECT] 
2026-03-06 11:53:40,288 [INFO] MainUpdater:2872 - connection check result : 22
2026-03-06 11:53:40,289 [INFO] MainUpdater:289 - Updater Check For Update Now.
2026-03-06 11:53:40,289 [INFO] MicroXplorer:498 - Change Database Version : DB.6.0.150
2026-03-06 11:53:40,302 [INFO] McuFinderGlobals:63 - Set McuFinder mode to 2 (CubeIDE integrated)
2026-03-06 11:53:40,303 [INFO] UserAuth:487 - Internet connection configuration mode: 2
2026-03-06 11:53:40,317 [INFO] UserAuth:487 - Internet connection configuration mode: 2
2026-03-06 11:53:40,531 [INFO] CheckServerUpdateThread:120 - End of CheckServer Thread
2026-03-06 11:53:40,588 [ERROR] LogOutputStream:75 - [STDERR_REDIRECT] [Fatal Error] :1:1: Premature end of file.
2026-03-06 11:53:40,589 [ERROR] LogOutputStream:75 - [STDERR_REDIRECT] 
2026-03-06 11:53:41,440 [ERROR] LogOutputStream:75 - [STDERR_REDIRECT] [Fatal Error] :1:1: Premature end of file.
2026-03-06 11:53:41,440 [ERROR] LogOutputStream:75 - [STDERR_REDIRECT] 
2026-03-06 11:53:42,439 [ERROR] LogOutputStream:75 - [STDERR_REDIRECT] [Fatal Error] :1:1: Premature end of file.
2026-03-06 11:53:42,439 [ERROR] LogOutputStream:75 - [STDERR_REDIRECT] 
2026-03-06 11:53:43,218 [WARN] PackLoader:240 - Cannot read IP mode file for STMicroelectronics.X-CUBE-AZRTOS-H7.3.5.0
2026-03-06 11:53:43,239 [WARN] PackLoader:240 - Cannot read IP mode file for STMicroelectronics.FP-SNS-MOTENVWB1.1.4.0
2026-03-06 11:53:43,251 [WARN] PackLoader:240 - Cannot read IP mode file for STMicroelectronics.FP-ATR-ASTRA1.2.0.2
2026-03-06 11:53:43,262 [WARN] PackLoader:240 - Cannot read IP mode file for STMicroelectronics.X-CUBE-SMBUS.2.1.0
2026-03-06 11:53:43,290 [WARN] PackLoader:240 - Cannot read IP mode file for STMicroelectronics.X-CUBE-AZRTOS-F7.1.1.0
2026-03-06 11:53:43,303 [WARN] PackLoader:240 - Cannot read IP mode file for STMicroelectronics.FP-SNS-MOTENV1.5.1.0
2026-03-06 11:53:43,317 [WARN] PackLoader:240 - Cannot read IP mode file for WES.I-CUBE-Cesium.1.4.0
2026-03-06 11:53:43,348 [WARN] PackLoader:240 - Cannot read IP mode file for STMicroelectronics.X-CUBE-AZRTOS-H7.3.4.0
2026-03-06 11:53:43,363 [WARN] PackLoader:240 - Cannot read IP mode file for STMicroelectronics.X-CUBE-DISPLAY.3.0.0
2026-03-06 11:53:43,374 [WARN] PackLoader:240 - Cannot read IP mode file for STMicroelectronics.FP-SNS-MOTENVWB1.1.5.0
2026-03-06 11:53:43,384 [WARN] PackLoader:240 - Cannot read IP mode file for STMicroelectronics.X-CUBE-NFC10.1.0.0
2026-03-06 11:53:43,397 [WARN] PackLoader:240 - Cannot read IP mode file for STMicroelectronics.X-CUBE-ST60.1.1.0
2026-03-06 11:53:43,408 [WARN] PackLoader:240 - Cannot read IP mode file for emotas.I-CUBE-CANOPEN.1.3.0
2026-03-06 11:53:43,418 [WARN] PackLoader:240 - Cannot read IP mode file for STMicroelectronics.X-CUBE-GNSS1.7.1.0
2026-03-06 11:53:43,432 [WARN] PackLoader:240 - Cannot read IP mode file for STMicroelectronics.FP-SNS-STBOX1.2.1.0
2026-03-06 11:53:43,444 [WARN] PackLoader:240 - Cannot read IP mode file for STMicroelectronics.FP-SNS-SMARTAG2.1.2.0
2026-03-06 11:53:43,452 [WARN] PackLoader:240 - Cannot read IP mode file for STMicroelectronics.FP-SNS-FLIGHT1.5.1.0
2026-03-06 11:53:43,457 [ERROR] LogOutputStream:75 - [STDERR_REDIRECT] [Fatal Error] :1:1: Premature end of file.
2026-03-06 11:53:43,458 [ERROR] LogOutputStream:75 - [STDERR_REDIRECT] 
2026-03-06 11:53:43,465 [INFO] LogOutputStream:77 - [STDOUT_REDIRECT] 1 : Invalid condition id : UX_CORESTACK_Condition cause : null
2026-03-06 11:53:43,466 [INFO] LogOutputStream:77 - [STDOUT_REDIRECT] 1 : Invalid condition id : UX_CORESTACK_Condition cause : null
2026-03-06 11:53:43,467 [INFO] LogOutputStream:77 - [STDOUT_REDIRECT] 1 : Invalid condition id : UX_CORESTACK_Condition cause : null
2026-03-06 11:53:43,467 [INFO] LogOutputStream:77 - [STDOUT_REDIRECT] 1 : Invalid condition id : UX_CORESTACK_Condition cause : null
2026-03-06 11:53:43,469 [INFO] LogOutputStream:77 - [STDOUT_REDIRECT] 1 : Invalid condition id : UX_CORESTACK_Condition cause : null
2026-03-06 11:53:43,471 [WARN] PackLoader:240 - Cannot read IP mode file for STMicroelectronics.X-CUBE-AZRTOS-WL.2.0.0
2026-03-06 11:53:43,493 [WARN] PackLoader:240 - Cannot read IP mode file for STMicroelectronics.X-CUBE-AZRTOS-H7RS.1.2.0
2026-03-06 11:53:43,504 [WARN] PackLoader:240 - Cannot read IP mode file for STMicroelectronics.X-CUBE-BLE2.3.3.0
2026-03-06 11:53:43,546 [WARN] PackLoader:240 - Cannot read IP mode file for Infineon.AIROC-Wi-Fi-Bluetooth-STM32.1.8.0
2026-03-06 11:53:43,560 [WARN] PackLoader:240 - Cannot read IP mode file for STMicroelectronics.X-CUBE-NFC9.1.0.0
2026-03-06 11:53:43,569 [WARN] PackLoader:240 - Cannot read IP mode file for STMicroelectronics.X-CUBE-BLE1.7.1.0
2026-03-06 11:53:43,575 [WARN] PackLoader:240 - Cannot read IP mode file for wolfSSL.I-CUBE-wolfMQTT.1.19.2
2026-03-06 11:53:43,583 [WARN] PackLoader:240 - Cannot read IP mode file for STMicroelectronics.X-CUBE-FREERTOS.1.4.0
2026-03-06 11:53:43,603 [WARN] PackLoader:240 - Cannot read IP mode file for STMicroelectronics.X-CUBE-EEPRMA1.5.2.0
2026-03-06 11:53:43,621 [WARN] PackLoader:240 - Cannot read IP mode file for wolfSSL.I-CUBE-wolfSSL.5.8.4
2026-03-06 11:53:43,629 [WARN] PackLoader:240 - Cannot read IP mode file for Cesanta.I-CUBE-Mongoose.7.20.0
2026-03-06 11:53:43,640 [WARN] PackLoader:240 - Cannot read IP mode file for STMicroelectronics.X-CUBE-ST67W61.1.1.0
2026-03-06 11:53:43,744 [WARN] PackLoader:240 - Cannot read IP mode file for STMicroelectronics.X-CUBE-MEMS1.12.0.0
2026-03-06 11:53:43,857 [WARN] PackLoader:240 - Cannot read IP mode file for STMicroelectronics.X-CUBE-AZRTOS-G0.1.1.0
2026-03-06 11:53:43,870 [WARN] PackLoader:240 - Cannot read IP mode file for STMicroelectronics.X-CUBE-NFC4.3.0.0
2026-03-06 11:53:43,881 [WARN] PackLoader:240 - Cannot read IP mode file for EmbeddedOffice.I-CUBE-FS-RTOS.1.0.1
2026-03-06 11:53:43,891 [WARN] PackLoader:240 - Cannot read IP mode file for STMicroelectronics.X-CUBE-WB05N.2.0.0
2026-03-06 11:53:43,898 [WARN] PackLoader:240 - Cannot read IP mode file for wolfSSL.I-CUBE-wolfTPM.3.8.0
2026-03-06 11:53:43,907 [WARN] PackLoader:240 - Cannot read IP mode file for STMicroelectronics.X-CUBE-TCPP.4.2.0
2026-03-06 11:53:43,919 [WARN] PackLoader:240 - Cannot read IP mode file for RealThread.X-CUBE-RT-Thread_Nano.4.1.1
2026-03-06 11:53:43,927 [WARN] PackLoader:240 - Cannot read IP mode file for STMicroelectronics.FP-ATR-SIGFOX1.3.2.0
2026-03-06 11:53:43,935 [WARN] PackLoader:240 - Cannot read IP mode file for STMicroelectronics.X-CUBE-FREERTOS.1.5.0
2026-03-06 11:53:43,944 [WARN] PackLoader:240 - Cannot read IP mode file for ITTIA_DB.I-CUBE-ITTIADB.8.9.0
2026-03-06 11:53:43,954 [WARN] PackLoader:240 - Cannot read IP mode file for STMicroelectronics.X-CUBE-NFC6.3.2.0
2026-03-06 11:53:43,974 [WARN] PackLoader:240 - Cannot read IP mode file for STMicroelectronics.X-CUBE-AI.10.2.0
2026-03-06 11:53:44,001 [WARN] PackLoader:240 - Cannot read IP mode file for SEGGER.I-CUBE-embOS.1.3.1
2026-03-06 11:53:44,066 [WARN] PackLoader:240 - Cannot read IP mode file for STMicroelectronics.X-CUBE-ALGOBUILD.1.4.0
2026-03-06 11:53:44,076 [WARN] PackLoader:240 - Cannot read IP mode file for STMicroelectronics.X-CUBE-PM33A1.1.0.0
2026-03-06 11:53:44,097 [WARN] PackLoader:240 - Cannot read IP mode file for STMicroelectronics.X-CUBE-AZRTOS-F4.1.1.0
2026-03-06 11:53:44,109 [WARN] PackLoader:240 - Cannot read IP mode file for STMicroelectronics.X-CUBE-ISPU.2.1.0
2026-03-06 11:53:44,130 [WARN] PackLoader:240 - Cannot read IP mode file for STMicroelectronics.X-CUBE-IPS.3.2.0
2026-03-06 11:53:44,148 [WARN] PackLoader:240 - Cannot read IP mode file for STMicroelectronics.X-CUBE-NFC12.1.0.0
2026-03-06 11:53:44,170 [WARN] PackLoader:240 - Cannot read IP mode file for STMicroelectronics.X-CUBE-AZRTOS-L5.2.0.0
2026-03-06 11:53:44,183 [WARN] PackLoader:240 - Cannot read IP mode file for STMicroelectronics.X-CUBE-NFC6.3.1.0
2026-03-06 11:53:44,195 [WARN] PackLoader:240 - Cannot read IP mode file for STMicroelectronics.X-CUBE-TOUCHGFX.4.26.0
2026-03-06 11:53:44,199 [WARN] PackLoader:240 - Cannot read IP mode file for STMicroelectronics.X-CUBE-TOUCHGFX.4.26.1
2026-03-06 11:53:44,206 [WARN] PackLoader:240 - Cannot read IP mode file for STMicroelectronics.FP-SNS-STAIOTCFT.1.0.0
2026-03-06 11:53:44,214 [WARN] PackLoader:240 - Cannot read IP mode file for STMicroelectronics.X-CUBE-DPower.1.3.0
2026-03-06 11:53:44,235 [WARN] ConditionMgr:438 - getConditionDescription Invalid condition id : LAN8742 Phy interface Condition cause : null
2026-03-06 11:53:44,236 [WARN] PackLoader:240 - Cannot read IP mode file for STMicroelectronics.X-CUBE-AZRTOS-L4.2.0.0
2026-03-06 11:53:44,237 [WARN] ConditionMgr:1044 - genDependencies : Invalid condition id : LAN8742 Phy interface Condition cause : null
2026-03-06 11:53:44,237 [WARN] ConditionMgr:1044 - genDependencies : Invalid condition id : LAN8742 Phy interface Condition cause : null
2026-03-06 11:53:44,238 [WARN] ConditionMgr:1044 - genDependencies : Invalid condition id : LAN8742 Phy interface Condition cause : null
2026-03-06 11:53:44,249 [WARN] PackLoader:240 - Cannot read IP mode file for STMicroelectronics.X-CUBE-SFXS2LP1.4.0.0
2026-03-06 11:53:44,260 [WARN] PackLoader:240 - Cannot read IP mode file for STMicroelectronics.X-CUBE-ST67W61.1.2.0
2026-03-06 11:53:44,288 [WARN] PackLoader:240 - Cannot read IP mode file for STMicroelectronics.X-CUBE-BLEMGR.4.1.0
2026-03-06 11:53:44,309 [WARN] ConditionMgr:438 - getConditionDescription Invalid condition id : UX DEVICE CLASS RTOS Condition cause : null
2026-03-06 11:53:44,309 [WARN] ConditionMgr:438 - getConditionDescription Invalid condition id : UX DEVICE CLASS RTOS Condition cause : null
2026-03-06 11:53:44,312 [WARN] PackLoader:240 - Cannot read IP mode file for STMicroelectronics.X-CUBE-AZRTOS-WB.2.0.0
2026-03-06 11:53:44,312 [WARN] ConditionMgr:1044 - genDependencies : Invalid condition id : UX DEVICE CLASS RTOS Condition cause : null
2026-03-06 11:53:44,312 [WARN] ConditionMgr:1044 - genDependencies : Invalid condition id : UX DEVICE CLASS RTOS Condition cause : null
2026-03-06 11:53:44,313 [WARN] ConditionMgr:1044 - genDependencies : Invalid condition id : UX DEVICE CLASS RTOS Condition cause : null
2026-03-06 11:53:44,313 [WARN] ConditionMgr:1044 - genDependencies : Invalid condition id : UX DEVICE CLASS RTOS Condition cause : null
2026-03-06 11:53:44,313 [WARN] ConditionMgr:1044 - genDependencies : Invalid condition id : UX DEVICE CLASS RTOS Condition cause : null
2026-03-06 11:53:44,320 [WARN] ConditionMgr:438 - getConditionDescription Invalid condition id : Cortex-A Device cause : null
2026-03-06 11:53:44,331 [WARN] ConditionMgr:1044 - genDependencies : Invalid condition id : Cortex-A Device cause : null
2026-03-06 11:53:44,331 [WARN] ConditionMgr:1044 - genDependencies : Invalid condition id : Cortex-A Device cause : null
2026-03-06 11:53:44,331 [WARN] ConditionMgr:1044 - genDependencies : Invalid condition id : Cortex-A Device cause : null
2026-03-06 11:53:44,338 [WARN] PackLoader:240 - Cannot read IP mode file for STMicroelectronics.X-CUBE-STSE01.2.0.0
2026-03-06 11:53:44,353 [WARN] PackLoader:240 - Cannot read IP mode file for STMicroelectronics.X-CUBE-SUBG2.5.0.0
2026-03-06 11:53:44,369 [WARN] PackLoader:240 - Cannot read IP mode file for STMicroelectronics.X-CUBE-AZRTOS-G4.2.0.0
2026-03-06 11:53:44,377 [WARN] PackLoader:240 - Cannot read IP mode file for wolfSSL.I-CUBE-wolfSSH.1.4.20
2026-03-06 11:53:44,382 [WARN] PackLoader:240 - Cannot read IP mode file for STMicroelectronics.X-CUBE-NFC7.2.0.0
2026-03-06 11:53:44,389 [WARN] PackLoader:240 - Cannot read IP mode file for STMicroelectronics.X-CUBE-ALS.1.0.2
2026-03-06 11:53:44,398 [WARN] PackLoader:240 - Cannot read IP mode file for STMicroelectronics.X-CUBE-STSE01.1.0.0
2026-03-06 11:53:44,413 [WARN] PackLoader:240 - Cannot read IP mode file for STMicroelectronics.X-CUBE-TOF1.3.4.3
2026-03-06 11:53:44,428 [INFO] ThirdParty:978 - Integrity check success = true
2026-03-06 11:53:44,428 [INFO] IntegrityCheckThread:100 - exiting critical section [integrity check]
2026-03-06 11:53:44,429 [INFO] IntegrityCheckThread:103 - End integrity checks thread
2026-03-06 11:53:44,450 [ERROR] LogOutputStream:75 - [STDERR_REDIRECT] [Fatal Error] :1:1: Premature end of file.
2026-03-06 11:53:44,450 [ERROR] LogOutputStream:75 - [STDERR_REDIRECT] 
2026-03-06 11:53:45,443 [ERROR] LogOutputStream:75 - [STDERR_REDIRECT] [Fatal Error] :1:1: Premature end of file.
2026-03-06 11:53:45,444 [ERROR] LogOutputStream:75 - [STDERR_REDIRECT] 
2026-03-06 11:53:46,477 [ERROR] LogOutputStream:75 - [STDERR_REDIRECT] [Fatal Error] :1:1: Premature end of file.
2026-03-06 11:53:46,477 [ERROR] LogOutputStream:75 - [STDERR_REDIRECT] 
2026-03-06 11:53:47,447 [ERROR] LogOutputStream:75 - [STDERR_REDIRECT] [Fatal Error] :1:1: Premature end of file.
2026-03-06 11:53:47,447 [ERROR] LogOutputStream:75 - [STDERR_REDIRECT] 
2026-03-06 11:53:48,439 [ERROR] LogOutputStream:75 - [STDERR_REDIRECT] [Fatal Error] :1:1: Premature end of file.
2026-03-06 11:53:48,439 [ERROR] LogOutputStream:75 - [STDERR_REDIRECT] 
2026-03-06 11:53:49,440 [ERROR] LogOutputStream:75 - [STDERR_REDIRECT] [Fatal Error] :1:1: Premature end of file.
2026-03-06 11:53:49,440 [ERROR] LogOutputStream:75 - [STDERR_REDIRECT] 
2026-03-06 11:53:50,440 [ERROR] LogOutputStream:75 - [STDERR_REDIRECT] [Fatal Error] :1:1: Premature end of file.
2026-03-06 11:53:50,440 [ERROR] LogOutputStream:75 - [STDERR_REDIRECT] 
2026-03-06 11:53:51,442 [ERROR] LogOutputStream:75 - [STDERR_REDIRECT] [Fatal Error] :1:1: Premature end of file.
2026-03-06 11:53:51,442 [ERROR] LogOutputStream:75 - [STDERR_REDIRECT] 
2026-03-06 11:53:52,442 [ERROR] LogOutputStream:75 - [STDERR_REDIRECT] [Fatal Error] :1:1: Premature end of file.
2026-03-06 11:53:52,442 [ERROR] LogOutputStream:75 - [STDERR_REDIRECT] 
2026-03-06 11:53:53,461 [ERROR] LogOutputStream:75 - [STDERR_REDIRECT] [Fatal Error] :1:1: Premature end of file.
2026-03-06 11:53:53,461 [ERROR] LogOutputStream:75 - [STDERR_REDIRECT] 
2026-03-06 11:53:54,439 [ERROR] LogOutputStream:75 - [STDERR_REDIRECT] [Fatal Error] :1:1: Premature end of file.
2026-03-06 11:53:54,440 [ERROR] LogOutputStream:75 - [STDERR_REDIRECT] 
2026-03-06 11:53:55,448 [ERROR] LogOutputStream:75 - [STDERR_REDIRECT] [Fatal Error] :1:1: Premature end of file.
2026-03-06 11:53:55,448 [ERROR] LogOutputStream:75 - [STDERR_REDIRECT] 
2026-03-06 11:53:56,440 [ERROR] LogOutputStream:75 - [STDERR_REDIRECT] [Fatal Error] :1:1: Premature end of file.
2026-03-06 11:53:56,441 [ERROR] LogOutputStream:75 - [STDERR_REDIRECT] 
2026-03-06 11:53:57,440 [ERROR] LogOutputStream:75 - [STDERR_REDIRECT] [Fatal Error] :1:1: Premature end of file.
2026-03-06 11:53:57,440 [ERROR] LogOutputStream:75 - [STDERR_REDIRECT] 
2026-03-06 11:53:58,441 [ERROR] LogOutputStream:75 - [STDERR_REDIRECT] [Fatal Error] :1:1: Premature end of file.
2026-03-06 11:53:58,441 [ERROR] LogOutputStream:75 - [STDERR_REDIRECT] 
2026-03-06 11:53:59,438 [ERROR] LogOutputStream:75 - [STDERR_REDIRECT] [Fatal Error] :1:1: Premature end of file.
2026-03-06 11:53:59,439 [ERROR] LogOutputStream:75 - [STDERR_REDIRECT] 
2026-03-06 11:54:00,440 [ERROR] LogOutputStream:75 - [STDERR_REDIRECT] [Fatal Error] :1:1: Premature end of file.
2026-03-06 11:54:00,440 [ERROR] LogOutputStream:75 - [STDERR_REDIRECT] 
2026-03-06 11:54:01,441 [ERROR] LogOutputStream:75 - [STDERR_REDIRECT] [Fatal Error] :1:1: Premature end of file.
2026-03-06 11:54:01,441 [ERROR] LogOutputStream:75 - [STDERR_REDIRECT] 
2026-03-06 11:54:02,450 [ERROR] LogOutputStream:75 - [STDERR_REDIRECT] [Fatal Error] :1:1: Premature end of file.
2026-03-06 11:54:02,451 [ERROR] LogOutputStream:75 - [STDERR_REDIRECT] 
2026-03-06 11:54:03,455 [ERROR] LogOutputStream:75 - [STDERR_REDIRECT] [Fatal Error] :1:1: Premature end of file.
2026-03-06 11:54:03,455 [ERROR] LogOutputStream:75 - [STDERR_REDIRECT] 
2026-03-06 11:54:04,447 [ERROR] LogOutputStream:75 - [STDERR_REDIRECT] [Fatal Error] :1:1: Premature end of file.
2026-03-06 11:54:04,448 [ERROR] LogOutputStream:75 - [STDERR_REDIRECT] 
2026-03-06 11:54:05,441 [ERROR] LogOutputStream:75 - [STDERR_REDIRECT] [Fatal Error] :1:1: Premature end of file.
2026-03-06 11:54:05,442 [ERROR] LogOutputStream:75 - [STDERR_REDIRECT] 
2026-03-06 11:54:06,442 [ERROR] LogOutputStream:75 - [STDERR_REDIRECT] [Fatal Error] :1:1: Premature end of file.
2026-03-06 11:54:06,442 [ERROR] LogOutputStream:75 - [STDERR_REDIRECT] 
2026-03-06 11:54:07,440 [ERROR] LogOutputStream:75 - [STDERR_REDIRECT] [Fatal Error] :1:1: Premature end of file.
2026-03-06 11:54:07,441 [ERROR] LogOutputStream:75 - [STDERR_REDIRECT] 
2026-03-06 11:54:08,438 [ERROR] LogOutputStream:75 - [STDERR_REDIRECT] [Fatal Error] :1:1: Premature end of file.
2026-03-06 11:54:08,441 [ERROR] LogOutputStream:75 - [STDERR_REDIRECT] 
2026-03-06 11:54:09,449 [ERROR] LogOutputStream:75 - [STDERR_REDIRECT] [Fatal Error] :1:1: Premature end of file.
2026-03-06 11:54:09,449 [ERROR] LogOutputStream:75 - [STDERR_REDIRECT] 
2026-03-06 11:54:10,457 [ERROR] LogOutputStream:75 - [STDERR_REDIRECT] [Fatal Error] :1:1: Premature end of file.
2026-03-06 11:54:10,457 [ERROR] LogOutputStream:75 - [STDERR_REDIRECT] 
2026-03-06 11:54:11,442 [ERROR] LogOutputStream:75 - [STDERR_REDIRECT] [Fatal Error] :1:1: Premature end of file.
2026-03-06 11:54:11,442 [ERROR] LogOutputStream:75 - [STDERR_REDIRECT] 
2026-03-06 11:54:12,441 [ERROR] LogOutputStream:75 - [STDERR_REDIRECT] [Fatal Error] :1:1: Premature end of file.
2026-03-06 11:54:12,442 [ERROR] LogOutputStream:75 - [STDERR_REDIRECT] 
2026-03-06 11:54:13,449 [ERROR] LogOutputStream:75 - [STDERR_REDIRECT] [Fatal Error] :1:1: Premature end of file.
2026-03-06 11:54:13,449 [ERROR] LogOutputStream:75 - [STDERR_REDIRECT] 
2026-03-06 11:54:14,443 [ERROR] LogOutputStream:75 - [STDERR_REDIRECT] [Fatal Error] :1:1: Premature end of file.
2026-03-06 11:54:14,444 [ERROR] LogOutputStream:75 - [STDERR_REDIRECT] 
2026-03-06 11:54:15,446 [ERROR] LogOutputStream:75 - [STDERR_REDIRECT] [Fatal Error] :1:1: Premature end of file.
2026-03-06 11:54:15,446 [ERROR] LogOutputStream:75 - [STDERR_REDIRECT] 
2026-03-06 11:54:16,441 [ERROR] LogOutputStream:75 - [STDERR_REDIRECT] [Fatal Error] :1:1: Premature end of file.
2026-03-06 11:54:16,441 [ERROR] LogOutputStream:75 - [STDERR_REDIRECT] 
2026-03-06 11:54:17,454 [ERROR] LogOutputStream:75 - [STDERR_REDIRECT] [Fatal Error] :1:1: Premature end of file.
2026-03-06 11:54:17,454 [ERROR] LogOutputStream:75 - [STDERR_REDIRECT] 
2026-03-06 11:54:18,464 [ERROR] LogOutputStream:75 - [STDERR_REDIRECT] [Fatal Error] :1:1: Premature end of file.
2026-03-06 11:54:18,465 [ERROR] LogOutputStream:75 - [STDERR_REDIRECT] 
2026-03-06 11:54:19,446 [ERROR] LogOutputStream:75 - [STDERR_REDIRECT] [Fatal Error] :1:1: Premature end of file.
2026-03-06 11:54:19,446 [ERROR] LogOutputStream:75 - [STDERR_REDIRECT] 
2026-03-06 11:54:20,450 [ERROR] LogOutputStream:75 - [STDERR_REDIRECT] [Fatal Error] :1:1: Premature end of file.
2026-03-06 11:54:20,451 [ERROR] LogOutputStream:75 - [STDERR_REDIRECT] 
2026-03-06 11:54:21,461 [ERROR] LogOutputStream:75 - [STDERR_REDIRECT] [Fatal Error] :1:1: Premature end of file.
2026-03-06 11:54:21,462 [ERROR] LogOutputStream:75 - [STDERR_REDIRECT] 
2026-03-06 11:54:22,448 [ERROR] LogOutputStream:75 - [STDERR_REDIRECT] [Fatal Error] :1:1: Premature end of file.
2026-03-06 11:54:22,448 [ERROR] LogOutputStream:75 - [STDERR_REDIRECT] 
2026-03-06 11:54:23,447 [ERROR] LogOutputStream:75 - [STDERR_REDIRECT] [Fatal Error] :1:1: Premature end of file.
2026-03-06 11:54:23,447 [ERROR] LogOutputStream:75 - [STDERR_REDIRECT] 
2026-03-06 11:54:24,459 [ERROR] LogOutputStream:75 - [STDERR_REDIRECT] [Fatal Error] :1:1: Premature end of file.
2026-03-06 11:54:24,459 [ERROR] LogOutputStream:75 - [STDERR_REDIRECT] 
2026-03-06 11:54:25,457 [ERROR] LogOutputStream:75 - [STDERR_REDIRECT] [Fatal Error] :1:1: Premature end of file.
2026-03-06 11:54:25,457 [ERROR] LogOutputStream:75 - [STDERR_REDIRECT] 
2026-03-06 11:54:26,451 [ERROR] LogOutputStream:75 - [STDERR_REDIRECT] [Fatal Error] :1:1: Premature end of file.
2026-03-06 11:54:26,452 [ERROR] LogOutputStream:75 - [STDERR_REDIRECT] 
2026-03-06 11:54:27,439 [ERROR] LogOutputStream:75 - [STDERR_REDIRECT] [Fatal Error] :1:1: Premature end of file.
2026-03-06 11:54:27,441 [ERROR] LogOutputStream:75 - [STDERR_REDIRECT] 
2026-03-06 11:54:28,454 [ERROR] LogOutputStream:75 - [STDERR_REDIRECT] [Fatal Error] :1:1: Premature end of file.
2026-03-06 11:54:28,455 [ERROR] LogOutputStream:75 - [STDERR_REDIRECT] 
2026-03-06 11:54:29,456 [ERROR] LogOutputStream:75 - [STDERR_REDIRECT] [Fatal Error] :1:1: Premature end of file.
2026-03-06 11:54:29,456 [ERROR] LogOutputStream:75 - [STDERR_REDIRECT] 
2026-03-06 11:54:30,453 [ERROR] LogOutputStream:75 - [STDERR_REDIRECT] [Fatal Error] :1:1: Premature end of file.
2026-03-06 11:54:30,453 [ERROR] LogOutputStream:75 - [STDERR_REDIRECT] 
2026-03-06 11:54:31,440 [ERROR] LogOutputStream:75 - [STDERR_REDIRECT] [Fatal Error] :1:1: Premature end of file.
2026-03-06 11:54:31,441 [ERROR] LogOutputStream:75 - [STDERR_REDIRECT] 
2026-03-06 11:54:32,442 [ERROR] LogOutputStream:75 - [STDERR_REDIRECT] [Fatal Error] :1:1: Premature end of file.
2026-03-06 11:54:32,442 [ERROR] LogOutputStream:75 - [STDERR_REDIRECT] 
2026-03-06 11:54:33,457 [ERROR] LogOutputStream:75 - [STDERR_REDIRECT] [Fatal Error] :1:1: Premature end of file.
2026-03-06 11:54:33,457 [ERROR] LogOutputStream:75 - [STDERR_REDIRECT] 
2026-03-06 11:54:34,455 [ERROR] LogOutputStream:75 - [STDERR_REDIRECT] [Fatal Error] :1:1: Premature end of file.
2026-03-06 11:54:34,455 [ERROR] LogOutputStream:75 - [STDERR_REDIRECT] 
2026-03-06 11:54:35,451 [ERROR] LogOutputStream:75 - [STDERR_REDIRECT] [Fatal Error] :1:1: Premature end of file.
2026-03-06 11:54:35,451 [ERROR] LogOutputStream:75 - [STDERR_REDIRECT] 
2026-03-06 11:54:36,451 [ERROR] LogOutputStream:75 - [STDERR_REDIRECT] [Fatal Error] :1:1: Premature end of file.
2026-03-06 11:54:36,451 [ERROR] LogOutputStream:75 - [STDERR_REDIRECT] 
2026-03-06 11:54:37,468 [ERROR] LogOutputStream:75 - [STDERR_REDIRECT] [Fatal Error] :1:1: Premature end of file.
2026-03-06 11:54:37,469 [ERROR] LogOutputStream:75 - [STDERR_REDIRECT] 
2026-03-06 11:54:38,455 [ERROR] LogOutputStream:75 - [STDERR_REDIRECT] [Fatal Error] :1:1: Premature end of file.
2026-03-06 11:54:38,455 [ERROR] LogOutputStream:75 - [STDERR_REDIRECT] 
2026-03-06 11:54:39,448 [ERROR] LogOutputStream:75 - [STDERR_REDIRECT] [Fatal Error] :1:1: Premature end of file.
2026-03-06 11:54:39,449 [ERROR] LogOutputStream:75 - [STDERR_REDIRECT] 
2026-03-06 11:54:40,449 [ERROR] LogOutputStream:75 - [STDERR_REDIRECT] [Fatal Error] :1:1: Premature end of file.
2026-03-06 11:54:40,449 [ERROR] LogOutputStream:75 - [STDERR_REDIRECT] 
2026-03-06 11:54:41,455 [ERROR] LogOutputStream:75 - [STDERR_REDIRECT] [Fatal Error] :1:1: Premature end of file.
2026-03-06 11:54:41,455 [ERROR] LogOutputStream:75 - [STDERR_REDIRECT] 
2026-03-06 11:54:42,445 [ERROR] LogOutputStream:75 - [STDERR_REDIRECT] [Fatal Error] :1:1: Premature end of file.
2026-03-06 11:54:42,445 [ERROR] LogOutputStream:75 - [STDERR_REDIRECT] 
2026-03-06 11:54:43,454 [ERROR] LogOutputStream:75 - [STDERR_REDIRECT] [Fatal Error] :1:1: Premature end of file.
2026-03-06 11:54:43,454 [ERROR] LogOutputStream:75 - [STDERR_REDIRECT] 
2026-03-06 11:54:44,441 [ERROR] LogOutputStream:75 - [STDERR_REDIRECT] [Fatal Error] :1:1: Premature end of file.
2026-03-06 11:54:44,444 [ERROR] LogOutputStream:75 - [STDERR_REDIRECT] 
2026-03-06 11:54:45,447 [ERROR] LogOutputStream:75 - [STDERR_REDIRECT] [Fatal Error] :1:1: Premature end of file.
2026-03-06 11:54:45,447 [ERROR] LogOutputStream:75 - [STDERR_REDIRECT] 
2026-03-06 11:54:46,453 [ERROR] LogOutputStream:75 - [STDERR_REDIRECT] [Fatal Error] :1:1: Premature end of file.
2026-03-06 11:54:46,454 [ERROR] LogOutputStream:75 - [STDERR_REDIRECT] 
2026-03-06 11:54:47,451 [ERROR] LogOutputStream:75 - [STDERR_REDIRECT] [Fatal Error] :1:1: Premature end of file.
2026-03-06 11:54:47,451 [ERROR] LogOutputStream:75 - [STDERR_REDIRECT] 
2026-03-06 11:54:48,445 [ERROR] LogOutputStream:75 - [STDERR_REDIRECT] [Fatal Error] :1:1: Premature end of file.
2026-03-06 11:54:48,445 [ERROR] LogOutputStream:75 - [STDERR_REDIRECT] 
2026-03-06 11:54:49,452 [ERROR] LogOutputStream:75 - [STDERR_REDIRECT] [Fatal Error] :1:1: Premature end of file.
2026-03-06 11:54:49,452 [ERROR] LogOutputStream:75 - [STDERR_REDIRECT] 
2026-03-06 11:54:50,452 [ERROR] LogOutputStream:75 - [STDERR_REDIRECT] [Fatal Error] :1:1: Premature end of file.
2026-03-06 11:54:50,454 [ERROR] LogOutputStream:75 - [STDERR_REDIRECT] 
2026-03-06 11:54:51,442 [ERROR] LogOutputStream:75 - [STDERR_REDIRECT] [Fatal Error] :1:1: Premature end of file.
2026-03-06 11:54:51,442 [ERROR] LogOutputStream:75 - [STDERR_REDIRECT] 
2026-03-06 11:54:52,446 [ERROR] LogOutputStream:75 - [STDERR_REDIRECT] [Fatal Error] :1:1: Premature end of file.
2026-03-06 11:54:52,448 [ERROR] LogOutputStream:75 - [STDERR_REDIRECT] 
2026-03-06 11:54:53,463 [ERROR] LogOutputStream:75 - [STDERR_REDIRECT] [Fatal Error] :1:1: Premature end of file.
2026-03-06 11:54:53,463 [ERROR] LogOutputStream:75 - [STDERR_REDIRECT] 
2026-03-06 11:54:54,465 [ERROR] LogOutputStream:75 - [STDERR_REDIRECT] [Fatal Error] :1:1: Premature end of file.
2026-03-06 11:54:54,465 [ERROR] LogOutputStream:75 - [STDERR_REDIRECT] 
2026-03-06 11:54:55,443 [ERROR] LogOutputStream:75 - [STDERR_REDIRECT] [Fatal Error] :1:1: Premature end of file.
2026-03-06 11:54:55,443 [ERROR] LogOutputStream:75 - [STDERR_REDIRECT] 
2026-03-06 11:54:56,458 [ERROR] LogOutputStream:75 - [STDERR_REDIRECT] [Fatal Error] :1:1: Premature end of file.
2026-03-06 11:54:56,459 [ERROR] LogOutputStream:75 - [STDERR_REDIRECT] 
2026-03-06 11:54:57,448 [ERROR] LogOutputStream:75 - [STDERR_REDIRECT] [Fatal Error] :1:1: Premature end of file.
2026-03-06 11:54:57,448 [ERROR] LogOutputStream:75 - [STDERR_REDIRECT] 
2026-03-06 11:54:58,455 [ERROR] LogOutputStream:75 - [STDERR_REDIRECT] [Fatal Error] :1:1: Premature end of file.
2026-03-06 11:54:58,455 [ERROR] LogOutputStream:75 - [STDERR_REDIRECT] 
2026-03-06 11:54:59,445 [ERROR] LogOutputStream:75 - [STDERR_REDIRECT] [Fatal Error] :1:1: Premature end of file.
2026-03-06 11:54:59,445 [ERROR] LogOutputStream:75 - [STDERR_REDIRECT] 
2026-03-06 11:55:00,459 [ERROR] LogOutputStream:75 - [STDERR_REDIRECT] [Fatal Error] :1:1: Premature end of file.
2026-03-06 11:55:00,459 [ERROR] LogOutputStream:75 - [STDERR_REDIRECT] 
2026-03-06 11:55:01,462 [ERROR] LogOutputStream:75 - [STDERR_REDIRECT] [Fatal Error] :1:1: Premature end of file.
2026-03-06 11:55:01,463 [ERROR] LogOutputStream:75 - [STDERR_REDIRECT] 
2026-03-06 11:55:02,439 [ERROR] LogOutputStream:75 - [STDERR_REDIRECT] [Fatal Error] :1:1: Premature end of file.
2026-03-06 11:55:02,440 [ERROR] LogOutputStream:75 - [STDERR_REDIRECT] 
2026-03-06 11:55:03,442 [ERROR] LogOutputStream:75 - [STDERR_REDIRECT] [Fatal Error] :1:1: Premature end of file.
2026-03-06 11:55:03,444 [ERROR] LogOutputStream:75 - [STDERR_REDIRECT] 
2026-03-06 11:55:04,438 [ERROR] LogOutputStream:75 - [STDERR_REDIRECT] [Fatal Error] :1:1: Premature end of file.
2026-03-06 11:55:04,438 [ERROR] LogOutputStream:75 - [STDERR_REDIRECT] 
2026-03-06 11:55:05,438 [ERROR] LogOutputStream:75 - [STDERR_REDIRECT] [Fatal Error] :1:1: Premature end of file.
2026-03-06 11:55:05,439 [ERROR] LogOutputStream:75 - [STDERR_REDIRECT] 
2026-03-06 11:55:06,442 [ERROR] LogOutputStream:75 - [STDERR_REDIRECT] [Fatal Error] :1:1: Premature end of file.
2026-03-06 11:55:06,442 [ERROR] LogOutputStream:75 - [STDERR_REDIRECT] 
2026-03-06 11:55:07,445 [ERROR] LogOutputStream:75 - [STDERR_REDIRECT] [Fatal Error] :1:1: Premature end of file.
2026-03-06 11:55:07,445 [ERROR] LogOutputStream:75 - [STDERR_REDIRECT] 
2026-03-06 11:55:08,438 [ERROR] LogOutputStream:75 - [STDERR_REDIRECT] [Fatal Error] :1:1: Premature end of file.
2026-03-06 11:55:08,438 [ERROR] LogOutputStream:75 - [STDERR_REDIRECT] 
2026-03-06 11:55:09,439 [ERROR] LogOutputStream:75 - [STDERR_REDIRECT] [Fatal Error] :1:1: Premature end of file.
2026-03-06 11:55:09,439 [ERROR] LogOutputStream:75 - [STDERR_REDIRECT] 
2026-03-06 11:55:10,439 [ERROR] LogOutputStream:75 - [STDERR_REDIRECT] [Fatal Error] :1:1: Premature end of file.
2026-03-06 11:55:10,441 [ERROR] LogOutputStream:75 - [STDERR_REDIRECT] 
2026-03-06 11:55:11,440 [ERROR] LogOutputStream:75 - [STDERR_REDIRECT] [Fatal Error] :1:1: Premature end of file.
2026-03-06 11:55:11,440 [ERROR] LogOutputStream:75 - [STDERR_REDIRECT] 
2026-03-06 11:55:12,437 [ERROR] LogOutputStream:75 - [STDERR_REDIRECT] [Fatal Error] :1:1: Premature end of file.
2026-03-06 11:55:12,437 [ERROR] LogOutputStream:75 - [STDERR_REDIRECT] 
2026-03-06 11:55:13,443 [ERROR] LogOutputStream:75 - [STDERR_REDIRECT] [Fatal Error] :1:1: Premature end of file.
2026-03-06 11:55:13,443 [ERROR] LogOutputStream:75 - [STDERR_REDIRECT] 
2026-03-06 11:55:14,453 [ERROR] LogOutputStream:75 - [STDERR_REDIRECT] [Fatal Error] :1:1: Premature end of file.
2026-03-06 11:55:14,453 [ERROR] LogOutputStream:75 - [STDERR_REDIRECT] 
2026-03-06 11:55:15,440 [ERROR] LogOutputStream:75 - [STDERR_REDIRECT] [Fatal Error] :1:1: Premature end of file.
2026-03-06 11:55:15,440 [ERROR] LogOutputStream:75 - [STDERR_REDIRECT] 
2026-03-06 11:55:16,441 [ERROR] LogOutputStream:75 - [STDERR_REDIRECT] [Fatal Error] :1:1: Premature end of file.
2026-03-06 11:55:16,441 [ERROR] LogOutputStream:75 - [STDERR_REDIRECT] 
2026-03-06 11:55:17,441 [ERROR] LogOutputStream:75 - [STDERR_REDIRECT] [Fatal Error] :1:1: Premature end of file.
2026-03-06 11:55:17,441 [ERROR] LogOutputStream:75 - [STDERR_REDIRECT] 
2026-03-06 11:55:18,451 [ERROR] LogOutputStream:75 - [STDERR_REDIRECT] [Fatal Error] :1:1: Premature end of file.
2026-03-06 11:55:18,452 [ERROR] LogOutputStream:75 - [STDERR_REDIRECT] 
2026-03-06 11:55:19,457 [ERROR] LogOutputStream:75 - [STDERR_REDIRECT] [Fatal Error] :1:1: Premature end of file.
2026-03-06 11:55:19,457 [ERROR] LogOutputStream:75 - [STDERR_REDIRECT] 
2026-03-06 11:55:20,438 [ERROR] LogOutputStream:75 - [STDERR_REDIRECT] [Fatal Error] :1:1: Premature end of file.
2026-03-06 11:55:20,438 [ERROR] LogOutputStream:75 - [STDERR_REDIRECT] 
2026-03-06 11:55:21,445 [ERROR] LogOutputStream:75 - [STDERR_REDIRECT] [Fatal Error] :1:1: Premature end of file.
2026-03-06 11:55:21,445 [ERROR] LogOutputStream:75 - [STDERR_REDIRECT] 
2026-03-06 11:55:22,465 [ERROR] LogOutputStream:75 - [STDERR_REDIRECT] [Fatal Error] :1:1: Premature end of file.
2026-03-06 11:55:22,466 [ERROR] LogOutputStream:75 - [STDERR_REDIRECT] 
2026-03-06 11:55:23,459 [ERROR] LogOutputStream:75 - [STDERR_REDIRECT] [Fatal Error] :1:1: Premature end of file.
2026-03-06 11:55:23,459 [ERROR] LogOutputStream:75 - [STDERR_REDIRECT] 
2026-03-06 11:55:24,456 [ERROR] LogOutputStream:75 - [STDERR_REDIRECT] [Fatal Error] :1:1: Premature end of file.
2026-03-06 11:55:24,456 [ERROR] LogOutputStream:75 - [STDERR_REDIRECT] 
2026-03-06 11:55:25,441 [ERROR] LogOutputStream:75 - [STDERR_REDIRECT] [Fatal Error] :1:1: Premature end of file.
2026-03-06 11:55:25,441 [ERROR] LogOutputStream:75 - [STDERR_REDIRECT] 
2026-03-06 11:55:26,455 [ERROR] LogOutputStream:75 - [STDERR_REDIRECT] [Fatal Error] :1:1: Premature end of file.
2026-03-06 11:55:26,455 [ERROR] LogOutputStream:75 - [STDERR_REDIRECT] 
2026-03-06 11:55:27,461 [ERROR] LogOutputStream:75 - [STDERR_REDIRECT] [Fatal Error] :1:1: Premature end of file.
2026-03-06 11:55:27,461 [ERROR] LogOutputStream:75 - [STDERR_REDIRECT] 
2026-03-06 11:55:28,473 [ERROR] LogOutputStream:75 - [STDERR_REDIRECT] [Fatal Error] :1:1: Premature end of file.
2026-03-06 11:55:28,474 [ERROR] LogOutputStream:75 - [STDERR_REDIRECT] 
2026-03-06 11:55:29,447 [ERROR] LogOutputStream:75 - [STDERR_REDIRECT] [Fatal Error] :1:1: Premature end of file.
2026-03-06 11:55:29,447 [ERROR] LogOutputStream:75 - [STDERR_REDIRECT] 
2026-03-06 11:55:30,448 [ERROR] LogOutputStream:75 - [STDERR_REDIRECT] [Fatal Error] :1:1: Premature end of file.
2026-03-06 11:55:30,449 [ERROR] LogOutputStream:75 - [STDERR_REDIRECT] 
2026-03-06 11:55:31,442 [ERROR] LogOutputStream:75 - [STDERR_REDIRECT] [Fatal Error] :1:1: Premature end of file.
2026-03-06 11:55:31,442 [ERROR] LogOutputStream:75 - [STDERR_REDIRECT] 
2026-03-06 11:55:32,446 [ERROR] LogOutputStream:75 - [STDERR_REDIRECT] [Fatal Error] :1:1: Premature end of file.
2026-03-06 11:55:32,446 [ERROR] LogOutputStream:75 - [STDERR_REDIRECT] 
2026-03-06 11:55:33,445 [ERROR] LogOutputStream:75 - [STDERR_REDIRECT] [Fatal Error] :1:1: Premature end of file.
2026-03-06 11:55:33,445 [ERROR] LogOutputStream:75 - [STDERR_REDIRECT] 
2026-03-06 11:55:34,447 [ERROR] LogOutputStream:75 - [STDERR_REDIRECT] [Fatal Error] :1:1: Premature end of file.
2026-03-06 11:55:34,447 [ERROR] LogOutputStream:75 - [STDERR_REDIRECT] 
2026-03-06 11:55:35,453 [ERROR] LogOutputStream:75 - [STDERR_REDIRECT] [Fatal Error] :1:1: Premature end of file.
2026-03-06 11:55:35,453 [ERROR] LogOutputStream:75 - [STDERR_REDIRECT] 
2026-03-06 11:55:36,446 [ERROR] LogOutputStream:75 - [STDERR_REDIRECT] [Fatal Error] :1:1: Premature end of file.
2026-03-06 11:55:36,446 [ERROR] LogOutputStream:75 - [STDERR_REDIRECT] 
2026-03-06 11:55:37,458 [ERROR] LogOutputStream:75 - [STDERR_REDIRECT] [Fatal Error] :1:1: Premature end of file.
2026-03-06 11:55:37,458 [ERROR] LogOutputStream:75 - [STDERR_REDIRECT] 
2026-03-06 11:55:38,451 [ERROR] LogOutputStream:75 - [STDERR_REDIRECT] [Fatal Error] :1:1: Premature end of file.
2026-03-06 11:55:38,452 [ERROR] LogOutputStream:75 - [STDERR_REDIRECT] 
2026-03-06 11:55:39,457 [ERROR] LogOutputStream:75 - [STDERR_REDIRECT] [Fatal Error] :1:1: Premature end of file.
2026-03-06 11:55:39,457 [ERROR] LogOutputStream:75 - [STDERR_REDIRECT] 
2026-03-06 11:55:40,438 [ERROR] LogOutputStream:75 - [STDERR_REDIRECT] [Fatal Error] :1:1: Premature end of file.
2026-03-06 11:55:40,438 [ERROR] LogOutputStream:75 - [STDERR_REDIRECT] 
2026-03-06 11:55:41,459 [ERROR] LogOutputStream:75 - [STDERR_REDIRECT] [Fatal Error] :1:1: Premature end of file.
2026-03-06 11:55:41,461 [ERROR] LogOutputStream:75 - [STDERR_REDIRECT] 
2026-03-06 11:55:42,445 [ERROR] LogOutputStream:75 - [STDERR_REDIRECT] [Fatal Error] :1:1: Premature end of file.
2026-03-06 11:55:42,445 [ERROR] LogOutputStream:75 - [STDERR_REDIRECT] 
2026-03-06 11:55:43,452 [ERROR] LogOutputStream:75 - [STDERR_REDIRECT] [Fatal Error] :1:1: Premature end of file.
2026-03-06 11:55:43,452 [ERROR] LogOutputStream:75 - [STDERR_REDIRECT] 
2026-03-06 11:55:44,458 [ERROR] LogOutputStream:75 - [STDERR_REDIRECT] [Fatal Error] :1:1: Premature end of file.
2026-03-06 11:55:44,459 [ERROR] LogOutputStream:75 - [STDERR_REDIRECT] 
2026-03-06 11:55:45,458 [ERROR] LogOutputStream:75 - [STDERR_REDIRECT] [Fatal Error] :1:1: Premature end of file.
2026-03-06 11:55:45,459 [ERROR] LogOutputStream:75 - [STDERR_REDIRECT] 
2026-03-06 11:55:46,448 [ERROR] LogOutputStream:75 - [STDERR_REDIRECT] [Fatal Error] :1:1: Premature end of file.
2026-03-06 11:55:46,448 [ERROR] LogOutputStream:75 - [STDERR_REDIRECT] 
2026-03-06 11:55:47,457 [ERROR] LogOutputStream:75 - [STDERR_REDIRECT] [Fatal Error] :1:1: Premature end of file.
2026-03-06 11:55:47,457 [ERROR] LogOutputStream:75 - [STDERR_REDIRECT] 
2026-03-06 11:55:48,461 [ERROR] LogOutputStream:75 - [STDERR_REDIRECT] [Fatal Error] :1:1: Premature end of file.
2026-03-06 11:55:48,461 [ERROR] LogOutputStream:75 - [STDERR_REDIRECT] 
2026-03-06 11:55:49,438 [ERROR] LogOutputStream:75 - [STDERR_REDIRECT] [Fatal Error] :1:1: Premature end of file.
2026-03-06 11:55:49,438 [ERROR] LogOutputStream:75 - [STDERR_REDIRECT] 
2026-03-06 11:55:50,458 [ERROR] LogOutputStream:75 - [STDERR_REDIRECT] [Fatal Error] :1:1: Premature end of file.
2026-03-06 11:55:50,459 [ERROR] LogOutputStream:75 - [STDERR_REDIRECT] 
2026-03-06 11:55:51,459 [ERROR] LogOutputStream:75 - [STDERR_REDIRECT] [Fatal Error] :1:1: Premature end of file.
2026-03-06 11:55:51,460 [ERROR] LogOutputStream:75 - [STDERR_REDIRECT] 
2026-03-06 11:55:52,452 [ERROR] LogOutputStream:75 - [STDERR_REDIRECT] [Fatal Error] :1:1: Premature end of file.
2026-03-06 11:55:52,454 [ERROR] LogOutputStream:75 - [STDERR_REDIRECT] 
2026-03-06 11:55:53,450 [ERROR] LogOutputStream:75 - [STDERR_REDIRECT] [Fatal Error] :1:1: Premature end of file.
2026-03-06 11:55:53,450 [ERROR] LogOutputStream:75 - [STDERR_REDIRECT] 
2026-03-06 11:55:54,439 [ERROR] LogOutputStream:75 - [STDERR_REDIRECT] [Fatal Error] :1:1: Premature end of file.
2026-03-06 11:55:54,440 [ERROR] LogOutputStream:75 - [STDERR_REDIRECT] 
2026-03-06 11:55:55,456 [ERROR] LogOutputStream:75 - [STDERR_REDIRECT] [Fatal Error] :1:1: Premature end of file.
2026-03-06 11:55:55,456 [ERROR] LogOutputStream:75 - [STDERR_REDIRECT] 
2026-03-06 11:55:56,447 [ERROR] LogOutputStream:75 - [STDERR_REDIRECT] [Fatal Error] :1:1: Premature end of file.
2026-03-06 11:55:56,447 [ERROR] LogOutputStream:75 - [STDERR_REDIRECT] 
2026-03-06 11:55:57,451 [ERROR] LogOutputStream:75 - [STDERR_REDIRECT] [Fatal Error] :1:1: Premature end of file.
2026-03-06 11:55:57,451 [ERROR] LogOutputStream:75 - [STDERR_REDIRECT] 
2026-03-06 11:55:58,438 [ERROR] LogOutputStream:75 - [STDERR_REDIRECT] [Fatal Error] :1:1: Premature end of file.
2026-03-06 11:55:58,438 [ERROR] LogOutputStream:75 - [STDERR_REDIRECT] 
2026-03-06 11:55:59,447 [ERROR] LogOutputStream:75 - [STDERR_REDIRECT] [Fatal Error] :1:1: Premature end of file.
2026-03-06 11:55:59,447 [ERROR] LogOutputStream:75 - [STDERR_REDIRECT] 
2026-03-06 11:56:00,453 [ERROR] LogOutputStream:75 - [STDERR_REDIRECT] [Fatal Error] :1:1: Premature end of file.
2026-03-06 11:56:00,453 [ERROR] LogOutputStream:75 - [STDERR_REDIRECT] 
2026-03-06 11:56:01,446 [ERROR] LogOutputStream:75 - [STDERR_REDIRECT] [Fatal Error] :1:1: Premature end of file.
2026-03-06 11:56:01,446 [ERROR] LogOutputStream:75 - [STDERR_REDIRECT] 
2026-03-06 11:56:02,444 [ERROR] LogOutputStream:75 - [STDERR_REDIRECT] [Fatal Error] :1:1: Premature end of file.
2026-03-06 11:56:02,445 [ERROR] LogOutputStream:75 - [STDERR_REDIRECT] 
2026-03-06 11:56:03,453 [ERROR] LogOutputStream:75 - [STDERR_REDIRECT] [Fatal Error] :1:1: Premature end of file.
2026-03-06 11:56:03,453 [ERROR] LogOutputStream:75 - [STDERR_REDIRECT] 
2026-03-06 11:56:04,441 [ERROR] LogOutputStream:75 - [STDERR_REDIRECT] [Fatal Error] :1:1: Premature end of file.
2026-03-06 11:56:04,441 [ERROR] LogOutputStream:75 - [STDERR_REDIRECT] 
2026-03-06 11:56:05,446 [ERROR] LogOutputStream:75 - [STDERR_REDIRECT] [Fatal Error] :1:1: Premature end of file.
2026-03-06 11:56:05,446 [ERROR] LogOutputStream:75 - [STDERR_REDIRECT] 
2026-03-06 11:56:06,452 [ERROR] LogOutputStream:75 - [STDERR_REDIRECT] [Fatal Error] :1:1: Premature end of file.
2026-03-06 11:56:06,452 [ERROR] LogOutputStream:75 - [STDERR_REDIRECT] 
2026-03-06 11:56:07,454 [ERROR] LogOutputStream:75 - [STDERR_REDIRECT] [Fatal Error] :1:1: Premature end of file.
2026-03-06 11:56:07,454 [ERROR] LogOutputStream:75 - [STDERR_REDIRECT] 
2026-03-06 11:56:08,443 [ERROR] LogOutputStream:75 - [STDERR_REDIRECT] [Fatal Error] :1:1: Premature end of file.
2026-03-06 11:56:08,443 [ERROR] LogOutputStream:75 - [STDERR_REDIRECT] 
2026-03-06 11:56:09,446 [ERROR] LogOutputStream:75 - [STDERR_REDIRECT] [Fatal Error] :1:1: Premature end of file.
2026-03-06 11:56:09,447 [ERROR] LogOutputStream:75 - [STDERR_REDIRECT] 
2026-03-06 11:56:10,450 [ERROR] LogOutputStream:75 - [STDERR_REDIRECT] [Fatal Error] :1:1: Premature end of file.
2026-03-06 11:56:10,450 [ERROR] LogOutputStream:75 - [STDERR_REDIRECT] 
2026-03-06 11:56:11,446 [ERROR] LogOutputStream:75 - [STDERR_REDIRECT] [Fatal Error] :1:1: Premature end of file.
2026-03-06 11:56:11,446 [ERROR] LogOutputStream:75 - [STDERR_REDIRECT] 
2026-03-06 11:56:12,448 [ERROR] LogOutputStream:75 - [STDERR_REDIRECT] [Fatal Error] :1:1: Premature end of file.
2026-03-06 11:56:12,448 [ERROR] LogOutputStream:75 - [STDERR_REDIRECT] 
2026-03-06 11:56:13,444 [ERROR] LogOutputStream:75 - [STDERR_REDIRECT] [Fatal Error] :1:1: Premature end of file.
2026-03-06 11:56:13,444 [ERROR] LogOutputStream:75 - [STDERR_REDIRECT] 
2026-03-06 11:56:14,448 [ERROR] LogOutputStream:75 - [STDERR_REDIRECT] [Fatal Error] :1:1: Premature end of file.
2026-03-06 11:56:14,448 [ERROR] LogOutputStream:75 - [STDERR_REDIRECT] 
2026-03-06 11:56:15,442 [ERROR] LogOutputStream:75 - [STDERR_REDIRECT] [Fatal Error] :1:1: Premature end of file.
2026-03-06 11:56:15,442 [ERROR] LogOutputStream:75 - [STDERR_REDIRECT] 
2026-03-06 11:56:16,441 [ERROR] LogOutputStream:75 - [STDERR_REDIRECT] [Fatal Error] :1:1: Premature end of file.
2026-03-06 11:56:16,441 [ERROR] LogOutputStream:75 - [STDERR_REDIRECT] 
2026-03-06 11:56:17,454 [ERROR] LogOutputStream:75 - [STDERR_REDIRECT] [Fatal Error] :1:1: Premature end of file.
2026-03-06 11:56:17,455 [ERROR] LogOutputStream:75 - [STDERR_REDIRECT] 
2026-03-06 11:56:18,440 [ERROR] LogOutputStream:75 - [STDERR_REDIRECT] [Fatal Error] :1:1: Premature end of file.
2026-03-06 11:56:18,440 [ERROR] LogOutputStream:75 - [STDERR_REDIRECT] 
2026-03-06 11:56:19,451 [ERROR] LogOutputStream:75 - [STDERR_REDIRECT] [Fatal Error] :1:1: Premature end of file.
2026-03-06 11:56:19,452 [ERROR] LogOutputStream:75 - [STDERR_REDIRECT] 
2026-03-06 11:56:20,446 [ERROR] LogOutputStream:75 - [STDERR_REDIRECT] [Fatal Error] :1:1: Premature end of file.
2026-03-06 11:56:20,446 [ERROR] LogOutputStream:75 - [STDERR_REDIRECT] 
2026-03-06 11:56:21,438 [ERROR] LogOutputStream:75 - [STDERR_REDIRECT] [Fatal Error] :1:1: Premature end of file.
2026-03-06 11:56:21,438 [ERROR] LogOutputStream:75 - [STDERR_REDIRECT] 
2026-03-06 11:56:22,451 [ERROR] LogOutputStream:75 - [STDERR_REDIRECT] [Fatal Error] :1:1: Premature end of file.
2026-03-06 11:56:22,451 [ERROR] LogOutputStream:75 - [STDERR_REDIRECT] 
2026-03-06 11:56:23,453 [ERROR] LogOutputStream:75 - [STDERR_REDIRECT] [Fatal Error] :1:1: Premature end of file.
2026-03-06 11:56:23,453 [ERROR] LogOutputStream:75 - [STDERR_REDIRECT] 
2026-03-06 11:56:24,445 [ERROR] LogOutputStream:75 - [STDERR_REDIRECT] [Fatal Error] :1:1: Premature end of file.
2026-03-06 11:56:24,445 [ERROR] LogOutputStream:75 - [STDERR_REDIRECT] 
2026-03-06 11:56:25,451 [ERROR] LogOutputStream:75 - [STDERR_REDIRECT] [Fatal Error] :1:1: Premature end of file.
2026-03-06 11:56:25,451 [ERROR] LogOutputStream:75 - [STDERR_REDIRECT] 
2026-03-06 11:56:26,440 [ERROR] LogOutputStream:75 - [STDERR_REDIRECT] [Fatal Error] :1:1: Premature end of file.
2026-03-06 11:56:26,440 [ERROR] LogOutputStream:75 - [STDERR_REDIRECT] 
2026-03-06 11:56:27,441 [ERROR] LogOutputStream:75 - [STDERR_REDIRECT] [Fatal Error] :1:1: Premature end of file.
2026-03-06 11:56:27,442 [ERROR] LogOutputStream:75 - [STDERR_REDIRECT] 
2026-03-06 11:56:28,442 [ERROR] LogOutputStream:75 - [STDERR_REDIRECT] [Fatal Error] :1:1: Premature end of file.
2026-03-06 11:56:28,442 [ERROR] LogOutputStream:75 - [STDERR_REDIRECT] 
2026-03-06 11:56:29,443 [ERROR] LogOutputStream:75 - [STDERR_REDIRECT] [Fatal Error] :1:1: Premature end of file.
2026-03-06 11:56:29,445 [ERROR] LogOutputStream:75 - [STDERR_REDIRECT] 
2026-03-06 11:56:30,446 [ERROR] LogOutputStream:75 - [STDERR_REDIRECT] [Fatal Error] :1:1: Premature end of file.
2026-03-06 11:56:30,446 [ERROR] LogOutputStream:75 - [STDERR_REDIRECT] 
2026-03-06 11:56:31,445 [ERROR] LogOutputStream:75 - [STDERR_REDIRECT] [Fatal Error] :1:1: Premature end of file.
2026-03-06 11:56:31,445 [ERROR] LogOutputStream:75 - [STDERR_REDIRECT] 
2026-03-06 11:56:32,447 [ERROR] LogOutputStream:75 - [STDERR_REDIRECT] [Fatal Error] :1:1: Premature end of file.
2026-03-06 11:56:32,447 [ERROR] LogOutputStream:75 - [STDERR_REDIRECT] 
2026-03-06 11:56:33,440 [ERROR] LogOutputStream:75 - [STDERR_REDIRECT] [Fatal Error] :1:1: Premature end of file.
2026-03-06 11:56:33,440 [ERROR] LogOutputStream:75 - [STDERR_REDIRECT] 
2026-03-06 11:56:34,441 [ERROR] LogOutputStream:75 - [STDERR_REDIRECT] [Fatal Error] :1:1: Premature end of file.
2026-03-06 11:56:34,441 [ERROR] LogOutputStream:75 - [STDERR_REDIRECT] 
2026-03-06 11:56:35,448 [ERROR] LogOutputStream:75 - [STDERR_REDIRECT] [Fatal Error] :1:1: Premature end of file.
2026-03-06 11:56:35,450 [ERROR] LogOutputStream:75 - [STDERR_REDIRECT] 
2026-03-06 11:56:36,448 [ERROR] LogOutputStream:75 - [STDERR_REDIRECT] [Fatal Error] :1:1: Premature end of file.
2026-03-06 11:56:36,448 [ERROR] LogOutputStream:75 - [STDERR_REDIRECT] 
2026-03-06 11:56:37,440 [ERROR] LogOutputStream:75 - [STDERR_REDIRECT] [Fatal Error] :1:1: Premature end of file.
2026-03-06 11:56:37,440 [ERROR] LogOutputStream:75 - [STDERR_REDIRECT] 
2026-03-06 11:56:38,440 [ERROR] LogOutputStream:75 - [STDERR_REDIRECT] [Fatal Error] :1:1: Premature end of file.
2026-03-06 11:56:38,440 [ERROR] LogOutputStream:75 - [STDERR_REDIRECT] 
2026-03-06 11:56:39,443 [ERROR] LogOutputStream:75 - [STDERR_REDIRECT] [Fatal Error] :1:1: Premature end of file.
2026-03-06 11:56:39,444 [ERROR] LogOutputStream:75 - [STDERR_REDIRECT] 
2026-03-06 11:56:40,454 [ERROR] LogOutputStream:75 - [STDERR_REDIRECT] [Fatal Error] :1:1: Premature end of file.
2026-03-06 11:56:40,454 [ERROR] LogOutputStream:75 - [STDERR_REDIRECT] 
2026-03-06 11:56:41,444 [ERROR] LogOutputStream:75 - [STDERR_REDIRECT] [Fatal Error] :1:1: Premature end of file.
2026-03-06 11:56:41,444 [ERROR] LogOutputStream:75 - [STDERR_REDIRECT] 
2026-03-06 11:56:42,447 [ERROR] LogOutputStream:75 - [STDERR_REDIRECT] [Fatal Error] :1:1: Premature end of file.
2026-03-06 11:56:42,448 [ERROR] LogOutputStream:75 - [STDERR_REDIRECT] 
2026-03-06 11:56:43,439 [ERROR] LogOutputStream:75 - [STDERR_REDIRECT] [Fatal Error] :1:1: Premature end of file.
2026-03-06 11:56:43,440 [ERROR] LogOutputStream:75 - [STDERR_REDIRECT] 
2026-03-06 11:56:44,441 [ERROR] LogOutputStream:75 - [STDERR_REDIRECT] [Fatal Error] :1:1: Premature end of file.
2026-03-06 11:56:44,442 [ERROR] LogOutputStream:75 - [STDERR_REDIRECT] 
2026-03-06 11:56:45,444 [ERROR] LogOutputStream:75 - [STDERR_REDIRECT] [Fatal Error] :1:1: Premature end of file.
2026-03-06 11:56:45,444 [ERROR] LogOutputStream:75 - [STDERR_REDIRECT] 
2026-03-06 11:56:46,442 [ERROR] LogOutputStream:75 - [STDERR_REDIRECT] [Fatal Error] :1:1: Premature end of file.
2026-03-06 11:56:46,442 [ERROR] LogOutputStream:75 - [STDERR_REDIRECT] 
2026-03-06 11:56:47,441 [ERROR] LogOutputStream:75 - [STDERR_REDIRECT] [Fatal Error] :1:1: Premature end of file.
2026-03-06 11:56:47,441 [ERROR] LogOutputStream:75 - [STDERR_REDIRECT] 
2026-03-06 11:56:48,446 [ERROR] LogOutputStream:75 - [STDERR_REDIRECT] [Fatal Error] :1:1: Premature end of file.
2026-03-06 11:56:48,446 [ERROR] LogOutputStream:75 - [STDERR_REDIRECT] 
2026-03-06 11:56:49,453 [ERROR] LogOutputStream:75 - [STDERR_REDIRECT] [Fatal Error] :1:1: Premature end of file.
2026-03-06 11:56:49,454 [ERROR] LogOutputStream:75 - [STDERR_REDIRECT] 
2026-03-06 11:56:50,454 [ERROR] LogOutputStream:75 - [STDERR_REDIRECT] [Fatal Error] :1:1: Premature end of file.
2026-03-06 11:56:50,455 [ERROR] LogOutputStream:75 - [STDERR_REDIRECT] 
2026-03-06 11:56:51,443 [ERROR] LogOutputStream:75 - [STDERR_REDIRECT] [Fatal Error] :1:1: Premature end of file.
2026-03-06 11:56:51,443 [ERROR] LogOutputStream:75 - [STDERR_REDIRECT] 
2026-03-06 11:56:52,449 [ERROR] LogOutputStream:75 - [STDERR_REDIRECT] [Fatal Error] :1:1: Premature end of file.
2026-03-06 11:56:52,449 [ERROR] LogOutputStream:75 - [STDERR_REDIRECT] 
2026-03-06 11:56:53,438 [ERROR] LogOutputStream:75 - [STDERR_REDIRECT] [Fatal Error] :1:1: Premature end of file.
2026-03-06 11:56:53,438 [ERROR] LogOutputStream:75 - [STDERR_REDIRECT] 
2026-03-06 11:56:54,443 [ERROR] LogOutputStream:75 - [STDERR_REDIRECT] [Fatal Error] :1:1: Premature end of file.
2026-03-06 11:56:54,443 [ERROR] LogOutputStream:75 - [STDERR_REDIRECT] 
2026-03-06 11:56:55,447 [ERROR] LogOutputStream:75 - [STDERR_REDIRECT] [Fatal Error] :1:1: Premature end of file.
2026-03-06 11:56:55,447 [ERROR] LogOutputStream:75 - [STDERR_REDIRECT] 
2026-03-06 11:56:56,446 [ERROR] LogOutputStream:75 - [STDERR_REDIRECT] [Fatal Error] :1:1: Premature end of file.
2026-03-06 11:56:56,446 [ERROR] LogOutputStream:75 - [STDERR_REDIRECT] 
2026-03-06 11:56:57,439 [ERROR] LogOutputStream:75 - [STDERR_REDIRECT] [Fatal Error] :1:1: Premature end of file.
2026-03-06 11:56:57,439 [ERROR] LogOutputStream:75 - [STDERR_REDIRECT] 
2026-03-06 11:56:58,447 [ERROR] LogOutputStream:75 - [STDERR_REDIRECT] [Fatal Error] :1:1: Premature end of file.
2026-03-06 11:56:58,447 [ERROR] LogOutputStream:75 - [STDERR_REDIRECT] 
2026-03-06 11:56:59,448 [ERROR] LogOutputStream:75 - [STDERR_REDIRECT] [Fatal Error] :1:1: Premature end of file.
2026-03-06 11:56:59,448 [ERROR] LogOutputStream:75 - [STDERR_REDIRECT] 
2026-03-06 11:57:00,448 [ERROR] LogOutputStream:75 - [STDERR_REDIRECT] [Fatal Error] :1:1: Premature end of file.
2026-03-06 11:57:00,448 [ERROR] LogOutputStream:75 - [STDERR_REDIRECT] 
2026-03-06 11:57:01,446 [ERROR] LogOutputStream:75 - [STDERR_REDIRECT] [Fatal Error] :1:1: Premature end of file.
2026-03-06 11:57:01,446 [ERROR] LogOutputStream:75 - [STDERR_REDIRECT] 
2026-03-06 11:57:02,449 [ERROR] LogOutputStream:75 - [STDERR_REDIRECT] [Fatal Error] :1:1: Premature end of file.
2026-03-06 11:57:02,450 [ERROR] LogOutputStream:75 - [STDERR_REDIRECT] 
2026-03-06 11:57:03,437 [ERROR] LogOutputStream:75 - [STDERR_REDIRECT] [Fatal Error] :1:1: Premature end of file.
2026-03-06 11:57:03,439 [ERROR] LogOutputStream:75 - [STDERR_REDIRECT] 
2026-03-06 11:57:04,442 [ERROR] LogOutputStream:75 - [STDERR_REDIRECT] [Fatal Error] :1:1: Premature end of file.
2026-03-06 11:57:04,442 [ERROR] LogOutputStream:75 - [STDERR_REDIRECT] 
2026-03-06 11:57:05,446 [ERROR] LogOutputStream:75 - [STDERR_REDIRECT] [Fatal Error] :1:1: Premature end of file.
2026-03-06 11:57:05,446 [ERROR] LogOutputStream:75 - [STDERR_REDIRECT] 
2026-03-06 11:57:06,449 [ERROR] LogOutputStream:75 - [STDERR_REDIRECT] [Fatal Error] :1:1: Premature end of file.
2026-03-06 11:57:06,449 [ERROR] LogOutputStream:75 - [STDERR_REDIRECT] 
2026-03-06 11:57:07,450 [ERROR] LogOutputStream:75 - [STDERR_REDIRECT] [Fatal Error] :1:1: Premature end of file.
2026-03-06 11:57:07,451 [ERROR] LogOutputStream:75 - [STDERR_REDIRECT] 
2026-03-06 11:57:08,454 [ERROR] LogOutputStream:75 - [STDERR_REDIRECT] [Fatal Error] :1:1: Premature end of file.
2026-03-06 11:57:08,454 [ERROR] LogOutputStream:75 - [STDERR_REDIRECT] 
2026-03-06 11:57:09,442 [ERROR] LogOutputStream:75 - [STDERR_REDIRECT] [Fatal Error] :1:1: Premature end of file.
2026-03-06 11:57:09,442 [ERROR] LogOutputStream:75 - [STDERR_REDIRECT] 
2026-03-06 11:57:10,448 [ERROR] LogOutputStream:75 - [STDERR_REDIRECT] [Fatal Error] :1:1: Premature end of file.
2026-03-06 11:57:10,448 [ERROR] LogOutputStream:75 - [STDERR_REDIRECT] 
2026-03-06 11:57:11,451 [ERROR] LogOutputStream:75 - [STDERR_REDIRECT] [Fatal Error] :1:1: Premature end of file.
2026-03-06 11:57:11,451 [ERROR] LogOutputStream:75 - [STDERR_REDIRECT] 
2026-03-06 11:57:12,438 [ERROR] LogOutputStream:75 - [STDERR_REDIRECT] [Fatal Error] :1:1: Premature end of file.
2026-03-06 11:57:12,438 [ERROR] LogOutputStream:75 - [STDERR_REDIRECT] 
2026-03-06 11:57:13,446 [ERROR] LogOutputStream:75 - [STDERR_REDIRECT] [Fatal Error] :1:1: Premature end of file.
2026-03-06 11:57:13,448 [ERROR] LogOutputStream:75 - [STDERR_REDIRECT] 
2026-03-06 11:57:14,446 [ERROR] LogOutputStream:75 - [STDERR_REDIRECT] [Fatal Error] :1:1: Premature end of file.
2026-03-06 11:57:14,447 [ERROR] LogOutputStream:75 - [STDERR_REDIRECT] 
2026-03-06 11:57:15,453 [ERROR] LogOutputStream:75 - [STDERR_REDIRECT] [Fatal Error] :1:1: Premature end of file.
2026-03-06 11:57:15,453 [ERROR] LogOutputStream:75 - [STDERR_REDIRECT] 
2026-03-06 11:57:16,442 [ERROR] LogOutputStream:75 - [STDERR_REDIRECT] [Fatal Error] :1:1: Premature end of file.
2026-03-06 11:57:16,443 [ERROR] LogOutputStream:75 - [STDERR_REDIRECT] 
2026-03-06 11:57:17,446 [ERROR] LogOutputStream:75 - [STDERR_REDIRECT] [Fatal Error] :1:1: Premature end of file.
2026-03-06 11:57:17,446 [ERROR] LogOutputStream:75 - [STDERR_REDIRECT] 
2026-03-06 11:57:18,451 [ERROR] LogOutputStream:75 - [STDERR_REDIRECT] [Fatal Error] :1:1: Premature end of file.
2026-03-06 11:57:18,451 [ERROR] LogOutputStream:75 - [STDERR_REDIRECT] 
2026-03-06 11:57:19,445 [ERROR] LogOutputStream:75 - [STDERR_REDIRECT] [Fatal Error] :1:1: Premature end of file.
2026-03-06 11:57:19,445 [ERROR] LogOutputStream:75 - [STDERR_REDIRECT] 
2026-03-06 11:57:20,448 [ERROR] LogOutputStream:75 - [STDERR_REDIRECT] [Fatal Error] :1:1: Premature end of file.
2026-03-06 11:57:20,449 [ERROR] LogOutputStream:75 - [STDERR_REDIRECT] 
2026-03-06 11:57:21,440 [ERROR] LogOutputStream:75 - [STDERR_REDIRECT] [Fatal Error] :1:1: Premature end of file.
2026-03-06 11:57:21,440 [ERROR] LogOutputStream:75 - [STDERR_REDIRECT] 
2026-03-06 11:57:22,446 [ERROR] LogOutputStream:75 - [STDERR_REDIRECT] [Fatal Error] :1:1: Premature end of file.
2026-03-06 11:57:22,446 [ERROR] LogOutputStream:75 - [STDERR_REDIRECT] 
2026-03-06 11:57:23,445 [ERROR] LogOutputStream:75 - [STDERR_REDIRECT] [Fatal Error] :1:1: Premature end of file.
2026-03-06 11:57:23,446 [ERROR] LogOutputStream:75 - [STDERR_REDIRECT] 
2026-03-06 11:57:24,444 [ERROR] LogOutputStream:75 - [STDERR_REDIRECT] [Fatal Error] :1:1: Premature end of file.
2026-03-06 11:57:24,445 [ERROR] LogOutputStream:75 - [STDERR_REDIRECT] 
2026-03-06 11:57:25,446 [ERROR] LogOutputStream:75 - [STDERR_REDIRECT] [Fatal Error] :1:1: Premature end of file.
2026-03-06 11:57:25,446 [ERROR] LogOutputStream:75 - [STDERR_REDIRECT] 
2026-03-06 11:57:26,450 [ERROR] LogOutputStream:75 - [STDERR_REDIRECT] [Fatal Error] :1:1: Premature end of file.
2026-03-06 11:57:26,451 [ERROR] LogOutputStream:75 - [STDERR_REDIRECT] 
2026-03-06 11:57:27,440 [ERROR] LogOutputStream:75 - [STDERR_REDIRECT] [Fatal Error] :1:1: Premature end of file.
2026-03-06 11:57:27,440 [ERROR] LogOutputStream:75 - [STDERR_REDIRECT] 
2026-03-06 11:57:28,438 [ERROR] LogOutputStream:75 - [STDERR_REDIRECT] [Fatal Error] :1:1: Premature end of file.
2026-03-06 11:57:28,441 [ERROR] LogOutputStream:75 - [STDERR_REDIRECT] 
2026-03-06 11:57:29,447 [ERROR] LogOutputStream:75 - [STDERR_REDIRECT] [Fatal Error] :1:1: Premature end of file.
2026-03-06 11:57:29,447 [ERROR] LogOutputStream:75 - [STDERR_REDIRECT] 
2026-03-06 11:57:30,450 [ERROR] LogOutputStream:75 - [STDERR_REDIRECT] [Fatal Error] :1:1: Premature end of file.
2026-03-06 11:57:30,451 [ERROR] LogOutputStream:75 - [STDERR_REDIRECT] 
2026-03-06 11:57:31,440 [ERROR] LogOutputStream:75 - [STDERR_REDIRECT] [Fatal Error] :1:1: Premature end of file.
2026-03-06 11:57:31,441 [ERROR] LogOutputStream:75 - [STDERR_REDIRECT] 
2026-03-06 11:57:32,443 [ERROR] LogOutputStream:75 - [STDERR_REDIRECT] [Fatal Error] :1:1: Premature end of file.
2026-03-06 11:57:32,444 [ERROR] LogOutputStream:75 - [STDERR_REDIRECT] 
2026-03-06 11:57:33,447 [ERROR] LogOutputStream:75 - [STDERR_REDIRECT] [Fatal Error] :1:1: Premature end of file.
2026-03-06 11:57:33,447 [ERROR] LogOutputStream:75 - [STDERR_REDIRECT] 
2026-03-06 11:57:34,451 [ERROR] LogOutputStream:75 - [STDERR_REDIRECT] [Fatal Error] :1:1: Premature end of file.
2026-03-06 11:57:34,451 [ERROR] LogOutputStream:75 - [STDERR_REDIRECT] 
2026-03-06 11:57:35,453 [ERROR] LogOutputStream:75 - [STDERR_REDIRECT] [Fatal Error] :1:1: Premature end of file.
2026-03-06 11:57:35,453 [ERROR] LogOutputStream:75 - [STDERR_REDIRECT] 
2026-03-06 11:57:36,438 [ERROR] LogOutputStream:75 - [STDERR_REDIRECT] [Fatal Error] :1:1: Premature end of file.
2026-03-06 11:57:36,438 [ERROR] LogOutputStream:75 - [STDERR_REDIRECT] 
2026-03-06 11:57:37,446 [ERROR] LogOutputStream:75 - [STDERR_REDIRECT] [Fatal Error] :1:1: Premature end of file.
2026-03-06 11:57:37,446 [ERROR] LogOutputStream:75 - [STDERR_REDIRECT] 
2026-03-06 11:57:38,450 [ERROR] LogOutputStream:75 - [STDERR_REDIRECT] [Fatal Error] :1:1: Premature end of file.
2026-03-06 11:57:38,452 [ERROR] LogOutputStream:75 - [STDERR_REDIRECT] 
2026-03-06 11:57:39,439 [ERROR] LogOutputStream:75 - [STDERR_REDIRECT] [Fatal Error] :1:1: Premature end of file.
2026-03-06 11:57:39,439 [ERROR] LogOutputStream:75 - [STDERR_REDIRECT] 
2026-03-06 11:57:40,445 [ERROR] LogOutputStream:75 - [STDERR_REDIRECT] [Fatal Error] :1:1: Premature end of file.
2026-03-06 11:57:40,446 [ERROR] LogOutputStream:75 - [STDERR_REDIRECT] 
2026-03-06 11:57:41,450 [ERROR] LogOutputStream:75 - [STDERR_REDIRECT] [Fatal Error] :1:1: Premature end of file.
2026-03-06 11:57:41,451 [ERROR] LogOutputStream:75 - [STDERR_REDIRECT] 
2026-03-06 11:57:42,452 [ERROR] LogOutputStream:75 - [STDERR_REDIRECT] [Fatal Error] :1:1: Premature end of file.
2026-03-06 11:57:42,453 [ERROR] LogOutputStream:75 - [STDERR_REDIRECT] 
2026-03-06 11:57:43,445 [ERROR] LogOutputStream:75 - [STDERR_REDIRECT] [Fatal Error] :1:1: Premature end of file.
2026-03-06 11:57:43,446 [ERROR] LogOutputStream:75 - [STDERR_REDIRECT] 
2026-03-06 11:57:44,447 [ERROR] LogOutputStream:75 - [STDERR_REDIRECT] [Fatal Error] :1:1: Premature end of file.
2026-03-06 11:57:44,447 [ERROR] LogOutputStream:75 - [STDERR_REDIRECT] 
2026-03-06 11:57:45,447 [ERROR] LogOutputStream:75 - [STDERR_REDIRECT] [Fatal Error] :1:1: Premature end of file.
2026-03-06 11:57:45,449 [ERROR] LogOutputStream:75 - [STDERR_REDIRECT] 
2026-03-06 11:57:46,457 [ERROR] LogOutputStream:75 - [STDERR_REDIRECT] [Fatal Error] :1:1: Premature end of file.
2026-03-06 11:57:46,457 [ERROR] LogOutputStream:75 - [STDERR_REDIRECT] 
2026-03-06 11:57:47,443 [ERROR] LogOutputStream:75 - [STDERR_REDIRECT] [Fatal Error] :1:1: Premature end of file.
2026-03-06 11:57:47,445 [ERROR] LogOutputStream:75 - [STDERR_REDIRECT] 
2026-03-06 11:57:48,447 [ERROR] LogOutputStream:75 - [STDERR_REDIRECT] [Fatal Error] :1:1: Premature end of file.
2026-03-06 11:57:48,447 [ERROR] LogOutputStream:75 - [STDERR_REDIRECT] 
2026-03-06 11:57:49,453 [ERROR] LogOutputStream:75 - [STDERR_REDIRECT] [Fatal Error] :1:1: Premature end of file.
2026-03-06 11:57:49,454 [ERROR] LogOutputStream:75 - [STDERR_REDIRECT] 
2026-03-06 11:57:50,438 [ERROR] LogOutputStream:75 - [STDERR_REDIRECT] [Fatal Error] :1:1: Premature end of file.
2026-03-06 11:57:50,438 [ERROR] LogOutputStream:75 - [STDERR_REDIRECT] 
2026-03-06 11:57:51,443 [ERROR] LogOutputStream:75 - [STDERR_REDIRECT] [Fatal Error] :1:1: Premature end of file.
2026-03-06 11:57:51,446 [ERROR] LogOutputStream:75 - [STDERR_REDIRECT] 
2026-03-06 11:57:52,447 [ERROR] LogOutputStream:75 - [STDERR_REDIRECT] [Fatal Error] :1:1: Premature end of file.
2026-03-06 11:57:52,449 [ERROR] LogOutputStream:75 - [STDERR_REDIRECT] 
2026-03-06 11:57:53,442 [ERROR] LogOutputStream:75 - [STDERR_REDIRECT] [Fatal Error] :1:1: Premature end of file.
2026-03-06 11:57:53,442 [ERROR] LogOutputStream:75 - [STDERR_REDIRECT] 
2026-03-06 11:57:54,445 [ERROR] LogOutputStream:75 - [STDERR_REDIRECT] [Fatal Error] :1:1: Premature end of file.
2026-03-06 11:57:54,445 [ERROR] LogOutputStream:75 - [STDERR_REDIRECT] 
2026-03-06 11:57:55,448 [ERROR] LogOutputStream:75 - [STDERR_REDIRECT] [Fatal Error] :1:1: Premature end of file.
2026-03-06 11:57:55,448 [ERROR] LogOutputStream:75 - [STDERR_REDIRECT] 
2026-03-06 11:57:56,450 [ERROR] LogOutputStream:75 - [STDERR_REDIRECT] [Fatal Error] :1:1: Premature end of file.
2026-03-06 11:57:56,450 [ERROR] LogOutputStream:75 - [STDERR_REDIRECT] 
2026-03-06 11:57:57,452 [ERROR] LogOutputStream:75 - [STDERR_REDIRECT] [Fatal Error] :1:1: Premature end of file.
2026-03-06 11:57:57,453 [ERROR] LogOutputStream:75 - [STDERR_REDIRECT] 
2026-03-06 11:57:58,445 [ERROR] LogOutputStream:75 - [STDERR_REDIRECT] [Fatal Error] :1:1: Premature end of file.
2026-03-06 11:57:58,445 [ERROR] LogOutputStream:75 - [STDERR_REDIRECT] 
2026-03-06 11:57:59,446 [ERROR] LogOutputStream:75 - [STDERR_REDIRECT] [Fatal Error] :1:1: Premature end of file.
2026-03-06 11:57:59,446 [ERROR] LogOutputStream:75 - [STDERR_REDIRECT] 
2026-03-06 11:58:00,448 [ERROR] LogOutputStream:75 - [STDERR_REDIRECT] [Fatal Error] :1:1: Premature end of file.
2026-03-06 11:58:00,449 [ERROR] LogOutputStream:75 - [STDERR_REDIRECT] 
2026-03-06 11:58:01,452 [ERROR] LogOutputStream:75 - [STDERR_REDIRECT] [Fatal Error] :1:1: Premature end of file.
2026-03-06 11:58:01,452 [ERROR] LogOutputStream:75 - [STDERR_REDIRECT] 
2026-03-06 11:58:02,441 [ERROR] LogOutputStream:75 - [STDERR_REDIRECT] [Fatal Error] :1:1: Premature end of file.
2026-03-06 11:58:02,441 [ERROR] LogOutputStream:75 - [STDERR_REDIRECT] 
2026-03-06 11:58:03,446 [ERROR] LogOutputStream:75 - [STDERR_REDIRECT] [Fatal Error] :1:1: Premature end of file.
2026-03-06 11:58:03,446 [ERROR] LogOutputStream:75 - [STDERR_REDIRECT] 
2026-03-06 11:58:04,451 [ERROR] LogOutputStream:75 - [STDERR_REDIRECT] [Fatal Error] :1:1: Premature end of file.
2026-03-06 11:58:04,451 [ERROR] LogOutputStream:75 - [STDERR_REDIRECT] 
2026-03-06 11:58:05,452 [ERROR] LogOutputStream:75 - [STDERR_REDIRECT] [Fatal Error] :1:1: Premature end of file.
2026-03-06 11:58:05,452 [ERROR] LogOutputStream:75 - [STDERR_REDIRECT] 
2026-03-06 11:58:06,440 [ERROR] LogOutputStream:75 - [STDERR_REDIRECT] [Fatal Error] :1:1: Premature end of file.
2026-03-06 11:58:06,440 [ERROR] LogOutputStream:75 - [STDERR_REDIRECT] 
2026-03-06 11:58:07,476 [ERROR] LogOutputStream:75 - [STDERR_REDIRECT] [Fatal Error] :1:1: Premature end of file.
2026-03-06 11:58:07,476 [ERROR] LogOutputStream:75 - [STDERR_REDIRECT] 
2026-03-06 11:58:08,448 [ERROR] LogOutputStream:75 - [STDERR_REDIRECT] [Fatal Error] :1:1: Premature end of file.
2026-03-06 11:58:08,448 [ERROR] LogOutputStream:75 - [STDERR_REDIRECT] 
2026-03-06 11:58:09,451 [ERROR] LogOutputStream:75 - [STDERR_REDIRECT] [Fatal Error] :1:1: Premature end of file.
2026-03-06 11:58:09,451 [ERROR] LogOutputStream:75 - [STDERR_REDIRECT] 
2026-03-06 11:58:10,437 [ERROR] LogOutputStream:75 - [STDERR_REDIRECT] [Fatal Error] :1:1: Premature end of file.
2026-03-06 11:58:10,439 [ERROR] LogOutputStream:75 - [STDERR_REDIRECT] 
2026-03-06 11:58:11,441 [ERROR] LogOutputStream:75 - [STDERR_REDIRECT] [Fatal Error] :1:1: Premature end of file.
2026-03-06 11:58:11,442 [ERROR] LogOutputStream:75 - [STDERR_REDIRECT] 
2026-03-06 11:58:12,446 [ERROR] LogOutputStream:75 - [STDERR_REDIRECT] [Fatal Error] :1:1: Premature end of file.
2026-03-06 11:58:12,448 [ERROR] LogOutputStream:75 - [STDERR_REDIRECT] 
2026-03-06 11:58:13,454 [ERROR] LogOutputStream:75 - [STDERR_REDIRECT] [Fatal Error] :1:1: Premature end of file.
2026-03-06 11:58:13,454 [ERROR] LogOutputStream:75 - [STDERR_REDIRECT] 
2026-03-06 11:58:14,437 [ERROR] LogOutputStream:75 - [STDERR_REDIRECT] [Fatal Error] :1:1: Premature end of file.
2026-03-06 11:58:14,437 [ERROR] LogOutputStream:75 - [STDERR_REDIRECT] 
2026-03-06 11:58:15,444 [ERROR] LogOutputStream:75 - [STDERR_REDIRECT] [Fatal Error] :1:1: Premature end of file.
2026-03-06 11:58:15,444 [ERROR] LogOutputStream:75 - [STDERR_REDIRECT] 
2026-03-06 11:58:16,452 [ERROR] LogOutputStream:75 - [STDERR_REDIRECT] [Fatal Error] :1:1: Premature end of file.
2026-03-06 11:58:16,452 [ERROR] LogOutputStream:75 - [STDERR_REDIRECT] 
2026-03-06 11:58:17,439 [ERROR] LogOutputStream:75 - [STDERR_REDIRECT] [Fatal Error] :1:1: Premature end of file.
2026-03-06 11:58:17,439 [ERROR] LogOutputStream:75 - [STDERR_REDIRECT] 
2026-03-06 11:58:18,440 [ERROR] LogOutputStream:75 - [STDERR_REDIRECT] [Fatal Error] :1:1: Premature end of file.
2026-03-06 11:58:18,440 [ERROR] LogOutputStream:75 - [STDERR_REDIRECT] 
2026-03-06 11:58:19,445 [ERROR] LogOutputStream:75 - [STDERR_REDIRECT] [Fatal Error] :1:1: Premature end of file.
2026-03-06 11:58:19,445 [ERROR] LogOutputStream:75 - [STDERR_REDIRECT] 
2026-03-06 11:58:20,447 [ERROR] LogOutputStream:75 - [STDERR_REDIRECT] [Fatal Error] :1:1: Premature end of file.
2026-03-06 11:58:20,448 [ERROR] LogOutputStream:75 - [STDERR_REDIRECT] 
2026-03-06 11:58:21,449 [ERROR] LogOutputStream:75 - [STDERR_REDIRECT] [Fatal Error] :1:1: Premature end of file.
2026-03-06 11:58:21,449 [ERROR] LogOutputStream:75 - [STDERR_REDIRECT] 
2026-03-06 11:58:22,452 [ERROR] LogOutputStream:75 - [STDERR_REDIRECT] [Fatal Error] :1:1: Premature end of file.
2026-03-06 11:58:22,452 [ERROR] LogOutputStream:75 - [STDERR_REDIRECT] 
2026-03-06 11:58:23,441 [ERROR] LogOutputStream:75 - [STDERR_REDIRECT] [Fatal Error] :1:1: Premature end of file.
2026-03-06 11:58:23,442 [ERROR] LogOutputStream:75 - [STDERR_REDIRECT] 
2026-03-06 11:58:24,443 [ERROR] LogOutputStream:75 - [STDERR_REDIRECT] [Fatal Error] :1:1: Premature end of file.
2026-03-06 11:58:24,443 [ERROR] LogOutputStream:75 - [STDERR_REDIRECT] 
2026-03-06 11:58:25,445 [ERROR] LogOutputStream:75 - [STDERR_REDIRECT] [Fatal Error] :1:1: Premature end of file.
2026-03-06 11:58:25,446 [ERROR] LogOutputStream:75 - [STDERR_REDIRECT] 
2026-03-06 11:58:26,465 [ERROR] LogOutputStream:75 - [STDERR_REDIRECT] [Fatal Error] :1:1: Premature end of file.
2026-03-06 11:58:26,465 [ERROR] LogOutputStream:75 - [STDERR_REDIRECT] 
2026-03-06 11:58:27,440 [ERROR] LogOutputStream:75 - [STDERR_REDIRECT] [Fatal Error] :1:1: Premature end of file.
2026-03-06 11:58:27,440 [ERROR] LogOutputStream:75 - [STDERR_REDIRECT] 
2026-03-06 11:58:28,446 [ERROR] LogOutputStream:75 - [STDERR_REDIRECT] [Fatal Error] :1:1: Premature end of file.
2026-03-06 11:58:28,446 [ERROR] LogOutputStream:75 - [STDERR_REDIRECT] 
2026-03-06 11:58:29,448 [ERROR] LogOutputStream:75 - [STDERR_REDIRECT] [Fatal Error] :1:1: Premature end of file.
2026-03-06 11:58:29,448 [ERROR] LogOutputStream:75 - [STDERR_REDIRECT] 
2026-03-06 11:58:30,449 [ERROR] LogOutputStream:75 - [STDERR_REDIRECT] [Fatal Error] :1:1: Premature end of file.
2026-03-06 11:58:30,450 [ERROR] LogOutputStream:75 - [STDERR_REDIRECT] 
2026-03-06 11:58:31,437 [ERROR] LogOutputStream:75 - [STDERR_REDIRECT] [Fatal Error] :1:1: Premature end of file.
2026-03-06 11:58:31,438 [ERROR] LogOutputStream:75 - [STDERR_REDIRECT] 
2026-03-06 11:58:32,444 [ERROR] LogOutputStream:75 - [STDERR_REDIRECT] [Fatal Error] :1:1: Premature end of file.
2026-03-06 11:58:32,445 [ERROR] LogOutputStream:75 - [STDERR_REDIRECT] 
2026-03-06 11:58:33,446 [ERROR] LogOutputStream:75 - [STDERR_REDIRECT] [Fatal Error] :1:1: Premature end of file.
2026-03-06 11:58:33,447 [ERROR] LogOutputStream:75 - [STDERR_REDIRECT] 
2026-03-06 11:58:34,449 [ERROR] LogOutputStream:75 - [STDERR_REDIRECT] [Fatal Error] :1:1: Premature end of file.
2026-03-06 11:58:34,451 [ERROR] LogOutputStream:75 - [STDERR_REDIRECT] 
2026-03-06 11:58:35,451 [ERROR] LogOutputStream:75 - [STDERR_REDIRECT] [Fatal Error] :1:1: Premature end of file.
2026-03-06 11:58:35,451 [ERROR] LogOutputStream:75 - [STDERR_REDIRECT] 
2026-03-06 11:58:36,454 [ERROR] LogOutputStream:75 - [STDERR_REDIRECT] [Fatal Error] :1:1: Premature end of file.
2026-03-06 11:58:36,455 [ERROR] LogOutputStream:75 - [STDERR_REDIRECT] 
2026-03-06 11:58:37,444 [ERROR] LogOutputStream:75 - [STDERR_REDIRECT] [Fatal Error] :1:1: Premature end of file.
2026-03-06 11:58:37,444 [ERROR] LogOutputStream:75 - [STDERR_REDIRECT] 
2026-03-06 11:58:38,445 [ERROR] LogOutputStream:75 - [STDERR_REDIRECT] [Fatal Error] :1:1: Premature end of file.
2026-03-06 11:58:38,445 [ERROR] LogOutputStream:75 - [STDERR_REDIRECT] 
2026-03-06 11:58:39,452 [ERROR] LogOutputStream:75 - [STDERR_REDIRECT] [Fatal Error] :1:1: Premature end of file.
2026-03-06 11:58:39,452 [ERROR] LogOutputStream:75 - [STDERR_REDIRECT] 
2026-03-06 11:58:40,441 [ERROR] LogOutputStream:75 - [STDERR_REDIRECT] [Fatal Error] :1:1: Premature end of file.
2026-03-06 11:58:40,441 [ERROR] LogOutputStream:75 - [STDERR_REDIRECT] 
2026-03-06 11:58:41,442 [ERROR] LogOutputStream:75 - [STDERR_REDIRECT] [Fatal Error] :1:1: Premature end of file.
2026-03-06 11:58:41,443 [ERROR] LogOutputStream:75 - [STDERR_REDIRECT] 
2026-03-06 11:58:42,447 [ERROR] LogOutputStream:75 - [STDERR_REDIRECT] [Fatal Error] :1:1: Premature end of file.
2026-03-06 11:58:42,447 [ERROR] LogOutputStream:75 - [STDERR_REDIRECT] 
2026-03-06 11:58:43,455 [ERROR] LogOutputStream:75 - [STDERR_REDIRECT] [Fatal Error] :1:1: Premature end of file.
2026-03-06 11:58:43,456 [ERROR] LogOutputStream:75 - [STDERR_REDIRECT] 
2026-03-06 11:58:44,451 [ERROR] LogOutputStream:75 - [STDERR_REDIRECT] [Fatal Error] :1:1: Premature end of file.
2026-03-06 11:58:44,451 [ERROR] LogOutputStream:75 - [STDERR_REDIRECT] 
2026-03-06 11:58:45,449 [ERROR] LogOutputStream:75 - [STDERR_REDIRECT] [Fatal Error] :1:1: Premature end of file.
2026-03-06 11:58:45,450 [ERROR] LogOutputStream:75 - [STDERR_REDIRECT] 
2026-03-06 11:58:46,444 [ERROR] LogOutputStream:75 - [STDERR_REDIRECT] [Fatal Error] :1:1: Premature end of file.
2026-03-06 11:58:46,444 [ERROR] LogOutputStream:75 - [STDERR_REDIRECT] 
2026-03-06 11:58:47,445 [ERROR] LogOutputStream:75 - [STDERR_REDIRECT] [Fatal Error] :1:1: Premature end of file.
2026-03-06 11:58:47,445 [ERROR] LogOutputStream:75 - [STDERR_REDIRECT] 
2026-03-06 11:58:48,442 [ERROR] LogOutputStream:75 - [STDERR_REDIRECT] [Fatal Error] :1:1: Premature end of file.
2026-03-06 11:58:48,443 [ERROR] LogOutputStream:75 - [STDERR_REDIRECT] 
2026-03-06 11:58:49,452 [ERROR] LogOutputStream:75 - [STDERR_REDIRECT] [Fatal Error] :1:1: Premature end of file.
2026-03-06 11:58:49,452 [ERROR] LogOutputStream:75 - [STDERR_REDIRECT] 
2026-03-06 11:58:50,453 [ERROR] LogOutputStream:75 - [STDERR_REDIRECT] [Fatal Error] :1:1: Premature end of file.
2026-03-06 11:58:50,454 [ERROR] LogOutputStream:75 - [STDERR_REDIRECT] 
2026-03-06 11:58:51,452 [ERROR] LogOutputStream:75 - [STDERR_REDIRECT] [Fatal Error] :1:1: Premature end of file.
2026-03-06 11:58:51,453 [ERROR] LogOutputStream:75 - [STDERR_REDIRECT] 
2026-03-06 11:58:52,454 [ERROR] LogOutputStream:75 - [STDERR_REDIRECT] [Fatal Error] :1:1: Premature end of file.
2026-03-06 11:58:52,454 [ERROR] LogOutputStream:75 - [STDERR_REDIRECT] 
2026-03-06 11:58:53,448 [ERROR] LogOutputStream:75 - [STDERR_REDIRECT] [Fatal Error] :1:1: Premature end of file.
2026-03-06 11:58:53,450 [ERROR] LogOutputStream:75 - [STDERR_REDIRECT] 
2026-03-06 11:58:54,458 [ERROR] LogOutputStream:75 - [STDERR_REDIRECT] [Fatal Error] :1:1: Premature end of file.
2026-03-06 11:58:54,459 [ERROR] LogOutputStream:75 - [STDERR_REDIRECT] 
2026-03-06 11:58:55,438 [ERROR] LogOutputStream:75 - [STDERR_REDIRECT] [Fatal Error] :1:1: Premature end of file.
2026-03-06 11:58:55,440 [ERROR] LogOutputStream:75 - [STDERR_REDIRECT] 
2026-03-06 11:58:56,453 [ERROR] LogOutputStream:75 - [STDERR_REDIRECT] [Fatal Error] :1:1: Premature end of file.
2026-03-06 11:58:56,453 [ERROR] LogOutputStream:75 - [STDERR_REDIRECT] 
2026-03-06 11:58:57,454 [ERROR] LogOutputStream:75 - [STDERR_REDIRECT] [Fatal Error] :1:1: Premature end of file.
2026-03-06 11:58:57,454 [ERROR] LogOutputStream:75 - [STDERR_REDIRECT] 
2026-03-06 11:58:58,444 [ERROR] LogOutputStream:75 - [STDERR_REDIRECT] [Fatal Error] :1:1: Premature end of file.
2026-03-06 11:58:58,444 [ERROR] LogOutputStream:75 - [STDERR_REDIRECT] 
2026-03-06 11:58:59,451 [ERROR] LogOutputStream:75 - [STDERR_REDIRECT] [Fatal Error] :1:1: Premature end of file.
2026-03-06 11:58:59,451 [ERROR] LogOutputStream:75 - [STDERR_REDIRECT] 
2026-03-06 11:59:00,452 [ERROR] LogOutputStream:75 - [STDERR_REDIRECT] [Fatal Error] :1:1: Premature end of file.
2026-03-06 11:59:00,452 [ERROR] LogOutputStream:75 - [STDERR_REDIRECT] 
2026-03-06 11:59:01,437 [ERROR] LogOutputStream:75 - [STDERR_REDIRECT] [Fatal Error] :1:1: Premature end of file.
2026-03-06 11:59:01,437 [ERROR] LogOutputStream:75 - [STDERR_REDIRECT] 
2026-03-06 11:59:02,450 [ERROR] LogOutputStream:75 - [STDERR_REDIRECT] [Fatal Error] :1:1: Premature end of file.
2026-03-06 11:59:02,450 [ERROR] LogOutputStream:75 - [STDERR_REDIRECT] 
2026-03-06 11:59:03,444 [ERROR] LogOutputStream:75 - [STDERR_REDIRECT] [Fatal Error] :1:1: Premature end of file.
2026-03-06 11:59:03,444 [ERROR] LogOutputStream:75 - [STDERR_REDIRECT] 
2026-03-06 11:59:04,448 [ERROR] LogOutputStream:75 - [STDERR_REDIRECT] [Fatal Error] :1:1: Premature end of file.
2026-03-06 11:59:04,448 [ERROR] LogOutputStream:75 - [STDERR_REDIRECT] 
2026-03-06 11:59:05,450 [ERROR] LogOutputStream:75 - [STDERR_REDIRECT] [Fatal Error] :1:1: Premature end of file.
2026-03-06 11:59:05,450 [ERROR] LogOutputStream:75 - [STDERR_REDIRECT] 
2026-03-06 11:59:06,454 [ERROR] LogOutputStream:75 - [STDERR_REDIRECT] [Fatal Error] :1:1: Premature end of file.
2026-03-06 11:59:06,454 [ERROR] LogOutputStream:75 - [STDERR_REDIRECT] 
2026-03-06 11:59:07,444 [ERROR] LogOutputStream:75 - [STDERR_REDIRECT] [Fatal Error] :1:1: Premature end of file.
2026-03-06 11:59:07,444 [ERROR] LogOutputStream:75 - [STDERR_REDIRECT] 
2026-03-06 11:59:08,451 [ERROR] LogOutputStream:75 - [STDERR_REDIRECT] [Fatal Error] :1:1: Premature end of file.
2026-03-06 11:59:08,452 [ERROR] LogOutputStream:75 - [STDERR_REDIRECT] 
2026-03-06 11:59:50,696 [ERROR] LogOutputStream:75 - [STDERR_REDIRECT] [Fatal Error] :1:1: Premature end of file.
2026-03-06 11:59:50,711 [ERROR] LogOutputStream:75 - [STDERR_REDIRECT] 
2026-03-06 11:59:50,822 [ERROR] LogOutputStream:75 - [STDERR_REDIRECT] [Fatal Error] :1:1: Premature end of file.
2026-03-06 11:59:50,822 [ERROR] LogOutputStream:75 - [STDERR_REDIRECT] 
2026-03-06 11:59:51,006 [ERROR] LogOutputStream:75 - [STDERR_REDIRECT] [Fatal Error] :1:1: Premature end of file.
2026-03-06 11:59:51,006 [ERROR] LogOutputStream:75 - [STDERR_REDIRECT] 
2026-03-06 11:59:51,106 [ERROR] LogOutputStream:75 - [STDERR_REDIRECT] [Fatal Error] :1:1: Premature end of file.
2026-03-06 11:59:51,106 [ERROR] LogOutputStream:75 - [STDERR_REDIRECT] 
2026-03-06 11:59:51,207 [ERROR] LogOutputStream:75 - [STDERR_REDIRECT] [Fatal Error] :1:1: Premature end of file.
2026-03-06 11:59:51,207 [ERROR] LogOutputStream:75 - [STDERR_REDIRECT] 
2026-03-06 11:59:51,305 [ERROR] LogOutputStream:75 - [STDERR_REDIRECT] [Fatal Error] :1:1: Premature end of file.
2026-03-06 11:59:51,305 [ERROR] LogOutputStream:75 - [STDERR_REDIRECT] 
2026-03-06 11:59:51,393 [ERROR] LogOutputStream:75 - [STDERR_REDIRECT] [Fatal Error] :1:1: Premature end of file.
2026-03-06 11:59:51,393 [ERROR] LogOutputStream:75 - [STDERR_REDIRECT] 
2026-03-06 11:59:51,473 [ERROR] LogOutputStream:75 - [STDERR_REDIRECT] [Fatal Error] :1:1: Premature end of file.
2026-03-06 11:59:51,473 [ERROR] LogOutputStream:75 - [STDERR_REDIRECT] 
2026-03-06 11:59:51,537 [ERROR] LogOutputStream:75 - [STDERR_REDIRECT] [Fatal Error] :1:1: Premature end of file.
2026-03-06 11:59:51,537 [ERROR] LogOutputStream:75 - [STDERR_REDIRECT] 
2026-03-06 11:59:51,615 [ERROR] LogOutputStream:75 - [STDERR_REDIRECT] [Fatal Error] :1:1: Premature end of file.
2026-03-06 11:59:51,615 [ERROR] LogOutputStream:75 - [STDERR_REDIRECT] 
2026-03-06 11:59:51,694 [ERROR] LogOutputStream:75 - [STDERR_REDIRECT] [Fatal Error] :1:1: Premature end of file.
2026-03-06 11:59:51,694 [ERROR] LogOutputStream:75 - [STDERR_REDIRECT] 
2026-03-06 11:59:51,742 [ERROR] LogOutputStream:75 - [STDERR_REDIRECT] [Fatal Error] :1:1: Premature end of file.
2026-03-06 11:59:51,742 [ERROR] LogOutputStream:75 - [STDERR_REDIRECT] 
2026-03-06 11:59:51,805 [ERROR] LogOutputStream:75 - [STDERR_REDIRECT] [Fatal Error] :1:1: Premature end of file.
2026-03-06 11:59:51,805 [ERROR] LogOutputStream:75 - [STDERR_REDIRECT] 
2026-03-06 11:59:51,868 [ERROR] LogOutputStream:75 - [STDERR_REDIRECT] [Fatal Error] :1:1: Premature end of file.
2026-03-06 11:59:51,868 [ERROR] LogOutputStream:75 - [STDERR_REDIRECT] 
2026-03-06 11:59:51,915 [ERROR] LogOutputStream:75 - [STDERR_REDIRECT] [Fatal Error] :1:1: Premature end of file.
2026-03-06 11:59:51,915 [ERROR] LogOutputStream:75 - [STDERR_REDIRECT] 
2026-03-06 11:59:51,983 [ERROR] LogOutputStream:75 - [STDERR_REDIRECT] [Fatal Error] :1:1: Premature end of file.
2026-03-06 11:59:51,983 [ERROR] LogOutputStream:75 - [STDERR_REDIRECT] 
2026-03-06 11:59:52,041 [ERROR] LogOutputStream:75 - [STDERR_REDIRECT] [Fatal Error] :1:1: Premature end of file.
2026-03-06 11:59:52,041 [ERROR] LogOutputStream:75 - [STDERR_REDIRECT] 
2026-03-06 11:59:52,091 [ERROR] LogOutputStream:75 - [STDERR_REDIRECT] [Fatal Error] :1:1: Premature end of file.
2026-03-06 11:59:52,091 [ERROR] LogOutputStream:75 - [STDERR_REDIRECT] 
2026-03-06 11:59:52,151 [ERROR] LogOutputStream:75 - [STDERR_REDIRECT] [Fatal Error] :1:1: Premature end of file.
2026-03-06 11:59:52,151 [ERROR] LogOutputStream:75 - [STDERR_REDIRECT] 
2026-03-06 11:59:52,199 [ERROR] LogOutputStream:75 - [STDERR_REDIRECT] [Fatal Error] :1:1: Premature end of file.
2026-03-06 11:59:52,199 [ERROR] LogOutputStream:75 - [STDERR_REDIRECT] 
2026-03-06 11:59:52,265 [ERROR] LogOutputStream:75 - [STDERR_REDIRECT] [Fatal Error] :1:1: Premature end of file.
2026-03-06 11:59:52,265 [ERROR] LogOutputStream:75 - [STDERR_REDIRECT] 
2026-03-06 11:59:52,325 [ERROR] LogOutputStream:75 - [STDERR_REDIRECT] [Fatal Error] :1:1: Premature end of file.
2026-03-06 11:59:52,325 [ERROR] LogOutputStream:75 - [STDERR_REDIRECT] 
2026-03-06 11:59:52,389 [ERROR] LogOutputStream:75 - [STDERR_REDIRECT] [Fatal Error] :1:1: Premature end of file.
2026-03-06 11:59:52,389 [ERROR] LogOutputStream:75 - [STDERR_REDIRECT] 
2026-03-06 11:59:52,437 [ERROR] LogOutputStream:75 - [STDERR_REDIRECT] [Fatal Error] :1:1: Premature end of file.
2026-03-06 11:59:52,437 [ERROR] LogOutputStream:75 - [STDERR_REDIRECT] 
2026-03-06 11:59:52,500 [ERROR] LogOutputStream:75 - [STDERR_REDIRECT] [Fatal Error] :1:1: Premature end of file.
2026-03-06 11:59:52,500 [ERROR] LogOutputStream:75 - [STDERR_REDIRECT] 
2026-03-06 11:59:52,550 [ERROR] LogOutputStream:75 - [STDERR_REDIRECT] [Fatal Error] :1:1: Premature end of file.
2026-03-06 11:59:52,550 [ERROR] LogOutputStream:75 - [STDERR_REDIRECT] 
2026-03-06 11:59:52,612 [ERROR] LogOutputStream:75 - [STDERR_REDIRECT] [Fatal Error] :1:1: Premature end of file.
2026-03-06 11:59:52,612 [ERROR] LogOutputStream:75 - [STDERR_REDIRECT] 
2026-03-06 11:59:52,661 [ERROR] LogOutputStream:75 - [STDERR_REDIRECT] [Fatal Error] :1:1: Premature end of file.
2026-03-06 11:59:52,661 [ERROR] LogOutputStream:75 - [STDERR_REDIRECT] 
2026-03-06 11:59:52,723 [ERROR] LogOutputStream:75 - [STDERR_REDIRECT] [Fatal Error] :1:1: Premature end of file.
2026-03-06 11:59:52,723 [ERROR] LogOutputStream:75 - [STDERR_REDIRECT] 
2026-03-06 11:59:52,786 [ERROR] LogOutputStream:75 - [STDERR_REDIRECT] [Fatal Error] :1:1: Premature end of file.
2026-03-06 11:59:52,786 [ERROR] LogOutputStream:75 - [STDERR_REDIRECT] 
2026-03-06 11:59:52,834 [ERROR] LogOutputStream:75 - [STDERR_REDIRECT] [Fatal Error] :1:1: Premature end of file.
2026-03-06 11:59:52,834 [ERROR] LogOutputStream:75 - [STDERR_REDIRECT] 
2026-03-06 11:59:52,887 [ERROR] LogOutputStream:75 - [STDERR_REDIRECT] [Fatal Error] :1:1: Premature end of file.
2026-03-06 11:59:52,887 [ERROR] LogOutputStream:75 - [STDERR_REDIRECT] 
2026-03-06 11:59:52,946 [ERROR] LogOutputStream:75 - [STDERR_REDIRECT] [Fatal Error] :1:1: Premature end of file.
2026-03-06 11:59:52,946 [ERROR] LogOutputStream:75 - [STDERR_REDIRECT] 
2026-03-06 11:59:53,001 [ERROR] LogOutputStream:75 - [STDERR_REDIRECT] [Fatal Error] :1:1: Premature end of file.
2026-03-06 11:59:53,001 [ERROR] LogOutputStream:75 - [STDERR_REDIRECT] 
2026-03-06 11:59:53,048 [ERROR] LogOutputStream:75 - [STDERR_REDIRECT] [Fatal Error] :1:1: Premature end of file.
2026-03-06 11:59:53,048 [ERROR] LogOutputStream:75 - [STDERR_REDIRECT] 
2026-03-06 11:59:53,112 [ERROR] LogOutputStream:75 - [STDERR_REDIRECT] [Fatal Error] :1:1: Premature end of file.
2026-03-06 11:59:53,112 [ERROR] LogOutputStream:75 - [STDERR_REDIRECT] 
2026-03-06 11:59:53,160 [ERROR] LogOutputStream:75 - [STDERR_REDIRECT] [Fatal Error] :1:1: Premature end of file.
2026-03-06 11:59:53,160 [ERROR] LogOutputStream:75 - [STDERR_REDIRECT] 
2026-03-06 11:59:53,208 [ERROR] LogOutputStream:75 - [STDERR_REDIRECT] [Fatal Error] :1:1: Premature end of file.
2026-03-06 11:59:53,208 [ERROR] LogOutputStream:75 - [STDERR_REDIRECT] 
2026-03-06 11:59:53,255 [ERROR] LogOutputStream:75 - [STDERR_REDIRECT] [Fatal Error] :1:1: Premature end of file.
2026-03-06 11:59:53,255 [ERROR] LogOutputStream:75 - [STDERR_REDIRECT] 
2026-03-06 11:59:53,287 [ERROR] LogOutputStream:75 - [STDERR_REDIRECT] [Fatal Error] :1:1: Premature end of file.
2026-03-06 11:59:53,287 [ERROR] LogOutputStream:75 - [STDERR_REDIRECT] 
2026-03-06 11:59:53,335 [ERROR] LogOutputStream:75 - [STDERR_REDIRECT] [Fatal Error] :1:1: Premature end of file.
2026-03-06 11:59:53,335 [ERROR] LogOutputStream:75 - [STDERR_REDIRECT] 
2026-03-06 11:59:53,385 [ERROR] LogOutputStream:75 - [STDERR_REDIRECT] [Fatal Error] :1:1: Premature end of file.
2026-03-06 11:59:53,385 [ERROR] LogOutputStream:75 - [STDERR_REDIRECT] 
2026-03-06 11:59:53,414 [ERROR] LogOutputStream:75 - [STDERR_REDIRECT] [Fatal Error] :1:1: Premature end of file.
2026-03-06 11:59:53,414 [ERROR] LogOutputStream:75 - [STDERR_REDIRECT] 
2026-03-06 11:59:53,462 [ERROR] LogOutputStream:75 - [STDERR_REDIRECT] [Fatal Error] :1:1: Premature end of file.
2026-03-06 11:59:53,462 [ERROR] LogOutputStream:75 - [STDERR_REDIRECT] 
2026-03-06 11:59:53,510 [ERROR] LogOutputStream:75 - [STDERR_REDIRECT] [Fatal Error] :1:1: Premature end of file.
2026-03-06 11:59:53,510 [ERROR] LogOutputStream:75 - [STDERR_REDIRECT] 
2026-03-06 11:59:54,441 [ERROR] LogOutputStream:75 - [STDERR_REDIRECT] [Fatal Error] :1:1: Premature end of file.
2026-03-06 11:59:54,441 [ERROR] LogOutputStream:75 - [STDERR_REDIRECT] 
2026-03-06 11:59:55,452 [ERROR] LogOutputStream:75 - [STDERR_REDIRECT] [Fatal Error] :1:1: Premature end of file.
2026-03-06 11:59:55,452 [ERROR] LogOutputStream:75 - [STDERR_REDIRECT] 
2026-03-06 11:59:56,444 [ERROR] LogOutputStream:75 - [STDERR_REDIRECT] [Fatal Error] :1:1: Premature end of file.
2026-03-06 11:59:56,444 [ERROR] LogOutputStream:75 - [STDERR_REDIRECT] 
2026-03-06 11:59:57,437 [ERROR] LogOutputStream:75 - [STDERR_REDIRECT] [Fatal Error] :1:1: Premature end of file.
2026-03-06 11:59:57,447 [ERROR] LogOutputStream:75 - [STDERR_REDIRECT] 
2026-03-06 11:59:58,454 [ERROR] LogOutputStream:75 - [STDERR_REDIRECT] [Fatal Error] :1:1: Premature end of file.
2026-03-06 11:59:58,454 [ERROR] LogOutputStream:75 - [STDERR_REDIRECT] 
2026-03-06 11:59:59,453 [ERROR] LogOutputStream:75 - [STDERR_REDIRECT] [Fatal Error] :1:1: Premature end of file.
2026-03-06 11:59:59,454 [ERROR] LogOutputStream:75 - [STDERR_REDIRECT] 
2026-03-06 12:00:00,454 [ERROR] LogOutputStream:75 - [STDERR_REDIRECT] [Fatal Error] :1:1: Premature end of file.
2026-03-06 12:00:00,454 [ERROR] LogOutputStream:75 - [STDERR_REDIRECT] 
2026-03-06 12:00:01,447 [ERROR] LogOutputStream:75 - [STDERR_REDIRECT] [Fatal Error] :1:1: Premature end of file.
2026-03-06 12:00:01,447 [ERROR] LogOutputStream:75 - [STDERR_REDIRECT] 
2026-03-06 12:00:02,451 [ERROR] LogOutputStream:75 - [STDERR_REDIRECT] [Fatal Error] :1:1: Premature end of file.
2026-03-06 12:00:02,451 [ERROR] LogOutputStream:75 - [STDERR_REDIRECT] 
2026-03-06 12:00:03,444 [ERROR] LogOutputStream:75 - [STDERR_REDIRECT] [Fatal Error] :1:1: Premature end of file.
2026-03-06 12:00:03,444 [ERROR] LogOutputStream:75 - [STDERR_REDIRECT] 
2026-03-06 12:00:04,456 [ERROR] LogOutputStream:75 - [STDERR_REDIRECT] [Fatal Error] :1:1: Premature end of file.
2026-03-06 12:00:04,456 [ERROR] LogOutputStream:75 - [STDERR_REDIRECT] 
2026-03-06 12:00:05,451 [ERROR] LogOutputStream:75 - [STDERR_REDIRECT] [Fatal Error] :1:1: Premature end of file.
2026-03-06 12:00:05,453 [ERROR] LogOutputStream:75 - [STDERR_REDIRECT] 
2026-03-06 12:00:06,454 [ERROR] LogOutputStream:75 - [STDERR_REDIRECT] [Fatal Error] :1:1: Premature end of file.
2026-03-06 12:00:06,454 [ERROR] LogOutputStream:75 - [STDERR_REDIRECT] 
2026-03-06 12:00:07,443 [ERROR] LogOutputStream:75 - [STDERR_REDIRECT] [Fatal Error] :1:1: Premature end of file.
2026-03-06 12:00:07,443 [ERROR] LogOutputStream:75 - [STDERR_REDIRECT] 
2026-03-06 12:00:08,441 [ERROR] LogOutputStream:75 - [STDERR_REDIRECT] [Fatal Error] :1:1: Premature end of file.
2026-03-06 12:00:08,441 [ERROR] LogOutputStream:75 - [STDERR_REDIRECT] 
2026-03-06 12:00:09,442 [ERROR] LogOutputStream:75 - [STDERR_REDIRECT] [Fatal Error] :1:1: Premature end of file.
2026-03-06 12:00:09,443 [ERROR] LogOutputStream:75 - [STDERR_REDIRECT] 
2026-03-06 12:00:10,485 [ERROR] LogOutputStream:75 - [STDERR_REDIRECT] [Fatal Error] :1:1: Premature end of file.
2026-03-06 12:00:10,485 [ERROR] LogOutputStream:75 - [STDERR_REDIRECT] 
2026-03-06 12:00:11,441 [ERROR] LogOutputStream:75 - [STDERR_REDIRECT] [Fatal Error] :1:1: Premature end of file.
2026-03-06 12:00:11,441 [ERROR] LogOutputStream:75 - [STDERR_REDIRECT] 
2026-03-06 12:00:12,456 [ERROR] LogOutputStream:75 - [STDERR_REDIRECT] [Fatal Error] :1:1: Premature end of file.
2026-03-06 12:00:12,456 [ERROR] LogOutputStream:75 - [STDERR_REDIRECT] 
2026-03-06 12:00:13,452 [ERROR] LogOutputStream:75 - [STDERR_REDIRECT] [Fatal Error] :1:1: Premature end of file.
2026-03-06 12:00:13,453 [ERROR] LogOutputStream:75 - [STDERR_REDIRECT] 
2026-03-06 12:00:14,447 [ERROR] LogOutputStream:75 - [STDERR_REDIRECT] [Fatal Error] :1:1: Premature end of file.
2026-03-06 12:00:14,447 [ERROR] LogOutputStream:75 - [STDERR_REDIRECT] 
2026-03-06 12:00:15,445 [ERROR] LogOutputStream:75 - [STDERR_REDIRECT] [Fatal Error] :1:1: Premature end of file.
2026-03-06 12:00:15,446 [ERROR] LogOutputStream:75 - [STDERR_REDIRECT] 
2026-03-06 12:00:16,444 [ERROR] LogOutputStream:75 - [STDERR_REDIRECT] [Fatal Error] :1:1: Premature end of file.
2026-03-06 12:00:16,444 [ERROR] LogOutputStream:75 - [STDERR_REDIRECT] 
2026-03-06 12:00:17,454 [ERROR] LogOutputStream:75 - [STDERR_REDIRECT] [Fatal Error] :1:1: Premature end of file.
2026-03-06 12:00:17,456 [ERROR] LogOutputStream:75 - [STDERR_REDIRECT] 
2026-03-06 12:00:18,439 [ERROR] LogOutputStream:75 - [STDERR_REDIRECT] [Fatal Error] :1:1: Premature end of file.
2026-03-06 12:00:18,439 [ERROR] LogOutputStream:75 - [STDERR_REDIRECT] 
2026-03-06 12:00:19,442 [ERROR] LogOutputStream:75 - [STDERR_REDIRECT] [Fatal Error] :1:1: Premature end of file.
2026-03-06 12:00:19,442 [ERROR] LogOutputStream:75 - [STDERR_REDIRECT] 
2026-03-06 12:00:20,441 [ERROR] LogOutputStream:75 - [STDERR_REDIRECT] [Fatal Error] :1:1: Premature end of file.
2026-03-06 12:00:20,441 [ERROR] LogOutputStream:75 - [STDERR_REDIRECT] 
2026-03-06 12:00:21,440 [ERROR] LogOutputStream:75 - [STDERR_REDIRECT] [Fatal Error] :1:1: Premature end of file.
2026-03-06 12:00:21,440 [ERROR] LogOutputStream:75 - [STDERR_REDIRECT] 
2026-03-06 12:00:22,453 [ERROR] LogOutputStream:75 - [STDERR_REDIRECT] [Fatal Error] :1:1: Premature end of file.
2026-03-06 12:00:22,453 [ERROR] LogOutputStream:75 - [STDERR_REDIRECT] 
2026-03-06 12:00:23,442 [ERROR] LogOutputStream:75 - [STDERR_REDIRECT] [Fatal Error] :1:1: Premature end of file.
2026-03-06 12:00:23,442 [ERROR] LogOutputStream:75 - [STDERR_REDIRECT] 
2026-03-06 12:00:24,454 [ERROR] LogOutputStream:75 - [STDERR_REDIRECT] [Fatal Error] :1:1: Premature end of file.
2026-03-06 12:00:24,454 [ERROR] LogOutputStream:75 - [STDERR_REDIRECT] 
2026-03-06 12:00:25,453 [ERROR] LogOutputStream:75 - [STDERR_REDIRECT] [Fatal Error] :1:1: Premature end of file.
2026-03-06 12:00:25,453 [ERROR] LogOutputStream:75 - [STDERR_REDIRECT] 
2026-03-06 12:00:26,453 [ERROR] LogOutputStream:75 - [STDERR_REDIRECT] [Fatal Error] :1:1: Premature end of file.
2026-03-06 12:00:26,453 [ERROR] LogOutputStream:75 - [STDERR_REDIRECT] 
2026-03-06 12:00:27,450 [ERROR] LogOutputStream:75 - [STDERR_REDIRECT] [Fatal Error] :1:1: Premature end of file.
2026-03-06 12:00:27,450 [ERROR] LogOutputStream:75 - [STDERR_REDIRECT] 
2026-03-06 12:00:28,448 [ERROR] LogOutputStream:75 - [STDERR_REDIRECT] [Fatal Error] :1:1: Premature end of file.
2026-03-06 12:00:28,448 [ERROR] LogOutputStream:75 - [STDERR_REDIRECT] 
2026-03-06 12:00:29,445 [ERROR] LogOutputStream:75 - [STDERR_REDIRECT] [Fatal Error] :1:1: Premature end of file.
2026-03-06 12:00:29,446 [ERROR] LogOutputStream:75 - [STDERR_REDIRECT] 
2026-03-06 12:00:30,444 [ERROR] LogOutputStream:75 - [STDERR_REDIRECT] [Fatal Error] :1:1: Premature end of file.
2026-03-06 12:00:30,444 [ERROR] LogOutputStream:75 - [STDERR_REDIRECT] 
2026-03-06 12:00:31,451 [ERROR] LogOutputStream:75 - [STDERR_REDIRECT] [Fatal Error] :1:1: Premature end of file.
2026-03-06 12:00:31,451 [ERROR] LogOutputStream:75 - [STDERR_REDIRECT] 
2026-03-06 12:00:32,450 [ERROR] LogOutputStream:75 - [STDERR_REDIRECT] [Fatal Error] :1:1: Premature end of file.
2026-03-06 12:00:32,451 [ERROR] LogOutputStream:75 - [STDERR_REDIRECT] 
2026-03-06 12:00:33,459 [ERROR] LogOutputStream:75 - [STDERR_REDIRECT] [Fatal Error] :1:1: Premature end of file.
2026-03-06 12:00:33,459 [ERROR] LogOutputStream:75 - [STDERR_REDIRECT] 
2026-03-06 12:00:34,463 [ERROR] LogOutputStream:75 - [STDERR_REDIRECT] [Fatal Error] :1:1: Premature end of file.
2026-03-06 12:00:34,463 [ERROR] LogOutputStream:75 - [STDERR_REDIRECT] 
2026-03-06 12:00:35,450 [ERROR] LogOutputStream:75 - [STDERR_REDIRECT] [Fatal Error] :1:1: Premature end of file.
2026-03-06 12:00:35,450 [ERROR] LogOutputStream:75 - [STDERR_REDIRECT] 
2026-03-06 12:00:36,461 [ERROR] LogOutputStream:75 - [STDERR_REDIRECT] [Fatal Error] :1:1: Premature end of file.
2026-03-06 12:00:36,461 [ERROR] LogOutputStream:75 - [STDERR_REDIRECT] 
2026-03-06 12:00:37,447 [ERROR] LogOutputStream:75 - [STDERR_REDIRECT] [Fatal Error] :1:1: Premature end of file.
2026-03-06 12:00:37,447 [ERROR] LogOutputStream:75 - [STDERR_REDIRECT] 
2026-03-06 12:00:38,456 [ERROR] LogOutputStream:75 - [STDERR_REDIRECT] [Fatal Error] :1:1: Premature end of file.
2026-03-06 12:00:38,456 [ERROR] LogOutputStream:75 - [STDERR_REDIRECT] 
2026-03-06 12:00:39,441 [ERROR] LogOutputStream:75 - [STDERR_REDIRECT] [Fatal Error] :1:1: Premature end of file.
2026-03-06 12:00:39,441 [ERROR] LogOutputStream:75 - [STDERR_REDIRECT] 
2026-03-06 12:00:40,452 [ERROR] LogOutputStream:75 - [STDERR_REDIRECT] [Fatal Error] :1:1: Premature end of file.
2026-03-06 12:00:40,452 [ERROR] LogOutputStream:75 - [STDERR_REDIRECT] 
2026-03-06 12:00:41,457 [ERROR] LogOutputStream:75 - [STDERR_REDIRECT] [Fatal Error] :1:1: Premature end of file.
2026-03-06 12:00:41,457 [ERROR] LogOutputStream:75 - [STDERR_REDIRECT] 
2026-03-06 12:00:42,447 [ERROR] LogOutputStream:75 - [STDERR_REDIRECT] [Fatal Error] :1:1: Premature end of file.
2026-03-06 12:00:42,447 [ERROR] LogOutputStream:75 - [STDERR_REDIRECT] 
2026-03-06 12:00:43,437 [ERROR] LogOutputStream:75 - [STDERR_REDIRECT] [Fatal Error] :1:1: Premature end of file.
2026-03-06 12:00:43,437 [ERROR] LogOutputStream:75 - [STDERR_REDIRECT] 
2026-03-06 12:00:44,445 [ERROR] LogOutputStream:75 - [STDERR_REDIRECT] [Fatal Error] :1:1: Premature end of file.
2026-03-06 12:00:44,445 [ERROR] LogOutputStream:75 - [STDERR_REDIRECT] 
2026-03-06 12:00:45,438 [ERROR] LogOutputStream:75 - [STDERR_REDIRECT] [Fatal Error] :1:1: Premature end of file.
2026-03-06 12:00:45,438 [ERROR] LogOutputStream:75 - [STDERR_REDIRECT] 
2026-03-06 12:00:46,440 [ERROR] LogOutputStream:75 - [STDERR_REDIRECT] [Fatal Error] :1:1: Premature end of file.
2026-03-06 12:00:46,440 [ERROR] LogOutputStream:75 - [STDERR_REDIRECT] 
2026-03-06 12:00:47,446 [ERROR] LogOutputStream:75 - [STDERR_REDIRECT] [Fatal Error] :1:1: Premature end of file.
2026-03-06 12:00:47,446 [ERROR] LogOutputStream:75 - [STDERR_REDIRECT] 
2026-03-06 12:00:48,439 [ERROR] LogOutputStream:75 - [STDERR_REDIRECT] [Fatal Error] :1:1: Premature end of file.
2026-03-06 12:00:48,440 [ERROR] LogOutputStream:75 - [STDERR_REDIRECT] 
2026-03-06 12:00:49,446 [ERROR] LogOutputStream:75 - [STDERR_REDIRECT] [Fatal Error] :1:1: Premature end of file.
2026-03-06 12:00:49,446 [ERROR] LogOutputStream:75 - [STDERR_REDIRECT] 
2026-03-06 12:00:50,440 [ERROR] LogOutputStream:75 - [STDERR_REDIRECT] [Fatal Error] :1:1: Premature end of file.
2026-03-06 12:00:50,440 [ERROR] LogOutputStream:75 - [STDERR_REDIRECT] 
2026-03-06 12:00:51,435 [ERROR] LogOutputStream:75 - [STDERR_REDIRECT] [Fatal Error] :1:1: Premature end of file.
2026-03-06 12:00:51,435 [ERROR] LogOutputStream:75 - [STDERR_REDIRECT] 
2026-03-06 12:00:52,437 [ERROR] LogOutputStream:75 - [STDERR_REDIRECT] [Fatal Error] :1:1: Premature end of file.
2026-03-06 12:00:52,437 [ERROR] LogOutputStream:75 - [STDERR_REDIRECT] 
2026-03-06 12:00:53,427 [ERROR] LogOutputStream:75 - [STDERR_REDIRECT] [Fatal Error] :1:1: Premature end of file.
2026-03-06 12:00:53,427 [ERROR] LogOutputStream:75 - [STDERR_REDIRECT] 
2026-03-06 12:00:54,431 [ERROR] LogOutputStream:75 - [STDERR_REDIRECT] [Fatal Error] :1:1: Premature end of file.
2026-03-06 12:00:54,431 [ERROR] LogOutputStream:75 - [STDERR_REDIRECT] 
2026-03-06 12:00:55,432 [ERROR] LogOutputStream:75 - [STDERR_REDIRECT] [Fatal Error] :1:1: Premature end of file.
2026-03-06 12:00:55,432 [ERROR] LogOutputStream:75 - [STDERR_REDIRECT] 
2026-03-06 12:00:56,428 [ERROR] LogOutputStream:75 - [STDERR_REDIRECT] [Fatal Error] :1:1: Premature end of file.
2026-03-06 12:00:56,428 [ERROR] LogOutputStream:75 - [STDERR_REDIRECT] 
2026-03-06 12:00:57,438 [ERROR] LogOutputStream:75 - [STDERR_REDIRECT] [Fatal Error] :1:1: Premature end of file.
2026-03-06 12:00:57,438 [ERROR] LogOutputStream:75 - [STDERR_REDIRECT] 
2026-03-06 12:00:58,432 [ERROR] LogOutputStream:75 - [STDERR_REDIRECT] [Fatal Error] :1:1: Premature end of file.
2026-03-06 12:00:58,432 [ERROR] LogOutputStream:75 - [STDERR_REDIRECT] 
2026-03-06 12:00:59,431 [ERROR] LogOutputStream:75 - [STDERR_REDIRECT] [Fatal Error] :1:1: Premature end of file.
2026-03-06 12:00:59,433 [ERROR] LogOutputStream:75 - [STDERR_REDIRECT] 
2026-03-06 12:01:00,452 [ERROR] LogOutputStream:75 - [STDERR_REDIRECT] [Fatal Error] :1:1: Premature end of file.
2026-03-06 12:01:00,452 [ERROR] LogOutputStream:75 - [STDERR_REDIRECT] 
2026-03-06 12:01:01,450 [ERROR] LogOutputStream:75 - [STDERR_REDIRECT] [Fatal Error] :1:1: Premature end of file.
2026-03-06 12:01:01,451 [ERROR] LogOutputStream:75 - [STDERR_REDIRECT] 
2026-03-06 12:01:02,447 [ERROR] LogOutputStream:75 - [STDERR_REDIRECT] [Fatal Error] :1:1: Premature end of file.
2026-03-06 12:01:02,447 [ERROR] LogOutputStream:75 - [STDERR_REDIRECT] 
2026-03-06 12:01:03,446 [ERROR] LogOutputStream:75 - [STDERR_REDIRECT] [Fatal Error] :1:1: Premature end of file.
2026-03-06 12:01:03,447 [ERROR] LogOutputStream:75 - [STDERR_REDIRECT] 
2026-03-06 12:01:04,445 [ERROR] LogOutputStream:75 - [STDERR_REDIRECT] [Fatal Error] :1:1: Premature end of file.
2026-03-06 12:01:04,445 [ERROR] LogOutputStream:75 - [STDERR_REDIRECT] 
2026-03-06 12:01:05,444 [ERROR] LogOutputStream:75 - [STDERR_REDIRECT] [Fatal Error] :1:1: Premature end of file.
2026-03-06 12:01:05,444 [ERROR] LogOutputStream:75 - [STDERR_REDIRECT] 
2026-03-06 12:01:06,444 [ERROR] LogOutputStream:75 - [STDERR_REDIRECT] [Fatal Error] :1:1: Premature end of file.
2026-03-06 12:01:06,444 [ERROR] LogOutputStream:75 - [STDERR_REDIRECT] 
2026-03-06 12:01:07,441 [ERROR] LogOutputStream:75 - [STDERR_REDIRECT] [Fatal Error] :1:1: Premature end of file.
2026-03-06 12:01:07,443 [ERROR] LogOutputStream:75 - [STDERR_REDIRECT] 
2026-03-06 12:01:08,458 [ERROR] LogOutputStream:75 - [STDERR_REDIRECT] [Fatal Error] :1:1: Premature end of file.
2026-03-06 12:01:08,458 [ERROR] LogOutputStream:75 - [STDERR_REDIRECT] 
2026-03-06 12:01:09,443 [ERROR] LogOutputStream:75 - [STDERR_REDIRECT] [Fatal Error] :1:1: Premature end of file.
2026-03-06 12:01:09,443 [ERROR] LogOutputStream:75 - [STDERR_REDIRECT] 
2026-03-06 12:01:10,443 [ERROR] LogOutputStream:75 - [STDERR_REDIRECT] [Fatal Error] :1:1: Premature end of file.
2026-03-06 12:01:10,443 [ERROR] LogOutputStream:75 - [STDERR_REDIRECT] 
2026-03-06 12:01:11,443 [ERROR] LogOutputStream:75 - [STDERR_REDIRECT] [Fatal Error] :1:1: Premature end of file.
2026-03-06 12:01:11,443 [ERROR] LogOutputStream:75 - [STDERR_REDIRECT] 
2026-03-06 12:01:12,434 [ERROR] LogOutputStream:75 - [STDERR_REDIRECT] [Fatal Error] :1:1: Premature end of file.
2026-03-06 12:01:12,434 [ERROR] LogOutputStream:75 - [STDERR_REDIRECT] 
2026-03-06 12:01:13,444 [ERROR] LogOutputStream:75 - [STDERR_REDIRECT] [Fatal Error] :1:1: Premature end of file.
2026-03-06 12:01:13,444 [ERROR] LogOutputStream:75 - [STDERR_REDIRECT] 
2026-03-06 12:01:14,441 [ERROR] LogOutputStream:75 - [STDERR_REDIRECT] [Fatal Error] :1:1: Premature end of file.
2026-03-06 12:01:14,441 [ERROR] LogOutputStream:75 - [STDERR_REDIRECT] 
2026-03-06 12:01:15,442 [ERROR] LogOutputStream:75 - [STDERR_REDIRECT] [Fatal Error] :1:1: Premature end of file.
2026-03-06 12:01:15,442 [ERROR] LogOutputStream:75 - [STDERR_REDIRECT] 
2026-03-06 12:01:16,440 [ERROR] LogOutputStream:75 - [STDERR_REDIRECT] [Fatal Error] :1:1: Premature end of file.
2026-03-06 12:01:16,440 [ERROR] LogOutputStream:75 - [STDERR_REDIRECT] 
2026-03-06 12:01:17,446 [ERROR] LogOutputStream:75 - [STDERR_REDIRECT] [Fatal Error] :1:1: Premature end of file.
2026-03-06 12:01:17,446 [ERROR] LogOutputStream:75 - [STDERR_REDIRECT] 
2026-03-06 12:01:18,445 [ERROR] LogOutputStream:75 - [STDERR_REDIRECT] [Fatal Error] :1:1: Premature end of file.
2026-03-06 12:01:18,445 [ERROR] LogOutputStream:75 - [STDERR_REDIRECT] 
2026-03-06 12:01:19,442 [ERROR] LogOutputStream:75 - [STDERR_REDIRECT] [Fatal Error] :1:1: Premature end of file.
2026-03-06 12:01:19,442 [ERROR] LogOutputStream:75 - [STDERR_REDIRECT] 
2026-03-06 12:01:20,450 [ERROR] LogOutputStream:75 - [STDERR_REDIRECT] [Fatal Error] :1:1: Premature end of file.
2026-03-06 12:01:20,450 [ERROR] LogOutputStream:75 - [STDERR_REDIRECT] 
2026-03-06 12:01:21,451 [ERROR] LogOutputStream:75 - [STDERR_REDIRECT] [Fatal Error] :1:1: Premature end of file.
2026-03-06 12:01:21,452 [ERROR] LogOutputStream:75 - [STDERR_REDIRECT] 
2026-03-06 12:01:22,449 [ERROR] LogOutputStream:75 - [STDERR_REDIRECT] [Fatal Error] :1:1: Premature end of file.
2026-03-06 12:01:22,449 [ERROR] LogOutputStream:75 - [STDERR_REDIRECT] 
2026-03-06 12:01:23,445 [ERROR] LogOutputStream:75 - [STDERR_REDIRECT] [Fatal Error] :1:1: Premature end of file.
2026-03-06 12:01:23,445 [ERROR] LogOutputStream:75 - [STDERR_REDIRECT] 
2026-03-06 12:01:24,452 [ERROR] LogOutputStream:75 - [STDERR_REDIRECT] [Fatal Error] :1:1: Premature end of file.
2026-03-06 12:01:24,452 [ERROR] LogOutputStream:75 - [STDERR_REDIRECT] 
2026-03-06 12:01:25,454 [ERROR] LogOutputStream:75 - [STDERR_REDIRECT] [Fatal Error] :1:1: Premature end of file.
2026-03-06 12:01:25,455 [ERROR] LogOutputStream:75 - [STDERR_REDIRECT] 
2026-03-06 12:01:26,443 [ERROR] LogOutputStream:75 - [STDERR_REDIRECT] [Fatal Error] :1:1: Premature end of file.
2026-03-06 12:01:26,443 [ERROR] LogOutputStream:75 - [STDERR_REDIRECT] 
2026-03-06 12:01:27,444 [ERROR] LogOutputStream:75 - [STDERR_REDIRECT] [Fatal Error] :1:1: Premature end of file.
2026-03-06 12:01:27,444 [ERROR] LogOutputStream:75 - [STDERR_REDIRECT] 
2026-03-06 12:01:28,443 [ERROR] LogOutputStream:75 - [STDERR_REDIRECT] [Fatal Error] :1:1: Premature end of file.
2026-03-06 12:01:28,443 [ERROR] LogOutputStream:75 - [STDERR_REDIRECT] 
2026-03-06 12:01:29,451 [ERROR] LogOutputStream:75 - [STDERR_REDIRECT] [Fatal Error] :1:1: Premature end of file.
2026-03-06 12:01:29,452 [ERROR] LogOutputStream:75 - [STDERR_REDIRECT] 
2026-03-06 12:01:30,453 [ERROR] LogOutputStream:75 - [STDERR_REDIRECT] [Fatal Error] :1:1: Premature end of file.
2026-03-06 12:01:30,453 [ERROR] LogOutputStream:75 - [STDERR_REDIRECT] 
2026-03-06 12:01:31,443 [ERROR] LogOutputStream:75 - [STDERR_REDIRECT] [Fatal Error] :1:1: Premature end of file.
2026-03-06 12:01:31,443 [ERROR] LogOutputStream:75 - [STDERR_REDIRECT] 
2026-03-06 12:01:32,441 [ERROR] LogOutputStream:75 - [STDERR_REDIRECT] [Fatal Error] :1:1: Premature end of file.
2026-03-06 12:01:32,441 [ERROR] LogOutputStream:75 - [STDERR_REDIRECT] 
2026-03-06 12:01:33,441 [ERROR] LogOutputStream:75 - [STDERR_REDIRECT] [Fatal Error] :1:1: Premature end of file.
2026-03-06 12:01:33,441 [ERROR] LogOutputStream:75 - [STDERR_REDIRECT] 
2026-03-06 12:01:34,442 [ERROR] LogOutputStream:75 - [STDERR_REDIRECT] [Fatal Error] :1:1: Premature end of file.
2026-03-06 12:01:34,442 [ERROR] LogOutputStream:75 - [STDERR_REDIRECT] 
2026-03-06 12:01:35,436 [ERROR] LogOutputStream:75 - [STDERR_REDIRECT] [Fatal Error] :1:1: Premature end of file.
2026-03-06 12:01:35,436 [ERROR] LogOutputStream:75 - [STDERR_REDIRECT] 
2026-03-06 12:01:36,439 [ERROR] LogOutputStream:75 - [STDERR_REDIRECT] [Fatal Error] :1:1: Premature end of file.
2026-03-06 12:01:36,439 [ERROR] LogOutputStream:75 - [STDERR_REDIRECT] 
2026-03-06 12:01:37,455 [ERROR] LogOutputStream:75 - [STDERR_REDIRECT] [Fatal Error] :1:1: Premature end of file.
2026-03-06 12:01:37,456 [ERROR] LogOutputStream:75 - [STDERR_REDIRECT] 
2026-03-06 12:01:38,452 [ERROR] LogOutputStream:75 - [STDERR_REDIRECT] [Fatal Error] :1:1: Premature end of file.
2026-03-06 12:01:38,453 [ERROR] LogOutputStream:75 - [STDERR_REDIRECT] 
2026-03-06 12:01:39,453 [ERROR] LogOutputStream:75 - [STDERR_REDIRECT] [Fatal Error] :1:1: Premature end of file.
2026-03-06 12:01:39,453 [ERROR] LogOutputStream:75 - [STDERR_REDIRECT] 
2026-03-06 12:01:40,449 [ERROR] LogOutputStream:75 - [STDERR_REDIRECT] [Fatal Error] :1:1: Premature end of file.
2026-03-06 12:01:40,450 [ERROR] LogOutputStream:75 - [STDERR_REDIRECT] 
2026-03-06 12:01:41,449 [ERROR] LogOutputStream:75 - [STDERR_REDIRECT] [Fatal Error] :1:1: Premature end of file.
2026-03-06 12:01:41,450 [ERROR] LogOutputStream:75 - [STDERR_REDIRECT] 
2026-03-06 12:01:42,446 [ERROR] LogOutputStream:75 - [STDERR_REDIRECT] [Fatal Error] :1:1: Premature end of file.
2026-03-06 12:01:42,446 [ERROR] LogOutputStream:75 - [STDERR_REDIRECT] 
2026-03-06 12:01:43,460 [ERROR] LogOutputStream:75 - [STDERR_REDIRECT] [Fatal Error] :1:1: Premature end of file.
2026-03-06 12:01:43,461 [ERROR] LogOutputStream:75 - [STDERR_REDIRECT] 
2026-03-06 12:01:44,455 [ERROR] LogOutputStream:75 - [STDERR_REDIRECT] [Fatal Error] :1:1: Premature end of file.
2026-03-06 12:01:44,455 [ERROR] LogOutputStream:75 - [STDERR_REDIRECT] 
2026-03-06 12:01:45,451 [ERROR] LogOutputStream:75 - [STDERR_REDIRECT] [Fatal Error] :1:1: Premature end of file.
2026-03-06 12:01:45,451 [ERROR] LogOutputStream:75 - [STDERR_REDIRECT] 
2026-03-06 12:01:46,450 [ERROR] LogOutputStream:75 - [STDERR_REDIRECT] [Fatal Error] :1:1: Premature end of file.
2026-03-06 12:01:46,451 [ERROR] LogOutputStream:75 - [STDERR_REDIRECT] 
2026-03-06 12:01:47,448 [ERROR] LogOutputStream:75 - [STDERR_REDIRECT] [Fatal Error] :1:1: Premature end of file.
2026-03-06 12:01:47,448 [ERROR] LogOutputStream:75 - [STDERR_REDIRECT] 
2026-03-06 12:01:48,449 [ERROR] LogOutputStream:75 - [STDERR_REDIRECT] [Fatal Error] :1:1: Premature end of file.
2026-03-06 12:01:48,449 [ERROR] LogOutputStream:75 - [STDERR_REDIRECT] 
2026-03-06 12:01:49,442 [ERROR] LogOutputStream:75 - [STDERR_REDIRECT] [Fatal Error] :1:1: Premature end of file.
2026-03-06 12:01:49,442 [ERROR] LogOutputStream:75 - [STDERR_REDIRECT] 
2026-03-06 12:01:50,451 [ERROR] LogOutputStream:75 - [STDERR_REDIRECT] [Fatal Error] :1:1: Premature end of file.
2026-03-06 12:01:50,451 [ERROR] LogOutputStream:75 - [STDERR_REDIRECT] 
2026-03-06 12:01:51,443 [ERROR] LogOutputStream:75 - [STDERR_REDIRECT] [Fatal Error] :1:1: Premature end of file.
2026-03-06 12:01:51,443 [ERROR] LogOutputStream:75 - [STDERR_REDIRECT] 
2026-03-06 12:01:52,452 [ERROR] LogOutputStream:75 - [STDERR_REDIRECT] [Fatal Error] :1:1: Premature end of file.
2026-03-06 12:01:52,452 [ERROR] LogOutputStream:75 - [STDERR_REDIRECT] 
2026-03-06 12:01:53,462 [ERROR] LogOutputStream:75 - [STDERR_REDIRECT] [Fatal Error] :1:1: Premature end of file.
2026-03-06 12:01:53,462 [ERROR] LogOutputStream:75 - [STDERR_REDIRECT] 
2026-03-06 12:01:54,455 [ERROR] LogOutputStream:75 - [STDERR_REDIRECT] [Fatal Error] :1:1: Premature end of file.
2026-03-06 12:01:54,456 [ERROR] LogOutputStream:75 - [STDERR_REDIRECT] 
2026-03-06 12:01:55,461 [ERROR] LogOutputStream:75 - [STDERR_REDIRECT] [Fatal Error] :1:1: Premature end of file.
2026-03-06 12:01:55,461 [ERROR] LogOutputStream:75 - [STDERR_REDIRECT] 
2026-03-06 12:01:56,455 [ERROR] LogOutputStream:75 - [STDERR_REDIRECT] [Fatal Error] :1:1: Premature end of file.
2026-03-06 12:01:56,455 [ERROR] LogOutputStream:75 - [STDERR_REDIRECT] 
2026-03-06 12:01:57,449 [ERROR] LogOutputStream:75 - [STDERR_REDIRECT] [Fatal Error] :1:1: Premature end of file.
2026-03-06 12:01:57,449 [ERROR] LogOutputStream:75 - [STDERR_REDIRECT] 
2026-03-06 12:01:58,452 [ERROR] LogOutputStream:75 - [STDERR_REDIRECT] [Fatal Error] :1:1: Premature end of file.
2026-03-06 12:01:58,452 [ERROR] LogOutputStream:75 - [STDERR_REDIRECT] 
2026-03-06 12:01:59,444 [ERROR] LogOutputStream:75 - [STDERR_REDIRECT] [Fatal Error] :1:1: Premature end of file.
2026-03-06 12:01:59,444 [ERROR] LogOutputStream:75 - [STDERR_REDIRECT] 
2026-03-06 12:02:00,456 [ERROR] LogOutputStream:75 - [STDERR_REDIRECT] [Fatal Error] :1:1: Premature end of file.
2026-03-06 12:02:00,456 [ERROR] LogOutputStream:75 - [STDERR_REDIRECT] 
2026-03-06 12:02:01,451 [ERROR] LogOutputStream:75 - [STDERR_REDIRECT] [Fatal Error] :1:1: Premature end of file.
2026-03-06 12:02:01,451 [ERROR] LogOutputStream:75 - [STDERR_REDIRECT] 
2026-03-06 12:02:02,444 [ERROR] LogOutputStream:75 - [STDERR_REDIRECT] [Fatal Error] :1:1: Premature end of file.
2026-03-06 12:02:02,445 [ERROR] LogOutputStream:75 - [STDERR_REDIRECT] 
2026-03-06 12:02:03,451 [ERROR] LogOutputStream:75 - [STDERR_REDIRECT] [Fatal Error] :1:1: Premature end of file.
2026-03-06 12:02:03,452 [ERROR] LogOutputStream:75 - [STDERR_REDIRECT] 
2026-03-06 12:02:04,447 [ERROR] LogOutputStream:75 - [STDERR_REDIRECT] [Fatal Error] :1:1: Premature end of file.
2026-03-06 12:02:04,447 [ERROR] LogOutputStream:75 - [STDERR_REDIRECT] 
2026-03-06 12:02:05,446 [ERROR] LogOutputStream:75 - [STDERR_REDIRECT] [Fatal Error] :1:1: Premature end of file.
2026-03-06 12:02:05,446 [ERROR] LogOutputStream:75 - [STDERR_REDIRECT] 
2026-03-06 12:02:06,455 [ERROR] LogOutputStream:75 - [STDERR_REDIRECT] [Fatal Error] :1:1: Premature end of file.
2026-03-06 12:02:06,455 [ERROR] LogOutputStream:75 - [STDERR_REDIRECT] 
2026-03-06 12:02:07,452 [ERROR] LogOutputStream:75 - [STDERR_REDIRECT] [Fatal Error] :1:1: Premature end of file.
2026-03-06 12:02:07,452 [ERROR] LogOutputStream:75 - [STDERR_REDIRECT] 
2026-03-06 12:02:08,451 [ERROR] LogOutputStream:75 - [STDERR_REDIRECT] [Fatal Error] :1:1: Premature end of file.
2026-03-06 12:02:08,452 [ERROR] LogOutputStream:75 - [STDERR_REDIRECT] 
2026-03-06 12:02:09,448 [ERROR] LogOutputStream:75 - [STDERR_REDIRECT] [Fatal Error] :1:1: Premature end of file.
2026-03-06 12:02:09,448 [ERROR] LogOutputStream:75 - [STDERR_REDIRECT] 
2026-03-06 12:02:10,442 [ERROR] LogOutputStream:75 - [STDERR_REDIRECT] [Fatal Error] :1:1: Premature end of file.
2026-03-06 12:02:10,442 [ERROR] LogOutputStream:75 - [STDERR_REDIRECT] 
2026-03-06 12:02:11,444 [ERROR] LogOutputStream:75 - [STDERR_REDIRECT] [Fatal Error] :1:1: Premature end of file.
2026-03-06 12:02:11,444 [ERROR] LogOutputStream:75 - [STDERR_REDIRECT] 
2026-03-06 12:02:12,439 [ERROR] LogOutputStream:75 - [STDERR_REDIRECT] [Fatal Error] :1:1: Premature end of file.
2026-03-06 12:02:12,439 [ERROR] LogOutputStream:75 - [STDERR_REDIRECT] 
2026-03-06 12:02:13,440 [ERROR] LogOutputStream:75 - [STDERR_REDIRECT] [Fatal Error] :1:1: Premature end of file.
2026-03-06 12:02:13,440 [ERROR] LogOutputStream:75 - [STDERR_REDIRECT] 
2026-03-06 12:02:14,453 [ERROR] LogOutputStream:75 - [STDERR_REDIRECT] [Fatal Error] :1:1: Premature end of file.
2026-03-06 12:02:14,454 [ERROR] LogOutputStream:75 - [STDERR_REDIRECT] 
2026-03-06 12:02:15,450 [ERROR] LogOutputStream:75 - [STDERR_REDIRECT] [Fatal Error] :1:1: Premature end of file.
2026-03-06 12:02:15,450 [ERROR] LogOutputStream:75 - [STDERR_REDIRECT] 
2026-03-06 12:02:16,449 [ERROR] LogOutputStream:75 - [STDERR_REDIRECT] [Fatal Error] :1:1: Premature end of file.
2026-03-06 12:02:16,449 [ERROR] LogOutputStream:75 - [STDERR_REDIRECT] 
2026-03-06 12:02:17,451 [ERROR] LogOutputStream:75 - [STDERR_REDIRECT] [Fatal Error] :1:1: Premature end of file.
2026-03-06 12:02:17,451 [ERROR] LogOutputStream:75 - [STDERR_REDIRECT] 
2026-03-06 12:02:18,449 [ERROR] LogOutputStream:75 - [STDERR_REDIRECT] [Fatal Error] :1:1: Premature end of file.
2026-03-06 12:02:18,449 [ERROR] LogOutputStream:75 - [STDERR_REDIRECT] 
2026-03-06 12:02:19,448 [ERROR] LogOutputStream:75 - [STDERR_REDIRECT] [Fatal Error] :1:1: Premature end of file.
2026-03-06 12:02:19,448 [ERROR] LogOutputStream:75 - [STDERR_REDIRECT] 
2026-03-06 12:02:20,445 [ERROR] LogOutputStream:75 - [STDERR_REDIRECT] [Fatal Error] :1:1: Premature end of file.
2026-03-06 12:02:20,445 [ERROR] LogOutputStream:75 - [STDERR_REDIRECT] 
2026-03-06 12:02:21,455 [ERROR] LogOutputStream:75 - [STDERR_REDIRECT] [Fatal Error] :1:1: Premature end of file.
2026-03-06 12:02:21,455 [ERROR] LogOutputStream:75 - [STDERR_REDIRECT] 
2026-03-06 12:02:22,449 [ERROR] LogOutputStream:75 - [STDERR_REDIRECT] [Fatal Error] :1:1: Premature end of file.
2026-03-06 12:02:22,451 [ERROR] LogOutputStream:75 - [STDERR_REDIRECT] 
2026-03-06 12:02:23,449 [ERROR] LogOutputStream:75 - [STDERR_REDIRECT] [Fatal Error] :1:1: Premature end of file.
2026-03-06 12:02:23,449 [ERROR] LogOutputStream:75 - [STDERR_REDIRECT] 
2026-03-06 12:02:24,446 [ERROR] LogOutputStream:75 - [STDERR_REDIRECT] [Fatal Error] :1:1: Premature end of file.
2026-03-06 12:02:24,447 [ERROR] LogOutputStream:75 - [STDERR_REDIRECT] 
2026-03-06 12:02:25,452 [ERROR] LogOutputStream:75 - [STDERR_REDIRECT] [Fatal Error] :1:1: Premature end of file.
2026-03-06 12:02:25,452 [ERROR] LogOutputStream:75 - [STDERR_REDIRECT] 
2026-03-06 12:02:26,445 [ERROR] LogOutputStream:75 - [STDERR_REDIRECT] [Fatal Error] :1:1: Premature end of file.
2026-03-06 12:02:26,446 [ERROR] LogOutputStream:75 - [STDERR_REDIRECT] 
2026-03-06 12:02:27,442 [ERROR] LogOutputStream:75 - [STDERR_REDIRECT] [Fatal Error] :1:1: Premature end of file.
2026-03-06 12:02:27,442 [ERROR] LogOutputStream:75 - [STDERR_REDIRECT] 
2026-03-06 12:02:28,446 [ERROR] LogOutputStream:75 - [STDERR_REDIRECT] [Fatal Error] :1:1: Premature end of file.
2026-03-06 12:02:28,446 [ERROR] LogOutputStream:75 - [STDERR_REDIRECT] 
2026-03-06 12:02:29,441 [ERROR] LogOutputStream:75 - [STDERR_REDIRECT] [Fatal Error] :1:1: Premature end of file.
2026-03-06 12:02:29,441 [ERROR] LogOutputStream:75 - [STDERR_REDIRECT] 
2026-03-06 12:02:30,443 [ERROR] LogOutputStream:75 - [STDERR_REDIRECT] [Fatal Error] :1:1: Premature end of file.
2026-03-06 12:02:30,443 [ERROR] LogOutputStream:75 - [STDERR_REDIRECT] 
2026-03-06 12:02:31,443 [ERROR] LogOutputStream:75 - [STDERR_REDIRECT] [Fatal Error] :1:1: Premature end of file.
2026-03-06 12:02:31,443 [ERROR] LogOutputStream:75 - [STDERR_REDIRECT] 
2026-03-06 12:02:32,448 [ERROR] LogOutputStream:75 - [STDERR_REDIRECT] [Fatal Error] :1:1: Premature end of file.
2026-03-06 12:02:32,448 [ERROR] LogOutputStream:75 - [STDERR_REDIRECT] 
2026-03-06 12:02:33,462 [ERROR] LogOutputStream:75 - [STDERR_REDIRECT] [Fatal Error] :1:1: Premature end of file.
2026-03-06 12:02:33,462 [ERROR] LogOutputStream:75 - [STDERR_REDIRECT] 
2026-03-06 12:02:34,449 [ERROR] LogOutputStream:75 - [STDERR_REDIRECT] [Fatal Error] :1:1: Premature end of file.
2026-03-06 12:02:34,450 [ERROR] LogOutputStream:75 - [STDERR_REDIRECT] 
2026-03-06 12:02:35,450 [ERROR] LogOutputStream:75 - [STDERR_REDIRECT] [Fatal Error] :1:1: Premature end of file.
2026-03-06 12:02:35,450 [ERROR] LogOutputStream:75 - [STDERR_REDIRECT] 
2026-03-06 12:02:36,448 [ERROR] LogOutputStream:75 - [STDERR_REDIRECT] [Fatal Error] :1:1: Premature end of file.
2026-03-06 12:02:36,448 [ERROR] LogOutputStream:75 - [STDERR_REDIRECT] 
2026-03-06 12:02:37,446 [ERROR] LogOutputStream:75 - [STDERR_REDIRECT] [Fatal Error] :1:1: Premature end of file.
2026-03-06 12:02:37,447 [ERROR] LogOutputStream:75 - [STDERR_REDIRECT] 
2026-03-06 12:02:38,447 [ERROR] LogOutputStream:75 - [STDERR_REDIRECT] [Fatal Error] :1:1: Premature end of file.
2026-03-06 12:02:38,448 [ERROR] LogOutputStream:75 - [STDERR_REDIRECT] 
2026-03-06 12:02:39,440 [ERROR] LogOutputStream:75 - [STDERR_REDIRECT] [Fatal Error] :1:1: Premature end of file.
2026-03-06 12:02:39,441 [ERROR] LogOutputStream:75 - [STDERR_REDIRECT] 
2026-03-06 12:02:40,450 [ERROR] LogOutputStream:75 - [STDERR_REDIRECT] [Fatal Error] :1:1: Premature end of file.
2026-03-06 12:02:40,450 [ERROR] LogOutputStream:75 - [STDERR_REDIRECT] 
2026-03-06 12:02:41,443 [ERROR] LogOutputStream:75 - [STDERR_REDIRECT] [Fatal Error] :1:1: Premature end of file.
2026-03-06 12:02:41,443 [ERROR] LogOutputStream:75 - [STDERR_REDIRECT] 
2026-03-06 12:02:42,448 [ERROR] LogOutputStream:75 - [STDERR_REDIRECT] [Fatal Error] :1:1: Premature end of file.
2026-03-06 12:02:42,448 [ERROR] LogOutputStream:75 - [STDERR_REDIRECT] 
2026-03-06 12:02:43,448 [ERROR] LogOutputStream:75 - [STDERR_REDIRECT] [Fatal Error] :1:1: Premature end of file.
2026-03-06 12:02:43,449 [ERROR] LogOutputStream:75 - [STDERR_REDIRECT] 
2026-03-06 12:02:44,443 [ERROR] LogOutputStream:75 - [STDERR_REDIRECT] [Fatal Error] :1:1: Premature end of file.
2026-03-06 12:02:44,443 [ERROR] LogOutputStream:75 - [STDERR_REDIRECT] 
2026-03-06 12:02:45,441 [ERROR] LogOutputStream:75 - [STDERR_REDIRECT] [Fatal Error] :1:1: Premature end of file.
2026-03-06 12:02:45,441 [ERROR] LogOutputStream:75 - [STDERR_REDIRECT] 
2026-03-06 12:02:46,444 [ERROR] LogOutputStream:75 - [STDERR_REDIRECT] [Fatal Error] :1:1: Premature end of file.
2026-03-06 12:02:46,444 [ERROR] LogOutputStream:75 - [STDERR_REDIRECT] 
2026-03-06 12:02:47,453 [ERROR] LogOutputStream:75 - [STDERR_REDIRECT] [Fatal Error] :1:1: Premature end of file.
2026-03-06 12:02:47,453 [ERROR] LogOutputStream:75 - [STDERR_REDIRECT] 
2026-03-06 12:02:48,449 [ERROR] LogOutputStream:75 - [STDERR_REDIRECT] [Fatal Error] :1:1: Premature end of file.
2026-03-06 12:02:48,449 [ERROR] LogOutputStream:75 - [STDERR_REDIRECT] 
2026-03-06 12:02:49,462 [ERROR] LogOutputStream:75 - [STDERR_REDIRECT] [Fatal Error] :1:1: Premature end of file.
2026-03-06 12:02:49,462 [ERROR] LogOutputStream:75 - [STDERR_REDIRECT] 
2026-03-06 12:02:50,453 [ERROR] LogOutputStream:75 - [STDERR_REDIRECT] [Fatal Error] :1:1: Premature end of file.
2026-03-06 12:02:50,453 [ERROR] LogOutputStream:75 - [STDERR_REDIRECT] 
2026-03-06 12:02:51,442 [ERROR] LogOutputStream:75 - [STDERR_REDIRECT] [Fatal Error] :1:1: Premature end of file.
2026-03-06 12:02:51,442 [ERROR] LogOutputStream:75 - [STDERR_REDIRECT] 
2026-03-06 12:02:52,440 [ERROR] LogOutputStream:75 - [STDERR_REDIRECT] [Fatal Error] :1:1: Premature end of file.
2026-03-06 12:02:52,440 [ERROR] LogOutputStream:75 - [STDERR_REDIRECT] 
2026-03-06 12:02:53,456 [ERROR] LogOutputStream:75 - [STDERR_REDIRECT] [Fatal Error] :1:1: Premature end of file.
2026-03-06 12:02:53,457 [ERROR] LogOutputStream:75 - [STDERR_REDIRECT] 
2026-03-06 12:02:54,444 [ERROR] LogOutputStream:75 - [STDERR_REDIRECT] [Fatal Error] :1:1: Premature end of file.
2026-03-06 12:02:54,445 [ERROR] LogOutputStream:75 - [STDERR_REDIRECT] 
2026-03-06 12:02:55,438 [ERROR] LogOutputStream:75 - [STDERR_REDIRECT] [Fatal Error] :1:1: Premature end of file.
2026-03-06 12:02:55,438 [ERROR] LogOutputStream:75 - [STDERR_REDIRECT] 
2026-03-06 12:02:56,448 [ERROR] LogOutputStream:75 - [STDERR_REDIRECT] [Fatal Error] :1:1: Premature end of file.
2026-03-06 12:02:56,448 [ERROR] LogOutputStream:75 - [STDERR_REDIRECT] 
2026-03-06 12:02:57,449 [ERROR] LogOutputStream:75 - [STDERR_REDIRECT] [Fatal Error] :1:1: Premature end of file.
2026-03-06 12:02:57,449 [ERROR] LogOutputStream:75 - [STDERR_REDIRECT] 
2026-03-06 12:02:58,448 [ERROR] LogOutputStream:75 - [STDERR_REDIRECT] [Fatal Error] :1:1: Premature end of file.
2026-03-06 12:02:58,449 [ERROR] LogOutputStream:75 - [STDERR_REDIRECT] 
2026-03-06 12:02:59,450 [ERROR] LogOutputStream:75 - [STDERR_REDIRECT] [Fatal Error] :1:1: Premature end of file.
2026-03-06 12:02:59,451 [ERROR] LogOutputStream:75 - [STDERR_REDIRECT] 
2026-03-06 12:03:00,448 [ERROR] LogOutputStream:75 - [STDERR_REDIRECT] [Fatal Error] :1:1: Premature end of file.
2026-03-06 12:03:00,448 [ERROR] LogOutputStream:75 - [STDERR_REDIRECT] 
2026-03-06 12:03:01,443 [ERROR] LogOutputStream:75 - [STDERR_REDIRECT] [Fatal Error] :1:1: Premature end of file.
2026-03-06 12:03:01,443 [ERROR] LogOutputStream:75 - [STDERR_REDIRECT] 
2026-03-06 12:03:02,443 [ERROR] LogOutputStream:75 - [STDERR_REDIRECT] [Fatal Error] :1:1: Premature end of file.
2026-03-06 12:03:02,443 [ERROR] LogOutputStream:75 - [STDERR_REDIRECT] 
2026-03-06 12:03:03,453 [ERROR] LogOutputStream:75 - [STDERR_REDIRECT] [Fatal Error] :1:1: Premature end of file.
2026-03-06 12:03:03,453 [ERROR] LogOutputStream:75 - [STDERR_REDIRECT] 
2026-03-06 12:03:04,454 [ERROR] LogOutputStream:75 - [STDERR_REDIRECT] [Fatal Error] :1:1: Premature end of file.
2026-03-06 12:03:04,454 [ERROR] LogOutputStream:75 - [STDERR_REDIRECT] 
2026-03-06 12:03:05,449 [ERROR] LogOutputStream:75 - [STDERR_REDIRECT] [Fatal Error] :1:1: Premature end of file.
2026-03-06 12:03:05,451 [ERROR] LogOutputStream:75 - [STDERR_REDIRECT] 
2026-03-06 12:03:06,450 [ERROR] LogOutputStream:75 - [STDERR_REDIRECT] [Fatal Error] :1:1: Premature end of file.
2026-03-06 12:03:06,450 [ERROR] LogOutputStream:75 - [STDERR_REDIRECT] 
2026-03-06 12:03:07,451 [ERROR] LogOutputStream:75 - [STDERR_REDIRECT] [Fatal Error] :1:1: Premature end of file.
2026-03-06 12:03:07,452 [ERROR] LogOutputStream:75 - [STDERR_REDIRECT] 
2026-03-06 12:03:08,450 [ERROR] LogOutputStream:75 - [STDERR_REDIRECT] [Fatal Error] :1:1: Premature end of file.
2026-03-06 12:03:08,450 [ERROR] LogOutputStream:75 - [STDERR_REDIRECT] 
2026-03-06 12:03:09,443 [ERROR] LogOutputStream:75 - [STDERR_REDIRECT] [Fatal Error] :1:1: Premature end of file.
2026-03-06 12:03:09,443 [ERROR] LogOutputStream:75 - [STDERR_REDIRECT] 
2026-03-06 12:03:10,439 [ERROR] LogOutputStream:75 - [STDERR_REDIRECT] [Fatal Error] :1:1: Premature end of file.
2026-03-06 12:03:10,442 [ERROR] LogOutputStream:75 - [STDERR_REDIRECT] 
2026-03-06 12:03:11,455 [ERROR] LogOutputStream:75 - [STDERR_REDIRECT] [Fatal Error] :1:1: Premature end of file.
2026-03-06 12:03:11,455 [ERROR] LogOutputStream:75 - [STDERR_REDIRECT] 
2026-03-06 12:03:12,454 [ERROR] LogOutputStream:75 - [STDERR_REDIRECT] [Fatal Error] :1:1: Premature end of file.
2026-03-06 12:03:12,454 [ERROR] LogOutputStream:75 - [STDERR_REDIRECT] 
2026-03-06 12:03:13,445 [ERROR] LogOutputStream:75 - [STDERR_REDIRECT] [Fatal Error] :1:1: Premature end of file.
2026-03-06 12:03:13,445 [ERROR] LogOutputStream:75 - [STDERR_REDIRECT] 
2026-03-06 12:03:14,438 [ERROR] LogOutputStream:75 - [STDERR_REDIRECT] [Fatal Error] :1:1: Premature end of file.
2026-03-06 12:03:14,438 [ERROR] LogOutputStream:75 - [STDERR_REDIRECT] 
2026-03-06 12:03:15,441 [ERROR] LogOutputStream:75 - [STDERR_REDIRECT] [Fatal Error] :1:1: Premature end of file.
2026-03-06 12:03:15,441 [ERROR] LogOutputStream:75 - [STDERR_REDIRECT] 
2026-03-06 12:03:16,443 [ERROR] LogOutputStream:75 - [STDERR_REDIRECT] [Fatal Error] :1:1: Premature end of file.
2026-03-06 12:03:16,444 [ERROR] LogOutputStream:75 - [STDERR_REDIRECT] 
2026-03-06 12:03:17,435 [ERROR] LogOutputStream:75 - [STDERR_REDIRECT] [Fatal Error] :1:1: Premature end of file.
2026-03-06 12:03:17,435 [ERROR] LogOutputStream:75 - [STDERR_REDIRECT] 
2026-03-06 12:03:18,446 [ERROR] LogOutputStream:75 - [STDERR_REDIRECT] [Fatal Error] :1:1: Premature end of file.
2026-03-06 12:03:18,446 [ERROR] LogOutputStream:75 - [STDERR_REDIRECT] 
2026-03-06 12:03:19,442 [ERROR] LogOutputStream:75 - [STDERR_REDIRECT] [Fatal Error] :1:1: Premature end of file.
2026-03-06 12:03:19,442 [ERROR] LogOutputStream:75 - [STDERR_REDIRECT] 
2026-03-06 12:03:20,449 [ERROR] LogOutputStream:75 - [STDERR_REDIRECT] [Fatal Error] :1:1: Premature end of file.
2026-03-06 12:03:20,449 [ERROR] LogOutputStream:75 - [STDERR_REDIRECT] 
2026-03-06 12:03:21,452 [ERROR] LogOutputStream:75 - [STDERR_REDIRECT] [Fatal Error] :1:1: Premature end of file.
2026-03-06 12:03:21,452 [ERROR] LogOutputStream:75 - [STDERR_REDIRECT] 
2026-03-06 12:03:22,451 [ERROR] LogOutputStream:75 - [STDERR_REDIRECT] [Fatal Error] :1:1: Premature end of file.
2026-03-06 12:03:22,451 [ERROR] LogOutputStream:75 - [STDERR_REDIRECT] 
2026-03-06 12:03:23,448 [ERROR] LogOutputStream:75 - [STDERR_REDIRECT] [Fatal Error] :1:1: Premature end of file.
2026-03-06 12:03:23,449 [ERROR] LogOutputStream:75 - [STDERR_REDIRECT] 
2026-03-06 12:03:24,444 [ERROR] LogOutputStream:75 - [STDERR_REDIRECT] [Fatal Error] :1:1: Premature end of file.
2026-03-06 12:03:24,444 [ERROR] LogOutputStream:75 - [STDERR_REDIRECT] 
2026-03-06 12:03:25,449 [ERROR] LogOutputStream:75 - [STDERR_REDIRECT] [Fatal Error] :1:1: Premature end of file.
2026-03-06 12:03:25,449 [ERROR] LogOutputStream:75 - [STDERR_REDIRECT] 
2026-03-06 12:03:26,440 [ERROR] LogOutputStream:75 - [STDERR_REDIRECT] [Fatal Error] :1:1: Premature end of file.
2026-03-06 12:03:26,440 [ERROR] LogOutputStream:75 - [STDERR_REDIRECT] 
2026-03-06 12:03:27,451 [ERROR] LogOutputStream:75 - [STDERR_REDIRECT] [Fatal Error] :1:1: Premature end of file.
2026-03-06 12:03:27,451 [ERROR] LogOutputStream:75 - [STDERR_REDIRECT] 
2026-03-06 12:03:28,442 [ERROR] LogOutputStream:75 - [STDERR_REDIRECT] [Fatal Error] :1:1: Premature end of file.
2026-03-06 12:03:28,442 [ERROR] LogOutputStream:75 - [STDERR_REDIRECT] 
2026-03-06 12:03:29,455 [ERROR] LogOutputStream:75 - [STDERR_REDIRECT] [Fatal Error] :1:1: Premature end of file.
2026-03-06 12:03:29,455 [ERROR] LogOutputStream:75 - [STDERR_REDIRECT] 
2026-03-06 12:03:30,451 [ERROR] LogOutputStream:75 - [STDERR_REDIRECT] [Fatal Error] :1:1: Premature end of file.
2026-03-06 12:03:30,452 [ERROR] LogOutputStream:75 - [STDERR_REDIRECT] 
2026-03-06 12:03:31,457 [ERROR] LogOutputStream:75 - [STDERR_REDIRECT] [Fatal Error] :1:1: Premature end of file.
2026-03-06 12:03:31,458 [ERROR] LogOutputStream:75 - [STDERR_REDIRECT] 
2026-03-06 12:03:32,445 [ERROR] LogOutputStream:75 - [STDERR_REDIRECT] [Fatal Error] :1:1: Premature end of file.
2026-03-06 12:03:32,445 [ERROR] LogOutputStream:75 - [STDERR_REDIRECT] 
2026-03-06 12:03:33,447 [ERROR] LogOutputStream:75 - [STDERR_REDIRECT] [Fatal Error] :1:1: Premature end of file.
2026-03-06 12:03:33,447 [ERROR] LogOutputStream:75 - [STDERR_REDIRECT] 
2026-03-06 12:03:34,446 [ERROR] LogOutputStream:75 - [STDERR_REDIRECT] [Fatal Error] :1:1: Premature end of file.
2026-03-06 12:03:34,446 [ERROR] LogOutputStream:75 - [STDERR_REDIRECT] 
2026-03-06 12:03:35,458 [ERROR] LogOutputStream:75 - [STDERR_REDIRECT] [Fatal Error] :1:1: Premature end of file.
2026-03-06 12:03:35,458 [ERROR] LogOutputStream:75 - [STDERR_REDIRECT] 
2026-03-06 12:03:36,455 [ERROR] LogOutputStream:75 - [STDERR_REDIRECT] [Fatal Error] :1:1: Premature end of file.
2026-03-06 12:03:36,456 [ERROR] LogOutputStream:75 - [STDERR_REDIRECT] 
2026-03-06 12:03:37,449 [ERROR] LogOutputStream:75 - [STDERR_REDIRECT] [Fatal Error] :1:1: Premature end of file.
2026-03-06 12:03:37,449 [ERROR] LogOutputStream:75 - [STDERR_REDIRECT] 
2026-03-06 12:03:38,447 [ERROR] LogOutputStream:75 - [STDERR_REDIRECT] [Fatal Error] :1:1: Premature end of file.
2026-03-06 12:03:38,447 [ERROR] LogOutputStream:75 - [STDERR_REDIRECT] 
2026-03-06 12:03:39,446 [ERROR] LogOutputStream:75 - [STDERR_REDIRECT] [Fatal Error] :1:1: Premature end of file.
2026-03-06 12:03:39,446 [ERROR] LogOutputStream:75 - [STDERR_REDIRECT] 
2026-03-06 12:03:40,446 [ERROR] LogOutputStream:75 - [STDERR_REDIRECT] [Fatal Error] :1:1: Premature end of file.
2026-03-06 12:03:40,446 [ERROR] LogOutputStream:75 - [STDERR_REDIRECT] 
2026-03-06 12:03:41,454 [ERROR] LogOutputStream:75 - [STDERR_REDIRECT] [Fatal Error] :1:1: Premature end of file.
2026-03-06 12:03:41,454 [ERROR] LogOutputStream:75 - [STDERR_REDIRECT] 
2026-03-06 12:03:42,456 [ERROR] LogOutputStream:75 - [STDERR_REDIRECT] [Fatal Error] :1:1: Premature end of file.
2026-03-06 12:03:42,457 [ERROR] LogOutputStream:75 - [STDERR_REDIRECT] 
2026-03-06 12:03:43,451 [ERROR] LogOutputStream:75 - [STDERR_REDIRECT] [Fatal Error] :1:1: Premature end of file.
2026-03-06 12:03:43,452 [ERROR] LogOutputStream:75 - [STDERR_REDIRECT] 
2026-03-06 12:03:44,450 [ERROR] LogOutputStream:75 - [STDERR_REDIRECT] [Fatal Error] :1:1: Premature end of file.
2026-03-06 12:03:44,452 [ERROR] LogOutputStream:75 - [STDERR_REDIRECT] 
2026-03-06 12:03:45,449 [ERROR] LogOutputStream:75 - [STDERR_REDIRECT] [Fatal Error] :1:1: Premature end of file.
2026-03-06 12:03:45,449 [ERROR] LogOutputStream:75 - [STDERR_REDIRECT] 
2026-03-06 12:03:46,446 [ERROR] LogOutputStream:75 - [STDERR_REDIRECT] [Fatal Error] :1:1: Premature end of file.
2026-03-06 12:03:46,446 [ERROR] LogOutputStream:75 - [STDERR_REDIRECT] 
2026-03-06 12:03:47,449 [ERROR] LogOutputStream:75 - [STDERR_REDIRECT] [Fatal Error] :1:1: Premature end of file.
2026-03-06 12:03:47,449 [ERROR] LogOutputStream:75 - [STDERR_REDIRECT] 
2026-03-06 12:03:48,449 [ERROR] LogOutputStream:75 - [STDERR_REDIRECT] [Fatal Error] :1:1: Premature end of file.
2026-03-06 12:03:48,449 [ERROR] LogOutputStream:75 - [STDERR_REDIRECT] 
2026-03-06 12:03:49,441 [ERROR] LogOutputStream:75 - [STDERR_REDIRECT] [Fatal Error] :1:1: Premature end of file.
2026-03-06 12:03:49,441 [ERROR] LogOutputStream:75 - [STDERR_REDIRECT] 
2026-03-06 12:03:50,447 [ERROR] LogOutputStream:75 - [STDERR_REDIRECT] [Fatal Error] :1:1: Premature end of file.
2026-03-06 12:03:50,447 [ERROR] LogOutputStream:75 - [STDERR_REDIRECT] 
2026-03-06 12:03:51,451 [ERROR] LogOutputStream:75 - [STDERR_REDIRECT] [Fatal Error] :1:1: Premature end of file.
2026-03-06 12:03:51,451 [ERROR] LogOutputStream:75 - [STDERR_REDIRECT] 
2026-03-06 12:03:52,441 [ERROR] LogOutputStream:75 - [STDERR_REDIRECT] [Fatal Error] :1:1: Premature end of file.
2026-03-06 12:03:52,441 [ERROR] LogOutputStream:75 - [STDERR_REDIRECT] 
2026-03-06 12:03:53,450 [ERROR] LogOutputStream:75 - [STDERR_REDIRECT] [Fatal Error] :1:1: Premature end of file.
2026-03-06 12:03:53,450 [ERROR] LogOutputStream:75 - [STDERR_REDIRECT] 
2026-03-06 12:03:54,447 [ERROR] LogOutputStream:75 - [STDERR_REDIRECT] [Fatal Error] :1:1: Premature end of file.
2026-03-06 12:03:54,447 [ERROR] LogOutputStream:75 - [STDERR_REDIRECT] 
2026-03-06 12:03:55,457 [ERROR] LogOutputStream:75 - [STDERR_REDIRECT] [Fatal Error] :1:1: Premature end of file.
2026-03-06 12:03:55,457 [ERROR] LogOutputStream:75 - [STDERR_REDIRECT] 
2026-03-06 12:03:56,440 [ERROR] LogOutputStream:75 - [STDERR_REDIRECT] [Fatal Error] :1:1: Premature end of file.
2026-03-06 12:03:56,440 [ERROR] LogOutputStream:75 - [STDERR_REDIRECT] 
2026-03-06 12:03:57,452 [ERROR] LogOutputStream:75 - [STDERR_REDIRECT] [Fatal Error] :1:1: Premature end of file.
2026-03-06 12:03:57,452 [ERROR] LogOutputStream:75 - [STDERR_REDIRECT] 
2026-03-06 12:03:58,445 [ERROR] LogOutputStream:75 - [STDERR_REDIRECT] [Fatal Error] :1:1: Premature end of file.
2026-03-06 12:03:58,445 [ERROR] LogOutputStream:75 - [STDERR_REDIRECT] 
2026-03-06 12:03:59,456 [ERROR] LogOutputStream:75 - [STDERR_REDIRECT] [Fatal Error] :1:1: Premature end of file.
2026-03-06 12:03:59,456 [ERROR] LogOutputStream:75 - [STDERR_REDIRECT] 
2026-03-06 12:04:00,445 [ERROR] LogOutputStream:75 - [STDERR_REDIRECT] [Fatal Error] :1:1: Premature end of file.
2026-03-06 12:04:00,445 [ERROR] LogOutputStream:75 - [STDERR_REDIRECT] 
2026-03-06 12:04:01,456 [ERROR] LogOutputStream:75 - [STDERR_REDIRECT] [Fatal Error] :1:1: Premature end of file.
2026-03-06 12:04:01,456 [ERROR] LogOutputStream:75 - [STDERR_REDIRECT] 
2026-03-06 12:04:02,443 [ERROR] LogOutputStream:75 - [STDERR_REDIRECT] [Fatal Error] :1:1: Premature end of file.
2026-03-06 12:04:02,443 [ERROR] LogOutputStream:75 - [STDERR_REDIRECT] 
2026-03-06 12:04:03,446 [ERROR] LogOutputStream:75 - [STDERR_REDIRECT] [Fatal Error] :1:1: Premature end of file.
2026-03-06 12:04:03,446 [ERROR] LogOutputStream:75 - [STDERR_REDIRECT] 
2026-03-06 12:04:04,455 [ERROR] LogOutputStream:75 - [STDERR_REDIRECT] [Fatal Error] :1:1: Premature end of file.
2026-03-06 12:04:04,455 [ERROR] LogOutputStream:75 - [STDERR_REDIRECT] 
2026-03-06 12:04:05,458 [ERROR] LogOutputStream:75 - [STDERR_REDIRECT] [Fatal Error] :1:1: Premature end of file.
2026-03-06 12:04:05,458 [ERROR] LogOutputStream:75 - [STDERR_REDIRECT] 
2026-03-06 12:04:06,452 [ERROR] LogOutputStream:75 - [STDERR_REDIRECT] [Fatal Error] :1:1: Premature end of file.
2026-03-06 12:04:06,452 [ERROR] LogOutputStream:75 - [STDERR_REDIRECT] 
2026-03-06 12:04:07,446 [ERROR] LogOutputStream:75 - [STDERR_REDIRECT] [Fatal Error] :1:1: Premature end of file.
2026-03-06 12:04:07,446 [ERROR] LogOutputStream:75 - [STDERR_REDIRECT] 
2026-03-06 12:04:08,451 [ERROR] LogOutputStream:75 - [STDERR_REDIRECT] [Fatal Error] :1:1: Premature end of file.
2026-03-06 12:04:08,451 [ERROR] LogOutputStream:75 - [STDERR_REDIRECT] 
2026-03-06 12:04:09,455 [ERROR] LogOutputStream:75 - [STDERR_REDIRECT] [Fatal Error] :1:1: Premature end of file.
2026-03-06 12:04:09,455 [ERROR] LogOutputStream:75 - [STDERR_REDIRECT] 
2026-03-06 12:04:10,440 [ERROR] LogOutputStream:75 - [STDERR_REDIRECT] [Fatal Error] :1:1: Premature end of file.
2026-03-06 12:04:10,441 [ERROR] LogOutputStream:75 - [STDERR_REDIRECT] 
2026-03-06 12:04:11,441 [ERROR] LogOutputStream:75 - [STDERR_REDIRECT] [Fatal Error] :1:1: Premature end of file.
2026-03-06 12:04:11,442 [ERROR] LogOutputStream:75 - [STDERR_REDIRECT] 
2026-03-06 12:04:12,446 [ERROR] LogOutputStream:75 - [STDERR_REDIRECT] [Fatal Error] :1:1: Premature end of file.
2026-03-06 12:04:12,446 [ERROR] LogOutputStream:75 - [STDERR_REDIRECT] 
2026-03-06 12:04:13,454 [ERROR] LogOutputStream:75 - [STDERR_REDIRECT] [Fatal Error] :1:1: Premature end of file.
2026-03-06 12:04:13,454 [ERROR] LogOutputStream:75 - [STDERR_REDIRECT] 
2026-03-06 12:04:14,451 [ERROR] LogOutputStream:75 - [STDERR_REDIRECT] [Fatal Error] :1:1: Premature end of file.
2026-03-06 12:04:14,451 [ERROR] LogOutputStream:75 - [STDERR_REDIRECT] 
2026-03-06 12:04:15,446 [ERROR] LogOutputStream:75 - [STDERR_REDIRECT] [Fatal Error] :1:1: Premature end of file.
2026-03-06 12:04:15,448 [ERROR] LogOutputStream:75 - [STDERR_REDIRECT] 
2026-03-06 12:04:16,450 [ERROR] LogOutputStream:75 - [STDERR_REDIRECT] [Fatal Error] :1:1: Premature end of file.
2026-03-06 12:04:16,450 [ERROR] LogOutputStream:75 - [STDERR_REDIRECT] 
2026-03-06 12:04:17,453 [ERROR] LogOutputStream:75 - [STDERR_REDIRECT] [Fatal Error] :1:1: Premature end of file.
2026-03-06 12:04:17,454 [ERROR] LogOutputStream:75 - [STDERR_REDIRECT] 
2026-03-06 12:04:18,453 [ERROR] LogOutputStream:75 - [STDERR_REDIRECT] [Fatal Error] :1:1: Premature end of file.
2026-03-06 12:04:18,454 [ERROR] LogOutputStream:75 - [STDERR_REDIRECT] 
2026-03-06 12:04:19,464 [ERROR] LogOutputStream:75 - [STDERR_REDIRECT] [Fatal Error] :1:1: Premature end of file.
2026-03-06 12:04:19,464 [ERROR] LogOutputStream:75 - [STDERR_REDIRECT] 
2026-03-06 12:04:20,456 [ERROR] LogOutputStream:75 - [STDERR_REDIRECT] [Fatal Error] :1:1: Premature end of file.
2026-03-06 12:04:20,456 [ERROR] LogOutputStream:75 - [STDERR_REDIRECT] 
2026-03-06 12:04:21,455 [ERROR] LogOutputStream:75 - [STDERR_REDIRECT] [Fatal Error] :1:1: Premature end of file.
2026-03-06 12:04:21,455 [ERROR] LogOutputStream:75 - [STDERR_REDIRECT] 
2026-03-06 12:04:22,459 [ERROR] LogOutputStream:75 - [STDERR_REDIRECT] [Fatal Error] :1:1: Premature end of file.
2026-03-06 12:04:22,459 [ERROR] LogOutputStream:75 - [STDERR_REDIRECT] 
2026-03-06 12:04:23,446 [ERROR] LogOutputStream:75 - [STDERR_REDIRECT] [Fatal Error] :1:1: Premature end of file.
2026-03-06 12:04:23,446 [ERROR] LogOutputStream:75 - [STDERR_REDIRECT] 
2026-03-06 12:04:24,453 [ERROR] LogOutputStream:75 - [STDERR_REDIRECT] [Fatal Error] :1:1: Premature end of file.
2026-03-06 12:04:24,457 [ERROR] LogOutputStream:75 - [STDERR_REDIRECT] 
2026-03-06 12:04:25,459 [ERROR] LogOutputStream:75 - [STDERR_REDIRECT] [Fatal Error] :1:1: Premature end of file.
2026-03-06 12:04:25,459 [ERROR] LogOutputStream:75 - [STDERR_REDIRECT] 
2026-03-06 12:04:26,459 [ERROR] LogOutputStream:75 - [STDERR_REDIRECT] [Fatal Error] :1:1: Premature end of file.
2026-03-06 12:04:26,459 [ERROR] LogOutputStream:75 - [STDERR_REDIRECT] 
2026-03-06 12:04:27,455 [ERROR] LogOutputStream:75 - [STDERR_REDIRECT] [Fatal Error] :1:1: Premature end of file.
2026-03-06 12:04:27,455 [ERROR] LogOutputStream:75 - [STDERR_REDIRECT] 
2026-03-06 12:04:28,459 [ERROR] LogOutputStream:75 - [STDERR_REDIRECT] [Fatal Error] :1:1: Premature end of file.
2026-03-06 12:04:28,459 [ERROR] LogOutputStream:75 - [STDERR_REDIRECT] 
2026-03-06 12:04:29,458 [ERROR] LogOutputStream:75 - [STDERR_REDIRECT] [Fatal Error] :1:1: Premature end of file.
2026-03-06 12:04:29,458 [ERROR] LogOutputStream:75 - [STDERR_REDIRECT] 
2026-03-06 12:04:30,447 [ERROR] LogOutputStream:75 - [STDERR_REDIRECT] [Fatal Error] :1:1: Premature end of file.
2026-03-06 12:04:30,447 [ERROR] LogOutputStream:75 - [STDERR_REDIRECT] 
2026-03-06 12:04:31,443 [ERROR] LogOutputStream:75 - [STDERR_REDIRECT] [Fatal Error] :1:1: Premature end of file.
2026-03-06 12:04:31,443 [ERROR] LogOutputStream:75 - [STDERR_REDIRECT] 
2026-03-06 12:04:32,447 [ERROR] LogOutputStream:75 - [STDERR_REDIRECT] [Fatal Error] :1:1: Premature end of file.
2026-03-06 12:04:32,447 [ERROR] LogOutputStream:75 - [STDERR_REDIRECT] 
2026-03-06 12:04:33,441 [ERROR] LogOutputStream:75 - [STDERR_REDIRECT] [Fatal Error] :1:1: Premature end of file.
2026-03-06 12:04:33,441 [ERROR] LogOutputStream:75 - [STDERR_REDIRECT] 
2026-03-06 12:04:34,454 [ERROR] LogOutputStream:75 - [STDERR_REDIRECT] [Fatal Error] :1:1: Premature end of file.
2026-03-06 12:04:34,454 [ERROR] LogOutputStream:75 - [STDERR_REDIRECT] 
2026-03-06 12:04:35,455 [ERROR] LogOutputStream:75 - [STDERR_REDIRECT] [Fatal Error] :1:1: Premature end of file.
2026-03-06 12:04:35,455 [ERROR] LogOutputStream:75 - [STDERR_REDIRECT] 
2026-03-06 12:04:36,454 [ERROR] LogOutputStream:75 - [STDERR_REDIRECT] [Fatal Error] :1:1: Premature end of file.
2026-03-06 12:04:36,454 [ERROR] LogOutputStream:75 - [STDERR_REDIRECT] 
2026-03-06 12:04:37,442 [ERROR] LogOutputStream:75 - [STDERR_REDIRECT] [Fatal Error] :1:1: Premature end of file.
2026-03-06 12:04:37,442 [ERROR] LogOutputStream:75 - [STDERR_REDIRECT] 
2026-03-06 12:04:38,448 [ERROR] LogOutputStream:75 - [STDERR_REDIRECT] [Fatal Error] :1:1: Premature end of file.
2026-03-06 12:04:38,448 [ERROR] LogOutputStream:75 - [STDERR_REDIRECT] 
2026-03-06 12:04:39,449 [ERROR] LogOutputStream:75 - [STDERR_REDIRECT] [Fatal Error] :1:1: Premature end of file.
2026-03-06 12:04:39,449 [ERROR] LogOutputStream:75 - [STDERR_REDIRECT] 
2026-03-06 12:04:40,450 [ERROR] LogOutputStream:75 - [STDERR_REDIRECT] [Fatal Error] :1:1: Premature end of file.
2026-03-06 12:04:40,450 [ERROR] LogOutputStream:75 - [STDERR_REDIRECT] 
2026-03-06 12:04:41,447 [ERROR] LogOutputStream:75 - [STDERR_REDIRECT] [Fatal Error] :1:1: Premature end of file.
2026-03-06 12:04:41,448 [ERROR] LogOutputStream:75 - [STDERR_REDIRECT] 
2026-03-06 12:04:42,447 [ERROR] LogOutputStream:75 - [STDERR_REDIRECT] [Fatal Error] :1:1: Premature end of file.
2026-03-06 12:04:42,447 [ERROR] LogOutputStream:75 - [STDERR_REDIRECT] 
2026-03-06 12:04:43,439 [ERROR] LogOutputStream:75 - [STDERR_REDIRECT] [Fatal Error] :1:1: Premature end of file.
2026-03-06 12:04:43,439 [ERROR] LogOutputStream:75 - [STDERR_REDIRECT] 
2026-03-06 12:04:44,455 [ERROR] LogOutputStream:75 - [STDERR_REDIRECT] [Fatal Error] :1:1: Premature end of file.
2026-03-06 12:04:44,455 [ERROR] LogOutputStream:75 - [STDERR_REDIRECT] 
2026-03-06 12:04:45,441 [ERROR] LogOutputStream:75 - [STDERR_REDIRECT] [Fatal Error] :1:1: Premature end of file.
2026-03-06 12:04:45,441 [ERROR] LogOutputStream:75 - [STDERR_REDIRECT] 
2026-03-06 12:04:46,453 [ERROR] LogOutputStream:75 - [STDERR_REDIRECT] [Fatal Error] :1:1: Premature end of file.
2026-03-06 12:04:46,453 [ERROR] LogOutputStream:75 - [STDERR_REDIRECT] 
2026-03-06 12:04:47,436 [ERROR] LogOutputStream:75 - [STDERR_REDIRECT] [Fatal Error] :1:1: Premature end of file.
2026-03-06 12:04:47,443 [ERROR] LogOutputStream:75 - [STDERR_REDIRECT] 
2026-03-06 12:04:48,442 [ERROR] LogOutputStream:75 - [STDERR_REDIRECT] [Fatal Error] :1:1: Premature end of file.
2026-03-06 12:04:48,442 [ERROR] LogOutputStream:75 - [STDERR_REDIRECT] 
2026-03-06 12:04:49,444 [ERROR] LogOutputStream:75 - [STDERR_REDIRECT] [Fatal Error] :1:1: Premature end of file.
2026-03-06 12:04:49,444 [ERROR] LogOutputStream:75 - [STDERR_REDIRECT] 
2026-03-06 12:04:50,447 [ERROR] LogOutputStream:75 - [STDERR_REDIRECT] [Fatal Error] :1:1: Premature end of file.
2026-03-06 12:04:50,447 [ERROR] LogOutputStream:75 - [STDERR_REDIRECT] 
2026-03-06 12:04:51,443 [ERROR] LogOutputStream:75 - [STDERR_REDIRECT] [Fatal Error] :1:1: Premature end of file.
2026-03-06 12:04:51,443 [ERROR] LogOutputStream:75 - [STDERR_REDIRECT] 
2026-03-06 12:04:52,441 [ERROR] LogOutputStream:75 - [STDERR_REDIRECT] [Fatal Error] :1:1: Premature end of file.
2026-03-06 12:04:52,441 [ERROR] LogOutputStream:75 - [STDERR_REDIRECT] 
2026-03-06 12:04:53,439 [ERROR] LogOutputStream:75 - [STDERR_REDIRECT] [Fatal Error] :1:1: Premature end of file.
2026-03-06 12:04:53,439 [ERROR] LogOutputStream:75 - [STDERR_REDIRECT] 
2026-03-06 12:04:54,454 [ERROR] LogOutputStream:75 - [STDERR_REDIRECT] [Fatal Error] :1:1: Premature end of file.
2026-03-06 12:04:54,454 [ERROR] LogOutputStream:75 - [STDERR_REDIRECT] 
2026-03-06 12:04:55,454 [ERROR] LogOutputStream:75 - [STDERR_REDIRECT] [Fatal Error] :1:1: Premature end of file.
2026-03-06 12:04:55,454 [ERROR] LogOutputStream:75 - [STDERR_REDIRECT] 
2026-03-06 12:04:56,453 [ERROR] LogOutputStream:75 - [STDERR_REDIRECT] [Fatal Error] :1:1: Premature end of file.
2026-03-06 12:04:56,453 [ERROR] LogOutputStream:75 - [STDERR_REDIRECT] 
2026-03-06 12:04:57,443 [ERROR] LogOutputStream:75 - [STDERR_REDIRECT] [Fatal Error] :1:1: Premature end of file.
2026-03-06 12:04:57,443 [ERROR] LogOutputStream:75 - [STDERR_REDIRECT] 
2026-03-06 12:04:58,446 [ERROR] LogOutputStream:75 - [STDERR_REDIRECT] [Fatal Error] :1:1: Premature end of file.
2026-03-06 12:04:58,446 [ERROR] LogOutputStream:75 - [STDERR_REDIRECT] 
2026-03-06 12:04:59,441 [ERROR] LogOutputStream:75 - [STDERR_REDIRECT] [Fatal Error] :1:1: Premature end of file.
2026-03-06 12:04:59,441 [ERROR] LogOutputStream:75 - [STDERR_REDIRECT] 
2026-03-06 12:05:00,455 [ERROR] LogOutputStream:75 - [STDERR_REDIRECT] [Fatal Error] :1:1: Premature end of file.
2026-03-06 12:05:00,455 [ERROR] LogOutputStream:75 - [STDERR_REDIRECT] 
2026-03-06 12:05:01,441 [ERROR] LogOutputStream:75 - [STDERR_REDIRECT] [Fatal Error] :1:1: Premature end of file.
2026-03-06 12:05:01,444 [ERROR] LogOutputStream:75 - [STDERR_REDIRECT] 
2026-03-06 12:05:02,451 [ERROR] LogOutputStream:75 - [STDERR_REDIRECT] [Fatal Error] :1:1: Premature end of file.
2026-03-06 12:05:02,451 [ERROR] LogOutputStream:75 - [STDERR_REDIRECT] 
2026-03-06 12:05:03,452 [ERROR] LogOutputStream:75 - [STDERR_REDIRECT] [Fatal Error] :1:1: Premature end of file.
2026-03-06 12:05:03,453 [ERROR] LogOutputStream:75 - [STDERR_REDIRECT] 
2026-03-06 12:05:04,441 [ERROR] LogOutputStream:75 - [STDERR_REDIRECT] [Fatal Error] :1:1: Premature end of file.
2026-03-06 12:05:04,441 [ERROR] LogOutputStream:75 - [STDERR_REDIRECT] 
2026-03-06 12:05:05,442 [ERROR] LogOutputStream:75 - [STDERR_REDIRECT] [Fatal Error] :1:1: Premature end of file.
2026-03-06 12:05:05,442 [ERROR] LogOutputStream:75 - [STDERR_REDIRECT] 
2026-03-06 12:05:06,456 [ERROR] LogOutputStream:75 - [STDERR_REDIRECT] [Fatal Error] :1:1: Premature end of file.
2026-03-06 12:05:06,456 [ERROR] LogOutputStream:75 - [STDERR_REDIRECT] 
2026-03-06 12:05:07,441 [ERROR] LogOutputStream:75 - [STDERR_REDIRECT] [Fatal Error] :1:1: Premature end of file.
2026-03-06 12:05:07,441 [ERROR] LogOutputStream:75 - [STDERR_REDIRECT] 
2026-03-06 12:05:08,452 [ERROR] LogOutputStream:75 - [STDERR_REDIRECT] [Fatal Error] :1:1: Premature end of file.
2026-03-06 12:05:08,453 [ERROR] LogOutputStream:75 - [STDERR_REDIRECT] 
2026-03-06 12:05:09,441 [ERROR] LogOutputStream:75 - [STDERR_REDIRECT] [Fatal Error] :1:1: Premature end of file.
2026-03-06 12:05:09,441 [ERROR] LogOutputStream:75 - [STDERR_REDIRECT] 
2026-03-06 12:05:10,452 [ERROR] LogOutputStream:75 - [STDERR_REDIRECT] [Fatal Error] :1:1: Premature end of file.
2026-03-06 12:05:10,452 [ERROR] LogOutputStream:75 - [STDERR_REDIRECT] 
2026-03-06 12:05:11,455 [ERROR] LogOutputStream:75 - [STDERR_REDIRECT] [Fatal Error] :1:1: Premature end of file.
2026-03-06 12:05:11,455 [ERROR] LogOutputStream:75 - [STDERR_REDIRECT] 
2026-03-06 12:05:12,455 [ERROR] LogOutputStream:75 - [STDERR_REDIRECT] [Fatal Error] :1:1: Premature end of file.
2026-03-06 12:05:12,456 [ERROR] LogOutputStream:75 - [STDERR_REDIRECT] 
2026-03-06 12:05:13,450 [ERROR] LogOutputStream:75 - [STDERR_REDIRECT] [Fatal Error] :1:1: Premature end of file.
2026-03-06 12:05:13,450 [ERROR] LogOutputStream:75 - [STDERR_REDIRECT] 
2026-03-06 12:05:14,446 [ERROR] LogOutputStream:75 - [STDERR_REDIRECT] [Fatal Error] :1:1: Premature end of file.
2026-03-06 12:05:14,446 [ERROR] LogOutputStream:75 - [STDERR_REDIRECT] 
2026-03-06 12:05:15,446 [ERROR] LogOutputStream:75 - [STDERR_REDIRECT] [Fatal Error] :1:1: Premature end of file.
2026-03-06 12:05:15,446 [ERROR] LogOutputStream:75 - [STDERR_REDIRECT] 
2026-03-06 12:05:16,445 [ERROR] LogOutputStream:75 - [STDERR_REDIRECT] [Fatal Error] :1:1: Premature end of file.
2026-03-06 12:05:16,445 [ERROR] LogOutputStream:75 - [STDERR_REDIRECT] 
2026-03-06 12:05:17,440 [ERROR] LogOutputStream:75 - [STDERR_REDIRECT] [Fatal Error] :1:1: Premature end of file.
2026-03-06 12:05:17,440 [ERROR] LogOutputStream:75 - [STDERR_REDIRECT] 
2026-03-06 12:05:18,452 [ERROR] LogOutputStream:75 - [STDERR_REDIRECT] [Fatal Error] :1:1: Premature end of file.
2026-03-06 12:05:18,452 [ERROR] LogOutputStream:75 - [STDERR_REDIRECT] 
2026-03-06 12:05:19,461 [ERROR] LogOutputStream:75 - [STDERR_REDIRECT] [Fatal Error] :1:1: Premature end of file.
2026-03-06 12:05:19,461 [ERROR] LogOutputStream:75 - [STDERR_REDIRECT] 
2026-03-06 12:05:20,441 [ERROR] LogOutputStream:75 - [STDERR_REDIRECT] [Fatal Error] :1:1: Premature end of file.
2026-03-06 12:05:20,441 [ERROR] LogOutputStream:75 - [STDERR_REDIRECT] 
2026-03-06 12:05:21,442 [ERROR] LogOutputStream:75 - [STDERR_REDIRECT] [Fatal Error] :1:1: Premature end of file.
2026-03-06 12:05:21,442 [ERROR] LogOutputStream:75 - [STDERR_REDIRECT] 
2026-03-06 12:05:22,447 [ERROR] LogOutputStream:75 - [STDERR_REDIRECT] [Fatal Error] :1:1: Premature end of file.
2026-03-06 12:05:22,447 [ERROR] LogOutputStream:75 - [STDERR_REDIRECT] 
2026-03-06 12:05:23,454 [ERROR] LogOutputStream:75 - [STDERR_REDIRECT] [Fatal Error] :1:1: Premature end of file.
2026-03-06 12:05:23,454 [ERROR] LogOutputStream:75 - [STDERR_REDIRECT] 
2026-03-06 12:05:24,451 [ERROR] LogOutputStream:75 - [STDERR_REDIRECT] [Fatal Error] :1:1: Premature end of file.
2026-03-06 12:05:24,452 [ERROR] LogOutputStream:75 - [STDERR_REDIRECT] 
2026-03-06 12:05:25,453 [ERROR] LogOutputStream:75 - [STDERR_REDIRECT] [Fatal Error] :1:1: Premature end of file.
2026-03-06 12:05:25,453 [ERROR] LogOutputStream:75 - [STDERR_REDIRECT] 
2026-03-06 12:05:26,450 [ERROR] LogOutputStream:75 - [STDERR_REDIRECT] [Fatal Error] :1:1: Premature end of file.
2026-03-06 12:05:26,451 [ERROR] LogOutputStream:75 - [STDERR_REDIRECT] 
2026-03-06 12:05:27,453 [ERROR] LogOutputStream:75 - [STDERR_REDIRECT] [Fatal Error] :1:1: Premature end of file.
2026-03-06 12:05:27,453 [ERROR] LogOutputStream:75 - [STDERR_REDIRECT] 
2026-03-06 12:05:28,448 [ERROR] LogOutputStream:75 - [STDERR_REDIRECT] [Fatal Error] :1:1: Premature end of file.
2026-03-06 12:05:28,448 [ERROR] LogOutputStream:75 - [STDERR_REDIRECT] 
2026-03-06 12:05:29,448 [ERROR] LogOutputStream:75 - [STDERR_REDIRECT] [Fatal Error] :1:1: Premature end of file.
2026-03-06 12:05:29,448 [ERROR] LogOutputStream:75 - [STDERR_REDIRECT] 
2026-03-06 12:05:30,450 [ERROR] LogOutputStream:75 - [STDERR_REDIRECT] [Fatal Error] :1:1: Premature end of file.
2026-03-06 12:05:30,451 [ERROR] LogOutputStream:75 - [STDERR_REDIRECT] 
2026-03-06 12:05:31,458 [ERROR] LogOutputStream:75 - [STDERR_REDIRECT] [Fatal Error] :1:1: Premature end of file.
2026-03-06 12:05:31,458 [ERROR] LogOutputStream:75 - [STDERR_REDIRECT] 
2026-03-06 12:05:32,454 [ERROR] LogOutputStream:75 - [STDERR_REDIRECT] [Fatal Error] :1:1: Premature end of file.
2026-03-06 12:05:32,454 [ERROR] LogOutputStream:75 - [STDERR_REDIRECT] 
2026-03-06 12:05:33,452 [ERROR] LogOutputStream:75 - [STDERR_REDIRECT] [Fatal Error] :1:1: Premature end of file.
2026-03-06 12:05:33,452 [ERROR] LogOutputStream:75 - [STDERR_REDIRECT] 
2026-03-06 12:05:34,452 [ERROR] LogOutputStream:75 - [STDERR_REDIRECT] [Fatal Error] :1:1: Premature end of file.
2026-03-06 12:05:34,452 [ERROR] LogOutputStream:75 - [STDERR_REDIRECT] 
2026-03-06 12:05:35,451 [ERROR] LogOutputStream:75 - [STDERR_REDIRECT] [Fatal Error] :1:1: Premature end of file.
2026-03-06 12:05:35,452 [ERROR] LogOutputStream:75 - [STDERR_REDIRECT] 
2026-03-06 12:05:36,445 [ERROR] LogOutputStream:75 - [STDERR_REDIRECT] [Fatal Error] :1:1: Premature end of file.
2026-03-06 12:05:36,445 [ERROR] LogOutputStream:75 - [STDERR_REDIRECT] 
2026-03-06 12:05:37,445 [ERROR] LogOutputStream:75 - [STDERR_REDIRECT] [Fatal Error] :1:1: Premature end of file.
2026-03-06 12:05:37,445 [ERROR] LogOutputStream:75 - [STDERR_REDIRECT] 
2026-03-06 12:05:38,448 [ERROR] LogOutputStream:75 - [STDERR_REDIRECT] [Fatal Error] :1:1: Premature end of file.
2026-03-06 12:05:38,448 [ERROR] LogOutputStream:75 - [STDERR_REDIRECT] 
2026-03-06 12:05:39,456 [ERROR] LogOutputStream:75 - [STDERR_REDIRECT] [Fatal Error] :1:1: Premature end of file.
2026-03-06 12:05:39,457 [ERROR] LogOutputStream:75 - [STDERR_REDIRECT] 
2026-03-06 12:05:40,452 [ERROR] LogOutputStream:75 - [STDERR_REDIRECT] [Fatal Error] :1:1: Premature end of file.
2026-03-06 12:05:40,452 [ERROR] LogOutputStream:75 - [STDERR_REDIRECT] 
2026-03-06 12:05:41,454 [ERROR] LogOutputStream:75 - [STDERR_REDIRECT] [Fatal Error] :1:1: Premature end of file.
2026-03-06 12:05:41,454 [ERROR] LogOutputStream:75 - [STDERR_REDIRECT] 
2026-03-06 12:05:42,451 [ERROR] LogOutputStream:75 - [STDERR_REDIRECT] [Fatal Error] :1:1: Premature end of file.
2026-03-06 12:05:42,451 [ERROR] LogOutputStream:75 - [STDERR_REDIRECT] 
2026-03-06 12:05:43,449 [ERROR] LogOutputStream:75 - [STDERR_REDIRECT] [Fatal Error] :1:1: Premature end of file.
2026-03-06 12:05:43,450 [ERROR] LogOutputStream:75 - [STDERR_REDIRECT] 
2026-03-06 12:05:44,446 [ERROR] LogOutputStream:75 - [STDERR_REDIRECT] [Fatal Error] :1:1: Premature end of file.
2026-03-06 12:05:44,446 [ERROR] LogOutputStream:75 - [STDERR_REDIRECT] 
2026-03-06 12:05:45,447 [ERROR] LogOutputStream:75 - [STDERR_REDIRECT] [Fatal Error] :1:1: Premature end of file.
2026-03-06 12:05:45,447 [ERROR] LogOutputStream:75 - [STDERR_REDIRECT] 
2026-03-06 12:05:46,441 [ERROR] LogOutputStream:75 - [STDERR_REDIRECT] [Fatal Error] :1:1: Premature end of file.
2026-03-06 12:05:46,441 [ERROR] LogOutputStream:75 - [STDERR_REDIRECT] 
2026-03-06 12:05:47,457 [ERROR] LogOutputStream:75 - [STDERR_REDIRECT] [Fatal Error] :1:1: Premature end of file.
2026-03-06 12:05:47,457 [ERROR] LogOutputStream:75 - [STDERR_REDIRECT] 
2026-03-06 12:05:48,452 [ERROR] LogOutputStream:75 - [STDERR_REDIRECT] [Fatal Error] :1:1: Premature end of file.
2026-03-06 12:05:48,452 [ERROR] LogOutputStream:75 - [STDERR_REDIRECT] 
2026-03-06 12:05:49,446 [ERROR] LogOutputStream:75 - [STDERR_REDIRECT] [Fatal Error] :1:1: Premature end of file.
2026-03-06 12:05:49,446 [ERROR] LogOutputStream:75 - [STDERR_REDIRECT] 
2026-03-06 12:05:50,445 [ERROR] LogOutputStream:75 - [STDERR_REDIRECT] [Fatal Error] :1:1: Premature end of file.
2026-03-06 12:05:50,445 [ERROR] LogOutputStream:75 - [STDERR_REDIRECT] 
2026-03-06 12:05:51,444 [ERROR] LogOutputStream:75 - [STDERR_REDIRECT] [Fatal Error] :1:1: Premature end of file.
2026-03-06 12:05:51,445 [ERROR] LogOutputStream:75 - [STDERR_REDIRECT] 
2026-03-06 12:05:52,444 [ERROR] LogOutputStream:75 - [STDERR_REDIRECT] [Fatal Error] :1:1: Premature end of file.
2026-03-06 12:05:52,444 [ERROR] LogOutputStream:75 - [STDERR_REDIRECT] 
2026-03-06 12:05:53,493 [ERROR] LogOutputStream:75 - [STDERR_REDIRECT] [Fatal Error] :1:1: Premature end of file.
2026-03-06 12:05:53,493 [ERROR] LogOutputStream:75 - [STDERR_REDIRECT] 
2026-03-06 12:05:54,448 [ERROR] LogOutputStream:75 - [STDERR_REDIRECT] [Fatal Error] :1:1: Premature end of file.
2026-03-06 12:05:54,448 [ERROR] LogOutputStream:75 - [STDERR_REDIRECT] 
2026-03-06 12:05:55,449 [ERROR] LogOutputStream:75 - [STDERR_REDIRECT] [Fatal Error] :1:1: Premature end of file.
2026-03-06 12:05:55,449 [ERROR] LogOutputStream:75 - [STDERR_REDIRECT] 
2026-03-06 12:05:56,443 [ERROR] LogOutputStream:75 - [STDERR_REDIRECT] [Fatal Error] :1:1: Premature end of file.
2026-03-06 12:05:56,443 [ERROR] LogOutputStream:75 - [STDERR_REDIRECT] 
2026-03-06 12:05:57,460 [ERROR] LogOutputStream:75 - [STDERR_REDIRECT] [Fatal Error] :1:1: Premature end of file.
2026-03-06 12:05:57,460 [ERROR] LogOutputStream:75 - [STDERR_REDIRECT] 
2026-03-06 12:05:58,449 [ERROR] LogOutputStream:75 - [STDERR_REDIRECT] [Fatal Error] :1:1: Premature end of file.
2026-03-06 12:05:58,449 [ERROR] LogOutputStream:75 - [STDERR_REDIRECT] 
2026-03-06 12:05:59,450 [ERROR] LogOutputStream:75 - [STDERR_REDIRECT] [Fatal Error] :1:1: Premature end of file.
2026-03-06 12:05:59,450 [ERROR] LogOutputStream:75 - [STDERR_REDIRECT] 
2026-03-06 12:06:00,440 [ERROR] LogOutputStream:75 - [STDERR_REDIRECT] [Fatal Error] :1:1: Premature end of file.
2026-03-06 12:06:00,441 [ERROR] LogOutputStream:75 - [STDERR_REDIRECT] 
2026-03-06 12:06:01,441 [ERROR] LogOutputStream:75 - [STDERR_REDIRECT] [Fatal Error] :1:1: Premature end of file.
2026-03-06 12:06:01,441 [ERROR] LogOutputStream:75 - [STDERR_REDIRECT] 
2026-03-06 12:06:02,453 [ERROR] LogOutputStream:75 - [STDERR_REDIRECT] [Fatal Error] :1:1: Premature end of file.
2026-03-06 12:06:02,453 [ERROR] LogOutputStream:75 - [STDERR_REDIRECT] 
2026-03-06 12:06:03,449 [ERROR] LogOutputStream:75 - [STDERR_REDIRECT] [Fatal Error] :1:1: Premature end of file.
2026-03-06 12:06:03,449 [ERROR] LogOutputStream:75 - [STDERR_REDIRECT] 
2026-03-06 12:06:04,448 [ERROR] LogOutputStream:75 - [STDERR_REDIRECT] [Fatal Error] :1:1: Premature end of file.
2026-03-06 12:06:04,448 [ERROR] LogOutputStream:75 - [STDERR_REDIRECT] 
2026-03-06 12:06:05,446 [ERROR] LogOutputStream:75 - [STDERR_REDIRECT] [Fatal Error] :1:1: Premature end of file.
2026-03-06 12:06:05,446 [ERROR] LogOutputStream:75 - [STDERR_REDIRECT] 
2026-03-06 12:06:06,441 [ERROR] LogOutputStream:75 - [STDERR_REDIRECT] [Fatal Error] :1:1: Premature end of file.
2026-03-06 12:06:06,441 [ERROR] LogOutputStream:75 - [STDERR_REDIRECT] 
2026-03-06 12:06:07,451 [ERROR] LogOutputStream:75 - [STDERR_REDIRECT] [Fatal Error] :1:1: Premature end of file.
2026-03-06 12:06:07,451 [ERROR] LogOutputStream:75 - [STDERR_REDIRECT] 
2026-03-06 12:06:08,451 [ERROR] LogOutputStream:75 - [STDERR_REDIRECT] [Fatal Error] :1:1: Premature end of file.
2026-03-06 12:06:08,451 [ERROR] LogOutputStream:75 - [STDERR_REDIRECT] 
2026-03-06 12:06:09,452 [ERROR] LogOutputStream:75 - [STDERR_REDIRECT] [Fatal Error] :1:1: Premature end of file.
2026-03-06 12:06:09,452 [ERROR] LogOutputStream:75 - [STDERR_REDIRECT] 
2026-03-06 12:06:10,447 [ERROR] LogOutputStream:75 - [STDERR_REDIRECT] [Fatal Error] :1:1: Premature end of file.
2026-03-06 12:06:10,447 [ERROR] LogOutputStream:75 - [STDERR_REDIRECT] 
2026-03-06 12:06:11,445 [ERROR] LogOutputStream:75 - [STDERR_REDIRECT] [Fatal Error] :1:1: Premature end of file.
2026-03-06 12:06:11,445 [ERROR] LogOutputStream:75 - [STDERR_REDIRECT] 
2026-03-06 12:06:12,441 [ERROR] LogOutputStream:75 - [STDERR_REDIRECT] [Fatal Error] :1:1: Premature end of file.
2026-03-06 12:06:12,441 [ERROR] LogOutputStream:75 - [STDERR_REDIRECT] 
2026-03-06 12:06:13,454 [ERROR] LogOutputStream:75 - [STDERR_REDIRECT] [Fatal Error] :1:1: Premature end of file.
2026-03-06 12:06:13,454 [ERROR] LogOutputStream:75 - [STDERR_REDIRECT] 
2026-03-06 12:06:14,452 [ERROR] LogOutputStream:75 - [STDERR_REDIRECT] [Fatal Error] :1:1: Premature end of file.
2026-03-06 12:06:14,452 [ERROR] LogOutputStream:75 - [STDERR_REDIRECT] 
2026-03-06 12:06:15,451 [ERROR] LogOutputStream:75 - [STDERR_REDIRECT] [Fatal Error] :1:1: Premature end of file.
2026-03-06 12:06:15,452 [ERROR] LogOutputStream:75 - [STDERR_REDIRECT] 
2026-03-06 12:06:16,450 [ERROR] LogOutputStream:75 - [STDERR_REDIRECT] [Fatal Error] :1:1: Premature end of file.
2026-03-06 12:06:16,450 [ERROR] LogOutputStream:75 - [STDERR_REDIRECT] 
2026-03-06 12:06:17,444 [ERROR] LogOutputStream:75 - [STDERR_REDIRECT] [Fatal Error] :1:1: Premature end of file.
2026-03-06 12:06:17,444 [ERROR] LogOutputStream:75 - [STDERR_REDIRECT] 
2026-03-06 12:06:18,442 [ERROR] LogOutputStream:75 - [STDERR_REDIRECT] [Fatal Error] :1:1: Premature end of file.
2026-03-06 12:06:18,442 [ERROR] LogOutputStream:75 - [STDERR_REDIRECT] 
2026-03-06 12:06:19,440 [ERROR] LogOutputStream:75 - [STDERR_REDIRECT] [Fatal Error] :1:1: Premature end of file.
2026-03-06 12:06:19,440 [ERROR] LogOutputStream:75 - [STDERR_REDIRECT] 
2026-03-06 12:06:20,447 [ERROR] LogOutputStream:75 - [STDERR_REDIRECT] [Fatal Error] :1:1: Premature end of file.
2026-03-06 12:06:20,447 [ERROR] LogOutputStream:75 - [STDERR_REDIRECT] 
2026-03-06 12:06:21,443 [ERROR] LogOutputStream:75 - [STDERR_REDIRECT] [Fatal Error] :1:1: Premature end of file.
2026-03-06 12:06:21,445 [ERROR] LogOutputStream:75 - [STDERR_REDIRECT] 
2026-03-06 12:06:22,451 [ERROR] LogOutputStream:75 - [STDERR_REDIRECT] [Fatal Error] :1:1: Premature end of file.
2026-03-06 12:06:22,451 [ERROR] LogOutputStream:75 - [STDERR_REDIRECT] 
2026-03-06 12:06:23,440 [ERROR] LogOutputStream:75 - [STDERR_REDIRECT] [Fatal Error] :1:1: Premature end of file.
2026-03-06 12:06:23,440 [ERROR] LogOutputStream:75 - [STDERR_REDIRECT] 
2026-03-06 12:06:24,450 [ERROR] LogOutputStream:75 - [STDERR_REDIRECT] [Fatal Error] :1:1: Premature end of file.
2026-03-06 12:06:24,450 [ERROR] LogOutputStream:75 - [STDERR_REDIRECT] 
2026-03-06 12:06:25,449 [ERROR] LogOutputStream:75 - [STDERR_REDIRECT] [Fatal Error] :1:1: Premature end of file.
2026-03-06 12:06:25,449 [ERROR] LogOutputStream:75 - [STDERR_REDIRECT] 
2026-03-06 12:06:26,449 [ERROR] LogOutputStream:75 - [STDERR_REDIRECT] [Fatal Error] :1:1: Premature end of file.
2026-03-06 12:06:26,450 [ERROR] LogOutputStream:75 - [STDERR_REDIRECT] 
2026-03-06 12:06:27,438 [ERROR] LogOutputStream:75 - [STDERR_REDIRECT] [Fatal Error] :1:1: Premature end of file.
2026-03-06 12:06:27,438 [ERROR] LogOutputStream:75 - [STDERR_REDIRECT] 
2026-03-06 12:06:28,441 [ERROR] LogOutputStream:75 - [STDERR_REDIRECT] [Fatal Error] :1:1: Premature end of file.
2026-03-06 12:06:28,441 [ERROR] LogOutputStream:75 - [STDERR_REDIRECT] 
2026-03-06 12:06:29,446 [ERROR] LogOutputStream:75 - [STDERR_REDIRECT] [Fatal Error] :1:1: Premature end of file.
2026-03-06 12:06:29,447 [ERROR] LogOutputStream:75 - [STDERR_REDIRECT] 
2026-03-06 12:06:30,444 [ERROR] LogOutputStream:75 - [STDERR_REDIRECT] [Fatal Error] :1:1: Premature end of file.
2026-03-06 12:06:30,444 [ERROR] LogOutputStream:75 - [STDERR_REDIRECT] 
2026-03-06 12:06:31,458 [ERROR] LogOutputStream:75 - [STDERR_REDIRECT] [Fatal Error] :1:1: Premature end of file.
2026-03-06 12:06:31,458 [ERROR] LogOutputStream:75 - [STDERR_REDIRECT] 
2026-03-06 12:06:32,453 [ERROR] LogOutputStream:75 - [STDERR_REDIRECT] [Fatal Error] :1:1: Premature end of file.
2026-03-06 12:06:32,454 [ERROR] LogOutputStream:75 - [STDERR_REDIRECT] 
2026-03-06 12:06:33,443 [ERROR] LogOutputStream:75 - [STDERR_REDIRECT] [Fatal Error] :1:1: Premature end of file.
2026-03-06 12:06:33,443 [ERROR] LogOutputStream:75 - [STDERR_REDIRECT] 
2026-03-06 12:06:34,437 [ERROR] LogOutputStream:75 - [STDERR_REDIRECT] [Fatal Error] :1:1: Premature end of file.
2026-03-06 12:06:34,437 [ERROR] LogOutputStream:75 - [STDERR_REDIRECT] 
2026-03-06 12:06:35,433 [ERROR] LogOutputStream:75 - [STDERR_REDIRECT] [Fatal Error] :1:1: Premature end of file.
2026-03-06 12:06:35,433 [ERROR] LogOutputStream:75 - [STDERR_REDIRECT] 
2026-03-06 12:06:36,453 [ERROR] LogOutputStream:75 - [STDERR_REDIRECT] [Fatal Error] :1:1: Premature end of file.
2026-03-06 12:06:36,453 [ERROR] LogOutputStream:75 - [STDERR_REDIRECT] 
2026-03-06 12:06:37,452 [ERROR] LogOutputStream:75 - [STDERR_REDIRECT] [Fatal Error] :1:1: Premature end of file.
2026-03-06 12:06:37,452 [ERROR] LogOutputStream:75 - [STDERR_REDIRECT] 
2026-03-06 12:06:38,449 [ERROR] LogOutputStream:75 - [STDERR_REDIRECT] [Fatal Error] :1:1: Premature end of file.
2026-03-06 12:06:38,450 [ERROR] LogOutputStream:75 - [STDERR_REDIRECT] 
2026-03-06 12:06:39,447 [ERROR] LogOutputStream:75 - [STDERR_REDIRECT] [Fatal Error] :1:1: Premature end of file.
2026-03-06 12:06:39,447 [ERROR] LogOutputStream:75 - [STDERR_REDIRECT] 
2026-03-06 12:06:40,451 [ERROR] LogOutputStream:75 - [STDERR_REDIRECT] [Fatal Error] :1:1: Premature end of file.
2026-03-06 12:06:40,451 [ERROR] LogOutputStream:75 - [STDERR_REDIRECT] 
2026-03-06 12:06:41,446 [ERROR] LogOutputStream:75 - [STDERR_REDIRECT] [Fatal Error] :1:1: Premature end of file.
2026-03-06 12:06:41,446 [ERROR] LogOutputStream:75 - [STDERR_REDIRECT] 
2026-03-06 12:06:42,444 [ERROR] LogOutputStream:75 - [STDERR_REDIRECT] [Fatal Error] :1:1: Premature end of file.
2026-03-06 12:06:42,444 [ERROR] LogOutputStream:75 - [STDERR_REDIRECT] 
2026-03-06 12:06:43,443 [ERROR] LogOutputStream:75 - [STDERR_REDIRECT] [Fatal Error] :1:1: Premature end of file.
2026-03-06 12:06:43,443 [ERROR] LogOutputStream:75 - [STDERR_REDIRECT] 
2026-03-06 12:06:44,442 [ERROR] LogOutputStream:75 - [STDERR_REDIRECT] [Fatal Error] :1:1: Premature end of file.
2026-03-06 12:06:44,442 [ERROR] LogOutputStream:75 - [STDERR_REDIRECT] 
2026-03-06 12:06:45,448 [ERROR] LogOutputStream:75 - [STDERR_REDIRECT] [Fatal Error] :1:1: Premature end of file.
2026-03-06 12:06:45,448 [ERROR] LogOutputStream:75 - [STDERR_REDIRECT] 
2026-03-06 12:06:46,450 [ERROR] LogOutputStream:75 - [STDERR_REDIRECT] [Fatal Error] :1:1: Premature end of file.
2026-03-06 12:06:46,451 [ERROR] LogOutputStream:75 - [STDERR_REDIRECT] 
2026-03-06 12:06:47,447 [ERROR] LogOutputStream:75 - [STDERR_REDIRECT] [Fatal Error] :1:1: Premature end of file.
2026-03-06 12:06:47,448 [ERROR] LogOutputStream:75 - [STDERR_REDIRECT] 
2026-03-06 12:06:48,445 [ERROR] LogOutputStream:75 - [STDERR_REDIRECT] [Fatal Error] :1:1: Premature end of file.
2026-03-06 12:06:48,445 [ERROR] LogOutputStream:75 - [STDERR_REDIRECT] 
2026-03-06 12:06:49,438 [ERROR] LogOutputStream:75 - [STDERR_REDIRECT] [Fatal Error] :1:1: Premature end of file.
2026-03-06 12:06:49,438 [ERROR] LogOutputStream:75 - [STDERR_REDIRECT] 
2026-03-06 12:06:50,451 [ERROR] LogOutputStream:75 - [STDERR_REDIRECT] [Fatal Error] :1:1: Premature end of file.
2026-03-06 12:06:50,451 [ERROR] LogOutputStream:75 - [STDERR_REDIRECT] 
2026-03-06 12:06:51,452 [ERROR] LogOutputStream:75 - [STDERR_REDIRECT] [Fatal Error] :1:1: Premature end of file.
2026-03-06 12:06:51,452 [ERROR] LogOutputStream:75 - [STDERR_REDIRECT] 
2026-03-06 12:06:52,451 [ERROR] LogOutputStream:75 - [STDERR_REDIRECT] [Fatal Error] :1:1: Premature end of file.
2026-03-06 12:06:52,451 [ERROR] LogOutputStream:75 - [STDERR_REDIRECT] 
2026-03-06 12:06:53,452 [ERROR] LogOutputStream:75 - [STDERR_REDIRECT] [Fatal Error] :1:1: Premature end of file.
2026-03-06 12:06:53,460 [ERROR] LogOutputStream:75 - [STDERR_REDIRECT] 
2026-03-06 12:06:54,439 [ERROR] LogOutputStream:75 - [STDERR_REDIRECT] [Fatal Error] :1:1: Premature end of file.
2026-03-06 12:06:54,439 [ERROR] LogOutputStream:75 - [STDERR_REDIRECT] 
2026-03-06 12:06:55,456 [ERROR] LogOutputStream:75 - [STDERR_REDIRECT] [Fatal Error] :1:1: Premature end of file.
2026-03-06 12:06:55,456 [ERROR] LogOutputStream:75 - [STDERR_REDIRECT] 
2026-03-06 12:06:56,451 [ERROR] LogOutputStream:75 - [STDERR_REDIRECT] [Fatal Error] :1:1: Premature end of file.
2026-03-06 12:06:56,451 [ERROR] LogOutputStream:75 - [STDERR_REDIRECT] 
2026-03-06 12:06:57,455 [ERROR] LogOutputStream:75 - [STDERR_REDIRECT] [Fatal Error] :1:1: Premature end of file.
2026-03-06 12:06:57,455 [ERROR] LogOutputStream:75 - [STDERR_REDIRECT] 
2026-03-06 12:06:58,440 [ERROR] LogOutputStream:75 - [STDERR_REDIRECT] [Fatal Error] :1:1: Premature end of file.
2026-03-06 12:06:58,440 [ERROR] LogOutputStream:75 - [STDERR_REDIRECT] 
2026-03-06 12:06:59,443 [ERROR] LogOutputStream:75 - [STDERR_REDIRECT] [Fatal Error] :1:1: Premature end of file.
2026-03-06 12:06:59,443 [ERROR] LogOutputStream:75 - [STDERR_REDIRECT] 
2026-03-06 12:07:00,449 [ERROR] LogOutputStream:75 - [STDERR_REDIRECT] [Fatal Error] :1:1: Premature end of file.
2026-03-06 12:07:00,449 [ERROR] LogOutputStream:75 - [STDERR_REDIRECT] 
2026-03-06 12:07:01,450 [ERROR] LogOutputStream:75 - [STDERR_REDIRECT] [Fatal Error] :1:1: Premature end of file.
2026-03-06 12:07:01,450 [ERROR] LogOutputStream:75 - [STDERR_REDIRECT] 
2026-03-06 12:07:02,444 [ERROR] LogOutputStream:75 - [STDERR_REDIRECT] [Fatal Error] :1:1: Premature end of file.
2026-03-06 12:07:02,445 [ERROR] LogOutputStream:75 - [STDERR_REDIRECT] 
2026-03-06 12:07:03,442 [ERROR] LogOutputStream:75 - [STDERR_REDIRECT] [Fatal Error] :1:1: Premature end of file.
2026-03-06 12:07:03,442 [ERROR] LogOutputStream:75 - [STDERR_REDIRECT] 
2026-03-06 12:07:04,455 [ERROR] LogOutputStream:75 - [STDERR_REDIRECT] [Fatal Error] :1:1: Premature end of file.
2026-03-06 12:07:04,455 [ERROR] LogOutputStream:75 - [STDERR_REDIRECT] 
2026-03-06 12:07:05,453 [ERROR] LogOutputStream:75 - [STDERR_REDIRECT] [Fatal Error] :1:1: Premature end of file.
2026-03-06 12:07:05,453 [ERROR] LogOutputStream:75 - [STDERR_REDIRECT] 
2026-03-06 12:07:06,451 [ERROR] LogOutputStream:75 - [STDERR_REDIRECT] [Fatal Error] :1:1: Premature end of file.
2026-03-06 12:07:06,453 [ERROR] LogOutputStream:75 - [STDERR_REDIRECT] 
2026-03-06 12:07:07,450 [ERROR] LogOutputStream:75 - [STDERR_REDIRECT] [Fatal Error] :1:1: Premature end of file.
2026-03-06 12:07:07,451 [ERROR] LogOutputStream:75 - [STDERR_REDIRECT] 
2026-03-06 12:07:08,449 [ERROR] LogOutputStream:75 - [STDERR_REDIRECT] [Fatal Error] :1:1: Premature end of file.
2026-03-06 12:07:08,449 [ERROR] LogOutputStream:75 - [STDERR_REDIRECT] 
2026-03-06 12:07:09,447 [ERROR] LogOutputStream:75 - [STDERR_REDIRECT] [Fatal Error] :1:1: Premature end of file.
2026-03-06 12:07:09,447 [ERROR] LogOutputStream:75 - [STDERR_REDIRECT] 
2026-03-06 12:07:10,442 [ERROR] LogOutputStream:75 - [STDERR_REDIRECT] [Fatal Error] :1:1: Premature end of file.
2026-03-06 12:07:10,443 [ERROR] LogOutputStream:75 - [STDERR_REDIRECT] 
2026-03-06 12:07:11,440 [ERROR] LogOutputStream:75 - [STDERR_REDIRECT] [Fatal Error] :1:1: Premature end of file.
2026-03-06 12:07:11,440 [ERROR] LogOutputStream:75 - [STDERR_REDIRECT] 
2026-03-06 12:07:12,454 [ERROR] LogOutputStream:75 - [STDERR_REDIRECT] [Fatal Error] :1:1: Premature end of file.
2026-03-06 12:07:12,454 [ERROR] LogOutputStream:75 - [STDERR_REDIRECT] 
2026-03-06 12:07:13,441 [ERROR] LogOutputStream:75 - [STDERR_REDIRECT] [Fatal Error] :1:1: Premature end of file.
2026-03-06 12:07:13,441 [ERROR] LogOutputStream:75 - [STDERR_REDIRECT] 
2026-03-06 12:07:14,451 [ERROR] LogOutputStream:75 - [STDERR_REDIRECT] [Fatal Error] :1:1: Premature end of file.
2026-03-06 12:07:14,452 [ERROR] LogOutputStream:75 - [STDERR_REDIRECT] 
2026-03-06 12:07:15,452 [ERROR] LogOutputStream:75 - [STDERR_REDIRECT] [Fatal Error] :1:1: Premature end of file.
2026-03-06 12:07:15,452 [ERROR] LogOutputStream:75 - [STDERR_REDIRECT] 
2026-03-06 12:07:16,453 [ERROR] LogOutputStream:75 - [STDERR_REDIRECT] [Fatal Error] :1:1: Premature end of file.
2026-03-06 12:07:16,453 [ERROR] LogOutputStream:75 - [STDERR_REDIRECT] 
2026-03-06 12:07:17,452 [ERROR] LogOutputStream:75 - [STDERR_REDIRECT] [Fatal Error] :1:1: Premature end of file.
2026-03-06 12:07:17,452 [ERROR] LogOutputStream:75 - [STDERR_REDIRECT] 
2026-03-06 12:07:18,450 [ERROR] LogOutputStream:75 - [STDERR_REDIRECT] [Fatal Error] :1:1: Premature end of file.
2026-03-06 12:07:18,451 [ERROR] LogOutputStream:75 - [STDERR_REDIRECT] 
2026-03-06 12:07:19,443 [ERROR] LogOutputStream:75 - [STDERR_REDIRECT] [Fatal Error] :1:1: Premature end of file.
2026-03-06 12:07:19,443 [ERROR] LogOutputStream:75 - [STDERR_REDIRECT] 
2026-03-06 12:07:20,448 [ERROR] LogOutputStream:75 - [STDERR_REDIRECT] [Fatal Error] :1:1: Premature end of file.
2026-03-06 12:07:20,448 [ERROR] LogOutputStream:75 - [STDERR_REDIRECT] 
2026-03-06 12:07:21,451 [ERROR] LogOutputStream:75 - [STDERR_REDIRECT] [Fatal Error] :1:1: Premature end of file.
2026-03-06 12:07:21,451 [ERROR] LogOutputStream:75 - [STDERR_REDIRECT] 
2026-03-06 12:07:22,440 [ERROR] LogOutputStream:75 - [STDERR_REDIRECT] [Fatal Error] :1:1: Premature end of file.
2026-03-06 12:07:22,441 [ERROR] LogOutputStream:75 - [STDERR_REDIRECT] 
2026-03-06 12:07:23,443 [ERROR] LogOutputStream:75 - [STDERR_REDIRECT] [Fatal Error] :1:1: Premature end of file.
2026-03-06 12:07:23,443 [ERROR] LogOutputStream:75 - [STDERR_REDIRECT] 
2026-03-06 12:07:24,449 [ERROR] LogOutputStream:75 - [STDERR_REDIRECT] [Fatal Error] :1:1: Premature end of file.
2026-03-06 12:07:24,449 [ERROR] LogOutputStream:75 - [STDERR_REDIRECT] 
2026-03-06 12:07:25,442 [ERROR] LogOutputStream:75 - [STDERR_REDIRECT] [Fatal Error] :1:1: Premature end of file.
2026-03-06 12:07:25,442 [ERROR] LogOutputStream:75 - [STDERR_REDIRECT] 
2026-03-06 12:07:26,449 [ERROR] LogOutputStream:75 - [STDERR_REDIRECT] [Fatal Error] :1:1: Premature end of file.
2026-03-06 12:07:26,449 [ERROR] LogOutputStream:75 - [STDERR_REDIRECT] 
2026-03-06 12:07:27,433 [ERROR] LogOutputStream:75 - [STDERR_REDIRECT] [Fatal Error] :1:1: Premature end of file.
2026-03-06 12:07:27,433 [ERROR] LogOutputStream:75 - [STDERR_REDIRECT] 
2026-03-06 12:07:28,439 [ERROR] LogOutputStream:75 - [STDERR_REDIRECT] [Fatal Error] :1:1: Premature end of file.
2026-03-06 12:07:28,439 [ERROR] LogOutputStream:75 - [STDERR_REDIRECT] 
2026-03-06 12:07:29,456 [ERROR] LogOutputStream:75 - [STDERR_REDIRECT] [Fatal Error] :1:1: Premature end of file.
2026-03-06 12:07:29,457 [ERROR] LogOutputStream:75 - [STDERR_REDIRECT] 
2026-03-06 12:07:30,455 [ERROR] LogOutputStream:75 - [STDERR_REDIRECT] [Fatal Error] :1:1: Premature end of file.
2026-03-06 12:07:30,455 [ERROR] LogOutputStream:75 - [STDERR_REDIRECT] 
2026-03-06 12:07:31,441 [ERROR] LogOutputStream:75 - [STDERR_REDIRECT] [Fatal Error] :1:1: Premature end of file.
2026-03-06 12:07:31,441 [ERROR] LogOutputStream:75 - [STDERR_REDIRECT] 
2026-03-06 12:07:32,455 [ERROR] LogOutputStream:75 - [STDERR_REDIRECT] [Fatal Error] :1:1: Premature end of file.
2026-03-06 12:07:32,455 [ERROR] LogOutputStream:75 - [STDERR_REDIRECT] 
2026-03-06 12:07:33,465 [ERROR] LogOutputStream:75 - [STDERR_REDIRECT] [Fatal Error] :1:1: Premature end of file.
2026-03-06 12:07:33,465 [ERROR] LogOutputStream:75 - [STDERR_REDIRECT] 
2026-03-06 12:07:34,458 [ERROR] LogOutputStream:75 - [STDERR_REDIRECT] [Fatal Error] :1:1: Premature end of file.
2026-03-06 12:07:34,460 [ERROR] LogOutputStream:75 - [STDERR_REDIRECT] 
2026-03-06 12:07:35,457 [ERROR] LogOutputStream:75 - [STDERR_REDIRECT] [Fatal Error] :1:1: Premature end of file.
2026-03-06 12:07:35,457 [ERROR] LogOutputStream:75 - [STDERR_REDIRECT] 
2026-03-06 12:07:36,445 [ERROR] LogOutputStream:75 - [STDERR_REDIRECT] [Fatal Error] :1:1: Premature end of file.
2026-03-06 12:07:36,445 [ERROR] LogOutputStream:75 - [STDERR_REDIRECT] 
2026-03-06 12:07:37,448 [ERROR] LogOutputStream:75 - [STDERR_REDIRECT] [Fatal Error] :1:1: Premature end of file.
2026-03-06 12:07:37,448 [ERROR] LogOutputStream:75 - [STDERR_REDIRECT] 
2026-03-06 12:07:38,444 [ERROR] LogOutputStream:75 - [STDERR_REDIRECT] [Fatal Error] :1:1: Premature end of file.
2026-03-06 12:07:38,444 [ERROR] LogOutputStream:75 - [STDERR_REDIRECT] 
2026-03-06 12:07:39,443 [ERROR] LogOutputStream:75 - [STDERR_REDIRECT] [Fatal Error] :1:1: Premature end of file.
2026-03-06 12:07:39,443 [ERROR] LogOutputStream:75 - [STDERR_REDIRECT] 
2026-03-06 12:07:40,445 [ERROR] LogOutputStream:75 - [STDERR_REDIRECT] [Fatal Error] :1:1: Premature end of file.
2026-03-06 12:07:40,445 [ERROR] LogOutputStream:75 - [STDERR_REDIRECT] 
2026-03-06 12:07:41,452 [ERROR] LogOutputStream:75 - [STDERR_REDIRECT] [Fatal Error] :1:1: Premature end of file.
2026-03-06 12:07:41,452 [ERROR] LogOutputStream:75 - [STDERR_REDIRECT] 
2026-03-06 12:07:42,451 [ERROR] LogOutputStream:75 - [STDERR_REDIRECT] [Fatal Error] :1:1: Premature end of file.
2026-03-06 12:07:42,451 [ERROR] LogOutputStream:75 - [STDERR_REDIRECT] 
2026-03-06 12:07:43,448 [ERROR] LogOutputStream:75 - [STDERR_REDIRECT] [Fatal Error] :1:1: Premature end of file.
2026-03-06 12:07:43,449 [ERROR] LogOutputStream:75 - [STDERR_REDIRECT] 
2026-03-06 12:07:44,451 [ERROR] LogOutputStream:75 - [STDERR_REDIRECT] [Fatal Error] :1:1: Premature end of file.
2026-03-06 12:07:44,451 [ERROR] LogOutputStream:75 - [STDERR_REDIRECT] 
2026-03-06 12:07:45,446 [ERROR] LogOutputStream:75 - [STDERR_REDIRECT] [Fatal Error] :1:1: Premature end of file.
2026-03-06 12:07:45,446 [ERROR] LogOutputStream:75 - [STDERR_REDIRECT] 
2026-03-06 12:07:46,452 [ERROR] LogOutputStream:75 - [STDERR_REDIRECT] [Fatal Error] :1:1: Premature end of file.
2026-03-06 12:07:46,452 [ERROR] LogOutputStream:75 - [STDERR_REDIRECT] 
2026-03-06 12:07:47,456 [ERROR] LogOutputStream:75 - [STDERR_REDIRECT] [Fatal Error] :1:1: Premature end of file.
2026-03-06 12:07:47,457 [ERROR] LogOutputStream:75 - [STDERR_REDIRECT] 
2026-03-06 12:07:48,471 [ERROR] LogOutputStream:75 - [STDERR_REDIRECT] [Fatal Error] :1:1: Premature end of file.
2026-03-06 12:07:48,472 [ERROR] LogOutputStream:75 - [STDERR_REDIRECT] 
2026-03-06 12:07:49,445 [ERROR] LogOutputStream:75 - [STDERR_REDIRECT] [Fatal Error] :1:1: Premature end of file.
2026-03-06 12:07:49,446 [ERROR] LogOutputStream:75 - [STDERR_REDIRECT] 
2026-03-06 12:07:50,441 [ERROR] LogOutputStream:75 - [STDERR_REDIRECT] [Fatal Error] :1:1: Premature end of file.
2026-03-06 12:07:50,442 [ERROR] LogOutputStream:75 - [STDERR_REDIRECT] 
2026-03-06 12:07:51,448 [ERROR] LogOutputStream:75 - [STDERR_REDIRECT] [Fatal Error] :1:1: Premature end of file.
2026-03-06 12:07:51,449 [ERROR] LogOutputStream:75 - [STDERR_REDIRECT] 
2026-03-06 12:07:52,452 [ERROR] LogOutputStream:75 - [STDERR_REDIRECT] [Fatal Error] :1:1: Premature end of file.
2026-03-06 12:07:52,452 [ERROR] LogOutputStream:75 - [STDERR_REDIRECT] 
2026-03-06 12:07:53,449 [ERROR] LogOutputStream:75 - [STDERR_REDIRECT] [Fatal Error] :1:1: Premature end of file.
2026-03-06 12:07:53,449 [ERROR] LogOutputStream:75 - [STDERR_REDIRECT] 
2026-03-06 12:07:54,608 [ERROR] LogOutputStream:75 - [STDERR_REDIRECT] [Fatal Error] :1:1: Premature end of file.
2026-03-06 12:07:54,608 [ERROR] LogOutputStream:75 - [STDERR_REDIRECT] 
2026-03-06 12:07:55,476 [ERROR] LogOutputStream:75 - [STDERR_REDIRECT] [Fatal Error] :1:1: Premature end of file.
2026-03-06 12:07:55,476 [ERROR] LogOutputStream:75 - [STDERR_REDIRECT] 
2026-03-06 12:07:56,456 [ERROR] LogOutputStream:75 - [STDERR_REDIRECT] [Fatal Error] :1:1: Premature end of file.
2026-03-06 12:07:56,456 [ERROR] LogOutputStream:75 - [STDERR_REDIRECT] 
2026-03-06 12:07:57,450 [ERROR] LogOutputStream:75 - [STDERR_REDIRECT] [Fatal Error] :1:1: Premature end of file.
2026-03-06 12:07:57,450 [ERROR] LogOutputStream:75 - [STDERR_REDIRECT] 
2026-03-06 12:07:58,472 [ERROR] LogOutputStream:75 - [STDERR_REDIRECT] [Fatal Error] :1:1: Premature end of file.
2026-03-06 12:07:58,472 [ERROR] LogOutputStream:75 - [STDERR_REDIRECT] 
2026-03-06 12:07:59,457 [ERROR] LogOutputStream:75 - [STDERR_REDIRECT] [Fatal Error] :1:1: Premature end of file.
2026-03-06 12:07:59,457 [ERROR] LogOutputStream:75 - [STDERR_REDIRECT] 
2026-03-06 12:08:00,446 [ERROR] LogOutputStream:75 - [STDERR_REDIRECT] [Fatal Error] :1:1: Premature end of file.
2026-03-06 12:08:00,446 [ERROR] LogOutputStream:75 - [STDERR_REDIRECT] 
2026-03-06 12:08:01,569 [ERROR] LogOutputStream:75 - [STDERR_REDIRECT] [Fatal Error] :1:1: Premature end of file.
2026-03-06 12:08:01,569 [ERROR] LogOutputStream:75 - [STDERR_REDIRECT] 
2026-03-06 12:08:02,451 [ERROR] LogOutputStream:75 - [STDERR_REDIRECT] [Fatal Error] :1:1: Premature end of file.
2026-03-06 12:08:02,451 [ERROR] LogOutputStream:75 - [STDERR_REDIRECT] 
2026-03-06 12:08:03,434 [ERROR] LogOutputStream:75 - [STDERR_REDIRECT] [Fatal Error] :1:1: Premature end of file.
2026-03-06 12:08:03,434 [ERROR] LogOutputStream:75 - [STDERR_REDIRECT] 
2026-03-06 12:08:04,450 [ERROR] LogOutputStream:75 - [STDERR_REDIRECT] [Fatal Error] :1:1: Premature end of file.
2026-03-06 12:08:04,450 [ERROR] LogOutputStream:75 - [STDERR_REDIRECT] 
2026-03-06 12:08:05,445 [ERROR] LogOutputStream:75 - [STDERR_REDIRECT] [Fatal Error] :1:1: Premature end of file.
2026-03-06 12:08:05,445 [ERROR] LogOutputStream:75 - [STDERR_REDIRECT] 
2026-03-06 12:08:06,496 [ERROR] LogOutputStream:75 - [STDERR_REDIRECT] [Fatal Error] :1:1: Premature end of file.
2026-03-06 12:08:06,496 [ERROR] LogOutputStream:75 - [STDERR_REDIRECT] 
2026-03-06 12:08:07,456 [ERROR] LogOutputStream:75 - [STDERR_REDIRECT] [Fatal Error] :1:1: Premature end of file.
2026-03-06 12:08:07,457 [ERROR] LogOutputStream:75 - [STDERR_REDIRECT] 
2026-03-06 12:08:08,442 [ERROR] LogOutputStream:75 - [STDERR_REDIRECT] [Fatal Error] :1:1: Premature end of file.
2026-03-06 12:08:08,442 [ERROR] LogOutputStream:75 - [STDERR_REDIRECT] 
2026-03-06 12:08:09,462 [ERROR] LogOutputStream:75 - [STDERR_REDIRECT] [Fatal Error] :1:1: Premature end of file.
2026-03-06 12:08:09,462 [ERROR] LogOutputStream:75 - [STDERR_REDIRECT] 
2026-03-06 12:08:10,432 [ERROR] LogOutputStream:75 - [STDERR_REDIRECT] [Fatal Error] :1:1: Premature end of file.
2026-03-06 12:08:10,432 [ERROR] LogOutputStream:75 - [STDERR_REDIRECT] 
2026-03-06 12:08:11,440 [ERROR] LogOutputStream:75 - [STDERR_REDIRECT] [Fatal Error] :1:1: Premature end of file.
2026-03-06 12:08:11,442 [ERROR] LogOutputStream:75 - [STDERR_REDIRECT] 
2026-03-06 12:08:12,432 [ERROR] LogOutputStream:75 - [STDERR_REDIRECT] [Fatal Error] :1:1: Premature end of file.
2026-03-06 12:08:12,432 [ERROR] LogOutputStream:75 - [STDERR_REDIRECT] 
2026-03-06 12:08:13,449 [ERROR] LogOutputStream:75 - [STDERR_REDIRECT] [Fatal Error] :1:1: Premature end of file.
2026-03-06 12:08:13,449 [ERROR] LogOutputStream:75 - [STDERR_REDIRECT] 
2026-03-06 12:08:14,445 [ERROR] LogOutputStream:75 - [STDERR_REDIRECT] [Fatal Error] :1:1: Premature end of file.
2026-03-06 12:08:14,445 [ERROR] LogOutputStream:75 - [STDERR_REDIRECT] 
2026-03-06 12:08:15,441 [ERROR] LogOutputStream:75 - [STDERR_REDIRECT] [Fatal Error] :1:1: Premature end of file.
2026-03-06 12:08:15,441 [ERROR] LogOutputStream:75 - [STDERR_REDIRECT] 
2026-03-06 12:08:16,443 [ERROR] LogOutputStream:75 - [STDERR_REDIRECT] [Fatal Error] :1:1: Premature end of file.
2026-03-06 12:08:16,443 [ERROR] LogOutputStream:75 - [STDERR_REDIRECT] 
2026-03-06 12:08:17,474 [ERROR] LogOutputStream:75 - [STDERR_REDIRECT] [Fatal Error] :1:1: Premature end of file.
2026-03-06 12:08:17,474 [ERROR] LogOutputStream:75 - [STDERR_REDIRECT] 
2026-03-06 12:08:18,448 [ERROR] LogOutputStream:75 - [STDERR_REDIRECT] [Fatal Error] :1:1: Premature end of file.
2026-03-06 12:08:18,451 [ERROR] LogOutputStream:75 - [STDERR_REDIRECT] 
2026-03-06 12:08:19,449 [ERROR] LogOutputStream:75 - [STDERR_REDIRECT] [Fatal Error] :1:1: Premature end of file.
2026-03-06 12:08:19,449 [ERROR] LogOutputStream:75 - [STDERR_REDIRECT] 
2026-03-06 12:08:20,460 [ERROR] LogOutputStream:75 - [STDERR_REDIRECT] [Fatal Error] :1:1: Premature end of file.
2026-03-06 12:08:20,460 [ERROR] LogOutputStream:75 - [STDERR_REDIRECT] 
2026-03-06 12:08:21,438 [ERROR] LogOutputStream:75 - [STDERR_REDIRECT] [Fatal Error] :1:1: Premature end of file.
2026-03-06 12:08:21,438 [ERROR] LogOutputStream:75 - [STDERR_REDIRECT] 
2026-03-06 12:08:22,451 [ERROR] LogOutputStream:75 - [STDERR_REDIRECT] [Fatal Error] :1:1: Premature end of file.
2026-03-06 12:08:22,451 [ERROR] LogOutputStream:75 - [STDERR_REDIRECT] 
2026-03-06 12:08:23,444 [ERROR] LogOutputStream:75 - [STDERR_REDIRECT] [Fatal Error] :1:1: Premature end of file.
2026-03-06 12:08:23,444 [ERROR] LogOutputStream:75 - [STDERR_REDIRECT] 
2026-03-06 12:08:24,475 [ERROR] LogOutputStream:75 - [STDERR_REDIRECT] [Fatal Error] :1:1: Premature end of file.
2026-03-06 12:08:24,475 [ERROR] LogOutputStream:75 - [STDERR_REDIRECT] 
2026-03-06 12:08:25,450 [ERROR] LogOutputStream:75 - [STDERR_REDIRECT] [Fatal Error] :1:1: Premature end of file.
2026-03-06 12:08:25,450 [ERROR] LogOutputStream:75 - [STDERR_REDIRECT] 
2026-03-06 12:08:26,445 [ERROR] LogOutputStream:75 - [STDERR_REDIRECT] [Fatal Error] :1:1: Premature end of file.
2026-03-06 12:08:26,445 [ERROR] LogOutputStream:75 - [STDERR_REDIRECT] 
2026-03-06 12:08:27,443 [ERROR] LogOutputStream:75 - [STDERR_REDIRECT] [Fatal Error] :1:1: Premature end of file.
2026-03-06 12:08:27,443 [ERROR] LogOutputStream:75 - [STDERR_REDIRECT] 
2026-03-06 12:08:28,443 [ERROR] LogOutputStream:75 - [STDERR_REDIRECT] [Fatal Error] :1:1: Premature end of file.
2026-03-06 12:08:28,443 [ERROR] LogOutputStream:75 - [STDERR_REDIRECT] 
2026-03-06 12:08:29,446 [ERROR] LogOutputStream:75 - [STDERR_REDIRECT] [Fatal Error] :1:1: Premature end of file.
2026-03-06 12:08:29,446 [ERROR] LogOutputStream:75 - [STDERR_REDIRECT] 
2026-03-06 12:08:30,438 [ERROR] LogOutputStream:75 - [STDERR_REDIRECT] [Fatal Error] :1:1: Premature end of file.
2026-03-06 12:08:30,438 [ERROR] LogOutputStream:75 - [STDERR_REDIRECT] 
2026-03-06 12:08:31,450 [ERROR] LogOutputStream:75 - [STDERR_REDIRECT] [Fatal Error] :1:1: Premature end of file.
2026-03-06 12:08:31,450 [ERROR] LogOutputStream:75 - [STDERR_REDIRECT] 
2026-03-06 12:08:32,442 [ERROR] LogOutputStream:75 - [STDERR_REDIRECT] [Fatal Error] :1:1: Premature end of file.
2026-03-06 12:08:32,442 [ERROR] LogOutputStream:75 - [STDERR_REDIRECT] 
2026-03-06 12:08:33,464 [ERROR] LogOutputStream:75 - [STDERR_REDIRECT] [Fatal Error] :1:1: Premature end of file.
2026-03-06 12:08:33,464 [ERROR] LogOutputStream:75 - [STDERR_REDIRECT] 
2026-03-06 12:08:34,446 [ERROR] LogOutputStream:75 - [STDERR_REDIRECT] [Fatal Error] :1:1: Premature end of file.
2026-03-06 12:08:34,446 [ERROR] LogOutputStream:75 - [STDERR_REDIRECT] 
2026-03-06 12:08:35,443 [ERROR] LogOutputStream:75 - [STDERR_REDIRECT] [Fatal Error] :1:1: Premature end of file.
2026-03-06 12:08:35,443 [ERROR] LogOutputStream:75 - [STDERR_REDIRECT] 
2026-03-06 12:08:36,435 [ERROR] LogOutputStream:75 - [STDERR_REDIRECT] [Fatal Error] :1:1: Premature end of file.
2026-03-06 12:08:36,435 [ERROR] LogOutputStream:75 - [STDERR_REDIRECT] 
2026-03-06 12:08:37,451 [ERROR] LogOutputStream:75 - [STDERR_REDIRECT] [Fatal Error] :1:1: Premature end of file.
2026-03-06 12:08:37,451 [ERROR] LogOutputStream:75 - [STDERR_REDIRECT] 
2026-03-06 12:08:38,443 [ERROR] LogOutputStream:75 - [STDERR_REDIRECT] [Fatal Error] :1:1: Premature end of file.
2026-03-06 12:08:38,443 [ERROR] LogOutputStream:75 - [STDERR_REDIRECT] 
2026-03-06 12:08:39,438 [ERROR] LogOutputStream:75 - [STDERR_REDIRECT] [Fatal Error] :1:1: Premature end of file.
2026-03-06 12:08:39,438 [ERROR] LogOutputStream:75 - [STDERR_REDIRECT] 
2026-03-06 12:08:40,440 [ERROR] LogOutputStream:75 - [STDERR_REDIRECT] [Fatal Error] :1:1: Premature end of file.
2026-03-06 12:08:40,440 [ERROR] LogOutputStream:75 - [STDERR_REDIRECT] 
2026-03-06 12:08:41,437 [ERROR] LogOutputStream:75 - [STDERR_REDIRECT] [Fatal Error] :1:1: Premature end of file.
2026-03-06 12:08:41,437 [ERROR] LogOutputStream:75 - [STDERR_REDIRECT] 
2026-03-06 12:08:42,437 [ERROR] LogOutputStream:75 - [STDERR_REDIRECT] [Fatal Error] :1:1: Premature end of file.
2026-03-06 12:08:42,437 [ERROR] LogOutputStream:75 - [STDERR_REDIRECT] 
2026-03-06 12:08:43,443 [ERROR] LogOutputStream:75 - [STDERR_REDIRECT] [Fatal Error] :1:1: Premature end of file.
2026-03-06 12:08:43,443 [ERROR] LogOutputStream:75 - [STDERR_REDIRECT] 
2026-03-06 12:08:44,442 [ERROR] LogOutputStream:75 - [STDERR_REDIRECT] [Fatal Error] :1:1: Premature end of file.
2026-03-06 12:08:44,442 [ERROR] LogOutputStream:75 - [STDERR_REDIRECT] 
2026-03-06 12:08:45,430 [ERROR] LogOutputStream:75 - [STDERR_REDIRECT] [Fatal Error] :1:1: Premature end of file.
2026-03-06 12:08:45,430 [ERROR] LogOutputStream:75 - [STDERR_REDIRECT] 
2026-03-06 12:08:46,446 [ERROR] LogOutputStream:75 - [STDERR_REDIRECT] [Fatal Error] :1:1: Premature end of file.
2026-03-06 12:08:46,446 [ERROR] LogOutputStream:75 - [STDERR_REDIRECT] 
2026-03-06 12:08:47,436 [ERROR] LogOutputStream:75 - [STDERR_REDIRECT] [Fatal Error] :1:1: Premature end of file.
2026-03-06 12:08:47,436 [ERROR] LogOutputStream:75 - [STDERR_REDIRECT] 
2026-03-06 12:08:48,445 [ERROR] LogOutputStream:75 - [STDERR_REDIRECT] [Fatal Error] :1:1: Premature end of file.
2026-03-06 12:08:48,445 [ERROR] LogOutputStream:75 - [STDERR_REDIRECT] 
2026-03-06 12:08:49,444 [ERROR] LogOutputStream:75 - [STDERR_REDIRECT] [Fatal Error] :1:1: Premature end of file.
2026-03-06 12:08:49,444 [ERROR] LogOutputStream:75 - [STDERR_REDIRECT] 
2026-03-06 12:08:50,440 [ERROR] LogOutputStream:75 - [STDERR_REDIRECT] [Fatal Error] :1:1: Premature end of file.
2026-03-06 12:08:50,440 [ERROR] LogOutputStream:75 - [STDERR_REDIRECT] 
2026-03-06 12:08:51,446 [ERROR] LogOutputStream:75 - [STDERR_REDIRECT] [Fatal Error] :1:1: Premature end of file.
2026-03-06 12:08:51,446 [ERROR] LogOutputStream:75 - [STDERR_REDIRECT] 
2026-03-06 12:08:52,456 [ERROR] LogOutputStream:75 - [STDERR_REDIRECT] [Fatal Error] :1:1: Premature end of file.
2026-03-06 12:08:52,457 [ERROR] LogOutputStream:75 - [STDERR_REDIRECT] 
2026-03-06 12:08:53,468 [ERROR] LogOutputStream:75 - [STDERR_REDIRECT] [Fatal Error] :1:1: Premature end of file.
2026-03-06 12:08:53,468 [ERROR] LogOutputStream:75 - [STDERR_REDIRECT] 
2026-03-06 12:08:54,445 [ERROR] LogOutputStream:75 - [STDERR_REDIRECT] [Fatal Error] :1:1: Premature end of file.
2026-03-06 12:08:54,445 [ERROR] LogOutputStream:75 - [STDERR_REDIRECT] 
2026-03-06 12:08:55,438 [ERROR] LogOutputStream:75 - [STDERR_REDIRECT] [Fatal Error] :1:1: Premature end of file.
2026-03-06 12:08:55,438 [ERROR] LogOutputStream:75 - [STDERR_REDIRECT] 
2026-03-06 12:08:56,445 [ERROR] LogOutputStream:75 - [STDERR_REDIRECT] [Fatal Error] :1:1: Premature end of file.
2026-03-06 12:08:56,446 [ERROR] LogOutputStream:75 - [STDERR_REDIRECT] 
2026-03-06 12:08:57,459 [ERROR] LogOutputStream:75 - [STDERR_REDIRECT] [Fatal Error] :1:1: Premature end of file.
2026-03-06 12:08:57,459 [ERROR] LogOutputStream:75 - [STDERR_REDIRECT] 
2026-03-06 12:08:58,458 [ERROR] LogOutputStream:75 - [STDERR_REDIRECT] [Fatal Error] :1:1: Premature end of file.
2026-03-06 12:08:58,458 [ERROR] LogOutputStream:75 - [STDERR_REDIRECT] 
2026-03-06 12:08:59,446 [ERROR] LogOutputStream:75 - [STDERR_REDIRECT] [Fatal Error] :1:1: Premature end of file.
2026-03-06 12:08:59,446 [ERROR] LogOutputStream:75 - [STDERR_REDIRECT] 
2026-03-06 12:09:00,456 [ERROR] LogOutputStream:75 - [STDERR_REDIRECT] [Fatal Error] :1:1: Premature end of file.
2026-03-06 12:09:00,457 [ERROR] LogOutputStream:75 - [STDERR_REDIRECT] 
2026-03-06 12:09:01,456 [ERROR] LogOutputStream:75 - [STDERR_REDIRECT] [Fatal Error] :1:1: Premature end of file.
2026-03-06 12:09:01,457 [ERROR] LogOutputStream:75 - [STDERR_REDIRECT] 
2026-03-06 12:09:02,455 [ERROR] LogOutputStream:75 - [STDERR_REDIRECT] [Fatal Error] :1:1: Premature end of file.
2026-03-06 12:09:02,455 [ERROR] LogOutputStream:75 - [STDERR_REDIRECT] 
2026-03-06 12:09:03,460 [ERROR] LogOutputStream:75 - [STDERR_REDIRECT] [Fatal Error] :1:1: Premature end of file.
2026-03-06 12:09:03,460 [ERROR] LogOutputStream:75 - [STDERR_REDIRECT] 
2026-03-06 12:09:04,461 [ERROR] LogOutputStream:75 - [STDERR_REDIRECT] [Fatal Error] :1:1: Premature end of file.
2026-03-06 12:09:04,461 [ERROR] LogOutputStream:75 - [STDERR_REDIRECT] 
2026-03-06 12:09:05,452 [ERROR] LogOutputStream:75 - [STDERR_REDIRECT] [Fatal Error] :1:1: Premature end of file.
2026-03-06 12:09:05,452 [ERROR] LogOutputStream:75 - [STDERR_REDIRECT] 
2026-03-06 12:09:06,447 [ERROR] LogOutputStream:75 - [STDERR_REDIRECT] [Fatal Error] :1:1: Premature end of file.
2026-03-06 12:09:06,447 [ERROR] LogOutputStream:75 - [STDERR_REDIRECT] 
2026-03-06 12:09:07,461 [ERROR] LogOutputStream:75 - [STDERR_REDIRECT] [Fatal Error] :1:1: Premature end of file.
2026-03-06 12:09:07,461 [ERROR] LogOutputStream:75 - [STDERR_REDIRECT] 
2026-03-06 12:09:08,464 [ERROR] LogOutputStream:75 - [STDERR_REDIRECT] [Fatal Error] :1:1: Premature end of file.
2026-03-06 12:09:08,464 [ERROR] LogOutputStream:75 - [STDERR_REDIRECT] 
2026-03-06 12:09:09,446 [ERROR] LogOutputStream:75 - [STDERR_REDIRECT] [Fatal Error] :1:1: Premature end of file.
2026-03-06 12:09:09,446 [ERROR] LogOutputStream:75 - [STDERR_REDIRECT] 
2026-03-06 12:09:10,461 [ERROR] LogOutputStream:75 - [STDERR_REDIRECT] [Fatal Error] :1:1: Premature end of file.
2026-03-06 12:09:10,461 [ERROR] LogOutputStream:75 - [STDERR_REDIRECT] 
2026-03-06 12:09:11,456 [ERROR] LogOutputStream:75 - [STDERR_REDIRECT] [Fatal Error] :1:1: Premature end of file.
2026-03-06 12:09:11,456 [ERROR] LogOutputStream:75 - [STDERR_REDIRECT] 
2026-03-06 12:09:12,458 [ERROR] LogOutputStream:75 - [STDERR_REDIRECT] [Fatal Error] :1:1: Premature end of file.
2026-03-06 12:09:12,458 [ERROR] LogOutputStream:75 - [STDERR_REDIRECT] 
2026-03-06 12:09:13,456 [ERROR] LogOutputStream:75 - [STDERR_REDIRECT] [Fatal Error] :1:1: Premature end of file.
2026-03-06 12:09:13,456 [ERROR] LogOutputStream:75 - [STDERR_REDIRECT] 
2026-03-06 12:09:14,463 [ERROR] LogOutputStream:75 - [STDERR_REDIRECT] [Fatal Error] :1:1: Premature end of file.
2026-03-06 12:09:14,463 [ERROR] LogOutputStream:75 - [STDERR_REDIRECT] 
2026-03-06 12:09:15,457 [ERROR] LogOutputStream:75 - [STDERR_REDIRECT] [Fatal Error] :1:1: Premature end of file.
2026-03-06 12:09:15,457 [ERROR] LogOutputStream:75 - [STDERR_REDIRECT] 
2026-03-06 12:09:16,454 [ERROR] LogOutputStream:75 - [STDERR_REDIRECT] [Fatal Error] :1:1: Premature end of file.
2026-03-06 12:09:16,454 [ERROR] LogOutputStream:75 - [STDERR_REDIRECT] 
2026-03-06 12:09:17,459 [ERROR] LogOutputStream:75 - [STDERR_REDIRECT] [Fatal Error] :1:1: Premature end of file.
2026-03-06 12:09:17,459 [ERROR] LogOutputStream:75 - [STDERR_REDIRECT] 
2026-03-06 12:09:18,451 [ERROR] LogOutputStream:75 - [STDERR_REDIRECT] [Fatal Error] :1:1: Premature end of file.
2026-03-06 12:09:18,451 [ERROR] LogOutputStream:75 - [STDERR_REDIRECT] 
2026-03-06 12:09:19,454 [ERROR] LogOutputStream:75 - [STDERR_REDIRECT] [Fatal Error] :1:1: Premature end of file.
2026-03-06 12:09:19,454 [ERROR] LogOutputStream:75 - [STDERR_REDIRECT] 
2026-03-06 12:09:20,477 [ERROR] LogOutputStream:75 - [STDERR_REDIRECT] [Fatal Error] :1:1: Premature end of file.
2026-03-06 12:09:20,478 [ERROR] LogOutputStream:75 - [STDERR_REDIRECT] 
2026-03-06 12:09:21,469 [ERROR] LogOutputStream:75 - [STDERR_REDIRECT] [Fatal Error] :1:1: Premature end of file.
2026-03-06 12:09:21,470 [ERROR] LogOutputStream:75 - [STDERR_REDIRECT] 
2026-03-06 12:09:22,457 [ERROR] LogOutputStream:75 - [STDERR_REDIRECT] [Fatal Error] :1:1: Premature end of file.
2026-03-06 12:09:22,457 [ERROR] LogOutputStream:75 - [STDERR_REDIRECT] 
2026-03-06 12:09:23,451 [ERROR] LogOutputStream:75 - [STDERR_REDIRECT] [Fatal Error] :1:1: Premature end of file.
2026-03-06 12:09:23,451 [ERROR] LogOutputStream:75 - [STDERR_REDIRECT] 
2026-03-06 12:09:24,460 [ERROR] LogOutputStream:75 - [STDERR_REDIRECT] [Fatal Error] :1:1: Premature end of file.
2026-03-06 12:09:24,461 [ERROR] LogOutputStream:75 - [STDERR_REDIRECT] 
2026-03-06 12:09:25,456 [ERROR] LogOutputStream:75 - [STDERR_REDIRECT] [Fatal Error] :1:1: Premature end of file.
2026-03-06 12:09:25,457 [ERROR] LogOutputStream:75 - [STDERR_REDIRECT] 
2026-03-06 12:09:26,480 [ERROR] LogOutputStream:75 - [STDERR_REDIRECT] [Fatal Error] :1:1: Premature end of file.
2026-03-06 12:09:26,480 [ERROR] LogOutputStream:75 - [STDERR_REDIRECT] 
2026-03-06 12:09:27,450 [ERROR] LogOutputStream:75 - [STDERR_REDIRECT] [Fatal Error] :1:1: Premature end of file.
2026-03-06 12:09:27,450 [ERROR] LogOutputStream:75 - [STDERR_REDIRECT] 
2026-03-06 12:09:28,455 [ERROR] LogOutputStream:75 - [STDERR_REDIRECT] [Fatal Error] :1:1: Premature end of file.
2026-03-06 12:09:28,455 [ERROR] LogOutputStream:75 - [STDERR_REDIRECT] 
2026-03-06 12:09:29,448 [ERROR] LogOutputStream:75 - [STDERR_REDIRECT] [Fatal Error] :1:1: Premature end of file.
2026-03-06 12:09:29,448 [ERROR] LogOutputStream:75 - [STDERR_REDIRECT] 
2026-03-06 12:09:30,466 [ERROR] LogOutputStream:75 - [STDERR_REDIRECT] [Fatal Error] :1:1: Premature end of file.
2026-03-06 12:09:30,466 [ERROR] LogOutputStream:75 - [STDERR_REDIRECT] 
2026-03-06 12:09:31,450 [ERROR] LogOutputStream:75 - [STDERR_REDIRECT] [Fatal Error] :1:1: Premature end of file.
2026-03-06 12:09:31,450 [ERROR] LogOutputStream:75 - [STDERR_REDIRECT] 
2026-03-06 12:09:32,461 [ERROR] LogOutputStream:75 - [STDERR_REDIRECT] [Fatal Error] :1:1: Premature end of file.
2026-03-06 12:09:32,461 [ERROR] LogOutputStream:75 - [STDERR_REDIRECT] 
2026-03-06 12:09:33,452 [ERROR] LogOutputStream:75 - [STDERR_REDIRECT] [Fatal Error] :1:1: Premature end of file.
2026-03-06 12:09:33,452 [ERROR] LogOutputStream:75 - [STDERR_REDIRECT] 
2026-03-06 12:09:34,464 [ERROR] LogOutputStream:75 - [STDERR_REDIRECT] [Fatal Error] :1:1: Premature end of file.
2026-03-06 12:09:34,464 [ERROR] LogOutputStream:75 - [STDERR_REDIRECT] 
2026-03-06 12:09:35,460 [ERROR] LogOutputStream:75 - [STDERR_REDIRECT] [Fatal Error] :1:1: Premature end of file.
2026-03-06 12:09:35,460 [ERROR] LogOutputStream:75 - [STDERR_REDIRECT] 
2026-03-06 12:09:36,463 [ERROR] LogOutputStream:75 - [STDERR_REDIRECT] [Fatal Error] :1:1: Premature end of file.
2026-03-06 12:09:36,463 [ERROR] LogOutputStream:75 - [STDERR_REDIRECT] 
2026-03-06 12:09:37,451 [ERROR] LogOutputStream:75 - [STDERR_REDIRECT] [Fatal Error] :1:1: Premature end of file.
2026-03-06 12:09:37,451 [ERROR] LogOutputStream:75 - [STDERR_REDIRECT] 
2026-03-06 12:09:38,449 [ERROR] LogOutputStream:75 - [STDERR_REDIRECT] [Fatal Error] :1:1: Premature end of file.
2026-03-06 12:09:38,450 [ERROR] LogOutputStream:75 - [STDERR_REDIRECT] 
2026-03-06 12:09:39,448 [ERROR] LogOutputStream:75 - [STDERR_REDIRECT] [Fatal Error] :1:1: Premature end of file.
2026-03-06 12:09:39,448 [ERROR] LogOutputStream:75 - [STDERR_REDIRECT] 
2026-03-06 12:09:40,454 [ERROR] LogOutputStream:75 - [STDERR_REDIRECT] [Fatal Error] :1:1: Premature end of file.
2026-03-06 12:09:40,454 [ERROR] LogOutputStream:75 - [STDERR_REDIRECT] 
2026-03-06 12:09:41,451 [ERROR] LogOutputStream:75 - [STDERR_REDIRECT] [Fatal Error] :1:1: Premature end of file.
2026-03-06 12:09:41,451 [ERROR] LogOutputStream:75 - [STDERR_REDIRECT] 
2026-03-06 12:09:42,458 [ERROR] LogOutputStream:75 - [STDERR_REDIRECT] [Fatal Error] :1:1: Premature end of file.
2026-03-06 12:09:42,458 [ERROR] LogOutputStream:75 - [STDERR_REDIRECT] 
2026-03-06 12:09:43,449 [ERROR] LogOutputStream:75 - [STDERR_REDIRECT] [Fatal Error] :1:1: Premature end of file.
2026-03-06 12:09:43,449 [ERROR] LogOutputStream:75 - [STDERR_REDIRECT] 
2026-03-06 12:09:44,457 [ERROR] LogOutputStream:75 - [STDERR_REDIRECT] [Fatal Error] :1:1: Premature end of file.
2026-03-06 12:09:44,457 [ERROR] LogOutputStream:75 - [STDERR_REDIRECT] 
2026-03-06 12:09:45,462 [ERROR] LogOutputStream:75 - [STDERR_REDIRECT] [Fatal Error] :1:1: Premature end of file.
2026-03-06 12:09:45,462 [ERROR] LogOutputStream:75 - [STDERR_REDIRECT] 
2026-03-06 12:09:46,453 [ERROR] LogOutputStream:75 - [STDERR_REDIRECT] [Fatal Error] :1:1: Premature end of file.
2026-03-06 12:09:46,453 [ERROR] LogOutputStream:75 - [STDERR_REDIRECT] 
2026-03-06 12:09:47,460 [ERROR] LogOutputStream:75 - [STDERR_REDIRECT] [Fatal Error] :1:1: Premature end of file.
2026-03-06 12:09:47,460 [ERROR] LogOutputStream:75 - [STDERR_REDIRECT] 
2026-03-06 12:09:48,451 [ERROR] LogOutputStream:75 - [STDERR_REDIRECT] [Fatal Error] :1:1: Premature end of file.
2026-03-06 12:09:48,453 [ERROR] LogOutputStream:75 - [STDERR_REDIRECT] 
2026-03-06 12:09:49,453 [ERROR] LogOutputStream:75 - [STDERR_REDIRECT] [Fatal Error] :1:1: Premature end of file.
2026-03-06 12:09:49,453 [ERROR] LogOutputStream:75 - [STDERR_REDIRECT] 
2026-03-06 12:09:50,454 [ERROR] LogOutputStream:75 - [STDERR_REDIRECT] [Fatal Error] :1:1: Premature end of file.
2026-03-06 12:09:50,456 [ERROR] LogOutputStream:75 - [STDERR_REDIRECT] 
2026-03-06 12:09:51,446 [ERROR] LogOutputStream:75 - [STDERR_REDIRECT] [Fatal Error] :1:1: Premature end of file.
2026-03-06 12:09:51,447 [ERROR] LogOutputStream:75 - [STDERR_REDIRECT] 
2026-03-06 12:09:52,454 [ERROR] LogOutputStream:75 - [STDERR_REDIRECT] [Fatal Error] :1:1: Premature end of file.
2026-03-06 12:09:52,454 [ERROR] LogOutputStream:75 - [STDERR_REDIRECT] 
2026-03-06 12:09:53,458 [ERROR] LogOutputStream:75 - [STDERR_REDIRECT] [Fatal Error] :1:1: Premature end of file.
2026-03-06 12:09:53,458 [ERROR] LogOutputStream:75 - [STDERR_REDIRECT] 
2026-03-06 12:09:54,456 [ERROR] LogOutputStream:75 - [STDERR_REDIRECT] [Fatal Error] :1:1: Premature end of file.
2026-03-06 12:09:54,456 [ERROR] LogOutputStream:75 - [STDERR_REDIRECT] 
2026-03-06 12:09:55,456 [ERROR] LogOutputStream:75 - [STDERR_REDIRECT] [Fatal Error] :1:1: Premature end of file.
2026-03-06 12:09:55,456 [ERROR] LogOutputStream:75 - [STDERR_REDIRECT] 
2026-03-06 12:09:56,446 [ERROR] LogOutputStream:75 - [STDERR_REDIRECT] [Fatal Error] :1:1: Premature end of file.
2026-03-06 12:09:56,446 [ERROR] LogOutputStream:75 - [STDERR_REDIRECT] 
2026-03-06 12:09:57,453 [ERROR] LogOutputStream:75 - [STDERR_REDIRECT] [Fatal Error] :1:1: Premature end of file.
2026-03-06 12:09:57,453 [ERROR] LogOutputStream:75 - [STDERR_REDIRECT] 
2026-03-06 12:09:58,449 [ERROR] LogOutputStream:75 - [STDERR_REDIRECT] [Fatal Error] :1:1: Premature end of file.
2026-03-06 12:09:58,449 [ERROR] LogOutputStream:75 - [STDERR_REDIRECT] 
2026-03-06 12:09:59,458 [ERROR] LogOutputStream:75 - [STDERR_REDIRECT] [Fatal Error] :1:1: Premature end of file.
2026-03-06 12:09:59,458 [ERROR] LogOutputStream:75 - [STDERR_REDIRECT] 
2026-03-06 12:10:00,455 [ERROR] LogOutputStream:75 - [STDERR_REDIRECT] [Fatal Error] :1:1: Premature end of file.
2026-03-06 12:10:00,456 [ERROR] LogOutputStream:75 - [STDERR_REDIRECT] 
2026-03-06 12:10:01,448 [ERROR] LogOutputStream:75 - [STDERR_REDIRECT] [Fatal Error] :1:1: Premature end of file.
2026-03-06 12:10:01,448 [ERROR] LogOutputStream:75 - [STDERR_REDIRECT] 
2026-03-06 12:10:02,457 [ERROR] LogOutputStream:75 - [STDERR_REDIRECT] [Fatal Error] :1:1: Premature end of file.
2026-03-06 12:10:02,457 [ERROR] LogOutputStream:75 - [STDERR_REDIRECT] 
2026-03-06 12:10:03,460 [ERROR] LogOutputStream:75 - [STDERR_REDIRECT] [Fatal Error] :1:1: Premature end of file.
2026-03-06 12:10:03,460 [ERROR] LogOutputStream:75 - [STDERR_REDIRECT] 
2026-03-06 12:10:04,444 [ERROR] LogOutputStream:75 - [STDERR_REDIRECT] [Fatal Error] :1:1: Premature end of file.
2026-03-06 12:10:04,444 [ERROR] LogOutputStream:75 - [STDERR_REDIRECT] 
2026-03-06 12:10:05,457 [ERROR] LogOutputStream:75 - [STDERR_REDIRECT] [Fatal Error] :1:1: Premature end of file.
2026-03-06 12:10:05,457 [ERROR] LogOutputStream:75 - [STDERR_REDIRECT] 
2026-03-06 12:10:06,455 [ERROR] LogOutputStream:75 - [STDERR_REDIRECT] [Fatal Error] :1:1: Premature end of file.
2026-03-06 12:10:06,455 [ERROR] LogOutputStream:75 - [STDERR_REDIRECT] 
2026-03-06 12:10:07,454 [ERROR] LogOutputStream:75 - [STDERR_REDIRECT] [Fatal Error] :1:1: Premature end of file.
2026-03-06 12:10:07,455 [ERROR] LogOutputStream:75 - [STDERR_REDIRECT] 
2026-03-06 12:10:08,442 [ERROR] LogOutputStream:75 - [STDERR_REDIRECT] [Fatal Error] :1:1: Premature end of file.
2026-03-06 12:10:08,442 [ERROR] LogOutputStream:75 - [STDERR_REDIRECT] 
2026-03-06 12:10:09,455 [ERROR] LogOutputStream:75 - [STDERR_REDIRECT] [Fatal Error] :1:1: Premature end of file.
2026-03-06 12:10:09,455 [ERROR] LogOutputStream:75 - [STDERR_REDIRECT] 
2026-03-06 12:10:10,445 [ERROR] LogOutputStream:75 - [STDERR_REDIRECT] [Fatal Error] :1:1: Premature end of file.
2026-03-06 12:10:10,445 [ERROR] LogOutputStream:75 - [STDERR_REDIRECT] 
2026-03-06 12:10:11,454 [ERROR] LogOutputStream:75 - [STDERR_REDIRECT] [Fatal Error] :1:1: Premature end of file.
2026-03-06 12:10:11,454 [ERROR] LogOutputStream:75 - [STDERR_REDIRECT] 
2026-03-06 12:10:12,445 [ERROR] LogOutputStream:75 - [STDERR_REDIRECT] [Fatal Error] :1:1: Premature end of file.
2026-03-06 12:10:12,446 [ERROR] LogOutputStream:75 - [STDERR_REDIRECT] 
2026-03-06 12:10:13,458 [ERROR] LogOutputStream:75 - [STDERR_REDIRECT] [Fatal Error] :1:1: Premature end of file.
2026-03-06 12:10:13,458 [ERROR] LogOutputStream:75 - [STDERR_REDIRECT] 
2026-03-06 12:10:14,454 [ERROR] LogOutputStream:75 - [STDERR_REDIRECT] [Fatal Error] :1:1: Premature end of file.
2026-03-06 12:10:14,454 [ERROR] LogOutputStream:75 - [STDERR_REDIRECT] 
2026-03-06 12:10:15,456 [ERROR] LogOutputStream:75 - [STDERR_REDIRECT] [Fatal Error] :1:1: Premature end of file.
2026-03-06 12:10:15,456 [ERROR] LogOutputStream:75 - [STDERR_REDIRECT] 
2026-03-06 12:10:16,455 [ERROR] LogOutputStream:75 - [STDERR_REDIRECT] [Fatal Error] :1:1: Premature end of file.
2026-03-06 12:10:16,455 [ERROR] LogOutputStream:75 - [STDERR_REDIRECT] 
2026-03-06 12:10:17,449 [ERROR] LogOutputStream:75 - [STDERR_REDIRECT] [Fatal Error] :1:1: Premature end of file.
2026-03-06 12:10:17,449 [ERROR] LogOutputStream:75 - [STDERR_REDIRECT] 
2026-03-06 12:10:18,452 [ERROR] LogOutputStream:75 - [STDERR_REDIRECT] [Fatal Error] :1:1: Premature end of file.
2026-03-06 12:10:18,452 [ERROR] LogOutputStream:75 - [STDERR_REDIRECT] 
2026-03-06 12:10:19,457 [ERROR] LogOutputStream:75 - [STDERR_REDIRECT] [Fatal Error] :1:1: Premature end of file.
2026-03-06 12:10:19,457 [ERROR] LogOutputStream:75 - [STDERR_REDIRECT] 
2026-03-06 12:10:20,453 [ERROR] LogOutputStream:75 - [STDERR_REDIRECT] [Fatal Error] :1:1: Premature end of file.
2026-03-06 12:10:20,453 [ERROR] LogOutputStream:75 - [STDERR_REDIRECT] 
2026-03-06 12:10:21,445 [ERROR] LogOutputStream:75 - [STDERR_REDIRECT] [Fatal Error] :1:1: Premature end of file.
2026-03-06 12:10:21,445 [ERROR] LogOutputStream:75 - [STDERR_REDIRECT] 
2026-03-06 12:10:22,455 [ERROR] LogOutputStream:75 - [STDERR_REDIRECT] [Fatal Error] :1:1: Premature end of file.
2026-03-06 12:10:22,455 [ERROR] LogOutputStream:75 - [STDERR_REDIRECT] 
2026-03-06 12:10:23,455 [ERROR] LogOutputStream:75 - [STDERR_REDIRECT] [Fatal Error] :1:1: Premature end of file.
2026-03-06 12:10:23,455 [ERROR] LogOutputStream:75 - [STDERR_REDIRECT] 
2026-03-06 12:10:24,449 [ERROR] LogOutputStream:75 - [STDERR_REDIRECT] [Fatal Error] :1:1: Premature end of file.
2026-03-06 12:10:24,449 [ERROR] LogOutputStream:75 - [STDERR_REDIRECT] 
2026-03-06 12:10:25,448 [ERROR] LogOutputStream:75 - [STDERR_REDIRECT] [Fatal Error] :1:1: Premature end of file.
2026-03-06 12:10:25,448 [ERROR] LogOutputStream:75 - [STDERR_REDIRECT] 
2026-03-06 12:10:26,451 [ERROR] LogOutputStream:75 - [STDERR_REDIRECT] [Fatal Error] :1:1: Premature end of file.
2026-03-06 12:10:26,451 [ERROR] LogOutputStream:75 - [STDERR_REDIRECT] 
2026-03-06 12:10:27,448 [ERROR] LogOutputStream:75 - [STDERR_REDIRECT] [Fatal Error] :1:1: Premature end of file.
2026-03-06 12:10:27,448 [ERROR] LogOutputStream:75 - [STDERR_REDIRECT] 
2026-03-06 12:10:28,451 [ERROR] LogOutputStream:75 - [STDERR_REDIRECT] [Fatal Error] :1:1: Premature end of file.
2026-03-06 12:10:28,451 [ERROR] LogOutputStream:75 - [STDERR_REDIRECT] 
2026-03-06 12:10:29,451 [ERROR] LogOutputStream:75 - [STDERR_REDIRECT] [Fatal Error] :1:1: Premature end of file.
2026-03-06 12:10:29,451 [ERROR] LogOutputStream:75 - [STDERR_REDIRECT] 
2026-03-06 12:10:30,451 [ERROR] LogOutputStream:75 - [STDERR_REDIRECT] [Fatal Error] :1:1: Premature end of file.
2026-03-06 12:10:30,451 [ERROR] LogOutputStream:75 - [STDERR_REDIRECT] 
2026-03-06 12:10:31,451 [ERROR] LogOutputStream:75 - [STDERR_REDIRECT] [Fatal Error] :1:1: Premature end of file.
2026-03-06 12:10:31,451 [ERROR] LogOutputStream:75 - [STDERR_REDIRECT] 
2026-03-06 12:10:32,445 [ERROR] LogOutputStream:75 - [STDERR_REDIRECT] [Fatal Error] :1:1: Premature end of file.
2026-03-06 12:10:32,445 [ERROR] LogOutputStream:75 - [STDERR_REDIRECT] 
2026-03-06 12:10:33,458 [ERROR] LogOutputStream:75 - [STDERR_REDIRECT] [Fatal Error] :1:1: Premature end of file.
2026-03-06 12:10:33,458 [ERROR] LogOutputStream:75 - [STDERR_REDIRECT] 
2026-03-06 12:10:34,459 [ERROR] LogOutputStream:75 - [STDERR_REDIRECT] [Fatal Error] :1:1: Premature end of file.
2026-03-06 12:10:34,459 [ERROR] LogOutputStream:75 - [STDERR_REDIRECT] 
2026-03-06 12:10:35,463 [ERROR] LogOutputStream:75 - [STDERR_REDIRECT] [Fatal Error] :1:1: Premature end of file.
2026-03-06 12:10:35,463 [ERROR] LogOutputStream:75 - [STDERR_REDIRECT] 
2026-03-06 12:10:36,445 [ERROR] LogOutputStream:75 - [STDERR_REDIRECT] [Fatal Error] :1:1: Premature end of file.
2026-03-06 12:10:36,445 [ERROR] LogOutputStream:75 - [STDERR_REDIRECT] 
2026-03-06 12:10:37,458 [ERROR] LogOutputStream:75 - [STDERR_REDIRECT] [Fatal Error] :1:1: Premature end of file.
2026-03-06 12:10:37,458 [ERROR] LogOutputStream:75 - [STDERR_REDIRECT] 
2026-03-06 12:10:38,456 [ERROR] LogOutputStream:75 - [STDERR_REDIRECT] [Fatal Error] :1:1: Premature end of file.
2026-03-06 12:10:38,456 [ERROR] LogOutputStream:75 - [STDERR_REDIRECT] 
2026-03-06 12:10:39,453 [ERROR] LogOutputStream:75 - [STDERR_REDIRECT] [Fatal Error] :1:1: Premature end of file.
2026-03-06 12:10:39,453 [ERROR] LogOutputStream:75 - [STDERR_REDIRECT] 
2026-03-06 12:10:40,455 [ERROR] LogOutputStream:75 - [STDERR_REDIRECT] [Fatal Error] :1:1: Premature end of file.
2026-03-06 12:10:40,455 [ERROR] LogOutputStream:75 - [STDERR_REDIRECT] 
2026-03-06 12:10:41,463 [ERROR] LogOutputStream:75 - [STDERR_REDIRECT] [Fatal Error] :1:1: Premature end of file.
2026-03-06 12:10:41,463 [ERROR] LogOutputStream:75 - [STDERR_REDIRECT] 
2026-03-06 12:10:42,447 [ERROR] LogOutputStream:75 - [STDERR_REDIRECT] [Fatal Error] :1:1: Premature end of file.
2026-03-06 12:10:42,447 [ERROR] LogOutputStream:75 - [STDERR_REDIRECT] 
2026-03-06 12:10:43,446 [ERROR] LogOutputStream:75 - [STDERR_REDIRECT] [Fatal Error] :1:1: Premature end of file.
2026-03-06 12:10:43,447 [ERROR] LogOutputStream:75 - [STDERR_REDIRECT] 
2026-03-06 12:10:44,453 [ERROR] LogOutputStream:75 - [STDERR_REDIRECT] [Fatal Error] :1:1: Premature end of file.
2026-03-06 12:10:44,454 [ERROR] LogOutputStream:75 - [STDERR_REDIRECT] 
2026-03-06 12:10:45,447 [ERROR] LogOutputStream:75 - [STDERR_REDIRECT] [Fatal Error] :1:1: Premature end of file.
2026-03-06 12:10:45,447 [ERROR] LogOutputStream:75 - [STDERR_REDIRECT] 
2026-03-06 12:10:46,448 [ERROR] LogOutputStream:75 - [STDERR_REDIRECT] [Fatal Error] :1:1: Premature end of file.
2026-03-06 12:10:46,448 [ERROR] LogOutputStream:75 - [STDERR_REDIRECT] 
2026-03-06 12:10:47,445 [ERROR] LogOutputStream:75 - [STDERR_REDIRECT] [Fatal Error] :1:1: Premature end of file.
2026-03-06 12:10:47,445 [ERROR] LogOutputStream:75 - [STDERR_REDIRECT] 
2026-03-06 12:10:48,462 [ERROR] LogOutputStream:75 - [STDERR_REDIRECT] [Fatal Error] :1:1: Premature end of file.
2026-03-06 12:10:48,462 [ERROR] LogOutputStream:75 - [STDERR_REDIRECT] 
2026-03-06 12:10:49,473 [ERROR] LogOutputStream:75 - [STDERR_REDIRECT] [Fatal Error] :1:1: Premature end of file.
2026-03-06 12:10:49,473 [ERROR] LogOutputStream:75 - [STDERR_REDIRECT] 
2026-03-06 12:10:50,451 [ERROR] LogOutputStream:75 - [STDERR_REDIRECT] [Fatal Error] :1:1: Premature end of file.
2026-03-06 12:10:50,452 [ERROR] LogOutputStream:75 - [STDERR_REDIRECT] 
2026-03-06 12:10:51,452 [ERROR] LogOutputStream:75 - [STDERR_REDIRECT] [Fatal Error] :1:1: Premature end of file.
2026-03-06 12:10:51,453 [ERROR] LogOutputStream:75 - [STDERR_REDIRECT] 
2026-03-06 12:10:52,448 [ERROR] LogOutputStream:75 - [STDERR_REDIRECT] [Fatal Error] :1:1: Premature end of file.
2026-03-06 12:10:52,448 [ERROR] LogOutputStream:75 - [STDERR_REDIRECT] 
2026-03-06 12:10:53,454 [ERROR] LogOutputStream:75 - [STDERR_REDIRECT] [Fatal Error] :1:1: Premature end of file.
2026-03-06 12:10:53,454 [ERROR] LogOutputStream:75 - [STDERR_REDIRECT] 
2026-03-06 12:10:54,441 [ERROR] LogOutputStream:75 - [STDERR_REDIRECT] [Fatal Error] :1:1: Premature end of file.
2026-03-06 12:10:54,441 [ERROR] LogOutputStream:75 - [STDERR_REDIRECT] 
2026-03-06 12:10:55,479 [ERROR] LogOutputStream:75 - [STDERR_REDIRECT] [Fatal Error] :1:1: Premature end of file.
2026-03-06 12:10:55,479 [ERROR] LogOutputStream:75 - [STDERR_REDIRECT] 
2026-03-06 12:10:56,457 [ERROR] LogOutputStream:75 - [STDERR_REDIRECT] [Fatal Error] :1:1: Premature end of file.
2026-03-06 12:10:56,457 [ERROR] LogOutputStream:75 - [STDERR_REDIRECT] 
2026-03-06 12:10:57,449 [ERROR] LogOutputStream:75 - [STDERR_REDIRECT] [Fatal Error] :1:1: Premature end of file.
2026-03-06 12:10:57,449 [ERROR] LogOutputStream:75 - [STDERR_REDIRECT] 
2026-03-06 12:10:58,436 [ERROR] LogOutputStream:75 - [STDERR_REDIRECT] [Fatal Error] :1:1: Premature end of file.
2026-03-06 12:10:58,436 [ERROR] LogOutputStream:75 - [STDERR_REDIRECT] 
2026-03-06 12:10:59,447 [ERROR] LogOutputStream:75 - [STDERR_REDIRECT] [Fatal Error] :1:1: Premature end of file.
2026-03-06 12:10:59,447 [ERROR] LogOutputStream:75 - [STDERR_REDIRECT] 
2026-03-06 12:11:00,430 [ERROR] LogOutputStream:75 - [STDERR_REDIRECT] [Fatal Error] :1:1: Premature end of file.
2026-03-06 12:11:00,430 [ERROR] LogOutputStream:75 - [STDERR_REDIRECT] 
2026-03-06 12:11:01,437 [ERROR] LogOutputStream:75 - [STDERR_REDIRECT] [Fatal Error] :1:1: Premature end of file.
2026-03-06 12:11:01,437 [ERROR] LogOutputStream:75 - [STDERR_REDIRECT] 
2026-03-06 12:11:02,492 [ERROR] LogOutputStream:75 - [STDERR_REDIRECT] [Fatal Error] :1:1: Premature end of file.
2026-03-06 12:11:02,492 [ERROR] LogOutputStream:75 - [STDERR_REDIRECT] 
2026-03-06 12:11:03,454 [ERROR] LogOutputStream:75 - [STDERR_REDIRECT] [Fatal Error] :1:1: Premature end of file.
2026-03-06 12:11:03,454 [ERROR] LogOutputStream:75 - [STDERR_REDIRECT] 
2026-03-06 12:11:04,442 [ERROR] LogOutputStream:75 - [STDERR_REDIRECT] [Fatal Error] :1:1: Premature end of file.
2026-03-06 12:11:04,442 [ERROR] LogOutputStream:75 - [STDERR_REDIRECT] 
2026-03-06 12:11:05,474 [ERROR] LogOutputStream:75 - [STDERR_REDIRECT] [Fatal Error] :1:1: Premature end of file.
2026-03-06 12:11:05,474 [ERROR] LogOutputStream:75 - [STDERR_REDIRECT] 
2026-03-06 12:11:06,441 [ERROR] LogOutputStream:75 - [STDERR_REDIRECT] [Fatal Error] :1:1: Premature end of file.
2026-03-06 12:11:06,441 [ERROR] LogOutputStream:75 - [STDERR_REDIRECT] 
2026-03-06 12:11:07,436 [ERROR] LogOutputStream:75 - [STDERR_REDIRECT] [Fatal Error] :1:1: Premature end of file.
2026-03-06 12:11:07,436 [ERROR] LogOutputStream:75 - [STDERR_REDIRECT] 
2026-03-06 12:11:08,443 [ERROR] LogOutputStream:75 - [STDERR_REDIRECT] [Fatal Error] :1:1: Premature end of file.
2026-03-06 12:11:08,443 [ERROR] LogOutputStream:75 - [STDERR_REDIRECT] 
2026-03-06 12:11:09,442 [ERROR] LogOutputStream:75 - [STDERR_REDIRECT] [Fatal Error] :1:1: Premature end of file.
2026-03-06 12:11:09,442 [ERROR] LogOutputStream:75 - [STDERR_REDIRECT] 
2026-03-06 12:11:09,977 [ERROR] ConfigurationRetriever:142 - IOException on connection: Read timed out
2026-03-06 12:11:10,456 [ERROR] LogOutputStream:75 - [STDERR_REDIRECT] [Fatal Error] :1:1: Premature end of file.
2026-03-06 12:11:10,456 [ERROR] LogOutputStream:75 - [STDERR_REDIRECT] 
2026-03-06 12:11:11,477 [ERROR] LogOutputStream:75 - [STDERR_REDIRECT] [Fatal Error] :1:1: Premature end of file.
2026-03-06 12:11:11,477 [ERROR] LogOutputStream:75 - [STDERR_REDIRECT] 
2026-03-06 12:11:11,827 [ERROR] LogOutputStream:75 - [STDERR_REDIRECT] 
